-3.5469463;42.6406097
-3.5466812;42.6407471
-3.5525486;42.6218796
-3.5525260;42.6219406
-3.5526166;42.6217003
-3.6200354;42.6238480
-3.6199336;42.6238708
-3.5525270;42.6251335
-3.5525072;42.6252251
-3.6126757;42.6254539
-3.6124516;42.6254921
-3.5818093;42.6237259
-3.5814166;42.6237526
-3.5817864;42.6230469
-3.5810659;42.6228027
-3.5815015;42.6231499
-3.5809233;42.6226349
-3.5802009;42.6224976
-3.5799005;42.6223373
-3.5777950;42.6242943
-3.5779161;42.6236420
-3.5520034;42.6179581
-3.5519233;42.6180725
-3.6069019;42.5992393
-3.6059470;42.5984764
-3.6066790;42.5999069
-3.6066151;42.5999985
-3.6063702;42.6024628
-3.6081090;42.6040993
-3.6189950;42.6060219
-3.6252959;42.6078224
-3.6318111;42.6090279
-3.6334033;42.6091957
-3.6331599;42.6092949
-3.6334524;42.6095390
-3.6334651;42.6093636
-3.6334262;42.6099014
-3.6338475;42.6098518
-3.6335409;42.6099434
-3.6334217;42.6099625
-3.6332562;42.6125450
-3.6331747;42.6135178
-3.6328201;42.6149864
-3.5523243;42.6158409
-3.5523453;42.6153641
-3.5527575;42.6162415
-3.5529993;42.6161308
-3.5528004;42.6163445
-3.5532303;42.6164398
-3.5525420;42.6167259
-3.5509369;42.6171036
-3.5517499;42.6171188
-3.5521660;42.6172028
-3.5520902;42.6172523
-3.5519793;42.6172562
-3.5524337;42.6174088
-3.5522270;42.6175003
-3.5520067;42.6175461
-3.5518739;42.6175842
-3.5517395;42.6178627
-3.5513959;42.6178131
-3.5669017;42.6182823
-3.5538359;42.6183472
-3.5530248;42.6185493
-3.5708284;42.6210213
-3.5842192;42.6224899
-3.5837927;42.6225624
-3.5813227;42.6224594
-3.5826187;42.6228752
-3.5805531;42.6228981
-3.5818870;42.6231003
-3.5817549;42.6231575
-3.6258326;42.6229019
-3.6222370;42.6233063
-3.6222010;42.6233177
-3.5813069;42.6233330
-3.5811949;42.6233368
-3.5809834;42.6233406
-3.5797272;42.6233673
-3.5796335;42.6233711
-3.5818007;42.6233711
-3.5823512;42.6233864
-3.5789614;42.6233978
-3.5811903;42.6234398
-3.5818169;42.6234627
-3.5782065;42.6234970
-3.5825253;42.6235008
-3.5796902;42.6236076
-3.5802860;42.6236496
-3.5820942;42.6236572
-3.5812259;42.6236877
-3.5793319;42.6236954
-3.5823617;42.6236992
-3.5797150;42.6237144
-3.5741010;42.6237259
-3.5785220;42.6237030
-3.5799589;42.6237640
-3.5817513;42.6238518
-3.5816395;42.6238632
-3.5821695;42.6239052
-3.5815096;42.6239548
-3.5746117;42.6240044
-3.5808966;42.6240387
-3.5751505;42.6242371
-3.6024499;42.6250610
-3.6022151;42.6250038
-3.5939386;42.6251068
-3.6027930;42.6251755
-3.6042109;42.6259842
-3.6100492;42.6260262
-3.6098106;42.6260681
-3.5481005;42.6261787
-3.6026669;42.6566696
-3.6000295;42.6573143
-3.5946937;42.6586227
-3.5935669;42.6588936
-3.4920161;42.7423859
-3.4919147;42.7423973
-3.5122926;42.7093010
-3.5065222;42.7106972
-3.4933162;42.7123222
-3.4886553;42.7093811
-3.5047610;42.7127113
-3.4956167;42.7138519
-3.5040498;42.7144623
-3.4965038;42.7147789
-3.5038645;42.7150574
-3.5042830;42.7145691
-3.5005906;42.7156677
-3.5038052;42.7156830
-3.5042939;42.7156792
-3.5008895;42.7157745
-3.5021372;42.7159119
-3.5015936;42.7160110
-3.5018668;42.7160721
-3.5029202;42.7160912
-3.5033550;42.7156219
-3.5027649;42.7160721
-3.5031192;42.7161636
-3.5034306;42.7157059
-3.5028954;42.7162476
-3.5025375;42.7162933
-3.5035357;42.7163124
-3.5039513;42.7162781
-3.5034444;42.7163277
-3.5031042;42.7163391
-3.5033059;42.7163696
-3.5028722;42.7164001
-3.5020056;42.7164116
-3.5020621;42.7165108
-3.5025439;42.7165298
-3.5023813;42.7165794
-3.5027814;42.7166862
-3.5032303;42.7167435
-3.5027189;42.7168694
-3.5022299;42.7169380
-3.5038972;42.7170563
-3.5021744;42.7172737
-3.5023980;42.7173424
-3.5027225;42.7185745
-3.5037997;42.7201576
-3.5041268;42.7209587
-3.5051219;42.7229004
-3.5055485;42.7230682
-3.5061066;42.7228851
-3.5058548;42.7231636
-3.5055847;42.7232742
-3.5057502;42.7233429
-3.5058668;42.7233925
-3.5063913;42.7233925
-3.5079300;42.7236938
-3.5105934;42.7235832
-3.5058222;42.7242126
-3.5163789;42.7249641
-3.5059140;42.7253342
-3.5086937;42.7283058
-3.5083992;42.7300644
-3.5083759;42.7305565
-3.5083575;42.7310257
-3.5079777;42.7306900
-3.5083408;42.7312088
-3.5092230;42.7312431
-3.5103762;42.7312050
-3.5083051;42.7312813
-3.5073743;42.7312851
-3.5080767;42.7315369
-3.5071914;42.7318954
-3.4824810;42.7358742
-3.4793077;42.7374725
-3.4775507;42.7378120
-3.4948885;42.7397041
-3.4933000;42.7401657
-3.4938662;42.7402153
-3.4938130;42.7400856
-3.4931433;42.7403069
-3.4936142;42.7404022
-3.4935119;42.7404404
-3.4936321;42.7406845
-3.4930933;42.7407036
-3.4888713;42.7408524
-3.4931693;42.7409477
-3.4907248;42.7421303
-3.4930503;42.7422371
-3.4928873;42.7422523
-3.4926450;42.7422867
-3.4932370;42.7425613
-3.4927218;42.7426109
-3.4932935;42.7426529
-3.4938028;42.7426453
-3.4931736;42.7428551
-3.4947150;42.7436981
-3.4960506;42.7473068
-3.4985332;42.7500610
-3.5018806;42.7510948
-3.4841206;42.7540245
-3.4734707;42.7495995
-3.5804293;42.7435112
-3.5804253;42.7433624
-3.6138084;42.6876259
-3.6138093;42.6877327
-3.5880432;42.7481308
-3.5880213;42.7479401
-3.6143713;42.6830368
-3.6139827;42.6841507
-3.6139288;42.6950035
-3.6133165;42.6983261
-3.6132987;42.6985664
-3.6133525;42.7047348
-3.6143613;42.7065430
-3.6131344;42.7088509
-3.6147523;42.7082329
-3.6143067;42.7091751
-3.6137588;42.7101784
-3.6137559;42.7104797
-3.6139185;42.7105408
-3.6140995;42.7105789
-3.6136353;42.7109680
-3.6131668;42.7110138
-3.6135919;42.7112007
-3.6134756;42.7112389
-3.6131165;42.7115364
-3.6136889;42.7117081
-3.6132131;42.7122803
-3.6137247;42.7168579
-3.6137366;42.7199898
-3.6137362;42.7202148
-3.6131597;42.7263565
-3.6131887;42.7263794
-3.6135714;42.7288361
-3.6130586;42.7314720
-3.6131768;42.7326355
-3.6133814;42.7347603
-3.5536504;42.7352943
-3.5507026;42.7338600
-3.6133564;42.7388573
-3.6130872;42.7390671
-3.6128433;42.7398529
-3.6130397;42.7398911
-3.6130941;42.7419624
-3.6133425;42.7420540
-3.5797443;42.7421761
-3.5798092;42.7419662
-3.5793922;42.7420731
-3.5799816;42.7422218
-3.5797284;42.7422523
-3.5796170;42.7424698
-3.5790706;42.7422676
-3.5730999;42.7424889
-3.5823603;42.7426224
-3.5816755;42.7427063
-3.5807841;42.7428131
-3.5800226;42.7428322
-3.5805886;42.7428551
-3.5811791;42.7428780
-3.5802264;42.7428932
-3.5801001;42.7429123
-3.5806484;42.7430611
-3.5819585;42.7430649
-3.5815101;42.7431374
-3.5804765;42.7431831
-3.5824525;42.7431908
-3.5804131;42.7432518
-3.5817819;42.7433052
-3.5816548;42.7433395
-3.5821335;42.7433777
-3.5816541;42.7434502
-3.5807140;42.7435226
-3.5807250;42.7436867
-3.5848348;42.7429962
-3.5811300;42.7437248
-3.5805612;42.7438889
-3.5804670;42.7439232
-3.5803943;42.7439461
-3.5806348;42.7439995
-3.5797863;42.7440529
-3.5805423;42.7444115
-3.6836143;42.7427368
-3.6802197;42.7458916
-3.6792164;42.7465363
-3.6139226;42.7469978
-3.6137969;42.7470703
-3.6138754;42.7473373
-3.6135879;42.7494164
-3.5935531;42.7505035
-3.5921881;42.7505379
-3.5932384;42.7505569
-3.5915232;42.7507439
-3.5922153;42.7507896
-3.5928173;42.7508698
-3.5923679;42.7509041
-3.5924828;42.7509689
-3.5917828;42.7510414
-3.5916972;42.7512856
-3.5921116;42.7513275
-3.5906632;42.7514191
-3.5923858;42.7514267
-3.5937982;42.7514496
-3.5923615;42.7514496
-3.5919099;42.7516785
-3.5914872;42.7519608
-3.6689198;42.7523766
-3.6679685;42.7528687
-3.6019268;42.7531586
-3.6131675;42.7534866
-3.6129303;42.7537117
-3.6132057;42.7538948
-3.6103518;42.7541084
-3.6596024;42.7557449
-3.6139641;42.7570839
-3.6147392;42.7595978
-3.6517892;42.7626038
-3.4085348;42.6550140
-3.4145143;42.6554718
-3.8776107;42.6319389
-3.8776174;42.6321487
-3.8754113;42.6347122
-3.8749650;42.6347008
-3.8836079;42.6267204
-3.8817303;42.6286011
-3.8794825;42.6296806
-3.8780563;42.6304932
-3.8778050;42.6307106
-3.8597507;42.6295052
-3.8622539;42.6307144
-3.8775973;42.6317291
-3.8774462;42.6326256
-3.8774278;42.6326561
-3.8775146;42.6329308
-3.8775909;42.6329613
-3.8775873;42.6331215
-3.8774009;42.6331444
-3.8771403;42.6331940
-3.8769989;42.6334305
-3.8775678;42.6336250
-3.8773172;42.6336327
-3.8772187;42.6336708
-3.8770287;42.6337280
-3.8768282;42.6337357
-3.8777592;42.6338959
-3.8775258;42.6339073
-3.8765543;42.6340103
-3.8770118;42.6340256
-3.8768971;42.6341171
-3.8771925;42.6341820
-3.8763442;42.6341820
-3.8774879;42.6341934
-3.8771629;42.6342125
-3.8775625;42.6342621
-3.8762491;42.6342964
-3.8696418;42.6343079
-3.8778000;42.6343613
-3.8780615;42.6344223
-3.8783224;42.6344490
-3.8760550;42.6344566
-3.8765554;42.6344604
-3.8766360;42.6344681
-3.8767648;42.6345062
-3.8769627;42.6345520
-3.8773489;42.6345825
-3.8773346;42.6346130
-3.8775485;42.6346283
-3.8769159;42.6346397
-3.8748126;42.6347008
-3.8759727;42.6347198
-3.8757317;42.6347237
-3.8781369;42.6347580
-3.8759086;42.6348190
-3.8764875;42.6348305
-3.8780649;42.6349907
-3.8764243;42.6350403
-3.8765454;42.6350937
-3.8766980;42.6351204
-3.8769665;42.6351280
-3.8769426;42.6351700
-3.8743796;42.6351814
-3.8719881;42.6365166
-3.8721230;42.6366577
-3.8723533;42.6370049
-3.8725040;42.6370659
-3.8733146;42.6372375
-3.8732681;42.6372566
-3.8730781;42.6376495
-3.8773177;42.6417084
-3.8828919;42.6460609
-3.8836040;42.6463509
-3.8816316;42.6462708
-3.8816886;42.6463852
-3.8827789;42.6463890
-3.8822730;42.6465263
-3.8816793;42.6465912
-3.8816130;42.6465492
-3.8814747;42.6466942
-3.8831136;42.6467896
-3.8821959;42.6468430
-3.8823965;42.6468964
-3.8827958;42.6468735
-3.8819580;42.6468964
-3.8829999;42.6469040
-3.8814883;42.6469116
-3.8832431;42.6470108
-3.8829684;42.6471405
-3.8827782;42.6474152
-3.8831074;42.6475105
-3.8831511;42.6477966
-3.8830643;42.6478920
-3.4667413;42.7318497
-3.4649987;42.7291336
-3.4670889;42.7327309
-3.4671245;42.7332230
-3.4670918;42.7335320
-3.4670901;42.7336235
-3.4675708;42.7337036
-3.4678547;42.7337151
-3.4671404;42.7337227
-3.4671600;42.7339249
-3.4667368;42.7339134
-3.4667640;42.7340622
-3.4666920;42.7342339
-3.4672036;42.7343712
-3.4670377;42.7344093
-3.4711363;42.7344170
-3.4703960;42.7343750
-3.4713123;42.7344284
-3.4672856;42.7344513
-3.4667842;42.7344589
-3.4666948;42.7344627
-3.4695899;42.7345695
-3.4669871;42.7345963
-3.4667261;42.7345963
-3.4675987;42.7346306
-3.4669161;42.7346992
-3.4678824;42.7347603
-3.4660726;42.7347946
-3.4672339;42.7348099
-3.4666083;42.7348213
-3.4699619;42.7348328
-3.4660735;42.7348404
-3.4668043;42.7348900
-3.4660378;42.7349472
-3.4669092;42.7350044
-3.4663594;42.7350693
-3.4667714;42.7351227
-3.4651151;42.7351532
-3.4744565;42.7351685
-3.4665117;42.7353287
-3.4666641;42.7353706
-3.4658234;42.7354431
-3.4660408;42.7354126
-3.4659071;42.7362175
-3.4665875;42.7479973
-3.4662349;42.7481461
-3.4678748;42.7485199
-3.4731894;42.7495880
-3.4725039;42.7496147
-3.4932277;42.6001015
-3.4924648;42.6014557
-3.4925022;42.6051216
-3.4935603;42.5963860
-3.4977684;42.5787125
-3.4978032;42.5788078
-3.4513223;42.5644989
-3.4512408;42.5645866
-3.5192454;42.5968628
-3.5191250;42.5969696
-3.4934654;42.5960236
-3.4935036;42.5961685
-3.4680791;42.5603447
-3.4679208;42.5603752
-3.4484637;42.5663567
-3.4482024;42.5664406
-3.5163848;42.5980301
-3.5161862;42.5979500
-3.4838555;42.5980873
-3.4838021;42.5981865
-3.4974682;42.6089325
-3.4971902;42.6090050
-3.4748540;42.5595741
-3.4744413;42.5596695
-3.4682245;42.5603180
-3.4544883;42.5631218
-3.4540138;42.5631790
-3.4528644;42.5634346
-3.4524457;42.5635414
-3.4522440;42.5636063
-3.4523523;42.5630493
-3.4521945;42.5636406
-3.4529963;42.5636520
-3.4525182;42.5636635
-3.4519598;42.5638199
-3.4520788;42.5639839
-3.4517877;42.5639839
-3.4521823;42.5641251
-3.4514737;42.5643349
-3.4509351;42.5643196
-3.4508047;42.5645294
-3.4508893;42.5648842
-3.4506931;42.5646935
-3.4508667;42.5648956
-3.4500310;42.5652657
-3.4499395;42.5653419
-3.4481514;42.5664749
-3.4454851;42.5701370
-3.4982467;42.5694351
-3.4984593;42.5707550
-3.4989939;42.5770454
-3.4992521;42.5765572
-3.4974744;42.5775909
-3.4974785;42.5776596
-3.4974959;42.5778236
-3.4983697;42.5780487
-3.4989142;42.5783119
-3.4992864;42.5783348
-3.4989662;42.5783997
-3.4990268;42.5785179
-3.4991825;42.5785217
-3.4993274;42.5785561
-3.4986191;42.5785828
-3.4983294;42.5786476
-3.4990866;42.5787849
-3.4992654;42.5788574
-3.4986687;42.5789070
-3.4984674;42.5789185
-3.4983919;42.5789185
-3.4986770;42.5789375
-3.4991086;42.5789604
-3.4986892;42.5789871
-3.4997406;42.5790062
-3.4978294;42.5790749
-3.4987085;42.5791054
-3.4997542;42.5791397
-3.4983778;42.5794373
-3.4971035;42.5810471
-3.4969959;42.5813370
-3.4918058;42.5877838
-3.4902477;42.5895004
-3.4932017;42.5925903
-3.5214977;42.5958214
-3.5214901;42.5957375
-3.5208898;42.5965805
-3.5202026;42.5967064
-3.5198934;42.5964775
-3.5200701;42.5967903
-3.5204146;42.5967484
-3.5203359;42.5968170
-3.5204823;42.5969162
-3.5198903;42.5970459
-3.5201683;42.5971718
-3.5202835;42.5971947
-3.5202949;42.5972214
-3.5186937;42.5973816
-3.5204577;42.5974083
-3.5198815;42.5975761
-3.5190983;42.5975914
-3.5200353;42.5976639
-3.5206518;42.5976868
-3.5206535;42.5977440
-3.5199964;42.5977707
-3.5197487;42.5977783
-3.5198057;42.5977898
-3.5207169;42.5978355
-3.5151558;42.5979042
-3.5201170;42.5979919
-3.5208490;42.5980301
-3.4837766;42.5982323
-3.5195966;42.5982513
-3.5122328;42.5997772
-3.4791107;42.6047478
-3.4910927;42.6088524
-3.4976134;42.4983406
-3.4974859;42.4983902
-3.4390533;42.5290565
-3.4390261;42.5289268
-3.4388478;42.5301628
-3.4388568;42.5300713
-3.4240232;42.5513229
-3.4240956;42.5512199
-3.4223862;42.5572433
-3.4223611;42.5571213
-3.5181568;42.4932785
-3.5162950;42.4901123
-3.5182533;42.4933548
-3.5033247;42.4956741
-3.4830191;42.5025635
-3.4829497;42.5024414
-3.4831038;42.5027504
-3.4825909;42.5027885
-3.4836960;42.5029182
-3.4833922;42.5029259
-3.4827514;42.5030212
-3.4819479;42.5027199
-3.4853878;42.5032806
-3.4821923;42.5037270
-3.4827116;42.5039139
-3.4834049;42.5055351
-3.4770703;42.5117722
-3.4733217;42.5152626
-3.4616988;42.5189552
-3.4596877;42.5194817
-3.4531069;42.5212135
-3.4444504;42.5219193
-3.4439404;42.5218887
-3.4384968;42.5254555
-3.4384904;42.5259895
-3.4385684;42.5266685
-3.4383807;42.5272751
-3.4382660;42.5272980
-3.4378064;42.5271530
-3.4381247;42.5274734
-3.4378703;42.5275040
-3.4380190;42.5282555
-3.4384284;42.5282593
-3.4379864;42.5286179
-3.4389396;42.5287209
-3.4381180;42.5288010
-3.4381578;42.5288582
-3.4390585;42.5291481
-3.4425881;42.5376587
-3.4431245;42.5374527
-3.4422426;42.5375900
-3.4431646;42.5378304
-3.4432881;42.5378685
-3.4251821;42.5419006
-3.4249837;42.5421524
-3.4250596;42.5429153
-3.4250195;42.5429878
-3.4242413;42.5430908
-3.4247508;42.5434570
-3.4245076;42.5486526
-3.4221475;42.5579834
-3.8825369;42.5174980
-3.8817692;42.5175552
-3.8662968;42.5185928
-3.8923805;42.5199165
-3.8653779;42.5222435
-3.8653138;42.5193024
-3.8647897;42.5232544
-3.8639781;42.5276337
-3.8698325;42.5322914
-3.8703275;42.5319023
-3.8695531;42.5324554
-3.8689303;42.5318642
-3.8699503;42.5327797
-3.8704345;42.5328293
-3.8704622;42.5334053
-3.7733960;42.5563889
-3.7732551;42.5562515
-3.7992601;42.5641670
-3.7989349;42.5641823
-3.7763946;42.5278664
-3.7761850;42.5279045
-3.7764080;42.5003662
-3.7753766;42.5048332
-3.7750022;42.5064735
-3.7740932;42.5103912
-3.7733734;42.5135727
-3.7729180;42.5154724
-3.7718701;42.5195999
-3.7716987;42.5200272
-3.7716177;42.5202599
-3.7716103;42.5203667
-3.7722824;42.5203934
-3.7716000;42.5205383
-3.7718499;42.5204849
-3.7710173;42.5208664
-3.7715921;42.5208702
-3.7717860;42.5208588
-3.7711394;42.5209694
-3.7708542;42.5210037
-3.7710564;42.5210266
-3.7709022;42.5210762
-3.7704930;42.5210953
-3.7704659;42.5210609
-3.7711692;42.5211449
-3.7708466;42.5211449
-3.7715900;42.5212135
-3.7696519;42.5212402
-3.7695644;42.5212364
-3.7715874;42.5213013
-3.7705350;42.5213470
-3.7712421;42.5213966
-3.7715840;42.5214119
-3.7722173;42.5214691
-3.7721124;42.5215187
-3.7703557;42.5215454
-3.7692127;42.5215454
-3.7692506;42.5216789
-3.7715957;42.5216980
-3.7692468;42.5217323
-3.7720644;42.5217361
-3.7711954;42.5217552
-3.7709000;42.5217705
-3.7706072;42.5217705
-3.7715750;42.5217781
-3.7689691;42.5217819
-3.7690697;42.5219116
-3.7706113;42.5219231
-3.7694073;42.5219269
-3.7704544;42.5219460
-3.7715707;42.5219803
-3.7706389;42.5220375
-3.7691119;42.5220528
-3.7695351;42.5220566
-3.7722123;42.5220642
-3.7724617;42.5220451
-3.7689650;42.5221291
-3.7694197;42.5221558
-3.7692106;42.5222092
-3.7719979;42.5222206
-3.7715786;42.5222397
-3.7698545;42.5222664
-3.7706611;42.5223312
-3.7715433;42.5223732
-3.7713141;42.5223885
-3.7711468;42.5223999
-3.7715228;42.5224838
-3.7713296;42.5224838
-3.7708044;42.5225029
-3.7708952;42.5225334
-3.7706635;42.5225830
-3.7715008;42.5226479
-3.7721570;42.5227127
-3.7710867;42.5227242
-3.7703538;42.5227852
-3.7714450;42.5229225
-3.7705033;42.5230217
-3.7714489;42.5232620
-3.7717066;42.5245514
-3.7729177;42.5262680
-3.7748246;42.5277176
-3.7753553;42.5281105
-3.7782156;42.5286636
-3.7789056;42.5293579
-3.7793596;42.5299759
-3.8011062;42.5383453
-3.7958648;42.5388870
-3.7912946;42.5393791
-3.7916529;42.5395317
-3.7919333;42.5395813
-3.8077753;42.5402145
-3.8083291;42.5403290
-3.8080199;42.5403900
-3.8095772;42.5403938
-3.8095362;42.5402679
-3.8087268;42.5404282
-3.8088074;42.5405045
-3.8086119;42.5405045
-3.8082187;42.5405273
-3.8088572;42.5405540
-3.8092668;42.5405693
-3.8095694;42.5406380
-3.8088813;42.5406609
-3.8084600;42.5407219
-3.8087513;42.5407257
-3.8093939;42.5407753
-3.8097327;42.5408096
-3.8089628;42.5409012
-3.8089058;42.5409851
-3.8088052;42.5410080
-3.8095047;42.5411453
-3.8093102;42.5413132
-3.8093138;42.5413628
-3.8092482;42.5414009
-3.8094659;42.5414467
-3.8091035;42.5414619
-3.8091514;42.5415344
-3.8097208;42.5416451
-3.8089447;42.5417709
-3.8088517;42.5417938
-3.8091538;42.5419769
-3.7762115;42.5426445
-3.7760804;42.5518684
-3.7741847;42.5546036
-3.7731318;42.5561333
-3.7750461;42.5564957
-3.7781639;42.5574875
-3.7782462;42.5575180
-3.7721095;42.5620804
-3.7712867;42.5620537
-3.8025489;42.5640182
-3.8024507;42.5640221
-3.8022687;42.5640297
-3.8032651;42.5640793
-3.8035419;42.5640030
-3.8033032;42.5641098
-3.8040185;42.5641785
-3.8043890;42.5641785
-3.8042209;42.5638084
-3.8034101;42.5642090
-3.7981725;42.5642128
-3.8035083;42.5642662
-3.8124530;42.5639725
-3.8064339;42.5646629
-3.8029180;42.5643158
-3.8044729;42.5643158
-3.8036194;42.5643692
-3.8042178;42.5643845
-3.8036869;42.5644112
-3.8030167;42.5644150
-3.8037150;42.5644226
-3.8031056;42.5644417
-3.8045869;42.5644722
-3.8037963;42.5644836
-3.8032186;42.5645370
-3.8028743;42.5645790
-3.8040125;42.5646210
-3.8041995;42.5646324
-3.8040652;42.5646324
-3.8045015;42.5646553
-3.8034091;42.5646706
-3.8034446;42.5647278
-3.8032284;42.5648804
-3.8027666;42.5649948
-3.8131680;42.5651169
-3.8135655;42.5653419
-3.8132191;42.5654030
-3.8139954;42.5654182
-3.8137505;42.5655136
-3.8140867;42.5655289
-3.8141227;42.5655785
-3.8142807;42.5654945
-3.8148820;42.5656242
-3.8148527;42.5655823
-3.8154929;42.5656471
-3.8149655;42.5656700
-3.8139007;42.5657043
-3.8148284;42.5657616
-3.8139865;42.5657997
-3.8140540;42.5658340
-3.8146899;42.5658875
-3.8142204;42.5659332
-3.8141704;42.5659637
-3.8148882;42.5660133
-3.8135562;42.5660248
-3.8149335;42.5660439
-3.8142347;42.5661316
-3.8148932;42.5663033
-3.8152437;42.5661774
-3.4602177;42.6249084
-3.4601376;42.6248436
-3.4275281;42.6119728
-3.4276271;42.6120796
-3.4482746;42.6229858
-3.4484618;42.6230621
-3.4542530;42.6234665
-3.4544420;42.6235046
-3.4631886;42.6364975
-3.4632564;42.6366158
-3.4765840;42.6089897
-3.4764614;42.6091156
-3.4776812;42.6069908
-3.4764009;42.6091576
-3.4218526;42.6089401
-3.4248421;42.6103630
-3.4264169;42.6111145
-3.4281328;42.6121788
-3.4279888;42.6121254
-3.4289613;42.6121979
-3.4292336;42.6119461
-3.4292157;42.6122017
-3.4282708;42.6122055
-3.4278541;42.6123657
-3.4286666;42.6124382
-3.4280138;42.6125679
-3.4282060;42.6127815
-3.4700654;42.6140633
-3.4303253;42.6144066
-3.4682379;42.6152153
-3.4349437;42.6153259
-3.4401166;42.6186142
-3.4626975;42.6218109
-3.4459448;42.6219597
-3.4482181;42.6229591
-3.4549463;42.6235924
-3.4591057;42.6236229
-3.4593410;42.6235237
-3.4587395;42.6239090
-3.4589314;42.6239128
-3.4593337;42.6236839
-3.4590993;42.6239471
-3.4574165;42.6239967
-3.4580624;42.6240997
-3.4584370;42.6241875
-3.4585845;42.6242523
-3.4594886;42.6242752
-3.4596355;42.6241188
-3.4578953;42.6243019
-3.4587431;42.6243172
-3.4593246;42.6243401
-3.4591093;42.6244087
-3.4609611;42.6244278
-3.4594440;42.6244583
-3.4582191;42.6244659
-3.4576929;42.6244812
-3.4581504;42.6245041
-3.4588490;42.6245193
-3.4598048;42.6245995
-3.4588618;42.6246071
-3.4574909;42.6246147
-3.4578648;42.6246452
-3.4574988;42.6247139
-3.4579568;42.6248016
-3.4584162;42.6249008
-3.4586117;42.6249123
-3.4579630;42.6249237
-3.4581566;42.6249237
-3.4602537;42.6249390
-3.4580169;42.6250191
-3.4575105;42.6250305
-3.4581692;42.6250458
-3.4579246;42.6250916
-3.4575400;42.6251984
-3.4577053;42.6254311
-3.4581103;42.6257019
-3.4577806;42.6258698
-3.4618793;42.6262627
-3.4570405;42.6270142
-3.4619410;42.6303558
-3.4619396;42.6305923
-3.4502678;42.6328049
-3.4615262;42.6334190
-3.4618001;42.6342201
-3.4486399;42.6343765
-3.4479139;42.6348572
-3.4455178;42.6375999
-3.4641318;42.6380577
-3.7852745;42.5907745
-3.7852676;42.5907173
-3.7783890;42.5802002
-3.7785251;42.5800743
-3.7829928;42.5926857
-3.7828512;42.5925446
-3.7683020;42.5624275
-3.7484684;42.5552864
-3.7655709;42.5628815
-3.7678947;42.5629272
-3.7656660;42.5632935
-3.7656944;42.5634155
-3.7676387;42.5637932
-3.7660363;42.5646400
-3.7663004;42.5650673
-3.7675860;42.5663490
-3.7688344;42.5667000
-3.7690415;42.5671768
-3.7690644;42.5672264
-3.7686567;42.5673866
-3.7692025;42.5675583
-3.7688551;42.5675812
-3.7689571;42.5676880
-3.7691169;42.5678825
-3.7694466;42.5683594
-3.7696574;42.5687523
-3.7714491;42.5711517
-3.7785819;42.5776787
-3.7791567;42.5783997
-3.7794867;42.5786934
-3.7795625;42.5788841
-3.7792435;42.5789909
-3.7793078;42.5791206
-3.7799225;42.5792274
-3.7798467;42.5792389
-3.7791128;42.5793114
-3.7789900;42.5795059
-3.7806761;42.5800018
-3.7777805;42.5807610
-3.7768364;42.5821075
-3.7754064;42.5830727
-3.7752035;42.5831642
-3.7754695;42.5834961
-3.7760487;42.5835915
-3.7756827;42.5836067
-3.7758479;42.5836487
-3.7753811;42.5836563
-3.7750399;42.5835075
-3.7750421;42.5836678
-3.7749388;42.5835838
-3.7759681;42.5836906
-3.7752337;42.5838509
-3.7755170;42.5838852
-3.7760041;42.5838966
-3.7762613;42.5837746
-3.7755907;42.5839195
-3.7762744;42.5839233
-3.7758641;42.5839424
-3.7763853;42.5839462
-3.7764316;42.5838089
-3.7774203;42.5839653
-3.7774704;42.5839386
-3.7765770;42.5839882
-3.7766788;42.5839996
-3.7766979;42.5838394
-3.7758505;42.5839996
-3.7771716;42.5840302
-3.7774038;42.5837555
-3.7770991;42.5838089
-3.7767239;42.5840874
-3.7771890;42.5840988
-3.7775490;42.5841484
-3.7772024;42.5841522
-3.7752657;42.5841064
-3.7751846;42.5841866
-3.7752554;42.5842476
-3.7750959;42.5842705
-3.7759960;42.5843163
-3.7753868;42.5843315
-3.7775340;42.5843010
-3.7776251;42.5843391
-3.7773280;42.5844154
-3.7764425;42.5844650
-3.7777066;42.5845222
-3.7778606;42.5845375
-3.7761123;42.5845680
-3.7760270;42.5845871
-3.7762234;42.5845871
-3.7776656;42.5846443
-3.7766929;42.5846748
-3.7767684;42.5846863
-3.7772243;42.5846863
-3.7767453;42.5847282
-3.7774618;42.5847359
-3.7763824;42.5847435
-3.7751274;42.5847931
-3.7750950;42.5848083
-3.7748914;42.5844879
-3.7776091;42.5848389
-3.7766685;42.5848579
-3.7777839;42.5849075
-3.7770610;42.5849266
-3.7763143;42.5849342
-3.7758424;42.5849342
-3.7764316;42.5850143
-3.7733595;42.5850029
-3.7728837;42.5850372
-3.7765441;42.5850449
-3.7765131;42.5850563
-3.7764530;42.5851326
-3.7773051;42.5851479
-3.7768877;42.5852623
-3.7762420;42.5852737
-3.7769246;42.5853004
-3.7769561;42.5853233
-3.7771053;42.5853271
-3.7770550;42.5853767
-3.7778394;42.5854340
-3.7777739;42.5851212
-3.7767272;42.5855560
-3.7776465;42.5856285
-3.7776089;42.5856667
-3.7783346;42.5857086
-3.7786043;42.5856667
-3.7765799;42.5858116
-3.7762239;42.5858536
-3.7760727;42.5858154
-3.7786562;42.5858879
-3.7781305;42.5858955
-3.7767322;42.5859032
-3.7780945;42.5859261
-3.7764668;42.5859489
-3.7769377;42.5859947
-3.7760320;42.5860329
-3.7767289;42.5860519
-3.7763572;42.5860634
-3.7771301;42.5861320
-3.7765510;42.5861816
-3.7787542;42.5862427
-3.7764180;42.5862732
-3.7772233;42.5862923
-3.7761214;42.5863647
-3.7759135;42.5864563
-3.7757399;42.5865135
-3.7771716;42.5865173
-3.7756755;42.5865250
-3.7756524;42.5864182
-3.7756236;42.5865326
-3.7755198;42.5865440
-3.7754390;42.5864105
-3.7751524;42.5865860
-3.7769349;42.5865898
-3.7767262;42.5865746
-3.7757678;42.5866547
-3.7759204;42.5866623
-3.7795820;42.5867500
-3.7755489;42.5867729
-3.7753367;42.5867615
-3.7757936;42.5867958
-3.7761941;42.5868149
-3.7759275;42.5868225
-3.7759471;42.5867081
-3.7753973;42.5869102
-3.7753191;42.5869102
-3.7754488;42.5870590
-3.7753067;42.5871010
-3.7802424;42.5871239
-3.7812216;42.5876579
-3.7823317;42.5883026
-3.7865939;42.5937424
-3.7862847;42.5942688
-3.7866464;42.5942764
-3.7870665;42.5942802
-3.7867105;42.5944138
-3.7871552;42.5945549
-3.7878621;42.5951004
-3.7924743;42.5994682
-3.7901039;42.6048927
-3.7892423;42.6052971
-3.7891419;42.6053429
-3.7889762;42.6054497
-3.7611456;42.6094475
-3.7583702;42.6098862
-3.7579741;42.6098900
-3.7579858;42.6099892
-3.7577784;42.6100006
-3.7577522;42.6100502
-3.7570205;42.6102448
-3.7832980;42.6082954
-3.7766011;42.6111450
-3.7718349;42.6120224
-3.7627602;42.6096001
-3.7516582;42.6125526
-3.7498960;42.6136055
-3.7462130;42.6158257
-3.4176722;42.7339020
-3.4177566;42.7342377
-3.4319541;42.7046776
-3.4319654;42.7047768
-3.4184043;42.7337761
-3.4183984;42.7341614
-3.4123399;42.7365150
-3.4528239;42.7052422
-3.4529314;42.7051926
-3.4318795;42.6949654
-3.4318922;42.6950111
-3.4604933;42.7266350
-3.4605153;42.7265434
-3.4294651;42.6814384
-3.4289782;42.6816292
-3.4301825;42.6649628
-3.4301364;42.6651001
-3.4273016;42.6743698
-3.4272664;42.6745110
-3.4491837;42.7208557
-3.4491508;42.7209435
-3.4440401;42.7234955
-3.4439085;42.7234764
-3.4327114;42.6581650
-3.4327919;42.6581612
-3.4319313;42.6585426
-3.4321518;42.6583595
-3.4371192;42.6626778
-3.4372604;42.6627655
-3.4202266;42.6831245
-3.4200125;42.6831512
-3.4285693;42.6854668
-3.4285314;42.6853867
-3.4098082;42.7351265
-3.4139121;42.7337608
-3.4454594;42.6376648
-3.4368863;42.6452370
-3.4348872;42.6495056
-3.4335327;42.6541443
-3.4337177;42.6551132
-3.4338624;42.6555634
-3.4338927;42.6556282
-3.4155049;42.6556282
-3.4343314;42.6557236
-3.4344912;42.6553497
-3.4344454;42.6557312
-3.4349041;42.6559563
-3.4344287;42.6559944
-3.4349437;42.6561356
-3.4353878;42.6559525
-3.4347997;42.6561928
-3.4345059;42.6562347
-3.4344687;42.6562576
-3.4342074;42.6562958
-3.4338727;42.6563606
-3.4352634;42.6562767
-3.4347293;42.6564026
-3.4179387;42.6564903
-3.4343090;42.6565819
-3.4347463;42.6566734
-3.4343410;42.6567383
-3.4347298;42.6569443
-3.4353716;42.6569443
-3.4343681;42.6569595
-3.4341314;42.6569824
-3.4350271;42.6570625
-3.4340894;42.6572495
-3.4346969;42.6573257
-3.4344068;42.6573563
-3.4352875;42.6575928
-3.4349535;42.6576576
-3.4349113;42.6575508
-3.4343123;42.6576653
-3.4346333;42.6577339
-3.4340391;42.6579170
-3.4347591;42.6579399
-3.4345655;42.6579399
-3.4343667;42.6579437
-3.4335532;42.6580772
-3.4356079;42.6581306
-3.4364002;42.6575851
-3.4328523;42.6581573
-3.4354630;42.6581955
-3.4343345;42.6581993
-3.4257762;42.6582451
-3.4350901;42.6585350
-3.4343657;42.6585732
-3.4341249;42.6585770
-3.4318426;42.6586189
-3.4343741;42.6586914
-3.4356122;42.6587105
-3.4316728;42.6587257
-3.4317918;42.6587334
-3.4343996;42.6588249
-3.4339700;42.6589317
-3.4318275;42.6589355
-3.4339926;42.6590576
-3.4347200;42.6591034
-3.4347253;42.6587143
-3.4347835;42.6591492
-3.4342983;42.6591606
-3.4344969;42.6592102
-3.4357436;42.6592331
-3.4349563;42.6592636
-3.4356210;42.6592789
-3.4345129;42.6593170
-3.4350071;42.6593933
-3.4360247;42.6595726
-3.4350758;42.6596375
-3.4363444;42.6600761
-3.4343514;42.6601257
-3.4349127;42.6603165
-3.4386992;42.6637268
-3.4431016;42.6667900
-3.4484167;42.6696587
-3.4123595;42.6702271
-3.4283168;42.6709366
-3.4567533;42.6729469
-3.4547901;42.6732178
-3.4196692;42.6737061
-3.4462206;42.6749153
-3.4433749;42.6755409
-3.4386852;42.6758308
-3.4230762;42.6759796
-3.4335606;42.6778641
-3.4252183;42.6784172
-3.4257672;42.6786270
-3.4256094;42.6786804
-3.4255545;42.6788139
-3.4257989;42.6790924
-3.4263380;42.6798210
-3.4266896;42.6805038
-3.4263661;42.6805229
-3.4262679;42.6806831
-3.4298809;42.6810188
-3.4268856;42.6810989
-3.4266126;42.6817131
-3.4263606;42.6817398
-3.4259582;42.6817665
-3.4259098;42.6819458
-3.4263978;42.6819725
-3.4255421;42.6819992
-3.4252505;42.6814194
-3.4246638;42.6817017
-3.4258881;42.6820297
-3.4272678;42.6821861
-3.4268477;42.6821899
-3.4258506;42.6821976
-3.4264457;42.6821976
-3.4260342;42.6822014
-3.4263031;42.6822014
-3.4122205;42.6823769
-3.4279950;42.6824265
-3.4258285;42.6824341
-3.4253778;42.6824913
-3.4241142;42.6821594
-3.4260321;42.6825180
-3.4258146;42.6825180
-3.4262991;42.6825180
-3.4264374;42.6825218
-3.4268634;42.6825562
-3.4257901;42.6826744
-3.4268136;42.6827011
-3.4250462;42.6827278
-3.4263778;42.6827507
-3.4140255;42.6827850
-3.4145651;42.6828461
-3.4264622;42.6828575
-3.4257517;42.6828613
-3.4267352;42.6829224
-3.4257202;42.6830177
-3.4266024;42.6830406
-3.4270890;42.6828957
-3.4270737;42.6830597
-3.4268880;42.6830673
-3.4275730;42.6830750
-3.4255142;42.6831131
-3.4256833;42.6831551
-3.4158449;42.6831779
-3.4269075;42.6832428
-3.4176941;42.6831512
-3.4175005;42.6832466
-3.4250655;42.6832466
-3.4257286;42.6833420
-3.4270480;42.6833534
-3.4266934;42.6833687
-3.4265141;42.6833801
-3.4264073;42.6833878
-3.4274683;42.6834259
-3.4174125;42.6834450
-3.4174876;42.6835289
-3.4264083;42.6835823
-3.4270589;42.6835938
-3.4266465;42.6836166
-3.4268062;42.6836586
-3.4263837;42.6836891
-3.4258330;42.6836929
-3.4277756;42.6837006
-3.4255550;42.6837044
-3.4248013;42.6836052
-3.4185977;42.6837463
-3.4263639;42.6837502
-3.4189379;42.6837616
-3.4254827;42.6838875
-3.4277186;42.6838875
-3.4272926;42.6838875
-3.4257698;42.6839485
-3.4254494;42.6839752
-3.4262931;42.6839752
-3.4279227;42.6840363
-3.4204464;42.6841011
-3.4261460;42.6842842
-3.4281206;42.6844635
-3.4251277;42.6851501
-3.4284654;42.6852455
-3.4272566;42.6856728
-3.4279621;42.6859398
-3.4287522;42.6860161
-3.4287229;42.6863670
-3.4290850;42.6868668
-3.4296315;42.6881752
-3.4313371;42.6933022
-3.4320109;42.6953697
-3.4318976;42.7037125
-3.4318819;42.7039719
-3.4534256;42.7039642
-3.4535117;42.7042427
-3.4536276;42.7044220
-3.4537392;42.7043877
-3.4539590;42.7044792
-3.4610744;42.6996422
-3.4547250;42.7044830
-3.4538054;42.7045097
-3.4531918;42.7045822
-3.4527702;42.7044983
-3.4533935;42.7046204
-3.4319499;42.7046394
-3.4322619;42.7045403
-3.4534218;42.7046814
-3.4532139;42.7046890
-3.4540076;42.7047119
-3.4531498;42.7047844
-3.4522688;42.7045403
-3.4326940;42.7048111
-3.4328368;42.7047119
-3.4325078;42.7047653
-3.4323123;42.7048187
-3.4326560;42.7048531
-3.4319744;42.7048531
-3.4540417;42.7048988
-3.4541919;42.7049179
-3.4537005;42.7049789
-3.4536002;42.7050056
-3.4532659;42.7050095
-3.4540648;42.7050247
-3.4332416;42.7049942
-3.4330246;42.7050819
-3.4324517;42.7050819
-3.4531794;42.7050819
-3.4530315;42.7051926
-3.4537942;42.7052231
-3.4326086;42.7052536
-3.4527316;42.7052841
-3.4513118;42.7053642
-3.4336450;42.7053528
-3.4331617;42.7054825
-3.4330308;42.7054901
-3.4333358;42.7054977
-3.4326603;42.7055130
-3.4322109;42.7055359
-3.4325724;42.7055435
-3.4321733;42.7055435
-3.4507003;42.7055740
-3.4320216;42.7055740
-3.4318559;42.7055435
-3.4315002;42.7056274
-3.4313519;42.7054443
-3.4333096;42.7056427
-3.4320130;42.7056885
-3.4320922;42.7056923
-3.4319305;42.7056999
-3.4321585;42.7057037
-3.4320066;42.7057495
-3.4312959;42.7057724
-3.4324949;42.7057877
-3.4327912;42.7057915
-3.4319968;42.7058487
-3.4315138;42.7058563
-3.4309788;42.7059174
-3.4317088;42.7059402
-3.4328918;42.7060471
-3.4304004;42.7061539
-3.4332621;42.7061729
-3.4298186;42.7062149
-3.4319673;42.7062302
-3.4325068;42.7062111
-3.4310625;42.7063446
-3.4313114;42.7063751
-3.4316356;42.7063828
-3.4319439;42.7063904
-3.4312937;42.7064743
-3.4318428;42.7066650
-3.4521151;42.7134399
-3.4515982;42.7161980
-3.4393420;42.7171631
-3.4496284;42.7199478
-3.4493759;42.7205238
-3.4499869;42.7205658
-3.4500048;42.7202568
-3.4497979;42.7204514
-3.4501405;42.7206802
-3.4511280;42.7207298
-3.4513757;42.7208138
-3.4511962;42.7208977
-3.4511535;42.7209473
-3.4521029;42.7209473
-3.4507341;42.7209969
-3.4514284;42.7210083
-3.4505205;42.7211418
-3.4509518;42.7211647
-3.4512603;42.7212982
-3.4516535;42.7213440
-3.4517763;42.7211266
-3.4519951;42.7214470
-3.4524195;42.7215614
-3.4524951;42.7216187
-3.4511001;42.7216644
-3.4512551;42.7217216
-3.4510722;42.7217255
-3.4527571;42.7217712
-3.4531646;42.7218513
-3.4526587;42.7218628
-3.4509473;42.7218933
-3.4508200;42.7218742
-3.4503734;42.7219009
-3.4530056;42.7219162
-3.4507091;42.7219429
-3.4514408;42.7218018
-3.4478400;42.7219849
-3.4498782;42.7220230
-3.4507732;42.7221031
-3.4509513;42.7220917
-3.4507887;42.7223091
-3.4508471;42.7223091
-3.4533803;42.7223778
-3.4507768;42.7227554
-3.4420123;42.7232285
-3.4551892;42.7233391
-3.4447825;42.7235527
-3.4448345;42.7235527
-3.4562755;42.7239838
-3.4576986;42.7241707
-3.4579298;42.7242622
-3.4573154;42.7242622
-3.4581695;42.7244873
-3.4576864;42.7245293
-3.4584470;42.7247238
-3.4581134;42.7246323
-3.4579871;42.7248268
-3.4587495;42.7248421
-3.4582932;42.7248840
-3.4579809;42.7249260
-3.4582446;42.7249413
-3.4585412;42.7249908
-3.4577250;42.7250633
-3.4583197;42.7253571
-3.4581721;42.7255516
-3.4588115;42.7256584
-3.4592321;42.7257767
-3.4397485;42.7274704
-3.4598770;42.7278366
-3.4159098;42.7326202
-3.4154351;42.7324257
-3.4166677;42.7326241
-3.4146218;42.7327919
-3.4146402;42.7324829
-3.4150710;42.7325974
-3.4150741;42.7329979
-3.4145668;42.7330780
-3.4150002;42.7333145
-3.4144688;42.7333641
-3.4165797;42.7334175
-3.4150603;42.7335701
-3.4144897;42.7335968
-3.4170115;42.7336540
-3.4150944;42.7337036
-3.4148817;42.7337074
-3.4177077;42.7337303
-3.4141369;42.7339516
-3.4160469;42.7339516
-3.4153442;42.7339745
-3.4150999;42.7339821
-3.4148903;42.7340050
-3.4145689;42.7340660
-3.4137640;42.7341042
-3.4197893;42.7341080
-3.4201221;42.7337189
-3.4136422;42.7341194
-3.4137454;42.7342339
-3.4147096;42.7342377
-3.4150884;42.7342606
-3.4137278;42.7345276
-3.4140968;42.7345695
-3.4137380;42.7346344
-3.4223070;42.7346687
-3.4185593;42.7347908
-3.4181566;42.7347984
-3.4176061;42.7349892
-3.4268231;42.7349243
-3.4294310;42.7350311
-3.4145906;42.7348213
-3.4136965;42.7351303
-3.4195030;42.7354012
-3.4142056;42.7354279
-3.4217203;42.7354584
-3.4140773;42.7355576
-3.4221127;42.7356911
-3.4378440;42.7358627
-3.4389067;42.7352371
-3.4361081;42.7352104
-3.4375908;42.7362099
-3.4374137;42.7364731
-3.4371397;42.7365494
-3.4432950;42.7354317
-3.4387612;42.7365913
-3.4125309;42.7367249
-3.4262102;42.7365303
-3.4272771;42.7367287
-3.4362879;42.7368317
-3.4249432;42.7369232
-3.4288769;42.7371902
-3.4359772;42.7375793
-3.4330578;42.7376442
-3.4331071;42.7376747
-3.4338984;42.7377434
-3.4358790;42.7377701
-3.4363384;42.7382088
-3.4368014;42.7382164
-3.4357462;42.7382507
-3.4356062;42.7382622
-3.4353633;42.7382889
-3.4356065;42.7383499
-3.4289594;42.7383728
-3.4351079;42.7383842
-3.4348655;42.7384033
-3.4346061;42.7384338
-3.4339480;42.7384949
-3.4357042;42.7384949
-3.4353957;42.7386742
-3.4343421;42.7387390
-3.4353843;42.7387543
-3.4361408;42.7388039
-3.4291224;42.7388611
-3.4358647;42.7389145
-3.4363396;42.7389297
-3.4356096;42.7391090
-3.4357848;42.7394028
-3.4506438;42.7414780
-3.4524484;42.7409248
-3.4606569;42.7457161
-3.4621971;42.7473793
-3.4711711;42.7498436
-3.4134135;42.7520828
-3.4197769;42.7552872
-3.4387088;42.7641220
-3.5316362;42.7061615
-3.5315416;42.7062378
-3.5331807;42.7056732
-3.5330942;42.7056580
-3.5331180;42.7066727
-3.5330455;42.7067490
-3.5307727;42.7046928
-3.5321841;42.7049026
-3.5320590;42.7043304
-3.5325050;42.7050171
-3.5327258;42.7052345
-3.5320306;42.7053146
-3.5326104;42.7054214
-3.5346205;42.7052422
-3.5335441;42.7055321
-3.5337300;42.7055969
-3.5335188;42.7056236
-3.5339634;42.7056427
-3.5330091;42.7056427
-3.5334711;42.7057457
-3.5335681;42.7057724
-3.5323648;42.7057724
-3.5338192;42.7057991
-3.5326390;42.7058067
-3.5320821;42.7058105
-3.5328655;42.7058334
-3.5335107;42.7059479
-3.5342827;42.7060394
-3.5315073;42.7062645
-3.5309849;42.7064285
-3.5328972;42.7068558
-3.5328081;42.7071381
-3.5329723;42.7072372
-3.5284405;42.7072754
-3.5263019;42.7085609
-3.5453510;42.6401711
-3.5464001;42.6407623
-3.5463362;42.6408997
-3.5462995;42.6409492
-3.5103064;42.6393280
-3.5027001;42.6382713
-3.5450146;42.6389427
-3.5438340;42.6389771
-3.4164956;42.6053276
-3.4166117;42.6054268
-3.4227688;42.5872078
-3.4224565;42.5873184
-3.4216528;42.5876083
-3.4186242;42.5890617
-3.4161522;42.5895767
-3.4147685;42.5896950
-3.4144652;42.5897102
-3.4142506;42.5897255
-3.4143410;42.5898209
-3.4137347;42.5898399
-3.4141312;42.5898895
-3.4136398;42.5902061
-3.4141557;42.5902328
-3.4135375;42.5908356
-3.4136162;42.5909538
-3.4137771;42.5911560
-3.5472550;42.6405830
-3.5476890;42.6401596
-3.4120088;42.6016731
-3.4161289;42.6050262
-3.4172308;42.6059380
-3.4186416;42.6071243
-3.4216959;42.6088638
-3.5470495;42.6405792
-3.5472212;42.6407356
-3.5265894;42.6791344
-3.5261734;42.6745758
-3.4894054;42.6241684
-3.4891710;42.6271286
-3.5022998;42.6680031
-3.5022173;42.6680565
-3.4984879;42.6670341
-3.4985077;42.6671104
-3.4891765;42.6300697
-3.4891882;42.6309814
-3.4829807;42.6436691
-3.4830277;42.6437988
-3.4857280;42.6542206
-3.4857559;42.6544571
-3.4869959;42.6565895
-3.4870930;42.6566887
-3.4897225;42.6659241
-3.4898779;42.6658058
-3.4755309;42.6695595
-3.4753506;42.6695251
-3.5254714;42.6705437
-3.5253670;42.6704826
-3.5471516;42.6276016
-3.5469196;42.6278496
-3.5148346;42.6384888
-3.5146854;42.6385269
-3.5448756;42.6387444
-3.4823215;42.6574707
-3.4824214;42.6574745
-3.4815252;42.6574860
-3.4818220;42.6574783
-3.4893253;42.6294136
-3.4895768;42.6294518
-3.4900694;42.6298752
-3.4902012;42.6299591
-3.4899952;42.6087646
-3.4897664;42.6091805
-3.4891098;42.6180916
-3.4891453;42.6279373
-3.4891665;42.6292877
-3.4891748;42.6299515
-3.4903522;42.6300354
-3.4907558;42.6302223
-3.4921358;42.6303864
-3.4920809;42.6304703
-3.4922974;42.6305313
-3.4920168;42.6305809
-3.4922686;42.6306267
-3.5446825;42.6306267
-3.4911642;42.6304398
-3.4912317;42.6307449
-3.4912093;42.6307945
-3.4917252;42.6305504
-3.4915824;42.6308784
-3.4916339;42.6309052
-3.4933600;42.6309700
-3.4934504;42.6308174
-3.4917917;42.6309814
-3.4932432;42.6307755
-3.4931087;42.6310196
-3.4915142;42.6311417
-3.4923413;42.6311874
-3.4891918;42.6312637
-3.4907813;42.6312866
-3.4891922;42.6313057
-3.4902155;42.6313133
-3.4928992;42.6313896
-3.4915369;42.6313934
-3.4933593;42.6314774
-3.4914472;42.6315346
-3.5445249;42.6315727
-3.4909332;42.6316719
-3.4927120;42.6316872
-3.4913125;42.6316872
-3.4916682;42.6316910
-3.4915941;42.6317558
-3.4919512;42.6317749
-3.4937193;42.6318398
-3.4909062;42.6318474
-3.4924488;42.6318855
-3.4923160;42.6316414
-3.4908841;42.6318932
-3.4925864;42.6319046
-3.4908075;42.6319962
-3.4913449;42.6321068
-3.4906931;42.6321564
-3.4908009;42.6323433
-3.4892049;42.6325989
-3.4892013;42.6327591
-3.4901049;42.6328735
-3.5423701;42.6346970
-3.4951801;42.6360168
-3.4877024;42.6362381
-3.4876971;42.6362648
-3.5419641;42.6373291
-3.5302436;42.6365700
-3.5194190;42.6373558
-3.5177214;42.6381607
-3.5445571;42.6383591
-3.5153654;42.6383591
-3.5149477;42.6384621
-3.4644260;42.6385384
-3.4843135;42.6389999
-3.5466230;42.6410027
-3.5466456;42.6410255
-3.5468228;42.6411896
-3.5468760;42.6412697
-3.5457897;42.6412964
-3.5465546;42.6414261
-3.5459263;42.6414413
-3.5464489;42.6414642
-3.5475540;42.6415215
-3.5462217;42.6415482
-3.5455749;42.6416130
-3.5455940;42.6416397
-3.5456576;42.6417770
-3.5456724;42.6421165
-3.5472119;42.6423454
-3.4828987;42.6434479
-3.4841948;42.6469574
-3.4678161;42.6498756
-3.4855332;42.6533813
-3.4726877;42.6539154
-3.4741657;42.6554527
-3.4777045;42.6561394
-3.4822323;42.6574707
-3.4814196;42.6574860
-3.4827225;42.6576843
-3.4837155;42.6588135
-3.5921490;42.6592407
-3.4841087;42.6592598
-3.4878912;42.6607056
-3.4879048;42.6607819
-3.4879529;42.6616287
-3.4880893;42.6616554
-3.5797009;42.6618309
-3.5042567;42.6619186
-3.5028906;42.6616440
-3.5033536;42.6630096
-3.6194012;42.6577835
-3.6170070;42.6630554
-3.5732899;42.6630745
-3.5022914;42.6630859
-3.5013371;42.6612473
-3.5005207;42.6632462
-3.5718529;42.6633530
-3.5034647;42.6633759
-3.5716960;42.6633873
-3.4997380;42.6635323
-3.4983199;42.6631966
-3.5003505;42.6635551
-3.4996407;42.6621971
-3.5009265;42.6635590
-3.5032432;42.6639366
-3.5024452;42.6635742
-3.5680997;42.6640930
-3.5676119;42.6641960
-3.4953899;42.6643715
-3.5029254;42.6644211
-3.5019026;42.6648407
-3.5641124;42.6648903
-3.5639563;42.6649208
-3.5022595;42.6649666
-3.5023406;42.6650009
-3.4956400;42.6650124
-3.5021408;42.6651192
-3.4957848;42.6651649
-3.5008509;42.6651840
-3.4996519;42.6653671
-3.4985247;42.6651688
-3.5022438;42.6653595
-3.5020313;42.6653900
-3.5028763;42.6654816
-3.5022604;42.6655006
-3.5012336;42.6655045
-3.4983914;42.6655388
-3.5029821;42.6655731
-3.5009232;42.6655731
-3.5009632;42.6655731
-3.5025561;42.6655731
-3.4986205;42.6656151
-3.5018287;42.6656685
-3.4987671;42.6656761
-3.5028992;42.6657143
-3.5004275;42.6657181
-3.5022922;42.6657181
-3.5015714;42.6657219
-3.5021143;42.6657257
-3.5019152;42.6657333
-3.5028527;42.6657639
-3.5006149;42.6657944
-3.5022650;42.6658173
-3.5028517;42.6658401
-3.5590377;42.6658707
-3.5024281;42.6658897
-3.5001650;42.6659126
-3.5024896;42.6659126
-3.5028489;42.6659317
-3.5028033;42.6659508
-3.5011828;42.6659508
-3.5009465;42.6659622
-3.5019224;42.6660004
-3.5008919;42.6660118
-3.5003278;42.6660309
-3.5022743;42.6660423
-3.5017066;42.6658707
-3.5017228;42.6660461
-3.5019162;42.6660576
-3.5014677;42.6660767
-3.4968417;42.6660843
-3.5014153;42.6660995
-3.5005243;42.6661224
-3.5004387;42.6661301
-3.5013447;42.6661339
-3.5023603;42.6661339
-3.5022774;42.6661377
-3.5025923;42.6661453
-3.5027783;42.6661530
-3.4998415;42.6661530
-3.4889989;42.6661606
-3.4835274;42.6651688
-3.5009336;42.6661835
-3.5023413;42.6661987
-3.4815428;42.6662140
-3.5025847;42.6662216
-3.5010567;42.6663017
-3.5021422;42.6663094
-3.5007396;42.6663437
-3.4955397;42.6662941
-3.5563757;42.6664009
-3.5008328;42.6664009
-3.5007961;42.6664085
-3.5019953;42.6664200
-3.5007322;42.6664658
-3.5015910;42.6665306
-3.5005696;42.6665382
-3.5006144;42.6665573
-3.4980702;42.6665688
-3.5027745;42.6665993
-3.5026090;42.6666260
-3.4979949;42.6666603
-3.5015128;42.6666679
-3.5013874;42.6667099
-3.5019155;42.6667099
-3.5012958;42.6667519
-3.5027795;42.6667633
-3.5026355;42.6667862
-3.5022700;42.6668129
-3.5023942;42.6668396
-3.5018048;42.6668434
-3.5535836;42.6669273
-3.5017967;42.6669579
-3.5017507;42.6670227
-3.5023043;42.6670647
-3.5028665;42.6671143
-3.5017970;42.6671181
-3.5017357;42.6671562
-3.4986908;42.6673088
-3.5031564;42.6674118
-3.4792025;42.6675758
-3.5027149;42.6677628
-3.5028865;42.6678772
-3.5004842;42.6679230
-3.5005510;42.6679230
-3.5012481;42.6679306
-3.5014431;42.6679840
-3.5014496;42.6680717
-3.5021498;42.6680908
-3.4998000;42.6681213
-3.5472198;42.6681786
-3.4997206;42.6681976
-3.5034127;42.6682091
-3.5005648;42.6682854
-3.4987123;42.6683960
-3.4954388;42.6684303
-3.5009768;42.6684456
-3.5013583;42.6684494
-3.5013306;42.6685715
-3.5016935;42.6685715
-3.5038416;42.6678963
-3.4692264;42.6685104
-3.4675534;42.6690140
-3.4988844;42.6690292
-3.5353439;42.6690826
-3.5350902;42.6690941
-3.5220644;42.6691933
-3.5099862;42.6667938
-3.5226297;42.6692886
-3.5337794;42.6693382
-3.4766815;42.6697159
-3.4779952;42.6697693
-3.4775660;42.6721458
-3.4584744;42.6724777
-3.4762599;42.6782379
-3.6143713;42.6812363
-3.6143942;42.6827011
-3.6880531;42.4635963
-3.6896901;42.4638329
-3.6872885;42.4649315
-3.6879082;42.4654083
-3.6882792;42.4661446
-3.6876009;42.4664612
-3.6876867;42.4671097
-3.6884222;42.4678574
-3.4388092;42.5908241
-3.4386892;42.5907555
-3.4388936;42.5782394
-3.4387965;42.5783157
-3.4375429;42.5900383
-3.4376974;42.5901566
-3.4435585;42.5745430
-3.4435079;42.5748367
-3.4431164;42.5771446
-3.4425721;42.5773430
-3.4423223;42.5773239
-3.4403462;42.5773926
-3.4404016;42.5771446
-3.4402747;42.5774155
-3.4425027;42.5774193
-3.4400513;42.5774307
-3.4423192;42.5774460
-3.4396405;42.5775146
-3.4405692;42.5775604
-3.4402854;42.5775642
-3.4389365;42.5775795
-3.4391050;42.5773888
-3.4383883;42.5774498
-3.4399750;42.5775833
-3.4402263;42.5776405
-3.4393826;42.5777206
-3.4427626;42.5777245
-3.4420824;42.5777550
-3.4403162;42.5777626
-3.4395969;42.5777740
-3.4404373;42.5777779
-3.4405491;42.5777931
-3.4421978;42.5778160
-3.4410071;42.5778351
-3.4411800;42.5778580
-3.4401846;42.5778656
-3.4412785;42.5778694
-3.4419470;42.5779152
-3.4416652;42.5779305
-3.4404738;42.5779495
-3.4420676;42.5779533
-3.4425282;42.5780220
-3.4420171;42.5780411
-3.4409983;42.5781479
-3.4423988;42.5781898
-3.4415472;42.5782890
-3.4416609;42.5783195
-3.4404366;42.5783463
-3.4386537;42.5784302
-3.4421930;42.5784645
-3.4414353;42.5785294
-3.4426732;42.5786400
-3.4451549;42.5786247
-3.4450085;42.5786705
-3.4447286;42.5788879
-3.4376209;42.5789604
-3.4452560;42.5789719
-3.4427478;42.5790253
-3.4444575;42.5791740
-3.4451258;42.5791817
-3.4371259;42.5791893
-3.4450727;42.5794029
-3.4457641;42.5794182
-3.4454234;42.5795517
-3.4331241;42.5816536
-3.4258349;42.5860825
-3.4253283;42.5862503
-3.4303925;42.5880280
-3.4304996;42.5880623
-3.4348528;42.5879631
-3.4385724;42.5906982
-3.4402018;42.5908241
-3.4395664;42.5910568
-3.4394095;42.5907364
-3.4394050;42.5910683
-3.4397550;42.5910912
-3.4394662;42.5911293
-3.4399862;42.5911369
-3.4396720;42.5912247
-3.4399335;42.5912704
-3.4389892;42.5910797
-3.4389105;42.5913429
-3.4392328;42.5913582
-3.4391012;42.5914688
-3.4395702;42.5914955
-3.4390218;42.5915756
-3.4395213;42.5916443
-3.4389198;42.5917168
-3.4391878;42.5918388
-3.4387970;42.5920181
-3.4790299;42.6048698
-3.5063913;42.5411682
-3.5060477;42.5421867
-3.5221686;42.4934425
-3.5220008;42.4934425
-3.5198290;42.5151596
-3.5197065;42.5153389
-3.5176525;42.5192337
-3.5176461;42.5195045
-3.5158179;42.5245094
-3.5157208;42.5246086
-3.5060072;42.5423126
-3.4809389;42.5582161
-3.4807124;42.5582695
-3.4885812;42.5591049
-3.4884169;42.5590820
-3.4762721;42.5592651
-3.4761574;42.5592880
-3.5185719;42.4934158
-3.5265398;42.4934273
-3.5252402;42.4934158
-3.5272112;42.4964943
-3.5265694;42.4937515
-3.5288885;42.5008278
-3.5280659;42.4998627
-3.5295920;42.5012779
-3.5311368;42.5070229
-3.5303769;42.5082054
-3.5266252;42.5105133
-3.5219712;42.5133286
-3.5205853;42.5142174
-3.5198953;42.5150604
-3.5126309;42.5297127
-3.5118668;42.5316849
-3.5109370;42.5327339
-3.5105999;42.5325775
-3.5114362;42.5327911
-3.5102797;42.5329018
-3.5104325;42.5329437
-3.5101829;42.5330200
-3.5101418;42.5330696
-3.5099454;42.5332985
-3.5096998;42.5335999
-3.5089779;42.5343170
-3.5088773;42.5344887
-3.5071566;42.5349884
-3.5069637;42.5347595
-3.5070651;42.5352249
-3.5085824;42.5350342
-3.5058208;42.5356216
-3.5087917;42.5357323
-3.5081844;42.5365677
-3.5080466;42.5368958
-3.5080068;42.5369911
-3.5066586;42.5396118
-3.5034301;42.5504150
-3.5033431;42.5506325
-3.5011852;42.5511017
-3.5014517;42.5513191
-3.5020266;42.5522232
-3.5026290;42.5523338
-3.5021346;42.5523949
-3.5023141;42.5521889
-3.5025885;42.5525551
-3.5030377;42.5525398
-3.5023506;42.5526276
-3.5025647;42.5526733
-3.5022845;42.5527000
-3.5022354;42.5528412
-3.5013144;42.5530815
-3.5012510;42.5530891
-3.5021539;42.5530930
-3.5020578;42.5533028
-3.5020347;42.5533562
-3.5022240;42.5541153
-3.5017486;42.5541496
-3.5012834;42.5538559
-3.5023167;42.5544357
-3.5016263;42.5545540
-3.5019798;42.5546036
-3.5020301;42.5548172
-3.5017669;42.5550804
-3.5016940;42.5551796
-3.5021987;42.5551872
-3.5019441;42.5552902
-3.5009766;42.5555382
-3.5005679;42.5560837
-3.5003910;42.5562859
-3.4995344;42.5572243
-3.4757633;42.5593719
-3.4970341;42.5597382
-3.4963920;42.5603867
-3.4979968;42.5686951
-3.5261297;42.7289734
-3.5259838;42.7290039
-3.5317240;42.7290459
-3.5316107;42.7290382
-3.5176489;42.7259560
-3.5196362;42.7275200
-3.5294518;42.7289352
-3.5320623;42.7285919
-3.5318127;42.7290497
-3.5331368;42.7288857
-3.5334499;42.7291679
-3.5339992;42.7292709
-3.5330501;42.7295265
-3.5337868;42.7296295
-3.5332961;42.7298126
-3.5329914;42.7298508
-3.5315783;42.7296028
-3.5312803;42.7301826
-3.5301113;42.7306290
-3.5299654;42.7307129
-3.5304115;42.7309647
-3.5317252;42.7305183
-3.5335793;42.7384567
-3.5334184;42.7392311
-3.5366426;42.7461014
-3.5369985;42.7472916
-3.5391614;42.7482224
-3.5410759;42.7493019
-3.5415213;42.7497787
-3.5416572;42.7503777
-3.5416176;42.7507286
-3.5413635;42.7511787
-3.5419276;42.7511864
-3.5418627;42.7511902
-3.5413816;42.7514534
-3.5421476;42.7515373
-3.5427048;42.7515297
-3.5414238;42.7517548
-3.5406785;42.7518539
-3.5406945;42.7519073
-3.5419455;42.7524300
-3.5027218;42.7528000
-3.5424602;42.7540588
-3.5041983;42.7549324
-3.5074620;42.7544899
-3.5072145;42.7549858
-3.5072796;42.7550468
-3.5069678;42.7550812
-3.5076423;42.7550888
-3.5075858;42.7551346
-3.5062385;42.7550926
-3.5076816;42.7551727
-3.5071423;42.7551842
-3.5068998;42.7552071
-3.5060647;42.7552605
-3.5045652;42.7552643
-3.5421467;42.7559166
-3.5060487;42.7560692
-3.5419366;42.7563133
-3.5422151;42.7636948
-3.5206923;42.7639503
-3.4947929;42.7661514
-3.4759884;42.6904678
-3.4759781;42.6905518
-3.4741151;42.6872940
-3.4741271;42.6872444
-3.4762251;42.6783867
-3.4744158;42.6860161
-3.4743311;42.6863518
-3.4739351;42.6880341
-3.4737399;42.6888313
-3.4736054;42.6893730
-3.4735241;42.6896973
-3.4741681;42.6898994
-3.4747212;42.6900597
-3.4760098;42.6903000
-3.4739633;42.6904831
-3.4733210;42.6905022
-3.4729719;42.6904755
-3.4733510;42.6907234
-3.4726515;42.6904449
-3.4735179;42.6910248
-3.4736967;42.6910362
-3.4747708;42.6911964
-3.4757521;42.6913986
-3.4751718;42.6914940
-3.4741156;42.6917038
-3.4755988;42.6917152
-3.4741654;42.6918411
-3.4743438;42.6918907
-3.4765377;42.6919060
-3.4727728;42.6919518
-3.4731483;42.6921883
-3.4724445;42.6922264
-3.4736249;42.6922989
-3.4738648;42.6923714
-3.4740231;42.6924210
-3.4729042;42.6924362
-3.4720981;42.6924438
-3.4736567;42.6924934
-3.4742889;42.6925735
-3.4727671;42.6925774
-3.4736512;42.6925926
-3.4716704;42.6926460
-3.4741387;42.6926460
-3.4747455;42.6924782
-3.4744542;42.6926689
-3.4741542;42.6927338
-3.4737756;42.6927452
-3.4746189;42.6927757
-3.4737301;42.6928406
-3.4753060;42.6925659
-3.4751654;42.6928825
-3.4761984;42.6929245
-3.4758039;42.6929321
-3.4757800;42.6927223
-3.4723465;42.6930046
-3.4742043;42.6931686
-3.4743955;42.6932526
-3.4720609;42.6932831
-3.4716079;42.6932678
-3.4717681;42.6935349
-3.4752290;42.6937294
-3.4711740;42.6939125
-3.4708219;42.6936302
-3.4700947;42.6945572
-3.4696457;42.6948242
-3.4737096;42.6953392
-3.4736810;42.6953621
-3.4725287;42.6984215
-3.4754488;42.7001534
-3.4772196;42.7015343
-3.4836786;42.7056122
-3.4858382;42.7075424
-3.4133191;42.5590057
-3.4217997;42.5587120
-3.4147289;42.5585327
-3.8768554;42.6876183
-3.8767943;42.6875038
-3.8765228;42.6876831
-3.8765185;42.6875839
-3.8771334;42.6876984
-3.8772256;42.6876183
-3.8770678;42.6877251
-3.8765123;42.6877518
-3.8774168;42.6878586
-3.8775263;42.6877556
-3.8764954;42.6878624
-3.8761120;42.6878662
-3.8765848;42.6878738
-3.8775048;42.6879082
-3.8769019;42.6879120
-3.8776233;42.6879158
-3.8763793;42.6879539
-3.8774409;42.6879921
-3.8761666;42.6880074
-3.8761673;42.6879387
-3.8765659;42.6880074
-3.8773291;42.6880722
-3.8769734;42.6880798
-3.8762944;42.6880989
-3.8762224;42.6881180
-3.8760815;42.6881409
-3.8777590;42.6881866
-3.8897049;42.6881828
-3.8779428;42.6882133
-3.8776798;42.6882553
-3.8772111;42.6883240
-3.8769853;42.6883469
-3.8774421;42.6883469
-3.8769052;42.6884117
-3.8774533;42.6884384
-3.8768601;42.6884460
-3.8772397;42.6884689
-3.8765731;42.6886024
-3.8664410;42.6885796
-3.8047588;42.7100906
-3.8045862;42.7100410
-3.8008168;42.7362404
-3.8006375;42.7360802
-3.8015559;42.7361870
-3.8014908;42.7362213
-3.7962432;42.6855278
-3.7962196;42.6855812
-3.7986119;42.6885147
-3.7987390;42.6885605
-3.8020082;42.6913643
-3.8020222;42.6914177
-3.8045597;42.6971245
-3.8045840;42.6972046
-3.8040907;42.7010841
-3.8040814;42.7011452
-3.8011436;42.7214737
-3.8011749;42.7215652
-3.8038344;42.7338066
-3.8038371;42.7340202
-3.7978508;42.7605743
-3.7760417;42.7277145
-3.7758858;42.7277260
-3.7911398;42.7279472
-3.7910063;42.7279701
-3.7966161;42.7315483
-3.7964828;42.7315598
-3.8511491;42.6922951
-3.8510122;42.6923676
-3.8119094;42.7082481
-3.8117983;42.7081909
-3.8209465;42.7097664
-3.8204136;42.7097473
-3.8453324;42.7140236
-3.8453567;42.7140770
-3.8450942;42.7216415
-3.8450956;42.7217369
-3.8410521;42.7254982
-3.8409457;42.7254677
-3.8356106;42.7256050
-3.8354912;42.7255592
-3.7808681;42.6633492
-3.7813246;42.6636238
-3.7860222;42.6673431
-3.7898324;42.6713448
-3.7914803;42.6735497
-3.7922630;42.6749992
-3.7920349;42.6760902
-3.7917783;42.6769829
-3.7971039;42.6841393
-3.7961023;42.6860085
-3.8544526;42.6888733
-3.8545928;42.6888771
-3.8546627;42.6891365
-3.8541527;42.6890678
-3.8546908;42.6892052
-3.8538129;42.6893463
-3.8536046;42.6893921
-3.8529894;42.6895447
-3.8527880;42.6894722
-3.8529689;42.6896324
-3.8536303;42.6896400
-3.8527687;42.6897240
-3.8540597;42.6899261
-3.8544765;42.6899529
-3.8548646;42.6900253
-3.8554115;42.6900978
-3.8557796;42.6900444
-3.8557849;42.6901474
-3.8552151;42.6902046
-3.8567410;42.6902580
-3.8568034;42.6901779
-3.8573654;42.6902161
-3.8574688;42.6903267
-3.8558342;42.6903343
-3.8548768;42.6909447
-3.8019412;42.6910439
-3.8023379;42.6930275
-3.8028572;42.6947136
-3.8019886;42.7048302
-3.8023403;42.7054634
-3.8031993;42.7075386
-3.8030915;42.7079201
-3.8034432;42.7079430
-3.8030748;42.7080688
-3.8032024;42.7081184
-3.8035378;42.7081413
-3.8035259;42.7082481
-3.8036363;42.7082672
-3.8030031;42.7082748
-3.8029916;42.7083282
-3.8039641;42.7083435
-3.8008156;42.7084808
-3.8006980;42.7082710
-3.8028286;42.7087059
-3.8029919;42.7087250
-3.8028038;42.7087326
-3.8025959;42.7086029
-3.8004065;42.7088013
-3.8011029;42.7088089
-3.8027618;42.7088394
-3.8034234;42.7088776
-3.8036225;42.7088547
-3.8035140;42.7086449
-3.8011818;42.7089195
-3.8008308;42.7089272
-3.8029928;42.7089539
-3.8036294;42.7089577
-3.8035865;42.7090149
-3.8024988;42.7090530
-3.8030670;42.7090759
-3.8031473;42.7091064
-3.8010952;42.7091484
-3.8033171;42.7091637
-3.8034272;42.7092018
-3.8012722;42.7092514
-3.8015637;42.7092514
-3.8036063;42.7092857
-3.8020668;42.7092896
-3.8015795;42.7093925
-3.8052769;42.7093735
-3.8052168;42.7094002
-3.8036411;42.7094574
-3.8034160;42.7094727
-3.8050499;42.7094803
-3.8049593;42.7093124
-3.8046932;42.7095566
-3.8044844;42.7093277
-3.8036406;42.7095718
-3.8033211;42.7096214
-3.8017292;42.7096481
-3.8017085;42.7096863
-3.8051448;42.7097359
-3.8219688;42.7097549
-3.8043497;42.7097740
-3.8044658;42.7100067
-3.8050444;42.7099724
-3.8048284;42.7101097
-3.8052189;42.7101097
-3.8162458;42.7101440
-3.8178153;42.7101898
-3.8017833;42.7102509
-3.8053467;42.7104378
-3.8065624;42.7104492
-3.8066516;42.7104759
-3.8082387;42.7111320
-3.8080380;42.7108765
-3.8077884;42.7111626
-3.8074896;42.7110481
-3.8085577;42.7111816
-3.8087373;42.7112274
-3.8082881;42.7113457
-3.8084798;42.7113533
-3.8024082;42.7113686
-3.8086464;42.7113838
-3.8026547;42.7124176
-3.8012447;42.7155914
-3.8008561;42.7169266
-3.8012285;42.7217979
-3.8012102;42.7226639
-3.8451231;42.7230988
-3.8451757;42.7240219
-3.8001211;42.7241096
-3.8450315;42.7241821
-3.8452094;42.7242546
-3.8448832;42.7243195
-3.8451462;42.7244263
-3.8449464;42.7245979
-3.8450208;42.7245140
-3.8431935;42.7245178
-3.8430958;42.7246132
-3.8428631;42.7245331
-3.8449903;42.7246170
-3.8445051;42.7246857
-3.8448770;42.7247200
-3.8449538;42.7247353
-3.8448143;42.7248039
-3.8432860;42.7248650
-3.8443413;42.7249184
-3.8430192;42.7249489
-3.8443751;42.7249603
-3.8430591;42.7249641
-3.8445995;42.7250023
-3.8433053;42.7250252
-3.8436086;42.7250900
-3.8437669;42.7250290
-3.8431959;42.7251015
-3.8439219;42.7251549
-3.8439596;42.7251549
-3.8449588;42.7251930
-3.8437865;42.7252045
-3.8435397;42.7252579
-3.8434722;42.7252693
-3.8434539;42.7251778
-3.8433478;42.7253151
-3.8431773;42.7253456
-3.8436692;42.7254333
-3.8443913;42.7255058
-3.8445542;42.7255096
-3.8411479;42.7255020
-3.8411369;42.7255211
-3.8424213;42.7255287
-3.8423209;42.7255478
-3.8419595;42.7254715
-3.8412824;42.7255516
-3.8415549;42.7254028
-3.8450453;42.7256203
-3.8452601;42.7255898
-3.8448713;42.7254181
-3.8447537;42.7256355
-3.8447902;42.7256584
-3.8409951;42.7256927
-3.8444657;42.7257004
-3.8437743;42.7257156
-3.8440518;42.7256203
-3.8445935;42.7258186
-3.8451395;42.7258224
-3.8437643;42.7258797
-3.8439283;42.7259636
-3.8443089;42.7260094
-3.8439510;42.7260857
-3.8437650;42.7261162
-3.8439751;42.7261620
-3.8438945;42.7261734
-3.8440218;42.7262726
-3.7745597;42.7278824
-3.7985241;42.7280006
-3.7986393;42.7283783
-3.7969937;42.7315369
-3.8015392;42.7329102
-3.8037937;42.7330780
-3.8038161;42.7333336
-3.8033350;42.7333717
-3.8007216;42.7334099
-3.8003805;42.7333679
-3.8013041;42.7334366
-3.8010061;42.7334633
-3.8009844;42.7332878
-3.8038232;42.7335052
-3.8013546;42.7335510
-3.8015456;42.7335587
-3.8006487;42.7335892
-3.8016601;42.7336197
-3.8011768;42.7336540
-3.8009048;42.7337151
-3.8016503;42.7338371
-3.8019459;42.7339478
-3.8016827;42.7341080
-3.8020351;42.7341957
-3.8018456;42.7343178
-3.8017554;42.7343407
-3.8017828;42.7344208
-3.8017020;42.7345085
-3.8036530;42.7346268
-3.8021958;42.7346725
-3.8019893;42.7347565
-3.8009872;42.7347908
-3.8018999;42.7350197
-3.8016090;42.7354088
-3.8021379;42.7359352
-3.8020699;42.7359695
-3.8005562;42.7361336
-3.8022790;42.7361450
-3.8024991;42.7361031
-3.8014565;42.7360840
-3.8011048;42.7364540
-3.8016443;42.7364960
-3.8012269;42.7365227
-3.8011813;42.7365837
-3.8020117;42.7364235
-3.8018403;42.7365875
-3.8008385;42.7366982
-3.8013294;42.7367287
-3.8013873;42.7367668
-3.8016622;42.7367668
-3.8012924;42.7368240
-3.8023715;42.7368240
-3.8019998;42.7368660
-3.8009269;42.7368698
-3.8007669;42.7369347
-3.8010812;42.7369232
-3.8006873;42.7369499
-3.8012292;42.7369957
-3.8002269;42.7384911
-3.8019986;42.7519379
-3.8031166;42.7523575
-3.8032386;42.7523422
-3.8030646;42.7523651
-3.8030555;42.7522926
-3.8030560;42.7525253
-3.8028884;42.7525291
-3.8026028;42.7522049
-3.8032589;42.7525482
-3.8031659;42.7525520
-3.8033922;42.7525597
-3.8035190;42.7525597
-3.8036985;42.7525482
-3.8035386;42.7523422
-3.8029194;42.7525597
-3.8030894;42.7525711
-3.8026857;42.7526093
-3.8028390;42.7526207
-3.8027587;42.7526321
-3.8022423;42.7520943
-3.8031299;42.7526855
-3.8029051;42.7527046
-3.8031242;42.7527466
-3.8034124;42.7528038
-3.8036642;42.7527962
-3.8030200;42.7528534
-3.8028488;42.7529907
-3.8033900;42.7530403
-3.8035457;42.7530403
-3.8035874;42.7530403
-3.8037741;42.7530212
-3.8037350;42.7531509
-3.8028498;42.7531967
-3.8030651;42.7532272
-3.8038335;42.7532616
-3.8033051;42.7532616
-3.8033459;42.7533226
-3.8038244;42.7533302
-3.8035860;42.7533340
-3.8030627;42.7533379
-3.8032801;42.7533951
-3.8041363;42.7534294
-3.8039093;42.7533951
-3.8030713;42.7534523
-3.8031492;42.7534866
-3.8036001;42.7534904
-3.8038285;42.7535019
-3.8028479;42.7535744
-3.8036370;42.7536545
-3.8037965;42.7536545
-3.8038409;42.7536621
-3.8039279;42.7536659
-3.8038437;42.7537613
-3.8046367;42.7529068
-3.8040786;42.7538872
-3.8037050;42.7539597
-3.8027208;42.7540398
-3.8039572;42.7540627
-3.8030181;42.7540932
-3.8039057;42.7541313
-3.8030193;42.7548599
-3.8028877;42.7550926
-3.8021405;42.7552299
-3.8018193;42.7556725
-3.8021107;42.7556992
-3.8019896;42.7557831
-3.8015215;42.7560921
-3.8100789;42.7623253
-3.7966061;42.6030197
-3.7968223;42.6031303
-3.8282137;42.5926666
-3.8279548;42.5926666
-3.8011796;42.5986404
-3.8009257;42.5987778
-3.7997491;42.6004601
-3.7996786;42.6005859
-3.8437259;42.6242752
-3.8436525;42.6244240
-3.8481631;42.5925255
-3.8476267;42.5925255
-3.8466346;42.5925255
-3.8382952;42.5925636
-3.8032987;42.5983696
-3.8018253;42.5984077
-3.8053854;42.5991859
-3.8078020;42.5994797
-3.8072827;42.5994873
-3.8090212;42.5993729
-3.8088982;42.5996017
-3.8076043;42.5996094
-3.8082967;42.5996208
-3.8082156;42.5996552
-3.8088689;42.5996552
-3.8078749;42.5996399
-3.8080149;42.5996704
-3.8091464;42.5997086
-3.8217547;42.5997200
-3.8085325;42.5997276
-3.8001323;42.5997353
-3.8079879;42.5997734
-3.8072255;42.5996704
-3.8088028;42.5997810
-3.8081977;42.5998268
-3.8070920;42.5998421
-3.8084309;42.5998955
-3.8074484;42.5999794
-3.8086493;42.5999794
-3.8087595;42.6000404
-3.8076720;42.6000671
-3.8090146;42.6000900
-3.8093874;42.6000595
-3.8092003;42.6001434
-3.8097537;42.6001968
-3.8094599;42.6002426
-3.8086355;42.6002617
-3.8086739;42.6001740
-3.8095067;42.6002655
-3.8083603;42.6002655
-3.8080773;42.6002998
-3.8090787;42.6003113
-3.8062055;42.5999489
-3.8087966;42.6003342
-3.7997997;42.6003571
-3.8087604;42.6003952
-3.8092005;42.6004066
-3.8218524;42.6004448
-3.8092976;42.6005135
-3.8090210;42.6005211
-3.8098805;42.6005707
-3.8098059;42.6006470
-3.8097305;42.6005745
-3.8099692;42.6007271
-3.8094952;42.6007729
-3.8097343;42.6008911
-3.8090928;42.6009178
-3.8098752;42.6010361
-3.8102937;42.6010742
-3.8099322;42.6011238
-3.8103206;42.6011276
-3.8101263;42.6011620
-3.8105075;42.6012459
-3.8102226;42.6012535
-3.7985625;42.6017990
-3.7971258;42.6022339
-3.7955241;42.6023331
-3.7962542;42.6025009
-3.7958319;42.6026268
-3.7954807;42.6027298
-3.7962296;42.6028328
-3.7965684;42.6030006
-3.7944918;42.6030312
-3.8197281;42.6045914
-3.8008816;42.6052132
-3.8009040;42.6052246
-3.8147919;42.6052475
-3.7872407;42.6063080
-3.8044767;42.6070175
-3.8073828;42.6084518
-3.8075230;42.6085205
-3.8453381;42.6163559
-3.8451297;42.6160278
-3.8164601;42.6164322
-3.8471470;42.6164322
-3.8472540;42.6163177
-3.8473744;42.6165085
-3.8470817;42.6165352
-3.8456993;42.6165428
-3.8164818;42.6165657
-3.8453722;42.6165771
-3.8450229;42.6165276
-3.8472159;42.6165771
-3.8159075;42.6165886
-3.8162324;42.6163101
-3.8158517;42.6165276
-3.8455913;42.6166801
-3.8459048;42.6162453
-3.8465362;42.6167107
-3.8160470;42.6167374
-3.8467824;42.6168213
-3.8161130;42.6168518
-3.8169644;42.6169243
-3.8167973;42.6169739
-3.8160329;42.6169739
-3.8461952;42.6170044
-3.8461452;42.6169662
-3.8165908;42.6170959
-3.8169374;42.6171036
-3.8468003;42.6171341
-3.8468411;42.6172218
-3.8461130;42.6172714
-3.8171537;42.6172905
-3.8471253;42.6174240
-3.8468792;42.6174583
-3.8460102;42.6176338
-3.8468323;42.6177483
-3.8461552;42.6177826
-3.8463318;42.6175575
-3.8471053;42.6178093
-3.8459978;42.6178207
-3.8459177;42.6178741
-3.8181911;42.6180382
-3.8456798;42.6180458
-3.8451588;42.6185303
-3.8451474;42.6189728
-3.8448105;42.6189842
-3.8446527;42.6190643
-3.8448639;42.6191444
-3.8450336;42.6193047
-3.8448479;42.6193161
-3.8453045;42.6193237
-3.8441896;42.6194305
-3.8450077;42.6194725
-3.8211725;42.6195030
-3.8449779;42.6197166
-3.8218732;42.6197205
-3.8219380;42.6197433
-3.8445702;42.6197586
-3.8443570;42.6197662
-3.8442714;42.6197701
-3.8441424;42.6197777
-3.8439379;42.6197929
-3.8438399;42.6198654
-3.8436143;42.6197319
-3.8436968;42.6199760
-3.8441238;42.6199875
-3.8442380;42.6200066
-3.8435833;42.6200294
-3.8433266;42.6199989
-3.8437710;42.6201134
-3.8456440;42.6201706
-3.8434477;42.6202240
-3.8438947;42.6203499
-3.8437309;42.6203537
-3.8435571;42.6215858
-3.8289084;42.6219215
-3.8438408;42.6227875
-3.8440228;42.6234207
-3.8423176;42.6240883
-3.8426578;42.6240959
-3.8425417;42.6241837
-3.8428864;42.6243515
-3.8436203;42.6245003
-3.8435504;42.6246948
-3.8434520;42.6247559
-3.8440144;42.6248360
-3.8790090;42.5510712
-3.8789113;42.5509377
-3.8832633;42.5468445
-3.8830690;42.5471458
-3.8820817;42.5486565
-3.8812370;42.5503616
-3.8811896;42.5504036
-3.8811610;42.5499001
-3.8804877;42.5504837
-3.8807549;42.5507355
-3.8805254;42.5509033
-3.8788803;42.5509071
-3.8788342;42.5508614
-3.8803954;42.5509949
-3.8805406;42.5510979
-3.8807778;42.5511055
-3.8800809;42.5511513
-3.8790653;42.5511703
-3.8799605;42.5511856
-3.8791785;42.5512161
-3.8798599;42.5512199
-3.8792691;42.5512619
-3.8797483;42.5512962
-3.8806362;42.5513039
-3.8800805;42.5513115
-3.8789961;42.5513535
-3.8803909;42.5514603
-3.8804457;42.5515175
-3.8807182;42.5515327
-3.8794401;42.5516777
-3.8791337;42.5517273
-3.8786740;42.5517502
-3.8788598;42.5517845
-3.8785298;42.5518036
-3.8797662;42.5518188
-3.8789492;42.5519028
-3.8789692;42.5519600
-3.8799086;42.5520134
-3.8783698;42.5520134
-3.8785396;42.5521126
-3.8778868;42.5521431
-3.8785193;42.5521774
-3.8775463;42.5522957
-3.8782694;42.5522957
-3.8783534;42.5523224
-3.8773112;42.5523300
-3.8773930;42.5524483
-3.8785732;42.5526085
-3.8695092;42.5709801
-3.8668575;42.5712166
-3.8662589;42.5710068
-3.8658731;42.5712776
-3.8657720;42.5711899
-3.8665628;42.5711021
-3.8660927;42.5715065
-3.8678319;42.5715332
-3.8684726;42.5714569
-3.8674245;42.5712852
-3.8671567;42.5715675
-3.8677850;42.5715752
-3.8662674;42.5716743
-3.8662422;42.5717392
-3.8658605;42.5718307
-3.8668957;42.5718498
-3.8659134;42.5718575
-3.8672285;42.5718803
-3.8673689;42.5719261
-3.8667309;42.5720558
-3.8665712;42.5720749
-3.8677373;42.5721016
-3.8663037;42.5721397
-3.8683271;42.5720634
-3.8678694;42.5721550
-3.8666806;42.5721893
-3.8676374;42.5721970
-3.8660657;42.5722084
-3.8669531;42.5722237
-3.8674984;42.5722389
-3.8671606;42.5722656
-3.8677630;42.5722961
-3.8674684;42.5723495
-3.8670952;42.5723495
-3.8680677;42.5723610
-3.8669097;42.5724144
-3.8675051;42.5724220
-3.8676975;42.5724411
-3.8662324;42.5725250
-3.8664322;42.5725899
-3.8663704;42.5726051
-3.8670378;42.5727158
-3.8670456;42.5728149
-3.8670137;42.5729408
-3.8837342;42.5773849
-3.8832304;42.5896873
-3.8806217;42.5900421
-3.8727322;42.5907211
-3.8706346;42.5908966
-3.8663018;42.5912666
-3.8559408;42.5921555
-3.7860918;42.4769287
-3.7859733;42.4770317
-3.7992315;42.4672966
-3.7993057;42.4673843
-3.7999873;42.4679985
-3.8000736;42.4680328
-3.8005836;42.4682198
-3.8006821;42.4682579
-3.8011377;42.4684486
-3.8012691;42.4685020
-3.8063271;42.4754791
-3.8062866;42.4753532
-3.8087349;42.4821815
-3.8087113;42.4821320
-3.8163114;42.4930801
-3.8162327;42.4930191
-3.8194337;42.4949265
-3.8193343;42.4948959
-3.7973771;42.4651566
-3.7970707;42.4663429
-3.8010530;42.4684143
-3.8018453;42.4687691
-3.8039718;42.4691734
-3.8044722;42.4692688
-3.8053153;42.4699593
-3.8026383;42.4710121
-3.8026607;42.4710579
-3.8088756;42.4718475
-3.8146474;42.4742508
-3.8196361;42.4757385
-3.7717690;42.4748268
-3.7729640;42.4757538
-3.7731464;42.4757462
-3.8071961;42.4767914
-3.7861114;42.4769135
-3.7763534;42.4778214
-3.7769387;42.4779968
-3.7790554;42.4781876
-3.7845507;42.4782448
-3.7842824;42.4784698
-3.8077044;42.4788780
-3.7807877;42.4790192
-3.7832386;42.4792366
-3.7830195;42.4791641
-3.7834105;42.4792976
-3.7836366;42.4791870
-3.7834833;42.4793243
-3.7831674;42.4793663
-3.7824657;42.4794464
-3.7824876;42.4792175
-3.7839339;42.4794464
-3.7853718;42.4794884
-3.7856762;42.4788399
-3.7839146;42.4795227
-3.7841635;42.4795723
-3.7833340;42.4795761
-3.7832329;42.4795380
-3.7852135;42.4796143
-3.7838719;42.4797211
-3.7838621;42.4797668
-3.7850730;42.4798126
-3.7822363;42.4798203
-3.7870746;42.4798279
-3.7874773;42.4794846
-3.7852695;42.4798279
-3.7834384;42.4798355
-3.7859409;42.4798546
-3.7821805;42.4798889
-3.7859976;42.4799042
-3.7862601;42.4798965
-3.7852407;42.4799080
-3.7838318;42.4799080
-3.7849984;42.4799194
-3.7833562;42.4799690
-3.7845771;42.4800606
-3.7838097;42.4800758
-3.7832394;42.4802132
-3.7820287;42.4802170
-3.7860599;42.4802856
-3.7835519;42.4803009
-3.7837601;42.4803200
-3.7860498;42.4804115
-3.7818754;42.4804115
-3.7812252;42.4801826
-3.7837272;42.4804230
-3.7838426;42.4804420
-3.7822461;42.4804497
-3.7864237;42.4804649
-3.7834206;42.4805374
-3.7863419;42.4805450
-3.7836783;42.4805756
-3.7848403;42.4806442
-3.7868078;42.4806557
-3.7849226;42.4806824
-3.7825835;42.4807396
-3.7860117;42.4807968
-3.7829902;42.4808693
-3.7828085;42.4809723
-3.7853906;42.4809875
-3.7855461;42.4810867
-3.7827473;42.4811020
-3.7833965;42.4811172
-3.7843630;42.4811287
-3.7845991;42.4812012
-3.7842495;42.4812088
-3.7857835;42.4812393
-3.7821419;42.4812393
-3.7852490;42.4812622
-3.7821569;42.4813080
-3.7817848;42.4813156
-3.7815967;42.4812202
-3.7836535;42.4813194
-3.7839587;42.4813232
-3.7837214;42.4813652
-3.7837369;42.4814415
-3.7848988;42.4814606
-3.7819302;42.4815140
-3.7841401;42.4815445
-3.7825909;42.4815559
-3.8264704;42.4815750
-3.7831192;42.4815979
-3.7825506;42.4816093
-3.7835665;42.4816246
-3.7830815;42.4816666
-3.7843993;42.4816895
-3.7831380;42.4817123
-3.7817688;42.4817276
-3.7822723;42.4818459
-3.7822320;42.4818840
-3.8086793;42.4820633
-3.7839849;42.4822884
-3.7817211;42.4825974
-3.8274155;42.4826584
-3.7824516;42.4827995
-3.8284614;42.4829102
-3.8091230;42.4830437
-3.8090436;42.4831238
-3.8088782;42.4832993
-3.8281982;42.4836235
-3.8295150;42.4836311
-3.8281894;42.4836540
-3.8276479;42.4836998
-3.8275630;42.4837074
-3.8283377;42.4837494
-3.8286290;42.4837532
-3.8276525;42.4837837
-3.8275824;42.4837875
-3.8288193;42.4838409
-3.8289301;42.4836426
-3.8293560;42.4838486
-3.8292534;42.4838448
-3.8281403;42.4838753
-3.8282387;42.4838905
-3.8101120;42.4839134
-3.8308036;42.4838257
-3.8302970;42.4839172
-3.8288438;42.4839172
-3.8300862;42.4839325
-3.8301504;42.4837646
-3.8101337;42.4839363
-3.8292224;42.4839363
-3.8293653;42.4839439
-3.8086650;42.4839554
-3.8091624;42.4834480
-3.8295844;42.4839554
-3.8296244;42.4839592
-3.8284438;42.4839592
-3.8296127;42.4840088
-3.8093185;42.4840126
-3.8093555;42.4839134
-3.8091218;42.4838753
-3.8292248;42.4840775
-3.8280852;42.4841232
-3.8302023;42.4840736
-3.8300140;42.4841423
-3.8292496;42.4841690
-3.8301001;42.4841843
-3.8086495;42.4841919
-3.8091474;42.4842148
-3.8085251;42.4842567
-3.8082333;42.4841347
-3.8295262;42.4842682
-3.8087502;42.4842911
-3.8294888;42.4843216
-3.8287554;42.4843864
-3.8091807;42.4844475
-3.8098304;42.4840012
-3.8095198;42.4844780
-3.8098943;42.4845200
-3.8100572;42.4842911
-3.8090606;42.4845390
-3.8094854;42.4845734
-3.8091238;42.4846001
-3.8100493;42.4846191
-3.8081987;42.4846497
-3.8080571;42.4845276
-3.8092594;42.4847145
-3.8086815;42.4847450
-3.8087294;42.4847908
-3.8080585;42.4848213
-3.8094640;42.4848328
-3.8079467;42.4849129
-3.8078017;42.4848251
-3.8098519;42.4849358
-3.8089812;42.4849510
-3.8077724;42.4850502
-3.8086269;42.4851227
-3.8111215;42.4851227
-3.8110056;42.4851761
-3.8088510;42.4852066
-3.8145676;42.4877357
-3.7785053;42.4910812
-3.8158529;42.4920654
-3.8165863;42.4932213
-3.7779739;42.4933891
-3.8208544;42.4947166
-3.8377237;42.4991684
-3.7764435;42.5001259
-3.8359406;42.5085030
-3.8335001;42.5142288
-3.8335981;42.5147820
-3.8336949;42.5152397
-3.8325548;42.5156784
-3.8319736;42.5156593
-3.8337462;42.5157089
-3.8339291;42.5157471
-3.8339214;42.5154724
-3.8338926;42.5159302
-3.8341966;42.5159569
-3.8338864;42.5159607
-3.8331306;42.5165634
-3.8328142;42.5165710
-3.8344679;42.5164375
-3.8343966;42.5166016
-3.8339610;42.5167122
-3.8331196;42.5167198
-3.8339829;42.5167465
-3.8328717;42.5167465
-3.8332307;42.5167542
-3.8326416;42.5167923
-3.8325217;42.5167961
-3.8325098;42.5165482
-3.8323631;42.5167618
-3.8326089;42.5169334
-3.8324955;42.5169296
-3.8330107;42.5169983
-3.8327432;42.5169449
-3.8325984;42.5169983
-3.8323560;42.5169907
-3.8326004;42.5171928
-3.8338807;42.5172272
-3.8326209;42.5173302
-3.8325047;42.5173874
-3.8326833;42.5175476
-3.8339291;42.5175629
-3.8327601;42.5175781
-3.8324788;42.5178566
-3.8326743;42.5179863
-3.8340383;42.5180206
-3.8322344;42.5182571
-3.8652291;42.5186424
-3.8615062;42.5188141
-3.8608546;42.5188446
-3.8509614;42.5192947
-3.8463333;42.5199776
-3.8334537;42.5207253
-3.8418717;42.5210381
-3.8399611;42.5217743
-3.8336873;42.5223045
-3.8373685;42.5234108
-3.5491824;42.4746552
-3.5489624;42.4745598
-3.5894442;42.4787483
-3.5893795;42.4789047
-3.5584893;42.4664421
-3.5583615;42.4664001
-3.5851660;42.4690628
-3.5850804;42.4690208
-3.5910974;42.4692078
-3.5909352;42.4693184
-3.5877073;42.4702606
-3.5876026;42.4702110
-3.5525055;42.4684525
-3.5524828;42.4683876
-3.5518062;42.4730759
-3.5518208;42.4729958
-3.5503559;42.4753342
-3.5502605;42.4753838
-3.5309918;42.4893723
-3.5309076;42.4894371
-3.5441823;42.4738350
-3.5435724;42.4736862
-3.5404036;42.4730339
-3.5493503;42.4755211
-3.5489554;42.4760933
-3.5487490;42.4763947
-3.5480714;42.4753647
-3.5257075;42.4649696
-3.5986178;42.4651833
-3.5558069;42.4655685
-3.5587900;42.4665413
-3.5819037;42.4668274
-3.5809414;42.4672241
-3.5809133;42.4672279
-3.5805769;42.4672775
-3.5809481;42.4672813
-3.5801504;42.4672813
-3.5815291;42.4673691
-3.5805750;42.4674950
-3.5816193;42.4675331
-3.5812049;42.4675713
-3.5811868;42.4676437
-3.5525908;42.4676666
-3.5806427;42.4676666
-3.5822926;42.4666176
-3.5814307;42.4677658
-3.5802395;42.4677773
-3.5810342;42.4678192
-3.5808713;42.4678535
-3.5808940;42.4679108
-3.5792122;42.4679146
-3.5807254;42.4679489
-3.5811138;42.4679909
-3.5811341;42.4680138
-3.5803516;42.4680443
-3.5805268;42.4680786
-3.5809624;42.4680977
-3.5802994;42.4681129
-3.5806112;42.4681244
-3.5801768;42.4681358
-3.5798697;42.4681664
-3.5806134;42.4682159
-3.5800545;42.4682503
-3.5807853;42.4682999
-3.5797870;42.4683113
-3.5804090;42.4683151
-3.5793533;42.4683380
-3.5795858;42.4683533
-3.5808260;42.4683838
-3.5806184;42.4684372
-3.5808973;42.4684715
-3.5302818;42.4684753
-3.5808856;42.4685211
-3.5303807;42.4685440
-3.5813861;42.4685707
-3.5814841;42.4685860
-3.5842211;42.4686165
-3.5805511;42.4686470
-3.5815170;42.4686584
-3.5525892;42.4686890
-3.5778337;42.4688225
-3.5848300;42.4689026
-3.5816805;42.4689293
-3.5765328;42.4689674
-3.5743263;42.4690628
-3.5814219;42.4691811
-3.5866480;42.4697609
-3.5893838;42.4704781
-3.5349801;42.4719009
-3.5393219;42.4728203
-3.5464091;42.4736633
-3.5460894;42.4735527
-3.5466096;42.4736938
-3.5466466;42.4733276
-3.5516517;42.4738274
-3.5463030;42.4739876
-3.5442896;42.4740753
-3.5438874;42.4739265
-3.5506258;42.4741173
-3.5448096;42.4741478
-3.5448351;42.4741592
-3.5451798;42.4740753
-3.5449371;42.4742126
-3.5504301;42.4742470
-3.5514486;42.4743042
-3.5461440;42.4743233
-3.5459514;42.4739761
-3.5511701;42.4743042
-3.5507665;42.4743462
-3.5462608;42.4743958
-3.5505915;42.4744148
-3.5454731;42.4744568
-3.5456030;42.4744873
-3.5462720;42.4744873
-3.5461929;42.4744873
-3.5500195;42.4744911
-3.5498114;42.4745140
-3.5445960;42.4745216
-3.5457931;42.4745293
-3.5488896;42.4745560
-3.5507655;42.4745712
-3.5498219;42.4746513
-3.5492203;42.4746780
-3.5492489;42.4747162
-3.5455999;42.4747391
-3.5499969;42.4747505
-3.5457346;42.4747696
-3.5500734;42.4747963
-3.5897000;42.4748192
-3.5452621;42.4748268
-3.5457060;42.4748650
-3.5500159;42.4748802
-3.5462382;42.4749069
-3.5456948;42.4749298
-3.5493364;42.4749565
-3.5454392;42.4749718
-3.5494590;42.4750557
-3.5451386;42.4750824
-3.5450711;42.4751091
-3.5452411;42.4751968
-3.5500095;42.4752045
-3.5505292;42.4752350
-3.5453582;42.4752884
-3.5445247;42.4753723
-3.5460150;42.4754448
-3.5489595;42.4755020
-3.5495477;42.4757690
-3.5897992;42.4764671
-3.5476439;42.4785347
-3.5420029;42.4820595
-3.5864713;42.4821014
-3.5408328;42.4826202
-3.5407252;42.4826698
-3.5857437;42.4828568
-3.5381677;42.4838486
-3.5378850;42.4839783
-3.5332351;42.4866676
-3.5308435;42.4894829
-3.5277562;42.4916687
-3.5276070;42.4917755
-3.5795329;42.4927711
-3.5265684;42.4934273
-3.5783584;42.4947472
-3.5763521;42.4996834
-3.5790470;42.5030975
-3.5765021;42.5031853
-3.5726194;42.5045013
-3.5720756;42.5044098
-3.5712714;42.5045013
-3.5717330;42.5045319
-3.5722065;42.5046234
-3.5722497;42.5046539
-3.5719829;42.5046997
-3.5709345;42.5047302
-3.5706739;42.5045319
-3.5714090;42.5048141
-3.5725493;42.5048714
-3.5728276;42.5049057
-3.5717044;42.5049133
-3.5708354;42.5049133
-3.5716836;42.5049324
-3.5725150;42.5049324
-3.5708230;42.5049515
-3.5706303;42.5049210
-3.5717981;42.5049706
-3.5720305;42.5050468
-3.5708084;42.5050621
-3.5720913;42.5050697
-3.5703988;42.5050774
-3.5722914;42.5051384
-3.5708797;42.5051498
-3.5714719;42.5051727
-3.5723910;42.5051727
-3.5710392;42.5051765
-3.5712681;42.5051804
-3.5725403;42.5052223
-3.5708835;42.5052414
-3.5707982;42.5052414
-3.5720053;42.5052452
-3.5704415;42.5052490
-3.5725136;42.5052681
-3.5710042;42.5052910
-3.5727720;42.5052986
-3.5719943;42.5053482
-3.5708010;42.5053787
-3.5713766;42.5053940
-3.5720518;42.5054245
-3.5716259;42.5054474
-3.5720663;42.5054512
-3.5717862;42.5054588
-3.5712547;42.5054588
-3.5722106;42.5054855
-3.5713475;42.5055084
-3.5713866;42.5055161
-3.5728226;42.5055313
-3.5707257;42.5055466
-3.5710166;42.5054893
-3.5715966;42.5055618
-3.5717511;42.5055847
-3.5720663;42.5056267
-3.5721686;42.5056343
-3.5717738;42.5056648
-3.5719512;42.5056877
-3.5722082;42.5057259
-3.5728586;42.5057487
-3.5722258;42.5058060
-3.5720103;42.5059128
-3.5714161;42.5057869
-3.5709784;42.5059204
-3.5723422;42.5060310
-3.5732458;42.5062943
-3.5732577;42.5066032
-3.5732617;42.5067101
-3.5733018;42.5072899
-3.5732121;42.5089302
-3.5722301;42.5103683
-3.5714517;42.5115471
-3.5713980;42.5119057
-3.5702162;42.5194206
-3.5591466;42.5317421
-3.5586503;42.5321503
-3.5589120;42.5323067
-3.5579987;42.5325584
-3.5578713;42.5326347
-3.5576639;42.5327568
-3.5576444;42.5329323
-3.5574179;42.5328522
-3.5572822;42.5329628
-3.5571084;42.5330315
-3.5574827;42.5330696
-3.5570285;42.5330925
-3.5572350;42.5330696
-3.5571599;42.5331306
-3.5573106;42.5332298
-3.5572929;42.5332565
-3.5569382;42.5332756
-3.5569844;42.5333595
-3.5567045;42.5334435
-3.5560997;42.5332909
-3.5559101;42.5336189
-3.5548005;42.5332603
-3.5558743;42.5336609
-3.5557418;42.5337029
-3.5560081;42.5337601
-3.5557745;42.5337868
-3.5558848;42.5338211
-3.5550542;42.5338516
-3.5551579;42.5339584
-3.5553641;42.5339622
-3.5551867;42.5339851
-3.5551050;42.5340195
-3.5545628;42.5340843
-3.5557995;42.5340843
-3.5542450;42.5341034
-3.5555177;42.5346107
-3.5554998;42.5346565
-3.7505305;42.7165489
-3.7506759;42.7164688
-3.7514682;42.7165070
-3.7482173;42.7136841
-3.7481275;42.7135506
-3.7782128;42.6389046
-3.7781210;42.6388321
-3.7878976;42.6411896
-3.7878265;42.6411285
-3.7799208;42.6627693
-3.7800250;42.6628304
-3.7454128;42.6706276
-3.7456045;42.6705513
-3.7364957;42.6816025
-3.7363105;42.6814766
-3.7367911;42.6840858
-3.7367680;42.6839905
-3.7527571;42.7258835
-3.7526908;42.7258339
-3.7677908;42.7271881
-3.7676978;42.7272339
-3.7510550;42.7435112
-3.7511885;42.7434959
-3.7269027;42.7069588
-3.7267771;42.7069244
-3.7329588;42.7150421
-3.7328556;42.7150764
-3.7039692;42.7256966
-3.7037218;42.7257996
-3.7022426;42.7261505
-3.7020509;42.7261925
-3.6999192;42.7304497
-3.6997712;42.7306099
-3.6873488;42.7395744
-3.6870041;42.7397957
-3.7372301;42.6902122
-3.7373188;42.6902504
-3.7453010;42.6515770
-3.7437994;42.6449890
-3.7440252;42.6449394
-3.7436383;42.6443176
-3.7428432;42.6408043
-3.7432001;42.6406174
-3.7428589;42.6404076
-3.7427018;42.6404686
-3.7477467;42.6433907
-3.7856662;42.6071014
-3.7850149;42.6074371
-3.7395012;42.6236763
-3.7391188;42.6235275
-3.7453139;42.6259346
-3.7454541;42.6259918
-3.7658567;42.6329002
-3.7672491;42.6337738
-3.7693160;42.6351891
-3.7695518;42.6352959
-3.7700095;42.6355057
-3.7739773;42.6352119
-3.7733850;42.6355858
-3.7728384;42.6357880
-3.7726440;42.6358986
-3.7728477;42.6360321
-3.7723875;42.6360512
-3.7723622;42.6361237
-3.7729454;42.6361732
-3.7731633;42.6362648
-3.7729833;42.6363335
-3.7724097;42.6364250
-3.7733047;42.6364288
-3.7720642;42.6364555
-3.7742732;42.6364365
-3.7751367;42.6363297
-3.7740383;42.6364784
-3.7733049;42.6364822
-3.7741432;42.6365128
-3.7732930;42.6365204
-3.7739136;42.6365776
-3.7734194;42.6366081
-3.7724209;42.6366272
-3.7724645;42.6366501
-3.7724881;42.6366615
-3.7735357;42.6366920
-3.7721045;42.6367340
-3.7731938;42.6367340
-3.7738469;42.6368179
-3.7737691;42.6368294
-3.7728910;42.6368561
-3.7729414;42.6368790
-3.7740622;42.6369019
-3.7730246;42.6369171
-3.7729259;42.6369362
-3.7731361;42.6369667
-3.7725599;42.6369934
-3.7737138;42.6370354
-3.7735355;42.6370583
-3.7735932;42.6370659
-3.7723365;42.6370697
-3.7723522;42.6369133
-3.7731719;42.6370888
-3.7732899;42.6370964
-3.7720354;42.6371880
-3.7721138;42.6372261
-3.7723281;42.6372948
-3.7724791;42.6372948
-3.7733195;42.6373405
-3.7719219;42.6373634
-3.7723286;42.6374397
-3.7749598;42.6374817
-3.7754679;42.6375465
-3.7426775;42.6402893
-3.8000684;42.6461411
-3.8008499;42.6463852
-3.7528822;42.6464806
-3.8017836;42.6466866
-3.8192103;42.6501122
-3.8216414;42.6502838
-3.8219709;42.6499596
-3.8220663;42.6502838
-3.8201268;42.6503830
-3.8221762;42.6504211
-3.8216341;42.6504326
-3.8209896;42.6503181
-3.8202169;42.6498489
-3.8202469;42.6504860
-3.8211415;42.6505737
-3.8216159;42.6505890
-3.8211319;42.6506310
-3.8204274;42.6506538
-3.8201063;42.6506920
-3.8220520;42.6506958
-3.8217399;42.6507149
-3.8222556;42.6507988
-3.8219526;42.6509018
-3.8219361;42.6509399
-3.8219697;42.6511765
-3.8223855;42.6512070
-3.8209987;42.6512642
-3.8210139;42.6512909
-3.8206151;42.6514702
-3.8211343;42.6514893
-3.8208184;42.6514473
-3.7453184;42.6516571
-3.8203397;42.6517410
-3.8216276;42.6517448
-3.8213031;42.6517601
-3.7453494;42.6518021
-3.8214450;42.6518822
-3.8216662;42.6520805
-3.8214777;42.6522865
-3.8219962;42.6522942
-3.7691939;42.6563377
-3.7487419;42.6595421
-3.6604395;42.6613731
-3.6601913;42.6585732
-3.7495933;42.6630898
-3.7804818;42.6631126
-3.6625948;42.6662674
-3.6626310;42.6663284
-3.6636305;42.6690598
-3.7456582;42.6705284
-3.7371621;42.6759415
-3.6645660;42.6804314
-3.6646371;42.6808319
-3.6652811;42.6848183
-3.6653032;42.6849556
-3.6655047;42.6855049
-3.7560151;42.6857681
-3.7560279;42.6855850
-3.7557209;42.6857719
-3.7559974;42.6859398
-3.7564614;42.6859589
-3.7559161;42.6862755
-3.7558796;42.6863670
-3.7563941;42.6864891
-3.7565238;42.6865616
-3.7566609;42.6866493
-3.7571585;42.6866722
-3.7567379;42.6866951
-3.7563589;42.6867867
-3.7556627;42.6868362
-3.7562525;42.6869278
-3.7555690;42.6869659
-3.7558603;42.6870155
-3.6670773;42.6873894
-3.7535319;42.6889267
-3.7363565;42.6899376
-3.7452545;42.6892815
-3.6726978;42.6943207
-3.6728356;42.6946602
-3.6726489;42.6947327
-3.6720488;42.6945534
-3.6734400;42.6947708
-3.6728985;42.6948662
-3.6738191;42.6949081
-3.6747022;42.6950264
-3.6744425;42.6950455
-3.6741388;42.6950684
-3.6742759;42.6948776
-3.6739385;42.6951790
-3.6739879;42.6952362
-3.6731791;42.6952591
-3.6738658;42.6952858
-3.6749191;42.6953239
-3.6748793;42.6953392
-3.6737106;42.6953430
-3.6741879;42.6953888
-3.6742079;42.6954079
-3.6732986;42.6954231
-3.6742775;42.6954803
-3.6739712;42.6955833
-3.6737320;42.6956100
-3.6740644;42.6956367
-3.6744046;42.6956711
-3.6741407;42.6956825
-3.6734629;42.6957817
-3.6739385;42.6957855
-3.6740158;42.6958580
-3.6747365;42.6958885
-3.6747739;42.6958961
-3.6736174;42.6960716
-3.6736827;42.6961327
-3.6738236;42.6961365
-3.6737351;42.6961784
-3.6744807;42.6963463
-3.6739786;42.6970596
-3.7307410;42.7008209
-3.7014451;42.7017059
-3.7014749;42.7017593
-3.7016039;42.7020645
-3.7018077;42.7025604
-3.7017291;42.7026062
-3.7015605;42.7026443
-3.7017932;42.7027969
-3.6993363;42.7028313
-3.7016740;42.7028580
-3.7069485;42.7029572
-3.7069116;42.7029686
-3.7059648;42.7031021
-3.7060726;42.7028809
-3.7047322;42.7033539
-3.7046170;42.7034111
-3.7045081;42.7035065
-3.7049346;42.7036552
-3.7068446;42.7034531
-3.7065518;42.7038612
-3.7066507;42.7039986
-3.7008615;42.7045174
-3.7002521;42.7046204
-3.7001445;42.7038803
-3.7001581;42.7050323
-3.7281172;42.7072792
-3.7386260;42.7107239
-3.7387278;42.7107697
-3.7387865;42.7107964
-3.7387190;42.7108841
-3.7380612;42.7108994
-3.7382364;42.7109184
-3.7385700;42.7110748
-3.7387421;42.7110825
-3.7395942;42.7111397
-3.7387130;42.7111702
-3.7390733;42.7112732
-3.7394936;42.7113113
-3.7385712;42.7113533
-3.7402091;42.7114067
-3.7384589;42.7114334
-3.7407975;42.7115097
-3.7388885;42.7115135
-3.7394371;42.7115250
-3.7404296;42.7115479
-3.7383268;42.7115631
-3.7382157;42.7116470
-3.7380030;42.7115669
-3.7387545;42.7116508
-3.7376559;42.7117691
-3.7434952;42.7124405
-3.7441301;42.7126617
-3.7478919;42.7128601
-3.7478948;42.7127457
-3.7454970;42.7129555
-3.7484550;42.7130661
-3.7485142;42.7128220
-3.7479002;42.7131996
-3.7480109;42.7133102
-3.7480924;42.7135010
-3.7482681;42.7137566
-3.7480927;42.7137985
-3.7490094;42.7137833
-3.7484722;42.7140236
-3.7488258;42.7146225
-3.7484102;42.7144547
-3.7489288;42.7147484
-3.7490604;42.7146568
-3.7492325;42.7151222
-3.7493558;42.7151299
-3.7492657;42.7151642
-3.7420173;42.7152252
-3.7496221;42.7151451
-3.7442310;42.7158012
-3.7497232;42.7163124
-3.7521830;42.7163315
-3.7527997;42.7161179
-3.7519636;42.7163849
-3.7515144;42.7163887
-3.7497408;42.7164192
-3.7489603;42.7164917
-3.7498825;42.7165413
-3.7515693;42.7165947
-3.7504320;42.7166481
-3.7478840;42.7169838
-3.7524006;42.7171326
-3.7523024;42.7172356
-3.7492335;42.7173119
-3.7520223;42.7173920
-3.7516131;42.7175636
-3.7514505;42.7180176
-3.7229993;42.7187233
-3.7199063;42.7187881
-3.7197120;42.7191582
-3.7200122;42.7192574
-3.7200668;42.7192879
-3.7205875;42.7193565
-3.7203419;42.7194290
-3.7200491;42.7195244
-3.7200053;42.7195396
-3.7211142;42.7195091
-3.7206814;42.7196198
-3.7196622;42.7196503
-3.7202926;42.7197838
-3.7206488;42.7198181
-3.7204292;42.7198524
-3.7205541;42.7199020
-3.7188904;42.7199821
-3.7212057;42.7199249
-3.7207222;42.7199898
-3.7202382;42.7200317
-3.7208185;42.7201538
-3.7209291;42.7201691
-3.7196829;42.7201729
-3.7196183;42.7201958
-3.7203867;42.7202225
-3.7204213;42.7202492
-3.7200880;42.7202797
-3.7200065;42.7203178
-3.7181132;42.7203712
-3.7190552;42.7205887
-3.7494533;42.7208138
-3.7185457;42.7208481
-3.7170527;42.7208748
-3.7210653;42.7210464
-3.7181950;42.7212257
-3.7495763;42.7216454
-3.7507193;42.7221184
-3.7508926;42.7220726
-3.7497289;42.7222404
-3.7500775;42.7222786
-3.7506964;42.7226067
-3.7506783;42.7223778
-3.7503316;42.7226486
-3.7504218;42.7227478
-3.7500489;42.7228432
-3.7505553;42.7228813
-3.7497191;42.7228889
-3.7493963;42.7229767
-3.7493489;42.7229919
-3.7500393;42.7230186
-3.7497792;42.7230415
-3.7523055;42.7254829
-3.7043469;42.7255363
-3.7532885;42.7262535
-3.7018077;42.7262840
-3.7534809;42.7263794
-3.7566633;42.7274132
-3.7004542;42.7289543
-3.7556288;42.7307320
-3.6994388;42.7309036
-3.6929762;42.7333794
-3.6924891;42.7334747
-3.6849422;42.7404099
-3.6842892;42.7409744
-3.7517469;42.7433739
-3.7204700;42.7495995
-3.7208529;42.7498779
-3.7211468;42.7502365
-3.7226784;42.7507401
-3.7215681;42.7511368
-3.7215552;42.7512207
-3.7213514;42.7514267
-3.7204010;42.7519684
-3.7042243;42.5062370
-3.7041767;42.5061417
-3.7041504;42.5062561
-3.7046144;42.5067329
-3.6455109;42.4992599
-3.6453886;42.4992676
-3.7051647;42.5061302
-3.7050395;42.5061188
-3.7150557;42.5712662
-3.7151082;42.5712509
-3.6291454;42.5143242
-3.6292102;42.5144081
-3.6091692;42.5336418
-3.6093466;42.5337257
-3.6915133;42.5472488
-3.6914110;42.5473366
-3.5908954;42.5666046
-3.5909374;42.5665512
-3.6955476;42.5122414
-3.6960669;42.5112343
-3.6892872;42.4710312
-3.6891694;42.4707718
-3.6920474;42.4771461
-3.6919906;42.4769936
-3.6964471;42.4917145
-3.6969285;42.4911842
-3.7008533;42.5483627
-3.7010291;42.5485992
-3.7101841;42.5689507
-3.7103169;42.5690422
-3.7167552;42.5733414
-3.7168086;42.5733986
-3.7281079;42.6281166
-3.7281170;42.6282082
-3.7273695;42.5300941
-3.7274158;42.5302277
-3.7377083;42.5442581
-3.7378509;42.5446053
-3.6530755;42.4916840
-3.6529436;42.4917336
-3.6485763;42.4938507
-3.6485262;42.4939117
-3.6337790;42.6036110
-3.6337724;42.6036987
-3.6933579;42.5159531
-3.6932666;42.5159454
-3.6790576;42.5432129
-3.6785195;42.5435333
-3.5959530;42.5675583
-3.5958166;42.5674477
-3.5902755;42.5676994
-3.5902386;42.5678596
-3.5889580;42.5764389
-3.5889010;42.5765533
-3.5888000;42.5766373
-3.5887315;42.5766678
-3.7423947;42.6401329
-3.7349753;42.6219368
-3.7348740;42.6217995
-3.7347429;42.6219711
-3.7344670;42.6220474
-3.7344627;42.6218643
-3.7348480;42.6216049
-3.7346356;42.6216583
-3.7345490;42.6219521
-3.7347798;42.6216850
-3.7284050;42.6239510
-3.7281036;42.6240234
-3.7270045;42.6243019
-3.7231655;42.6252708
-3.7274513;42.6237221
-3.7275834;42.6242485
-3.7276778;42.6241760
-3.7274182;42.6242638
-3.7276299;42.6245880
-3.7259691;42.6177139
-3.7275198;42.6239929
-3.7273636;42.6240730
-3.7276685;42.6240158
-3.6714637;42.4642525
-3.6698635;42.4647102
-3.6686807;42.4648476
-3.6676388;42.4656181
-3.6677327;42.4660225
-3.6696765;42.4660378
-3.6682379;42.4663467
-3.6673968;42.4664154
-3.6688695;42.4668121
-3.6652074;42.4669418
-3.6691091;42.4670639
-3.6675229;42.4671593
-3.6666138;42.4673843
-3.6878035;42.4673920
-3.6664536;42.4675789
-3.6681137;42.4677467
-3.6641836;42.4682198
-3.6632023;42.4685326
-3.6655009;42.4687309
-3.6899338;42.4720955
-3.6617506;42.4732895
-3.6615121;42.4735489
-3.6633139;42.4739037
-3.6609359;42.4739227
-3.6608012;42.4740028
-3.6901264;42.4721642
-3.6564715;42.4770050
-3.6933894;42.4806290
-3.6951265;42.4850845
-3.6951568;42.4851570
-3.6963122;42.4880219
-3.6964240;42.4883003
-3.6966896;42.4889526
-3.6970167;42.4890060
-3.6971660;42.4891167
-3.6971805;42.4880753
-3.6968038;42.4892349
-3.7022045;42.4891624
-3.7015636;42.4895401
-3.6543322;42.4897575
-3.6992970;42.4899216
-3.6991510;42.4888344
-3.7007570;42.4900589
-3.7028055;42.4899788
-3.7023211;42.4902496
-3.7030692;42.4903526
-3.7032990;42.4902077
-3.7010527;42.4884262
-3.6997759;42.4903603
-3.7014880;42.4907341
-3.7024384;42.4907684
-3.6995852;42.4908714
-3.7012455;42.4908981
-3.7021096;42.4910278
-3.6982975;42.4913216
-3.6991751;42.4913635
-3.6981573;42.4914169
-3.6984870;42.4914398
-3.6995952;42.4912987
-3.6982567;42.4915619
-3.6986594;42.4916191
-3.6984732;42.4874954
-3.6974075;42.4916306
-3.6531558;42.4916573
-3.6531067;42.4916763
-3.6973951;42.4917221
-3.6963940;42.4917603
-3.6984603;42.4917793
-3.6962655;42.4918785
-3.6983957;42.4918861
-3.6976171;42.4919777
-3.6978357;42.4919891
-3.6980691;42.4920006
-3.6988242;42.4920807
-3.6987031;42.4921417
-3.6960244;42.4921494
-3.6979041;42.4921875
-3.6977148;42.4923248
-3.6984949;42.4924011
-3.6983693;42.4925728
-3.6968656;42.4925995
-3.6980596;42.4928627
-3.6983762;42.4929390
-3.6988959;42.4929695
-3.6992457;42.4930611
-3.7008417;42.4930649
-3.7014380;42.4925156
-3.6979992;42.4930649
-3.6993608;42.4930878
-3.6988609;42.4931030
-3.6492081;42.4931602
-3.6982462;42.4931679
-3.6976137;42.4931984
-3.6974716;42.4932365
-3.6972833;42.4931679
-3.6998363;42.4932365
-3.6978679;42.4932899
-3.6988080;42.4933205
-3.6998632;42.4933472
-3.6983042;42.4933815
-3.6992843;42.4934196
-3.6987970;42.4934273
-3.7006330;42.4934998
-3.6979058;42.4935570
-3.6978903;42.4937668
-3.6971793;42.4937782
-3.6973426;42.4938316
-3.6987233;42.4939613
-3.6986060;42.4937820
-3.6979122;42.4940796
-3.6986625;42.4941101
-3.6988740;42.4942169
-3.6980274;42.4943390
-3.6989636;42.4943428
-3.6996441;42.4943733
-3.6982844;42.4944038
-3.6983044;42.4947853
-3.6976545;42.4947853
-3.6974454;42.4947472
-3.6951826;42.4948845
-3.7000082;42.4949417
-3.6980047;42.4950409
-3.6978087;42.4952126
-3.6990099;42.4954605
-3.6471813;42.4954948
-3.7007368;42.4961548
-3.6462965;42.4965096
-3.6458237;42.4974823
-3.6459291;42.4973602
-3.6454380;42.4975548
-3.6453869;42.4976501
-3.6459048;42.4978180
-3.6453340;42.4978638
-3.6456711;42.4979057
-3.6453371;42.4982758
-3.6454864;42.4982796
-3.6450915;42.4983673
-3.6449633;42.4983406
-3.6453402;42.4983788
-3.6453300;42.4985352
-3.6450548;42.4985809
-3.6442344;42.4985847
-3.6441486;42.4985542
-3.6440067;42.4985924
-3.6447139;42.4986000
-3.6439240;42.4986153
-3.6460638;42.4975433
-3.6458573;42.4986610
-3.6446693;42.4987221
-3.6450944;42.4988594
-3.6452336;42.4988861
-3.6449811;42.4990082
-3.6445074;42.4990501
-3.6448944;42.4991112
-3.6451092;42.4991608
-3.6457112;42.4992218
-3.6456554;42.4992218
-3.6458311;42.4991951
-3.6448202;42.4992943
-3.6446235;42.4992332
-3.6444387;42.4993629
-3.6449590;42.4994316
-3.6447470;42.4994507
-3.6447089;42.4999733
-3.6445622;42.5016670
-3.7013574;42.5021477
-3.7032821;42.5039558
-3.6441150;42.5041275
-3.7036874;42.5048027
-3.7038648;42.5050430
-3.7062109;42.5051689
-3.7069194;42.5034523
-3.7081528;42.5054245
-3.7059548;42.5056152
-3.7050900;42.5048370
-3.7035809;42.5056190
-3.7065058;42.5056381
-3.7039070;42.5056381
-3.7081313;42.5057602
-3.7035890;42.5058136
-3.7040966;42.5059662
-3.7078240;42.5060959
-3.7074490;42.5057144
-3.7043757;42.5061340
-3.7040761;42.5061417
-3.7053497;42.5061493
-3.7040942;42.5061684
-3.7071109;42.5066757
-3.7064927;42.5066910
-3.7024548;42.5068321
-3.7061386;42.5068779
-3.7055559;42.5067635
-3.7087884;42.5069542
-3.7081487;42.5070152
-3.6432130;42.5070801
-3.7058580;42.5070953
-3.6432016;42.5071335
-3.7081094;42.5071754
-3.7087932;42.5071983
-3.7093141;42.5075951
-3.7015872;42.5082016
-3.6369376;42.5089722
-3.6354122;42.5103340
-3.6291816;42.5115089
-3.6326306;42.5116653
-3.6288397;42.5118370
-3.6287701;42.5119057
-3.6292925;42.5120621
-3.6282337;42.5122070
-3.6278889;42.5123444
-3.6256001;42.5123444
-3.6252017;42.5120621
-3.6271622;42.5124779
-3.6266034;42.5124588
-3.6267834;42.5125008
-3.6275065;42.5125198
-3.6439266;42.5125694
-3.6287849;42.5125809
-3.6263845;42.5125885
-3.6258750;42.5125504
-3.6272073;42.5126419
-3.6279142;42.5126724
-3.6290984;42.5126915
-3.6269228;42.5127449
-3.6256263;42.5127754
-3.6273067;42.5128059
-3.6268153;42.5128059
-3.6279044;42.5128899
-3.6265898;42.5129013
-3.6297514;42.5129242
-3.6263950;42.5129585
-3.6300058;42.5130119
-3.6251745;42.5130196
-3.6278536;42.5130539
-3.6265836;42.5130348
-3.6269872;42.5130997
-3.6255782;42.5131454
-3.6280911;42.5131912
-3.6950691;42.5132217
-3.6950545;42.5132446
-3.6248264;42.5133705
-3.6949332;42.5134850
-3.6275449;42.5135078
-3.6950679;42.5137024
-3.6947081;42.5138893
-3.6946123;42.5140572
-3.6753109;42.5151634
-3.6752996;42.5150795
-3.6940501;42.5151901
-3.6756516;42.5158157
-3.6762893;42.5155602
-3.6756587;42.5158882
-3.6934230;42.5159607
-3.6936457;42.5159988
-3.6934922;42.5162659
-3.6761963;42.5167961
-3.6929550;42.5168800
-3.6764309;42.5172691
-3.6854000;42.5179977
-3.6780112;42.5187073
-3.6748164;42.5186386
-3.6743886;42.5187073
-3.6754282;42.5188293
-3.6762044;42.5188522
-3.6763813;42.5187340
-3.6770663;42.5188828
-3.6751783;42.5189247
-3.6750543;42.5189743
-3.6741183;42.5190392
-3.6746347;42.5191269
-3.6745229;42.5191650
-3.6752510;42.5191841
-3.6742508;42.5192528
-3.6749661;42.5193329
-3.6747215;42.5193443
-3.6748674;42.5193481
-3.7086775;42.5193825
-3.6759684;42.5192909
-3.6750917;42.5194359
-3.6735613;42.5194664
-3.6734614;42.5194931
-3.6746676;42.5195007
-3.7266340;42.5202332
-3.6904850;42.5212517
-3.6905229;42.5214424
-3.6640160;42.5249214
-3.7117624;42.5261803
-3.6488554;42.5265732
-3.7135289;42.5274620
-3.6925881;42.5282173
-3.6609073;42.5286026
-3.6601682;42.5286674
-3.6597488;42.5284386
-3.6596143;42.5288353
-3.6598289;42.5288696
-3.6595633;42.5289345
-3.6599238;42.5289726
-3.6600888;42.5289955
-3.6606429;42.5290565
-3.6576121;42.5290604
-3.6594517;42.5291939
-3.6582260;42.5292168
-3.6597245;42.5292778
-3.6593084;42.5292816
-3.6606727;42.5292702
-3.6598794;42.5293159
-3.6598718;42.5294342
-3.6484077;42.5299225
-3.6598241;42.5299759
-3.7275126;42.5304756
-3.7276428;42.5307274
-3.6082177;42.5326004
-3.6084633;42.5324936
-3.6486568;42.5325775
-3.6081126;42.5328522
-3.6081028;42.5329437
-3.6082814;42.5335274
-3.6104093;42.5333977
-3.6095634;42.5335541
-3.6083021;42.5335770
-3.6083786;42.5334702
-3.6083531;42.5337029
-3.6075754;42.5340271
-3.6079383;42.5342178
-3.6074092;42.5342293
-3.6081853;42.5343056
-3.6081564;42.5343704
-3.6084702;42.5344124
-3.6081245;42.5344810
-3.6081913;42.5348587
-3.6142375;42.5355034
-3.6948056;42.5357246
-3.6216571;42.5359230
-3.6948674;42.5359383
-3.6948919;42.5360222
-3.6919267;42.5360718
-3.6918542;42.5360718
-3.6933877;42.5363235
-3.6932917;42.5358505
-3.6934812;42.5363312
-3.6937521;42.5364075
-3.6937957;42.5361671
-3.6939104;42.5364532
-3.6940715;42.5364685
-3.6945853;42.5366173
-3.6950779;42.5366554
-3.6938493;42.5367775
-3.7208493;42.5367813
-3.6940877;42.5367889
-3.6936700;42.5368042
-3.6935668;42.5369148
-3.6888685;42.5368843
-3.6932831;42.5369606
-3.6929541;42.5366325
-3.6951752;42.5369987
-3.6930501;42.5369606
-3.6937306;42.5370712
-3.6938868;42.5370865
-3.6943648;42.5370903
-3.6935043;42.5371399
-3.6363580;42.5373611
-3.7223032;42.5376320
-3.7226367;42.5374069
-3.7227826;42.5378609
-3.7228942;42.5379143
-3.6954722;42.5379333
-3.7223308;42.5379906
-3.7222369;42.5382004
-3.7223783;42.5382843
-3.7217836;42.5384293
-3.7215908;42.5385513
-3.7222021;42.5385857
-3.7212799;42.5386314
-3.7200336;42.5385056
-3.7226574;42.5386696
-3.7216754;42.5387802
-3.7224097;42.5387955
-3.7228825;42.5388298
-3.7209513;42.5388794
-3.7231410;42.5389404
-3.7226684;42.5389404
-3.7224200;42.5390015
-3.7240968;42.5392799
-3.7226553;42.5393143
-3.6458166;42.5396004
-3.7232935;42.5399704
-3.6964762;42.5406456
-3.6847324;42.5408096
-3.7361934;42.5410118
-3.6807976;42.5422211
-3.6805937;42.5423470
-3.6440306;42.5426292
-3.6736412;42.5425873
-3.6736112;42.5428734
-3.6735966;42.5430679
-3.6735556;42.5432091
-3.6731334;42.5437088
-3.6721342;42.5429802
-3.6730874;42.5438271
-3.6779706;42.5438385
-3.6736283;42.5439110
-3.6737072;42.5437737
-3.6738493;42.5440254
-3.6728816;42.5440254
-3.6727450;42.5439644
-3.6732357;42.5441055
-3.6730263;42.5442276
-3.6726968;42.5442505
-3.6751022;42.5443001
-3.6770024;42.5443077
-3.6734695;42.5443230
-3.6729822;42.5444183
-3.6729941;42.5445557
-3.6730080;42.5447311
-3.6982985;42.5452499
-3.6989603;42.5460739
-3.6914339;42.5454521
-3.6907890;42.5460930
-3.6904061;42.5459213
-3.6990032;42.5461197
-3.6899853;42.5459671
-3.6911860;42.5462685
-3.6423986;42.5463486
-3.6913583;42.5463562
-3.6992362;42.5463829
-3.6989346;42.5464935
-3.6984577;42.5462761
-3.6912847;42.5465240
-3.6993902;42.5465813
-3.6907837;42.5465889
-3.6922197;42.5468788
-3.6997485;42.5470238
-3.6924477;42.5470314
-3.6921453;42.5472450
-3.6413643;42.5502892
-3.6384661;42.5585098
-3.6384680;42.5587196
-3.6382937;42.5587234
-3.6381922;42.5587692
-3.6384909;42.5589333
-3.6374719;42.5591125
-3.7058570;42.5600014
-3.7059147;42.5601845
-3.6285944;42.5622940
-3.6094234;42.5639114
-3.6066670;42.5638008
-3.6110919;42.5639458
-3.6011407;42.5643692
-3.7060211;42.5652542
-3.5907524;42.5653038
-3.5906825;42.5649338
-3.5928843;42.5651627
-3.5926335;42.5654678
-3.5923061;42.5657692
-3.5911257;42.5658798
-3.5921929;42.5659103
-3.5913067;42.5659714
-3.5915084;42.5659752
-3.5916009;42.5660133
-3.5916677;42.5660400
-3.5909581;42.5660896
-3.5919578;42.5661850
-3.5921435;42.5662270
-3.5925310;42.5662460
-3.5921905;42.5662498
-3.5903437;42.5662575
-3.5913372;42.5663872
-3.5910857;42.5663872
-3.5921066;42.5664177
-3.5925665;42.5664253
-3.5918822;42.5664864
-3.5905712;42.5665398
-3.5911064;42.5666351
-3.5918500;42.5666466
-3.5914826;42.5666504
-3.5926759;42.5666504
-3.5920181;42.5666809
-3.5918345;42.5667267
-3.5912540;42.5667648
-3.5908589;42.5668831
-3.5907576;42.5669708
-3.5904241;42.5669785
-3.5918186;42.5670090
-3.5916131;42.5670090
-3.5922151;42.5670204
-3.5903783;42.5672722
-3.5905745;42.5673370
-3.6389067;42.5673485
-3.5970564;42.5674324
-3.6391418;42.5676651
-3.6389225;42.5677567
-3.6387489;42.5678291
-3.6393442;42.5678978
-3.6395979;42.5681686
-3.6398742;42.5684738
-3.6384804;42.5692177
-3.7107463;42.5693283
-3.7115424;42.5698662
-3.6407697;42.5701408
-3.6408107;42.5703278
-3.7125328;42.5703087
-3.7122488;42.5703316
-3.6371648;42.5703659
-3.6371107;42.5703583
-3.7123053;42.5703659
-3.6385365;42.5704002
-3.6393201;42.5697212
-3.6384950;42.5705719
-3.7121322;42.5705757
-3.7127409;42.5706520
-3.6379368;42.5706635
-3.7119024;42.5706749
-3.6403191;42.5705833
-3.6399899;42.5707359
-3.6378951;42.5707588
-3.6384006;42.5707664
-3.6383426;42.5709038
-3.7115858;42.5709305
-3.7131541;42.5709419
-3.6371205;42.5709572
-3.6377954;42.5709724
-3.7128077;42.5710449
-3.6382442;42.5711250
-3.6376796;42.5712051
-3.7136571;42.5712662
-3.7108421;42.5712814
-3.7100298;42.5712929
-3.7098472;42.5712929
-3.7133851;42.5713196
-3.7138348;42.5713921
-3.6387720;42.5714417
-3.6372821;42.5715637
-3.6379611;42.5715904
-3.7141502;42.5715904
-3.6382747;42.5715981
-3.7126193;42.5716057
-3.6374426;42.5716209
-3.6384218;42.5716248
-3.7138381;42.5716324
-3.7134831;42.5716515
-3.7132359;42.5716248
-3.7130430;42.5716553
-3.6386254;42.5716667
-3.7117755;42.5716667
-3.6381803;42.5717087
-3.7125597;42.5717506
-3.7137055;42.5717697
-3.6377208;42.5717926
-3.6377172;42.5719490
-3.6372051;42.5719604
-3.6378036;42.5719757
-3.6378789;42.5720139
-3.7139792;42.5720177
-3.7124410;42.5720596
-3.7120543;42.5720406
-3.7126856;42.5720711
-3.7090168;42.5721397
-3.6383958;42.5722351
-3.6376519;42.5722427
-3.6375124;42.5721817
-3.7115970;42.5722580
-3.7140019;42.5722733
-3.7131348;42.5722733
-3.7141669;42.5722771
-3.7125366;42.5722885
-3.7119927;42.5722885
-3.7133737;42.5723724
-3.6376021;42.5723801
-3.6377673;42.5724297
-3.6375704;42.5724525
-3.6390650;42.5724602
-3.7136383;42.5724869
-3.6400912;42.5725060
-3.6377792;42.5725212
-3.7139938;42.5725250
-3.7125709;42.5725441
-3.7156298;42.5725784
-3.7130880;42.5726013
-3.6381478;42.5726089
-3.7141278;42.5726242
-3.6371264;42.5726318
-3.6399834;42.5726509
-3.6374788;42.5726585
-3.7132599;42.5727386
-3.7125640;42.5727386
-3.6373141;42.5727692
-3.6376357;42.5727768
-3.7142665;42.5727844
-3.7135406;42.5728302
-3.7139094;42.5728569
-3.7160459;42.5728607
-3.7150345;42.5728645
-3.7157166;42.5729256
-3.6369855;42.5729904
-3.6369174;42.5726357
-3.6372709;42.5730095
-3.7132957;42.5730247
-3.6369901;42.5734177
-3.6372054;42.5734711
-3.7176239;42.5743256
-3.6385841;42.5744972
-3.6370697;42.5745392
-3.6384754;42.5746498
-3.6369781;42.5753899
-3.6378858;42.5754433
-3.6372557;42.5756073
-3.6376147;42.5757713
-3.6374805;42.5759392
-3.7184098;42.5762291
-3.6371059;42.5764656
-3.5880523;42.5769272
-3.5879340;42.5770187
-3.5874989;42.5771523
-3.5875487;42.5771713
-3.6368110;42.5771942
-3.5878322;42.5773048
-3.5878534;42.5774117
-3.5880756;42.5774269
-3.5886011;42.5774879
-3.5896184;42.5776062
-3.5878825;42.5776062
-3.5883369;42.5777512
-3.5880263;42.5777664
-3.5876362;42.5778809
-3.5886052;42.5779228
-3.5883677;42.5778732
-3.5883350;42.5779991
-3.5894499;42.5778618
-3.5889294;42.5780182
-3.5887566;42.5781822
-3.5892642;42.5781937
-3.6352558;42.5841141
-3.7255390;42.5892105
-3.6341286;42.5899048
-3.6341162;42.5899734
-3.6339080;42.5910645
-3.6332154;42.5945587
-3.6331887;42.5946884
-3.6332252;42.6007957
-3.7258358;42.6013947
-3.7255731;42.6024818
-3.6337922;42.6030464
-3.7253652;42.6033401
-3.6337113;42.6052971
-3.6335189;42.6085625
-3.6381557;42.6104355
-3.6390808;42.6097946
-3.6398368;42.6104393
-3.6395056;42.6105156
-3.7259462;42.6176186
-3.6289890;42.6228828
-3.6271274;42.6228943
-3.6270468;42.6249886
-3.7173586;42.6255226
-3.7175558;42.6251068
-3.7172744;42.6256485
-3.7169039;42.6254845
-3.7165508;42.6256905
-3.7172110;42.6257515
-3.7176268;42.6257820
-3.7174056;42.6258278
-3.7181170;42.6258888
-3.7205625;42.6259575
-3.7169974;42.6261444
-3.7168643;42.6261902
-3.7167408;42.6262131
-3.7175469;42.6262169
-3.7178235;42.6261826
-3.7173333;42.6262436
-3.7163870;42.6262474
-3.7156603;42.6262665
-3.7157497;42.6256218
-3.7155159;42.6262779
-3.7153583;42.6259842
-3.7155976;42.6263847
-3.7167268;42.6264305
-3.7163033;42.6264458
-3.7161703;42.6264839
-3.7192490;42.6264877
-3.7172763;42.6265411
-3.7158246;42.6265793
-3.7188883;42.6266518
-3.7193642;42.6266899
-3.7187352;42.6266975
-3.7196186;42.6267853
-3.7194014;42.6268044
-3.7200899;42.6268349
-3.7174425;42.6268501
-3.7167294;42.6268654
-3.7165194;42.6268959
-3.7178280;42.6269302
-3.7194507;42.6269875
-3.7174540;42.6270142
-3.7191479;42.6270447
-3.7158039;42.6270981
-3.7170742;42.6271057
-3.7188797;42.6271706
-3.7168143;42.6271706
-3.7173624;42.6272011
-3.7157586;42.6272697
-3.7196057;42.6272812
-3.7179406;42.6272850
-3.7158735;42.6274071
-3.7170222;42.6274071
-3.7156885;42.6274643
-3.7172718;42.6275864
-3.7150588;42.6276703
-3.7171052;42.6278687
-3.7172248;42.6281090
-3.7104518;42.6292191
-3.7283330;42.6298828
-3.6255443;42.6303978
-3.7084785;42.6304016
-3.6248360;42.6326065
-3.7309213;42.6327820
-3.7037227;42.6331978
-3.7036600;42.6332321
-3.7015028;42.6355667
-3.6237473;42.6361198
-3.6236322;42.6365051
-3.6251023;42.6366844
-3.6249461;42.6370049
-3.7006512;42.6372490
-3.6966529;42.6369057
-3.6241794;42.6374130
-3.6245198;42.6373978
-3.6244934;42.6375999
-3.6239724;42.6376724
-3.6248443;42.6377640
-3.6244555;42.6377792
-3.6244335;42.6378555
-3.7368510;42.6379051
-3.6246789;42.6379433
-3.6243999;42.6379547
-3.6241176;42.6378860
-3.7370727;42.6379890
-3.6243598;42.6380730
-3.6247437;42.6381378
-3.6235816;42.6382217
-3.6242733;42.6382561
-3.6242309;42.6383476
-3.6239591;42.6382370
-3.6247513;42.6384239
-3.6237860;42.6384315
-3.6234605;42.6385269
-3.6241572;42.6385574
-3.6250961;42.6385612
-3.6234572;42.6386070
-3.6229851;42.6386147
-3.6234992;42.6369476
-3.6241324;42.6386261
-3.6234632;42.6387253
-3.6232405;42.6387444
-3.6250489;42.6388206
-3.6245372;42.6388550
-3.6245100;42.6386795
-3.6234293;42.6388588
-3.6237419;42.6388931
-3.6240609;42.6389046
-3.6233997;42.6389809
-3.6237154;42.6390533
-3.6239603;42.6390800
-3.6233592;42.6391525
-3.6249135;42.6392441
-3.6240866;42.6392746
-3.6238854;42.6393013
-3.6238792;42.6393700
-3.6239991;42.6393700
-3.6240947;42.6393700
-3.6227889;42.6394806
-3.6241419;42.6395264
-3.6237905;42.6395340
-3.6245241;42.6395683
-3.6231241;42.6395874
-3.6245935;42.6396332
-3.6237497;42.6396370
-3.6262777;42.6396446
-3.6247110;42.6396828
-3.6231353;42.6397514
-3.6236403;42.6397972
-3.6258643;42.6398315
-3.6237438;42.6398354
-3.6261642;42.6398468
-3.6238718;42.6398544
-3.6241150;42.6398582
-3.6266241;42.6398773
-3.6235449;42.6399422
-3.6237137;42.6400261
-3.6237338;42.6405678
-3.6242771;42.6409874
-3.6762028;42.6442032
-3.6753335;42.6445847
-3.6741395;42.6479912
-3.6735227;42.6487999
-3.6708336;42.6505432
-3.6254752;42.6506577
-3.6335156;42.6517792
-3.6334460;42.6517601
-3.6238949;42.6520958
-3.6261771;42.6521378
-3.6239164;42.6521530
-3.6234622;42.6521835
-3.6232414;42.6521797
-3.6234913;42.6521873
-3.6234150;42.6522293
-3.6236241;42.6522865
-3.6546843;42.6522827
-3.6519339;42.6523170
-3.6235757;42.6523170
-3.6236727;42.6523170
-3.6236277;42.6523476
-3.6551707;42.6524124
-3.6237803;42.6524277
-3.6239016;42.6524391
-3.6232841;42.6524963
-3.6233637;42.6525345
-3.6674502;42.6526871
-3.6494699;42.6529045
-3.6470439;42.6534843
-3.6597145;42.6536369
-3.6217587;42.6537552
-3.6649439;42.6542854
-3.6092274;42.6550713
-3.6198862;42.6568680
-3.6936810;42.7675896
