0;1;6.425
2;3;0.414
4;2;1.236
5;6;0.523
7;8;0.630
9;10;1.141
11;12;7.841
13;14;16.197
13;15;6.307
16;17;15.823
17;18;7.593
19;20;17.594
21;22;3.465
23;24;6.948
25;23;5.022
26;25;0.689
27;26;18.158
28;27;14.156
29;28;58.956
30;29;34.563
31;30;33.067
32;33;3.534
33;31;6.880
34;35;0.920
33;34;5.381
36;34;1.937
37;38;1.644
38;36;1.529
39;38;1.442
39;36;0.342
39;40;13.763
41;42;7.986
43;44;12.793
45;46;6.193
45;43;14.029
45;47;2.877
48;47;9.804
47;49;11.704
49;48;18.114
50;51;16.651
52;49;19.750
52;51;12.788
53;52;2.072
51;54;6.112
54;53;2.226
55;53;8.615
56;57;4.530
57;56;8.533
57;58;2.805
58;54;10.484
56;21;13.165
59;58;8.059
59;60;6.883
21;59;5.787
61;62;64.752
62;63;4.404
64;61;27.022
63;4;21.703
65;66;2.173
16;67;10.524
14;16;5.277
66;68;6.142
14;69;10.426
68;70;5.854
70;13;2.422
70;71;1.138
72;73;18.133
73;74;0.189
71;75;3.773
75;76;0.829
77;14;14.587
76;77;1.562
77;78;9.272
17;78;28.147
78;79;0.693
71;80;5.826
80;75;9.937
81;68;16.292
81;80;10.860
79;82;4.966
76;83;2.769
80;84;2.453
82;85;5.752
86;81;4.632
87;79;6.441
85;20;2.587
83;88;18.715
84;89;9.277
83;90;6.602
91;87;7.868
86;92;6.240
89;92;5.385
88;93;11.388
93;87;2.809
93;91;7.626
94;64;24.205
84;11;7.075
91;82;21.827
89;11;7.211
85;95;10.831
96;88;7.123
74;5;11.228
11;97;3.592
97;98;2.225
92;99;6.737
97;99;8.396
98;100;3.536
101;94;3.137
98;102;15.408
20;103;14.317
103;101;3.161
104;105;1.217
106;65;52.167
3;7;23.656
107;104;1.850
105;106;41.136
6;9;37.238
108;107;8.810
10;109;12.339
109;110;1.225
8;111;27.197
110;108;43.314
112;113;10.926
113;114;22.121
114;115;4.663
116;117;0.758
118;119;30.889
120;121;30.647
119;122;15.990
123;120;15.284
122;124;12.303
125;123;7.918
126;127;15.549
126;124;16.470
128;125;21.188
129;126;16.908
129;130;9.613
131;128;1.627
124;132;21.208
133;131;3.804
132;134;2.550
134;133;2.127
135;136;15.394
135;137;3.091
138;139;14.953
135;138;4.854
140;135;4.162
141;134;14.549
142;143;8.352
142;129;17.667
144;142;1.821
145;138;4.770
146;144;2.973
145;146;4.349
147;145;4.842
141;147;7.151
148;134;3.591
149;148;1.051
150;147;7.846
150;141;6.249
151;150;3.537
149;151;6.767
146;152;13.775
152;151;9.506
144;153;13.099
153;154;10.625
152;154;5.139
155;149;4.488
156;153;33.662
157;155;3.382
154;158;14.696
158;155;11.919
159;157;9.381
160;159;11.856
161;160;5.662
162;161;15.630
163;162;3.571
164;165;8.929
165;163;2.467
163;166;2.074
165;167;5.240
166;167;3.750
168;167;2.619
169;165;4.574
170;169;8.158
171;170;13.605
166;172;9.531
173;171;30.389
172;174;7.569
174;175;24.928
175;176;17.890
176;177;4.910
177;178;4.708
178;179;11.893
178;180;1.840
181;177;28.832
181;180;17.364
182;181;22.784
180;183;0.760
183;184;18.664
183;185;3.070
185;186;7.522
187;188;23.048
188;189;9.703
186;190;94.286
190;191;13.157
192;190;24.473
193;192;11.512
191;194;1.899
195;192;7.095
196;195;2.259
196;191;9.115
197;195;8.164
198;196;10.984
194;198;4.096
199;187;48.274
200;197;12.193
198;200;2.533
201;199;12.491
200;202;13.066
202;203;1.212
203;204;1.820
204;116;4.732
117;201;9.439
202;205;3.541
204;206;8.850
207;208;11.163
205;207;1.007
205;209;8.412
207;210;15.007
210;211;25.736
211;212;25.216
212;213;20.138
214;215;63.372
216;217;3.910
218;219;0.557
220;221;1.260
222;223;6.146
223;218;18.603
219;224;38.773
224;225;17.991
225;226;1.279
226;227;32.889
227;228;32.253
227;229;21.987
230;231;15.957
231;229;14.750
231;232;17.294
232;233;7.999
234;235;3.687
235;236;14.636
233;236;13.495
232;237;15.082
236;238;6.249
238;239;2.559
229;240;14.371
238;241;13.719
240;242;3.970
242;243;24.497
243;244;16.695
244;245;1.200
246;247;0.201
247;248;20.550
245;248;46.995
248;249;14.287
249;250;6.217
250;251;11.358
252;253;20.176
254;251;22.354
251;255;29.343
255;256;5.374
257;254;5.645
256;258;14.341
259;257;11.746
260;261;5.806
260;262;7.449
263;264;5.150
264;260;2.060
265;264;6.242
266;265;12.223
267;252;110.961
268;269;13.643
269;270;17.860
270;263;23.008
271;265;13.542
271;265;17.681
270;272;3.990
269;273;10.753
272;274;7.197
274;275;2.560
275;271;2.736
273;276;11.549
276;272;5.689
268;277;15.626
277;278;9.029
278;273;10.686
276;279;4.739
279;274;9.237
280;277;10.519
279;281;2.250
281;275;12.104
277;282;7.327
282;283;2.670
283;278;6.270
217;281;2.942
284;282;9.116
283;285;2.949
286;216;5.614
286;287;4.401
288;289;28.304
289;286;10.864
289;290;4.502
290;291;0.760
291;216;11.130
291;292;0.587
293;290;3.278
292;294;4.605
294;267;37.317
292;295;12.899
296;297;27.758
297;298;6.547
299;259;26.840
258;300;34.714
301;299;1.827
300;301;1.814
221;288;58.778
301;302;11.132
303;304;10.269
303;305;6.425
304;306;5.331
304;307;6.868
305;308;13.663
305;309;20.931
307;309;4.415
308;310;7.714
309;310;2.838
307;311;11.032
306;311;9.445
306;220;30.993
311;312;6.720
309;313;12.411
306;314;24.850
310;315;13.299
316;308;24.651
315;317;0.772
316;315;28.182
317;318;11.065
313;318;10.500
318;319;11.263
298;320;63.880
320;321;5.705
322;303;46.024
302;323;21.791
323;324;4.784
323;325;2.187
325;324;4.647
324;326;12.945
326;322;44.274
321;327;45.405
325;328;17.284
328;329;13.738
327;330;63.910
331;332;31.339
333;334;1.393
335;336;2.199
337;338;15.577
338;339;13.477
339;340;8.879
340;341;1.928
342;343;11.772
341;344;6.959
344;333;1.407
334;345;3.342
345;346;0.337
347;348;1.727
348;349;4.235
349;350;3.730
347;350;6.261
350;351;5.312
346;351;5.784
351;352;2.573
346;352;34.438
349;353;13.401
353;354;4.971
350;354;13.193
354;355;2.187
355;356;4.060
352;357;3.299
356;357;3.976
358;359;4.612
353;359;7.678
357;360;3.434
355;361;10.371
356;361;8.046
361;362;3.323
359;363;9.875
360;364;2.315
364;360;22.845
359;365;7.835
363;365;5.831
363;366;1.003
362;366;5.830
365;367;2.400
364;368;1.315
343;369;34.824
367;370;5.351
370;371;12.453
370;371;5.413
371;372;5.187
368;373;2.160
368;374;8.305
362;375;10.709
374;375;1.605
375;376;2.738
366;377;9.871
376;377;4.051
378;367;9.500
378;379;0.837
377;379;7.508
380;378;4.096
377;381;2.544
376;381;6.035
336;382;0.757
373;383;7.234
373;384;3.586
384;335;1.577
371;385;9.294
385;380;12.113
383;386;2.997
384;386;4.320
374;387;9.985
387;383;10.611
385;388;6.373
387;389;5.719
386;389;11.741
389;390;2.763
381;391;13.499
391;390;3.084
379;392;16.849
393;392;1.136
391;393;5.033
382;394;3.986
392;380;26.604
390;393;20.804
369;395;15.053
395;396;0.922
395;397;8.961
396;398;2.637
397;398;2.017
394;399;14.752
399;396;17.813
400;399;0.635
398;400;9.984
401;400;7.245
398;401;3.854
401;402;27.363
402;403;31.995
403;404;5.990
405;406;3.301
407;404;16.321
407;408;12.163
408;406;12.087
406;409;5.525
409;410;1.753
410;411;4.763
412;407;16.139
409;413;12.200
408;414;11.346
413;414;4.173
415;414;7.903
413;416;4.884
412;417;4.006
417;415;4.122
418;416;9.366
410;418;20.679
417;419;5.568
414;415;14.637
417;420;7.629
416;421;21.358
423;424;3.058
424;422;19.368
425;426;21.090
427;425;7.203
428;427;3.397
429;428;3.129
430;429;0.940
429;431;24.618
432;431;6.706
431;433;8.537
433;430;1.073
434;433;2.018
432;434;15.344
430;435;25.141
436;437;5.269
438;434;4.502
438;439;3.417
437;439;8.621
440;441;3.647
442;440;0.867
443;438;1.023
439;444;5.176
444;445;1.769
445;437;6.177
441;446;6.375
439;447;5.176
444;448;3.907
449;443;2.906
447;450;3.150
448;450;4.633
451;449;2.474
445;452;15.721
443;453;10.049
453;447;9.004
448;454;6.450
446;455;10.150
456;454;11.357
452;456;1.199
450;457;5.517
454;457;4.258
446;451;13.985
456;458;3.073
453;459;8.680
457;459;3.709
454;460;8.263
460;458;7.094
459;461;4.184
452;462;21.147
463;442;16.976
460;464;10.308
461;465;6.858
464;465;3.184
458;466;13.923
467;466;4.409
466;468;22.198
189;463;24.073
469;470;2.097
471;469;7.428
472;473;3.422
474;475;9.862
475;476;24.660
477;474;25.702
478;479;0.981
480;481;1.050
482;483;3.691
484;485;0.999
486;487;0.805
488;489;1.415
490;491;1.114
492;493;0.701
494;495;1.454
496;497;2.128
497;498;31.279
498;486;0.738
487;499;68.849
499;500;2.366
500;501;5.923
501;502;3.275
502;503;1.626
504;503;15.010
503;505;0.514
501;506;6.365
502;507;3.593
505;508;2.489
509;508;5.745
508;510;2.075
511;510;8.819
505;511;15.334
510;512;4.182
512;513;10.678
512;480;2.001
513;514;6.181
481;515;3.993
515;516;6.413
515;517;0.203
517;518;7.203
518;519;0.679
519;488;10.144
489;520;0.332
520;521;27.840
522;523;8.841
524;525;14.230
523;526;47.956
526;527;0.682
527;528;1.659
529;526;29.253
529;528;18.271
525;530;49.128
530;529;13.278
531;532;6.661
532;530;2.513
533;532;3.363
534;533;3.163
535;534;2.987
533;536;8.238
536;537;5.997
528;478;9.095
538;534;7.199
535;539;8.177
536;540;10.217
541;537;7.727
541;540;3.982
542;541;1.493
543;538;9.141
540;543;0.876
538;544;4.735
544;545;8.295
543;545;1.314
546;535;16.681
546;544;12.562
537;547;15.477
479;547;2.712
545;548;3.191
549;546;3.544
550;549;29.681
547;551;13.855
551;552;2.010
552;553;50.826
553;554;13.873
553;555;33.470
556;557;2.178
555;484;22.962
558;556;23.960
559;560;8.613
559;561;3.454
562;563;2.354
559;563;3.973
560;482;16.367
564;558;12.070
563;564;4.046
565;483;18.250
566;565;8.411
567;564;8.454
567;566;2.381
568;567;0.704
565;566;16.880
483;569;14.041
570;568;6.025
568;570;7.945
571;572;21.648
569;572;9.734
573;571;3.862
570;574;8.417
574;575;1.510
573;575;14.036
573;576;3.242
577;571;6.065
578;577;1.200
576;578;3.829
572;577;15.665
575;579;2.757
491;580;5.469
579;581;12.562
581;576;6.377
579;582;7.110
569;490;13.246
554;492;67.319
493;583;0.335
584;581;12.335
580;585;19.460
583;586;50.226
485;477;1.478
585;494;96.478
495;587;30.531
588;589;0.718
590;591;0.867
592;593;0.636
594;595;0.767
596;597;0.841
598;599;23.682
600;598;0.698
599;601;80.630
601;588;33.516
602;603;3.512
604;602;5.297
605;602;10.470
604;606;4.754
606;607;6.005
607;608;12.897
608;604;11.033
608;609;20.374
589;610;68.609
610;606;13.393
608;611;22.693
612;607;29.996
610;613;17.921
613;614;52.051
614;615;29.695
615;616;63.217
616;617;10.508
617;618;34.434
619;620;2.520
618;619;43.896
620;621;37.279
621;622;3.574
622;623;4.544
624;623;17.440
625;624;2.329
625;626;10.591
627;625;5.493
628;627;5.139
628;626;9.562
629;627;21.190
629;628;20.364
630;624;27.086
631;629;9.756
623;632;20.905
632;630;18.075
633;630;16.969
633;631;5.867
634;633;1.665
632;591;1.458
635;590;0.618
593;635;6.369
636;637;12.162
638;636;7.081
639;637;10.600
636;639;12.516
639;640;2.677
641;592;176.502
642;641;2.917
643;642;23.593
644;643;2.072
645;642;10.864
645;644;16.206
646;644;13.952
647;645;41.475
595;647;18.394
597;594;42.790
648;596;5.066
649;650;3.801
650;651;76.580
652;649;55.969
653;654;19.689
655;653;7.374
656;655;30.603
657;658;14.231
659;657;7.052
659;660;20.828
659;661;11.670
661;656;46.446
657;662;18.983
661;663;19.714
664;665;1.175
666;667;1.608
668;669;1.070
670;671;30.205
671;672;11.115
672;673;26.515
673;674;21.522
674;675;12.867
675;676;28.029
676;677;2.979
677;678;2.411
678;679;1.046
679;680;13.652
681;682;5.189
679;681;1.736
683;678;21.418
684;685;3.874
681;684;3.315
686;683;3.655
683;687;4.918
686;688;2.286
688;689;3.296
687;689;2.119
690;687;7.546
690;691;1.028
688;692;3.847
689;693;2.178
684;694;3.409
694;686;11.751
695;690;17.061
696;695;1.725
694;697;0.888
693;698;8.168
693;699;12.667
697;700;1.109
697;699;7.888
700;701;14.622
701;702;2.419
698;703;6.312
695;703;16.117
704;696;11.115
705;704;3.693
700;706;2.867
707;705;1.407
701;708;11.060
699;709;11.111
706;708;10.048
710;698;14.551
710;711;5.772
703;711;8.098
709;710;5.899
706;712;0.815
709;712;8.260
707;713;5.795
707;714;7.559
711;715;4.160
716;707;6.051
715;717;3.140
712;718;2.000
719;718;18.572
719;715;3.085
716;720;6.739
721;716;4.292
722;723;4.989
708;722;9.601
720;724;3.529
721;725;3.486
720;726;4.617
722;727;5.981
728;727;8.284
718;728;2.609
729;721;8.642
730;719;7.799
730;729;16.005
728;731;1.370
732;731;4.534
732;733;3.314
731;734;1.119
734;735;3.809
735;732;2.579
736;730;5.827
737;736;2.115
735;737;9.071
738;736;3.493
738;730;8.851
734;739;1.657
727;740;13.687
737;741;6.303
742;738;8.195
742;729;17.015
739;743;2.784
741;743;8.916
741;744;14.240
744;742;7.011
743;745;3.376
745;746;8.798
746;747;12.961
747;748;13.520
669;749;4.317
748;749;3.704
750;668;11.136
751;750;5.771
752;751;4.733
753;754;26.578
755;752;91.307
756;755;2.040
757;756;1.432
754;757;21.458
758;753;35.546
759;760;7.900
758;760;2.538
761;762;3.460
763;759;16.034
764;763;2.532
763;765;3.017
759;766;5.926
760;766;1.988
767;764;1.699
767;768;8.084
769;761;10.924
761;769;6.719
770;767;2.882
764;771;8.989
766;771;2.648
770;772;3.069
773;769;5.045
773;768;6.010
774;769;5.744
774;773;7.510
775;773;9.180
775;770;6.619
776;775;2.525
777;776;0.769
771;777;3.821
778;774;9.977
773;778;10.141
779;778;6.076
776;779;4.623
780;779;1.284
781;780;1.666
780;782;3.767
783;781;3.302
781;782;7.127
783;784;2.127
782;785;7.310
786;783;10.878
787;786;1.935
786;788;6.815
749;789;107.670
789;790;69.143
790;791;34.404
791;792;12.141
665;792;1.005
793;664;8.530
794;793;16.946
795;794;0.464
792;796;62.386
796;797;4.519
798;799;0.726
799;800;1.345
801;802;5.863
801;798;3.617
803;801;0.422
800;666;14.869
804;805;12.476
804;806;12.178
807;803;1.242
808;795;109.834
667;808;3.773
809;804;11.026
809;807;0.934
810;811;31.267
812;803;9.325
799;812;12.089
813;805;3.998
814;809;1.331
815;813;5.360
816;814;0.636
817;812;3.330
804;818;9.085
818;816;0.243
807;819;8.705
819;817;1.904
813;820;4.907
821;815;8.815
821;818;0.870
822;814;9.110
819;822;3.355
817;823;5.276
824;821;2.127
815;825;6.674
826;824;0.410
825;826;0.993
827;825;2.246
816;828;8.976
828;822;5.640
811;827;9.524
824;829;11.540
828;829;1.652
827;826;17.560
830;829;5.954
831;830;9.648
822;831;15.302
832;810;8.592
833;832;10.017
833;834;7.600
836;835;5.480
835;837;3.469
836;833;9.268
838;839;3.829
838;837;1.512
840;841;1.227
841;839;14.690
842;843;13.613
843;840;2.051
844;838;5.519
844;836;5.872
845;843;3.699
840;845;4.571
846;844;3.042
847;846;1.624
848;845;4.313
849;847;7.765
850;849;1.259
850;847;4.130
849;848;10.518
848;851;5.176
846;852;11.210
851;853;1.185
854;850;6.820
854;852;16.108
855;856;10.581
851;855;10.945
857;858;0.881
859;860;0.876
861;862;1.052
863;864;0.964
865;866;0.859
867;868;1.043
869;867;14.367
868;870;0.420
871;872;17.495
872;873;9.225
873;859;8.032
874;875;3.233
876;877;8.622
878;876;5.089
877;879;30.495
879;874;2.912
874;880;7.396
860;880;2.196
881;876;8.642
881;879;10.470
879;882;10.996
880;882;1.558
883;881;12.895
882;883;1.723
870;884;46.451
883;885;15.190
884;886;11.879
885;887;23.576
887;888;33.697
886;889;51.988
888;890;36.849
890;891;13.009
891;861;0.332
864;892;2.549
893;894;5.349
862;863;29.701
895;893;10.548
896;893;10.482
896;895;3.777
897;898;10.110
898;896;3.429
892;899;12.451
900;899;4.873
901;895;9.458
901;900;2.908
902;901;1.285
903;904;5.675
900;905;6.372
906;902;1.336
903;907;3.629
907;898;12.575
907;908;4.624
908;906;2.865
889;909;19.460
910;903;5.790
910;908;2.518
902;911;9.171
905;912;6.237
911;913;1.703
913;905;7.369
914;906;5.744
915;910;3.022
908;916;8.302
916;914;2.374
912;917;5.339
917;899;16.537
913;918;6.736
912;918;5.488
919;917;2.671
918;919;7.861
918;920;4.625
858;915;3.479
914;921;13.510
916;922;9.628
922;921;3.884
915;922;26.140
920;923;3.198
921;924;5.242
911;924;16.564
920;924;5.080
909;925;4.864
925;857;0.394
926;924;3.759
927;919;8.478
926;928;3.752
923;927;10.998
929;926;2.687
929;923;4.605
930;927;4.629
919;930;28.079
931;929;10.220
931;930;7.100
925;932;12.916
932;933;2.030
933;931;11.798
925;934;11.931
933;935;8.502
934;936;27.318
936;937;1.584
935;938;51.313
937;939;19.063
939;940;5.562
938;941;13.189
941;942;4.823
940;865;16.651
942;943;21.747
866;944;10.530
945;946;0.304
947;948;1.073
949;950;1.170
797;951;15.851
952;953;82.073
951;954;3.910
953;955;2.221
955;956;0.659
954;957;6.027
956;958;6.701
958;959;2.495
959;960;8.521
957;961;20.271
961;962;3.339
963;962;0.834
962;964;6.190
960;964;6.952
963;965;5.554
966;963;6.236
964;966;1.301
967;966;0.701
967;965;4.240
967;968;1.215
965;969;13.095
968;969;2.846
969;970;2.268
970;971;14.762
971;972;45.003
972;973;4.462
974;972;6.491
975;974;3.186
973;975;3.036
975;976;4.601
973;976;9.628
977;975;4.846
978;974;3.316
978;975;6.974
975;979;2.203
977;979;7.956
980;977;3.832
976;980;5.305
981;980;1.436
982;978;5.097
979;982;5.245
948;981;4.452
983;947;4.794
984;983;10.172
985;986;6.082
987;985;14.955
988;984;10.625
987;989;5.093
985;990;26.416
989;990;3.436
991;987;4.572
991;992;8.016
993;991;6.845
993;994;3.068
995;988;1.183
990;995;3.433
996;993;7.264
989;997;8.202
997;996;5.675
998;999;21.444
1000;997;1.694
998;1001;5.373
1002;995;2.639
1000;1002;5.549
1003;1004;3.817
1001;1003;2.283
1005;1006;1.186
1003;1007;3.923
1008;1009;4.274
1007;1008;2.041
1010;1002;0.585
1011;1012;8.684
1011;1013;6.052
1008;1014;2.457
1015;1005;5.831
1015;1011;1.881
1005;1016;6.329
1017;1015;1.438
1014;1017;9.934
1018;1019;2.666
996;1019;11.666
1020;1000;11.121
1020;1019;2.114
1019;1021;2.846
1022;998;12.267
1010;1023;12.792
1023;1020;3.421
1024;1025;2.072
1026;1024;5.106
1017;1026;7.372
1014;1027;11.566
1024;1028;16.258
1029;1028;3.057
1001;1030;17.530
1030;1031;1.742
1031;1010;6.053
1027;1032;5.507
1032;1030;2.257
1033;1028;3.306
1026;1033;9.342
1027;1034;9.045
1034;1035;1.526
1026;1036;7.570
1036;1035;9.008
1035;1037;1.181
1036;1038;4.853
1034;1039;6.717
1032;1039;5.872
1023;1040;13.403
1040;1041;0.768
1041;1042;9.471
1043;1033;5.381
1038;1043;4.012
1037;1044;3.802
1043;1045;4.159
1037;1044;12.995
1036;1046;8.710
1047;1039;5.468
1047;1031;4.088
1048;1040;14.762
1047;1048;9.351
1049;1047;1.193
1050;1051;9.495
1044;1052;5.512
1041;1050;35.601
1052;1053;0.699
1053;1049;0.727
1054;1049;3.163
1055;1038;11.714
1055;1052;15.993
1056;1053;3.455
1054;1057;5.624
1058;1056;0.458
1059;1058;0.332
1060;1055;6.232
1060;1056;4.779
1061;1060;1.593
1061;1059;0.896
1062;1055;13.029
1062;1063;13.238
1059;1064;7.740
1064;1054;12.849
1065;1062;6.409
1065;1060;13.335
1066;1065;1.280
1066;1061;5.028
1067;1062;12.191
1067;1068;6.064
1069;1064;8.872
1070;1071;3.153
1072;1067;7.915
1073;1067;6.347
1073;1065;11.854
1074;1069;3.836
1075;1073;1.137
1075;1066;4.420
1076;1069;4.242
1076;1070;5.437
1077;1074;4.772
1070;1078;6.542
1074;1079;3.990
1080;1076;3.761
1081;1077;5.262
1077;1081;8.563
1080;1082;4.926
1083;1073;15.440
1082;1084;4.139
1085;1081;4.923
1086;1080;11.360
1086;1087;4.751
1087;1088;3.745
1089;1085;6.245
1082;1089;16.347
1088;1090;1.304
1090;1091;2.888
1090;1092;1.049
1092;1093;2.066
1093;1094;3.875
1093;1095;7.321
1096;1089;5.049
1096;1097;4.124
1088;1098;3.773
1099;1087;6.156
1100;1075;13.705
1092;1101;6.942
1102;1101;4.191
1101;1103;5.008
1104;1096;16.473
1104;1086;12.162
1105;1106;3.033
1103;1105;2.744
1105;1104;5.637
1107;1103;9.953
1108;1107;1.539
1107;1109;4.106
1109;1110;3.022
1109;1105;14.684
1111;1100;4.104
1112;1111;6.000
1113;1112;6.973
946;982;63.006
950;1113;29.862
1114;945;16.812
1115;949;19.357
1114;1116;9.219
1117;1114;3.405
1117;1116;5.066
1116;1115;4.286
1118;1117;4.895
1115;1118;5.561
1119;1118;5.721
1120;1117;5.385
1120;1119;12.128
1121;1120;29.538
1122;1123;4.015
1123;1124;0.463
1124;1125;0.872
1126;1127;11.331
1127;1128;4.707
1127;1129;1.609
1128;1130;3.085
1129;1131;0.974
1130;1131;0.845
1131;1132;3.062
1133;1134;30.780
1135;1136;38.230
1134;1135;20.623
1132;1137;24.725
1137;1138;8.921
1138;1139;18.717
1140;1141;9.106
1142;1143;0.976
1144;1145;10.348
1147;1148;0.931
1149;1150;0.251
1151;1152;0.620
1153;1154;2.169
1155;1156;0.954
1157;1158;0.963
1159;1160;0.624
1161;1162;0.656
1163;1164;0.398
1165;1166;1.627
1167;1168;0.916
1169;1170;1.071
1171;1172;1.370
1173;1174;118.468
1175;943;0.510
1176;1175;66.197
1177;1176;31.272
1178;1177;32.332
1179;1178;6.516
1179;1180;4.636
1180;1181;0.666
332;1182;5.060
1183;1181;9.000
1184;1185;10.212
1185;1183;2.261
1185;1186;12.359
1186;1187;9.412
1183;1187;7.471
1188;1189;10.120
1186;1188;4.842
1190;1188;3.218
1191;1190;5.889
1187;1191;6.596
1191;1192;0.986
1192;1193;5.255
1181;1193;7.072
1193;1194;6.865
1195;1196;11.059
1190;1196;5.811
1182;1197;13.272
1192;1198;9.221
1193;1198;2.950
1196;1199;7.358
1198;1199;11.263
1198;1200;1.583
1199;1201;8.173
1199;1202;16.540
1201;1203;7.129
1200;1203;2.228
1200;1204;7.771
1201;1205;8.878
1204;1206;7.158
1201;1207;10.414
1208;1207;5.795
1203;1208;3.977
1207;1209;15.153
1210;1209;6.804
1210;1211;2.996
1208;1212;3.195
1213;1210;6.619
1208;1213;10.980
1212;1214;3.229
1206;1214;17.770
1213;1215;6.039
1216;1215;3.805
1217;1216;3.915
1212;1217;7.537
1214;1218;3.980
1219;1220;21.845
1219;1188;66.311
1221;1218;3.517
1164;1221;0.298
1219;1222;3.358
1209;1222;16.517
1216;1223;8.380
1217;1223;6.783
1197;1224;40.779
1166;1163;3.153
1215;1225;17.193
1223;1226;9.978
1227;1226;9.097
1228;1165;0.677
1226;1229;3.190
1222;1230;14.027
1225;1230;12.189
1231;1228;1.097
1232;1228;1.902
1232;1231;1.406
1224;1231;29.554
1229;1233;3.592
1214;1234;27.575
1229;1234;12.427
1235;1232;3.289
1231;1235;3.914
1234;1236;3.344
1225;1237;17.058
1237;1238;10.329
1237;1233;9.761
1239;1237;1.788
1236;1240;6.621
1233;1241;10.622
1240;1241;4.119
1241;1239;6.487
1230;1242;14.202
1243;1239;4.545
1242;1244;2.670
1241;1245;2.877
1244;1243;13.646
1243;1246;3.608
1245;1240;18.537
1245;1246;13.079
1247;1242;10.570
1244;1248;16.190
1246;1248;6.738
1236;1248;35.533
1249;1247;15.010
1248;1250;20.581
1247;1251;31.092
1249;1167;18.186
1168;1252;9.547
1235;1155;41.296
1252;1253;30.021
1253;1254;34.472
1156;1256;39.888
1257;1258;7.857
1254;1258;39.975
1255;1259;34.324
1256;1157;23.426
1258;1260;35.046
1260;1261;11.716
1261;1262;18.566
1259;1263;18.178
1262;1264;23.059
1263;1265;15.498
1158;1266;28.935
1266;1267;2.046
1267;1265;6.454
1267;1268;2.407
1265;1268;2.492
1269;1266;8.027
1268;1269;1.770
1269;1270;4.442
1270;1271;7.283
1272;1271;6.381
1270;1272;18.669
1272;1273;4.750
1264;1274;23.186
1271;1275;6.151
1275;1272;18.519
1274;1153;2.809
1276;1273;28.236
1276;1277;5.011
1277;1278;7.940
1273;1278;29.428
1278;1279;4.945
1280;1277;6.249
1280;1279;9.623
1281;1282;16.923
1281;1283;20.984
1279;1284;2.208
1284;1281;6.845
1275;1285;11.199
1286;1276;13.631
1284;1287;4.553
1286;1288;7.905
1288;1280;6.083
1287;1289;3.610
1290;1288;2.805
1289;1290;5.291
1285;1286;8.309
1154;1292;5.741
1287;1293;6.374
1294;1293;8.978
1281;1294;13.582
1294;1295;28.157
1296;1289;8.374
1296;1297;4.279
1293;1297;2.178
1290;1298;8.434
1298;1296;5.248
1299;1288;8.647
1299;1298;2.721
1286;1300;10.175
1300;1299;8.474
1297;1301;4.242
1302;1300;3.980
1303;1294;9.237
1304;1299;6.184
1296;1304;9.869
1291;1305;7.423
1306;1305;2.150
1307;1302;11.092
1304;1307;3.299
1301;1307;14.199
1301;1308;5.045
1302;1309;6.067
1308;1310;4.149
1308;1310;10.335
1309;1311;4.101
1307;1311;5.686
1312;1313;4.334
1309;1313;7.599
1314;1313;3.668
1311;1314;5.658
1292;1315;3.837
1285;1315;9.174
1294;1316;16.776
1295;1169;20.486
1310;1317;3.725
1316;1317;3.506
1305;1318;7.453
1319;1314;4.660
1320;1321;2.805
1316;1322;9.971
1170;1320;11.583
1321;1306;35.990
1317;1323;5.114
1313;1324;7.846
1324;1325;6.985
1325;1326;3.539
1326;1327;2.108
1311;1327;10.056
1327;1323;13.404
1313;1328;12.508
1329;1320;5.905
1321;1329;3.457
1329;1306;11.646
1318;1329;19.230
1318;1330;6.727
1331;1327;5.124
1324;1332;6.386
1333;1325;6.615
1333;1326;6.758
1331;1333;4.775
1332;1334;5.860
1333;1334;3.480
1335;1331;2.877
1335;1336;10.855
1323;1336;9.579
1315;1337;6.417
1328;1337;9.546
1338;1339;15.188
1336;1338;5.601
1329;1340;14.977
1330;1340;4.520
1341;1335;1.719
1342;1320;21.406
1342;1329;6.232
1334;1341;18.362
1338;1343;5.112
1328;1344;13.400
1332;1345;9.315
1343;1346;5.852
1343;1347;2.377
1348;1341;6.184
1336;1348;11.795
1337;1349;3.510
1350;1342;6.205
1340;1350;7.520
1348;1351;9.676
1352;1349;4.538
1350;1353;19.240
1354;1352;8.184
1172;1354;2.394
1353;1355;8.825
1355;1356;3.125
1354;1357;21.342
1357;1355;20.867
1357;1358;5.746
1356;1358;11.414
1358;1171;16.652
1358;1359;9.131
1356;1359;6.713
1360;1354;49.222
1359;1360;7.314
1360;1361;28.131
1361;1149;9.113
1150;1362;1.983
1362;1363;46.550
1363;1364;1.389
1365;1366;7.567
1367;1368;2.412
1366;1367;5.342
1368;1369;5.030
1370;1371;45.427
1369;1372;3.118
1368;1372;3.417
1373;1374;8.566
1372;1375;8.672
1367;1375;7.034
1375;1366;14.027
1375;1373;4.093
1376;1377;6.878
1364;1376;6.706
1376;1142;0.373
1375;1378;1.777
1378;1379;4.093
1379;1373;2.933
1369;1380;6.310
1378;1380;11.605
1379;1381;2.807
1381;1382;18.495
1383;1384;3.862
1385;1386;4.100
1387;1383;1.352
1386;1388;6.702
1143;1388;0.791
1380;1389;4.967
1390;1371;5.873
1391;1389;7.065
1392;1391;2.089
1378;1392;9.539
1393;1378;9.443
1393;1392;6.630
1394;1390;1.400
1389;1394;3.396
1395;1396;4.858
1396;1383;9.900
1397;1387;7.280
1386;1397;8.409
1398;1393;2.558
1381;1398;8.302
1399;1398;4.112
1148;1399;0.744
1400;1394;2.810
1400;1391;6.687
1396;1401;9.374
1397;1401;5.527
1402;1147;0.806
1399;1400;6.056
1402;1403;7.155
1404;1405;10.125
1405;1406;2.579
1405;1407;3.449
1406;1408;7.308
1408;1401;7.126
1401;1409;11.137
1408;1410;1.902
1410;1409;7.111
1409;1411;0.767
1403;1412;3.316
1411;1413;3.101
1388;1413;7.218
1413;1414;3.434
1414;1415;7.354
1416;1415;5.739
1407;1417;3.906
1413;1418;1.118
1419;1418;1.566
1418;1420;1.659
1414;1420;5.056
1411;1421;4.343
1421;1419;1.349
1419;1422;2.468
1418;1422;0.637
1415;1423;5.621
1410;1424;6.889
1424;1421;7.343
1406;1425;12.111
1425;1424;5.825
1422;1426;0.973
1420;1426;4.141
1420;1427;9.316
1427;1423;5.171
1423;1428;7.556
1426;1429;6.175
1429;1427;4.810
1425;1430;7.145
1428;1431;13.041
1407;1432;23.206
1431;1433;11.560
1434;1435;10.629
1426;1434;3.826
1436;1428;11.587
1437;1436;5.055
1436;1431;15.095
1429;1438;12.075
1434;1439;1.597
1439;1438;6.065
1438;1437;6.763
1437;1440;2.700
1439;1441;2.845
1412;1442;55.229
1442;1443;18.747
1444;1441;76.545
1443;1445;26.824
1445;1446;4.054
1447;1448;8.375
1447;1449;4.806
1450;1447;4.594
1446;1450;5.849
1451;1452;5.511
1446;1159;2.406
1452;1453;4.517
1454;1453;1.613
1452;1455;15.026
1456;1454;11.206
1450;1456;5.399
1453;1457;5.440
1458;1456;5.715
1454;1459;6.980
1456;1459;2.331
1459;1460;2.703
1461;1462;6.249
1460;1461;2.948
1461;1463;2.714
1455;1464;18.281
1463;1464;9.025
1464;1465;2.120
1466;1460;10.287
1466;1467;3.419
1468;1466;1.718
1456;1468;22.351
1465;1469;6.556
1469;1470;10.604
1471;1469;3.133
1465;1471;7.265
1463;1471;6.430
1472;1468;5.071
1472;1473;2.546
1473;1474;9.094
1469;1475;6.203
1473;1476;3.999
1477;1472;12.975
1160;1478;10.155
1474;1479;10.978
1480;1481;4.348
1474;1480;9.781
1482;1483;1.149
1480;1482;5.489
1471;1484;7.391
1482;1485;11.933
1486;1444;35.994
1487;1484;11.040
1162;1486;9.482
1488;1161;3.671
1478;1489;18.352
1489;1488;0.254
1490;1487;6.854
1491;1492;5.353
1493;1491;7.934
1493;1490;21.986
1494;1492;7.624
1495;1492;8.608
1495;1493;10.182
1494;1496;8.364
1497;1496;7.967
1498;1495;9.867
1496;1499;6.770
1500;1496;5.208
1498;1500;6.243
1498;1501;2.741
1500;1502;1.772
1500;1503;5.649
1504;1501;6.174
1490;1504;15.215
1501;1505;13.635
1506;1505;5.932
1504;1506;5.925
1505;1507;12.962
1506;1507;4.929
1507;1508;3.318
1152;1508;8.400
1509;1486;24.346
1510;1151;8.891
426;1510;28.180
1511;1512;10.678
1513;1511;14.914
1514;1515;8.218
1514;1516;12.862
1511;1517;19.746
1518;1517;10.196
1518;1514;7.796
1517;1519;8.594
1520;1518;7.809
1520;1519;10.788
1521;1511;28.721
1522;1521;30.795
1519;1522;6.911
1522;1523;11.227
1523;1520;6.285
1524;1521;12.194
1525;1522;3.610
1525;1526;4.181
1526;1523;8.443
1524;1527;13.837
1527;1140;4.724
1528;1174;9.050
1529;1524;20.711
1529;1530;13.848
1530;1525;12.031
1530;1531;4.807
1531;1532;4.168
1526;1532;7.973
1533;1532;6.530
1528;1533;9.039
1528;1534;8.415
1174;1534;11.725
1535;1536;12.362
1535;1144;10.760
1144;1527;5.149
1534;1537;2.427
1538;1533;16.875
1534;1538;3.386
1539;1533;5.294
1529;1540;20.988
1540;1531;7.469
1540;1539;7.472
1542;1539;14.959
1541;1542;7.544
1544;1535;19.557
1542;1543;16.320
1145;1545;17.284
1546;1545;7.912
1547;1546;13.238
1548;1549;10.390
1527;1550;25.532
1550;1551;7.344
1544;1548;18.461
1552;1547;39.743
1553;1141;78.426
1141;1546;16.828
1549;1509;65.067
1545;1554;65.080
1553;1555;6.965
1555;1553;6.379
1556;1554;2.473
1557;1558;26.740
1557;1559;38.737
1560;1557;10.533
1561;1560;8.795
1146;1555;42.722
1562;1561;5.739
1563;1564;27.461
1564;1561;6.749
1566;1567;21.754
1568;1562;18.373
1547;1565;117.536
1566;1569;7.263
1569;1556;16.879
1567;1570;34.766
1571;1568;21.089
1570;1572;89.263
1572;1573;1.261
1574;1568;53.271
1573;1574;16.148
1575;1571;5.574
1576;1577;9.106
1578;1576;11.700
1578;1575;14.312
1579;1578;2.772
1580;1579;4.812
1579;1581;2.270
1582;1570;37.008
1583;1575;23.085
1584;1583;4.792
1585;1584;5.268
1585;1574;24.253
1586;1585;13.038
1587;1576;14.640
1587;1578;6.783
1583;1587;12.165
1587;1588;8.208
1584;1588;13.812
1585;1589;9.677
1588;1590;2.067
1587;1591;11.881
1592;1582;14.676
1590;1593;10.527
1591;1594;5.195
1591;1593;7.660
1595;1593;7.271
1590;1595;10.743
1595;1596;8.496
1597;1563;71.355
1598;1597;10.510
1599;1598;91.547
1600;1599;15.156
470;1600;21.316
215;472;1.385
1601;471;19.565
473;1601;6.975
1602;1603;32.049
1603;1604;91.049
1605;1606;1.052
1607;1608;1.755
1609;1610;2.473
1611;1612;28.604
1613;1614;21.854
1612;1614;7.000
1614;1615;7.289
1612;1616;11.415
1615;1617;5.651
1616;1617;11.751
1618;1619;39.260
1620;1619;5.000
1619;1621;2.507
1618;1622;18.060
1620;1622;5.016
1623;1615;13.621
1621;1620;5.277
1608;1623;1.720
1624;1621;3.366
1607;1624;6.029
1624;1625;2.013
1617;1626;10.552
1622;1627;5.085
1627;1625;4.991
1626;1628;5.474
1626;1629;5.714
1616;1629;4.989
1630;1623;5.809
1628;1630;4.500
1625;1631;4.898
1632;1627;11.262
1629;1605;4.808
1628;1630;25.960
1632;1631;23.665
1606;1633;0.354
1633;1634;4.323
1631;1609;20.892
1610;1635;4.076
1633;1635;32.250
1635;1636;7.754
1636;1637;4.161
1634;1638;14.258
1638;1639;13.563
1639;118;71.962
1640;1641;26.017
1;1641;5.765
1641;1642;3.883
1642;1643;1.562
1644;1645;38.305
1646;1640;12.541
1640;1647;10.979
1648;1649;0.871
1650;1651;1.712
1651;1652;4.397
1652;1653;17.862
1653;1654;12.646
1654;1655;6.867
1655;1656;2.242
1656;1657;1.591
1658;1656;3.871
1657;1658;3.115
1657;1659;3.989
1660;1658;4.499
1660;1661;13.461
1660;1662;9.311
1658;1662;20.327
1662;1663;21.640
1664;1665;6.256
1666;1667;14.365
1668;1669;30.170
1669;1648;2.711
1649;1670;4.577
1670;1671;10.515
1671;1672;19.109
1672;871;0.924
1666;1673;4.103
1673;0;2.172
1674;1666;4.148
1673;1674;5.485
1675;1676;28.033
1677;1678;19.890
1679;1680;2.209
1681;1682;2.050
1683;1684;6.078
1685;1686;0.899
1687;1688;1.579
1689;1690;0.825
1691;1692;0.882
1693;1694;0.731
1695;1696;0.524
1697;1698;2.008
1699;1700;0.771
1701;1646;1.496
1702;1703;0.493
1704;1705;1.460
1706;1707;1.267
1708;1709;0.851
476;1710;27.273
587;1710;5.433
1710;1711;2.991
1711;1712;61.879
1712;1677;41.683
111;1697;10.606
1678;1713;5.396
1713;1714;8.985
1714;1706;1.184
1707;1708;3.873
1714;1715;4.431
1709;1716;0.905
1715;1683;0.781
1716;1717;2.341
1718;1719;2.587
1720;1718;6.169
1719;1720;4.555
1719;1721;3.194
1720;1722;2.630
1721;1722;5.105
1698;1723;22.125
1724;1725;8.547
1725;1726;1.449
1727;1728;9.133
1728;1725;7.784
1728;1729;1.251
1730;1731;4.517
1721;1732;11.597
1729;1732;3.722
1733;1734;7.020
1730;1734;5.494
1729;1735;6.680
1722;1736;15.935
1732;1736;12.151
1684;1737;1.887
1738;1726;20.025
1737;1739;0.282
1738;1740;11.231
1734;1741;10.642
1736;1741;12.229
1732;1742;12.083
1742;1735;8.454
1743;1730;15.822
1744;1742;4.181
1735;1744;16.751
1723;1745;6.356
1726;1746;25.107
1741;1747;8.749
1744;1748;4.854
1748;1746;8.411
1749;1744;5.971
1743;1747;16.932
1750;1749;2.317
1748;1750;5.831
1736;1751;17.508
1751;1749;6.033
1752;1743;12.123
1746;1753;4.642
1753;1738;15.141
1754;1755;7.324
1754;1751;10.289
1753;1756;1.362
1747;1757;6.310
1757;1754;2.736
1756;1758;3.075
1758;1756;14.133
1750;1759;10.595
1758;1760;4.900
1759;1761;12.890
1739;1762;8.603
1762;1763;1.080
1764;1763;4.511
1745;1765;23.937
1766;1764;32.699
1763;1767;24.543
1767;1768;0.173
1769;1770;59.264
1770;1771;55.379
1771;1772;10.355
1645;1766;40.726
1765;1773;27.531
1774;1775;2.166
1775;1699;0.583
1772;1774;13.241
944;1776;3.508
1773;1701;3.001
1647;1769;14.508
1768;1777;25.884
1700;1644;22.289
1;1778;6.985
1642;1778;6.319
0;1779;13.335
1779;1778;0.768
1674;1780;14.570
1780;1779;5.609
1781;1780;2.448
1643;1782;13.830
1781;1783;7.588
1783;1643;13.668
1784;1782;4.829
1783;1785;2.331
1785;1784;10.342
1786;1781;15.606
1785;1787;4.979
1782;1788;9.561
1784;1789;8.478
1788;1789;0.832
1787;1790;13.270
1789;1790;3.809
1790;1791;9.061
1792;1787;35.681
1777;1793;31.056
1793;1685;1.519
1686;1794;21.820
1776;1795;78.726
1794;1796;43.405
1795;1797;36.873
1796;1687;5.694
1797;1798;12.881
1798;1799;18.435
1688;1689;16.496
1800;1702;0.439
1705;1800;2.019
1801;1704;0.520
1799;1801;21.820
1703;1802;2.124
1802;1803;8.973
115;1804;5.880
1803;1805;3.546
1690;1806;28.718
1806;1807;0.512
1807;1808;5.646
1805;1808;26.191
1808;1809;0.694
1804;1810;52.270
1811;1812;28.129
1812;1813;37.788
1814;1815;29.663
1810;1816;26.078
1813;1817;21.304
1818;1819;57.207
1816;1820;5.846
1821;1811;41.884
1813;1821;10.039
1820;1822;0.638
1823;1824;29.451
1819;1825;9.072
1825;1826;39.228
1823;1825;12.091
1827;1819;11.650
1825;1827;11.477
1828;1821;15.601
1828;1829;18.477
1822;1830;14.643
1830;1831;1.993
1809;1832;60.413
1833;1828;14.284
1834;1827;40.436
1831;1835;14.257
1835;1836;0.635
1837;1834;8.287
1833;1838;19.522
1838;1837;1.819
1839;1832;17.910
1840;1837;4.719
1834;1840;8.808
1841;1839;5.041
1825;1842;44.504
1840;1838;9.765
1823;1843;49.050
1843;1844;22.877
1845;1846;4.276
1833;1847;36.197
1847;1845;13.745
1845;1848;3.799
1840;1849;20.582
1832;1850;25.023
1851;1847;3.198
1852;1842;20.446
1849;1853;5.625
1842;1853;13.438
1853;1852;0.789
1854;1848;9.580
1850;1855;1.848
1846;1856;11.799
1843;1857;19.634
1855;1857;1.257
1858;1851;4.178
1859;1843;17.878
1860;1854;8.378
1848;1860;5.918
1861;1856;5.257
1861;1849;11.797
1862;1860;3.504
1862;1846;9.076
1863;1862;3.918
1856;1863;3.317
1864;1858;1.576
1864;1854;9.359
1865;1852;8.497
1865;1859;4.219
1860;1866;2.719
1867;1864;2.032
1866;1867;11.773
1836;1868;20.000
1869;1866;3.732
1859;1870;7.328
1871;1869;1.389
1872;1867;2.434
1873;1872;1.058
1873;1871;6.254
1874;1875;15.097
1875;1874;5.841
1863;1876;7.146
1875;1877;1.778
1878;1865;8.488
1870;1878;4.512
1866;1879;5.988
1879;1876;7.012
1880;1881;4.680
1876;1882;1.513
1882;1881;3.812
1883;1861;9.788
1884;1850;12.675
1884;1841;32.826
1881;1883;5.951
1885;1883;1.199
1885;1874;6.521
1877;1886;7.828
1887;1886;2.764
1878;1887;3.429
1888;1885;1.694
1874;1888;5.892
1869;1889;6.751
1890;1889;1.632
1879;1890;2.533
1891;1871;6.790
1892;1873;5.371
1892;1891;3.660
1870;1893;9.021
1857;1893;9.240
1894;1895;22.468
1691;1894;3.178
1896;1877;4.667
1889;1897;1.773
1895;1898;9.616
1899;1891;1.978
1897;1899;4.818
1888;1900;7.212
1896;1900;4.002
1901;1890;5.728
1896;1902;6.457
1886;1902;7.232
1903;1884;5.521
1692;1903;23.549
1868;1904;10.848
1900;1905;5.173
1905;1906;0.741
1902;1906;2.056
1907;1901;4.152
1882;1907;9.971
1906;1908;1.995
1887;1908;10.753
1888;1909;11.657
1893;1910;6.598
1908;1911;3.349
1910;1911;0.390
1855;1912;28.812
1913;1892;12.137
1914;1913;3.335
1914;1899;11.508
1912;1915;3.164
1915;1884;28.631
1909;1916;4.904
1917;1916;2.717
1900;1917;12.690
1907;1918;7.970
1919;1917;2.101
1919;1905;13.006
1918;1901;15.286
1920;1913;4.503
1920;1921;2.913
1921;1914;4.292
1897;1922;16.461
1910;1912;52.474
1921;1923;4.970
1922;1923;2.891
1918;1924;4.115
1909;1924;10.712
1924;1916;8.283
1904;1925;11.335
1924;1926;3.080
1926;1927;1.987
1927;1919;11.564
1915;1681;13.988
1922;1928;8.379
1926;1928;10.429
1929;1920;9.696
1923;1929;11.889
1930;1927;2.679
1930;1931;0.600
1911;1931;10.208
1682;1932;6.545
1929;1933;10.338
1898;1934;11.979
1928;1935;23.065
1935;1930;9.571
1936;1935;1.702
1937;1932;39.507
1938;1937;1.310
1939;1938;13.714
1940;1939;4.096
1931;1679;29.688
1940;1941;2.293
1680;1942;1.599
1942;1940;14.303
1937;1943;16.048
1925;1944;25.903
1943;1945;2.512
1946;1936;5.111
1947;1938;9.632
1947;1945;16.958
1943;1948;22.661
1932;1949;18.038
1939;1950;15.068
1947;1950;9.508
1941;1951;10.353
1941;1951;32.670
1952;1951;3.226
1950;1952;8.358
1952;1953;7.154
1954;1946;10.219
1955;1956;7.237
1945;1957;27.963
1944;1958;46.979
1958;1959;0.999
1960;1961;55.636
1962;1960;2.278
1959;1963;5.604
1961;1954;61.956
1694;1955;26.560
1964;1693;4.608
1934;1965;13.041
1965;1964;5.224
1696;1962;14.707
1949;1965;90.210
1966;1965;15.981
1956;1967;40.978
1676;1695;26.838
1968;1966;41.126
1963;1675;63.692
1815;1969;98.004
1969;1970;7.816
1970;222;1.785
1975;1972;35.387
1975;1971;10.213
1976;1973;8.262
1977;1976;3.464
1974;1978;9.909
1979;1980;2.962
1981;1982;0.702
1983;1984;1.094
521;1985;31.155
1985;1986;1.971
1986;1987;15.507
1988;1987;12.322
1989;1988;4.955
1990;1991;6.823
1990;1992;1.514
1993;1988;2.482
1992;1994;4.427
1995;1993;3.693
1995;1989;3.317
1994;1996;10.440
1990;1997;9.582
1997;1998;5.611
1998;1992;3.992
1999;2000;6.095
1999;2001;11.353
2002;1994;4.489
2002;1996;6.923
2003;1998;2.409
2003;2002;5.179
2004;1996;7.543
2004;1999;9.584
1987;2005;6.349
1993;2005;9.910
2006;1995;10.564
2007;2003;3.795
2008;2004;4.446
2009;1997;7.814
2009;2007;2.426
2010;2009;2.251
2006;2011;2.848
1997;2012;15.702
2012;2010;9.094
2012;2013;3.461
2014;2007;3.818
2014;2008;4.436
2015;1989;29.925
2013;2015;1.955
2016;2006;5.083
2017;2016;5.865
2015;2017;7.814
2018;2010;4.413
2018;2014;2.299
2019;2011;4.458
2016;2019;2.609
2005;2020;3.445
2011;2020;8.646
2021;2019;2.497
2017;2021;7.585
2022;2013;8.692
2022;2018;4.357
2020;2023;1.944
2023;2021;8.541
2008;1981;4.659
2024;2022;4.295
2025;2021;13.486
2025;2024;0.900
2018;2026;10.781
1982;2027;1.033
2023;2028;3.128
2028;2025;4.184
2024;2029;6.756
2030;2028;10.574
2031;2032;3.214
2032;2033;8.018
2033;2020;51.739
2027;2034;6.204
2035;2032;9.389
2030;2036;10.478
2033;2037;9.469
2037;2030;37.992
2035;2038;7.122
2038;2033;11.078
2034;2039;2.879
2040;2038;6.039
2040;2037;13.548
2041;2035;15.731
2041;2042;7.741
2042;2040;8.024
2039;2043;25.653
2043;2044;46.984
2044;2045;2.730
2045;1650;14.119
2044;2046;25.947
2046;2047;0.583
2047;2048;21.531
2048;1983;19.276
1984;2049;5.650
1980;2049;2.746
2050;2051;22.060
2052;2053;10.740
2053;1979;13.553
2051;2054;3.834
2051;2055;2.736
2055;2053;1.957
2056;2050;9.325
2054;2056;4.710
2057;2054;3.870
2057;2055;4.812
2058;2056;3.753
2059;2060;7.234
2055;2061;7.772
2061;2062;3.896
2062;2060;5.070
2057;2063;7.535
2063;2061;7.552
2062;2064;3.299
2060;2064;7.220
2063;2065;4.140
2064;2066;4.282
2065;2067;8.443
2067;2066;6.242
2067;2068;9.029
2066;2068;8.386
586;2069;0.895
2069;869;15.857
2070;2071;6.996
2072;2073;0.828
2074;2075;1.345
2076;2077;1.807
2078;2079;0.830
2071;2080;0.862
2081;2082;1.169
2083;2084;0.825
2085;2086;0.584
2087;600;1.640
2088;2089;6.409
2089;2072;15.146
2073;2087;16.915
2090;2091;18.570
2092;2093;7.682
2094;2092;4.572
2095;2096;8.743
2096;2097;24.042
2097;2098;29.641
2098;2099;9.047
2099;2100;6.596
2100;2074;0.728
2075;2076;28.844
2077;2078;36.555
2079;2101;37.825
2101;2102;13.671
2103;2104;7.882
2102;2105;7.679
2106;2104;10.761
2107;2106;3.216
2108;2106;3.630
2109;2108;1.570
2110;2109;7.306
2109;2110;13.995
2111;2110;9.398
2108;2111;38.494
2112;2111;23.849
2113;2112;5.011
2112;2114;44.040
2114;2115;7.237
2114;2116;6.563
2116;2117;37.445
2118;2116;27.847
2105;2119;23.835
2119;2120;6.352
2120;2121;2.283
2121;2122;0.661
2122;2123;18.735
2123;2070;10.581
2080;2124;55.603
2124;2125;1.525
2126;2127;7.934
2127;2128;26.707
2125;2129;11.870
2128;2130;5.054
2131;2130;7.814
2132;2133;9.648
2129;2132;5.973
2129;2134;3.582
2134;2132;5.988
2132;2135;3.180
2134;2136;0.884
2130;2136;9.399
2136;2137;1.471
2137;2138;20.725
2138;2139;1.276
2137;2140;2.587
2140;2141;2.224
2140;2141;15.435
2141;2142;0.549
2142;2143;21.435
2142;2144;8.239
2145;2144;13.377
2143;2146;8.815
2144;2147;4.121
2143;2148;14.077
2147;2148;7.097
2148;2149;5.900
2150;2149;8.957
2151;2150;2.923
2149;2152;10.633
2152;2153;5.772
2150;2153;6.600
2153;2151;10.190
2147;2154;11.007
2151;2154;18.019
2154;2155;4.150
2155;2156;1.595
2156;2157;7.551
2084;2081;38.113
2082;2085;22.855
2086;2158;2.022
2158;496;4.677
2157;2159;20.792
2156;2083;67.725
2159;2160;5.361
2160;2161;57.430
2161;522;5.117
2162;2163;0.745
2164;2165;0.837
2166;173;9.187
2167;2166;14.500
2168;2162;16.387
2169;2170;13.176
2170;2164;0.655
2165;2168;16.281
2163;2167;34.481
2171;2172;9.787
2172;2173;11.789
2172;2174;13.015
2174;2170;10.468
2175;2174;6.173
2176;2175;4.320
2177;2176;2.285
2177;2178;29.669
2179;2177;14.408
2180;2179;9.730
2181;2180;0.940
2182;2181;2.991
2183;2182;11.082
253;2183;103.333
2184;2181;64.156
2185;2184;5.273
2186;2185;51.278
2187;2186;8.819
2188;2187;13.142
2189;2188;12.033
2190;2189;3.876
2191;2190;6.055
2192;2191;3.688
2193;2192;13.219
2194;2195;1.275
2195;2193;9.932
2196;2193;7.460
2197;2195;12.924
2196;2197;15.287
2197;2198;11.092
2199;2196;8.111
2200;2196;17.765
2200;2192;9.010
2201;2200;0.543
2199;2202;20.707
2202;2201;10.739
2203;213;12.827
2202;2204;11.402
2205;2203;16.036
2206;2207;21.953
2207;2208;2.041
2207;2209;5.466
2210;2211;1.642
2211;2208;6.445
2209;2212;14.669
2213;2211;2.150
2208;2214;4.534
2209;2215;3.771
2212;2216;5.805
2212;2217;35.365
2217;2205;2.858
2204;2218;12.588
2217;2219;9.090
2218;2220;2.843
2220;2221;58.945
2219;2222;92.015
2224;2225;2.223
2226;2227;0.336
1967;1257;7.227
2228;1968;0.991
2229;2228;51.623
2230;2229;2.262
2227;2230;6.034
2231;2226;5.005
2232;2231;5.408
2233;2232;5.481
2234;2233;2.212
2235;2234;14.587
2236;2235;13.369
2237;2224;4.537
2238;2235;16.141
2239;2234;8.161
2239;2240;6.899
2241;2239;2.251
2241;2242;15.670
2243;2241;3.265
2244;2243;3.529
2245;2244;22.241
2225;2246;23.428
2246;2247;11.946
2247;2245;11.614
2245;2248;27.587
2244;2248;21.494
2246;2249;8.943
2249;2247;10.344
2248;2250;3.763
2247;2251;19.921
2250;2251;3.978
2252;2249;19.574
2253;2243;33.178
2254;2243;12.018
2254;2253;9.711
2253;2255;9.864
2250;2256;19.516
2256;2254;3.687
2257;2256;1.915
2251;2258;15.617
2258;2257;1.271
2254;2259;3.063
2259;2255;10.710
2255;2260;8.938
2257;2261;5.597
2262;2258;2.480
2259;2263;1.748
2260;2263;13.910
2264;2261;2.623
2260;2265;9.978
2262;2266;3.537
2261;2266;10.341
2267;2268;7.693
2268;2262;1.540
2266;2269;2.333
2270;2264;7.215
2269;2270;7.478
2249;2271;35.171
2271;2268;1.606
2270;2272;2.681
2264;2272;10.235
2273;2274;8.924
2274;2271;11.148
2275;2276;7.760
2277;2276;5.640
2276;2274;12.756
2263;2278;5.272
2279;2269;14.154
2272;2279;13.144
2279;2280;4.368
2278;2281;3.499
2281;2282;9.625
2281;2283;3.303
2284;2271;10.604
2283;2285;5.804
2286;2285;10.292
2285;2287;10.233
2287;2288;2.829
2289;2284;20.416
2290;2289;0.219
2291;2290;21.596
2288;1370;53.670
2292;2291;24.949
2293;2292;12.846
2294;2293;42.279
2295;2294;18.127
121;2295;18.623
2297;648;5.182
2298;2297;36.439
2296;2298;7.760
2299;2300;3.273
2301;2302;2.642
2303;2304;2.833
2305;2303;1.458
2305;2299;5.047
2299;2306;9.295
2306;2301;1.879
2307;2308;3.467
2303;2307;7.026
2309;2306;3.012
2301;2310;13.520
2311;2309;1.780
2307;2312;2.181
2313;2305;6.307
2313;2311;6.310
2314;2312;2.333
2315;2309;3.978
2312;2316;2.547
2315;2317;4.391
2317;2318;1.796
2311;2319;3.548
2316;2320;3.033
2321;2320;7.141
2321;2313;4.770
2322;2315;5.200
2322;2323;1.486
2323;2317;3.150
2323;2324;2.843
2325;2316;8.090
2327;2325;3.704
2325;2328;2.464
2320;2328;8.510
2329;2330;4.468
2330;2321;7.202
2328;2331;5.256
2331;2329;4.689
2332;2330;2.450
2322;2332;19.763
2331;2333;2.445
2334;2332;1.253
2335;2329;3.820
2336;2337;53.553
2326;2336;127.869
2338;2339;3.634
2340;2341;5.547
2342;2343;0.582
2344;2345;0.307
2346;2347;0.553
2348;2349;0.301
2350;2351;0.433
2352;2353;0.337
2354;2355;0.496
2356;2357;1.142
2359;2360;0.617
2361;2362;0.540
2363;2364;0.529
2365;2366;0.829
2367;2368;0.730
2369;2370;2.684
2371;2372;0.374
2373;2374;0.624
2375;2376;0.573
2377;2378;0.660
2379;2380;2.314
2380;2381;27.274
2381;2382;26.103
2382;2383;13.414
2383;2384;8.415
2384;2385;5.900
2385;2386;4.866
2386;2387;56.224
2387;2344;8.169
2345;2388;2.307
2388;2346;17.896
2389;2390;2.756
2390;2391;7.078
2391;2392;10.187
2393;2391;1.935
2393;2394;17.813
2394;2395;4.299
2396;2395;13.512
2396;2397;5.604
2398;2396;2.375
2395;2399;6.608
2398;2400;4.690
2401;2398;24.403
2402;2393;21.687
2402;2401;8.230
2403;2402;7.890
2404;2403;10.931
2405;2406;2.699
2406;2404;7.472
2407;2404;6.020
2408;2409;3.282
2408;2406;19.271
2410;2411;3.688
2406;2412;5.182
2411;2408;15.947
2337;2413;60.725
2347;2414;19.538
2414;2348;1.722
2413;2365;21.191
2349;2415;8.672
2415;2416;9.242
2416;2350;14.592
2351;2352;20.823
2353;2417;22.307
2417;2418;3.649
2418;2419;11.683
2419;2420;2.075
2421;2419;12.811
2422;2420;1.515
2423;2421;6.748
2422;2423;1.059
2421;2424;5.654
2423;2425;2.700
2426;2425;0.562
2427;2422;2.119
2428;2427;0.519
2429;2426;1.691
2430;2431;6.052
2368;2429;41.791
2432;2428;3.962
2427;2432;20.795
2433;2432;3.262
2434;2432;0.326
2434;2435;7.553
2430;2436;15.005
2437;2430;10.442
2438;2434;1.147
2439;2440;3.955
2439;2441;6.515
2442;2437;3.313
2437;2443;6.202
2444;2428;21.990
2444;2438;5.500
2445;2446;1.739
2447;2438;2.884
2448;2444;4.056
2449;2439;8.175
2449;2448;1.748
2447;2448;12.548
2450;2442;6.644
2439;2451;8.759
2451;2449;3.689
2446;2452;5.930
2452;2451;2.393
2450;2453;4.772
2442;2454;11.644
2455;2452;4.251
2456;2447;3.971
2454;2456;10.492
2454;2457;4.506
2458;2459;1.397
2460;2455;4.883
2460;2461;4.442
2459;2462;3.877
2462;2463;4.854
2462;2464;7.355
2464;2465;7.446
2466;2460;3.034
2466;2467;6.492
2468;2456;4.419
2468;2450;26.333
2469;2468;0.407
2470;2462;7.137
2471;2369;5.027
2464;2472;9.083
2472;2466;18.113
2472;2473;6.649
2339;2473;2.537
2474;2475;5.623
2475;2470;12.480
2475;2338;1.465
2476;2470;12.517
2476;2475;7.841
2477;2367;29.294
2370;2478;13.197
2478;2477;7.740
2469;2479;3.849
2480;2476;10.078
2481;2476;28.206
2482;2481;1.879
2483;2484;8.113
2485;2486;6.584
2483;2485;8.933
2487;2483;6.460
2488;2487;3.728
2483;2489;5.798
2490;2487;5.177
2490;2489;3.816
2479;2491;6.448
2492;2490;3.379
2489;2485;22.498
2491;2493;5.717
2366;2371;169.373
2493;2494;17.966
2494;2495;7.301
2495;2354;24.572
2372;2373;51.839
2355;2496;1.261
2496;2497;4.648
2374;2498;9.082
2498;2499;6.299
2497;2500;8.856
2499;2501;1.924
2501;2502;3.989
2501;2503;1.759
2503;2504;6.254
2505;2506;2.764
2507;2508;3.180
2508;2509;5.622
2505;2510;0.996
2503;2511;4.628
2512;2505;3.493
2512;2513;1.574
2514;2512;2.624
2511;2514;6.878
2508;2515;10.479
2511;2516;2.643
2509;2517;12.559
2516;2518;1.255
2515;2519;5.248
2517;2519;0.893
2518;2520;4.725
2515;2521;4.831
2522;2523;3.509
2519;2524;4.594
2523;2525;4.749
2516;2526;3.684
2526;2525;0.277
2514;2527;10.705
2525;2528;1.121
2528;2529;1.891
2529;2530;0.512
2530;2531;2.535
2530;2532;1.018
2524;2532;6.523
2532;2533;1.296
2524;2533;8.654
2529;2534;5.303
2526;2535;12.955
2518;2536;15.396
2535;2536;3.235
2537;2538;0.608
2538;2375;0.670
2539;2517;23.274
2533;2539;5.878
2539;2540;0.765
2541;2540;7.496
2542;2543;7.472
2542;2538;1.110
2378;2471;175.859
2540;2542;7.778
2544;2545;4.601
2546;2547;6.222
2536;2547;5.158
2547;2548;0.946
2548;2544;5.228
2538;2549;5.457
2547;2550;6.415
2550;2535;8.247
2551;2552;6.311
2551;2528;13.649
2376;2377;40.414
2548;2553;5.754
2550;2553;4.055
2544;2554;5.705
2555;2551;4.385
2532;2555;18.678
2556;2555;3.929
2553;2557;7.565
2557;2556;8.118
2556;2558;3.373
2558;2559;3.739
2558;2560;2.004
2560;2561;1.612
2560;2562;3.146
2360;2563;5.278
2500;2564;22.190
2362;2359;59.471
2564;2565;2.078
2566;2363;1.487
2364;2361;30.403
2567;2566;19.579
2565;2568;34.373
2568;2569;1.365
2569;2570;5.719
2568;2570;7.718
2570;2567;7.610
2571;2572;6.800
2573;2574;6.541
2574;2575;6.036
2574;2571;5.790
2569;2576;0.916
2570;2576;6.395
2574;2577;7.236
2578;2573;5.753
2577;2578;3.809
2571;2579;4.971
2580;2578;2.814
2577;2581;4.615
2581;2582;6.083
2576;2356;1.602
2580;2583;5.987
2581;2583;10.600
2584;2580;10.835
2584;2583;12.472
2585;2583;7.272
2586;2584;6.770
2587;2586;5.235
2587;2585;7.238
2588;2587;1.866
2588;2585;6.342
2589;2588;2.206
2589;2590;2.883
2357;2591;3.341
2592;2586;13.632
2593;2592;4.878
2593;2589;9.895
2590;2594;21.180
2595;2593;7.242
2595;2590;16.252
2596;2595;12.151
2591;2597;9.270
2597;2598;0.600
2599;2341;2.141
2341;2596;26.181
2600;2601;5.195
2600;2598;6.252
2598;2342;4.366
2602;2342;3.338
2342;2600;17.273
2343;2603;3.676
2340;2603;8.174
2343;2604;7.919
2605;2604;8.500
2603;2605;3.022
2605;2606;1.895
2607;2608;5.478
2604;2608;4.555
2603;2609;3.191
2606;2610;4.928
2610;2611;1.909
2608;2612;6.668
2610;2613;2.764
2608;2614;12.214
2614;2615;7.495
2606;2616;9.179
2616;2617;3.600
2616;2618;3.747
2617;2619;1.597
2609;2619;1.454
2620;2617;12.663
2619;2621;8.578
2621;2622;102.845
2623;2624;2.437
2623;2625;1.034
2626;2625;1.957
2625;2627;4.729
2628;2629;10.261
2624;2630;5.511
2630;2631;1.829
2631;2623;5.210
2624;2632;9.333
2632;2630;2.630
2633;2634;3.538
2635;2633;5.811
2627;2636;2.835
2636;2628;1.068
2632;2633;2.499
2631;2637;1.593
2627;2637;1.320
2622;2638;8.451
2636;2639;2.352
2628;2639;3.346
2639;2640;1.606
2640;2641;17.642
2637;2642;3.313
2643;2642;4.445
2643;2639;2.531
2642;2644;1.615
2633;2645;7.324
2645;2644;5.896
2645;2646;5.089
2644;2647;3.563
2647;2643;4.648
2648;2640;9.721
2648;2647;6.067
2649;2645;6.269
2649;2650;3.060
2651;2652;3.705
2645;2651;7.205
2650;2651;0.818
2651;2653;4.167
2654;2648;5.475
2647;2655;9.953
2655;2654;4.320
2650;2656;10.079
2657;2649;6.214
2658;2657;1.771
2656;2659;1.890
2659;2660;4.684
2661;2657;5.437
2655;2661;2.931
2658;2662;2.506
2663;2656;13.926
2663;2664;4.611
2661;2665;3.162
2665;2666;2.020
2667;2658;7.183
2659;2668;4.545
2668;2667;4.498
2667;2666;9.009
2669;2665;5.722
2669;2654;10.039
2670;2667;4.434
2668;2671;4.210
2671;2670;3.134
2671;2672;0.887
2672;2673;1.713
2672;2674;2.660
2675;2676;7.089
2676;2663;12.434
2670;2677;8.525
2678;2669;12.735
2676;2679;1.313
2666;2680;16.866
2678;2680;6.024
2679;2681;0.526
2677;2682;27.862
2680;2682;20.742
2681;2683;8.120
2682;2683;6.742
2684;2678;33.697
2638;2685;31.891
2683;2686;5.563
2686;2685;3.675
2687;2686;2.021
2685;2687;3.480
2688;2687;7.414
2685;2688;2.520
2688;2358;28.077
2689;2675;157.235
2690;2691;1.030
2692;2693;1.021
2694;2695;1.246
2696;2697;0.724
2698;2699;1.047
2700;2701;2.114
2701;2702;3.906
2702;2703;32.846
2703;2692;39.714
2704;2705;5.910
2705;2694;2.846
2706;2704;9.388
2707;2708;10.289
2709;2710;6.566
2707;2711;7.012
2712;2707;10.821
2713;2712;1.813
2710;2714;1.556
2712;2714;11.299
2715;2716;2.899
2716;2713;4.098
2717;2710;5.642
2693;2718;47.447
2719;2712;5.458
2695;2720;6.122
2716;2721;2.782
2721;2722;15.391
2714;2723;3.561
2723;2719;5.522
2713;2724;4.644
2724;2721;4.374
2725;2706;7.575
2719;2726;4.896
2726;2724;4.948
2727;2725;1.587
2723;2728;6.461
2728;2726;4.841
2729;2728;2.701
2730;2727;0.994
2731;2717;10.671
2731;2729;5.186
2732;2733;5.766
2733;2731;3.919
2734;2717;21.306
2735;2733;5.766
2736;2737;2.434
2738;2735;1.105
2739;2737;8.484
2727;2739;25.476
2740;2730;2.020
2733;2741;5.112
2729;2741;10.564
2740;2742;38.774
2737;2743;7.089
2743;2736;3.732
2720;2744;3.567
2745;2743;1.768
2735;2746;6.721
2741;2746;3.480
2736;2745;6.627
2718;2747;3.871
2744;2696;0.587
2738;2748;9.063
2746;2748;3.476
2749;2745;6.138
2750;2738;11.208
2751;2750;2.630
2751;2752;2.416
2753;2750;4.445
2753;2751;4.920
2748;2754;7.905
2739;2754;31.349
2754;2755;5.732
2756;2740;5.181
2757;2755;4.771
2758;2753;13.149
2755;2758;12.232
2759;2757;2.521
2758;2760;1.781
2757;2761;5.976
2760;2762;4.830
2760;2763;3.900
2697;2764;8.176
2764;2765;6.112
1121;2766;19.429
2765;2767;3.718
2767;2766;9.364
2767;2768;1.796
2766;2768;1.979
2768;2769;1.484
2766;2769;7.051
2768;2770;1.907
2769;2770;9.213
2771;2767;10.044
2771;2770;1.611
2771;2690;0.182
2769;2772;4.216
2747;2773;32.966
2772;1122;20.004
2691;2774;19.469
2774;2775;0.106
2776;2756;32.429
2773;2776;23.289
1125;2777;8.228
2775;2778;17.009
2778;2779;13.759
2779;2780;0.660
2781;2782;9.620
2780;2783;57.152
2784;2785;3.763
2784;2786;4.957
2787;2784;3.025
2781;2788;13.731
2789;2783;1.361
2790;2781;6.577
2790;2791;7.214
2787;2792;2.869
2793;2794;12.410
2793;2795;1.899
2788;2796;4.284
2796;2790;5.114
2797;2798;17.886
2799;2793;4.887
2800;2787;10.897
2798;2800;5.729
2789;2801;10.610
2801;2799;3.332
2802;2803;3.569
2803;2789;4.769
2801;2804;4.084
2798;2805;10.752
2805;2806;1.429
2801;2807;11.476
2808;2803;1.649
2800;2809;10.506
2804;2807;14.007
2809;2810;2.519
2810;2811;15.677
2805;2811;7.409
2811;2796;19.036
2808;2812;1.315
2807;2812;12.286
2809;2813;16.210
2810;2814;6.395
2815;2811;9.986
2796;2815;30.282
2814;2816;8.200
2816;2817;13.416
2817;2818;8.446
2814;2819;13.083
2817;2820;3.290
2820;2815;5.019
2820;2821;2.118
2812;2822;5.737
2821;2823;1.632
2823;2824;4.151
2825;2826;6.640
2826;2824;13.894
2827;2826;3.776
2826;2828;4.753
2827;2828;4.880
2828;2829;5.813
2828;2830;5.927
2829;2831;5.349
2832;2827;13.476
2829;2833;4.483
2822;2834;14.139
2833;2835;6.561
2834;2836;2.997
2836;2837;0.284
2838;2839;4.201
2839;2832;9.837
2839;2840;1.692
2840;2841;2.546
2841;2842;4.041
2842;2832;10.922
2843;2842;2.741
2843;2844;7.288
2845;2843;4.157
2841;2846;5.541
2840;2847;6.315
2845;2848;2.646
2848;2849;5.181
2850;2845;3.913
2824;2851;11.260
2833;2851;23.498
2848;2852;6.114
2853;2850;6.750
2850;2854;6.473
2853;2855;8.686
2837;2856;29.808
2851;2857;19.980
2855;2857;8.140
2857;2858;4.367
2856;2859;54.412
2860;2859;4.155
2860;2861;1.988
2859;2861;1.017
2858;2698;5.873
2861;2862;1.629
2699;2863;0.545
2863;2860;14.249
2864;2863;3.177
2862;2864;3.196
2865;2864;1.713
2862;2865;9.380
2864;2866;1.977
2866;342;66.761
2867;2868;4.021
2869;2870;2.213
2870;2871;11.181
2871;2872;12.562
2872;2873;0.533
2874;2875;20.623
2873;2876;4.634
2875;2876;8.619
2876;2877;2.372
2878;2879;1.513
2868;2878;1.016
2877;2880;1.332
2881;2880;3.952
2882;2873;26.213
2882;2877;7.336
2880;2883;2.836
2884;2867;2.870
2883;2885;0.950
2875;2886;32.674
2886;2884;2.541
2885;2887;0.819
2888;2887;11.744
2888;2886;2.164
2887;2889;2.982
2890;2882;6.000
2890;2883;11.759
2885;2891;4.139
2888;2892;5.914
2884;2892;5.079
2883;2893;10.231
2893;2894;7.934
2893;2894;1.894
2895;2890;7.227
2894;2895;6.583
2889;2896;13.092
2896;2897;6.264
2892;2898;12.601
2899;2898;3.805
2897;2899;5.662
2898;2900;3.237
2889;2901;18.915
2896;2901;7.915
2897;2902;6.425
2902;2899;3.669
2903;2902;1.516
2901;2904;6.587
2900;2905;6.488
2905;2906;4.241
2900;2907;15.642
2906;2908;1.802
2907;2909;7.880
2905;2910;8.154
2907;2910;8.985
2910;2911;1.830
2909;2912;4.734
2911;2906;13.801
2909;2913;5.070
2911;2914;9.818
2915;2916;14.077
2917;2918;10.520
2918;2919;3.157
2920;2921;14.716
2921;2918;7.452
2922;2923;15.810
2924;2922;11.545
2924;2925;9.276
2922;2926;1.420
2923;2926;15.182
2927;2916;6.405
2927;2921;5.684
2928;2927;1.744
2916;2927;21.045
2918;2929;14.985
2925;2930;9.416
2927;2931;8.504
2929;2931;1.293
2925;2932;8.557
2932;2930;6.683
2926;2933;12.660
2932;2933;3.172
2930;2934;6.415
2934;2935;3.195
2935;2928;11.467
2923;2936;22.696
2935;2937;5.600
2937;2928;10.861
2938;2939;9.579
2939;2936;2.987
2934;2940;3.687
2940;2937;7.636
2936;2941;3.230
2937;2942;5.049
2933;2943;11.765
2943;2940;5.451
2941;2944;3.007
2945;2943;4.251
2944;2945;6.737
2941;2946;3.639
2944;2947;3.129
2945;2948;2.576
2939;2949;6.826
2950;2948;4.043
2950;2940;7.719
2951;2947;2.008
2952;2951;4.444
2937;2953;10.616
2954;2950;10.974
2955;2954;1.272
2947;2956;13.235
2948;2956;9.906
2951;2957;14.983
2956;2957;2.639
2957;2958;3.382
2959;2915;84.395
2960;2961;10.535
2961;2962;31.283
2962;2963;8.315
2963;2964;17.177
2964;2965;41.081
2965;2700;30.766
2966;2967;0.889
2968;2969;0.687
2970;2971;0.483
2972;2973;0.556
2974;2975;0.744
2976;2977;0.875
2978;2979;0.349
2980;2981;0.559
2982;2983;0.530
2984;2985;8.059
2985;2968;12.573
2969;2970;5.397
2971;2972;2.806
2973;2986;2.098
2986;2974;0.479
2975;2987;3.352
2988;2987;10.826
2989;2988;2.556
2990;2989;6.257
2987;2991;15.545
2991;2992;0.312
2993;2990;22.257
2994;2993;33.198
2992;2977;34.556
2995;2994;28.841
2996;2997;34.377
2997;2998;4.310
2999;2976;9.786
2985;3000;89.484
3000;2966;0.145
2998;3001;87.819
3001;3002;12.918
3002;3003;42.220
2967;3004;10.702
3004;3005;2.017
3006;2999;14.166
3003;3007;44.840
3008;3009;4.747
3010;3011;6.626
3010;3008;3.762
3012;3010;1.588
3013;3008;3.690
3014;3015;11.106
3005;3016;10.154
3016;3012;9.486
3017;3018;18.277
3019;3016;0.769
3020;3019;5.085
3021;3012;7.307
3021;3022;2.232
3017;3023;4.661
3024;3019;2.014
3024;3021;11.347
3025;3024;0.459
3023;3026;5.978
3027;3014;10.937
3028;3029;12.102
3030;3017;9.336
3030;3026;3.900
3031;3014;21.825
3032;3028;35.403
3027;3033;2.091
3007;3033;37.338
3034;3035;5.178
3034;3032;1.712
3036;3032;13.985
3036;3030;2.195
3037;3025;1.430
3037;3031;8.018
3038;3036;4.800
3026;3038;3.231
3039;3031;3.975
3040;3038;9.108
3025;3040;16.116
3041;3037;1.684
3041;3039;9.397
3042;3039;6.863
3042;3027;29.953
3033;3043;9.445
3044;3034;10.231
3045;3042;6.604
3046;3041;2.472
3046;3045;4.215
3047;3044;3.366
3043;3048;5.990
3048;3049;14.214
3050;3046;1.055
3051;3050;2.316
3052;3043;7.518
3048;3052;7.457
3053;3028;21.296
3044;3053;8.717
3045;3054;6.817
3055;3053;2.695
3055;3047;6.779
3056;3050;1.569
3056;3054;5.200
3057;3040;16.443
3057;3051;20.488
3053;3058;9.293
3059;3057;1.894
3054;3060;23.078
3060;3052;10.267
3061;3055;9.406
3061;3047;10.376
3054;3062;12.644
3062;3060;8.807
3062;3063;4.544
3048;3063;24.000
3059;3064;21.161
3064;3059;12.425
3065;3061;11.999
3065;3064;4.019
3063;3066;3.582
3067;3056;5.801
3062;3067;10.408
3068;3057;16.458
3069;3068;5.094
3068;3070;3.122
3070;3051;22.162
3071;3065;6.189
3066;3072;12.559
3073;3065;7.517
3073;3069;13.287
3074;3072;1.891
3072;3075;10.184
3075;3076;4.541
3067;3077;7.342
3070;3078;6.488
3078;3079;4.887
3077;3079;1.825
3079;3080;2.056
3081;3073;8.750
3081;3069;9.161
3074;3082;7.113
3083;3078;6.867
3066;3084;12.629
3084;3074;10.827
3085;2995;53.945
3086;3067;5.218
3084;3087;1.574
3086;3087;11.365
3080;3088;6.005
3080;3083;11.633
3089;3086;0.721
3090;3081;11.585
3090;3083;6.682
3091;3077;15.392
3091;3089;1.647
3075;3092;14.752
3087;3093;8.432
3092;3093;10.410
3093;3094;1.252
3094;3092;14.759
3095;3006;21.821
2979;3095;0.476
3096;3091;22.971
3094;3097;21.683
3098;3085;8.639
3089;3099;12.245
3100;3098;21.820
3101;2978;6.059
3102;3101;0.673
3103;3102;1.442
3104;3098;7.679
3105;3100;29.477
3106;3104;0.844
3106;3107;10.945
3107;3108;1.691
3109;3104;1.615
3104;3110;15.209
3110;3109;5.943
3111;3107;2.164
3112;3111;1.388
3113;3114;5.728
3113;3110;4.412
3115;3105;6.667
3115;3116;2.026
3117;3106;5.990
3111;3117;10.032
3117;3118;1.980
3119;3101;7.601
3120;3121;10.308
3122;3113;2.080
3121;3123;4.187
3123;3124;4.602
3125;3119;0.177
3126;3122;7.567
3127;3115;2.629
3127;3126;2.901
3128;3129;17.682
3128;3103;6.961
3130;3105;9.269
3130;3127;4.331
3123;3131;9.141
3131;3130;0.792
3122;3132;8.853
3132;3109;2.308
3132;3118;5.110
3133;3131;1.348
3134;3135;2.689
3134;3136;5.377
3137;3126;3.822
3118;3138;6.962
3139;3140;5.393
3140;3133;8.698
3137;3141;2.471
3141;3137;7.012
3142;3140;2.001
3143;3128;2.384
3144;3134;6.409
3143;3145;3.002
3145;3146;6.730
3133;3147;7.141
3147;3141;6.231
3148;3144;10.055
3148;3143;1.240
3149;3147;1.619
3150;3149;14.840
3132;3150;14.512
3144;3151;6.225
3152;3153;14.361
3153;3151;7.129
3154;3155;7.862
3151;3156;3.449
3156;3148;3.382
3157;3154;8.202
3157;3153;2.684
3158;3157;7.159
3158;3156;0.746
3159;3154;4.001
3145;3160;12.540
3160;3161;4.256
3162;3158;1.541
3163;3156;9.254
3164;3163;1.554
3165;3160;5.455
3166;3157;6.854
3166;3162;1.918
3165;3163;13.812
3167;3165;3.283
3167;3168;3.667
3169;3166;3.073
3170;3162;8.338
3164;3170;6.590
3171;3167;5.022
3172;3164;9.192
3173;3125;9.304
3173;3174;0.708
3175;3170;7.337
3174;3169;6.376
3176;3173;25.316
3099;3177;58.727
3178;3176;30.218
2981;3178;6.727
3179;2980;1.661
3177;3180;15.610
2983;3179;17.801
3181;2982;7.477
3182;3181;91.058
3180;3183;45.506
3183;670;1.616
3184;3182;63.911
3185;3184;40.738
3186;3185;3.728
3187;3186;3.090
3188;3189;14.856
3190;3187;4.721
3191;3192;7.370
3191;3193;4.901
3190;3193;2.442
3194;3195;6.120
3193;3195;0.318
3196;3190;32.444
3197;3196;6.244
3197;3188;24.765
3198;3199;4.528
3195;3200;7.548
3196;3201;4.178
3199;3202;10.144
3200;3202;0.381
3203;3197;4.750
3200;3204;14.440
3204;3201;2.383
3201;3203;7.340
3203;3205;4.700
3205;3206;2.366
3206;3207;6.572
3206;3208;3.259
3209;3205;3.846
3209;3210;2.242
3204;3211;9.048
3212;3211;6.180
3213;3209;1.692
3213;3214;4.899
3215;3213;5.171
3211;3215;12.200
3202;3216;3.270
3217;3215;3.693
3217;3218;3.108
3219;3217;6.032
3216;3220;2.267
3219;3221;1.693
3222;3219;9.520
3223;3222;5.210
3220;3224;3.107
3225;3222;11.847
3226;651;5.273
3227;3226;18.385
3228;3227;3.219
3229;3228;48.853
654;3226;4.410
3230;3229;23.649
3224;3231;18.422
3232;3230;26.266
3233;3232;10.628
3231;3234;11.594
3235;3233;18.045
3234;3235;21.342
3236;3237;1.911
3238;3239;1.070
3240;3241;0.688
3242;3243;0.503
3244;3245;1.092
3246;3247;0.613
3248;3249;0.438
3250;3251;0.540
3252;3253;0.576
3254;3255;0.594
3256;3257;3.166
3257;3258;16.218
3259;3260;17.183
3260;3261;8.982
3260;3262;30.667
3241;3265;13.764
3266;3240;1.622
3267;3268;21.824
3268;3269;0.558
3269;3270;6.775
3271;3268;1.507
3270;3272;8.426
3273;3267;16.593
3274;3271;9.528
3274;3270;6.072
3273;3275;4.659
3276;3273;8.689
3277;3276;1.935
3277;3271;10.826
3278;3265;21.967
3279;3274;4.754
3280;3281;43.082
3281;3276;7.238
3279;3282;8.559
3283;3277;5.885
3283;3284;3.340
3284;3279;9.035
3285;3284;1.617
3286;3282;20.731
3287;3285;3.478
3288;3283;4.919
3289;3281;10.582
3289;3288;0.714
3282;3290;7.683
3290;3291;3.588
3292;3288;4.093
3285;3292;5.146
3291;3293;1.721
3293;3290;2.182
3291;3294;0.766
3293;3295;0.928
3295;3296;2.386
3297;3294;2.455
3295;3298;4.351
3292;3299;8.624
3294;3299;2.252
3298;3300;5.533
3300;3296;4.186
3297;3301;6.063
3296;3302;4.186
3300;3303;4.135
3303;3302;4.604
3299;3304;0.580
3249;3278;4.915
3305;3297;5.914
3304;3306;1.107
3307;3263;32.787
3308;3306;1.314
3308;3304;8.051
3309;3307;0.681
3310;3289;15.745
3306;3310;3.771
3310;3311;0.736
3311;3312;21.118
3313;3308;8.553
3313;3298;14.930
3311;3314;2.106
3313;3303;24.059
3315;3248;1.628
3302;3316;12.240
3312;3317;5.320
3318;3314;10.740
3314;3318;9.601
3316;3319;6.531
3243;3317;1.471
3319;3320;10.903
3318;3321;10.397
3264;3244;46.318
3320;3266;80.531
3322;3242;8.663
3247;3322;5.586
3245;3323;10.888
3323;3246;9.539
3324;3309;31.855
3325;3324;22.278
3251;3315;29.591
3258;3325;5.527
3326;3327;7.208
3328;3329;9.778
3326;3328;4.028
3250;3330;5.074
3331;3326;8.827
3332;3333;8.931
3330;3334;22.467
3335;3256;5.591
3336;3335;0.231
3335;3332;11.129
3337;3338;6.178
3338;3336;0.916
3334;3339;5.144
3330;3340;3.345
3341;3342;9.978
3343;3344;8.082
3344;3334;6.709
3328;3345;20.118
3345;3341;2.968
3344;3346;3.911
3346;3339;5.549
3347;3338;4.670
3341;3348;12.023
3348;3347;1.003
3345;3349;2.473
3349;3350;0.588
3350;3341;4.499
3339;3351;10.406
3351;3352;4.150
3353;3336;11.576
3350;3354;2.982
3354;3348;1.467
3355;3349;19.371
3237;3355;0.538
3356;3344;10.177
3351;3357;5.822
3352;3358;12.556
3236;3358;0.357
3358;3359;0.441
3361;3357;4.333
3354;3362;6.556
3362;3360;3.007
3361;3363;1.943
3346;3363;15.244
3323;3364;30.210
3365;3347;10.757
3362;3366;2.592
3367;3363;2.454
3367;3361;4.445
3349;3368;11.270
3368;3366;10.593
3366;3369;1.734
3352;3370;18.186
3359;3370;2.520
3369;3371;5.247
3365;3371;5.158
3357;3372;12.899
3370;3372;0.889
3371;3373;6.681
3373;3374;1.522
3374;3365;8.406
3373;3375;3.659
3376;3367;10.376
3340;3377;7.747
3371;3378;10.505
3375;3378;4.647
3375;3378;3.674
3377;3252;1.070
3359;3262;29.024
3379;3374;12.864
3368;3380;15.395
3369;3380;16.000
3372;3381;15.590
3372;3259;4.936
3253;3382;4.360
3259;3382;2.883
3382;3261;5.784
3364;3383;11.153
3261;3384;15.277
3383;3238;15.317
3384;3385;36.496
3239;3386;25.703
3385;3387;6.879
3387;3388;0.631
3386;3389;6.168
3388;3390;14.854
3390;3391;1.635
3391;3392;29.258
3392;3254;21.266
3255;3393;0.453
3393;3394;21.085
3394;3395;1.014
3389;3396;73.294
3395;3397;12.521
3397;2088;0.141
3397;2091;2.145
3396;3398;14.431
3398;3399;35.436
2093;2090;22.967
3399;3400;29.842
3400;3401;18.039
3401;3402;23.818
3403;3402;11.010
3404;3403;16.126
3405;3404;9.139
3406;3405;9.923
3407;3406;1.226
3406;3408;4.857
3405;3408;6.691
3409;3404;9.291
3409;3410;7.343
3411;3409;9.626
3412;3407;8.869
3402;3413;4.356
3408;3414;8.073
3414;3411;6.526
3415;3409;5.311
3414;3416;0.650
3417;3407;9.135
3418;3415;1.056
3418;3419;3.882
3415;3411;14.123
3420;3416;2.481
3421;3420;5.046
3422;3418;2.912
3423;3421;1.318
3422;3424;8.088
3425;3417;7.027
3425;3423;4.338
3426;3422;2.814
3416;3427;7.680
3428;3425;2.194
3429;3426;3.218
3427;3430;4.997
3429;3430;4.516
3431;3428;3.199
3432;3426;2.383
3432;3433;1.683
3434;3423;5.024
3434;3421;6.227
3433;3435;7.039
3430;3429;6.638
3431;3436;1.353
3437;3432;2.736
3438;3417;11.439
3438;3431;5.018
3439;3434;2.681
3440;3433;3.646
3427;3441;6.249
3440;3437;5.854
3442;3439;3.638
3439;3442;3.394
3443;3441;5.123
3444;3442;0.751
3444;3445;5.530
3420;3445;13.097
3445;3443;3.926
3446;3437;6.685
3447;3428;9.032
3447;3444;2.983
3441;3448;3.127
3448;3446;2.299
3449;3448;0.801
3413;3450;6.543
3450;3438;6.273
3451;3440;4.805
3452;3446;6.326
3453;3443;3.109
3453;3449;4.313
3450;3447;12.519
3445;3454;3.414
3454;3453;3.102
3455;3444;4.635
3456;3455;2.025
3457;3454;2.237
3455;3458;2.801
3457;3458;3.538
3456;3459;2.592
3458;3459;5.177
3460;3450;2.203
3456;3460;14.117
3459;3461;2.503
3462;3457;8.239
3462;3463;13.305
3449;3464;13.457
3465;3462;7.317
3466;3460;6.267
3467;3466;3.093
3468;3467;1.038
2094;2095;41.028
3468;3469;3.868
3469;3470;11.048
3470;3471;10.755
3471;3472;8.741
3472;3473;2.415
3473;3474;52.273
3474;3475;99.406
3476;3475;5.505
3477;3476;8.069
3478;3476;6.308
3479;3478;1.221
3480;3479;1.944
3478;3479;17.403
3481;3480;7.523
3481;3480;1.953
3482;3483;3.978
3484;3483;5.670
3485;3481;1.823
3483;3485;4.862
3484;3486;2.227
3487;3488;2.186
3488;3486;4.048
3489;3485;2.071
3490;3489;0.302
3490;3488;4.307
3486;3491;6.990
3492;3490;2.492
3491;3492;2.386
3493;3492;2.228
3491;3493;8.055
3494;3495;9.842
3495;3496;26.715
3495;3497;1.310
3497;3498;3.176
3499;3493;6.052
3499;3497;3.715
3500;3498;2.337
3501;3499;1.093
3500;3501;0.879
3498;3502;16.131
3503;3502;3.475
3504;3503;5.346
3504;3500;3.523
3505;3504;0.933
3505;3503;0.963
3506;3505;0.692
3507;3506;4.088
3502;3507;11.519
3508;3501;7.255
3509;3507;2.355
3510;3508;15.047
3510;3506;17.808
3511;3510;1.324
3512;3513;3.572
3513;3514;16.031
3515;3516;1.478
3517;3518;0.660
3519;3520;0.528
3521;3522;0.526
3523;3524;0.859
3525;3526;0.989
3527;3528;0.516
3529;3530;0.363
3531;3532;0.444
3533;3534;0.665
3535;3536;0.655
3537;3538;0.555
3539;3540;1.385
3541;3542;0.986
3543;3544;1.285
3545;3546;2.244
3547;3548;0.509
3549;3550;35.611
3550;3551;3.584
3551;3552;10.996
3550;3552;3.630
3553;3554;6.115
3553;3555;6.390
3555;3553;6.593
3556;3553;5.681
3555;3554;1.757
3555;3554;2.196
3554;3557;23.205
3554;3557;29.006
2777;3558;7.496
3558;3559;3.133
3559;1133;8.163
1136;1126;6.409
3560;3561;2.124
3562;3560;32.326
3563;3562;0.777
3564;3563;127.331
3565;3564;8.996
3566;3565;24.504
3567;3566;1.362
3568;3567;2.643
3569;3570;15.421
3570;3571;12.486
3571;3572;4.815
3573;3571;6.553
3574;3573;9.406
3572;3574;6.468
3575;3574;2.074
3573;3576;4.221
3570;3577;18.751
3577;3576;5.157
3576;3578;4.329
3579;3575;8.086
3578;3579;12.217
3580;3577;5.164
3575;3581;12.596
3581;3568;17.888
3582;3583;17.822
3582;3584;4.786
3584;3580;28.990
3585;3580;1.459
3586;3584;2.235
3586;3582;3.857
3587;3585;1.085
3584;3588;3.677
3589;3587;3.425
3590;3579;5.426
3590;3581;3.146
3591;3590;0.389
3588;3589;10.546
3592;3591;0.210
3593;3589;3.202
3591;3594;7.783
3581;3594;7.912
3593;3595;6.838
3595;3587;6.046
3596;3588;6.702
3596;3597;1.568
3597;3593;6.108
3578;3598;14.213
3598;3592;3.538
3599;3598;0.438
3600;3586;10.492
3600;3596;4.788
3601;3595;5.907
3601;3599;0.736
3599;3602;1.560
3603;3601;0.949
3602;3604;7.505
3604;3592;9.231
3600;3605;7.842
3597;3605;5.598
3606;3603;3.093
3605;3607;2.527
3607;3606;0.440
3608;3604;4.926
3609;3608;4.182
3610;3603;3.409
3606;3611;4.984
3611;3610;2.341
3594;3612;12.216
3613;3608;6.100
3612;3613;1.865
3614;3613;4.613
3602;3615;13.461
3615;3614;2.967
3616;3611;6.618
3610;3615;17.267
3612;3617;6.479
3618;3614;3.802
3619;3607;10.967
3620;3619;2.566
3518;3620;16.069
3621;3555;0.945
3520;3517;52.514
3622;3519;95.239
3623;3622;4.203
3557;3624;26.068
3625;3623;5.028
3626;3625;145.833
3627;3628;12.452
3628;3629;8.843
3629;3627;8.360
3630;3626;7.991
3629;3631;4.282
3632;3627;4.048
3633;3632;13.179
3634;3635;20.885
3635;3630;1.357
3636;3633;8.129
3637;3632;4.137
3637;3636;9.401
3638;3636;1.650
3633;3639;14.814
3639;3635;2.118
3630;3640;9.009
3631;3641;7.793
3641;3642;6.165
3642;3637;4.448
3643;3631;11.438
3641;3643;5.442
3641;3644;5.894
3644;3642;6.550
3644;3645;1.021
3645;3646;6.382
3643;3647;12.460
3648;3639;7.450
3649;3645;20.734
3649;3648;0.732
3648;3650;9.342
3651;3649;5.833
3651;3652;8.135
3552;3553;18.997
3653;3549;0.441
3650;3654;9.007
3646;3655;16.689
3656;3651;7.950
3650;3656;18.890
3657;3653;0.774
3655;3658;5.136
3658;3656;4.370
3659;3658;6.903
3659;3660;6.604
3661;3659;8.661
3624;3662;82.946
3663;3657;44.745
3664;3665;18.693
3662;3521;54.370
3666;3663;19.869
3522;3667;2.344
3667;2379;1.976
3668;3664;34.680
3669;3668;0.457
3670;3669;19.205
3671;3666;44.845
3524;3671;0.243
3672;3523;47.779
3673;3670;76.188
3674;3673;2.673
3526;3672;31.251
3528;3525;13.924
3675;3674;26.762
3676;3675;0.927
3677;3676;3.804
3678;3679;4.846
3678;3680;5.803
3681;3678;4.586
3682;3681;9.303
3683;3681;9.164
3684;3683;2.498
3684;3685;14.855
3685;3684;10.846
3686;3685;3.207
3687;3686;3.588
3688;3689;9.394
3689;3687;1.953
3690;3686;7.132
3687;3690;9.814
3691;3684;13.213
3690;3692;4.524
3693;3691;0.990
3692;3694;8.170
3695;3677;14.758
3696;3693;16.510
3697;3527;32.295
3698;3696;62.599
3697;3547;4.707
3548;3698;39.996
3699;3695;54.022
3699;3700;3.565
3700;3701;4.136
3702;3701;12.714
3700;3703;4.640
3700;3704;5.787
3701;3704;6.147
3703;3705;3.184
3706;3707;5.171
3707;3705;23.034
3707;3708;6.032
3708;3709;6.626
3708;3710;5.088
3705;3710;2.845
3710;3711;0.662
3703;3712;15.102
3704;3712;11.843
3711;3713;2.741
3714;3715;0.905
3713;3716;3.411
3711;3717;2.135
3717;3718;0.244
3716;3719;8.496
3712;3719;4.968
3717;3713;8.973
3715;3718;13.672
3718;3720;0.874
3720;3721;6.649
3722;3721;4.774
3716;3722;7.252
3721;3723;2.305
3720;3724;2.147
3723;3725;1.975
3725;3724;5.219
3726;3722;7.047
3719;3726;10.359
3723;3727;4.773
3725;3728;5.758
3724;3729;3.352
3730;3729;0.193
3728;3731;9.710
3731;3726;8.562
3731;3732;2.061
3728;3733;9.655
3733;3732;3.053
3733;3734;2.137
3732;3734;1.745
3734;3735;15.508
3734;3736;24.402
3737;3697;63.115
3738;3730;156.578
3739;3738;0.552
3740;3739;3.224
3741;3740;5.231
3741;3742;2.007
3742;3743;3.494
3742;3744;5.273
3743;3745;44.857
3743;3746;8.724
3747;3748;0.192
3748;3749;7.221
3750;3749;6.383
3749;3751;9.802
3751;3752;1.019
3752;3741;22.752
3753;3752;3.337
3754;3751;10.465
3754;3753;9.317
3755;3756;13.744
3756;3754;32.829
3757;3756;4.295
3753;3758;103.022
3759;3760;20.083
3758;3759;15.448
3759;3761;11.260
3536;3747;111.737
3762;3737;37.229
3762;3535;6.342
228;230;28.033
3763;3762;47.996
3763;3764;0.882
3764;3765;0.507
3765;3766;2.671
3767;3768;3.496
3768;3764;12.931
3766;3769;5.937
3769;3768;7.800
3766;3770;5.325
3770;3769;3.425
3765;3771;6.868
3770;3772;2.492
3773;3772;7.750
3771;3774;4.951
3773;3774;8.346
3772;3775;5.607
3774;3776;14.379
3775;3777;3.107
3769;3777;9.817
3776;3778;11.889
3779;3773;7.380
3775;3779;7.586
3774;3780;5.850
3776;3781;6.032
3777;3782;4.358
3783;3782;3.096
3783;3784;4.853
3785;3779;4.545
3785;3777;8.311
3783;3786;14.497
3782;3785;23.131
3771;3787;31.956
3787;3788;5.169
3789;3790;3.056
3788;3791;10.546
3792;3793;7.404
3792;3789;12.777
3794;3789;9.036
3791;3794;17.928
3795;3792;11.317
3794;3795;1.380
3795;3796;2.075
3796;3516;0.573
3797;3515;0.839
3797;3798;3.620
3799;3800;12.452
3800;3797;3.061
3801;3800;6.506
3801;3802;9.337
3803;3804;3.585
3803;3801;1.483
3805;3804;13.516
3805;3803;4.362
3804;3806;20.848
3807;3806;1.984
3807;3805;0.478
3808;3537;46.057
3806;3809;9.465
3810;3808;12.117
3811;3807;11.987
3812;3813;13.457
3814;3812;4.555
3815;3814;8.829
3811;3816;1.094
3514;3814;10.277
3816;3817;16.203
3811;3818;17.971
3818;3816;4.274
3514;3819;3.661
3820;3512;3.364
3818;3820;11.890
3821;3810;20.764
3812;3822;41.968
3822;3823;3.871
3816;3824;9.872
3824;3821;10.471
3823;3825;6.929
3820;3826;37.716
3825;3826;9.589
3826;3827;12.588
3538;3828;55.398
3829;3830;10.668
3831;3830;6.567
3832;3831;1.306
3828;3833;19.118
3833;3834;1.956
3834;3832;6.596
3834;3835;2.357
3835;3836;0.354
3837;3838;9.043
3833;3838;7.372
3836;3839;2.771
3830;3839;14.433
3840;3835;8.499
3838;3841;5.339
3842;3840;3.260
3841;3843;3.010
3843;3842;2.802
3839;3844;6.596
3845;3846;9.668
3846;3841;5.110
3843;3846;4.102
3842;3847;6.182
3846;3848;4.855
3849;3848;2.272
3840;3850;16.381
3850;3851;1.393
3844;3851;17.975
3852;3847;7.323
3848;3853;8.647
3852;3853;0.998
3852;3854;6.275
3847;3854;9.175
3854;3855;1.948
3850;3855;7.604
3844;3856;6.952
3855;3857;20.116
3851;3857;15.378
3824;3858;35.991
3857;3859;12.117
3859;3856;15.252
3856;3860;9.336
3853;3861;25.197
3859;3862;12.425
3863;3858;22.958
3864;3865;3.631
3866;3863;16.124
3867;3864;13.310
3858;3867;15.375
3864;3868;21.104
3868;3869;6.193
3868;3870;7.291
3867;3870;4.142
3870;3871;1.200
3871;3872;7.777
3871;3873;1.650
3872;3874;6.582
3874;3875;6.794
3875;3876;1.012
3872;3877;4.623
3874;3878;4.224
3879;3873;15.623
3860;3880;71.794
3880;3539;2.147
3530;3879;2.414
3540;3541;7.653
3881;3529;2.876
3542;3882;1.351
3883;3881;1.018
3884;3883;13.777
2563;3531;27.787
3532;3884;47.934
3882;3885;19.459
3885;3543;10.464
3886;3884;22.748
3544;3887;2.555
3888;3889;2.671
3887;3888;44.814
3889;3545;65.800
3546;3890;10.989
3890;3891;5.062
3891;296;12.218
3892;3886;99.067
3534;3892;2.870
3893;3533;179.969
3894;3893;2.703
3895;3894;2.841
3896;3897;24.422
3895;3897;9.705
3897;3898;2.295
3898;3899;6.919
3898;3899;19.016
3899;3900;24.296
3901;3902;0.543
3903;3904;3.169
3905;3906;2.578
3907;3908;2.488
3909;3910;1.113
3911;3912;2.599
3913;3914;4.117
3915;3916;3.080
3917;3918;1.592
3919;3920;5.735
3921;3922;1.459
3923;3924;0.841
3925;3926;3.413
3927;3928;1.451
3929;3930;0.715
3931;3932;0.375
3933;3934;0.497
3935;3936;0.727
3937;3938;1.927
3939;3940;0.576
3941;3942;0.371
3943;3944;0.476
3945;3946;0.455
3947;3948;3.399
3949;3950;1.038
3951;3952;1.105
3953;3954;0.822
3955;3956;0.384
3957;3621;1.398
3957;3556;6.488
3958;3959;2.586
3960;3958;2.818
3960;3959;3.473
3961;3960;3.510
3962;3961;2.979
3959;3963;3.124
3963;3964;2.654
3964;3962;4.338
3962;3965;1.767
3965;3960;2.365
3959;3966;2.214
3966;3964;1.781
3966;3965;1.691
3963;3966;0.500
3967;3968;1.250
3969;3970;15.972
3968;3971;10.492
3972;3973;1.580
3973;3968;5.591
3969;3974;4.945
3974;3975;5.786
3976;3971;32.544
3971;3977;1.471
3977;3972;1.373
3972;3975;1.829
3975;3933;18.893
3978;3969;5.723
3971;3978;5.698
3973;3979;2.825
3979;3977;1.812
3978;3977;2.251
3974;3972;1.992
3978;3974;3.453
3984;3982;13.674
3984;3983;11.737
3980;3985;61.840
3981;3985;35.887
3984;3986;13.221
3987;3984;4.655
3985;3988;26.258
3986;3988;17.567
3987;3989;9.118
3988;3990;8.219
3986;3991;25.803
3992;3987;11.270
3993;1977;1.581
3994;3992;2.289
3988;3995;29.168
3989;3996;7.967
3996;3997;4.249
3998;3994;13.466
3998;3996;34.421
3922;3993;18.804
3999;3921;6.221
4000;3998;53.331
4001;4000;3.127
4002;4001;13.895
4001;4003;5.673
4003;4004;0.680
3924;4005;26.777
4004;4006;27.494
4007;3923;19.317
4008;4007;24.706
4009;4008;0.417
4010;4009;15.934
4011;4010;1.542
4012;4011;3.634
4010;4012;16.696
4011;4013;22.535
4014;4015;28.291
4014;4013;4.193
4013;4016;7.580
4016;4012;1.573
4017;4018;16.166
4006;4019;79.655
4020;4021;29.866
4018;4022;21.087
4023;4024;11.992
4024;4018;24.138
4025;4026;5.943
4027;4028;57.375
4028;4020;15.019
4024;4029;20.914
4022;4029;23.112
4030;4025;16.631
4022;4031;31.670
4031;4028;14.104
4029;4032;6.421
4033;4030;9.496
3926;4016;10.683
4034;4020;42.250
4031;4035;15.479
4036;4034;3.758
4037;4034;4.865
4035;4038;11.326
4039;4037;5.617
4036;4039;4.341
4040;4035;12.239
4040;4037;5.987
4041;4042;120.339
4042;4014;25.406
4019;4043;12.379
4043;4044;0.214
4044;3939;0.136
4045;4042;0.919
3925;4046;0.330
4047;4040;6.541
4047;4039;7.056
4046;4048;0.797
4049;4047;3.158
4050;4036;19.112
4050;4045;3.119
4050;4051;4.324
4052;4049;7.182
4051;4052;4.614
4053;4033;71.506
4054;4053;2.877
4035;4054;22.806
4049;4054;9.150
4048;4055;1.735
4051;4056;5.523
4057;4050;9.546
4054;4058;8.008
4052;4058;13.559
4058;4059;5.248
4057;4060;33.130
4059;4061;9.873
4061;4057;15.923
4062;4061;6.646
4059;4063;15.071
4063;4064;7.326
4065;4066;37.129
4061;4067;5.527
4064;4065;32.418
4064;4068;2.380
4063;4069;3.643
3940;4070;16.667
4069;4071;14.526
4071;4067;5.596
4061;4072;12.995
4072;4073;2.975
4073;4074;4.130
4068;4075;10.284
4067;4076;6.456
4072;4076;5.571
4069;4077;5.961
4075;4078;2.961
4077;4079;10.058
4071;4079;6.995
4078;4080;11.885
4068;4080;8.989
4080;4081;9.612
4077;4081;2.779
4075;4082;17.203
4079;4083;9.240
4076;4083;7.260
4081;4084;20.053
4083;4084;5.549
4085;4073;16.504
4055;4085;54.274
4086;4085;3.520
4070;3941;4.452
4084;4086;11.490
4081;4087;14.327
4087;4088;5.400
4084;4089;8.363
4089;4086;15.993
4087;4090;4.163
4089;4090;15.812
4090;4091;5.021
4089;4092;7.255
4093;4091;4.567
4078;4094;28.150
4091;4094;15.806
4095;4092;5.360
4092;4096;13.189
4089;4097;21.139
4098;4097;4.257
4055;4099;15.464
4100;4094;16.973
4096;4101;9.035
4097;4101;9.767
4101;4102;5.989
4096;4103;23.032
3942;4104;9.971
4105;4100;37.144
4103;4105;38.813
4104;4106;6.435
4107;4108;3.840
4107;4109;7.841
4106;4109;12.215
4109;4110;1.026
4107;4111;10.498
4110;4112;2.191
4113;4112;8.243
4112;4114;4.107
4114;4115;2.948
4116;4117;2.631
4114;4118;1.011
4118;4116;4.906
4118;4119;1.600
4119;4120;5.543
4120;4116;5.673
4121;4122;1.898
4122;4123;2.997
4120;4124;6.749
4110;4124;30.327
4123;4125;1.748
4126;4127;32.407
4127;4119;10.999
4124;4128;3.334
4128;4121;9.371
4129;4128;9.145
4119;4130;3.551
4130;4129;2.828
4129;4131;4.571
4128;4132;9.349
4133;4132;7.806
4130;4134;2.914
4134;4133;4.428
4135;4136;1.099
4137;4135;2.480
4136;3905;3.114
3906;4134;6.216
4138;4133;5.036
4138;4139;4.188
4132;4140;8.399
4134;4141;2.942
4141;4138;4.928
4142;4138;4.428
4141;4143;5.690
4143;4144;9.319
4099;4145;45.939
4145;4146;12.275
4144;4147;13.999
4146;4148;4.793
4149;4146;6.289
4150;4151;47.929
4152;4151;58.178
4153;4150;12.897
4153;4154;28.314
4148;4155;13.572
4156;4150;13.742
4157;4149;9.629
4148;4157;4.544
4157;4155;3.949
4158;4152;9.099
4159;4157;4.804
4160;4149;5.016
4160;4157;5.768
4158;4161;10.838
4162;4161;12.802
3908;4163;13.234
4157;4164;2.766
4159;4164;8.238
4165;4153;18.627
4165;3907;3.682
3902;4160;0.993
4164;4166;0.168
4167;4161;21.771
4167;4153;37.565
4167;4168;12.197
4168;4165;28.368
3904;3901;3.065
4166;3903;0.510
4169;4159;22.741
4155;4169;24.773
4168;4170;8.614
4171;4170;12.367
4172;4158;34.842
4167;4173;22.708
4147;4174;16.146
4170;4175;7.963
4174;4176;0.294
4177;4173;4.429
4178;4172;6.519
4173;4178;13.829
4178;4179;14.736
4180;4169;8.268
4176;4181;36.848
4181;4182;11.866
3920;4180;31.622
4182;4183;33.209
4183;4184;70.875
4185;4183;4.158
4186;4185;0.837
4185;4187;10.729
4188;4186;3.381
4189;4188;2.878
4190;4191;10.862
4192;4193;12.235
4194;4193;3.722
4192;4194;7.600
4195;4189;3.331
4195;4192;6.878
4176;4196;29.215
4186;4197;18.308
4193;4198;5.644
4198;4190;17.665
4198;4199;10.098
4200;4195;2.527
4189;4201;8.811
4201;4195;9.085
4202;4187;17.270
4202;4197;6.849
4203;4200;2.349
4203;4194;7.103
4199;4204;8.118
4204;4190;12.091
4200;4205;4.786
4206;4203;0.994
4199;4204;12.473
4188;4207;21.127
4201;4207;5.848
4208;4206;1.935
4208;4198;9.334
4187;4209;30.738
4209;4202;14.267
4210;4208;1.544
4211;4209;5.560
4190;4212;21.028
4207;4213;4.511
4214;4210;5.461
4215;4206;8.550
4216;4210;6.326
4204;4216;10.012
4197;4217;21.409
4213;4217;5.949
3919;4218;5.562
4218;4219;0.383
4209;4202;37.161
4216;4220;4.095
4218;4221;1.508
4213;4222;13.602
4221;4223;4.033
4221;4224;2.329
4219;4224;13.202
4223;4225;7.885
4224;4225;0.966
4217;3911;36.794
4226;4227;2.322
4225;4228;6.436
4229;4230;14.505
4229;4226;18.879
4231;4229;1.878
4228;4232;14.776
4232;3945;0.324
4228;4233;4.597
4233;4232;2.704
4233;4234;1.545
4232;4234;5.100
4235;4231;26.689
4236;4233;19.896
4234;4236;3.915
4237;4235;30.414
4237;4235;13.510
3946;4238;41.703
4238;4239;37.836
4240;4241;9.378
4242;4237;49.931
4242;4240;13.074
4243;4244;4.740
4243;4242;15.339
4239;4245;19.427
4245;4243;17.024
4242;4246;5.555
4246;4247;2.802
4240;4247;10.124
4241;4248;10.858
4247;4249;9.206
4249;4250;2.431
4241;4250;12.555
4246;4251;7.092
4250;4252;5.820
4248;4252;6.208
4251;4253;6.898
4249;4254;6.066
4253;4255;1.985
4255;4254;2.876
4256;4223;84.973
4251;4257;18.836
4251;4258;8.593
4258;4253;4.212
4252;4259;14.767
4259;4260;0.525
4254;4261;4.276
4258;4255;12.107
3904;4262;113.488
4236;4263;28.129
4263;4264;1.036
4260;4265;59.750
4266;4256;50.673
4196;4267;85.471
4268;4266;12.255
4264;4269;37.053
4265;4270;29.297
4270;4271;3.687
4272;4273;10.828
4271;4274;9.030
4274;4273;4.412
4273;4275;2.862
4276;4274;3.305
4277;4276;3.308
4271;4278;16.597
4279;4267;47.860
4275;4280;7.235
4281;4279;3.207
4276;4282;10.045
4282;4280;5.851
4280;4283;3.700
4284;4285;15.786
4285;4282;3.214
4283;4281;22.891
4286;4285;3.171
4285;4286;10.897
4286;4283;17.341
4267;4287;17.958
4286;4288;14.471
4262;3935;55.219
3936;4289;1.376
4289;4290;1.439
4291;4292;5.599
4287;4293;14.437
4292;4294;14.126
4294;4291;7.146
4295;4294;2.409
4296;4295;15.939
4297;4298;5.076
4299;4300;4.240
4299;4296;1.383
4301;3913;17.584
4301;4299;3.557
3914;4298;8.425
4302;4295;33.021
4303;4296;22.827
4302;4303;9.063
4304;4302;6.484
4305;4301;16.688
4303;4305;5.407
4306;4305;1.826
4306;4307;6.287
4308;4306;3.073
4309;4308;10.259
4310;4297;24.783
4269;4311;40.975
4312;4310;48.253
4311;4313;1.173
4313;4314;0.855
4315;4316;0.358
4317;4318;12.818
4319;4317;1.848
4317;4315;29.859
4320;4321;6.451
4320;4319;5.717
4322;4320;3.357
4313;4323;21.725
4323;4322;3.203
4324;4323;10.860
4314;4325;6.477
4325;4324;9.764
4322;4326;8.788
4327;4268;72.064
4324;4328;10.886
4328;4326;4.709
4326;4329;3.596
4320;4329;10.715
4319;4329;14.096
4329;4330;3.691
4316;4331;16.364
4330;4332;5.806
4332;4333;10.903
4325;4334;3.494
4332;4335;7.502
4329;4336;7.688
4328;4337;8.884
4337;4336;3.101
4334;4338;16.212
4338;4337;9.449
4330;4339;6.053
4340;4312;81.582
4341;4342;9.467
4343;4341;11.264
4344;4343;2.618
4334;4345;9.614
4338;4345;39.252
4346;4343;9.565
4346;4341;11.351
4347;4327;17.593
4348;4346;7.885
4347;4348;1.322
4347;4349;11.860
4349;4350;4.957
4348;4351;8.867
4351;4349;9.657
4350;4352;6.521
4352;4353;24.832
4354;4348;4.378
4350;4355;6.494
4356;4354;5.939
4351;4356;6.965
4354;4357;2.305
4352;4358;9.330
4357;4359;2.208
4357;4360;5.158
4356;4361;5.611
4359;4362;7.997
4361;4363;9.582
4293;4364;40.106
4359;4365;28.698
4356;4365;36.069
4364;4340;56.643
4345;4366;15.000
4331;4367;34.718
4290;4368;64.500
4367;4369;22.348
4369;4370;1.314
4364;4371;17.645
4372;4373;7.701
4373;4374;5.112
4373;4374;17.135
4374;4375;3.891
4370;3947;9.521
4376;4375;16.370
4377;4376;28.256
4376;4378;3.328
3948;4379;3.393
4380;4381;3.993
4375;4380;18.821
4380;4376;11.301
4380;4382;5.306
4378;4383;6.644
4383;4384;3.126
4385;4380;10.722
4378;4385;8.966
4385;4386;5.254
4386;4383;6.071
4383;4387;6.964
4368;3937;18.334
4382;4388;26.340
4379;4389;5.765
4382;4390;11.410
4385;4390;7.420
4389;4388;9.384
4386;4391;5.184
4390;4392;11.428
4391;4392;3.741
4392;4393;4.628
4366;4394;25.623
4394;4395;5.125
4396;4397;23.628
4397;4398;9.751
4395;4399;0.295
4397;4400;16.925
4401;4397;9.243
4371;4402;20.886
4403;4401;4.116
4399;4404;1.678
4405;4406;2.829
4404;4405;5.008
4407;4403;4.702
4404;4408;1.224
4405;4408;5.800
4401;4409;11.654
4406;4410;31.726
4410;4403;23.545
4408;4411;2.752
4412;4410;6.227
4410;3915;17.169
4413;4412;10.009
4411;3927;8.364
4402;4414;21.415
3938;952;72.120
4414;4415;45.368
4415;4416;1.114
4416;4417;2.062
4415;4417;4.045
4417;4418;1.403
4416;4419;1.148
4418;4419;4.818
4418;4420;4.212
3928;4421;64.666
4421;4422;0.991
4420;4423;49.770
4424;4425;13.612
4426;4424;8.291
4423;4426;107.143
4425;4427;27.942
4422;4428;27.536
4429;4430;9.966
4431;4432;9.514
4432;4433;10.340
4434;4429;17.064
4433;4435;4.288
4436;4434;4.276
4437;4436;3.977
4438;4437;2.072
4432;4439;24.353
4439;4438;1.493
4434;4440;7.118
4435;4441;8.705
4435;4442;8.901
4442;4441;3.862
4443;4433;13.510
4442;4444;1.098
4440;4445;14.779
4445;4429;28.636
4443;4444;6.758
4439;4446;11.355
4447;4436;13.445
4440;4447;8.360
4444;4448;5.309
4441;4448;6.898
4449;4443;4.769
4448;4449;9.060
4448;4450;4.760
4441;4450;8.147
4451;4445;8.929
3918;4447;5.251
4446;4452;8.011
4450;4453;4.367
4439;4454;19.923
4446;4454;7.573
4455;4449;6.770
4453;4456;3.422
4453;4457;2.106
4454;4457;7.236
4452;4458;4.498
4452;4459;8.264
4459;4460;3.049
4461;3917;13.813
3917;4451;6.612
4451;4461;12.200
4457;4462;7.559
4463;4462;4.047
4454;4463;10.117
4448;4464;16.237
4462;4464;7.818
4459;4463;17.350
4461;4465;7.829
4460;4466;10.485
4419;4467;45.568
4427;4468;29.845
3950;4464;18.802
4468;3949;5.955
4467;4469;1.933
4465;3951;2.918
4469;4470;2.975
4467;4470;6.744
4470;4471;2.354
4469;4472;1.481
4471;4472;7.589
4473;4469;10.402
4472;4473;1.742
4473;4474;1.967
4428;3929;26.212
4471;4475;9.959
3930;4476;2.276
4476;4477;4.256
4474;4478;9.661
4478;4479;1.007
4480;4481;3.621
4477;4481;3.719
4482;4483;1.090
4481;4484;0.556
4485;4486;24.480
4485;4475;11.820
4487;4485;1.745
4484;4488;4.026
4484;4489;4.298
4488;4489;7.836
4490;4482;19.372
4481;4491;11.436
4477;4491;14.779
4492;4493;7.658
4487;4493;29.982
4494;4490;2.714
4495;4487;2.045
4495;4490;9.534
4496;4495;1.442
4494;4496;9.620
4497;4488;8.603
4491;4497;9.285
4498;4480;12.633
4489;4498;4.199
4483;4499;16.548
4500;4494;6.046
4500;4499;13.819
4501;4489;10.550
4502;4496;2.338
4503;4500;6.619
3910;4504;38.364
4498;4504;4.935
4497;4505;17.745
4505;4506;16.006
4506;4507;3.600
4508;4504;5.554
4508;4501;13.563
4504;4509;1.804
4493;4510;30.946
4496;4510;21.025
4503;4511;17.252
4499;4511;16.546
4512;4502;5.102
4513;3909;20.608
4509;4513;3.061
4502;4514;15.594
4515;4508;17.019
4515;4501;15.417
4516;4503;12.032
4511;4516;3.519
4517;4514;2.997
4509;4518;6.434
4519;4518;7.010
4520;4519;4.913
4521;4520;3.884
4510;4522;6.591
4522;4517;4.149
4523;4505;21.705
4514;4524;3.546
4524;4512;5.381
4520;4519;6.812
4525;4521;9.839
4525;4515;4.038
4518;4526;4.498
4527;4512;2.747
4516;4527;7.152
4524;4517;10.211
4527;4528;1.527
4511;4529;10.687
4528;4529;10.185
4528;4530;0.694
4531;4524;10.047
4530;4531;1.803
4532;4513;12.009
4518;4532;10.917
4533;4525;8.630
4534;4533;7.673
4535;4533;4.830
4507;4536;38.458
4522;4537;15.915
4531;4537;11.824
4530;4538;2.909
4538;4539;3.199
4540;4506;40.367
4532;4541;6.802
4542;4521;17.736
4541;4543;3.257
4540;4536;51.070
4544;4542;12.107
4533;4544;6.352
4533;4545;10.769
4545;4540;8.030
4545;4544;10.746
4542;4546;5.614
4538;4547;1.416
4548;4547;3.514
4549;4547;0.762
4537;4550;14.486
4546;4551;6.196
4479;4552;12.171
4553;4549;4.499
4541;4554;6.708
4551;4554;7.111
4544;4555;6.816
4513;4556;14.718
4546;4557;8.405
4555;4557;10.307
4537;4558;11.166
4554;4559;3.794
4529;4560;18.098
4552;4561;0.876
4558;4562;13.310
4549;4562;2.152
4554;4556;34.827
4557;4563;4.991
4555;4564;5.243
4562;4565;1.659
4560;4565;5.287
4562;4566;4.477
4559;4567;5.066
4551;4568;9.374
4563;4568;6.075
4569;4567;7.313
4559;4569;7.541
4556;4570;2.232
4567;4571;15.271
4568;4569;7.359
4571;4572;13.685
4572;4570;7.122
4560;4573;9.899
4574;4573;10.207
4565;4575;2.432
4563;4576;20.835
4558;4575;23.940
4570;3931;3.798
4575;4577;12.292
4573;4577;11.471
4575;4578;4.644
4577;4578;4.514
3932;4579;5.894
4561;4580;11.280
4578;4581;10.727
4580;4582;0.919
4581;4583;5.676
4582;4584;4.830
4583;4585;1.624
4584;4585;8.431
4584;4586;2.052
4585;4586;5.013
4586;4587;1.036
4587;4585;6.176
4579;4588;10.635
3952;3953;66.159
4586;4589;13.773
4587;4589;3.163
3954;3955;0.781
3956;4590;3.861
4591;4590;3.407
4592;4593;1.101
4589;4594;4.057
4583;4594;12.157
4595;4591;8.112
4593;4595;6.646
4596;4595;2.859
4597;4596;4.393
4595;4598;27.928
4598;4597;10.496
4599;4598;20.626
4600;4596;5.234
4601;4597;10.700
4602;4600;5.325
4600;4603;10.062
4598;4604;11.719
4604;4605;4.868
4603;4606;14.124
4607;4608;16.503
4604;4608;7.322
4608;4609;6.922
4608;4610;8.091
4594;4611;37.425
4588;4612;79.578
4611;4613;31.205
4613;4614;0.355
4614;4615;5.874
4615;4616;18.835
4616;4617;0.685
4617;4618;33.242
4612;4619;68.463
4619;4620;5.890
4618;4621;12.280
4620;4622;4.646
4621;3943;3.009
3944;4623;8.513
4623;4624;17.430
4624;32;10.258
4624;35;4.284
4625;37;21.878
4626;4627;5.683
4627;4628;1.704
4628;4625;6.877
40;41;5.210
4622;4629;77.193
4629;3976;0.528
1139;3963;57.039
3965;3961;0.602
42;4630;45.019
4630;4631;9.160
4631;72;6.372
3561;3958;22.976
3961;3967;26.308
4630;4632;13.642
4633;4634;11.689
4635;4633;3.751
4636;4635;8.482
4637;4636;10.476
4638;4635;3.052
4635;4639;7.888
4640;4638;4.738
4639;4641;10.080
3970;4642;10.886
4643;4638;11.305
4643;4637;15.054
4644;4643;2.872
4645;4644;2.517
4646;4647;5.518
4639;4646;11.770
4646;4648;4.260
4643;4648;7.113
4649;4645;7.024
4649;4637;16.224
4649;4650;15.590
4650;4651;32.282
4652;4653;8.394
4654;4650;3.314
4654;4652;3.281
4645;4655;5.790
4656;4649;5.459
4657;4656;2.804
4642;4658;11.037
4648;4659;8.062
4644;4659;13.933
4660;4657;7.296
4660;4654;6.912
4658;4661;3.129
4662;4658;5.841
4661;4663;1.226
4662;4664;6.249
4664;4665;4.326
4665;4662;3.145
4666;4664;11.427
4661;4667;35.324
4667;4648;16.317
4659;4668;14.935
4668;4656;14.079
4668;4669;4.217
4669;4657;13.273
4663;4670;7.080
4671;4665;5.011
4670;4672;2.885
4667;4672;4.367
4671;4673;6.224
4661;4673;11.710
4669;4674;15.250
4674;4660;14.074
4672;4675;1.969
4668;4675;10.123
4673;4676;6.231
4663;4676;13.026
4675;4677;2.022
4677;4668;9.678
4678;4672;5.460
4674;4679;4.660
4680;4671;8.451
4676;4681;18.847
4670;4681;9.793
4681;4678;12.455
4677;4682;7.330
4679;4682;4.354
4683;4678;8.689
4683;4677;7.605
4682;4684;1.476
4679;4684;5.403
4683;4685;6.937
4684;4686;2.714
4681;4687;27.577
4687;4683;12.347
4687;4682;28.017
4688;4687;6.868
4686;4689;19.947
3934;4690;8.972
4632;4691;30.812
4689;4692;10.005
4691;4693;12.098
4690;4694;19.154
4692;4695;23.921
4695;4696;0.314
4696;4697;15.490
4693;4698;19.212
4698;4699;3.931
4700;4701;8.992
4697;4702;9.640
4702;4703;17.251
4704;4701;21.570
4705;4706;5.400
4706;4704;7.933
4707;4704;8.111
4706;4708;9.258
4706;4709;4.820
4709;4707;9.919
4709;4710;2.127
4694;4711;36.836
4710;4712;5.364
4710;4713;2.725
4713;4714;5.866
4711;4715;0.984
4713;4716;3.253
4716;4717;7.973
4718;4707;16.531
4716;4719;5.086
4719;4720;2.590
4721;4720;6.102
4719;4722;10.462
4723;4718;7.708
4724;4723;6.990
4724;4718;8.650
4720;4725;5.795
4725;4723;8.019
4701;4726;44.491
4722;4726;7.951
4725;4722;13.400
4727;4724;2.193
4727;4728;9.291
4699;4729;4.548
4729;4728;17.087
4725;4730;1.943
4730;4731;13.460
4731;4727;3.144
4731;4732;4.414
4728;4732;6.092
4726;4733;6.945
4734;4733;10.117
4735;4734;4.760
4731;4736;3.556
4732;4736;4.789
4736;4737;6.231
4738;4734;9.507
4730;4738;7.538
4737;4738;6.285
4736;4739;3.374
4740;4737;4.242
4740;4739;6.489
4738;4741;5.100
4741;4740;4.886
4739;4742;4.620
4733;4743;11.667
4744;4743;16.452
4741;4745;6.049
4742;4745;11.086
4745;4746;1.851
4746;4747;2.359
4747;4748;1.882
4728;4749;8.755
4747;4750;5.401
4746;4751;4.724
4748;4752;13.724
4748;4752;9.960
4751;4753;13.516
4742;4753;12.454
4749;4753;7.208
4752;4754;2.157
4751;4755;2.790
4733;4756;36.155
4743;4757;12.536
4754;4757;2.682
4758;4753;4.373
4755;4759;4.884
4753;4759;11.614
4757;4760;23.230
4759;4761;2.267
4760;4762;5.922
4761;4763;2.606
4755;4764;12.355
4763;4764;4.966
4764;4754;12.229
4756;4765;9.269
4762;4765;9.117
4759;4766;4.246
4767;4763;8.273
4761;4767;5.176
4715;3957;23.877
4768;4767;14.530
4749;4768;13.255
4768;4769;5.789
4703;4770;106.897
4770;4771;3.982
4771;4772;19.183
4772;4773;5.046
4773;4774;14.075
4769;4775;58.096
4776;4777;0.293
4775;4778;9.936
4777;4779;29.271
4780;4775;10.225
4781;4782;2.789
4783;4781;0.346
4778;4783;5.119
4782;4784;2.198
4778;4785;1.481
4785;4781;2.529
4786;4787;11.206
4785;4788;0.248
4784;4788;2.383
4789;4780;1.306
4789;4785;0.757
4790;4789;0.243
4791;4786;2.037
4790;4792;2.247
4793;4780;5.336
4793;4789;3.309
4792;4793;1.447
4779;4793;9.160
4788;4794;1.489
4784;4794;4.724
4795;4792;5.422
4795;4790;1.435
4774;4796;17.556
4787;4797;10.187
4797;4798;10.034
4799;4791;19.030
4800;4795;9.068
4794;4800;9.007
4798;4776;57.303
4796;4801;13.028
4801;4799;22.035
4782;4802;57.564
4802;112;27.184
4800;4803;18.235
4803;1814;5.246
3665;4799;32.972
1724;1717;9.912
1760;1764;23.520
2104;2102;44.592
2113;2117;15.662
2117;2119;23.352
2223;214;140.413
2334;2336;7.019
2403;2413;24.511
55;63;37.416
640;618;333.372
3900;4804;733.968
4163;4169;50.064
1978;4005;35.245
4005;1975;24.720
1050;4588;370.336
2482;2486;22.608
1;0;6.425
3;2;0.414
2;4;1.236
6;5;0.523
8;7;0.630
10;9;1.141
12;11;7.841
14;13;16.197
15;13;6.307
17;16;15.823
18;17;7.593
20;19;17.594
22;21;3.465
24;23;6.948
23;25;5.022
25;26;0.689
26;27;18.158
27;28;14.156
28;29;58.956
29;30;34.563
30;31;33.067
31;33;6.880
35;34;0.920
34;36;1.937
38;37;1.644
36;39;0.342
40;39;13.763
42;41;7.986
44;43;12.793
46;45;6.193
43;45;14.029
47;45;2.877
47;48;9.804
49;47;11.704
48;49;18.114
51;50;16.651
49;52;19.750
51;52;12.788
52;53;2.072
54;51;6.112
53;54;2.226
53;55;8.615
57;56;4.530
56;57;8.533
58;57;2.805
54;58;10.484
21;56;13.165
58;59;8.059
60;59;6.883
59;21;5.787
62;61;64.752
63;62;4.404
61;64;27.022
4;63;21.703
66;65;2.173
67;16;10.524
16;14;5.277
68;66;6.142
69;14;10.426
70;68;5.854
13;70;2.422
71;70;1.138
73;72;18.133
74;73;0.189
75;71;3.773
76;75;0.829
14;77;14.587
77;76;1.562
78;77;9.272
78;17;28.147
79;78;0.693
80;71;5.826
75;80;9.937
68;81;16.292
80;81;10.860
82;79;4.966
83;76;2.769
84;80;2.453
85;82;5.752
81;86;4.632
79;87;6.441
20;85;2.587
88;83;18.715
89;84;9.277
90;83;6.602
87;91;7.868
92;86;6.240
92;89;5.385
93;88;11.388
87;93;2.809
91;93;7.626
64;94;24.205
11;84;7.075
82;91;21.827
11;89;7.211
95;85;10.831
88;96;7.123
5;74;11.228
97;11;3.592
98;97;2.225
99;92;6.737
99;97;8.396
100;98;3.536
94;101;3.137
102;98;15.408
103;20;14.317
101;103;3.161
105;104;1.217
65;106;52.167
7;3;23.656
104;107;1.850
106;105;41.136
9;6;37.238
107;108;8.810
109;10;12.339
110;109;1.225
111;8;27.197
108;110;43.314
113;112;10.926
114;113;22.121
115;114;4.663
117;116;0.758
119;118;30.889
121;120;30.647
122;119;15.990
120;123;15.284
124;122;12.303
123;125;7.918
127;126;15.549
124;126;16.470
125;128;21.188
126;129;16.908
130;129;9.613
128;131;1.627
132;124;21.208
131;133;3.804
134;132;2.550
133;134;2.127
136;135;15.394
137;135;3.091
139;138;14.953
138;135;4.854
135;140;4.162
134;141;14.549
143;142;8.352
129;142;17.667
142;144;1.821
138;145;4.770
144;146;2.973
146;145;4.349
145;147;4.842
147;141;7.151
134;148;3.591
148;149;1.051
147;150;7.846
141;150;6.249
150;151;3.537
151;149;6.767
152;146;13.775
151;152;9.506
153;144;13.099
154;153;10.625
154;152;5.139
149;155;4.488
153;156;33.662
155;157;3.382
158;154;14.696
155;158;11.919
157;159;9.381
159;160;11.856
160;161;5.662
161;162;15.630
162;163;3.571
165;164;8.929
163;165;2.467
166;163;2.074
167;165;5.240
167;166;3.750
167;168;2.619
165;169;4.574
169;170;8.158
170;171;13.605
172;166;9.531
171;173;30.389
174;172;7.569
175;174;24.928
176;175;17.890
177;176;4.910
178;177;4.708
179;178;11.893
180;178;1.840
177;181;28.832
180;181;17.364
181;182;22.784
183;180;0.760
184;183;18.664
185;183;3.070
186;185;7.522
188;187;23.048
189;188;9.703
190;186;94.286
191;190;13.157
190;192;24.473
192;193;11.512
194;191;1.899
192;195;7.095
195;196;2.259
191;196;9.115
195;197;8.164
196;198;10.984
198;194;4.096
187;199;48.274
197;200;12.193
200;198;2.533
199;201;12.491
202;200;13.066
203;202;1.212
204;203;1.820
116;204;4.732
201;117;9.439
205;202;3.541
206;204;8.850
208;207;11.163
207;205;1.007
209;205;8.412
210;207;15.007
211;210;25.736
212;211;25.216
213;212;20.138
215;214;63.372
217;216;3.910
219;218;0.557
221;220;1.260
223;222;6.146
218;223;18.603
224;219;38.773
225;224;17.991
226;225;1.279
227;226;32.889
228;227;32.253
229;227;21.987
231;230;15.957
232;231;17.294
233;232;7.999
235;234;3.687
236;235;14.636
236;233;13.495
237;232;15.082
238;236;6.249
239;238;2.559
240;229;14.371
241;238;13.719
242;240;3.970
243;242;24.497
244;243;16.695
245;244;1.200
247;246;0.201
248;247;20.550
248;245;46.995
249;248;14.287
250;249;6.217
251;250;11.358
253;252;20.176
261;260;5.806
262;260;7.449
264;263;5.150
260;264;2.060
264;265;6.242
265;266;12.223
252;267;110.961
269;268;13.643
270;269;17.860
263;270;23.008
265;271;13.542
265;271;17.681
272;270;3.990
273;269;10.753
274;272;7.197
275;274;2.560
271;275;2.736
276;273;11.549
272;276;5.689
277;268;15.626
278;277;9.029
273;278;10.686
279;276;4.739
274;279;9.237
277;280;10.519
281;279;2.250
275;281;12.104
282;277;7.327
283;282;2.670
278;283;6.270
281;217;2.942
282;284;9.116
285;283;2.949
216;286;5.614
287;286;4.401
289;288;28.304
286;289;10.864
290;289;4.502
291;290;0.760
216;291;11.130
292;291;0.587
290;293;3.278
294;292;4.605
267;294;37.317
295;292;12.899
297;296;27.758
298;297;6.547
288;221;58.778
302;301;11.132
304;303;10.269
305;303;6.425
306;304;5.331
307;304;6.868
308;305;13.663
309;305;20.931
309;307;4.415
310;308;7.714
310;309;2.838
311;307;11.032
311;306;9.445
220;306;30.993
312;311;6.720
313;309;12.411
314;306;24.850
315;310;13.299
308;316;24.651
317;315;0.772
315;316;28.182
318;317;11.065
318;313;10.500
319;318;11.263
320;298;63.880
321;320;5.705
303;322;46.024
323;302;21.791
325;323;2.187
326;324;12.945
322;326;44.274
327;321;45.405
328;325;17.284
329;328;13.738
330;327;63.910
332;331;31.339
334;333;1.393
336;335;2.199
338;337;15.577
339;338;13.477
340;339;8.879
341;340;1.928
343;342;11.772
344;341;6.959
333;344;1.407
345;334;3.342
346;345;0.337
348;347;1.727
349;348;4.235
350;349;3.730
350;347;6.261
351;350;5.312
351;346;5.784
352;351;2.573
352;346;34.438
353;349;13.401
354;353;4.971
354;350;13.193
355;354;2.187
356;355;4.060
357;352;3.299
357;356;3.976
359;358;4.612
359;353;7.678
360;357;3.434
361;355;10.371
361;356;8.046
362;361;3.323
363;359;9.875
364;360;2.315
360;364;22.845
365;359;7.835
365;363;5.831
366;363;1.003
366;362;5.830
367;365;2.400
368;364;1.315
369;343;34.824
370;367;5.351
371;370;12.453
371;370;5.413
372;371;5.187
373;368;2.160
374;368;8.305
375;362;10.709
375;374;1.605
376;375;2.738
377;366;9.871
377;376;4.051
367;378;9.500
379;378;0.837
379;377;7.508
378;380;4.096
381;377;2.544
381;376;6.035
382;336;0.757
383;373;7.234
384;373;3.586
335;384;1.577
385;371;9.294
380;385;12.113
386;383;2.997
386;384;4.320
387;374;9.985
383;387;10.611
388;385;6.373
389;387;5.719
389;386;11.741
390;389;2.763
391;381;13.499
390;391;3.084
392;379;16.849
392;393;1.136
393;391;5.033
394;382;3.986
380;392;26.604
393;390;20.804
395;369;15.053
396;395;0.922
398;396;2.637
399;394;14.752
401;398;3.854
402;401;27.363
403;402;31.995
404;403;5.990
406;405;3.301
404;407;16.321
408;407;12.163
406;408;12.087
409;406;5.525
410;409;1.753
411;410;4.763
407;412;16.139
413;409;12.200
414;408;11.346
414;413;4.173
414;415;7.903
416;413;4.884
417;412;4.006
415;417;4.122
416;418;9.366
418;410;20.679
419;417;5.568
415;414;14.637
420;417;7.629
421;416;21.358
424;423;3.058
422;424;19.368
426;425;21.090
425;427;7.203
427;428;3.397
428;429;3.129
429;430;0.940
431;429;24.618
431;432;6.706
433;431;8.537
430;433;1.073
433;434;2.018
434;432;15.344
435;430;25.141
437;436;5.269
434;438;4.502
439;438;3.417
439;437;8.621
441;440;3.647
440;442;0.867
438;443;1.023
444;439;5.176
445;444;1.769
437;445;6.177
446;441;6.375
447;439;5.176
448;444;3.907
443;449;2.906
450;447;3.150
450;448;4.633
449;451;2.474
452;445;15.721
453;443;10.049
447;453;9.004
454;448;6.450
455;446;10.150
454;456;11.357
456;452;1.199
457;450;5.517
457;454;4.258
451;446;13.985
458;456;3.073
459;453;8.680
459;457;3.709
460;454;8.263
458;460;7.094
461;459;4.184
462;452;21.147
442;463;16.976
464;460;10.308
465;461;6.858
465;464;3.184
466;458;13.923
466;467;4.409
468;466;22.198
463;189;24.073
470;469;2.097
469;471;7.428
473;472;3.422
475;474;9.862
476;475;24.660
474;477;25.702
479;478;0.981
481;480;1.050
483;482;3.691
485;484;0.999
487;486;0.805
489;488;1.415
491;490;1.114
493;492;0.701
495;494;1.454
497;496;2.128
498;497;31.279
486;498;0.738
499;487;68.849
500;499;2.366
501;500;5.923
502;501;3.275
503;502;1.626
503;504;15.010
505;503;0.514
506;501;6.365
507;502;3.593
508;505;2.489
508;509;5.745
510;508;2.075
510;511;8.819
511;505;15.334
512;510;4.182
513;512;10.678
480;512;2.001
514;513;6.181
515;481;3.993
516;515;6.413
517;515;0.203
518;517;7.203
519;518;0.679
488;519;10.144
520;489;0.332
521;520;27.840
523;522;8.841
525;524;14.230
526;523;47.956
527;526;0.682
528;527;1.659
526;529;29.253
528;529;18.271
530;525;49.128
529;530;13.278
532;531;6.661
530;532;2.513
532;533;3.363
533;534;3.163
534;535;2.987
536;533;8.238
537;536;5.997
478;528;9.095
534;538;7.199
539;535;8.177
540;536;10.217
537;541;7.727
540;541;3.982
541;542;1.493
538;543;9.141
543;540;0.876
544;538;4.735
545;544;8.295
545;543;1.314
535;546;16.681
544;546;12.562
547;537;15.477
547;479;2.712
548;545;3.191
546;549;3.544
549;550;29.681
551;547;13.855
552;551;2.010
553;552;50.826
554;553;13.873
555;553;33.470
557;556;2.178
484;555;22.962
556;558;23.960
560;559;8.613
561;559;3.454
563;562;2.354
563;559;3.973
482;560;16.367
558;564;12.070
564;563;4.046
483;565;18.250
565;566;8.411
564;567;8.454
566;567;2.381
567;568;0.704
566;565;16.880
569;483;14.041
568;570;6.025
570;568;7.945
572;571;21.648
572;569;9.734
571;573;3.862
574;570;8.417
575;574;1.510
575;573;14.036
576;573;3.242
571;577;6.065
577;578;1.200
578;576;3.829
577;572;15.665
579;575;2.757
580;491;5.469
581;579;12.562
576;581;6.377
582;579;7.110
490;569;13.246
492;554;67.319
583;493;0.335
581;584;12.335
585;580;19.460
586;583;50.226
477;485;1.478
494;585;96.478
587;495;30.531
589;588;0.718
591;590;0.867
593;592;0.636
595;594;0.767
597;596;0.841
599;598;23.682
598;600;0.698
601;599;80.630
588;601;33.516
603;602;3.512
602;604;5.297
602;605;10.470
606;604;4.754
607;606;6.005
608;607;12.897
604;608;11.033
609;608;20.374
610;589;68.609
606;610;13.393
611;608;22.693
607;612;29.996
613;610;17.921
614;613;52.051
615;614;29.695
616;615;63.217
617;616;10.508
618;617;34.434
620;619;2.520
619;618;43.896
621;620;37.279
622;621;3.574
623;622;4.544
623;624;17.440
624;625;2.329
626;625;10.591
625;627;5.493
627;628;5.139
626;628;9.562
627;629;21.190
628;629;20.364
624;630;27.086
629;631;9.756
632;623;20.905
630;632;18.075
630;633;16.969
631;633;5.867
633;634;1.665
591;632;1.458
590;635;0.618
635;593;6.369
637;636;12.162
636;638;7.081
637;639;10.600
639;636;12.516
640;639;2.677
592;641;176.502
641;642;2.917
642;643;23.593
643;644;2.072
642;645;10.864
644;645;16.206
644;646;13.952
645;647;41.475
647;595;18.394
594;597;42.790
596;648;5.066
650;649;3.801
651;650;76.580
649;652;55.969
654;653;19.689
653;655;7.374
655;656;30.603
658;657;14.231
657;659;7.052
660;659;20.828
661;659;11.670
656;661;46.446
662;657;18.983
663;661;19.714
665;664;1.175
667;666;1.608
669;668;1.070
671;670;30.205
672;671;11.115
673;672;26.515
674;673;21.522
675;674;12.867
676;675;28.029
677;676;2.979
678;677;2.411
679;678;1.046
680;679;13.652
682;681;5.189
681;679;1.736
678;683;21.418
685;684;3.874
684;681;3.315
683;686;3.655
687;683;4.918
688;686;2.286
689;688;3.296
689;687;2.119
687;690;7.546
691;690;1.028
692;688;3.847
693;689;2.178
694;684;3.409
686;694;11.751
690;695;17.061
695;696;1.725
697;694;0.888
698;693;8.168
699;693;12.667
700;697;1.109
699;697;7.888
701;700;14.622
702;701;2.419
703;698;6.312
703;695;16.117
696;704;11.115
704;705;3.693
706;700;2.867
705;707;1.407
708;701;11.060
709;699;11.111
708;706;10.048
698;710;14.551
711;710;5.772
711;703;8.098
710;709;5.899
712;706;0.815
712;709;8.260
713;707;5.795
714;707;7.559
715;711;4.160
707;716;6.051
717;715;3.140
718;712;2.000
718;719;18.572
715;719;3.085
720;716;6.739
716;721;4.292
723;722;4.989
722;708;9.601
724;720;3.529
725;721;3.486
726;720;4.617
727;722;5.981
727;728;8.284
728;718;2.609
721;729;8.642
719;730;7.799
729;730;16.005
731;728;1.370
731;732;4.534
733;732;3.314
734;731;1.119
735;734;3.809
732;735;2.579
730;736;5.827
736;737;2.115
737;735;9.071
736;738;3.493
730;738;8.851
739;734;1.657
740;727;13.687
741;737;6.303
738;742;8.195
729;742;17.015
743;739;2.784
743;741;8.916
744;741;14.240
742;744;7.011
745;743;3.376
746;745;8.798
747;746;12.961
748;747;13.520
749;669;4.317
749;748;3.704
668;750;11.136
750;751;5.771
751;752;4.733
754;753;26.578
752;755;91.307
755;756;2.040
756;757;1.432
757;754;21.458
753;758;35.546
760;759;7.900
760;758;2.538
762;761;3.460
759;763;16.034
763;764;2.532
765;763;3.017
766;759;5.926
766;760;1.988
764;767;1.699
768;767;8.084
761;769;10.924
769;761;6.719
767;770;2.882
771;764;8.989
771;766;2.648
772;770;3.069
769;773;5.045
768;773;6.010
769;774;5.744
773;774;7.510
773;775;9.180
770;775;6.619
775;776;2.525
776;777;0.769
777;771;3.821
774;778;9.977
778;773;10.141
778;779;6.076
779;776;4.623
779;780;1.284
780;781;1.666
782;780;3.767
781;783;3.302
782;781;7.127
784;783;2.127
785;782;7.310
783;786;10.878
786;787;1.935
788;786;6.815
789;749;107.670
790;789;69.143
791;790;34.404
792;791;12.141
792;665;1.005
664;793;8.530
793;794;16.946
794;795;0.464
796;792;62.386
797;796;4.519
799;798;0.726
800;799;1.345
802;801;5.863
798;801;3.617
801;803;0.422
666;800;14.869
805;804;12.476
806;804;12.178
803;807;1.242
795;808;109.834
808;667;3.773
804;809;11.026
807;809;0.934
811;810;31.267
803;812;9.325
812;799;12.089
805;813;3.998
809;814;1.331
813;815;5.360
814;816;0.636
812;817;3.330
818;804;9.085
816;818;0.243
819;807;8.705
817;819;1.904
820;813;4.907
815;821;8.815
818;821;0.870
814;822;9.110
822;819;3.355
823;817;5.276
821;824;2.127
825;815;6.674
824;826;0.410
826;825;0.993
825;827;2.246
828;816;8.976
822;828;5.640
827;811;9.524
829;824;11.540
829;828;1.652
826;827;17.560
829;830;5.954
830;831;9.648
831;822;15.302
810;832;8.592
832;833;10.017
834;833;7.600
835;836;5.480
837;835;3.469
833;836;9.268
839;838;3.829
837;838;1.512
841;840;1.227
839;841;14.690
843;842;13.613
840;843;2.051
838;844;5.519
836;844;5.872
843;845;3.699
845;840;4.571
844;846;3.042
846;847;1.624
845;848;4.313
847;849;7.765
849;850;1.259
847;850;4.130
848;849;10.518
851;848;5.176
852;846;11.210
853;851;1.185
850;854;6.820
852;854;16.108
856;855;10.581
855;851;10.945
858;857;0.881
860;859;0.876
862;861;1.052
864;863;0.964
866;865;0.859
868;867;1.043
867;869;14.367
870;868;0.420
872;871;17.495
873;872;9.225
859;873;8.032
875;874;3.233
877;876;8.622
876;878;5.089
879;877;30.495
874;879;2.912
880;874;7.396
880;860;2.196
876;881;8.642
879;881;10.470
882;879;10.996
882;880;1.558
881;883;12.895
883;882;1.723
884;870;46.451
885;883;15.190
886;884;11.879
887;885;23.576
888;887;33.697
889;886;51.988
890;888;36.849
891;890;13.009
861;891;0.332
892;864;2.549
894;893;5.349
863;862;29.701
893;895;10.548
893;896;10.482
895;896;3.777
898;897;10.110
896;898;3.429
899;892;12.451
899;900;4.873
895;901;9.458
900;901;2.908
901;902;1.285
904;903;5.675
905;900;6.372
902;906;1.336
907;903;3.629
898;907;12.575
908;907;4.624
906;908;2.865
909;889;19.460
903;910;5.790
908;910;2.518
911;902;9.171
912;905;6.237
913;911;1.703
905;913;7.369
906;914;5.744
910;915;3.022
916;908;8.302
914;916;2.374
917;912;5.339
899;917;16.537
918;913;6.736
918;912;5.488
917;919;2.671
919;918;7.861
920;918;4.625
915;858;3.479
921;914;13.510
922;916;9.628
921;922;3.884
922;915;26.140
923;920;3.198
924;921;5.242
924;911;16.564
924;920;5.080
925;909;4.864
857;925;0.394
924;926;3.759
919;927;8.478
928;926;3.752
927;923;10.998
926;929;2.687
923;929;4.605
927;930;4.629
930;919;28.079
929;931;10.220
930;931;7.100
932;925;12.916
933;932;2.030
931;933;11.798
934;925;11.931
935;933;8.502
936;934;27.318
937;936;1.584
938;935;51.313
939;937;19.063
940;939;5.562
941;938;13.189
942;941;4.823
865;940;16.651
943;942;21.747
944;866;10.530
946;945;0.304
948;947;1.073
950;949;1.170
951;797;15.851
953;952;82.073
954;951;3.910
955;953;2.221
956;955;0.659
957;954;6.027
958;956;6.701
959;958;2.495
960;959;8.521
961;957;20.271
962;961;3.339
964;960;6.952
966;964;1.301
966;967;0.701
968;967;1.215
969;968;2.846
970;969;2.268
971;970;14.762
972;971;45.003
976;975;4.601
975;977;4.846
980;981;1.436
981;948;4.452
947;983;4.794
983;984;10.172
986;985;6.082
985;987;14.955
984;988;10.625
989;987;5.093
990;985;26.416
990;989;3.436
987;991;4.572
992;991;8.016
991;993;6.845
994;993;3.068
988;995;1.183
995;990;3.433
993;996;7.264
997;989;8.202
996;997;5.675
999;998;21.444
997;1000;1.694
1001;998;5.373
995;1002;2.639
1002;1000;5.549
1004;1003;3.817
1003;1001;2.283
1006;1005;1.186
1007;1003;3.923
1009;1008;4.274
1008;1007;2.041
1002;1010;0.585
1012;1011;8.684
1013;1011;6.052
1014;1008;2.457
1005;1015;5.831
1011;1015;1.881
1016;1005;6.329
1015;1017;1.438
1017;1014;9.934
1019;1018;2.666
1019;996;11.666
1000;1020;11.121
1019;1020;2.114
1021;1019;2.846
998;1022;12.267
1023;1010;12.792
1020;1023;3.421
1025;1024;2.072
1024;1026;5.106
1026;1017;7.372
1027;1014;11.566
1028;1024;16.258
1028;1029;3.057
1030;1001;17.530
1031;1030;1.742
1010;1031;6.053
1032;1027;5.507
1030;1032;2.257
1028;1033;3.306
1033;1026;9.342
1034;1027;9.045
1035;1034;1.526
1036;1026;7.570
1035;1036;9.008
1037;1035;1.181
1038;1036;4.853
1039;1034;6.717
1039;1032;5.872
1040;1023;13.403
1041;1040;0.768
1042;1041;9.471
1033;1043;5.381
1043;1038;4.012
1044;1037;3.802
1045;1043;4.159
1044;1037;12.995
1046;1036;8.710
1039;1047;5.468
1031;1047;4.088
1040;1048;14.762
1048;1047;9.351
1047;1049;1.193
1051;1050;9.495
1052;1044;5.512
1050;1041;35.601
1053;1052;0.699
1049;1053;0.727
1049;1054;3.163
1038;1055;11.714
1052;1055;15.993
1053;1056;3.455
1057;1054;5.624
1056;1058;0.458
1058;1059;0.332
1055;1060;6.232
1056;1060;4.779
1060;1061;1.593
1059;1061;0.896
1055;1062;13.029
1063;1062;13.238
1064;1059;7.740
1054;1064;12.849
1062;1065;6.409
1060;1065;13.335
1065;1066;1.280
1061;1066;5.028
1062;1067;12.191
1068;1067;6.064
1064;1069;8.872
1071;1070;3.153
1067;1072;7.915
1067;1073;6.347
1065;1073;11.854
1069;1074;3.836
1073;1075;1.137
1066;1075;4.420
1069;1076;4.242
1070;1076;5.437
1074;1077;4.772
1078;1070;6.542
1079;1074;3.990
1076;1080;3.761
1077;1081;5.262
1081;1077;8.563
1082;1080;4.926
1073;1083;15.440
1084;1082;4.139
1081;1085;4.923
1080;1086;11.360
1087;1086;4.751
1088;1087;3.745
1085;1089;6.245
1089;1082;16.347
1090;1088;1.304
1091;1090;2.888
1092;1090;1.049
1093;1092;2.066
1094;1093;3.875
1095;1093;7.321
1089;1096;5.049
1097;1096;4.124
1098;1088;3.773
1087;1099;6.156
1075;1100;13.705
1101;1092;6.942
1101;1102;4.191
1103;1101;5.008
1096;1104;16.473
1086;1104;12.162
1106;1105;3.033
1105;1103;2.744
1104;1105;5.637
1103;1107;9.953
1107;1108;1.539
1109;1107;4.106
1110;1109;3.022
1105;1109;14.684
1100;1111;4.104
1111;1112;6.000
1112;1113;6.973
982;946;63.006
1113;950;29.862
945;1114;16.812
949;1115;19.357
1114;1117;3.405
1117;1120;5.385
1120;1121;29.538
1123;1122;4.015
1124;1123;0.463
1125;1124;0.872
1127;1126;11.331
1129;1127;1.609
1131;1129;0.974
1132;1131;3.062
1134;1133;30.780
1136;1135;38.230
1135;1134;20.623
1137;1132;24.725
1138;1137;8.921
1139;1138;18.717
1141;1140;9.106
1143;1142;0.976
1145;1144;10.348
1148;1147;0.931
1150;1149;0.251
1152;1151;0.620
1154;1153;2.169
1156;1155;0.954
1158;1157;0.963
1160;1159;0.624
1162;1161;0.656
1164;1163;0.398
1166;1165;1.627
1168;1167;0.916
1170;1169;1.071
1174;1173;118.468
943;1175;0.510
1175;1176;66.197
1176;1177;31.272
1177;1178;32.332
1178;1179;6.516
1180;1179;4.636
1181;1180;0.666
1182;332;5.060
1181;1183;9.000
1185;1184;10.212
1183;1185;2.261
1186;1185;12.359
1187;1186;9.412
1187;1183;7.471
1189;1188;10.120
1188;1186;4.842
1188;1190;3.218
1190;1191;5.889
1191;1187;6.596
1192;1191;0.986
1193;1192;5.255
1193;1181;7.072
1194;1193;6.865
1196;1195;11.059
1196;1190;5.811
1197;1182;13.272
1198;1192;9.221
1198;1193;2.950
1199;1196;7.358
1199;1198;11.263
1200;1198;1.583
1201;1199;8.173
1202;1199;16.540
1203;1201;7.129
1203;1200;2.228
1204;1200;7.771
1205;1201;8.878
1206;1204;7.158
1207;1201;10.414
1207;1208;5.795
1208;1203;3.977
1209;1207;15.153
1209;1210;6.804
1211;1210;2.996
1212;1208;3.195
1210;1213;6.619
1213;1208;10.980
1214;1212;3.229
1214;1206;17.770
1215;1213;6.039
1215;1216;3.805
1216;1217;3.915
1217;1212;7.537
1218;1214;3.980
1220;1219;21.845
1188;1219;66.311
1218;1221;3.517
1221;1164;0.298
1222;1219;3.358
1222;1209;16.517
1223;1216;8.380
1223;1217;6.783
1224;1197;40.779
1163;1166;3.153
1225;1215;17.193
1226;1223;9.978
1226;1227;9.097
1165;1228;0.677
1229;1226;3.190
1230;1222;14.027
1230;1225;12.189
1228;1231;1.097
1231;1224;29.554
1233;1229;3.592
1234;1214;27.575
1234;1229;12.427
1236;1234;3.344
1237;1225;17.058
1238;1237;10.329
1233;1237;9.761
1237;1239;1.788
1240;1236;6.621
1241;1233;10.622
1241;1240;4.119
1239;1241;6.487
1242;1230;14.202
1239;1243;4.545
1244;1242;2.670
1245;1241;2.877
1243;1244;13.646
1246;1243;3.608
1240;1245;18.537
1246;1245;13.079
1242;1247;10.570
1248;1244;16.190
1248;1246;6.738
1248;1236;35.533
1247;1249;15.010
1250;1248;20.581
1251;1247;31.092
1167;1249;18.186
1252;1168;9.547
1155;1235;41.296
1253;1252;30.021
1254;1253;34.472
1256;1156;39.888
1258;1257;7.857
1258;1254;39.975
1259;1255;34.324
1157;1256;23.426
1260;1258;35.046
1261;1260;11.716
1262;1261;18.566
1263;1259;18.178
1264;1262;23.059
1265;1263;15.498
1266;1158;28.935
1268;1265;2.492
1269;1268;1.770
1270;1269;4.442
1271;1270;7.283
1273;1272;4.750
1274;1264;23.186
1275;1271;6.151
1153;1274;2.809
1273;1276;28.236
1277;1276;5.011
1278;1277;7.940
1278;1273;29.428
1279;1278;4.945
1277;1280;6.249
1279;1280;9.623
1282;1281;16.923
1283;1281;20.984
1284;1279;2.208
1281;1284;6.845
1285;1275;11.199
1276;1286;13.631
1287;1284;4.553
1288;1286;7.905
1280;1288;6.083
1289;1287;3.610
1288;1290;2.805
1290;1289;5.291
1286;1285;8.309
1292;1154;5.741
1293;1287;6.374
1293;1294;8.978
1294;1281;13.582
1295;1294;28.157
1289;1296;8.374
1297;1296;4.279
1297;1293;2.178
1298;1290;8.434
1296;1298;5.248
1288;1299;8.647
1298;1299;2.721
1300;1286;10.175
1299;1300;8.474
1301;1297;4.242
1300;1302;3.980
1294;1303;9.237
1299;1304;6.184
1304;1296;9.869
1305;1291;7.423
1302;1307;11.092
1307;1304;3.299
1307;1301;14.199
1308;1301;5.045
1309;1302;6.067
1310;1308;4.149
1310;1308;10.335
1311;1309;4.101
1311;1307;5.686
1313;1312;4.334
1313;1309;7.599
1313;1314;3.668
1314;1311;5.658
1315;1292;3.837
1315;1285;9.174
1316;1294;16.776
1169;1295;20.486
1317;1310;3.725
1317;1316;3.506
1314;1319;4.660
1322;1316;9.971
1320;1170;11.583
1323;1317;5.114
1324;1313;7.846
1325;1324;6.985
1326;1325;3.539
1327;1326;2.108
1327;1311;10.056
1323;1327;13.404
1328;1313;12.508
1327;1331;5.124
1332;1324;6.386
1325;1333;6.615
1326;1333;6.758
1333;1331;4.775
1334;1332;5.860
1334;1333;3.480
1331;1335;2.877
1336;1335;10.855
1336;1323;9.579
1337;1315;6.417
1337;1328;9.546
1339;1338;15.188
1338;1336;5.601
1335;1341;1.719
1341;1334;18.362
1343;1338;5.112
1344;1328;13.400
1345;1332;9.315
1346;1343;5.852
1347;1343;2.377
1341;1348;6.184
1348;1336;11.795
1349;1337;3.510
1351;1348;9.676
1349;1352;4.538
1353;1350;19.240
1352;1354;8.184
1355;1353;8.825
1356;1355;3.125
1359;1356;6.713
1360;1359;7.314
1361;1360;28.131
1149;1361;9.113
1362;1150;1.983
1363;1362;46.550
1364;1363;1.389
1366;1365;7.567
1368;1367;2.412
1367;1366;5.342
1369;1368;5.030
1371;1370;45.427
1372;1369;3.118
1372;1368;3.417
1374;1373;8.566
1375;1372;8.672
1375;1367;7.034
1366;1375;14.027
1373;1375;4.093
1377;1376;6.878
1376;1364;6.706
1142;1376;0.373
1378;1375;1.777
1379;1378;4.093
1373;1379;2.933
1380;1369;6.310
1380;1378;11.605
1381;1379;2.807
1382;1381;18.495
1384;1383;3.862
1386;1385;4.100
1383;1387;1.352
1388;1386;6.702
1388;1143;0.791
1389;1380;4.967
1371;1390;5.873
1389;1391;7.065
1391;1392;2.089
1392;1378;9.539
1378;1393;9.443
1392;1393;6.630
1390;1394;1.400
1394;1389;3.396
1396;1395;4.858
1383;1396;9.900
1387;1397;7.280
1397;1386;8.409
1393;1398;2.558
1398;1381;8.302
1398;1399;4.112
1399;1148;0.744
1394;1400;2.810
1391;1400;6.687
1401;1396;9.374
1401;1397;5.527
1147;1402;0.806
1400;1399;6.056
1403;1402;7.155
1405;1404;10.125
1406;1405;2.579
1407;1405;3.449
1408;1406;7.308
1401;1408;7.126
1409;1401;11.137
1410;1408;1.902
1409;1410;7.111
1411;1409;0.767
1412;1403;3.316
1413;1411;3.101
1413;1388;7.218
1414;1413;3.434
1415;1414;7.354
1415;1416;5.739
1417;1407;3.906
1418;1413;1.118
1418;1419;1.566
1420;1418;1.659
1420;1414;5.056
1421;1411;4.343
1419;1421;1.349
1422;1419;2.468
1422;1418;0.637
1423;1415;5.621
1424;1410;6.889
1421;1424;7.343
1425;1406;12.111
1424;1425;5.825
1426;1422;0.973
1426;1420;4.141
1427;1420;9.316
1423;1427;5.171
1428;1423;7.556
1429;1426;6.175
1427;1429;4.810
1430;1425;7.145
1431;1428;13.041
1432;1407;23.206
1433;1431;11.560
1435;1434;10.629
1434;1426;3.826
1428;1436;11.587
1436;1437;5.055
1431;1436;15.095
1438;1429;12.075
1439;1434;1.597
1438;1439;6.065
1437;1438;6.763
1440;1437;2.700
1441;1439;2.845
1442;1412;55.229
1443;1442;18.747
1441;1444;76.545
1445;1443;26.824
1446;1445;4.054
1448;1447;8.375
1449;1447;4.806
1447;1450;4.594
1450;1446;5.849
1452;1451;5.511
1159;1446;2.406
1453;1452;4.517
1453;1454;1.613
1455;1452;15.026
1454;1456;11.206
1456;1450;5.399
1457;1453;5.440
1456;1458;5.715
1459;1454;6.980
1459;1456;2.331
1460;1459;2.703
1462;1461;6.249
1461;1460;2.948
1463;1461;2.714
1464;1455;18.281
1464;1463;9.025
1465;1464;2.120
1460;1466;10.287
1467;1466;3.419
1466;1468;1.718
1468;1456;22.351
1469;1465;6.556
1470;1469;10.604
1469;1471;3.133
1471;1465;7.265
1471;1463;6.430
1468;1472;5.071
1473;1472;2.546
1474;1473;9.094
1475;1469;6.203
1476;1473;3.999
1472;1477;12.975
1478;1160;10.155
1479;1474;10.978
1481;1480;4.348
1480;1474;9.781
1483;1482;1.149
1482;1480;5.489
1484;1471;7.391
1485;1482;11.933
1444;1486;35.994
1484;1487;11.040
1486;1162;9.482
1161;1488;3.671
1489;1478;18.352
1488;1489;0.254
1487;1490;6.854
1492;1491;5.353
1491;1493;7.934
1490;1493;21.986
1492;1494;7.624
1492;1495;8.608
1493;1495;10.182
1496;1494;8.364
1496;1497;7.967
1495;1498;9.867
1499;1496;6.770
1496;1500;5.208
1500;1498;6.243
1501;1498;2.741
1502;1500;1.772
1503;1500;5.649
1501;1504;6.174
1504;1490;15.215
1505;1501;13.635
1505;1506;5.932
1506;1504;5.925
1507;1505;12.962
1507;1506;4.929
1508;1507;3.318
1508;1152;8.400
1486;1509;24.346
1151;1510;8.891
1510;426;28.180
1512;1511;10.678
1511;1513;14.914
1515;1514;8.218
1516;1514;12.862
1517;1511;19.746
1517;1518;10.196
1514;1518;7.796
1519;1517;8.594
1518;1520;7.809
1519;1520;10.788
1511;1521;28.721
1521;1522;30.795
1522;1519;6.911
1523;1522;11.227
1520;1523;6.285
1521;1524;12.194
1522;1525;3.610
1526;1525;4.181
1523;1526;8.443
1527;1524;13.837
1140;1527;4.724
1174;1528;9.050
1524;1529;20.711
1530;1529;13.848
1525;1530;12.031
1531;1530;4.807
1532;1531;4.168
1532;1526;7.973
1532;1533;6.530
1533;1528;9.039
1534;1528;8.415
1534;1174;11.725
1536;1535;12.362
1144;1535;10.760
1527;1144;5.149
1537;1534;2.427
1533;1538;16.875
1538;1534;3.386
1533;1539;5.294
1540;1529;20.988
1531;1540;7.469
1539;1540;7.472
1539;1542;14.959
1542;1541;7.544
1535;1544;19.557
1543;1542;16.320
1545;1145;17.284
1545;1546;7.912
1546;1547;13.238
1549;1548;10.390
1550;1527;25.532
1551;1550;7.344
1548;1544;18.461
1547;1552;39.743
1141;1553;78.426
1546;1141;16.828
1509;1549;65.067
1554;1545;65.080
1554;1556;2.473
1558;1557;26.740
1559;1557;38.737
1557;1560;10.533
1560;1561;8.795
1555;1146;42.722
1561;1562;5.739
1564;1563;27.461
1561;1564;6.749
1567;1566;21.754
1562;1568;18.373
1565;1547;117.536
1569;1566;7.263
1556;1569;16.879
1570;1567;34.766
1568;1571;21.089
1572;1570;89.263
1573;1572;1.261
1568;1574;53.271
1574;1573;16.148
1571;1575;5.574
1577;1576;9.106
1576;1578;11.700
1575;1578;14.312
1578;1579;2.772
1579;1580;4.812
1581;1579;2.270
1570;1582;37.008
1575;1583;23.085
1583;1584;4.792
1584;1585;5.268
1574;1585;24.253
1585;1586;13.038
1576;1587;14.640
1578;1587;6.783
1587;1583;12.165
1588;1587;8.208
1588;1584;13.812
1589;1585;9.677
1590;1588;2.067
1591;1587;11.881
1582;1592;14.676
1593;1590;10.527
1594;1591;5.195
1593;1591;7.660
1593;1595;7.271
1595;1590;10.743
1596;1595;8.496
1563;1597;71.355
1597;1598;10.510
1598;1599;91.547
1599;1600;15.156
1600;470;21.316
472;215;1.385
471;1601;19.565
1601;473;6.975
1603;1602;32.049
1604;1603;91.049
1606;1605;1.052
1608;1607;1.755
1610;1609;2.473
1612;1611;28.604
1614;1613;21.854
1614;1612;7.000
1615;1614;7.289
1616;1612;11.415
1617;1615;5.651
1617;1616;11.751
1619;1618;39.260
1619;1620;5.000
1621;1619;2.507
1622;1618;18.060
1622;1620;5.016
1615;1623;13.621
1620;1621;5.277
1623;1608;1.720
1621;1624;3.366
1624;1607;6.029
1625;1624;2.013
1626;1617;10.552
1627;1622;5.085
1625;1627;4.991
1628;1626;5.474
1629;1626;5.714
1629;1616;4.989
1623;1630;5.809
1630;1628;4.500
1631;1625;4.898
1627;1632;11.262
1605;1629;4.808
1630;1628;25.960
1631;1632;23.665
1633;1606;0.354
1634;1633;4.323
1609;1631;20.892
1635;1610;4.076
1635;1633;32.250
1636;1635;7.754
1637;1636;4.161
1638;1634;14.258
1639;1638;13.563
118;1639;71.962
1641;1640;26.017
1641;1;5.765
1642;1641;3.883
1643;1642;1.562
1645;1644;38.305
1640;1646;12.541
1647;1640;10.979
1649;1648;0.871
1651;1650;1.712
1652;1651;4.397
1653;1652;17.862
1654;1653;12.646
1655;1654;6.867
1656;1655;2.242
1657;1656;1.591
1656;1658;3.871
1658;1657;3.115
1659;1657;3.989
1658;1660;4.499
1661;1660;13.461
1662;1660;9.311
1662;1658;20.327
1663;1662;21.640
1665;1664;6.256
1667;1666;14.365
1669;1668;30.170
1648;1669;2.711
1670;1649;4.577
1671;1670;10.515
1672;1671;19.109
871;1672;0.924
1673;1666;4.103
0;1673;2.172
1666;1674;4.148
1674;1673;5.485
1676;1675;28.033
1678;1677;19.890
1680;1679;2.209
1682;1681;2.050
1684;1683;6.078
1686;1685;0.899
1688;1687;1.579
1690;1689;0.825
1692;1691;0.882
1694;1693;0.731
1696;1695;0.524
1698;1697;2.008
1700;1699;0.771
1646;1701;1.496
1703;1702;0.493
1705;1704;1.460
1707;1706;1.267
1709;1708;0.851
1710;476;27.273
1710;587;5.433
1711;1710;2.991
1712;1711;61.879
1677;1712;41.683
1697;111;10.606
1713;1678;5.396
1714;1713;8.985
1706;1714;1.184
1708;1707;3.873
1715;1714;4.431
1716;1709;0.905
1683;1715;0.781
1717;1716;2.341
1719;1718;2.587
1718;1720;6.169
1720;1719;4.555
1721;1719;3.194
1722;1720;2.630
1722;1721;5.105
1723;1698;22.125
1725;1724;8.547
1726;1725;1.449
1728;1727;9.133
1725;1728;7.784
1729;1728;1.251
1731;1730;4.517
1732;1721;11.597
1732;1729;3.722
1734;1733;7.020
1734;1730;5.494
1735;1729;6.680
1736;1722;15.935
1736;1732;12.151
1737;1684;1.887
1726;1738;20.025
1739;1737;0.282
1740;1738;11.231
1741;1734;10.642
1741;1736;12.229
1742;1732;12.083
1735;1742;8.454
1730;1743;15.822
1742;1744;4.181
1744;1735;16.751
1745;1723;6.356
1746;1726;25.107
1747;1741;8.749
1748;1744;4.854
1746;1748;8.411
1744;1749;5.971
1747;1743;16.932
1749;1750;2.317
1750;1748;5.831
1751;1736;17.508
1749;1751;6.033
1743;1752;12.123
1753;1746;4.642
1738;1753;15.141
1755;1754;7.324
1751;1754;10.289
1756;1753;1.362
1757;1747;6.310
1754;1757;2.736
1758;1756;3.075
1756;1758;14.133
1759;1750;10.595
1760;1758;4.900
1761;1759;12.890
1762;1739;8.603
1763;1762;1.080
1763;1764;4.511
1765;1745;23.937
1764;1766;32.699
1767;1763;24.543
1768;1767;0.173
1770;1769;59.264
1771;1770;55.379
1772;1771;10.355
1766;1645;40.726
1773;1765;27.531
1775;1774;2.166
1699;1775;0.583
1774;1772;13.241
1776;944;3.508
1701;1773;3.001
1769;1647;14.508
1777;1768;25.884
1644;1700;22.289
1778;1;6.985
1778;1642;6.319
1779;0;13.335
1778;1779;0.768
1780;1674;14.570
1779;1780;5.609
1780;1781;2.448
1782;1643;13.830
1783;1781;7.588
1643;1783;13.668
1782;1784;4.829
1785;1783;2.331
1784;1785;10.342
1781;1786;15.606
1787;1785;4.979
1788;1782;9.561
1789;1784;8.478
1789;1788;0.832
1790;1787;13.270
1790;1789;3.809
1791;1790;9.061
1787;1792;35.681
1793;1777;31.056
1685;1793;1.519
1794;1686;21.820
1795;1776;78.726
1796;1794;43.405
1797;1795;36.873
1687;1796;5.694
1798;1797;12.881
1799;1798;18.435
1689;1688;16.496
1702;1800;0.439
1800;1705;2.019
1704;1801;0.520
1801;1799;21.820
1802;1703;2.124
1803;1802;8.973
1804;115;5.880
1805;1803;3.546
1806;1690;28.718
1807;1806;0.512
1808;1807;5.646
1808;1805;26.191
1809;1808;0.694
1810;1804;52.270
1812;1811;28.129
1813;1812;37.788
1815;1814;29.663
1816;1810;26.078
1817;1813;21.304
1819;1818;57.207
1820;1816;5.846
1811;1821;41.884
1821;1813;10.039
1822;1820;0.638
1824;1823;29.451
1825;1819;9.072
1826;1825;39.228
1825;1823;12.091
1819;1827;11.650
1827;1825;11.477
1821;1828;15.601
1829;1828;18.477
1830;1822;14.643
1831;1830;1.993
1832;1809;60.413
1828;1833;14.284
1827;1834;40.436
1835;1831;14.257
1836;1835;0.635
1834;1837;8.287
1838;1833;19.522
1837;1838;1.819
1832;1839;17.910
1837;1840;4.719
1840;1834;8.808
1839;1841;5.041
1842;1825;44.504
1838;1840;9.765
1843;1823;49.050
1844;1843;22.877
1846;1845;4.276
1847;1833;36.197
1845;1847;13.745
1848;1845;3.799
1849;1840;20.582
1850;1832;25.023
1847;1851;3.198
1842;1852;20.446
1853;1849;5.625
1853;1842;13.438
1852;1853;0.789
1848;1854;9.580
1855;1850;1.848
1856;1846;11.799
1857;1843;19.634
1857;1855;1.257
1851;1858;4.178
1843;1859;17.878
1854;1860;8.378
1860;1848;5.918
1856;1861;5.257
1849;1861;11.797
1860;1862;3.504
1846;1862;9.076
1862;1863;3.918
1863;1856;3.317
1858;1864;1.576
1854;1864;9.359
1852;1865;8.497
1859;1865;4.219
1866;1860;2.719
1864;1867;2.032
1867;1866;11.773
1868;1836;20.000
1866;1869;3.732
1870;1859;7.328
1869;1871;1.389
1867;1872;2.434
1872;1873;1.058
1871;1873;6.254
1875;1874;15.097
1874;1875;5.841
1876;1863;7.146
1877;1875;1.778
1865;1878;8.488
1878;1870;4.512
1879;1866;5.988
1876;1879;7.012
1881;1880;4.680
1882;1876;1.513
1881;1882;3.812
1861;1883;9.788
1850;1884;12.675
1841;1884;32.826
1883;1881;5.951
1883;1885;1.199
1874;1885;6.521
1886;1877;7.828
1886;1887;2.764
1887;1878;3.429
1885;1888;1.694
1888;1874;5.892
1889;1869;6.751
1889;1890;1.632
1890;1879;2.533
1871;1891;6.790
1873;1892;5.371
1891;1892;3.660
1893;1870;9.021
1893;1857;9.240
1895;1894;22.468
1894;1691;3.178
1877;1896;4.667
1897;1889;1.773
1898;1895;9.616
1891;1899;1.978
1899;1897;4.818
1900;1888;7.212
1900;1896;4.002
1890;1901;5.728
1902;1896;6.457
1902;1886;7.232
1884;1903;5.521
1903;1692;23.549
1904;1868;10.848
1905;1900;5.173
1906;1905;0.741
1906;1902;2.056
1901;1907;4.152
1907;1882;9.971
1908;1906;1.995
1908;1887;10.753
1909;1888;11.657
1910;1893;6.598
1911;1908;3.349
1911;1910;0.390
1912;1855;28.812
1892;1913;12.137
1913;1914;3.335
1899;1914;11.508
1915;1912;3.164
1884;1915;28.631
1916;1909;4.904
1916;1917;2.717
1917;1900;12.690
1918;1907;7.970
1917;1919;2.101
1905;1919;13.006
1901;1918;15.286
1913;1920;4.503
1921;1920;2.913
1914;1921;4.292
1922;1897;16.461
1912;1910;52.474
1923;1921;4.970
1923;1922;2.891
1924;1918;4.115
1924;1909;10.712
1916;1924;8.283
1925;1904;11.335
1926;1924;3.080
1927;1926;1.987
1919;1927;11.564
1681;1915;13.988
1928;1922;8.379
1928;1926;10.429
1920;1929;9.696
1929;1923;11.889
1927;1930;2.679
1931;1930;0.600
1931;1911;10.208
1932;1682;6.545
1933;1929;10.338
1934;1898;11.979
1935;1928;23.065
1930;1935;9.571
1935;1936;1.702
1932;1937;39.507
1937;1938;1.310
1938;1939;13.714
1939;1940;4.096
1679;1931;29.688
1941;1940;2.293
1942;1680;1.599
1940;1942;14.303
1943;1937;16.048
1944;1925;25.903
1945;1943;2.512
1936;1946;5.111
1938;1947;9.632
1945;1947;16.958
1948;1943;22.661
1949;1932;18.038
1950;1939;15.068
1950;1947;9.508
1951;1941;10.353
1951;1941;32.670
1951;1952;3.226
1952;1950;8.358
1953;1952;7.154
1946;1954;10.219
1956;1955;7.237
1957;1945;27.963
1958;1944;46.979
1959;1958;0.999
1961;1960;55.636
1960;1962;2.278
1963;1959;5.604
1954;1961;61.956
1955;1694;26.560
1693;1964;4.608
1965;1934;13.041
1964;1965;5.224
1962;1696;14.707
1965;1949;90.210
1965;1966;15.981
1967;1956;40.978
1695;1676;26.838
1966;1968;41.126
1675;1963;63.692
1969;1815;98.004
1970;1969;7.816
222;1970;1.785
1973;1976;8.262
1976;1977;3.464
1980;1979;2.962
1982;1981;0.702
1984;1983;1.094
1985;521;31.155
1986;1985;1.971
1987;1986;15.507
1987;1988;12.322
1988;1989;4.955
1991;1990;6.823
1992;1990;1.514
1988;1993;2.482
1994;1992;4.427
1993;1995;3.693
1989;1995;3.317
1996;1994;10.440
1997;1990;9.582
1998;1997;5.611
1992;1998;3.992
2000;1999;6.095
2001;1999;11.353
1994;2002;4.489
1996;2002;6.923
1998;2003;2.409
2002;2003;5.179
1996;2004;7.543
1999;2004;9.584
2005;1987;6.349
2005;1993;9.910
1995;2006;10.564
2003;2007;3.795
2004;2008;4.446
1997;2009;7.814
2007;2009;2.426
2009;2010;2.251
2011;2006;2.848
2012;1997;15.702
2010;2012;9.094
2013;2012;3.461
2007;2014;3.818
2008;2014;4.436
1989;2015;29.925
2015;2013;1.955
2006;2016;5.083
2016;2017;5.865
2017;2015;7.814
2010;2018;4.413
2014;2018;2.299
2011;2019;4.458
2019;2016;2.609
2020;2005;3.445
2020;2011;8.646
2019;2021;2.497
2021;2017;7.585
2013;2022;8.692
2018;2022;4.357
2023;2020;1.944
2021;2023;8.541
1981;2008;4.659
2022;2024;4.295
2021;2025;13.486
2024;2025;0.900
2026;2018;10.781
2027;1982;1.033
2028;2023;3.128
2025;2028;4.184
2029;2024;6.756
2028;2030;10.574
2032;2031;3.214
2033;2032;8.018
2020;2033;51.739
2034;2027;6.204
2032;2035;9.389
2036;2030;10.478
2037;2033;9.469
2030;2037;37.992
2038;2035;7.122
2033;2038;11.078
2039;2034;2.879
2038;2040;6.039
2037;2040;13.548
2035;2041;15.731
2042;2041;7.741
2040;2042;8.024
2043;2039;25.653
2044;2043;46.984
2045;2044;2.730
1650;2045;14.119
2046;2044;25.947
2047;2046;0.583
2048;2047;21.531
1983;2048;19.276
2049;1984;5.650
2049;1980;2.746
2051;2050;22.060
2053;2052;10.740
1979;2053;13.553
2054;2051;3.834
2055;2051;2.736
2053;2055;1.957
2050;2056;9.325
2056;2054;4.710
2054;2057;3.870
2055;2057;4.812
2056;2058;3.753
2060;2059;7.234
2061;2055;7.772
2062;2061;3.896
2060;2062;5.070
2063;2057;7.535
2061;2063;7.552
2064;2062;3.299
2064;2060;7.220
2065;2063;4.140
2066;2064;4.282
2067;2065;8.443
2066;2067;6.242
2068;2067;9.029
2068;2066;8.386
2069;586;0.895
869;2069;15.857
2071;2070;6.996
2073;2072;0.828
2075;2074;1.345
2077;2076;1.807
2079;2078;0.830
2080;2071;0.862
2082;2081;1.169
2084;2083;0.825
2086;2085;0.584
600;2087;1.640
2089;2088;6.409
2072;2089;15.146
2087;2073;16.915
2091;2090;18.570
2093;2092;7.682
2092;2094;4.572
2096;2095;8.743
2097;2096;24.042
2098;2097;29.641
2099;2098;9.047
2100;2099;6.596
2074;2100;0.728
2076;2075;28.844
2078;2077;36.555
2101;2079;37.825
2102;2101;13.671
2104;2103;7.882
2105;2102;7.679
2104;2106;10.761
2106;2107;3.216
2106;2108;3.630
2108;2109;1.570
2109;2110;7.306
2110;2109;13.995
2110;2111;9.398
2111;2108;38.494
2111;2112;23.849
2112;2113;5.011
2114;2112;44.040
2115;2114;7.237
2116;2114;6.563
2117;2116;37.445
2116;2118;27.847
2119;2105;23.835
2120;2119;6.352
2121;2120;2.283
2122;2121;0.661
2123;2122;18.735
2070;2123;10.581
2124;2080;55.603
2125;2124;1.525
2127;2126;7.934
2128;2127;26.707
2129;2125;11.870
2130;2128;5.054
2130;2131;7.814
2133;2132;9.648
2132;2129;5.973
2134;2129;3.582
2132;2134;5.988
2135;2132;3.180
2136;2134;0.884
2136;2130;9.399
2137;2136;1.471
2138;2137;20.725
2139;2138;1.276
2140;2137;2.587
2141;2140;2.224
2141;2140;15.435
2142;2141;0.549
2143;2142;21.435
2144;2142;8.239
2144;2145;13.377
2146;2143;8.815
2147;2144;4.121
2148;2143;14.077
2148;2147;7.097
2149;2148;5.900
2149;2150;8.957
2150;2151;2.923
2152;2149;10.633
2153;2152;5.772
2153;2150;6.600
2151;2153;10.190
2154;2147;11.007
2154;2151;18.019
2155;2154;4.150
2156;2155;1.595
2157;2156;7.551
2081;2084;38.113
2085;2082;22.855
2158;2086;2.022
496;2158;4.677
2159;2157;20.792
2083;2156;67.725
2160;2159;5.361
2161;2160;57.430
522;2161;5.117
2163;2162;0.745
2165;2164;0.837
173;2166;9.187
2166;2167;14.500
2162;2168;16.387
2170;2169;13.176
2164;2170;0.655
2168;2165;16.281
2167;2163;34.481
2172;2171;9.787
2173;2172;11.789
2174;2172;13.015
2170;2174;10.468
2174;2175;6.173
2175;2176;4.320
2176;2177;2.285
2178;2177;29.669
2177;2179;14.408
2179;2180;9.730
2180;2181;0.940
2181;2182;2.991
2182;2183;11.082
2183;253;103.333
2181;2184;64.156
2184;2185;5.273
2185;2186;51.278
2186;2187;8.819
2187;2188;13.142
2188;2189;12.033
2189;2190;3.876
2190;2191;6.055
2191;2192;3.688
2192;2193;13.219
2195;2194;1.275
2193;2195;9.932
2193;2196;7.460
2195;2197;12.924
2197;2196;15.287
2198;2197;11.092
2196;2199;8.111
2196;2200;17.765
2192;2200;9.010
2200;2201;0.543
2202;2199;20.707
2201;2202;10.739
213;2203;12.827
2204;2202;11.402
2203;2205;16.036
2207;2206;21.953
2208;2207;2.041
2209;2207;5.466
2211;2210;1.642
2208;2211;6.445
2212;2209;14.669
2211;2213;2.150
2214;2208;4.534
2215;2209;3.771
2216;2212;5.805
2217;2212;35.365
2205;2217;2.858
2218;2204;12.588
2219;2217;9.090
2220;2218;2.843
2221;2220;58.945
2222;2219;92.015
2225;2224;2.223
2227;2226;0.336
1257;1967;7.227
1968;2228;0.991
2228;2229;51.623
2229;2230;2.262
2230;2227;6.034
2226;2231;5.005
2231;2232;5.408
2232;2233;5.481
2233;2234;2.212
2234;2235;14.587
2235;2236;13.369
2224;2237;4.537
2235;2238;16.141
2234;2239;8.161
2240;2239;6.899
2239;2241;2.251
2242;2241;15.670
2241;2243;3.265
2243;2244;3.529
2244;2245;22.241
2246;2225;23.428
2247;2246;11.946
2245;2247;11.614
2248;2245;27.587
2248;2244;21.494
2249;2246;8.943
2247;2249;10.344
2250;2248;3.763
2251;2247;19.921
2251;2250;3.978
2249;2252;19.574
2243;2253;33.178
2243;2254;12.018
2253;2254;9.711
2255;2253;9.864
2256;2250;19.516
2254;2256;3.687
2256;2257;1.915
2258;2251;15.617
2257;2258;1.271
2259;2254;3.063
2255;2259;10.710
2260;2255;8.938
2261;2257;5.597
2258;2262;2.480
2263;2259;1.748
2263;2260;13.910
2261;2264;2.623
2265;2260;9.978
2266;2262;3.537
2266;2261;10.341
2268;2267;7.693
2262;2268;1.540
2269;2266;2.333
2264;2270;7.215
2270;2269;7.478
2271;2249;35.171
2268;2271;1.606
2272;2270;2.681
2272;2264;10.235
2274;2273;8.924
2271;2274;11.148
2276;2275;7.760
2276;2277;5.640
2274;2276;12.756
2278;2263;5.272
2269;2279;14.154
2279;2272;13.144
2280;2279;4.368
2281;2278;3.499
2282;2281;9.625
2283;2281;3.303
2271;2284;10.604
2285;2283;5.804
2285;2286;10.292
2287;2285;10.233
2288;2287;2.829
2284;2289;20.416
2289;2290;0.219
2290;2291;21.596
1370;2288;53.670
2291;2292;24.949
2292;2293;12.846
2293;2294;42.279
2294;2295;18.127
2295;121;18.623
648;2297;5.182
2297;2298;36.439
2298;2296;7.760
2300;2299;3.273
2302;2301;2.642
2304;2303;2.833
2303;2305;1.458
2299;2305;5.047
2306;2299;9.295
2301;2306;1.879
2308;2307;3.467
2307;2303;7.026
2306;2309;3.012
2310;2301;13.520
2309;2311;1.780
2312;2307;2.181
2305;2313;6.307
2311;2313;6.310
2312;2314;2.333
2309;2315;3.978
2316;2312;2.547
2317;2315;4.391
2318;2317;1.796
2319;2311;3.548
2320;2316;3.033
2320;2321;7.141
2313;2321;4.770
2315;2322;5.200
2323;2322;1.486
2317;2323;3.150
2324;2323;2.843
2316;2325;8.090
2325;2327;3.704
2328;2325;2.464
2328;2320;8.510
2330;2329;4.468
2321;2330;7.202
2331;2328;5.256
2329;2331;4.689
2330;2332;2.450
2332;2322;19.763
2333;2331;2.445
2332;2334;1.253
2329;2335;3.820
2337;2336;53.553
2336;2326;127.869
2339;2338;3.634
2341;2340;5.547
2343;2342;0.582
2345;2344;0.307
2347;2346;0.553
2349;2348;0.301
2351;2350;0.433
2353;2352;0.337
2355;2354;0.496
2357;2356;1.142
2360;2359;0.617
2362;2361;0.540
2364;2363;0.529
2366;2365;0.829
2368;2367;0.730
2370;2369;2.684
2372;2371;0.374
2374;2373;0.624
2376;2375;0.573
2378;2377;0.660
2380;2379;2.314
2381;2380;27.274
2382;2381;26.103
2383;2382;13.414
2384;2383;8.415
2385;2384;5.900
2386;2385;4.866
2387;2386;56.224
2344;2387;8.169
2388;2345;2.307
2346;2388;17.896
2390;2389;2.756
2391;2390;7.078
2392;2391;10.187
2391;2393;1.935
2394;2393;17.813
2395;2394;4.299
2395;2396;13.512
2397;2396;5.604
2396;2398;2.375
2399;2395;6.608
2400;2398;4.690
2398;2401;24.403
2393;2402;21.687
2401;2402;8.230
2402;2403;7.890
2403;2404;10.931
2406;2405;2.699
2404;2406;7.472
2404;2407;6.020
2409;2408;3.282
2406;2408;19.271
2411;2410;3.688
2412;2406;5.182
2408;2411;15.947
2413;2337;60.725
2414;2347;19.538
2348;2414;1.722
2365;2413;21.191
2415;2349;8.672
2416;2415;9.242
2350;2416;14.592
2352;2351;20.823
2417;2353;22.307
2418;2417;3.649
2419;2418;11.683
2420;2419;2.075
2419;2421;12.811
2420;2422;1.515
2421;2423;6.748
2423;2422;1.059
2424;2421;5.654
2425;2423;2.700
2425;2426;0.562
2422;2427;2.119
2427;2428;0.519
2426;2429;1.691
2431;2430;6.052
2429;2368;41.791
2428;2432;3.962
2432;2427;20.795
2432;2433;3.262
2432;2434;0.326
2435;2434;7.553
2436;2430;15.005
2430;2437;10.442
2434;2438;1.147
2440;2439;3.955
2441;2439;6.515
2437;2442;3.313
2443;2437;6.202
2428;2444;21.990
2438;2444;5.500
2446;2445;1.739
2438;2447;2.884
2444;2448;4.056
2439;2449;8.175
2448;2449;1.748
2448;2447;12.548
2442;2450;6.644
2451;2439;8.759
2449;2451;3.689
2452;2446;5.930
2451;2452;2.393
2453;2450;4.772
2454;2442;11.644
2452;2455;4.251
2447;2456;3.971
2456;2454;10.492
2457;2454;4.506
2459;2458;1.397
2455;2460;4.883
2461;2460;4.442
2462;2459;3.877
2463;2462;4.854
2464;2462;7.355
2465;2464;7.446
2460;2466;3.034
2467;2466;6.492
2456;2468;4.419
2450;2468;26.333
2468;2469;0.407
2462;2470;7.137
2369;2471;5.027
2472;2464;9.083
2466;2472;18.113
2473;2472;6.649
2473;2339;2.537
2475;2474;5.623
2470;2475;12.480
2338;2475;1.465
2470;2476;12.517
2475;2476;7.841
2367;2477;29.294
2478;2370;13.197
2477;2478;7.740
2479;2469;3.849
2476;2480;10.078
2476;2481;28.206
2481;2482;1.879
2484;2483;8.113
2486;2485;6.584
2485;2483;8.933
2483;2487;6.460
2487;2488;3.728
2489;2483;5.798
2487;2490;5.177
2489;2490;3.816
2491;2479;6.448
2490;2492;3.379
2485;2489;22.498
2493;2491;5.717
2371;2366;169.373
2494;2493;17.966
2495;2494;7.301
2354;2495;24.572
2373;2372;51.839
2496;2355;1.261
2497;2496;4.648
2498;2374;9.082
2499;2498;6.299
2500;2497;8.856
2501;2499;1.924
2502;2501;3.989
2503;2501;1.759
2504;2503;6.254
2506;2505;2.764
2508;2507;3.180
2509;2508;5.622
2510;2505;0.996
2511;2503;4.628
2505;2512;3.493
2513;2512;1.574
2512;2514;2.624
2514;2511;6.878
2515;2508;10.479
2516;2511;2.643
2517;2509;12.559
2518;2516;1.255
2519;2515;5.248
2519;2517;0.893
2520;2518;4.725
2521;2515;4.831
2523;2522;3.509
2524;2519;4.594
2525;2523;4.749
2526;2516;3.684
2525;2526;0.277
2527;2514;10.705
2528;2525;1.121
2529;2528;1.891
2530;2529;0.512
2531;2530;2.535
2532;2530;1.018
2532;2524;6.523
2533;2532;1.296
2533;2524;8.654
2534;2529;5.303
2535;2526;12.955
2536;2518;15.396
2536;2535;3.235
2538;2537;0.608
2375;2538;0.670
2517;2539;23.274
2539;2533;5.878
2540;2539;0.765
2540;2541;7.496
2543;2542;7.472
2538;2542;1.110
2471;2378;175.859
2542;2540;7.778
2545;2544;4.601
2547;2546;6.222
2547;2536;5.158
2548;2547;0.946
2544;2548;5.228
2549;2538;5.457
2550;2547;6.415
2535;2550;8.247
2552;2551;6.311
2528;2551;13.649
2377;2376;40.414
2553;2548;5.754
2553;2550;4.055
2554;2544;5.705
2551;2555;4.385
2555;2532;18.678
2555;2556;3.929
2557;2553;7.565
2556;2557;8.118
2558;2556;3.373
2559;2558;3.739
2560;2558;2.004
2561;2560;1.612
2562;2560;3.146
2563;2360;5.278
2564;2500;22.190
2359;2362;59.471
2565;2564;2.078
2363;2566;1.487
2361;2364;30.403
2566;2567;19.579
2568;2565;34.373
2569;2568;1.365
2567;2570;7.610
2572;2571;6.800
2574;2573;6.541
2575;2574;6.036
2571;2574;5.790
2576;2569;0.916
2577;2574;7.236
2573;2578;5.753
2578;2577;3.809
2579;2571;4.971
2578;2580;2.814
2581;2577;4.615
2582;2581;6.083
2356;2576;1.602
2583;2580;5.987
2583;2581;10.600
2580;2584;10.835
2583;2584;12.472
2583;2585;7.272
2584;2586;6.770
2586;2587;5.235
2585;2587;7.238
2587;2588;1.866
2585;2588;6.342
2588;2589;2.206
2590;2589;2.883
2591;2357;3.341
2586;2592;13.632
2592;2593;4.878
2589;2593;9.895
2594;2590;21.180
2593;2595;7.242
2590;2595;16.252
2595;2596;12.151
2597;2591;9.270
2598;2597;0.600
2341;2599;2.141
2596;2341;26.181
2601;2600;5.195
2598;2600;6.252
2342;2598;4.366
2342;2602;3.338
2600;2342;17.273
2603;2343;3.676
2603;2340;8.174
2604;2343;7.919
2604;2605;8.500
2605;2603;3.022
2606;2605;1.895
2608;2607;5.478
2608;2604;4.555
2609;2603;3.191
2610;2606;4.928
2611;2610;1.909
2612;2608;6.668
2613;2610;2.764
2614;2608;12.214
2615;2614;7.495
2616;2606;9.179
2617;2616;3.600
2618;2616;3.747
2619;2617;1.597
2619;2609;1.454
2617;2620;12.663
2621;2619;8.578
2622;2621;102.845
2624;2623;2.437
2625;2623;1.034
2625;2626;1.957
2627;2625;4.729
2629;2628;10.261
2630;2624;5.511
2631;2630;1.829
2623;2631;5.210
2632;2624;9.333
2630;2632;2.630
2634;2633;3.538
2633;2635;5.811
2636;2627;2.835
2628;2636;1.068
2633;2632;2.499
2637;2631;1.593
2637;2627;1.320
2638;2622;8.451
2639;2636;2.352
2639;2628;3.346
2640;2639;1.606
2641;2640;17.642
2642;2637;3.313
2642;2643;4.445
2639;2643;2.531
2644;2642;1.615
2645;2633;7.324
2644;2645;5.896
2646;2645;5.089
2647;2644;3.563
2643;2647;4.648
2640;2648;9.721
2647;2648;6.067
2645;2649;6.269
2650;2649;3.060
2652;2651;3.705
2651;2645;7.205
2651;2650;0.818
2653;2651;4.167
2648;2654;5.475
2655;2647;9.953
2654;2655;4.320
2656;2650;10.079
2649;2657;6.214
2657;2658;1.771
2659;2656;1.890
2660;2659;4.684
2657;2661;5.437
2661;2655;2.931
2662;2658;2.506
2656;2663;13.926
2664;2663;4.611
2665;2661;3.162
2666;2665;2.020
2658;2667;7.183
2668;2659;4.545
2667;2668;4.498
2666;2667;9.009
2665;2669;5.722
2654;2669;10.039
2667;2670;4.434
2671;2668;4.210
2670;2671;3.134
2672;2671;0.887
2673;2672;1.713
2674;2672;2.660
2676;2675;7.089
2663;2676;12.434
2677;2670;8.525
2669;2678;12.735
2679;2676;1.313
2680;2666;16.866
2680;2678;6.024
2681;2679;0.526
2682;2677;27.862
2682;2680;20.742
2683;2681;8.120
2683;2682;6.742
2678;2684;33.697
2685;2638;31.891
2686;2683;5.563
2688;2685;2.520
2358;2688;28.077
2675;2689;157.235
2691;2690;1.030
2693;2692;1.021
2695;2694;1.246
2697;2696;0.724
2699;2698;1.047
2701;2700;2.114
2702;2701;3.906
2703;2702;32.846
2692;2703;39.714
2705;2704;5.910
2694;2705;2.846
2704;2706;9.388
2708;2707;10.289
2710;2709;6.566
2711;2707;7.012
2707;2712;10.821
2712;2713;1.813
2714;2710;1.556
2714;2712;11.299
2716;2715;2.899
2713;2716;4.098
2710;2717;5.642
2718;2693;47.447
2712;2719;5.458
2720;2695;6.122
2721;2716;2.782
2722;2721;15.391
2723;2714;3.561
2719;2723;5.522
2724;2713;4.644
2721;2724;4.374
2706;2725;7.575
2726;2719;4.896
2724;2726;4.948
2725;2727;1.587
2728;2723;6.461
2726;2728;4.841
2728;2729;2.701
2727;2730;0.994
2717;2731;10.671
2729;2731;5.186
2733;2732;5.766
2731;2733;3.919
2717;2734;21.306
2733;2735;5.766
2737;2736;2.434
2735;2738;1.105
2737;2739;8.484
2739;2727;25.476
2730;2740;2.020
2741;2733;5.112
2741;2729;10.564
2742;2740;38.774
2743;2737;7.089
2736;2743;3.732
2744;2720;3.567
2743;2745;1.768
2746;2735;6.721
2746;2741;3.480
2745;2736;6.627
2747;2718;3.871
2696;2744;0.587
2748;2738;9.063
2748;2746;3.476
2745;2749;6.138
2738;2750;11.208
2750;2751;2.630
2752;2751;2.416
2750;2753;4.445
2751;2753;4.920
2754;2748;7.905
2754;2739;31.349
2755;2754;5.732
2740;2756;5.181
2755;2757;4.771
2753;2758;13.149
2758;2755;12.232
2757;2759;2.521
2760;2758;1.781
2761;2757;5.976
2762;2760;4.830
2763;2760;3.900
2764;2697;8.176
2765;2764;6.112
2766;1121;19.429
2767;2765;3.718
2768;2767;1.796
2768;2766;1.979
2769;2768;1.484
2770;2768;1.907
2770;2771;1.611
2690;2771;0.182
2772;2769;4.216
2773;2747;32.966
1122;2772;20.004
2774;2691;19.469
2775;2774;0.106
2756;2776;32.429
2776;2773;23.289
2777;1125;8.228
2778;2775;17.009
2779;2778;13.759
2780;2779;0.660
2782;2781;9.620
2783;2780;57.152
2785;2784;3.763
2786;2784;4.957
2784;2787;3.025
2788;2781;13.731
2783;2789;1.361
2781;2790;6.577
2791;2790;7.214
2792;2787;2.869
2794;2793;12.410
2795;2793;1.899
2796;2788;4.284
2790;2796;5.114
2798;2797;17.886
2793;2799;4.887
2787;2800;10.897
2800;2798;5.729
2801;2789;10.610
2799;2801;3.332
2803;2802;3.569
2789;2803;4.769
2804;2801;4.084
2805;2798;10.752
2806;2805;1.429
2807;2801;11.476
2803;2808;1.649
2809;2800;10.506
2807;2804;14.007
2810;2809;2.519
2811;2810;15.677
2811;2805;7.409
2796;2811;19.036
2812;2808;1.315
2812;2807;12.286
2813;2809;16.210
2814;2810;6.395
2811;2815;9.986
2815;2796;30.282
2816;2814;8.200
2817;2816;13.416
2818;2817;8.446
2819;2814;13.083
2820;2817;3.290
2815;2820;5.019
2821;2820;2.118
2822;2812;5.737
2823;2821;1.632
2824;2823;4.151
2826;2825;6.640
2824;2826;13.894
2826;2827;3.776
2828;2826;4.753
2828;2827;4.880
2829;2828;5.813
2830;2828;5.927
2831;2829;5.349
2827;2832;13.476
2833;2829;4.483
2834;2822;14.139
2835;2833;6.561
2836;2834;2.997
2837;2836;0.284
2839;2838;4.201
2832;2839;9.837
2840;2839;1.692
2841;2840;2.546
2842;2841;4.041
2832;2842;10.922
2842;2843;2.741
2844;2843;7.288
2843;2845;4.157
2846;2841;5.541
2847;2840;6.315
2848;2845;2.646
2849;2848;5.181
2845;2850;3.913
2851;2824;11.260
2851;2833;23.498
2852;2848;6.114
2850;2853;6.750
2854;2850;6.473
2855;2853;8.686
2856;2837;29.808
2857;2851;19.980
2857;2855;8.140
2858;2857;4.367
2859;2856;54.412
2861;2859;1.017
2698;2858;5.873
2862;2861;1.629
2863;2699;0.545
2864;2862;3.196
2866;2864;1.977
342;2866;66.761
2868;2867;4.021
2870;2869;2.213
2871;2870;11.181
2872;2871;12.562
2873;2872;0.533
2875;2874;20.623
2876;2873;4.634
2876;2875;8.619
2877;2876;2.372
2879;2878;1.513
2878;2868;1.016
2880;2877;1.332
2880;2881;3.952
2873;2882;26.213
2877;2882;7.336
2883;2880;2.836
2867;2884;2.870
2885;2883;0.950
2886;2875;32.674
2884;2886;2.541
2887;2885;0.819
2887;2888;11.744
2886;2888;2.164
2889;2887;2.982
2882;2890;6.000
2883;2890;11.759
2891;2885;4.139
2892;2888;5.914
2892;2884;5.079
2893;2883;10.231
2894;2893;7.934
2894;2893;1.894
2890;2895;7.227
2895;2894;6.583
2896;2889;13.092
2897;2896;6.264
2898;2892;12.601
2898;2899;3.805
2899;2897;5.662
2900;2898;3.237
2901;2889;18.915
2901;2896;7.915
2902;2897;6.425
2899;2902;3.669
2902;2903;1.516
2904;2901;6.587
2905;2900;6.488
2906;2905;4.241
2907;2900;15.642
2908;2906;1.802
2909;2907;7.880
2910;2905;8.154
2910;2907;8.985
2911;2910;1.830
2912;2909;4.734
2906;2911;13.801
2913;2909;5.070
2914;2911;9.818
2916;2915;14.077
2918;2917;10.520
2919;2918;3.157
2921;2920;14.716
2918;2921;7.452
2923;2922;15.810
2922;2924;11.545
2925;2924;9.276
2926;2922;1.420
2926;2923;15.182
2916;2927;6.405
2921;2927;5.684
2927;2928;1.744
2927;2916;21.045
2929;2918;14.985
2930;2925;9.416
2931;2927;8.504
2931;2929;1.293
2932;2925;8.557
2930;2932;6.683
2933;2926;12.660
2933;2932;3.172
2934;2930;6.415
2935;2934;3.195
2928;2935;11.467
2936;2923;22.696
2937;2935;5.600
2928;2937;10.861
2939;2938;9.579
2936;2939;2.987
2940;2934;3.687
2937;2940;7.636
2941;2936;3.230
2942;2937;5.049
2943;2933;11.765
2940;2943;5.451
2944;2941;3.007
2943;2945;4.251
2945;2944;6.737
2946;2941;3.639
2947;2944;3.129
2948;2945;2.576
2949;2939;6.826
2948;2950;4.043
2940;2950;7.719
2947;2951;2.008
2951;2952;4.444
2953;2937;10.616
2950;2954;10.974
2954;2955;1.272
2956;2947;13.235
2956;2948;9.906
2957;2951;14.983
2957;2956;2.639
2958;2957;3.382
2915;2959;84.395
2961;2960;10.535
2962;2961;31.283
2963;2962;8.315
2964;2963;17.177
2965;2964;41.081
2700;2965;30.766
2967;2966;0.889
2969;2968;0.687
2971;2970;0.483
2973;2972;0.556
2975;2974;0.744
2977;2976;0.875
2979;2978;0.349
2981;2980;0.559
2983;2982;0.530
2985;2984;8.059
2968;2985;12.573
2970;2969;5.397
2972;2971;2.806
2986;2973;2.098
2974;2986;0.479
2987;2975;3.352
2987;2988;10.826
2988;2989;2.556
2989;2990;6.257
2991;2987;15.545
2992;2991;0.312
2990;2993;22.257
2993;2994;33.198
2977;2992;34.556
2994;2995;28.841
2997;2996;34.377
2998;2997;4.310
2976;2999;9.786
3000;2985;89.484
2966;3000;0.145
3001;2998;87.819
3002;3001;12.918
3003;3002;42.220
3004;2967;10.702
3005;3004;2.017
2999;3006;14.166
3007;3003;44.840
3009;3008;4.747
3011;3010;6.626
3008;3010;3.762
3010;3012;1.588
3008;3013;3.690
3015;3014;11.106
3016;3005;10.154
3012;3016;9.486
3018;3017;18.277
3016;3019;0.769
3019;3020;5.085
3012;3021;7.307
3022;3021;2.232
3023;3017;4.661
3019;3024;2.014
3021;3024;11.347
3024;3025;0.459
3026;3023;5.978
3014;3027;10.937
3029;3028;12.102
3017;3030;9.336
3026;3030;3.900
3014;3031;21.825
3028;3032;35.403
3033;3027;2.091
3033;3007;37.338
3035;3034;5.178
3032;3034;1.712
3032;3036;13.985
3030;3036;2.195
3025;3037;1.430
3031;3037;8.018
3036;3038;4.800
3038;3026;3.231
3031;3039;3.975
3038;3040;9.108
3040;3025;16.116
3037;3041;1.684
3039;3041;9.397
3039;3042;6.863
3027;3042;29.953
3043;3033;9.445
3034;3044;10.231
3042;3045;6.604
3041;3046;2.472
3045;3046;4.215
3044;3047;3.366
3048;3043;5.990
3049;3048;14.214
3046;3050;1.055
3050;3051;2.316
3043;3052;7.518
3052;3048;7.457
3028;3053;21.296
3053;3044;8.717
3054;3045;6.817
3053;3055;2.695
3047;3055;6.779
3050;3056;1.569
3054;3056;5.200
3040;3057;16.443
3051;3057;20.488
3058;3053;9.293
3057;3059;1.894
3060;3054;23.078
3052;3060;10.267
3055;3061;9.406
3047;3061;10.376
3062;3054;12.644
3060;3062;8.807
3063;3062;4.544
3063;3048;24.000
3064;3059;21.161
3059;3064;12.425
3061;3065;11.999
3064;3065;4.019
3066;3063;3.582
3056;3067;5.801
3067;3062;10.408
3057;3068;16.458
3068;3069;5.094
3070;3068;3.122
3051;3070;22.162
3065;3071;6.189
3072;3066;12.559
3065;3073;7.517
3069;3073;13.287
3072;3074;1.891
3075;3072;10.184
3076;3075;4.541
3077;3067;7.342
3078;3070;6.488
3079;3078;4.887
3079;3077;1.825
3080;3079;2.056
3073;3081;8.750
3069;3081;9.161
3082;3074;7.113
3078;3083;6.867
3084;3066;12.629
3074;3084;10.827
2995;3085;53.945
3067;3086;5.218
3087;3084;1.574
3087;3086;11.365
3088;3080;6.005
3083;3080;11.633
3086;3089;0.721
3081;3090;11.585
3083;3090;6.682
3077;3091;15.392
3089;3091;1.647
3092;3075;14.752
3093;3087;8.432
3093;3092;10.410
3094;3093;1.252
3092;3094;14.759
3006;3095;21.821
3095;2979;0.476
3091;3096;22.971
3097;3094;21.683
3085;3098;8.639
3099;3089;12.245
3098;3100;21.820
2978;3101;6.059
3101;3102;0.673
3102;3103;1.442
3098;3104;7.679
3100;3105;29.477
3104;3106;0.844
3107;3106;10.945
3108;3107;1.691
3104;3109;1.615
3110;3104;15.209
3109;3110;5.943
3107;3111;2.164
3111;3112;1.388
3114;3113;5.728
3110;3113;4.412
3105;3115;6.667
3116;3115;2.026
3106;3117;5.990
3117;3111;10.032
3118;3117;1.980
3101;3119;7.601
3121;3120;10.308
3113;3122;2.080
3123;3121;4.187
3124;3123;4.602
3119;3125;0.177
3122;3126;7.567
3115;3127;2.629
3126;3127;2.901
3129;3128;17.682
3103;3128;6.961
3105;3130;9.269
3127;3130;4.331
3131;3123;9.141
3130;3131;0.792
3132;3122;8.853
3109;3132;2.308
3118;3132;5.110
3131;3133;1.348
3135;3134;2.689
3136;3134;5.377
3126;3137;3.822
3138;3118;6.962
3140;3139;5.393
3133;3140;8.698
3141;3137;2.471
3137;3141;7.012
3140;3142;2.001
3128;3143;2.384
3134;3144;6.409
3145;3143;3.002
3146;3145;6.730
3147;3133;7.141
3141;3147;6.231
3144;3148;10.055
3143;3148;1.240
3147;3149;1.619
3149;3150;14.840
3150;3132;14.512
3151;3144;6.225
3153;3152;14.361
3151;3153;7.129
3155;3154;7.862
3156;3151;3.449
3148;3156;3.382
3154;3157;8.202
3153;3157;2.684
3157;3158;7.159
3156;3158;0.746
3154;3159;4.001
3160;3145;12.540
3161;3160;4.256
3158;3162;1.541
3156;3163;9.254
3163;3164;1.554
3160;3165;5.455
3157;3166;6.854
3162;3166;1.918
3163;3165;13.812
3165;3167;3.283
3168;3167;3.667
3166;3169;3.073
3162;3170;8.338
3170;3164;6.590
3167;3171;5.022
3164;3172;9.192
3125;3173;9.304
3174;3173;0.708
3170;3175;7.337
3169;3174;6.376
3173;3176;25.316
3177;3099;58.727
3176;3178;30.218
3178;2981;6.727
2980;3179;1.661
3180;3177;15.610
3179;2983;17.801
2982;3181;7.477
3181;3182;91.058
3183;3180;45.506
670;3183;1.616
3182;3184;63.911
3184;3185;40.738
3185;3186;3.728
3186;3187;3.090
3189;3188;14.856
3187;3190;4.721
3192;3191;7.370
3193;3191;4.901
3193;3190;2.442
3195;3194;6.120
3195;3193;0.318
3190;3196;32.444
3196;3197;6.244
3188;3197;24.765
3199;3198;4.528
3200;3195;7.548
3201;3196;4.178
3202;3199;10.144
3202;3200;0.381
3197;3203;4.750
3204;3200;14.440
3201;3204;2.383
3203;3201;7.340
3205;3203;4.700
3206;3205;2.366
3207;3206;6.572
3208;3206;3.259
3205;3209;3.846
3210;3209;2.242
3211;3204;9.048
3211;3212;6.180
3209;3213;1.692
3214;3213;4.899
3213;3215;5.171
3215;3211;12.200
3216;3202;3.270
3215;3217;3.693
3218;3217;3.108
3217;3219;6.032
3220;3216;2.267
3221;3219;1.693
3219;3222;9.520
3222;3223;5.210
3224;3220;3.107
3222;3225;11.847
651;3226;5.273
3226;3227;18.385
3227;3228;3.219
3228;3229;48.853
3226;654;4.410
3229;3230;23.649
3231;3224;18.422
3230;3232;26.266
3232;3233;10.628
3234;3231;11.594
3233;3235;18.045
3235;3234;21.342
3237;3236;1.911
3239;3238;1.070
3241;3240;0.688
3243;3242;0.503
3245;3244;1.092
3247;3246;0.613
3249;3248;0.438
3251;3250;0.540
3253;3252;0.576
3255;3254;0.594
3257;3256;3.166
3258;3257;16.218
3260;3259;17.183
3261;3260;8.982
3262;3260;30.667
3265;3241;13.764
3240;3266;1.622
3268;3267;21.824
3269;3268;0.558
3270;3269;6.775
3268;3271;1.507
3272;3270;8.426
3267;3273;16.593
3271;3274;9.528
3270;3274;6.072
3275;3273;4.659
3273;3276;8.689
3276;3277;1.935
3271;3277;10.826
3265;3278;21.967
3274;3279;4.754
3281;3280;43.082
3276;3281;7.238
3282;3279;8.559
3277;3283;5.885
3284;3283;3.340
3279;3284;9.035
3284;3285;1.617
3282;3286;20.731
3285;3287;3.478
3283;3288;4.919
3281;3289;10.582
3288;3289;0.714
3290;3282;7.683
3291;3290;3.588
3288;3292;4.093
3292;3285;5.146
3293;3291;1.721
3290;3293;2.182
3294;3291;0.766
3295;3293;0.928
3296;3295;2.386
3294;3297;2.455
3298;3295;4.351
3299;3292;8.624
3299;3294;2.252
3300;3298;5.533
3296;3300;4.186
3301;3297;6.063
3302;3296;4.186
3303;3300;4.135
3302;3303;4.604
3304;3299;0.580
3278;3249;4.915
3297;3305;5.914
3306;3304;1.107
3263;3307;32.787
3306;3308;1.314
3304;3308;8.051
3307;3309;0.681
3289;3310;15.745
3310;3306;3.771
3311;3310;0.736
3312;3311;21.118
3308;3313;8.553
3298;3313;14.930
3314;3311;2.106
3303;3313;24.059
3248;3315;1.628
3316;3302;12.240
3317;3312;5.320
3314;3318;10.740
3318;3314;9.601
3319;3316;6.531
3317;3243;1.471
3320;3319;10.903
3321;3318;10.397
3244;3264;46.318
3266;3320;80.531
3242;3322;8.663
3322;3247;5.586
3323;3245;10.888
3246;3323;9.539
3309;3324;31.855
3324;3325;22.278
3315;3251;29.591
3325;3258;5.527
3327;3326;7.208
3329;3328;9.778
3328;3326;4.028
3330;3250;5.074
3326;3331;8.827
3333;3332;8.931
3334;3330;22.467
3256;3335;5.591
3335;3336;0.231
3332;3335;11.129
3338;3337;6.178
3336;3338;0.916
3339;3334;5.144
3340;3330;3.345
3342;3341;9.978
3344;3343;8.082
3334;3344;6.709
3345;3328;20.118
3341;3345;2.968
3346;3344;3.911
3339;3346;5.549
3338;3347;4.670
3348;3341;12.023
3347;3348;1.003
3349;3345;2.473
3350;3349;0.588
3341;3350;4.499
3351;3339;10.406
3352;3351;4.150
3336;3353;11.576
3354;3350;2.982
3348;3354;1.467
3349;3355;19.371
3355;3237;0.538
3344;3356;10.177
3357;3351;5.822
3358;3352;12.556
3358;3236;0.357
3359;3358;0.441
3357;3361;4.333
3362;3354;6.556
3360;3362;3.007
3363;3361;1.943
3363;3346;15.244
3364;3323;30.210
3347;3365;10.757
3366;3362;2.592
3363;3367;2.454
3361;3367;4.445
3368;3349;11.270
3366;3368;10.593
3369;3366;1.734
3370;3352;18.186
3370;3359;2.520
3371;3369;5.247
3371;3365;5.158
3372;3357;12.899
3372;3370;0.889
3373;3371;6.681
3374;3373;1.522
3365;3374;8.406
3375;3373;3.659
3367;3376;10.376
3377;3340;7.747
3378;3371;10.505
3378;3375;4.647
3378;3375;3.674
3252;3377;1.070
3262;3359;29.024
3374;3379;12.864
3380;3368;15.395
3380;3369;16.000
3381;3372;15.590
3259;3372;4.936
3382;3253;4.360
3382;3259;2.883
3261;3382;5.784
3383;3364;11.153
3384;3261;15.277
3238;3383;15.317
3385;3384;36.496
3386;3239;25.703
3387;3385;6.879
3388;3387;0.631
3389;3386;6.168
3390;3388;14.854
3391;3390;1.635
3392;3391;29.258
3254;3392;21.266
3393;3255;0.453
3394;3393;21.085
3395;3394;1.014
3396;3389;73.294
3397;3395;12.521
2088;3397;0.141
2091;3397;2.145
3398;3396;14.431
3399;3398;35.436
2090;2093;22.967
3400;3399;29.842
3401;3400;18.039
3402;3401;23.818
3402;3403;11.010
3403;3404;16.126
3404;3405;9.139
3405;3406;9.923
3406;3407;1.226
3408;3406;4.857
3408;3405;6.691
3404;3409;9.291
3410;3409;7.343
3409;3411;9.626
3407;3412;8.869
3413;3402;4.356
3414;3408;8.073
3411;3414;6.526
3409;3415;5.311
3416;3414;0.650
3407;3417;9.135
3415;3418;1.056
3419;3418;3.882
3411;3415;14.123
3416;3420;2.481
3420;3421;5.046
3418;3422;2.912
3421;3423;1.318
3424;3422;8.088
3417;3425;7.027
3423;3425;4.338
3422;3426;2.814
3427;3416;7.680
3425;3428;2.194
3426;3429;3.218
3430;3427;4.997
3430;3429;4.516
3428;3431;3.199
3426;3432;2.383
3433;3432;1.683
3423;3434;5.024
3421;3434;6.227
3435;3433;7.039
3429;3430;6.638
3436;3431;1.353
3432;3437;2.736
3417;3438;11.439
3431;3438;5.018
3434;3439;2.681
3433;3440;3.646
3441;3427;6.249
3437;3440;5.854
3439;3442;3.638
3442;3439;3.394
3441;3443;5.123
3442;3444;0.751
3445;3444;5.530
3445;3420;13.097
3443;3445;3.926
3437;3446;6.685
3428;3447;9.032
3444;3447;2.983
3448;3441;3.127
3446;3448;2.299
3448;3449;0.801
3450;3413;6.543
3438;3450;6.273
3440;3451;4.805
3446;3452;6.326
3443;3453;3.109
3449;3453;4.313
3447;3450;12.519
3454;3445;3.414
3453;3454;3.102
3444;3455;4.635
3455;3456;2.025
3454;3457;2.237
3458;3455;2.801
3458;3457;3.538
3459;3456;2.592
3459;3458;5.177
3450;3460;2.203
3460;3456;14.117
3461;3459;2.503
3457;3462;8.239
3463;3462;13.305
3464;3449;13.457
3462;3465;7.317
3460;3466;6.267
3466;3467;3.093
3467;3468;1.038
2095;2094;41.028
3469;3468;3.868
3470;3469;11.048
3471;3470;10.755
3472;3471;8.741
3473;3472;2.415
3474;3473;52.273
3475;3474;99.406
3475;3476;5.505
3476;3477;8.069
3476;3478;6.308
3478;3479;1.221
3479;3480;1.944
3479;3478;17.403
3480;3481;7.523
3480;3481;1.953
3483;3482;3.978
3483;3484;5.670
3481;3485;1.823
3485;3483;4.862
3486;3484;2.227
3488;3487;2.186
3486;3488;4.048
3485;3489;2.071
3489;3490;0.302
3488;3490;4.307
3491;3486;6.990
3490;3492;2.492
3492;3491;2.386
3492;3493;2.228
3493;3491;8.055
3495;3494;9.842
3496;3495;26.715
3497;3495;1.310
3498;3497;3.176
3493;3499;6.052
3497;3499;3.715
3498;3500;2.337
3499;3501;1.093
3501;3500;0.879
3502;3498;16.131
3502;3503;3.475
3503;3504;5.346
3500;3504;3.523
3504;3505;0.933
3503;3505;0.963
3505;3506;0.692
3506;3507;4.088
3507;3502;11.519
3501;3508;7.255
3507;3509;2.355
3508;3510;15.047
3506;3510;17.808
3510;3511;1.324
3513;3512;3.572
3514;3513;16.031
3516;3515;1.478
3518;3517;0.660
3520;3519;0.528
3522;3521;0.526
3524;3523;0.859
3526;3525;0.989
3528;3527;0.516
3530;3529;0.363
3532;3531;0.444
3534;3533;0.665
3536;3535;0.655
3538;3537;0.555
3540;3539;1.385
3542;3541;0.986
3544;3543;1.285
3546;3545;2.244
3548;3547;0.509
3550;3549;35.611
3552;3550;3.630
3554;3555;1.757
3554;3555;2.196
3557;3554;23.205
3557;3554;29.006
3558;2777;7.496
3559;3558;3.133
1133;3559;8.163
1126;1136;6.409
3561;3560;2.124
3560;3562;32.326
3562;3563;0.777
3563;3564;127.331
3564;3565;8.996
3565;3566;24.504
3566;3567;1.362
3567;3568;2.643
3570;3569;15.421
3571;3570;12.486
3572;3571;4.815
3571;3573;6.553
3573;3574;9.406
3574;3572;6.468
3574;3575;2.074
3576;3573;4.221
3577;3570;18.751
3576;3577;5.157
3578;3576;4.329
3575;3579;8.086
3579;3578;12.217
3577;3580;5.164
3581;3575;12.596
3568;3581;17.888
3583;3582;17.822
3584;3582;4.786
3580;3584;28.990
3580;3585;1.459
3584;3586;2.235
3582;3586;3.857
3585;3587;1.085
3588;3584;3.677
3587;3589;3.425
3579;3590;5.426
3581;3590;3.146
3590;3591;0.389
3589;3588;10.546
3591;3592;0.210
3589;3593;3.202
3594;3591;7.783
3594;3581;7.912
3595;3593;6.838
3587;3595;6.046
3588;3596;6.702
3597;3596;1.568
3593;3597;6.108
3598;3578;14.213
3592;3598;3.538
3598;3599;0.438
3586;3600;10.492
3596;3600;4.788
3595;3601;5.907
3599;3601;0.736
3602;3599;1.560
3601;3603;0.949
3604;3602;7.505
3592;3604;9.231
3605;3600;7.842
3605;3597;5.598
3603;3606;3.093
3607;3605;2.527
3606;3607;0.440
3604;3608;4.926
3608;3609;4.182
3603;3610;3.409
3611;3606;4.984
3610;3611;2.341
3612;3594;12.216
3608;3613;6.100
3613;3612;1.865
3613;3614;4.613
3615;3602;13.461
3614;3615;2.967
3611;3616;6.618
3615;3610;17.267
3617;3612;6.479
3614;3618;3.802
3607;3619;10.967
3619;3620;2.566
3620;3518;16.069
3555;3621;0.945
3517;3520;52.514
3519;3622;95.239
3622;3623;4.203
3624;3557;26.068
3623;3625;5.028
3625;3626;145.833
3628;3627;12.452
3629;3628;8.843
3627;3629;8.360
3626;3630;7.991
3631;3629;4.282
3627;3632;4.048
3632;3633;13.179
3635;3634;20.885
3630;3635;1.357
3633;3636;8.129
3632;3637;4.137
3636;3637;9.401
3636;3638;1.650
3639;3633;14.814
3635;3639;2.118
3640;3630;9.009
3641;3631;7.793
3642;3641;6.165
3637;3642;4.448
3631;3643;11.438
3643;3641;5.442
3644;3641;5.894
3642;3644;6.550
3645;3644;1.021
3646;3645;6.382
3647;3643;12.460
3639;3648;7.450
3645;3649;20.734
3648;3649;0.732
3650;3648;9.342
3649;3651;5.833
3652;3651;8.135
3553;3552;18.997
3549;3653;0.441
3654;3650;9.007
3655;3646;16.689
3651;3656;7.950
3656;3650;18.890
3653;3657;0.774
3658;3655;5.136
3656;3658;4.370
3658;3659;6.903
3660;3659;6.604
3659;3661;8.661
3662;3624;82.946
3657;3663;44.745
3665;3664;18.693
3521;3662;54.370
3663;3666;19.869
3667;3522;2.344
2379;3667;1.976
3664;3668;34.680
3668;3669;0.457
3669;3670;19.205
3666;3671;44.845
3671;3524;0.243
3523;3672;47.779
3670;3673;76.188
3673;3674;2.673
3672;3526;31.251
3525;3528;13.924
3674;3675;26.762
3675;3676;0.927
3676;3677;3.804
3679;3678;4.846
3680;3678;5.803
3678;3681;4.586
3681;3682;9.303
3681;3683;9.164
3683;3684;2.498
3685;3684;14.855
3684;3685;10.846
3685;3686;3.207
3686;3687;3.588
3689;3688;9.394
3687;3689;1.953
3686;3690;7.132
3690;3687;9.814
3684;3691;13.213
3692;3690;4.524
3691;3693;0.990
3694;3692;8.170
3677;3695;14.758
3693;3696;16.510
3527;3697;32.295
3696;3698;62.599
3547;3697;4.707
3698;3548;39.996
3695;3699;54.022
3700;3699;3.565
3701;3702;12.714
3703;3700;4.640
3704;3700;5.787
3705;3703;3.184
3707;3706;5.171
3705;3707;23.034
3708;3707;6.032
3709;3708;6.626
3710;3708;5.088
3710;3705;2.845
3711;3710;0.662
3712;3703;15.102
3712;3704;11.843
3713;3711;2.741
3715;3714;0.905
3716;3713;3.411
3717;3711;2.135
3718;3717;0.244
3719;3716;8.496
3719;3712;4.968
3713;3717;8.973
3718;3715;13.672
3720;3718;0.874
3721;3720;6.649
3721;3722;4.774
3722;3716;7.252
3723;3721;2.305
3724;3720;2.147
3725;3723;1.975
3724;3725;5.219
3722;3726;7.047
3726;3719;10.359
3727;3723;4.773
3728;3725;5.758
3729;3724;3.352
3729;3730;0.193
3731;3728;9.710
3726;3731;8.562
3732;3731;2.061
3733;3728;9.655
3732;3733;3.053
3734;3733;2.137
3734;3732;1.745
3735;3734;15.508
3736;3734;24.402
3697;3737;63.115
3730;3738;156.578
3738;3739;0.552
3739;3740;3.224
3740;3741;5.231
3742;3741;2.007
3743;3742;3.494
3744;3742;5.273
3745;3743;44.857
3746;3743;8.724
3748;3747;0.192
3749;3748;7.221
3749;3750;6.383
3751;3749;9.802
3752;3751;1.019
3741;3752;22.752
3752;3753;3.337
3751;3754;10.465
3753;3754;9.317
3756;3755;13.744
3754;3756;32.829
3756;3757;4.295
3758;3753;103.022
3760;3759;20.083
3759;3758;15.448
3761;3759;11.260
3747;3536;111.737
3737;3762;37.229
3535;3762;6.342
230;228;28.033
3762;3763;47.996
3764;3763;0.882
3765;3764;0.507
3766;3765;2.671
3768;3767;3.496
3764;3768;12.931
3769;3766;5.937
3768;3769;7.800
3770;3766;5.325
3769;3770;3.425
3771;3765;6.868
3772;3770;2.492
3772;3773;7.750
3774;3771;4.951
3774;3773;8.346
3775;3772;5.607
3776;3774;14.379
3777;3775;3.107
3777;3769;9.817
3778;3776;11.889
3773;3779;7.380
3779;3775;7.586
3780;3774;5.850
3781;3776;6.032
3782;3777;4.358
3782;3783;3.096
3784;3783;4.853
3779;3785;4.545
3777;3785;8.311
3786;3783;14.497
3785;3782;23.131
3787;3771;31.956
3788;3787;5.169
3790;3789;3.056
3791;3788;10.546
3793;3792;7.404
3789;3792;12.777
3789;3794;9.036
3794;3791;17.928
3792;3795;11.317
3795;3794;1.380
3796;3795;2.075
3516;3796;0.573
3515;3797;0.839
3798;3797;3.620
3800;3799;12.452
3797;3800;3.061
3800;3801;6.506
3802;3801;9.337
3804;3803;3.585
3801;3803;1.483
3804;3805;13.516
3803;3805;4.362
3806;3804;20.848
3806;3807;1.984
3805;3807;0.478
3537;3808;46.057
3809;3806;9.465
3808;3810;12.117
3807;3811;11.987
3813;3812;13.457
3812;3814;4.555
3814;3815;8.829
3816;3811;1.094
3814;3514;10.277
3817;3816;16.203
3818;3811;17.971
3816;3818;4.274
3819;3514;3.661
3512;3820;3.364
3820;3818;11.890
3810;3821;20.764
3822;3812;41.968
3823;3822;3.871
3824;3816;9.872
3821;3824;10.471
3825;3823;6.929
3826;3820;37.716
3826;3825;9.589
3827;3826;12.588
3828;3538;55.398
3830;3829;10.668
3830;3831;6.567
3831;3832;1.306
3833;3828;19.118
3834;3833;1.956
3832;3834;6.596
3835;3834;2.357
3836;3835;0.354
3838;3837;9.043
3838;3833;7.372
3839;3836;2.771
3839;3830;14.433
3835;3840;8.499
3841;3838;5.339
3840;3842;3.260
3843;3841;3.010
3842;3843;2.802
3844;3839;6.596
3846;3845;9.668
3841;3846;5.110
3846;3843;4.102
3847;3842;6.182
3848;3846;4.855
3848;3849;2.272
3850;3840;16.381
3851;3850;1.393
3851;3844;17.975
3847;3852;7.323
3853;3848;8.647
3853;3852;0.998
3854;3852;6.275
3854;3847;9.175
3855;3854;1.948
3855;3850;7.604
3856;3844;6.952
3857;3855;20.116
3857;3851;15.378
3858;3824;35.991
3859;3857;12.117
3856;3859;15.252
3860;3856;9.336
3861;3853;25.197
3862;3859;12.425
3858;3863;22.958
3865;3864;3.631
3863;3866;16.124
3864;3867;13.310
3867;3858;15.375
3868;3864;21.104
3869;3868;6.193
3870;3868;7.291
3870;3867;4.142
3871;3870;1.200
3872;3871;7.777
3873;3871;1.650
3874;3872;6.582
3875;3874;6.794
3876;3875;1.012
3877;3872;4.623
3878;3874;4.224
3873;3879;15.623
3880;3860;71.794
3539;3880;2.147
3879;3530;2.414
3541;3540;7.653
3529;3881;2.876
3882;3542;1.351
3881;3883;1.018
3883;3884;13.777
3531;2563;27.787
3884;3532;47.934
3885;3882;19.459
3543;3885;10.464
3884;3886;22.748
3887;3544;2.555
3889;3888;2.671
3888;3887;44.814
3545;3889;65.800
3890;3546;10.989
3891;3890;5.062
296;3891;12.218
3886;3892;99.067
3892;3534;2.870
3533;3893;179.969
3893;3894;2.703
3894;3895;2.841
3897;3896;24.422
3897;3895;9.705
3898;3897;2.295
3899;3898;6.919
3899;3898;19.016
3900;3899;24.296
3906;3905;2.578
3908;3907;2.488
3910;3909;1.113
3912;3911;2.599
3914;3913;4.117
3916;3915;3.080
3918;3917;1.592
3920;3919;5.735
3922;3921;1.459
3924;3923;0.841
3926;3925;3.413
3928;3927;1.451
3930;3929;0.715
3932;3931;0.375
3934;3933;0.497
3936;3935;0.727
3938;3937;1.927
3940;3939;0.576
3942;3941;0.371
3944;3943;0.476
3946;3945;0.455
3948;3947;3.399
3950;3949;1.038
3952;3951;1.105
3954;3953;0.822
3956;3955;0.384
3621;3957;1.398
3965;3966;1.691
3966;3963;0.500
3968;3967;1.250
3970;3969;15.972
3971;3976;32.544
3977;3971;1.471
3972;3977;1.373
3975;3972;1.829
3933;3975;18.893
3982;3984;13.674
3983;3984;11.737
3985;3980;61.840
3985;3981;35.887
3986;3984;13.221
3984;3987;4.655
3988;3985;26.258
3988;3986;17.567
3989;3987;9.118
3990;3988;8.219
3991;3986;25.803
3987;3992;11.270
1977;3993;1.581
3992;3994;2.289
3995;3988;29.168
3996;3989;7.967
3997;3996;4.249
3994;3998;13.466
3996;3998;34.421
3993;3922;18.804
3921;3999;6.221
3998;4000;53.331
4000;4001;3.127
4001;4002;13.895
4003;4001;5.673
4004;4003;0.680
4005;3924;26.777
4006;4004;27.494
3923;4007;19.317
4007;4008;24.706
4008;4009;0.417
4009;4010;15.934
4010;4011;1.542
4011;4012;3.634
4015;4014;28.291
4013;4014;4.193
4012;4016;1.573
4018;4017;16.166
4019;4006;79.655
4021;4020;29.866
4022;4018;21.087
4024;4023;11.992
4018;4024;24.138
4026;4025;5.943
4028;4027;57.375
4020;4028;15.019
4029;4024;20.914
4029;4022;23.112
4025;4030;16.631
4031;4022;31.670
4028;4031;14.104
4032;4029;6.421
4030;4033;9.496
4016;3926;10.683
4020;4034;42.250
4035;4031;15.479
4034;4036;3.758
4034;4037;4.865
4038;4035;11.326
4037;4039;5.617
4039;4036;4.341
4035;4040;12.239
4037;4040;5.987
4042;4041;120.339
4014;4042;25.406
4043;4019;12.379
4044;4043;0.214
3939;4044;0.136
4042;4045;0.919
4046;3925;0.330
4040;4047;6.541
4039;4047;7.056
4048;4046;0.797
4047;4049;3.158
4036;4050;19.112
4045;4050;3.119
4051;4050;4.324
4049;4052;7.182
4052;4051;4.614
4033;4053;71.506
4053;4054;2.877
4054;4035;22.806
4054;4049;9.150
4055;4048;1.735
4056;4051;5.523
4050;4057;9.546
4058;4054;8.008
4058;4052;13.559
4059;4058;5.248
4060;4057;33.130
4061;4059;9.873
4057;4061;15.923
4061;4062;6.646
4063;4059;15.071
4064;4063;7.326
4066;4065;37.129
4067;4061;5.527
4065;4064;32.418
4068;4064;2.380
4069;4063;3.643
4070;3940;16.667
4071;4069;14.526
4067;4071;5.596
4072;4061;12.995
4073;4072;2.975
4074;4073;4.130
4075;4068;10.284
4076;4067;6.456
4076;4072;5.571
4077;4069;5.961
4078;4075;2.961
4079;4077;10.058
4079;4071;6.995
4080;4078;11.885
4080;4068;8.989
4081;4080;9.612
4081;4077;2.779
4082;4075;17.203
4083;4079;9.240
4083;4076;7.260
4084;4081;20.053
4084;4083;5.549
4073;4085;16.504
4085;4055;54.274
4085;4086;3.520
3941;4070;4.452
4086;4084;11.490
4087;4081;14.327
4088;4087;5.400
4089;4084;8.363
4086;4089;15.993
4090;4087;4.163
4090;4089;15.812
4091;4090;5.021
4092;4089;7.255
4091;4093;4.567
4094;4078;28.150
4094;4091;15.806
4092;4095;5.360
4096;4092;13.189
4097;4089;21.139
4097;4098;4.257
4099;4055;15.464
4094;4100;16.973
4101;4096;9.035
4101;4097;9.767
4102;4101;5.989
4103;4096;23.032
4104;3942;9.971
4100;4105;37.144
4105;4103;38.813
4106;4104;6.435
4108;4107;3.840
4109;4107;7.841
4109;4106;12.215
4110;4109;1.026
4111;4107;10.498
4112;4110;2.191
4112;4113;8.243
4114;4112;4.107
4115;4114;2.948
4117;4116;2.631
4118;4114;1.011
4116;4118;4.906
4119;4118;1.600
4120;4119;5.543
4116;4120;5.673
4122;4121;1.898
4123;4122;2.997
4124;4120;6.749
4124;4110;30.327
4125;4123;1.748
4127;4126;32.407
4119;4127;10.999
4128;4124;3.334
4121;4128;9.371
4128;4129;9.145
4130;4119;3.551
4129;4130;2.828
4131;4129;4.571
4132;4128;9.349
4132;4133;7.806
4134;4130;2.914
4133;4134;4.428
4136;4135;1.099
4135;4137;2.480
3905;4136;3.114
4134;3906;6.216
4133;4138;5.036
4139;4138;4.188
4140;4132;8.399
4141;4134;2.942
4138;4141;4.928
4138;4142;4.428
4143;4141;5.690
4144;4143;9.319
4145;4099;45.939
4146;4145;12.275
4147;4144;13.999
4151;4150;47.929
4151;4152;58.178
4150;4153;12.897
4154;4153;28.314
4150;4156;13.742
4152;4158;9.099
4161;4158;10.838
4161;4162;12.802
4163;3908;13.234
4153;4165;18.627
3907;4165;3.682
4161;4167;21.771
4153;4167;37.565
4168;4167;12.197
4165;4168;28.368
4170;4168;8.614
4170;4171;12.367
4158;4172;34.842
4173;4167;22.708
4174;4147;16.146
4175;4170;7.963
4176;4174;0.294
4173;4177;4.429
4172;4178;6.519
4178;4173;13.829
4179;4178;14.736
4169;4180;8.268
4181;4176;36.848
4182;4181;11.866
4180;3920;31.622
4183;4182;33.209
4184;4183;70.875
4183;4185;4.158
4185;4186;0.837
4187;4185;10.729
4186;4188;3.381
4188;4189;2.878
4191;4190;10.862
4193;4192;12.235
4193;4194;3.722
4194;4192;7.600
4189;4195;3.331
4192;4195;6.878
4196;4176;29.215
4197;4186;18.308
4198;4193;5.644
4190;4198;17.665
4199;4198;10.098
4195;4200;2.527
4201;4189;8.811
4195;4201;9.085
4187;4202;17.270
4197;4202;6.849
4200;4203;2.349
4194;4203;7.103
4204;4199;8.118
4190;4204;12.091
4205;4200;4.786
4203;4206;0.994
4204;4199;12.473
4207;4188;21.127
4207;4201;5.848
4206;4208;1.935
4198;4208;9.334
4209;4187;30.738
4202;4209;14.267
4208;4210;1.544
4209;4211;5.560
4212;4190;21.028
4213;4207;4.511
4210;4214;5.461
4206;4215;8.550
4210;4216;6.326
4216;4204;10.012
4217;4197;21.409
4217;4213;5.949
4218;3919;5.562
4202;4209;37.161
4220;4216;4.095
4221;4218;1.508
4222;4213;13.602
4224;4221;2.329
4225;4224;0.966
3911;4217;36.794
4227;4226;2.322
4228;4225;6.436
4230;4229;14.505
4226;4229;18.879
4229;4231;1.878
3945;4232;0.324
4233;4228;4.597
4234;4233;1.545
4231;4235;26.689
4236;4234;3.915
4235;4237;30.414
4235;4237;13.510
4238;3946;41.703
4239;4238;37.836
4241;4240;9.378
4237;4242;49.931
4240;4242;13.074
4244;4243;4.740
4242;4243;15.339
4245;4239;19.427
4243;4245;17.024
4246;4242;5.555
4247;4246;2.802
4247;4240;10.124
4248;4241;10.858
4249;4247;9.206
4250;4249;2.431
4250;4241;12.555
4251;4246;7.092
4252;4250;5.820
4252;4248;6.208
4253;4251;6.898
4254;4249;6.066
4255;4253;1.985
4254;4255;2.876
4223;4256;84.973
4257;4251;18.836
4258;4251;8.593
4253;4258;4.212
4259;4252;14.767
4260;4259;0.525
4261;4254;4.276
4255;4258;12.107
4262;3904;113.488
4263;4236;28.129
4264;4263;1.036
4265;4260;59.750
4256;4266;50.673
4267;4196;85.471
4266;4268;12.255
4269;4264;37.053
4270;4265;29.297
4271;4270;3.687
4273;4272;10.828
4274;4271;9.030
4273;4274;4.412
4275;4273;2.862
4274;4276;3.305
4276;4277;3.308
4278;4271;16.597
4267;4279;47.860
4280;4275;7.235
4279;4281;3.207
4282;4276;10.045
4280;4282;5.851
4283;4280;3.700
4285;4284;15.786
4282;4285;3.214
4281;4283;22.891
4285;4286;3.171
4286;4285;10.897
4283;4286;17.341
4287;4267;17.958
4288;4286;14.471
3935;4262;55.219
4289;3936;1.376
4290;4289;1.439
4292;4291;5.599
4293;4287;14.437
4294;4292;14.126
4291;4294;7.146
4294;4295;2.409
4295;4296;15.939
4298;4297;5.076
4300;4299;4.240
4296;4299;1.383
3913;4301;17.584
4299;4301;3.557
4298;3914;8.425
4295;4302;33.021
4296;4303;22.827
4303;4302;9.063
4302;4304;6.484
4301;4305;16.688
4305;4303;5.407
4305;4306;1.826
4307;4306;6.287
4306;4308;3.073
4308;4309;10.259
4297;4310;24.783
4311;4269;40.975
4310;4312;48.253
4313;4311;1.173
4314;4313;0.855
4316;4315;0.358
4318;4317;12.818
4317;4319;1.848
4315;4317;29.859
4321;4320;6.451
4319;4320;5.717
4320;4322;3.357
4323;4313;21.725
4322;4323;3.203
4323;4324;10.860
4325;4314;6.477
4324;4325;9.764
4326;4322;8.788
4268;4327;72.064
4328;4324;10.886
4326;4328;4.709
4329;4326;3.596
4329;4320;10.715
4329;4319;14.096
4330;4329;3.691
4331;4316;16.364
4332;4330;5.806
4333;4332;10.903
4334;4325;3.494
4335;4332;7.502
4336;4329;7.688
4337;4328;8.884
4336;4337;3.101
4338;4334;16.212
4337;4338;9.449
4339;4330;6.053
4312;4340;81.582
4342;4341;9.467
4341;4343;11.264
4343;4344;2.618
4345;4334;9.614
4345;4338;39.252
4343;4346;9.565
4341;4346;11.351
4327;4347;17.593
4346;4348;7.885
4348;4347;1.322
4349;4347;11.860
4350;4349;4.957
4351;4348;8.867
4349;4351;9.657
4352;4350;6.521
4353;4352;24.832
4348;4354;4.378
4355;4350;6.494
4354;4356;5.939
4356;4351;6.965
4357;4354;2.305
4358;4352;9.330
4359;4357;2.208
4360;4357;5.158
4361;4356;5.611
4362;4359;7.997
4363;4361;9.582
4364;4293;40.106
4365;4359;28.698
4365;4356;36.069
4340;4364;56.643
4366;4345;15.000
4367;4331;34.718
4368;4290;64.500
4369;4367;22.348
4370;4369;1.314
4371;4364;17.645
4373;4372;7.701
4374;4373;5.112
4374;4373;17.135
4375;4374;3.891
3947;4370;9.521
4375;4376;16.370
4376;4377;28.256
4378;4376;3.328
4379;3948;3.393
4381;4380;3.993
4380;4375;18.821
4376;4380;11.301
4382;4380;5.306
4383;4378;6.644
4384;4383;3.126
4380;4385;10.722
4385;4378;8.966
4386;4385;5.254
4383;4386;6.071
4387;4383;6.964
3937;4368;18.334
4388;4382;26.340
4389;4379;5.765
4390;4382;11.410
4390;4385;7.420
4388;4389;9.384
4391;4386;5.184
4392;4390;11.428
4392;4391;3.741
4393;4392;4.628
4394;4366;25.623
4395;4394;5.125
4397;4396;23.628
4398;4397;9.751
4399;4395;0.295
4400;4397;16.925
4397;4401;9.243
4402;4371;20.886
4401;4403;4.116
4404;4399;1.678
4406;4405;2.829
4403;4407;4.702
4408;4404;1.224
4409;4401;11.654
4410;4406;31.726
4403;4410;23.545
4411;4408;2.752
4410;4412;6.227
3915;4410;17.169
4412;4413;10.009
3927;4411;8.364
4414;4402;21.415
952;3938;72.120
4415;4414;45.368
4416;4415;1.114
4419;4416;1.148
4420;4418;4.212
4421;3928;64.666
4422;4421;0.991
4423;4420;49.770
4425;4424;13.612
4424;4426;8.291
4426;4423;107.143
4427;4425;27.942
4428;4422;27.536
4430;4429;9.966
4432;4431;9.514
4433;4432;10.340
4429;4434;17.064
4435;4433;4.288
4434;4436;4.276
4436;4437;3.977
4437;4438;2.072
4439;4432;24.353
4438;4439;1.493
4440;4434;7.118
4441;4435;8.705
4442;4435;8.901
4441;4442;3.862
4433;4443;13.510
4444;4442;1.098
4445;4440;14.779
4429;4445;28.636
4444;4443;6.758
4446;4439;11.355
4436;4447;13.445
4447;4440;8.360
4448;4444;5.309
4448;4441;6.898
4443;4449;4.769
4449;4448;9.060
4450;4448;4.760
4450;4441;8.147
4445;4451;8.929
4447;3918;5.251
4452;4446;8.011
4453;4450;4.367
4454;4439;19.923
4454;4446;7.573
4449;4455;6.770
4456;4453;3.422
4457;4453;2.106
4457;4454;7.236
4458;4452;4.498
4459;4452;8.264
4460;4459;3.049
3917;4461;13.813
4451;3917;6.612
4461;4451;12.200
4462;4457;7.559
4462;4463;4.047
4463;4454;10.117
4464;4448;16.237
4464;4462;7.818
4463;4459;17.350
4465;4461;7.829
4466;4460;10.485
4467;4419;45.568
4468;4427;29.845
4464;3950;18.802
3949;4468;5.955
4469;4467;1.933
3951;4465;2.918
4472;4469;1.481
4473;4472;1.742
4474;4473;1.967
3929;4428;26.212
4475;4471;9.959
4476;3930;2.276
4477;4476;4.256
4478;4474;9.661
4479;4478;1.007
4481;4477;3.719
4483;4482;1.090
4484;4481;0.556
4486;4485;24.480
4475;4485;11.820
4485;4487;1.745
4489;4484;4.298
4482;4490;19.372
4493;4492;7.658
4493;4487;29.982
4490;4494;2.714
4487;4495;2.045
4490;4495;9.534
4495;4496;1.442
4496;4494;9.620
4498;4489;4.199
4499;4483;16.548
4494;4500;6.046
4499;4500;13.819
4489;4501;10.550
4496;4502;2.338
4500;4503;6.619
4504;3910;38.364
4504;4498;4.935
4505;4497;17.745
4506;4505;16.006
4507;4506;3.600
4504;4508;5.554
4501;4508;13.563
4509;4504;1.804
4510;4493;30.946
4510;4496;21.025
4511;4503;17.252
4511;4499;16.546
4502;4512;5.102
3909;4513;20.608
4513;4509;3.061
4514;4502;15.594
4508;4515;17.019
4501;4515;15.417
4503;4516;12.032
4516;4511;3.519
4514;4517;2.997
4518;4509;6.434
4518;4519;7.010
4519;4520;4.913
4520;4521;3.884
4522;4510;6.591
4517;4522;4.149
4505;4523;21.705
4524;4514;3.546
4512;4524;5.381
4519;4520;6.812
4521;4525;9.839
4515;4525;4.038
4526;4518;4.498
4512;4527;2.747
4527;4516;7.152
4517;4524;10.211
4528;4527;1.527
4529;4511;10.687
4529;4528;10.185
4530;4528;0.694
4524;4531;10.047
4531;4530;1.803
4513;4532;12.009
4532;4518;10.917
4525;4533;8.630
4533;4534;7.673
4533;4535;4.830
4536;4507;38.458
4537;4522;15.915
4537;4531;11.824
4538;4530;2.909
4539;4538;3.199
4506;4540;40.367
4541;4532;6.802
4521;4542;17.736
4543;4541;3.257
4536;4540;51.070
4542;4544;12.107
4544;4533;6.352
4545;4533;10.769
4540;4545;8.030
4544;4545;10.746
4546;4542;5.614
4547;4538;1.416
4547;4548;3.514
4547;4549;0.762
4550;4537;14.486
4551;4546;6.196
4552;4479;12.171
4549;4553;4.499
4554;4541;6.708
4554;4551;7.111
4555;4544;6.816
4556;4513;14.718
4557;4546;8.405
4557;4555;10.307
4558;4537;11.166
4559;4554;3.794
4560;4529;18.098
4561;4552;0.876
4562;4558;13.310
4562;4549;2.152
4556;4554;34.827
4563;4557;4.991
4564;4555;5.243
4565;4562;1.659
4565;4560;5.287
4566;4562;4.477
4567;4559;5.066
4568;4551;9.374
4568;4563;6.075
4567;4569;7.313
4569;4559;7.541
4570;4556;2.232
4571;4567;15.271
4569;4568;7.359
4572;4571;13.685
4570;4572;7.122
4573;4560;9.899
4573;4574;10.207
4575;4565;2.432
4576;4563;20.835
4575;4558;23.940
3931;4570;3.798
4577;4575;12.292
4577;4573;11.471
4578;4575;4.644
4578;4577;4.514
4579;3932;5.894
4580;4561;11.280
4581;4578;10.727
4582;4580;0.919
4583;4581;5.676
4584;4582;4.830
4585;4583;1.624
4586;4584;2.052
4587;4586;1.036
4588;4579;10.635
3953;3952;66.159
4589;4587;3.163
3955;3954;0.781
4590;3956;3.861
4590;4591;3.407
4593;4592;1.101
4594;4589;4.057
4594;4583;12.157
4591;4595;8.112
4595;4593;6.646
4595;4596;2.859
4596;4597;4.393
4598;4595;27.928
4597;4598;10.496
4598;4599;20.626
4596;4600;5.234
4597;4601;10.700
4600;4602;5.325
4603;4600;10.062
4604;4598;11.719
4605;4604;4.868
4606;4603;14.124
4608;4607;16.503
4608;4604;7.322
4609;4608;6.922
4610;4608;8.091
4611;4594;37.425
4612;4588;79.578
4613;4611;31.205
4614;4613;0.355
4615;4614;5.874
4616;4615;18.835
4617;4616;0.685
4618;4617;33.242
4619;4612;68.463
4620;4619;5.890
4621;4618;12.280
4622;4620;4.646
3943;4621;3.009
4623;3944;8.513
4624;4623;17.430
35;4624;4.284
37;4625;21.878
4627;4626;5.683
4628;4627;1.704
4625;4628;6.877
41;40;5.210
4629;4622;77.193
3976;4629;0.528
3963;1139;57.039
3961;3965;0.602
4630;42;45.019
4631;4630;9.160
72;4631;6.372
3958;3561;22.976
3967;3961;26.308
4632;4630;13.642
4634;4633;11.689
4633;4635;3.751
4635;4636;8.482
4636;4637;10.476
4635;4638;3.052
4639;4635;7.888
4638;4640;4.738
4641;4639;10.080
4642;3970;10.886
4638;4643;11.305
4637;4643;15.054
4643;4644;2.872
4644;4645;2.517
4647;4646;5.518
4646;4639;11.770
4648;4646;4.260
4648;4643;7.113
4645;4649;7.024
4637;4649;16.224
4650;4649;15.590
4651;4650;32.282
4653;4652;8.394
4650;4654;3.314
4652;4654;3.281
4655;4645;5.790
4649;4656;5.459
4656;4657;2.804
4658;4642;11.037
4659;4648;8.062
4659;4644;13.933
4657;4660;7.296
4654;4660;6.912
4661;4658;3.129
4658;4662;5.841
4663;4661;1.226
4664;4662;6.249
4665;4664;4.326
4662;4665;3.145
4664;4666;11.427
4667;4661;35.324
4648;4667;16.317
4668;4659;14.935
4656;4668;14.079
4669;4668;4.217
4657;4669;13.273
4670;4663;7.080
4665;4671;5.011
4672;4670;2.885
4672;4667;4.367
4673;4671;6.224
4673;4661;11.710
4674;4669;15.250
4660;4674;14.074
4675;4672;1.969
4675;4668;10.123
4676;4673;6.231
4676;4663;13.026
4677;4675;2.022
4668;4677;9.678
4672;4678;5.460
4679;4674;4.660
4671;4680;8.451
4681;4676;18.847
4681;4670;9.793
4678;4681;12.455
4682;4677;7.330
4682;4679;4.354
4678;4683;8.689
4677;4683;7.605
4684;4682;1.476
4684;4679;5.403
4685;4683;6.937
4686;4684;2.714
4687;4681;27.577
4683;4687;12.347
4682;4687;28.017
4687;4688;6.868
4689;4686;19.947
4690;3934;8.972
4691;4632;30.812
4692;4689;10.005
4693;4691;12.098
4694;4690;19.154
4695;4692;23.921
4696;4695;0.314
4697;4696;15.490
4698;4693;19.212
4699;4698;3.931
4701;4700;8.992
4702;4697;9.640
4703;4702;17.251
4701;4704;21.570
4706;4705;5.400
4704;4706;7.933
4704;4707;8.111
4708;4706;9.258
4709;4706;4.820
4707;4709;9.919
4710;4709;2.127
4711;4694;36.836
4712;4710;5.364
4713;4710;2.725
4714;4713;5.866
4715;4711;0.984
4716;4713;3.253
4717;4716;7.973
4707;4718;16.531
4719;4716;5.086
4720;4719;2.590
4720;4721;6.102
4722;4719;10.462
4718;4723;7.708
4723;4724;6.990
4718;4724;8.650
4725;4720;5.795
4723;4725;8.019
4726;4701;44.491
4726;4722;7.951
4722;4725;13.400
4724;4727;2.193
4728;4727;9.291
4729;4699;4.548
4728;4729;17.087
4730;4725;1.943
4731;4730;13.460
4727;4731;3.144
4732;4731;4.414
4732;4728;6.092
4733;4726;6.945
4733;4734;10.117
4734;4735;4.760
4736;4731;3.556
4736;4732;4.789
4737;4736;6.231
4734;4738;9.507
4738;4730;7.538
4738;4737;6.285
4739;4736;3.374
4737;4740;4.242
4739;4740;6.489
4741;4738;5.100
4740;4741;4.886
4742;4739;4.620
4743;4733;11.667
4743;4744;16.452
4745;4741;6.049
4745;4742;11.086
4746;4745;1.851
4747;4746;2.359
4748;4747;1.882
4749;4728;8.755
4750;4747;5.401
4751;4746;4.724
4752;4748;13.724
4752;4748;9.960
4753;4751;13.516
4753;4742;12.454
4753;4749;7.208
4754;4752;2.157
4755;4751;2.790
4756;4733;36.155
4757;4743;12.536
4757;4754;2.682
4753;4758;4.373
4759;4755;4.884
4759;4753;11.614
4760;4757;23.230
4761;4759;2.267
4762;4760;5.922
4763;4761;2.606
4764;4755;12.355
4764;4763;4.966
4754;4764;12.229
4765;4756;9.269
4765;4762;9.117
4766;4759;4.246
4763;4767;8.273
4767;4761;5.176
3957;4715;23.877
4767;4768;14.530
4768;4749;13.255
4769;4768;5.789
4770;4703;106.897
4771;4770;3.982
4772;4771;19.183
4773;4772;5.046
4774;4773;14.075
4775;4769;58.096
4777;4776;0.293
4779;4777;29.271
4787;4786;11.206
4786;4791;2.037
4793;4779;9.160
4796;4774;17.556
4797;4787;10.187
4798;4797;10.034
4791;4799;19.030
4776;4798;57.303
4801;4796;13.028
4799;4801;22.035
4802;4782;57.564
112;4802;27.184
4803;4800;18.235
1814;4803;5.246
4799;3665;32.972
1717;1724;9.912
1764;1760;23.520
2102;2104;44.592
2117;2113;15.662
2119;2117;23.352
214;2223;140.413
2336;2334;7.019
2413;2403;24.511
63;55;37.416
618;640;333.372
4804;3900;733.968
4169;4163;50.064
4588;1050;370.336
2486;2482;22.608
