-3.5733738;42.3874969
-3.5732679;42.3875656
-4.0280323;42.5860710
-4.0279036;42.5860901
-4.0267215;42.5860710
-4.0265303;42.5861130
-4.0269623;42.5860481
-4.0270534;42.5861893
-3.7270885;42.4346504
-3.7274511;42.4347687
-3.5469463;42.6406097
-3.5466812;42.6407471
-3.5525486;42.6218796
-3.5525260;42.6219406
-3.5526166;42.6217003
-3.6200354;42.6238480
-3.6199336;42.6238708
-3.5525270;42.6251335
-3.5525072;42.6252251
-3.6126757;42.6254539
-3.6124516;42.6254921
-3.5818093;42.6237259
-3.5814166;42.6237526
-3.5817864;42.6230469
-3.5810659;42.6228027
-3.5815015;42.6231499
-3.5809233;42.6226349
-3.5802009;42.6224976
-3.5799005;42.6223373
-3.5777950;42.6242943
-3.5779161;42.6236420
-3.5520034;42.6179581
-3.5519233;42.6180725
-3.6069019;42.5992393
-3.6059470;42.5984764
-3.6066790;42.5999069
-3.6066151;42.5999985
-3.6063702;42.6024628
-3.6081090;42.6040993
-3.6189950;42.6060219
-3.6252959;42.6078224
-3.6318111;42.6090279
-3.6334033;42.6091957
-3.6331599;42.6092949
-3.6334524;42.6095390
-3.6334651;42.6093636
-3.6334262;42.6099014
-3.6338475;42.6098518
-3.6335409;42.6099434
-3.6334217;42.6099625
-3.6332562;42.6125450
-3.6331747;42.6135178
-3.6328201;42.6149864
-3.5523243;42.6158409
-3.5523453;42.6153641
-3.5527575;42.6162415
-3.5529993;42.6161308
-3.5528004;42.6163445
-3.5532303;42.6164398
-3.5525420;42.6167259
-3.5509369;42.6171036
-3.5517499;42.6171188
-3.5521660;42.6172028
-3.5520902;42.6172523
-3.5519793;42.6172562
-3.5524337;42.6174088
-3.5522270;42.6175003
-3.5520067;42.6175461
-3.5518739;42.6175842
-3.5517395;42.6178627
-3.5513959;42.6178131
-3.5669017;42.6182823
-3.5538359;42.6183472
-3.5530248;42.6185493
-3.5708284;42.6210213
-3.5842192;42.6224899
-3.5837927;42.6225624
-3.5813227;42.6224594
-3.5826187;42.6228752
-3.5805531;42.6228981
-3.5818870;42.6231003
-3.5817549;42.6231575
-3.6258326;42.6229019
-3.6222370;42.6233063
-3.6222010;42.6233177
-3.5813069;42.6233330
-3.5811949;42.6233368
-3.5809834;42.6233406
-3.5797272;42.6233673
-3.5796335;42.6233711
-3.5818007;42.6233711
-3.5823512;42.6233864
-3.5789614;42.6233978
-3.5811903;42.6234398
-3.5818169;42.6234627
-3.5782065;42.6234970
-3.5825253;42.6235008
-3.5796902;42.6236076
-3.5802860;42.6236496
-3.5820942;42.6236572
-3.5812259;42.6236877
-3.5793319;42.6236954
-3.5823617;42.6236992
-3.5797150;42.6237144
-3.5741010;42.6237259
-3.5785220;42.6237030
-3.5799589;42.6237640
-3.5817513;42.6238518
-3.5816395;42.6238632
-3.5821695;42.6239052
-3.5815096;42.6239548
-3.5746117;42.6240044
-3.5808966;42.6240387
-3.5751505;42.6242371
-3.6024499;42.6250610
-3.6022151;42.6250038
-3.5939386;42.6251068
-3.6027930;42.6251755
-3.6042109;42.6259842
-3.6100492;42.6260262
-3.6098106;42.6260681
-3.5481005;42.6261787
-3.6026669;42.6566696
-3.6000295;42.6573143
-3.5946937;42.6586227
-3.5935669;42.6588936
-3.4920161;42.7423859
-3.4919147;42.7423973
-3.5122926;42.7093010
-3.5065222;42.7106972
-3.4933162;42.7123222
-3.4886553;42.7093811
-3.5047610;42.7127113
-3.4956167;42.7138519
-3.5040498;42.7144623
-3.4965038;42.7147789
-3.5038645;42.7150574
-3.5042830;42.7145691
-3.5005906;42.7156677
-3.5038052;42.7156830
-3.5042939;42.7156792
-3.5008895;42.7157745
-3.5021372;42.7159119
-3.5015936;42.7160110
-3.5018668;42.7160721
-3.5029202;42.7160912
-3.5033550;42.7156219
-3.5027649;42.7160721
-3.5031192;42.7161636
-3.5034306;42.7157059
-3.5028954;42.7162476
-3.5025375;42.7162933
-3.5035357;42.7163124
-3.5039513;42.7162781
-3.5034444;42.7163277
-3.5031042;42.7163391
-3.5033059;42.7163696
-3.5028722;42.7164001
-3.5020056;42.7164116
-3.5020621;42.7165108
-3.5025439;42.7165298
-3.5023813;42.7165794
-3.5027814;42.7166862
-3.5032303;42.7167435
-3.5027189;42.7168694
-3.5022299;42.7169380
-3.5038972;42.7170563
-3.5021744;42.7172737
-3.5023980;42.7173424
-3.5027225;42.7185745
-3.5037997;42.7201576
-3.5041268;42.7209587
-3.5051219;42.7229004
-3.5055485;42.7230682
-3.5061066;42.7228851
-3.5058548;42.7231636
-3.5055847;42.7232742
-3.5057502;42.7233429
-3.5058668;42.7233925
-3.5063913;42.7233925
-3.5079300;42.7236938
-3.5105934;42.7235832
-3.5058222;42.7242126
-3.5163789;42.7249641
-3.5059140;42.7253342
-3.5086937;42.7283058
-3.5083992;42.7300644
-3.5083759;42.7305565
-3.5083575;42.7310257
-3.5079777;42.7306900
-3.5083408;42.7312088
-3.5092230;42.7312431
-3.5103762;42.7312050
-3.5083051;42.7312813
-3.5073743;42.7312851
-3.5080767;42.7315369
-3.5071914;42.7318954
-3.4824810;42.7358742
-3.4793077;42.7374725
-3.4775507;42.7378120
-3.4948885;42.7397041
-3.4933000;42.7401657
-3.4938662;42.7402153
-3.4938130;42.7400856
-3.4931433;42.7403069
-3.4936142;42.7404022
-3.4935119;42.7404404
-3.4936321;42.7406845
-3.4930933;42.7407036
-3.4888713;42.7408524
-3.4931693;42.7409477
-3.4907248;42.7421303
-3.4930503;42.7422371
-3.4928873;42.7422523
-3.4926450;42.7422867
-3.4932370;42.7425613
-3.4927218;42.7426109
-3.4932935;42.7426529
-3.4938028;42.7426453
-3.4931736;42.7428551
-3.4947150;42.7436981
-3.4960506;42.7473068
-3.4985332;42.7500610
-3.5018806;42.7510948
-3.4841206;42.7540245
-3.4734707;42.7495995
-3.3450637;42.5951920
-3.3449924;42.5950813
-3.3470752;42.5982895
-3.3472350;42.5985260
-3.3475299;42.5989838
-3.3475864;42.5990639
-3.3464365;42.5860443
-3.3462670;42.5860481
-3.3332868;42.5883293
-3.3330853;42.5883255
-3.3311927;42.5872192
-3.3311949;42.5873680
-3.3193686;42.5910301
-3.3191783;42.5910225
-3.3401916;42.5876923
-3.3401542;42.5876389
-3.3314362;42.5728149
-3.3328488;42.5757446
-3.3338940;42.5774803
-3.3345368;42.5786629
-3.3352492;42.5798187
-3.3371141;42.5830574
-3.3385012;42.5853653
-3.3386188;42.5854836
-3.3468518;42.5860023
-3.3324630;42.5861092
-3.3399777;42.5873985
-3.3400793;42.5875359
-3.3404169;42.5876312
-3.3399262;42.5877266
-3.3309720;42.5878525
-3.3403852;42.5879974
-3.3313665;42.5881386
-3.3365991;42.5883522
-3.3322859;42.5884819
-3.3298481;42.5887833
-3.3298795;42.5888023
-3.3323185;42.5892181
-3.3292398;42.5893021
-3.3291523;42.5893936
-3.3281620;42.5890923
-3.3294826;42.5894203
-3.3278198;42.5896530
-3.3280284;42.5899086
-3.3296838;42.5899277
-3.3275237;42.5899620
-3.3287253;42.5900002
-3.3289165;42.5900612
-3.3287251;42.5901070
-3.3279357;42.5901184
-3.3273339;42.5901566
-3.3287535;42.5902634
-3.3275974;42.5902748
-3.3279018;42.5903130
-3.3282721;42.5903473
-3.3270788;42.5903511
-3.3274806;42.5904121
-3.3278513;42.5904388
-3.3276987;42.5904884
-3.3265932;42.5905113
-3.3276098;42.5905495
-3.3288641;42.5905838
-3.3269277;42.5910378
-3.3259897;42.5913696
-3.3255038;42.5914307
-3.3140614;42.5918732
-3.3291430;42.5925560
-3.3464997;42.5974274
-3.3498828;42.6026840
-3.3516371;42.6053619
-3.3518286;42.4673424
-3.3511980;42.4667015
-3.3582480;42.4713440
-3.3588214;42.4716225
-3.3584917;42.4719124
-3.3584280;42.4719810
-3.3588357;42.4721146
-3.3590326;42.4721336
-3.3573506;42.4725037
-3.3570111;42.4727020
-3.3575668;42.4727516
-3.3571126;42.4728317
-3.3614697;42.4731445
-3.3589618;42.4732437
-3.3579888;42.4732780
-3.3585198;42.4733315
-3.3591168;42.4734154
-3.3580320;42.4734497
-3.3593400;42.4734955
-3.3576739;42.4735374
-3.3580663;42.4735794
-3.3591580;42.4736404
-3.3578634;42.4737206
-3.3560090;42.4737282
-3.3603556;42.4740143
-3.3592057;42.4740334
-3.3572125;42.4742889
-3.3580713;42.4745255
-3.3608520;42.4749107
-3.3692348;42.4820557
-3.3709950;42.4866028
-3.3637240;42.4924965
-3.3691335;42.4900894
-3.3690507;42.4903145
-3.3638489;42.4926491
-3.3633647;42.4926567
-3.3634043;42.4928551
-3.3634276;42.4929695
-3.3689735;42.4904938
-3.8804953;42.8525124
-3.8806183;42.8515625
-3.8807740;42.8529129
-3.8811011;42.8534851
-3.8815079;42.8540154
-3.8807483;42.8542252
-3.8808398;42.8538742
-3.8805358;42.8544235
-3.8856392;42.8570061
-3.8940144;42.8605118
-3.8945217;42.8610840
-3.8945229;42.8611641
-3.8972690;42.8614311
-3.8971977;42.8610191
-3.8968325;42.8620262
-3.8968837;42.8620377
-3.8972485;42.8621330
-3.8973405;42.8621559
-3.9147074;42.8622360
-3.9128633;42.8590851
-3.8977463;42.8622513
-3.9008658;42.8612213
-3.8991382;42.8623352
-3.8991818;42.8625412
-3.8987041;42.8628082
-3.8993876;42.8632851
-3.8990734;42.8632202
-3.9125369;42.8682060
-3.8896084;42.8715477
-3.7056766;42.8614044
-3.7071412;42.8613968
-3.7104945;42.8577995
-3.7107787;42.8557777
-3.6380978;42.8079529
-3.6365852;42.8080864
-3.5804293;42.7435112
-3.5804253;42.7433624
-3.6138084;42.6876259
-3.6138093;42.6877327
-3.5880432;42.7481308
-3.5880213;42.7479401
-3.6849916;42.8377571
-3.6849236;42.8378296
-3.7204916;42.8437080
-3.7205870;42.8436356
-3.7072685;42.8613968
-3.7037301;42.8623123
-3.7037959;42.8622360
-3.7108674;42.8557129
-3.6333246;42.7600822
-3.6334333;42.7600746
-3.6361575;42.7626266
-3.6362250;42.7627258
-3.7305431;42.8404236
-3.7304308;42.8404007
-3.6143713;42.6830368
-3.6139827;42.6841507
-3.6139288;42.6950035
-3.6133165;42.6983261
-3.6132987;42.6985664
-3.6133525;42.7047348
-3.6143613;42.7065430
-3.6131344;42.7088509
-3.6147523;42.7082329
-3.6143067;42.7091751
-3.6137588;42.7101784
-3.6137559;42.7104797
-3.6139185;42.7105408
-3.6140995;42.7105789
-3.6136353;42.7109680
-3.6131668;42.7110138
-3.6135919;42.7112007
-3.6134756;42.7112389
-3.6131165;42.7115364
-3.6136889;42.7117081
-3.6132131;42.7122803
-3.6137247;42.7168579
-3.6137366;42.7199898
-3.6137362;42.7202148
-3.6131597;42.7263565
-3.6131887;42.7263794
-3.6135714;42.7288361
-3.6130586;42.7314720
-3.6131768;42.7326355
-3.6133814;42.7347603
-3.5536504;42.7352943
-3.5507026;42.7338600
-3.6133564;42.7388573
-3.6130872;42.7390671
-3.6128433;42.7398529
-3.6130397;42.7398911
-3.6130941;42.7419624
-3.6133425;42.7420540
-3.5797443;42.7421761
-3.5798092;42.7419662
-3.5793922;42.7420731
-3.5799816;42.7422218
-3.5797284;42.7422523
-3.5796170;42.7424698
-3.5790706;42.7422676
-3.5730999;42.7424889
-3.5823603;42.7426224
-3.5816755;42.7427063
-3.5807841;42.7428131
-3.5800226;42.7428322
-3.5805886;42.7428551
-3.5811791;42.7428780
-3.5802264;42.7428932
-3.5801001;42.7429123
-3.5806484;42.7430611
-3.5819585;42.7430649
-3.5815101;42.7431374
-3.5804765;42.7431831
-3.5824525;42.7431908
-3.5804131;42.7432518
-3.5817819;42.7433052
-3.5816548;42.7433395
-3.5821335;42.7433777
-3.5816541;42.7434502
-3.5807140;42.7435226
-3.5807250;42.7436867
-3.5848348;42.7429962
-3.5811300;42.7437248
-3.5805612;42.7438889
-3.5804670;42.7439232
-3.5803943;42.7439461
-3.5806348;42.7439995
-3.5797863;42.7440529
-3.5805423;42.7444115
-3.6836143;42.7427368
-3.6802197;42.7458916
-3.6792164;42.7465363
-3.6139226;42.7469978
-3.6137969;42.7470703
-3.6138754;42.7473373
-3.6135879;42.7494164
-3.5935531;42.7505035
-3.5921881;42.7505379
-3.5932384;42.7505569
-3.5915232;42.7507439
-3.5922153;42.7507896
-3.5928173;42.7508698
-3.5923679;42.7509041
-3.5924828;42.7509689
-3.5917828;42.7510414
-3.5916972;42.7512856
-3.5921116;42.7513275
-3.5906632;42.7514191
-3.5923858;42.7514267
-3.5937982;42.7514496
-3.5923615;42.7514496
-3.5919099;42.7516785
-3.5914872;42.7519608
-3.6689198;42.7523766
-3.6679685;42.7528687
-3.6019268;42.7531586
-3.6131675;42.7534866
-3.6129303;42.7537117
-3.6132057;42.7538948
-3.6103518;42.7541084
-3.6596024;42.7557449
-3.6139641;42.7570839
-3.6147392;42.7595978
-3.6331196;42.7601814
-3.6155999;42.7623978
-3.6517892;42.7626038
-3.6487317;42.7646751
-3.6163526;42.7649231
-3.6469243;42.7651596
-3.6463790;42.7653046
-3.6458328;42.7654228
-3.6230524;42.7656860
-3.6239514;42.7656212
-3.6167297;42.7662468
-3.6164479;42.7662544
-3.6276979;42.7665176
-3.6500211;42.7666893
-3.6525266;42.7670059
-3.6530435;42.7668533
-3.6526532;42.7670059
-3.6532216;42.7670898
-3.6516354;42.7671471
-3.6519864;42.7671852
-3.6516147;42.7672043
-3.6524725;42.7672462
-3.6532385;42.7672539
-3.6516619;42.7674942
-3.6525543;42.7675667
-3.6527598;42.7679634
-3.6510749;42.7680702
-3.6543691;42.7680779
-3.6526024;42.7682800
-3.8716640;42.7681618
-3.8721097;42.7677765
-3.6162252;42.7683945
-3.6174064;42.7684746
-3.6178527;42.7683563
-3.6172776;42.7685204
-3.6180398;42.7686386
-3.6169186;42.7686424
-3.6172411;42.7686691
-3.6161914;42.7687798
-3.6163633;42.7688141
-3.6182027;42.7688141
-3.6178758;42.7689056
-3.6168556;42.7689362
-3.6173546;42.7690544
-3.6181390;42.7690849
-3.6183801;42.7691116
-3.6187489;42.7691307
-3.6177406;42.7691879
-3.6190867;42.7688713
-3.6188705;42.7691917
-3.6189873;42.7692261
-3.6171978;42.7692757
-3.6177809;42.7692833
-3.6167531;42.7693024
-3.6138747;42.7692986
-3.6136575;42.7693024
-3.6107647;42.7692528
-3.6161320;42.7693253
-3.6173191;42.7693291
-3.6161232;42.7694054
-3.6106887;42.7694130
-3.6183047;42.7694588
-3.6178913;42.7694626
-3.6176074;42.7695389
-3.6180968;42.7695541
-3.6165152;42.7695694
-3.6180382;42.7696266
-3.6181676;42.7698441
-3.6173663;42.7698898
-3.6160657;42.7699242
-3.6187029;42.7703133
-3.6157491;42.7753639
-3.6177425;42.7798042
-3.6180983;42.7806549
-3.6194975;42.7839470
-3.6211665;42.7882500
-3.6210058;42.7901306
-3.6275158;42.7997475
-3.6274302;42.7997208
-3.6167655;42.7998734
-3.6297977;42.8012810
-3.6159322;42.8014641
-3.6154566;42.8026237
-3.6315207;42.8050613
-3.6320953;42.8060799
-3.6758268;42.7983322
-3.6774864;42.8064308
-3.6323941;42.8067970
-3.6337790;42.8068542
-3.6340644;42.8063202
-3.6338730;42.8069000
-3.6321347;42.8069038
-3.6338172;42.8070107
-3.6329627;42.8070831
-3.6322336;42.8071442
-3.6314352;42.8071556
-3.6746063;42.8071785
-3.6345387;42.8072052
-3.6331863;42.8072281
-3.6519032;42.8069458
-3.6469569;42.8072433
-3.6328681;42.8072472
-3.6329091;42.8072929
-3.6674097;42.8073082
-3.6338151;42.8073235
-3.6457372;42.8073425
-3.6342380;42.8073463
-3.6330225;42.8073845
-3.6349483;42.8073921
-3.6778433;42.8068695
-3.6780429;42.8074493
-3.6699088;42.8074532
-3.6787238;42.8071632
-3.6785595;42.8074646
-3.6784120;42.8069878
-3.6436028;42.8074684
-3.6330593;42.8075104
-3.6315846;42.8075180
-3.6761322;42.8075562
-3.6717789;42.8075714
-3.6324701;42.8075943
-3.6319547;42.8076172
-3.6783862;42.8076591
-3.6335185;42.8076706
-3.6333370;42.8076897
-3.6341252;42.8076973
-3.6325071;42.8077316
-3.6326487;42.8077660
-3.6328139;42.8077660
-3.6770251;42.8077736
-3.6332610;42.8078156
-3.6787372;42.8078613
-3.6329420;42.8078804
-3.6347070;42.8079262
-3.6327252;42.8079453
-3.6333737;42.8079529
-3.6311452;42.8079605
-3.6778555;42.8080521
-3.6782432;42.8080711
-3.6340899;42.8080750
-3.6307039;42.8081131
-3.6347756;42.8081169
-3.6348109;42.8081627
-3.6789272;42.8081627
-3.6784191;42.8082314
-3.6329036;42.8083534
-3.6315753;42.8083839
-3.6346300;42.8084755
-3.6777992;42.8084869
-3.6329243;42.8085175
-3.6780820;42.8085327
-3.6776006;42.8086243
-3.6784730;42.8086281
-3.6772494;42.8086319
-3.6786656;42.8087616
-3.6345732;42.8087845
-3.6777852;42.8088417
-3.6778986;42.8088646
-3.6776650;42.8089981
-3.6778839;42.8093262
-3.6777852;42.8098106
-3.6782086;42.8100395
-3.6511581;42.8133621
-3.6694639;42.8202248
-3.7217786;42.8297157
-3.7245464;42.8172722
-3.6756716;42.8299789
-3.6763344;42.8307571
-3.7215290;42.8348160
-3.6845264;42.8357201
-3.7217779;42.8359756
-3.7220833;42.8366127
-3.6850288;42.8377151
-3.6848099;42.8379555
-3.6836917;42.8381615
-3.6821928;42.8381271
-3.6837566;42.8383064
-3.6840231;42.8384285
-3.6840036;42.8384819
-3.6833389;42.8385735
-3.6837580;42.8385887
-3.7230544;42.8386230
-3.6832201;42.8388023
-3.6831641;42.8389091
-3.6814170;42.8387985
-3.6808887;42.8389473
-3.6837006;42.8390198
-3.6840851;42.8390198
-3.6807935;42.8390656
-3.6818111;42.8390808
-3.6844316;42.8390884
-3.7232852;42.8391762
-3.6819954;42.8392601
-3.6828635;42.8392868
-3.7275469;42.8395004
-3.6830409;42.8395233
-3.7290049;42.8400345
-3.7291441;42.8400803
-3.7207227;42.8435822
-3.7148051;42.8510933
-3.7147455;42.8509369
-3.7149200;42.8513947
-3.7177758;42.8516312
-3.8721581;42.7681770
-3.8723376;42.7681084
-3.7162650;42.8517227
-3.7154765;42.8519287
-3.7145107;42.8520126
-3.7148216;42.8523483
-3.7146258;42.8525238
-3.7144008;42.8528328
-3.7138920;42.8525581
-3.7129600;42.8541451
-3.7111669;42.8555565
-3.7094257;42.8603210
-3.7036738;42.8623848
-3.7031612;42.8623123
-3.7036381;42.8624649
-3.7036452;42.8626442
-3.7033741;42.8627815
-3.7036591;42.8629189
-3.7032955;42.8630562
-3.7037084;42.8632126
-3.7037292;42.8633957
-3.8715875;42.7682190
-3.8713436;42.7680397
-3.3994484;42.4208794
-3.3993595;42.4209557
-3.3993218;42.4169083
-3.3991823;42.4168053
-3.3971484;42.4134941
-3.3965704;42.4137115
-3.3958406;42.4127655
-3.3962393;42.4138680
-3.3967297;42.4140320
-3.3961055;42.4140625
-3.3969603;42.4143410
-3.3976853;42.4142609
-3.3970335;42.4144859
-3.3967557;42.4145775
-3.3971627;42.4146500
-3.3968906;42.4147797
-3.3980932;42.4149132
-3.3981056;42.4143257
-3.3976960;42.4152107
-3.3985944;42.4152641
-3.3982236;42.4142876
-3.3977599;42.4152870
-3.3983345;42.4152985
-3.3978510;42.4154053
-3.3971393;42.4154472
-3.3983741;42.4154778
-3.3979607;42.4155731
-3.3979952;42.4156456
-3.3986986;42.4156761
-3.3984301;42.4156952
-3.3988240;42.4157867
-3.3980443;42.4158287
-3.3975253;42.4159966
-3.3983197;42.4161453
-3.3981590;42.4162407
-3.3985915;42.4163513
-3.3989732;42.4166451
-3.4081657;42.4189491
-3.4010520;42.4203873
-3.3850653;42.4245644
-3.5211558;42.3857040
-3.5210290;42.3856201
-3.5323696;42.3992805
-3.5324216;42.3991203
-3.5322161;42.3997421
-3.5322659;42.3995743
-3.5207474;42.3989334
-3.5209370;42.3989334
-3.5270002;42.3991203
-3.5271995;42.3991356
-3.8736277;42.7686195
-3.8736715;42.7684593
-3.5136309;42.3795166
-3.5192151;42.3843803
-3.5195005;42.3845787
-3.5278237;42.3895302
-3.5315650;42.3900414
-3.5318592;42.3898697
-3.5312035;42.3898277
-3.5315917;42.3901215
-3.5320199;42.3899460
-3.5315220;42.3902130
-3.5313544;42.3901520
-3.5322578;42.3904686
-3.5324287;42.3906479
-3.5327199;42.3904419
-3.5322464;42.3906441
-3.5311713;42.3906975
-3.5313420;42.3908463
-3.5326979;42.3909798
-3.5332851;42.3906479
-3.5316520;42.3911896
-3.5334859;42.3912506
-3.5328341;42.3913269
-3.5313842;42.3913918
-3.5321681;42.3917503
-3.5319769;42.3917542
-3.5315406;42.3917351
-3.5322196;42.3918152
-3.5320942;42.3919601
-3.5337739;42.3917122
-3.5332870;42.3920174
-3.5321357;42.3920174
-3.5332239;42.3920326
-3.5314052;42.3920937
-3.5312436;42.3921089
-3.5327480;42.3921242
-3.5324583;42.3923111
-3.5320249;42.3923950
-3.5325565;42.3924484
-3.5326653;42.3933105
-3.5326762;42.3937798
-3.5327935;42.3969460
-3.4934518;42.3958206
-3.5111940;42.3971443
-3.4875581;42.3973541
-3.5327971;42.3979607
-3.5178139;42.3989677
-3.5329120;42.3997726
-3.5325119;42.4001312
-3.2652659;42.4990044
-3.2653039;42.4993095
-3.2652304;42.4988441
-3.2794542;42.5013580
-3.2795496;42.5014610
-3.2620966;42.4990654
-3.2622328;42.4990616
-3.2816262;42.5033722
-3.2816551;42.5034790
-3.2479346;42.4816208
-3.2479043;42.4815407
-3.2720029;42.4892731
-3.2717459;42.4893036
-3.2557859;42.4929047
-3.2557495;42.4934692
-3.2546089;42.4969902
-3.2531176;42.4967308
-3.2553732;42.4976578
-3.2638466;42.4988823
-3.2812612;42.4993973
-3.2812359;42.4992867
-3.2810206;42.4994926
-3.2808197;42.4996796
-3.2805181;42.4991684
-3.2813847;42.4999657
-3.2663138;42.4999886
-3.2807937;42.5000992
-3.2812121;42.5001640
-3.2810202;42.5004120
-3.2806695;42.5004196
-3.2812562;42.5004425
-3.2805822;42.5006371
-3.2808335;42.5007324
-3.2814336;42.5007782
-3.2807915;42.5008430
-3.2810254;42.5008812
-3.2807143;42.5010872
-3.2803910;42.5011902
-3.2793181;42.5012283
-3.2810769;42.5013771
-3.2802896;42.5013809
-3.2806756;42.5015144
-3.2807691;42.5018311
-3.2800286;42.5019798
-3.2800722;42.5020294
-3.2807121;42.5024414
-3.2807519;42.5024567
-3.2816310;42.5036469
-3.2792943;42.5072212
-3.2781179;42.5105095
-3.2780519;42.5143547
-3.2814090;42.5160522
-3.2848163;42.5188217
-3.3546083;42.6097374
-3.3546944;42.6098404
-3.3728933;42.6262665
-3.3730140;42.6264000
-3.3870094;42.6416664
-3.3870411;42.6418533
-3.3948815;42.6492271
-3.3950167;42.6493683
-3.3987863;42.6533203
-3.3988395;42.6533813
-3.3563678;42.6459427
-3.3563910;42.6461411
-3.3568611;42.6491661
-3.3567765;42.6492920
-3.3582828;42.6147728
-3.3597627;42.6164932
-3.3616982;42.6166611
-3.3609810;42.6167221
-3.3609388;42.6171379
-3.3603897;42.6172409
-3.3601503;42.6173019
-3.3600883;42.6172295
-3.3604658;42.6174583
-3.3605640;42.6175117
-3.3607252;42.6176300
-3.3602746;42.6176796
-3.3609853;42.6177750
-3.3596480;42.6178284
-3.3595140;42.6177139
-3.3608708;42.6178474
-3.3605757;42.6179390
-3.3602803;42.6179886
-3.3599093;42.6180115
-3.3604200;42.6180687
-3.3598406;42.6180763
-3.3599746;42.6181488
-3.3593771;42.6181564
-3.3601055;42.6182442
-3.3608806;42.6183510
-3.3608148;42.6183662
-3.3609018;42.6184006
-3.3602781;42.6184731
-3.3603003;42.6185036
-3.3604333;42.6186180
-3.3614163;42.6187477
-3.3613966;42.6188850
-3.3604305;42.6189423
-3.3612125;42.6190453
-3.3630521;42.6190491
-3.3610141;42.6191902
-3.3625154;42.6192360
-3.3599596;42.6193504
-3.3619249;42.6194000
-3.3613236;42.6195488
-3.3601155;42.6197815
-3.3632121;42.6199875
-3.3595312;42.6201096
-3.3579950;42.6212006
-3.3724430;42.6256065
-3.3377862;42.6258049
-3.3349414;42.6244698
-3.3741262;42.6276932
-3.3519511;42.6284866
-3.3753569;42.6291351
-3.3514435;42.6293106
-3.3431647;42.6305351
-3.3466341;42.6328506
-3.3794639;42.6328926
-3.3795485;42.6329689
-3.3477070;42.6335640
-3.3472707;42.6340446
-3.3468487;42.6344833
-3.3462737;42.6343956
-3.3470929;42.6344833
-3.3481388;42.6345062
-3.3478947;42.6346970
-3.3476903;42.6348305
-3.3471594;42.6347313
-3.3464470;42.6349564
-3.3457358;42.6348991
-3.3455856;42.6349640
-3.3452072;42.6348991
-3.3471217;42.6350975
-3.3469546;42.6348801
-3.3472886;42.6351242
-3.3460734;42.6351280
-3.3475735;42.6351547
-3.3463125;42.6351776
-3.3476958;42.6352425
-3.3484764;42.6352577
-3.3472097;42.6352730
-3.3469903;42.6352234
-3.3479972;42.6352882
-3.3824391;42.6353149
-3.3471594;42.6353569
-3.3482022;42.6354065
-3.3477123;42.6354675
-3.3457971;42.6354675
-3.3476970;42.6354904
-3.3477645;42.6355705
-3.3469224;42.6356010
-3.3486385;42.6356049
-3.3487573;42.6355553
-3.3478613;42.6356201
-3.3470814;42.6356354
-3.3451755;42.6356392
-3.3461542;42.6356812
-3.3465228;42.6354370
-3.3470852;42.6356888
-3.3476090;42.6357002
-3.3466196;42.6359444
-3.3469043;42.6360168
-3.3472910;42.6360359
-3.3471491;42.6360512
-3.3472512;42.6360703
-3.3472023;42.6361046
-3.3488507;42.6361046
-3.3485594;42.6363411
-3.3468053;42.6364479
-3.3477678;42.6364975
-3.3492174;42.6368484
-3.3855534;42.6379852
-3.3522701;42.6398354
-3.3869154;42.6410904
-3.3549263;42.6421509
-3.3877761;42.6434212
-3.3881900;42.6438484
-3.3890498;42.6446495
-3.3890522;42.6447182
-3.3894188;42.6447754
-3.3880200;42.6447868
-3.3908088;42.6449738
-3.3911221;42.6450462
-3.3863974;42.6450195
-3.3905814;42.6450539
-3.3903925;42.6450691
-3.3902388;42.6451035
-3.3917706;42.6451683
-3.3822761;42.6451721
-3.3895721;42.6451912
-3.3915064;42.6451950
-3.3916404;42.6452942
-3.3901830;42.6453247
-3.3916116;42.6453323
-3.3903542;42.6453476
-3.3906491;42.6453590
-3.3913856;42.6454353
-3.3914943;42.6454735
-3.3895373;42.6455650
-3.3890674;42.6455345
-3.3914135;42.6455688
-3.3909583;42.6455727
-3.3900368;42.6455956
-3.3897514;42.6455269
-3.3928871;42.6456032
-3.3935978;42.6455688
-3.3932431;42.6456146
-3.3920348;42.6456184
-3.3903365;42.6456261
-3.3895705;42.6456299
-3.3905461;42.6456337
-3.3896661;42.6456528
-3.3908050;42.6456757
-3.3911381;42.6456985
-3.3921239;42.6457253
-3.3899434;42.6457367
-3.3925846;42.6457443
-3.3912792;42.6457710
-3.3925600;42.6457748
-3.3900752;42.6457787
-3.3919477;42.6457825
-3.3913624;42.6458054
-3.3902633;42.6458321
-3.3914475;42.6458511
-3.3903489;42.6458588
-3.3927553;42.6458626
-3.3905313;42.6459007
-3.3906255;42.6459236
-3.3924441;42.6459236
-3.3894820;42.6459274
-3.3906946;42.6459389
-3.3901706;42.6459846
-3.3909056;42.6460037
-3.3920159;42.6460495
-3.3894107;42.6460495
-3.3913374;42.6460533
-3.3901143;42.6461067
-3.3921742;42.6461372
-3.3915381;42.6461601
-3.3911886;42.6461868
-3.3927863;42.6462250
-3.3917539;42.6462288
-3.3903308;42.6462326
-3.3922858;42.6462555
-3.3917971;42.6462555
-3.3911049;42.6462593
-3.3915455;42.6462975
-3.3901210;42.6463852
-3.3902612;42.6464500
-3.3909192;42.6464844
-3.3564773;42.6464920
-3.3904557;42.6465416
-3.3898499;42.6465492
-3.3896079;42.6464920
-3.3916013;42.6465683
-3.3910897;42.6465721
-3.3924477;42.6466026
-3.3925138;42.6467056
-3.3909357;42.6467590
-3.3901098;42.6467705
-3.3915160;42.6467819
-3.3893566;42.6468315
-3.3921933;42.6469917
-3.3928125;42.6470757
-3.3920736;42.6472511
-3.3589871;42.6475296
-3.3587611;42.6475182
-3.3585932;42.6475334
-3.3912520;42.6475868
-3.3583286;42.6476707
-3.3581307;42.6477318
-3.3577325;42.6477966
-3.3577144;42.6477356
-3.3590066;42.6478043
-3.3589294;42.6478577
-3.3587182;42.6478577
-3.3936324;42.6478996
-3.3587830;42.6479454
-3.3586891;42.6480255
-3.3938529;42.6481361
-3.3583174;42.6481476
-3.3583755;42.6481514
-3.3581238;42.6481667
-3.3580570;42.6479263
-3.3572619;42.6481705
-3.3570206;42.6481781
-3.3588185;42.6481781
-3.3578084;42.6481857
-3.3578930;42.6481895
-3.3591435;42.6482239
-3.3578908;42.6483650
-3.3572712;42.6484070
-3.3571174;42.6484261
-3.3579001;42.6486702
-3.3574252;42.6487656
-3.3579915;42.6488075
-3.3570435;42.6488266
-3.3586695;42.6489029
-3.3576367;42.6489868
-3.3582039;42.6490440
-3.3579226;42.6490440
-3.3947399;42.6490860
-3.3950579;42.6494141
-3.3966970;42.6510963
-3.3993831;42.6534996
-3.3992176;42.6534996
-3.3989489;42.6535110
-3.3990445;42.6536026
-3.3993626;42.6539307
-3.4085348;42.6550140
-3.4145143;42.6554718
-3.3450761;42.6606178
-3.3449261;42.6606598
-3.3423071;42.6608391
-3.3422832;42.6602135
-3.3429444;42.6609497
-3.3436537;42.6610222
-3.3416657;42.6612358
-3.3413742;42.6609039
-3.3403862;42.6606979
-3.3431456;42.6613045
-3.3426859;42.6612167
-3.3425126;42.6613388
-3.3431396;42.6613464
-3.3418915;42.6613579
-3.3429482;42.6613617
-3.3429990;42.6613998
-3.3432069;42.6614838
-3.3438914;42.6612854
-3.3434186;42.6615143
-3.3424306;42.6615143
-3.3430657;42.6615257
-3.3414783;42.6615639
-3.3434405;42.6615829
-3.3422966;42.6615982
-3.3430355;42.6616020
-3.3422151;42.6616783
-3.3414259;42.6616783
-3.3412585;42.6616402
-3.3417242;42.6617279
-3.3428094;42.6617737
-3.3413711;42.6618118
-3.3420038;42.6618500
-3.3426788;42.6618614
-3.3429515;42.6618843
-3.3426361;42.6618919
-3.3416481;42.6618996
-3.3424854;42.6619301
-3.3427546;42.6619492
-3.3433237;42.6619720
-3.3418655;42.6620026
-3.3423722;42.6620522
-3.3412957;42.6620598
-3.3418205;42.6620674
-3.3412893;42.6620865
-3.3417506;42.6621361
-3.3423457;42.6622963
-3.4033518;42.6625633
-3.3405645;42.6632347
-3.4048514;42.6649933
-3.4056256;42.6659546
-3.3386741;42.6665001
-3.3361356;42.6701889
-3.3359289;42.6705856
-3.3358192;42.6707039
-3.3329787;42.6709099
-3.3326616;42.6709671
-3.3339911;42.6709595
-3.3357203;42.6709709
-3.3323507;42.6710091
-3.3375163;42.6710663
-3.3366592;42.6710854
-3.3387270;42.6711349
-3.3306527;42.6714439
-3.3308327;42.6714478
-3.3491035;42.6715279
-3.3548398;42.6716194
-3.3555472;42.6717491
-3.4466486;42.3929367
-3.4465110;42.3929749
-3.4872224;42.3970337
-3.4870465;42.3967514
-3.4453065;42.3790932
-3.4466949;42.3832550
-3.4472373;42.3847427
-3.4486706;42.3885727
-3.4503925;42.3903427
-3.4504557;42.3903923
-3.4436822;42.3928871
-3.4435654;42.3927803
-3.4444618;42.3931389
-3.4443300;42.3932190
-3.4439740;42.3935623
-3.4498901;42.3935623
-3.4499822;42.3936195
-3.4445231;42.3941498
-3.4441235;42.3945656
-3.4630647;42.3947639
-3.4620614;42.3948250
-3.4552698;42.3948364
-3.4576249;42.3953209
-3.4577065;42.3953476
-3.4583848;42.3955727
-3.4637291;42.3955841
-3.4638033;42.3954964
-3.4634016;42.3956184
-3.4620423;42.3956413
-3.4594641;42.3956795
-3.4614682;42.3957291
-3.4599917;42.3957291
-3.4631226;42.3957329
-3.4600368;42.3957329
-3.4635971;42.3959084
-3.4636927;42.3959427
-3.4637265;42.3959618
-3.4580395;42.3959618
-3.4579513;42.3959656
-3.4581835;42.3960381
-3.4593487;42.3963165
-3.4596140;42.3963737
-3.4574933;42.3963776
-3.4578209;42.3964996
-3.4862711;42.3964310
-3.4854989;42.3966789
-3.4872723;42.3971062
-3.4739218;42.3993759
-3.4333096;42.4033928
-3.9637594;42.7182655
-3.9631979;42.7182274
-3.9653678;42.6513405
-3.9652705;42.6512642
-3.8863580;42.6473427
-3.8867021;42.6474686
-3.9492834;42.6808739
-3.9494188;42.6809502
-3.9874587;42.7023659
-3.9875917;42.7024307
-3.9915683;42.7044373
-3.9916344;42.7044716
-3.9936888;42.7055244
-3.9937894;42.7055740
-3.9955912;42.7063332
-3.9957142;42.7063751
-4.0161762;42.7130547
-4.0159035;42.7128754
-4.0159497;42.7132607
-4.0162582;42.7132492
-3.8911579;42.6207809
-3.8909559;42.6209450
-3.8776107;42.6319389
-3.8776174;42.6321487
-3.8754113;42.6347122
-3.8749650;42.6347008
-3.9588976;42.6973610
-3.9585843;42.6972198
-3.9854102;42.7032890
-3.9851308;42.7034607
-3.9981124;42.6985168
-3.9978538;42.6985397
-3.9508431;42.7095528
-3.9504917;42.7095299
-3.9040184;42.6555710
-3.9039001;42.6557541
-3.9921513;42.7039223
-3.9922776;42.7039909
-3.9798462;42.6931572
-3.9808395;42.6939125
-3.9764564;42.6899376
-3.9369497;42.6748581
-3.9362977;42.6781731
-3.8952379;42.6177673
-3.8921130;42.6200867
-3.8836079;42.6267204
-3.8817303;42.6286011
-3.8794825;42.6296806
-3.8780563;42.6304932
-3.8778050;42.6307106
-3.8597507;42.6295052
-3.8622539;42.6307144
-3.8775973;42.6317291
-3.8774462;42.6326256
-3.8774278;42.6326561
-3.8775146;42.6329308
-3.8775909;42.6329613
-3.8775873;42.6331215
-3.8774009;42.6331444
-3.8771403;42.6331940
-3.8769989;42.6334305
-3.8775678;42.6336250
-3.8773172;42.6336327
-3.8772187;42.6336708
-3.8770287;42.6337280
-3.8768282;42.6337357
-3.8777592;42.6338959
-3.8775258;42.6339073
-3.8765543;42.6340103
-3.8770118;42.6340256
-3.8768971;42.6341171
-3.8771925;42.6341820
-3.8763442;42.6341820
-3.8774879;42.6341934
-3.8771629;42.6342125
-3.8775625;42.6342621
-3.8762491;42.6342964
-3.8696418;42.6343079
-3.8778000;42.6343613
-3.8780615;42.6344223
-3.8783224;42.6344490
-3.8760550;42.6344566
-3.8765554;42.6344604
-3.8766360;42.6344681
-3.8767648;42.6345062
-3.8769627;42.6345520
-3.8773489;42.6345825
-3.8773346;42.6346130
-3.8775485;42.6346283
-3.8769159;42.6346397
-3.8748126;42.6347008
-3.8759727;42.6347198
-3.8757317;42.6347237
-3.8781369;42.6347580
-3.8759086;42.6348190
-3.8764875;42.6348305
-3.8780649;42.6349907
-3.8764243;42.6350403
-3.8765454;42.6350937
-3.8766980;42.6351204
-3.8769665;42.6351280
-3.8769426;42.6351700
-3.8743796;42.6351814
-3.8719881;42.6365166
-3.8721230;42.6366577
-3.8723533;42.6370049
-3.8725040;42.6370659
-3.8733146;42.6372375
-3.8732681;42.6372566
-3.8730781;42.6376495
-3.8773177;42.6417084
-3.8828919;42.6460609
-3.8836040;42.6463509
-3.8816316;42.6462708
-3.8816886;42.6463852
-3.8827789;42.6463890
-3.8837733;42.6464233
-3.8822730;42.6465263
-3.8844507;42.6461029
-3.8842394;42.6465454
-3.8816793;42.6465912
-3.8816130;42.6465492
-3.8845973;42.6466751
-3.8814747;42.6466942
-3.8833628;42.6467476
-3.8847282;42.6467705
-3.8840802;42.6467857
-3.8831136;42.6467896
-3.8821959;42.6468430
-3.8823965;42.6468964
-3.8827958;42.6468735
-3.8819580;42.6468964
-3.8829999;42.6469040
-3.8814883;42.6469116
-3.9140472;42.6466026
-3.9141524;42.6469193
-3.8837302;42.6470032
-3.9140964;42.6470070
-3.9140971;42.6468697
-3.8832431;42.6470108
-3.9147675;42.6465340
-3.9146197;42.6471100
-3.8829684;42.6471405
-3.8834863;42.6471596
-3.8839321;42.6471710
-3.9144366;42.6472855
-3.8834426;42.6473465
-3.8827782;42.6474152
-3.8833311;42.6474609
-3.8838603;42.6474838
-3.8831074;42.6475105
-3.8831644;42.6475563
-3.9141123;42.6477165
-3.8831511;42.6477966
-3.8830643;42.6478920
-3.9130559;42.6470032
-3.9125757;42.6479912
-3.9132845;42.6480980
-3.9119103;42.6481934
-3.9115613;42.6480865
-3.9121437;42.6482811
-3.9126034;42.6483269
-3.9113929;42.6486969
-3.9644666;42.6487732
-3.9647348;42.6484947
-3.9123182;42.6487999
-3.9641671;42.6488037
-3.9639351;42.6488228
-3.9636717;42.6487122
-3.9122655;42.6488304
-3.9120023;42.6488495
-3.9635630;42.6489105
-3.9119720;42.6489944
-3.9634800;42.6490211
-3.9629071;42.6487083
-3.9640439;42.6490250
-3.9119532;42.6490593
-3.9635558;42.6490746
-3.9121330;42.6491318
-3.9644001;42.6491318
-3.9639890;42.6492882
-3.9117358;42.6492958
-3.9641159;42.6493607
-3.9634016;42.6493645
-3.9650126;42.6493683
-3.9634807;42.6494102
-3.9654644;42.6494560
-3.9638774;42.6495056
-3.9654703;42.6495895
-3.9660840;42.6495972
-3.9659729;42.6494598
-3.9637589;42.6496315
-3.9649665;42.6496620
-3.9649997;42.6496849
-3.9657922;42.6497955
-3.9647436;42.6498299
-3.9652865;42.6498451
-3.9638891;42.6498528
-3.9654548;42.6499062
-3.9657817;42.6499176
-3.9661381;42.6499176
-3.9641550;42.6499252
-3.9642987;42.6497688
-3.9657476;42.6499825
-3.9663985;42.6499901
-3.9651637;42.6500130
-3.9664667;42.6500397
-3.9649267;42.6500664
-3.9670892;42.6502686
-3.9661882;42.6503258
-3.9663241;42.6503410
-3.9656289;42.6504707
-3.9655001;42.6505966
-3.9651964;42.6508026
-3.9650383;42.6507874
-3.9653788;42.6508179
-3.9578397;42.6511879
-3.9577951;42.6512375
-3.9574814;42.6515083
-3.9647887;42.6522598
-3.9556322;42.6531258
-3.9067526;42.6535530
-3.9067307;42.6535797
-3.9538326;42.6546669
-3.9532428;42.6551781
-3.9531586;42.6552429
-3.9529538;42.6553383
-3.9897377;42.6561470
-3.9035122;42.6567650
-3.9036932;42.6568489
-3.9472358;42.6577644
-3.9464033;42.6587105
-4.0000463;42.6588097
-3.9458292;42.6594048
-3.9096646;42.6595039
-3.9444466;42.6609421
-3.9440999;42.6613350
-3.9165821;42.6627579
-3.9169371;42.6629524
-3.9395568;42.6648636
-3.9383161;42.6658859
-3.9380374;42.6662216
-3.9380085;42.6662712
-3.9121349;42.6675873
-3.9378476;42.6685333
-3.9377131;42.6705360
-3.9376876;42.6711197
-3.9376960;42.6713562
-3.9304297;42.6715393
-3.9141867;42.6721687
-3.9143500;42.6724815
-3.9147491;42.6728058
-3.9145434;42.6723785
-3.9151666;42.6729126
-3.9147952;42.6729927
-3.9147246;42.6730652
-3.9143815;42.6730690
-3.9150541;42.6731606
-3.9149661;42.6732597
-3.9155316;42.6733475
-3.9153683;42.6733475
-3.9159050;42.6734543
-3.9147463;42.6734810
-3.9147351;42.6735802
-3.9150422;42.6737289
-3.9150908;42.6737747
-3.9371490;42.6742973
-3.9369426;42.6745110
-3.9369800;42.6745262
-3.9371073;42.6745834
-3.9373035;42.6746712
-4.0237136;42.6764603
-4.0159755;42.6747284
-4.0239916;42.6765785
-3.9426773;42.6771889
-3.9366455;42.6792831
-3.9366193;42.6793518
-3.9367223;42.6801224
-4.0081553;42.6801453
-4.0077472;42.6800499
-4.0084686;42.6803093
-4.0080171;42.6803093
-4.0086365;42.6803207
-4.0087433;42.6801567
-4.0086713;42.6803246
-4.0078883;42.6804886
-4.0074902;42.6804962
-4.0090132;42.6805191
-4.0078349;42.6805649
-4.0084829;42.6805801
-4.0080819;42.6806068
-4.0088129;42.6806946
-4.0077147;42.6808167
-4.0083413;42.6808434
-4.0085740;42.6808548
-4.0074024;42.6808548
-3.9360833;42.6808624
-3.9359620;42.6809464
-4.0085649;42.6810570
-4.0060592;42.6810608
-4.0061617;42.6810455
-4.0062947;42.6810799
-3.9362564;42.6811256
-4.0075264;42.6812172
-3.9354255;42.6812210
-3.9350698;42.6811562
-4.0069151;42.6812248
-4.0075750;42.6812325
-3.9352491;42.6813316
-4.0074315;42.6813431
-4.0082803;42.6814079
-3.9376297;42.6814156
-4.0073843;42.6814346
-3.9346774;42.6814537
-3.9346962;42.6814690
-3.9353304;42.6815071
-3.9355762;42.6813812
-4.0082140;42.6815109
-3.9348893;42.6815987
-4.0070639;42.6816177
-4.0066466;42.6816483
-3.9349744;42.6816521
-3.9352517;42.6817818
-3.9352665;42.6818123
-3.9346557;42.6818962
-4.0063348;42.6819115
-3.9356921;42.6819267
-3.9347005;42.6819496
-4.0067778;42.6819611
-3.9379935;42.6820107
-4.0074978;42.6820107
-3.9367781;42.6820183
-3.9365160;42.6817131
-3.9366808;42.6820335
-3.9354112;42.6820488
-4.0070853;42.6821060
-3.9355538;42.6821480
-3.9355924;42.6822014
-3.9351466;42.6822090
-3.9350986;42.6822472
-3.9364655;42.6822510
-3.9372518;42.6822128
-3.9370809;42.6822815
-3.9373465;42.6823120
-3.9349000;42.6823425
-4.0062847;42.6823883
-3.9375091;42.6824303
-3.9363241;42.6824799
-4.0068541;42.6824989
-3.9552691;42.6825066
-3.9365458;42.6826820
-3.9376671;42.6829071
-3.9374955;42.6829796
-4.0059352;42.6842651
-3.9719510;42.6862564
-4.0049162;42.6917305
-3.9562058;42.6960182
-3.9563274;42.6960754
-3.9566970;42.6961021
-3.9565182;42.6961632
-3.9567649;42.6962471
-3.9563727;42.6962776
-3.9566197;42.6963806
-3.9560802;42.6965256
-3.9556053;42.6963654
-3.9561851;42.6965790
-3.9572239;42.6963806
-3.9577072;42.6965942
-3.9562194;42.6965942
-3.9571888;42.6966133
-3.9565043;42.6966248
-3.9562356;42.6966286
-3.9577003;42.6966400
-3.9565334;42.6966629
-3.9573503;42.6967163
-3.9562693;42.6967239
-3.9568050;42.6967659
-3.9575515;42.6967850
-3.9564838;42.6968231
-3.9565253;42.6970825
-4.0017915;42.6971169
-3.9581122;42.6970940
-3.9557400;42.6978493
-3.9551733;42.6977425
-3.9559116;42.6978264
-3.9557180;42.6979103
-3.9552097;42.6981544
-3.9548612;42.6981659
-3.9552989;42.6982307
-3.9614577;42.6983223
-3.9552174;42.6983719
-3.9701087;42.6981163
-3.9977453;42.6985550
-3.9751933;42.6994781
-3.9774015;42.7001343
-3.9852078;42.7001495
-3.9876542;42.7010880
-3.9880080;42.7011719
-3.9881933;42.7012138
-3.9886045;42.7013092
-3.9887135;42.7013321
-3.9860671;42.7013702
-3.9875274;42.7013969
-3.9889908;42.7014313
-3.9890974;42.7011070
-3.9943907;42.7015572
-3.9894090;42.7016792
-3.9896145;42.7016144
-3.9913971;42.7017517
-3.9908338;42.7017975
-3.9881957;42.7019157
-3.9900429;42.7019730
-3.9897995;42.7019768
-3.9881189;42.7019920
-3.9902992;42.7021103
-3.9886534;42.7021751
-3.9899390;42.7021790
-3.9872665;42.7022552
-3.9888754;42.7022820
-3.9889920;42.7023087
-3.9892657;42.7020569
-3.9902134;42.7023544
-3.9893589;42.7024612
-3.9900708;42.7024727
-3.9896364;42.7025070
-3.9911807;42.7024384
-3.9909072;42.7025299
-3.9895360;42.7025566
-3.9898460;42.7026520
-3.9880776;42.7026749
-3.9906325;42.7026749
-3.9868546;42.7026749
-3.9899714;42.7027130
-3.9903083;42.7027397
-3.9904261;42.7028084
-3.9899595;42.7028122
-3.9887202;42.7028465
-3.9891758;42.7028618
-3.9904950;42.7028656
-3.9884722;42.7028732
-3.9883547;42.7029305
-3.9880774;42.7029457
-3.9899840;42.7029572
-3.9879427;42.7029686
-3.9889786;42.7029800
-3.9889271;42.7029991
-3.9869874;42.7030067
-3.9884293;42.7030602
-3.9888425;42.7030602
-3.9898307;42.7030907
-3.9886062;42.7030945
-3.9903507;42.7031097
-3.9891865;42.7031479
-3.9893091;42.7033005
-3.9894111;42.7033501
-3.9914272;42.7034569
-3.9904895;42.7034683
-3.9914782;42.7034912
-3.9834864;42.7044220
-3.9916911;42.7044983
-3.9816234;42.7050972
-3.9957740;42.7061386
-3.9966371;42.7067070
-3.9803102;42.7069435
-3.9450955;42.7073288
-3.9456499;42.7073097
-3.9983978;42.7073402
-3.9443293;42.7074699
-3.9462929;42.7075539
-3.9478118;42.7077675
-3.9471309;42.7078476
-3.9456904;42.7076187
-3.9478774;42.7078819
-3.9479008;42.7079353
-3.9479749;42.7080193
-3.9478543;42.7080269
-3.9801607;42.7081261
-3.9489129;42.7085190
-3.9501212;42.7086296
-3.9493740;42.7088623
-3.9502580;42.7090263
-3.9499452;42.7091980
-3.9503140;42.7092018
-3.9497738;42.7092094
-4.0036054;42.7092323
-3.9498072;42.7092438
-3.9496944;42.7092781
-4.0039682;42.7093620
-3.9499433;42.7093811
-4.0043178;42.7094536
-4.0044270;42.7094803
-3.9500337;42.7094917
-3.9501219;42.7095108
-4.0047922;42.7095375
-4.0050430;42.7095528
-4.0043340;42.7096329
-4.0047312;42.7098351
-4.0088110;42.7099228
-4.0098162;42.7100182
-3.9797163;42.7102318
-3.9750752;42.7111893
-4.0097160;42.7114525
-4.0140357;42.7116623
-3.9801078;42.7128105
-4.0164714;42.7132607
-4.0146899;42.7132988
-4.0166187;42.7133636
-4.0103831;42.7142754
-3.9811432;42.7149658
-3.9604850;42.7165642
-3.9606872;42.7165604
-3.9609978;42.7166023
-3.9604216;42.7166328
-3.9601738;42.7165794
-3.9612820;42.7166405
-3.9606588;42.7166634
-3.9615440;42.7166862
-3.9599771;42.7168236
-3.9605947;42.7168274
-3.9614887;42.7168770
-3.9608030;42.7169113
-3.9602590;42.7169113
-3.9603417;42.7169380
-3.9626541;42.7169724
-3.9604893;42.7169838
-3.9626939;42.7169952
-3.9614537;42.7170143
-3.9620504;42.7170296
-3.9610355;42.7170525
-3.9608693;42.7169876
-3.9609699;42.7171745
-3.9618578;42.7171860
-3.9614778;42.7172432
-3.9613984;42.7172623
-4.0255694;42.7172737
-3.9631405;42.7173805
-3.9626546;42.7173843
-3.9631929;42.7174606
-3.9633288;42.7174301
-3.9622951;42.7174454
-3.9627297;42.7175179
-3.9620750;42.7176323
-3.9625089;42.7176971
-3.9745800;42.7172203
-3.9623995;42.7178116
-3.9626620;42.7178154
-3.9631503;42.7179375
-3.9630957;42.7182503
-4.0178175;42.7182350
-4.0178046;42.7182884
-4.0182056;42.7184906
-4.0181494;42.7186394
-4.0184207;42.7188339
-4.0183263;42.7189178
-4.0183897;42.7189255
-4.0185709;42.7189598
-3.9628811;42.7190437
-4.0190768;42.7190819
-4.0183196;42.7190971
-4.0194335;42.7191734
-4.0177398;42.7191963
-4.0183182;42.7192001
-4.0174999;42.7192345
-4.0171590;42.7192192
-4.0195694;42.7193069
-4.0194373;42.7193298
-4.0193992;42.7193871
-4.0182776;42.7194252
-4.0188627;42.7194824
-4.0178909;42.7195320
-4.0193624;42.7195473
-4.0203071;42.7195435
-4.0196476;42.7195816
-4.0205092;42.7195969
-4.0203357;42.7196617
-4.0197315;42.7196693
-4.0197964;42.7196770
-4.0193448;42.7197227
-4.0172639;42.7197456
-4.0202117;42.7197495
-4.0171609;42.7197876
-4.0189133;42.7198334
-4.0166817;42.7199326
-3.9633074;42.7248268
-3.9499547;42.7282600
-3.9497385;42.7283020
-3.9407730;42.7285156
-3.9354918;42.7279434
-3.9549942;42.7308502
-3.2584648;42.4615402
-3.2527657;42.4614334
-3.2609243;42.4615936
-3.2478750;42.4619370
-3.2441194;42.4627457
-3.2659445;42.4640846
-3.2699692;42.4668922
-3.2701433;42.4676208
-3.2692890;42.4677620
-3.2703209;42.4682579
-3.2691896;42.4683723
-3.2708859;42.4683647
-3.2468829;42.4781265
-3.2475350;42.4806709
-3.2490544;42.4833946
-3.2491155;42.4834595
-3.2509425;42.4860153
-3.2510369;42.4869232
-3.2549837;42.4910469
-3.2513361;42.4969711
-3.2498045;42.4973869
-3.2383626;42.4978600
-3.2632205;42.6136856
-3.2630889;42.6138000
-3.2593586;42.6381798
-3.2593431;42.6381226
-3.2580118;42.6172752
-3.2577324;42.6170273
-3.2583313;42.6175575
-3.2581704;42.6174088
-3.2574689;42.6275711
-3.2572825;42.6276016
-3.2676635;42.6279030
-3.2675235;42.6279640
-3.2759349;42.6303024
-3.2758341;42.6302757
-3.2608354;42.6308670
-3.2607429;42.6308861
-3.2638600;42.6131668
-3.2604189;42.6157646
-3.2601221;42.6159172
-3.2588651;42.6164742
-3.2577026;42.6167068
-3.2575605;42.6168709
-3.2580745;42.6173325
-3.2572122;42.6168671
-3.2557967;42.6182060
-3.2549589;42.6187630
-3.2547908;42.6188545
-3.2637901;42.6231194
-3.2644029;42.6236763
-3.2656662;42.6251030
-3.2666600;42.6250954
-3.2656918;42.6251869
-3.2659535;42.6255875
-3.2664042;42.6259270
-3.2664180;42.6260033
-3.2654192;42.6260338
-3.2655361;42.6259842
-3.2663925;42.6262436
-3.2655537;42.6264458
-3.2655189;42.6264496
-3.2652972;42.6265411
-3.2663221;42.6266823
-3.2659907;42.6267891
-3.2666411;42.6268578
-3.2677991;42.6267052
-3.2673037;42.6268997
-3.2655060;42.6269150
-3.2653031;42.6269531
-3.2659838;42.6269722
-3.2663765;42.6269836
-3.2669528;42.6270218
-3.2642899;42.6270294
-3.2664003;42.6271553
-3.2623076;42.6272812
-3.2617421;42.6272697
-3.2672164;42.6273193
-3.2668912;42.6273651
-3.2672434;42.6273994
-3.2659845;42.6274452
-3.2661612;42.6275749
-3.2671311;42.6275787
-3.2556438;42.6276512
-3.2523174;42.6261749
-3.2660825;42.6277313
-3.2662175;42.6277466
-3.2558920;42.6277809
-3.2687473;42.6275597
-3.2668564;42.6279564
-3.2669330;42.6281776
-3.2668598;42.6282043
-3.2668018;42.6282349
-3.2663417;42.6284943
-3.2842722;42.6312027
-3.2840517;42.6311607
-3.2576249;42.6315765
-3.3268814;42.5551910
-3.3269305;42.5552788
-3.3268375;42.5551033
-3.3169446;42.5546722
-3.3182364;42.5515556
-3.3689625;42.5321846
-3.3580379;42.5399094
-3.3422084;42.5469551
-3.3410864;42.5477409
-3.3401802;42.5482101
-3.3382592;42.5490646
-3.3356302;42.5499725
-3.3186750;42.5522575
-3.3191719;42.5519447
-3.3201306;42.5387497
-3.3200209;42.5389175
-3.3211508;42.5461349
-3.3210893;42.5458565
-3.3179853;42.5432014
-3.3180301;42.5434074
-3.3185503;42.5461082
-3.3185611;42.5461617
-3.3002920;42.5772209
-3.3002141;42.5773430
-3.3191986;42.5360413
-3.3186505;42.5357895
-3.3207951;42.5366440
-3.3207476;42.5365143
-3.3315325;42.5681038
-3.3315313;42.5678520
-3.4087009;42.4836731
-3.4085855;42.4836845
-3.3317707;42.5301094
-3.3318479;42.5300293
-3.3051105;42.5935478
-3.3047714;42.5935860
-3.2742479;42.5439186
-3.2740929;42.5438881
-3.2861929;42.5503006
-3.2853065;42.5498466
-3.3171751;42.5547600
-3.2961490;42.5691605
-3.2962718;42.5691376
-3.4043248;42.4834175
-3.4039187;42.4834557
-3.4039142;42.4836845
-3.4043925;42.4836426
-3.3288860;42.5298538
-3.3285761;42.5299950
-3.3286932;42.5301590
-3.3290043;42.5300255
-3.3266990;42.5307350
-3.3250351;42.5312157
-3.3250825;42.5313759
-3.3267176;42.5309067
-3.3204114;42.5319214
-3.3199568;42.5319557
-3.3199582;42.5321236
-3.3204255;42.5320816
-3.3115547;42.5342751
-3.3112695;42.5344505
-3.3114769;42.5346107
-3.3117476;42.5344162
-3.2899649;42.5461311
-3.2896435;42.5464211
-3.2898178;42.5465546
-3.2901235;42.5463181
-3.2786119;42.5563431
-3.2784977;42.5564194
-3.2786877;42.5566254
-3.2788310;42.5565338
-3.3203864;42.5317955
-3.3200233;42.5318184
-3.3167813;42.5546112
-3.3162136;42.5543976
-3.3204007;42.5562515
-3.3197296;42.5573235
-3.3309126;42.5636749
-3.3309181;42.5638313
-3.3314505;42.5664024
-3.3315015;42.5638199
-3.3321891;42.5645714
-3.3315513;42.5649719
-3.4087882;42.4832840
-3.4020348;42.4836197
-3.4088681;42.4834595
-3.4089537;42.4836540
-3.4020572;42.4838333
-3.4041450;42.4838829
-3.4003165;42.4864464
-3.4002516;42.4865227
-3.4008501;42.4866867
-3.3998303;42.4869690
-3.4009795;42.4872704
-3.4014311;42.4872780
-3.4023907;42.4874458
-3.4005277;42.4874535
-3.3964167;42.4890900
-3.3389580;42.5140839
-3.3345840;42.5200195
-3.2883651;42.5204391
-3.3726430;42.5197525
-3.3702035;42.5208588
-3.3372357;42.5238342
-3.3433528;42.5158958
-3.3627427;42.5240173
-3.3624825;42.5240746
-3.3642478;42.5240936
-3.3622649;42.5241470
-3.3628612;42.5242310
-3.3619499;42.5242729
-3.3625457;42.5242882
-3.3623669;42.5243378
-3.3624585;42.5244026
-3.3620582;42.5244141
-3.3430364;42.5158920
-3.3363261;42.5244637
-3.3614118;42.5245018
-3.3617754;42.5245018
-3.3621106;42.5245094
-3.3625276;42.5245552
-3.3613787;42.5245972
-3.3618150;42.5246010
-3.3607578;42.5246468
-3.3621116;42.5246506
-3.3628783;42.5246544
-3.3625283;42.5246811
-3.3623788;42.5247116
-3.3618841;42.5247231
-3.3609030;42.5247231
-3.3628335;42.5247536
-3.3625789;42.5247955
-3.3613207;42.5248108
-3.3616397;42.5248146
-3.3624220;42.5248528
-3.3622429;42.5248528
-3.3618884;42.5248833
-3.3624325;42.5249939
-3.3626182;42.5250092
-3.3619545;42.5250854
-3.3624592;42.5250854
-3.3621361;42.5251045
-3.3593156;42.5251656
-3.3878975;42.5230217
-3.3768098;42.5251503
-3.3429701;42.5252342
-3.3407576;42.5252266
-3.3469770;42.5252457
-3.3399124;42.5253143
-3.3509760;42.5256081
-3.3347785;42.5256424
-3.2941968;42.5257492
-3.3365104;42.5257492
-3.3342113;42.5260963
-3.3338463;42.5263977
-3.3329630;42.5272217
-3.3023508;42.5272942
-3.3334737;42.5275459
-3.3329160;42.5279694
-3.3760900;42.5281181
-3.3320472;42.5285530
-3.3325346;42.5287247
-3.3309040;42.5288353
-3.3314354;42.5289307
-3.3312776;42.5290184
-3.3321326;42.5291328
-3.3322284;42.5289459
-3.3269467;42.5295410
-3.3299208;42.5295792
-3.3046379;42.5298805
-3.3317499;42.5301323
-3.3243546;42.5313568
-3.3305693;42.5313606
-3.3238015;42.5316353
-3.3301287;42.5318069
-3.3199241;42.5318260
-3.3100023;42.5321541
-3.3696508;42.5322151
-3.3172545;42.5322418
-3.3200150;42.5330353
-3.3157995;42.5328407
-3.3199387;42.5332108
-3.3137336;42.5333328
-3.3195138;42.5334740
-3.3104634;42.5337029
-3.3194389;42.5335312
-3.3189349;42.5339470
-3.3187134;42.5341339
-3.3214414;42.5341797
-3.3185644;42.5342674
-3.3190176;42.5343895
-3.3209860;42.5344429
-3.3209076;42.5344849
-3.3205795;42.5346870
-3.3180416;42.5348396
-3.3180146;42.5351334
-3.3177073;42.5353470
-3.3175037;42.5353699
-3.3173928;42.5354424
-3.3181601;42.5354614
-3.3171315;42.5355415
-3.3170092;42.5355911
-3.3169019;42.5355988
-3.3173451;42.5356407
-3.3162491;42.5356560
-3.3192205;42.5356827
-3.3185022;42.5357018
-3.3170400;42.5357246
-3.3190067;42.5357399
-3.3174398;42.5358391
-3.3204219;42.5359344
-3.3201742;42.5359383
-3.3187497;42.5359879
-3.3178616;42.5360336
-3.3202727;42.5361404
-3.3197646;42.5361519
-3.3206391;42.5363159
-3.3182774;42.5365982
-3.3244979;42.5366821
-3.3208413;42.5367775
-3.3181174;42.5369186
-3.3177791;42.5380783
-3.3177474;42.5383224
-3.3226011;42.5384598
-3.3198590;42.5392075
-3.3199596;42.5392036
-3.3198116;42.5393600
-3.3219473;42.5395126
-3.3322344;42.5403595
-3.3335898;42.5398140
-3.3567891;42.5405731
-3.3314652;42.5407143
-3.3193748;42.5407486
-3.3309031;42.5410576
-3.3201871;42.5418053
-3.3218350;42.5419350
-3.3295457;42.5419960
-3.3293021;42.5421181
-3.3193007;42.5422707
-3.3519869;42.5423889
-3.3195560;42.5424919
-3.3178589;42.5425186
-3.3211219;42.5425606
-3.3208330;42.5426140
-3.3203769;42.5426941
-3.3197672;42.5427513
-3.3206515;42.5428848
-3.3193026;42.5427284
-3.3204594;42.5430603
-3.3485098;42.5432320
-3.3265455;42.5436440
-3.3218896;42.5437279
-3.3267710;42.5438881
-3.2636223;42.5438232
-3.3469281;42.5441818
-3.3206675;42.5440178
-3.3232379;42.5441780
-3.3234138;42.5444756
-3.3227429;42.5444794
-3.3228710;42.5446053
-3.3228912;42.5446243
-3.3227274;42.5446434
-3.3260596;42.5446892
-3.3227630;42.5447006
-3.3229976;42.5447273
-3.3459663;42.5447731
-3.3226647;42.5447388
-3.3224626;42.5448112
-3.3210497;42.5435562
-3.3240604;42.5449905
-3.3218904;42.5450401
-3.3256543;42.5450745
-3.3251274;42.5445633
-3.3253679;42.5452385
-3.3213577;42.5452538
-3.3209803;42.5453682
-3.2779787;42.5454063
-3.3447127;42.5456123
-3.3184500;42.5456161
-3.3255506;42.5456772
-3.3262587;42.5452728
-3.3243842;42.5457039
-3.2787559;42.5457420
-3.3256385;42.5458870
-3.2566044;42.5459290
-3.3218970;42.5460091
-3.3239315;42.5460472
-3.3244681;42.5460777
-3.3225458;42.5461311
-3.3234434;42.5461845
-3.3185706;42.5462074
-3.3265188;42.5462151
-3.3258288;42.5463867
-3.3272486;42.5449371
-3.3243539;42.5463905
-3.3240035;42.5461464
-3.3241818;42.5464172
-3.3340507;42.5465240
-3.3344142;42.5460281
-3.2548444;42.5465546
-3.3242717;42.5465546
-3.3243251;42.5466385
-3.3247635;42.5466499
-3.3245585;42.5466995
-3.3243871;42.5467339
-3.3238614;42.5467644
-3.3222141;42.5467949
-3.3256485;42.5468025
-3.3213017;42.5468178
-3.3261149;42.5468407
-3.3254063;42.5471344
-3.3263481;42.5471954
-3.3335383;42.5472336
-3.3214190;42.5473480
-3.3200011;42.5472183
-3.3333986;42.5474815
-3.3250821;42.5475769
-3.3244641;42.5477295
-3.3248155;42.5477448
-3.3263443;42.5478020
-3.3262892;42.5474854
-3.3275757;42.5478897
-3.3248236;42.5479164
-3.3263960;42.5480499
-3.3265882;42.5480156
-3.3261433;42.5480919
-3.3256462;42.5481796
-3.3215954;42.5482292
-3.3201323;42.5481110
-3.3220258;42.5482407
-3.3226507;42.5482864
-3.3232608;42.5483322
-3.3282661;42.5484085
-3.3244805;42.5484200
-3.3248608;42.5484428
-3.3254313;42.5484810
-3.3258023;42.5485039
-3.3260016;42.5486374
-3.3225660;42.5489998
-3.3233476;42.5490494
-3.3288319;42.5495377
-3.3185768;42.5497360
-3.2850952;42.5497360
-3.3224730;42.5497475
-3.3232014;42.5497513
-3.3238378;42.5497742
-3.3245389;42.5498047
-3.3249187;42.5498085
-3.3254240;42.5498085
-3.3266325;42.5498161
-3.3272495;42.5503540
-3.3237901;42.5503616
-3.3283494;42.5503960
-3.3267839;42.5504036
-3.3245714;42.5504265
-3.3304963;42.5505219
-3.3305616;42.5505333
-3.3306508;42.5505486
-3.3245769;42.5505753
-3.3249640;42.5505753
-3.3254251;42.5505791
-3.3208058;42.5506325
-3.3219905;42.5506821
-3.2869947;42.5506973
-3.3223588;42.5506973
-3.3230016;42.5507278
-3.3237221;42.5507393
-3.3327277;42.5507545
-3.3242397;42.5507698
-3.3245862;42.5508194
-3.3249760;42.5508270
-3.3206675;42.5509682
-3.3338885;42.5510330
-3.3201098;42.5513306
-3.3200312;42.5510254
-3.3199852;42.5514107
-3.3212750;42.5514488
-3.2931190;42.5514717
-3.3219163;42.5514832
-3.3222740;42.5514908
-3.3228607;42.5515251
-3.2933896;42.5515289
-3.3235028;42.5515556
-3.3239982;42.5515862
-3.3246245;42.5516129
-3.3250141;42.5516319
-3.3218770;42.5519524
-3.3254211;42.5520020
-3.3227649;42.5520706
-3.3220367;42.5520859
-3.3234036;42.5521164
-3.3239932;42.5521584
-3.3221703;42.5521927
-3.3246481;42.5522079
-3.3250268;42.5522232
-3.3265860;42.5522270
-3.3274028;42.5521736
-3.3227293;42.5522499
-3.3262978;42.5522537
-3.3292034;42.5522652
-3.3254199;42.5522728
-3.3186193;42.5522957
-3.3233964;42.5523186
-3.3247013;42.5524750
-3.3210301;42.5526657
-3.3263085;42.5527229
-3.3317063;42.5527534
-3.3002341;42.5528679
-3.3022370;42.5529442
-3.3232667;42.5530052
-3.3254137;42.5530281
-3.3266382;42.5530586
-3.3237700;42.5530815
-3.3242035;42.5531235
-3.3311973;42.5531654
-3.3247259;42.5531693
-3.3259361;42.5531845
-3.3109040;42.5533333
-3.3218956;42.5533752
-3.3259110;42.5534286
-3.3259964;42.5535278
-3.3223572;42.5535507
-3.3142822;42.5535965
-3.3135478;42.5536118
-3.3231444;42.5536461
-3.3253250;42.5536652
-3.3139997;42.5536652
-3.3236248;42.5536957
-3.3139286;42.5537376
-3.3253541;42.5537376
-3.3240583;42.5537415
-3.3145287;42.5537491
-3.3245959;42.5537949
-3.3150294;42.5539551
-3.3144403;42.5540085
-3.3140147;42.5540123
-3.3216066;42.5545082
-3.3257425;42.5546608
-3.3176405;42.5546875
-3.3194919;42.5546989
-3.3214560;42.5547028
-3.3172772;42.5547981
-3.3241305;42.5548210
-3.3280649;42.5548401
-3.3267567;42.5549431
-3.3119724;42.5550003
-3.3239443;42.5550346
-3.3260241;42.5550537
-3.3239019;42.5551186
-3.3210938;42.5551643
-3.3238523;42.5552368
-3.3246629;42.5552406
-3.3227251;42.5553360
-3.3204751;42.5561333
-3.3212121;42.5563431
-3.3107948;42.5563774
-3.3218014;42.5565147
-3.3221517;42.5566177
-3.3276150;42.5566216
-3.3224046;42.5566864
-3.3233330;42.5567093
-3.3232131;42.5569153
-3.3231885;42.5569572
-3.3264096;42.5569572
-3.3144093;42.5570641
-3.3229077;42.5573273
-3.3237269;42.5573997
-3.3204434;42.5575790
-3.3176413;42.5576820
-3.3162694;42.5571938
-3.3209651;42.5577621
-3.3215857;42.5579758
-3.3244328;42.5580101
-3.3221943;42.5581932
-3.3191664;42.5582047
-3.3129535;42.5585823
-3.3231969;42.5586700
-3.3299582;42.5602188
-3.3159428;42.5603676
-3.3211625;42.5603714
-3.3300459;42.5605125
-3.3174696;42.5608978
-3.3302839;42.5613022
-3.3187046;42.5613251
-3.3207660;42.5615730
-3.3213289;42.5617371
-3.3205504;42.5619621
-3.3306656;42.5624847
-3.3222702;42.5625458
-3.3162496;42.5627670
-3.3172071;42.5630913
-3.3097878;42.5631104
-3.3153300;42.5642319
-3.3162799;42.5645676
-3.3413677;42.5650749
-3.3377969;42.5656891
-3.3144226;42.5657616
-3.3363044;42.5659332
-3.3176453;42.5660210
-3.3153574;42.5660362
-3.3160875;42.5662537
-3.2980309;42.5663033
-3.2979925;42.5663300
-3.3317878;42.5664177
-3.3174660;42.5664673
-3.3314662;42.5666771
-3.3315072;42.5673141
-3.2630613;42.5680199
-3.2958403;42.5680237
-3.2633381;42.5680847
-3.2951305;42.5687599
-3.3166821;42.5688210
-3.2968388;42.5686226
-3.2966821;42.5689545
-3.2981272;42.5690536
-3.2973683;42.5690994
-3.2978468;42.5686531
-3.2978048;42.5690994
-3.2981024;42.5690994
-3.2957327;42.5690994
-3.2970071;42.5691948
-3.2974346;42.5692711
-3.2940705;42.5694160
-3.2971306;42.5694771
-3.2970622;42.5696373
-3.2972760;42.5696487
-3.3315403;42.5697250
-3.3162692;42.5697746
-3.2981637;42.5701370
-3.2974510;42.5704803
-3.2977190;42.5706558
-3.2974575;42.5706596
-3.2983456;42.5706863
-3.2984350;42.5707779
-3.2931235;42.5708618
-3.3314631;42.5711327
-3.3015916;42.5722198
-3.3313746;42.5722656
-3.3092396;42.5735741
-3.2880664;42.5735474
-3.2775166;42.5779228
-3.3123090;42.5784149
-3.2993851;42.5785942
-3.2992527;42.5787697
-3.3116248;42.5800056
-3.2959204;42.5826721
-3.2929389;42.5854836
-3.2904060;42.5878410
-3.3079188;42.5901794
-3.2878690;42.5902786
-3.3079851;42.5905380
-3.3077471;42.5905991
-3.3074288;42.5910797
-3.2869906;42.5911140
-3.3060837;42.5913963
-3.3058729;42.5914917
-3.3055882;42.5915718
-3.3063655;42.5915909
-3.3060672;42.5917015
-3.3056512;42.5917702
-3.3068805;42.5918884
-3.3071499;42.5919304
-3.3066480;42.5919914
-3.3063214;42.5921059
-3.3061612;42.5921135
-3.3058238;42.5921478
-3.3071897;42.5922050
-3.3068786;42.5922813
-3.3065264;42.5923576
-3.3062944;42.5923996
-3.3061159;42.5924263
-3.3090048;42.5924492
-3.3059189;42.5924606
-3.3071423;42.5925179
-3.3067060;42.5926247
-3.3066442;42.5926361
-3.3063633;42.5926971
-3.3061745;42.5928230
-3.3059692;42.5928459
-3.3111751;42.5928802
-3.3064072;42.5929031
-3.3062444;42.5929375
-3.3054724;42.5934525
-3.3019240;42.5943832
-3.3025613;42.6010666
-3.3159230;42.6046181
-3.3040674;42.6093559
-3.3241198;42.5463181
-3.6919558;42.3860321
-3.6923761;42.3860207
-3.6919682;42.3859291
-3.6924193;42.3858910
-3.6940594;42.3857384
-3.6925251;42.3855438
-3.6921844;42.3856010
-3.6940079;42.3855667
-3.6924729;42.3857117
-3.6921124;42.3857384
-3.6053097;42.3824234
-3.6052709;42.3824921
-3.6726747;42.3826141
-3.6672385;42.3802376
-3.6670096;42.3805199
-3.6721582;42.3827553
-3.6967783;42.3852997
-3.6968086;42.3854713
-3.6923873;42.3855095
-3.6921709;42.3860741
-3.6918817;42.3868217
-3.2695644;42.6634140
-3.2695429;42.6638527
-3.2696805;42.6639175
-3.2696171;42.6635513
-3.2631454;42.6637421
-3.2633879;42.6635590
-3.2663219;42.6637611
-3.2682920;42.6639977
-3.2666562;42.6637611
-3.2856698;42.4801826
-3.2859836;42.4799042
-3.2852421;42.4805527
-3.2841589;42.4810486
-3.2848539;42.4807816
-3.6091700;42.3783302
-3.6949525;42.3807716
-3.6952903;42.3807945
-3.6945207;42.3808174
-3.6501591;42.3812981
-3.6934533;42.3827705
-3.6476810;42.3827934
-3.6951306;42.3831711
-3.6950114;42.3831825
-3.6468856;42.3832817
-3.6466846;42.3834076
-3.6465926;42.3834648
-3.6047292;42.3837204
-3.6828558;42.3852005
-3.6928377;42.3843422
-3.6838994;42.3856964
-3.7014294;42.3847008
-3.7006798;42.3848343
-3.6955452;42.3849525
-3.6951783;42.3849792
-3.7007425;42.3850288
-3.7013702;42.3849106
-3.6994350;42.3850327
-3.7004611;42.3850784
-3.6959267;42.3850822
-3.6948240;42.3851814
-3.6047139;42.3852654
-3.6959760;42.3858681
-3.6047187;42.3858986
-3.6958530;42.3859444
-3.6950140;42.3859444
-3.6897535;42.3859711
-3.6047230;42.3859901
-3.6953769;42.3860397
-3.6897476;42.3861313
-3.6046312;42.3864746
-3.6046019;42.3867264
-3.6043451;42.3868637
-3.6040907;42.3864479
-3.6042123;42.3872566
-3.6046221;42.3873100
-3.6040726;42.3873634
-3.6045823;42.3874855
-3.6915660;42.3876419
-3.6044440;42.3877563
-3.6044157;42.3878059
-3.6056008;42.3875580
-3.6914656;42.3879013
-3.6042128;42.3880768
-3.6041558;42.3881035
-3.6040630;42.3881493
-3.6912122;42.3885612
-3.6038496;42.3890991
-3.6940680;42.3891487
-3.6939554;42.3893204
-3.6908433;42.3895569
-3.6966014;42.3914642
-3.6972060;42.3922615
-3.6969364;42.3923187
-3.6969666;42.3923607
-3.6901777;42.3940086
-3.6902971;42.3944969
-3.6906083;42.3946686
-3.6907079;42.3946991
-3.6903493;42.3947144
-3.6902595;42.3947220
-3.6903586;42.3947525
-3.6906235;42.3947601
-3.6904714;42.3948708
-3.6904006;42.3949203
-3.2650528;42.6635399
-3.2647657;42.6635056
-3.2643468;42.6634521
-3.2650383;42.6636047
-3.2655184;42.6636620
-3.2647653;42.6635704
-3.2650213;42.6636276
-3.2647526;42.6636009
-3.2679608;42.6599960
-3.2680035;42.6600723
-3.2680459;42.6601486
-3.2680726;42.6601982
-3.2629635;42.6578941
-3.2628429;42.6578407
-3.2491252;42.6582336
-3.2494185;42.6583519
-3.2593672;42.6382179
-3.2605982;42.6429062
-3.2605522;42.6427193
-3.2619548;42.6479340
-3.2619138;42.6477776
-3.2627306;42.6508408
-3.2626972;42.6507111
-3.2707613;42.6579399
-3.2706547;42.6579208
-3.2541509;42.6662292
-3.2540669;42.6663132
-3.2620921;42.6630173
-3.2632143;42.6635742
-3.2634158;42.6633911
-3.2593894;42.6383171
-3.2609830;42.6442986
-3.2880065;42.6416855
-3.2832670;42.6506729
-3.2638028;42.6551056
-3.2639830;42.6559181
-3.2750576;42.6561546
-3.2641237;42.6564751
-3.2456148;42.6568909
-3.2691329;42.6572990
-3.2665796;42.6573219
-3.2661901;42.6574516
-3.2693000;42.6576004
-3.2692378;42.6575775
-3.2659254;42.6576004
-3.2659497;42.6576538
-3.2655036;42.6577110
-3.2682137;42.6577797
-3.2624884;42.6576843
-3.2654877;42.6578560
-3.2681243;42.6579170
-3.2656751;42.6580391
-3.2651198;42.6580582
-3.2679584;42.6580734
-3.2654088;42.6580925
-3.2654660;42.6579857
-3.2660713;42.6581078
-3.2663238;42.6580658
-3.2654800;42.6581078
-3.2660534;42.6581345
-3.2652011;42.6581726
-3.2639952;42.6581764
-3.2639585;42.6582031
-3.2640395;42.6582184
-3.2645907;42.6580620
-3.2651691;42.6582527
-3.2649114;42.6582947
-3.2648144;42.6583252
-3.2647846;42.6583595
-3.2661502;42.6583824
-3.2682300;42.6584167
-3.2685816;42.6581154
-3.2742758;42.6584435
-3.2853248;42.4806709
-3.2650101;42.6584816
-3.2644768;42.6585426
-3.2655065;42.6585464
-3.2656631;42.6585503
-3.2653618;42.6585770
-3.2644076;42.6585846
-3.2649009;42.6585999
-3.2672036;42.6586342
-3.2643540;42.6586380
-3.2677922;42.6586494
-3.2674766;42.6587067
-3.2645907;42.6587105
-3.2672374;42.6587334
-3.2666736;42.6587486
-3.2666132;42.6587296
-3.2660627;42.6587524
-3.2644675;42.6587601
-3.2667243;42.6587677
-3.2641943;42.6587944
-3.2668688;42.6588135
-3.2670472;42.6588326
-3.2672768;42.6588593
-3.2679732;42.6588402
-3.2675254;42.6588898
-3.2662904;42.6589355
-3.2668345;42.6589890
-3.2667968;42.6589928
-3.2666998;42.6590042
-3.2646267;42.6590042
-3.2673175;42.6590157
-3.2673965;42.6590271
-3.2649078;42.6590996
-3.2643456;42.6592522
-3.2659125;42.6592674
-3.2651370;42.6592903
-3.2639859;42.6593323
-3.2640302;42.6590919
-3.2675936;42.6593437
-3.2643578;42.6595116
-3.2651305;42.6595802
-3.2655225;42.6597328
-3.2628489;42.6597366
-3.2647583;42.6597366
-3.2739179;42.6597672
-3.2646635;42.6597900
-3.2739100;42.6597977
-3.2648618;42.6599388
-3.2653379;42.6600075
-3.2640202;42.6600113
-3.2639854;42.6600113
-3.2640810;42.6600189
-3.2632570;42.6600571
-3.2651675;42.6600761
-3.2656801;42.6600647
-3.2625418;42.6601524
-3.2647731;42.6601906
-3.2643843;42.6602783
-3.2638843;42.6602936
-3.2640951;42.6605034
-3.2639444;42.6606102
-3.2634804;42.6606140
-3.2639461;42.6606445
-3.2633932;42.6607552
-3.2638826;42.6608582
-3.2641673;42.6607208
-3.2638202;42.6609955
-3.2620847;42.6611137
-3.2638144;42.6612015
-3.2579155;42.6614456
-3.2641225;42.6614761
-3.2581649;42.6615295
-3.2636249;42.6617012
-3.2635865;42.6617966
-3.2600682;42.6618500
-3.2595413;42.6619110
-3.2604153;42.6619873
-3.2594194;42.6619873
-3.2597418;42.6619949
-3.2593832;42.6620712
-3.2597110;42.6621017
-3.2617970;42.6621017
-3.2596545;42.6621666
-3.2596049;42.6621857
-3.2616038;42.6622238
-3.2614765;42.6622543
-3.2616904;42.6622810
-3.2617557;42.6624718
-3.2608631;42.6625366
-3.2589874;42.6625481
-3.2611713;42.6626511
-3.2695301;42.6633148
-3.2701609;42.6633720
-3.2643411;42.6635590
-3.2567315;42.6640549
-3.2695856;42.6640892
-3.2697220;42.6641769
-3.2705870;42.6642036
-3.2709291;42.6642418
-3.2705796;42.6642761
-3.2708869;42.6643143
-3.2751806;42.6647682
-3.2764895;42.6649170
-3.2765698;42.6649284
-3.2556565;42.6649590
-3.2495501;42.6700325
-3.2590187;42.6726112
-3.2586133;42.6749458
-3.2504439;42.6820679
-3.2658026;42.6900444
-3.2536137;42.6887627
-3.4667413;42.7318497
-3.4649987;42.7291336
-3.4670889;42.7327309
-3.4671245;42.7332230
-3.4670918;42.7335320
-3.4670901;42.7336235
-3.4675708;42.7337036
-3.4678547;42.7337151
-3.4671404;42.7337227
-3.4671600;42.7339249
-3.4667368;42.7339134
-3.4667640;42.7340622
-3.4666920;42.7342339
-3.4672036;42.7343712
-3.4670377;42.7344093
-3.4711363;42.7344170
-3.4703960;42.7343750
-3.4713123;42.7344284
-3.4672856;42.7344513
-3.4667842;42.7344589
-3.4666948;42.7344627
-3.4695899;42.7345695
-3.4669871;42.7345963
-3.4667261;42.7345963
-3.4675987;42.7346306
-3.4669161;42.7346992
-3.4678824;42.7347603
-3.4660726;42.7347946
-3.4672339;42.7348099
-3.4666083;42.7348213
-3.4699619;42.7348328
-3.4660735;42.7348404
-3.4668043;42.7348900
-3.4660378;42.7349472
-3.4669092;42.7350044
-3.4663594;42.7350693
-3.4667714;42.7351227
-3.4651151;42.7351532
-3.4744565;42.7351685
-3.4665117;42.7353287
-3.4666641;42.7353706
-3.4658234;42.7354431
-3.4660408;42.7354126
-3.4659071;42.7362175
-3.4665875;42.7479973
-3.4662349;42.7481461
-3.4678748;42.7485199
-3.4731894;42.7495880
-3.4725039;42.7496147
-3.4932277;42.6001015
-3.4924648;42.6014557
-3.4925022;42.6051216
-3.4935603;42.5963860
-3.4977684;42.5787125
-3.4978032;42.5788078
-3.4513223;42.5644989
-3.4512408;42.5645866
-3.5192454;42.5968628
-3.5191250;42.5969696
-3.4934654;42.5960236
-3.4935036;42.5961685
-3.4680791;42.5603447
-3.4679208;42.5603752
-3.4484637;42.5663567
-3.4482024;42.5664406
-3.5163848;42.5980301
-3.5161862;42.5979500
-3.4838555;42.5980873
-3.4838021;42.5981865
-3.4974682;42.6089325
-3.4971902;42.6090050
-3.4748540;42.5595741
-3.4744413;42.5596695
-3.4682245;42.5603180
-3.4544883;42.5631218
-3.4540138;42.5631790
-3.4528644;42.5634346
-3.4524457;42.5635414
-3.4522440;42.5636063
-3.4523523;42.5630493
-3.4521945;42.5636406
-3.4529963;42.5636520
-3.4525182;42.5636635
-3.4519598;42.5638199
-3.4520788;42.5639839
-3.4517877;42.5639839
-3.4521823;42.5641251
-3.4514737;42.5643349
-3.4509351;42.5643196
-3.4508047;42.5645294
-3.4508893;42.5648842
-3.4506931;42.5646935
-3.4508667;42.5648956
-3.4500310;42.5652657
-3.4499395;42.5653419
-3.4481514;42.5664749
-3.4454851;42.5701370
-3.4982467;42.5694351
-3.4984593;42.5707550
-3.4989939;42.5770454
-3.4992521;42.5765572
-3.4974744;42.5775909
-3.4974785;42.5776596
-3.4974959;42.5778236
-3.4983697;42.5780487
-3.4989142;42.5783119
-3.4992864;42.5783348
-3.4989662;42.5783997
-3.4990268;42.5785179
-3.4991825;42.5785217
-3.4993274;42.5785561
-3.4986191;42.5785828
-3.4983294;42.5786476
-3.4990866;42.5787849
-3.4992654;42.5788574
-3.4986687;42.5789070
-3.4984674;42.5789185
-3.4983919;42.5789185
-3.4986770;42.5789375
-3.4991086;42.5789604
-3.4986892;42.5789871
-3.4997406;42.5790062
-3.4978294;42.5790749
-3.4987085;42.5791054
-3.4997542;42.5791397
-3.4983778;42.5794373
-3.4971035;42.5810471
-3.4969959;42.5813370
-3.4918058;42.5877838
-3.4902477;42.5895004
-3.4932017;42.5925903
-3.5214977;42.5958214
-3.5214901;42.5957375
-3.5208898;42.5965805
-3.5202026;42.5967064
-3.5198934;42.5964775
-3.5200701;42.5967903
-3.5204146;42.5967484
-3.5203359;42.5968170
-3.5204823;42.5969162
-3.5198903;42.5970459
-3.5201683;42.5971718
-3.5202835;42.5971947
-3.5202949;42.5972214
-3.5186937;42.5973816
-3.5204577;42.5974083
-3.5198815;42.5975761
-3.5190983;42.5975914
-3.5200353;42.5976639
-3.5206518;42.5976868
-3.5206535;42.5977440
-3.5199964;42.5977707
-3.5197487;42.5977783
-3.5198057;42.5977898
-3.5207169;42.5978355
-3.5151558;42.5979042
-3.5201170;42.5979919
-3.5208490;42.5980301
-3.4837766;42.5982323
-3.5195966;42.5982513
-3.5122328;42.5997772
-3.4791107;42.6047478
-3.4910927;42.6088524
-3.2852082;42.4808960
-3.2847667;42.4812737
-3.2826397;42.4810524
-3.2822554;42.4813271
-3.2822046;42.4812813
-3.2846344;42.4813271
-3.2833216;42.4814186
-3.2831306;42.4816437
-3.2830644;42.4820366
-3.2827730;42.4825668
-3.2830935;42.4829216
-3.2837758;42.4831429
-3.2837794;42.4833984
-3.2723374;42.4892616
-3.2419508;42.6804237
-3.2476251;42.6832275
-3.2454810;42.6842880
-3.2499938;42.6864471
-3.2525108;42.6877403
-3.3843863;42.4833298
-3.3842957;42.4833527
-3.3839660;42.4827156
-3.3837278;42.4823761
-3.4004192;42.4796524
-3.4003158;42.4796638
-3.3840606;42.4825478
-3.3837194;42.4826317
-3.3705580;42.4896507
-3.3703854;42.4897308
-3.3760386;42.4874840
-3.3756700;42.4870529
-3.3981867;42.4791336
-3.3977580;42.4792824
-3.3980427;42.4794044
-3.4036195;42.4792137
-3.4004183;42.4794769
-3.4036934;42.4793854
-3.4004538;42.4796486
-3.3981349;42.4798965
-3.3982413;42.4802399
-3.3949766;42.4802704
-3.4037392;42.4795074
-3.3984549;42.4803505
-3.3979952;42.4804459
-3.3984356;42.4805641
-3.3914683;42.4811134
-3.3903263;42.4813957
-3.3898587;42.4816017
-3.3856416;42.4822578
-3.3836377;42.4822693
-3.3833356;42.4819183
-3.3851969;42.4823189
-3.3849232;42.4823570
-3.3855019;42.4825821
-3.3857582;42.4827385
-3.3856757;42.4827728
-3.3840241;42.4828415
-3.3849118;42.4828415
-3.3841314;42.4830818
-3.3848703;42.4831581
-3.3833659;42.4832191
-3.3842399;42.4833679
-3.3843791;42.4835243
-3.3837438;42.4835320
-3.3836329;42.4835663
-3.3841782;42.4836464
-3.3843205;42.4837418
-3.3839312;42.4837952
-3.3841307;42.4838753
-3.3844929;42.4840164
-3.3844001;42.4840736
-3.3846993;42.4843140
-3.3850777;42.4840317
-3.3847888;42.4843750
-3.3820829;42.4845009
-3.3788691;42.4858208
-3.3780808;42.4866638
-3.3756485;42.4866943
-3.3752923;42.4868507
-3.3755841;42.4869537
-3.3761148;42.4875755
-3.3764601;42.4876442
-3.3760657;42.4878311
-3.3763514;42.4878654
-3.3732269;42.4882469
-3.3734417;42.4885063
-3.3709202;42.4892845
-3.3942676;42.4906616
-3.3703864;42.4953308
-3.3704810;42.4955101
-3.3887832;42.4962387
-3.3879652;42.4975319
-4.0280051;42.5862045
-3.3807971;42.4246025
-3.3807023;42.4246025
-3.3622150;42.4169960
-3.3615093;42.4177704
-3.3611825;42.4177666
-3.3613977;42.4179802
-3.3608913;42.4181175
-3.3610966;42.4183311
-3.3654020;42.4183540
-3.3612421;42.4184761
-3.3605258;42.4186134
-3.3605642;42.4186630
-3.3605247;42.4186821
-3.3689940;42.4198227
-3.3738234;42.4204826
-3.3739274;42.4203262
-3.3736856;42.4202766
-3.3735459;42.4211464
-3.3735929;42.4202461
-3.3736486;42.4216728
-3.3733215;42.4217911
-3.3731647;42.4214630
-3.3729844;42.4219398
-3.3715739;42.4220428
-3.3737602;42.4221191
-3.3738422;42.4223213
-3.3735130;42.4225006
-3.3750732;42.4220543
-3.3739333;42.4225235
-3.3740306;42.4226303
-3.3738067;42.4227409
-3.3741763;42.4227829
-3.3745551;42.4227982
-3.3743536;42.4229050
-3.3737452;42.4231339
-3.3725979;42.4233055
-3.3689685;42.4232788
-3.3746378;42.4233398
-3.3747463;42.4234085
-3.3752348;42.4234123
-3.3739159;42.4234314
-3.3751132;42.4235802
-3.3749866;42.4236870
-3.3753035;42.4240646
-3.3747871;42.4240952
-3.3747771;42.4241753
-3.3747725;42.4245644
-3.3805325;42.4246063
-3.3758533;42.4249573
-3.3561494;42.4320717
-3.3548334;42.4334755
-3.3703463;42.7766190
-3.3694632;42.7765961
-3.3854969;42.7891693
-3.3585563;42.7806511
-3.3584356;42.7812271
-3.3984659;42.7939224
-3.3981342;42.7935333
-3.3597097;42.7833862
-3.3590679;42.7831383
-3.3451660;42.7719688
-3.3375928;42.7708206
-3.3694129;42.7766151
-3.3590128;42.7791023
-3.3584561;42.7816658
-3.3575015;42.7817307
-3.3574135;42.7816658
-3.3573406;42.7817612
-3.3569057;42.7818108
-3.3576565;42.7818565
-3.3575420;42.7819061
-3.3584878;42.7819099
-3.3572328;42.7819290
-3.3577871;42.7819748
-3.3584898;42.7819901
-3.3571401;42.7819939
-3.3566670;42.7819099
-3.3584151;42.7820053
-3.3576071;42.7820320
-3.3575642;42.7820435
-3.3581152;42.7820435
-3.3578935;42.7820969
-3.3572962;42.7821236
-3.3572545;42.7821274
-3.3567495;42.7822151
-3.3583753;42.7822342
-3.3585274;42.7822380
-3.3568120;42.7822533
-3.3585300;42.7822647
-3.3567646;42.7822762
-3.3586929;42.7822876
-3.3580947;42.7823029
-3.3579743;42.7823143
-3.3566513;42.7823219
-3.3576756;42.7823524
-3.3557715;42.7823563
-3.3562772;42.7823753
-3.3575451;42.7824135
-3.3577006;42.7824326
-3.3589544;42.7824364
-3.3571267;42.7824707
-3.3562641;42.7824707
-3.3570380;42.7824783
-3.3566391;42.7825165
-3.3567154;42.7825165
-3.3589804;42.7825394
-3.3576782;42.7825508
-3.3585143;42.7826157
-3.3583105;42.7826042
-3.3575647;42.7826881
-3.3584166;42.7827454
-3.3578293;42.7829437
-3.3556285;42.7831459
-3.3580427;42.7836304
-3.4185987;42.7859154
-3.4185796;42.7859268
-3.4137666;42.7881165
-3.4124358;42.7881775
-3.4114876;42.7885666
-3.4114101;42.7886047
-3.3857989;42.7894669
-3.3873680;42.7906303
-3.3899808;42.7922592
-3.3953741;42.7938690
-3.4058821;42.7933502
-3.3986566;42.7941513
-3.3984556;42.7942390
-3.2843549;42.4026642
-3.2842727;42.4027290
-3.2783887;42.4048271
-3.2782314;42.4048615
-3.2739036;42.4058266
-3.2737889;42.4058495
-3.2936866;42.4012299
-3.2852199;42.4022408
-3.2836258;42.4032974
-3.2832663;42.4035187
-3.2819667;42.4040337
-3.2801173;42.4044228
-3.2799892;42.4044495
-3.2796500;42.4045296
-3.2799096;42.4046860
-3.2800276;42.4048462
-3.2800217;42.4049606
-3.2771568;42.4051056
-3.2765985;42.4052238
-3.2797406;42.4053574
-3.2799163;42.4054947
-3.2795792;42.4055061
-3.2792246;42.4053764
-3.2806168;42.4056587
-3.2813973;42.4056969
-3.2814925;42.4056969
-3.2789474;42.4057884
-3.2797990;42.4060822
-3.2819052;42.4063873
-3.2817357;42.4067535
-3.2814219;42.4068489
-3.2803183;42.4068680
-3.2800548;42.4069786
-3.2794771;42.4069901
-3.2707694;42.4071426
-3.2795103;42.4071465
-3.2796099;42.4071579
-3.2834952;42.4174538
-3.2834613;42.4174652
-3.2876055;42.4179726
-3.2764738;42.4186935
-3.2719960;42.4200401
-3.2701547;42.4204407
-3.5039802;42.4242287
-3.5037997;42.4242172
-3.4844978;42.4189987
-3.4851513;42.4182320
-3.4837985;42.4187317
-3.4845562;42.4190331
-3.4855611;42.4189873
-3.4851139;42.4191818
-3.4847016;42.4191895
-3.4848738;42.4192810
-3.4844658;42.4193077
-3.4849601;42.4193382
-3.4843652;42.4194603
-3.4842489;42.4195137
-3.4843938;42.4196091
-3.4838402;42.4198074
-3.4846697;42.4198952
-3.4857023;42.4199333
-3.4862144;42.4199409
-3.4836714;42.4200211
-3.4842305;42.4200783
-3.4851327;42.4201202
-3.4858520;42.4202995
-3.4844439;42.4203262
-3.4992211;42.4232826
-3.5084739;42.4238358
-3.5068176;42.4242897
-3.5003891;42.4302406
-3.5069208;42.4257736
-3.5072322;42.4254875
-3.4999881;42.4304276
-3.2927623;42.7730598
-3.2926834;42.7731438
-3.2925084;42.7733345
-3.3050547;42.7496223
-3.3052042;42.7496872
-3.3059747;42.7491646
-3.3061714;42.7494125
-3.3064425;42.7485046
-3.3073392;42.7481728
-3.3084919;42.7474403
-3.3143117;42.7363510
-3.3084722;42.7476654
-3.2940826;42.7690468
-3.2942314;42.7703476
-3.2914796;42.7614632
-3.2916236;42.7615356
-3.3052905;42.7497673
-3.2947133;42.7689323
-3.2946718;42.7696800
-3.2883327;42.7684174
-3.2884479;42.7684364
-3.3039694;42.7733994
-3.3040941;42.7734108
-3.2673433;42.7476997
-3.2660344;42.7473297
-3.3049207;42.7496223
-3.3054156;42.7498169
-3.3054569;42.7497520
-3.3055243;42.7498932
-3.3044801;42.7500610
-3.3048892;42.7503624
-3.3048587;42.7505722
-3.3040452;42.7507057
-3.3048375;42.7507172
-3.3037882;42.7526817
-3.3036854;42.7527580
-3.3036227;42.7528076
-3.2738338;42.7534485
-3.2983956;42.7534790
-3.2967823;42.7581940
-3.2808723;42.7583694
-3.2821651;42.7583885
-3.2835131;42.7587662
-3.2746508;42.7587242
-3.2968016;42.7590446
-3.2845623;42.7591667
-3.2961874;42.7587776
-3.2964332;42.7594147
-3.2892702;42.7596130
-3.2894576;42.7597618
-3.2970452;42.7597694
-3.2959685;42.7598228
-3.2966499;42.7599449
-3.2900910;42.7602577
-3.2903688;42.7600861
-3.2901118;42.7602768
-3.2901995;42.7603683
-3.2953546;42.7604866
-3.2906346;42.7604942
-3.2887871;42.7603989
-3.2904201;42.7606430
-3.2950406;42.7607422
-3.2949216;42.7607498
-3.2952185;42.7608833
-3.2896059;42.7609062
-3.2963610;42.7609177
-3.2948308;42.7609482
-3.2937222;42.7610207
-3.2937357;42.7608147
-3.2960465;42.7610855
-3.2937410;42.7610931
-3.2929749;42.7611160
-3.2946222;42.7611351
-3.2957990;42.7611694
-3.2957075;42.7609863
-3.2957432;42.7611923
-3.2957015;42.7612000
-3.2956381;42.7610626
-3.2949996;42.7612038
-3.2942083;42.7612305
-3.2955902;42.7612343
-3.2960637;42.7612534
-3.2945774;42.7612648
-3.2909939;42.7612762
-3.2953978;42.7612762
-3.2937264;42.7612839
-3.2958114;42.7612839
-3.2952790;42.7611847
-3.2949471;42.7613144
-3.2911088;42.7613182
-3.2912290;42.7612305
-3.2938764;42.7613602
-3.2943277;42.7613945
-3.2958217;42.7614059
-3.2922583;42.7614059
-3.2914140;42.7614288
-3.2919846;42.7611046
-3.2943554;42.7614288
-3.2948856;42.7614326
-3.2943296;42.7614594
-3.2949989;42.7614632
-3.2953885;42.7614784
-3.2949164;42.7614784
-3.2939475;42.7615051
-3.2942028;42.7615051
-3.2957625;42.7615318
-3.2943974;42.7615471
-3.2933149;42.7616119
-3.2938735;42.7616158
-3.2913084;42.7616196
-3.2918606;42.7616577
-3.2923794;42.7616653
-3.2948146;42.7616768
-3.2934299;42.7617455
-3.2928476;42.7617569
-3.2965698;42.7613754
-3.2962265;42.7617760
-3.2957618;42.7617798
-3.2953906;42.7617836
-3.2961738;42.7618065
-3.2962353;42.7618103
-3.2942457;42.7618370
-3.2951808;42.7618370
-3.2951162;42.7616997
-3.2924478;42.7618790
-3.2914827;42.7618866
-3.2946391;42.7618866
-3.2940514;42.7618942
-3.2964079;42.7619019
-3.2949996;42.7619133
-3.2937942;42.7619133
-3.2950590;42.7619553
-3.2922063;42.7619591
-3.2946084;42.7619591
-3.2948456;42.7618561
-3.2953508;42.7619972
-3.2941072;42.7620049
-3.2947609;42.7620201
-3.2964261;42.7620277
-3.2919767;42.7620354
-3.2964902;42.7620659
-3.2926545;42.7621078
-3.2957242;42.7619209
-3.2926078;42.7621155
-3.2925129;42.7621384
-3.2917275;42.7621460
-3.2963870;42.7621498
-3.2928920;42.7621651
-3.2916729;42.7621689
-3.2923510;42.7621765
-3.2941918;42.7621880
-3.2938197;42.7622261
-3.2901230;42.7622490
-3.2916245;42.7622795
-3.2878468;42.7622910
-3.2878501;42.7609520
-3.2944562;42.7623329
-3.2917120;42.7624054
-3.2911193;42.7624664
-3.2908530;42.7624702
-3.2940159;42.7625198
-3.2972300;42.7625618
-3.2934854;42.7625694
-3.2930949;42.7626610
-3.2929728;42.7626801
-3.2910817;42.7627220
-3.2948060;42.7624512
-3.2935221;42.7627258
-3.2970989;42.7627258
-3.2934752;42.7627258
-3.2928820;42.7628059
-3.2890513;42.7628250
-3.2934523;42.7629013
-3.2945557;42.7626839
-3.2926784;42.7630157
-3.2991929;42.7631454
-3.2951186;42.7632942
-3.2980492;42.7632980
-3.2986140;42.7636681
-3.2917123;42.7638397
-3.2960334;42.7641144
-3.2976851;42.7641335
-3.3004262;42.7643623
-3.3004405;42.7640610
-3.3001719;42.7641525
-3.3013253;42.7643814
-3.3014410;42.7642937
-3.3010352;42.7641449
-3.2997732;42.7645683
-3.3008678;42.7647400
-3.2907128;42.7650337
-3.2954268;42.7650566
-3.3004696;42.7651215
-3.3006673;42.7652588
-3.3007743;42.7652664
-3.3008373;42.7652893
-3.3018324;42.7647285
-3.2963483;42.7654953
-3.3011432;42.7656555
-3.3013053;42.7657967
-3.2897458;42.7662659
-3.2987218;42.7664948
-3.2998476;42.7667580
-3.2994804;42.7669716
-3.2994530;42.7670135
-3.2943516;42.7673988
-3.2942591;42.7674103
-3.3000975;42.7678452
-3.2916205;42.7680016
-3.2923484;42.7672729
-3.2963796;42.7682037
-3.2961040;42.7682686
-3.2958305;42.7683296
-3.2828059;42.7670593
-3.2925642;42.7685699
-3.2928214;42.7679939
-3.2941027;42.7686844
-3.2983153;42.7688828
-3.2941566;42.7688866
-3.3001332;42.7691498
-3.3006473;42.7692871
-3.3012106;42.7695160
-3.3017616;42.7697487
-3.3019574;42.7697868
-3.3027525;42.7699089
-3.3210874;42.7699699
-3.3214877;42.7692375
-3.3205080;42.7697945
-3.3044524;42.7700844
-3.3054185;42.7701912
-3.2945988;42.7705040
-3.2945828;42.7706909
-3.3234577;42.7707596
-3.3243504;42.7690659
-3.3202798;42.7707939
-3.3199739;42.7702827
-3.3206809;42.7707939
-3.3216045;42.7708015
-3.3201437;42.7708092
-3.3197033;42.7708168
-3.3237588;42.7708168
-3.3227904;42.7708435
-3.3238969;42.7688828
-3.3259113;42.7709351
-3.3132222;42.7711143
-3.3206933;42.7714767
-3.3212276;42.7715836
-3.3203371;42.7714386
-3.2940636;42.7716560
-3.3235257;42.7718391
-3.3005114;42.7720070
-3.3213377;42.7720833
-3.3209310;42.7719345
-3.3215008;42.7720985
-3.3220041;42.7715759
-3.3220677;42.7721252
-3.3220162;42.7720680
-3.3216159;42.7721329
-3.3213122;42.7721481
-3.3212984;42.7721710
-3.3209164;42.7720337
-3.3215251;42.7722473
-3.3220835;42.7723236
-3.2933996;42.7723694
-3.3213964;42.7724533
-3.3214886;42.7729759
-3.3210595;42.7732658
-3.3200328;42.7773895
-3.2861199;42.7813721
-3.2853484;42.7830086
-3.2444677;42.6215591
-3.2503815;42.6212311
-3.2505972;42.6211243
-3.2502725;42.6206093
-3.2494514;42.6207504
-3.2472811;42.6263847
-3.2472808;42.6265488
-3.2534761;42.6195526
-3.2523820;42.6201096
-3.2520659;42.6202278
-3.2458282;42.6205025
-3.2545915;42.6186485
-3.2513313;42.6204376
-3.2478502;42.6210098
-3.2450962;42.6211014
-3.2497621;42.6215324
-3.2485507;42.6218414
-3.2487364;42.6219902
-3.2471395;42.6224022
-3.2458165;42.6226768
-3.2486336;42.6222038
-3.2465274;42.6233368
-3.2463400;42.6234283
-3.2472446;42.6240082
-3.2508159;42.6255188
-3.2472830;42.6275940
-3.2478082;42.6282539
-3.2479584;42.6282654
-3.2472866;42.6282730
-3.2484245;42.6282768
-3.2487423;42.6282692
-3.2485466;42.6275291
-3.2482307;42.6282921
-3.2482562;42.6283760
-3.2479732;42.6284065
-3.2478218;42.6284218
-3.2473702;42.6284332
-3.2476110;42.6284485
-3.2497170;42.6284866
-3.2487111;42.6286621
-3.2477484;42.6286812
-3.2472587;42.6287041
-3.2483675;42.6287346
-3.2478864;42.6288147
-3.2472377;42.6288948
-3.2484186;42.6290283
-3.2456481;42.6292267
-3.4976134;42.4983406
-3.4974859;42.4983902
-3.4390533;42.5290565
-3.4390261;42.5289268
-3.4388478;42.5301628
-3.4388568;42.5300713
-3.4240232;42.5513229
-3.4240956;42.5512199
-3.4223862;42.5572433
-3.4223611;42.5571213
-3.5181568;42.4932785
-3.5162950;42.4901123
-3.5182533;42.4933548
-3.5033247;42.4956741
-3.4830191;42.5025635
-3.4829497;42.5024414
-3.4831038;42.5027504
-3.4825909;42.5027885
-3.4836960;42.5029182
-3.4833922;42.5029259
-3.4827514;42.5030212
-3.4819479;42.5027199
-3.4853878;42.5032806
-3.4821923;42.5037270
-3.4827116;42.5039139
-3.4834049;42.5055351
-3.4770703;42.5117722
-3.4733217;42.5152626
-3.4616988;42.5189552
-3.4596877;42.5194817
-3.4531069;42.5212135
-3.4444504;42.5219193
-3.4439404;42.5218887
-3.4384968;42.5254555
-3.4384904;42.5259895
-3.4385684;42.5266685
-3.4383807;42.5272751
-3.4382660;42.5272980
-3.4378064;42.5271530
-3.4381247;42.5274734
-3.4378703;42.5275040
-3.4380190;42.5282555
-3.4384284;42.5282593
-3.4379864;42.5286179
-3.4389396;42.5287209
-3.4381180;42.5288010
-3.4381578;42.5288582
-3.4390585;42.5291481
-3.4425881;42.5376587
-3.4431245;42.5374527
-3.4422426;42.5375900
-3.4431646;42.5378304
-3.4432881;42.5378685
-3.4251821;42.5419006
-3.4249837;42.5421524
-3.4250596;42.5429153
-3.4250195;42.5429878
-3.4242413;42.5430908
-3.4247508;42.5434570
-3.4245076;42.5486526
-3.4221475;42.5579834
-4.1098170;42.4240761
-4.1085896;42.4238167
-4.1070008;42.4237328
-4.0934677;42.4233513
-4.0848770;42.4238472
-4.1012635;42.4242630
-4.1164327;42.4289780
-3.2610781;42.5908432
-3.2611444;42.5908318
-3.2712965;42.6062202
-3.2747900;42.6038589
-3.2734408;42.6030960
-3.2735405;42.6031303
-3.2740011;42.6032028
-3.2738211;42.6029739
-3.2745054;42.6034889
-3.2747133;42.6037483
-3.2749195;42.6035690
-3.2763667;42.6013222
-3.2736504;42.6028137
-3.2750936;42.6036034
-3.2766788;42.6010208
-3.2749395;42.6038895
-3.2750714;42.6038666
-3.2733920;42.6028633
-3.2596416;42.5724831
-3.2541382;42.5778313
-3.2763774;42.5782433
-3.2478292;42.5820808
-3.2677650;42.5827026
-3.2669327;42.5852814
-3.2668481;42.5853691
-3.2416351;42.5856247
-3.2406735;42.5863991
-3.2613733;42.5901604
-3.2616918;42.5905037
-3.2624938;42.5905113
-3.2633746;42.5904999
-3.2633581;42.5905571
-3.2642739;42.5906792
-3.2615707;42.5908165
-3.2610390;42.5908508
-3.2619588;42.5909081
-3.2649870;42.5909348
-3.2623301;42.5909767
-3.2661016;42.5906868
-3.2660775;42.5910568
-3.7270555;42.4347343
-3.7268531;42.4347725
-3.2632294;42.5910912
-3.2622805;42.5912476
-3.2639365;42.5912895
-3.2645624;42.5914001
-3.2653682;42.5916214
-3.2627180;42.5919228
-3.2641280;42.5919800
-3.2628703;42.5920753
-3.2642345;42.5925407
-3.2830324;42.5948982
-3.2515156;42.5949631
-3.2514307;42.5950012
-3.2483675;42.5962601
-3.2482488;42.5963135
-3.2677436;42.5999184
-3.2769909;42.6007156
-3.2723403;42.6024857
-3.9286466;42.5233688
-3.9285867;42.5232391
-3.9340274;42.5251007
-3.9338722;42.5250473
-3.9470057;42.5342064
-3.9469693;42.5341530
-3.9299898;42.5150108
-3.9298942;42.5151901
-3.9287145;42.5174789
-3.9286690;42.5176163
-3.9328530;42.5034142
-3.9302576;42.5124512
-3.8825369;42.5174980
-3.8817692;42.5175552
-3.8662968;42.5185928
-3.9244015;42.5194931
-3.9233332;42.5194778
-3.9245458;42.5195351
-3.9243016;42.5195618
-3.9218571;42.5195618
-3.9218085;42.5192299
-3.9238026;42.5196533
-3.9251499;42.5194893
-3.9249377;42.5196838
-3.9252760;42.5195999
-3.9243696;42.5197563
-3.9242542;42.5196991
-3.9232857;42.5197906
-3.9233942;42.5198021
-3.9248457;42.5198364
-3.9237442;42.5198441
-3.8952765;42.5198555
-3.8952191;42.5198784
-3.9241862;42.5199394
-3.9253795;42.5196571
-3.9251406;42.5199547
-3.9115906;42.5199127
-3.9088688;42.5199776
-3.8932681;42.5200043
-3.8923805;42.5199165
-3.9245079;42.5200119
-3.9248185;42.5200806
-3.9250240;42.5201225
-3.9255402;42.5200272
-3.9253569;42.5203323
-3.9244928;42.5205498
-3.9251101;42.5206070
-3.9270551;42.5215378
-3.8653779;42.5222435
-3.8653138;42.5193024
-3.8647897;42.5232544
-3.9236338;42.5236053
-3.9219818;42.5245552
-3.9289157;42.5246735
-3.9290388;42.5247612
-3.9059734;42.5248566
-3.9058192;42.5249901
-3.9048808;42.5247841
-3.9057782;42.5250244
-3.9058661;42.5251045
-3.9341168;42.5251312
-3.9055653;42.5251923
-3.9053881;42.5250969
-3.9054666;42.5252914
-3.9056783;42.5254021
-3.9052255;42.5254059
-3.9048593;42.5249367
-3.9280009;42.5255699
-3.9277604;42.5256271
-3.9060152;42.5256386
-3.9063911;42.5253677
-3.9058995;42.5255508
-3.9285948;42.5256538
-3.9055178;42.5256844
-3.9273388;42.5257607
-3.9269323;42.5253448
-3.9287434;42.5257759
-3.9058561;42.5257759
-3.9056084;42.5258179
-3.9289594;42.5258636
-3.9278755;42.5259247
-3.9274790;42.5259361
-3.9057157;42.5259514
-3.9364600;42.5260162
-3.9276125;42.5260582
-3.9272552;42.5260620
-3.9279692;42.5260696
-3.9367275;42.5261116
-3.9267278;42.5261574
-3.9286416;42.5261879
-3.9274664;42.5262108
-3.9273663;42.5263062
-3.9053829;42.5263062
-3.9281833;42.5263176
-3.9284914;42.5263901
-3.9058738;42.5264282
-3.9287477;42.5264091
-3.9272480;42.5264320
-3.9283631;42.5264587
-3.9059062;42.5265160
-3.9282179;42.5265274
-3.9269841;42.5265427
-3.9266057;42.5265846
-3.9267113;42.5265999
-3.9062104;42.5266495
-3.9270661;42.5266724
-3.9267399;42.5266991
-3.9293296;42.5267067
-3.9286072;42.5267143
-3.9274180;42.5267143
-3.9282711;42.5267372
-3.9259388;42.5267448
-3.9274275;42.5268021
-3.9271247;42.5269547
-3.9267588;42.5270309
-3.9265895;42.5271683
-3.9064388;42.5273933
-3.9294641;42.5274048
-3.9074552;42.5275307
-3.8639781;42.5276337
-3.9122875;42.5278130
-3.9431756;42.5285339
-3.9450400;42.5314140
-3.8698325;42.5322914
-3.8703275;42.5319023
-3.8695531;42.5324554
-3.8689303;42.5318642
-3.8699503;42.5327797
-3.8704345;42.5328293
-3.8704622;42.5334053
-3.9479065;42.5355263
-3.7733960;42.5563889
-3.7732551;42.5562515
-3.7992601;42.5641670
-3.7989349;42.5641823
-3.7763946;42.5278664
-3.7761850;42.5279045
-3.7764080;42.5003662
-3.7753766;42.5048332
-3.7750022;42.5064735
-3.7740932;42.5103912
-3.7733734;42.5135727
-3.7729180;42.5154724
-3.7718701;42.5195999
-3.7716987;42.5200272
-3.7716177;42.5202599
-3.7716103;42.5203667
-3.7722824;42.5203934
-3.7716000;42.5205383
-3.7718499;42.5204849
-3.7710173;42.5208664
-3.7715921;42.5208702
-3.7717860;42.5208588
-3.7711394;42.5209694
-3.7708542;42.5210037
-3.7710564;42.5210266
-3.7709022;42.5210762
-3.7704930;42.5210953
-3.7704659;42.5210609
-3.7711692;42.5211449
-3.7708466;42.5211449
-3.7715900;42.5212135
-3.7696519;42.5212402
-3.7695644;42.5212364
-3.7715874;42.5213013
-3.7705350;42.5213470
-3.7712421;42.5213966
-3.7715840;42.5214119
-3.7722173;42.5214691
-3.7721124;42.5215187
-3.7703557;42.5215454
-3.7692127;42.5215454
-3.7692506;42.5216789
-3.7715957;42.5216980
-3.7692468;42.5217323
-3.7720644;42.5217361
-3.7711954;42.5217552
-3.7709000;42.5217705
-3.7706072;42.5217705
-3.7715750;42.5217781
-3.7689691;42.5217819
-3.7690697;42.5219116
-3.7706113;42.5219231
-3.7694073;42.5219269
-3.7704544;42.5219460
-3.7715707;42.5219803
-3.7706389;42.5220375
-3.7691119;42.5220528
-3.7695351;42.5220566
-3.7722123;42.5220642
-3.7724617;42.5220451
-3.7689650;42.5221291
-3.7694197;42.5221558
-3.7692106;42.5222092
-3.7719979;42.5222206
-3.7715786;42.5222397
-3.7698545;42.5222664
-3.7706611;42.5223312
-3.7715433;42.5223732
-3.7713141;42.5223885
-3.7711468;42.5223999
-3.7715228;42.5224838
-3.7713296;42.5224838
-3.7708044;42.5225029
-3.7708952;42.5225334
-3.7706635;42.5225830
-3.7715008;42.5226479
-3.7721570;42.5227127
-3.7710867;42.5227242
-3.7703538;42.5227852
-3.7714450;42.5229225
-3.7705033;42.5230217
-3.7714489;42.5232620
-3.7717066;42.5245514
-3.7729177;42.5262680
-3.7748246;42.5277176
-3.7753553;42.5281105
-3.7782156;42.5286636
-3.7789056;42.5293579
-3.7793596;42.5299759
-3.8011062;42.5383453
-3.7958648;42.5388870
-3.7912946;42.5393791
-3.7916529;42.5395317
-3.7919333;42.5395813
-3.8077753;42.5402145
-3.8083291;42.5403290
-3.8080199;42.5403900
-3.8095772;42.5403938
-3.8095362;42.5402679
-3.8087268;42.5404282
-3.8088074;42.5405045
-3.8086119;42.5405045
-3.8082187;42.5405273
-3.8088572;42.5405540
-3.8092668;42.5405693
-3.8095694;42.5406380
-3.8088813;42.5406609
-3.8084600;42.5407219
-3.8087513;42.5407257
-3.8093939;42.5407753
-3.8097327;42.5408096
-3.8089628;42.5409012
-3.8089058;42.5409851
-3.8088052;42.5410080
-3.8095047;42.5411453
-3.8093102;42.5413132
-3.8093138;42.5413628
-3.8092482;42.5414009
-3.8094659;42.5414467
-3.8091035;42.5414619
-3.8091514;42.5415344
-3.8097208;42.5416451
-3.8089447;42.5417709
-3.8088517;42.5417938
-3.8091538;42.5419769
-3.7762115;42.5426445
-3.7760804;42.5518684
-3.7741847;42.5546036
-3.7731318;42.5561333
-3.7750461;42.5564957
-3.7781639;42.5574875
-3.7782462;42.5575180
-3.7721095;42.5620804
-3.7712867;42.5620537
-3.8025489;42.5640182
-3.8024507;42.5640221
-3.8022687;42.5640297
-3.8032651;42.5640793
-3.8035419;42.5640030
-3.8033032;42.5641098
-3.8040185;42.5641785
-3.8043890;42.5641785
-3.8042209;42.5638084
-3.8034101;42.5642090
-3.7981725;42.5642128
-3.8035083;42.5642662
-3.8124530;42.5639725
-3.8064339;42.5646629
-3.8029180;42.5643158
-3.8044729;42.5643158
-3.8036194;42.5643692
-3.8042178;42.5643845
-3.8036869;42.5644112
-3.8030167;42.5644150
-3.8037150;42.5644226
-3.8031056;42.5644417
-3.8045869;42.5644722
-3.8037963;42.5644836
-3.8032186;42.5645370
-3.8028743;42.5645790
-3.8040125;42.5646210
-3.8041995;42.5646324
-3.8040652;42.5646324
-3.8045015;42.5646553
-3.8034091;42.5646706
-3.8034446;42.5647278
-3.8032284;42.5648804
-3.8027666;42.5649948
-3.8131680;42.5651169
-3.8135655;42.5653419
-3.8132191;42.5654030
-3.8139954;42.5654182
-3.8137505;42.5655136
-3.8140867;42.5655289
-3.8141227;42.5655785
-3.8142807;42.5654945
-3.8148820;42.5656242
-3.8148527;42.5655823
-3.8154929;42.5656471
-3.8149655;42.5656700
-3.8139007;42.5657043
-3.8148284;42.5657616
-3.8139865;42.5657997
-3.8140540;42.5658340
-3.8146899;42.5658875
-3.8142204;42.5659332
-3.8141704;42.5659637
-3.8148882;42.5660133
-3.8135562;42.5660248
-3.8149335;42.5660439
-3.8142347;42.5661316
-3.8148932;42.5663033
-3.8152437;42.5661774
-4.1087875;42.6785812
-4.1085663;42.6785622
-4.0510483;42.6239243
-4.0509896;42.6237793
-4.0635862;42.6444664
-4.0636492;42.6446609
-4.0738573;42.6524162
-4.0740905;42.6524506
-4.0794697;42.6708832
-4.0795689;42.6707153
-4.0872355;42.6682205
-4.0869942;42.6680756
-4.0046315;42.6588860
-4.0045376;42.6590385
-4.0571899;42.6651459
-4.0574393;42.6652031
-4.0525541;42.6158867
-4.0524201;42.6159782
-4.1043572;42.6641045
-4.1046491;42.6641273
-4.0943527;42.6647377
-4.0946436;42.6646805
-4.0970030;42.6301117
-4.0968170;42.6302719
-4.0699825;42.6397247
-4.0698338;42.6396637
-4.0551853;42.6146851
-4.0392661;42.6101303
-4.0454550;42.6161995
-4.0513783;42.6166229
-4.0485034;42.6194534
-4.0504379;42.6223564
-4.0516806;42.6256104
-4.0516915;42.6256523
-4.0517192;42.6257553
-4.0520787;42.6267815
-4.0988245;42.6286316
-4.0986524;42.6286430
-4.0983047;42.6287308
-4.0983129;42.6286774
-4.0969429;42.6288300
-4.0970478;42.6288681
-4.0978932;42.6288910
-4.0976000;42.6289024
-4.0978155;42.6290321
-4.0965929;42.6290817
-4.0973706;42.6293488
-4.0505662;42.6299324
-4.0507216;42.6298523
-4.0971103;42.6299477
-4.0514431;42.6299171
-4.0510750;42.6299629
-4.0510635;42.6298904
-4.0510888;42.6300774
-4.0511127;42.6301842
-4.0500846;42.6302261
-4.0500298;42.6302757
-4.0518064;42.6302605
-4.0512342;42.6303329
-4.0492167;42.6303749
-4.0504780;42.6304893
-4.0488877;42.6305237
-4.0497956;42.6305809
-4.0485888;42.6307487
-4.0482349;42.6305351
-4.0485330;42.6307983
-4.0495133;42.6310081
-4.0557623;42.6318703
-4.0558538;42.6320305
-4.0571785;42.6352577
-4.0603700;42.6367378
-4.0772395;42.6372528
-4.0770936;42.6372948
-4.0754209;42.6383095
-4.0640483;42.6383896
-4.0726533;42.6384163
-4.0726948;42.6385574
-4.0724988;42.6386642
-4.0719762;42.6386986
-4.0717711;42.6388435
-4.0645533;42.6389275
-4.0720167;42.6389465
-4.0747447;42.6389542
-4.0719328;42.6390305
-4.0727463;42.6391525
-4.0729327;42.6392059
-4.0735478;42.6392593
-4.0728283;42.6392860
-4.0719914;42.6392899
-4.0715051;42.6393814
-4.0736461;42.6394157
-4.0729685;42.6394615
-4.0719638;42.6394691
-4.0714331;42.6395187
-4.0719514;42.6399498
-4.0711894;42.6400986
-4.0718870;42.6402168
-4.0717444;42.6402893
-4.0715170;42.6402702
-4.0716639;42.6403656
-4.0715699;42.6404572
-4.0715394;42.6404839
-4.0718675;42.6405792
-4.0717392;42.6406441
-4.0713148;42.6406593
-4.0638118;42.6453819
-4.0638461;42.6455040
-4.0677576;42.6492500
-4.0098648;42.6520576
-4.0102358;42.6519165
-4.0099740;42.6520844
-4.0105200;42.6521187
-4.0104032;42.6521378
-4.0108266;42.6515274
-4.0101509;42.6523209
-4.0100689;42.6524010
-4.0102425;42.6524658
-4.0100107;42.6524658
-4.0097303;42.6523247
-4.0099258;42.6525841
-4.0095887;42.6525536
-4.0093184;42.6526070
-4.0111833;42.6526146
-4.0109668;42.6524925
-4.0104566;42.6526489
-4.0111914;42.6527710
-4.0116897;42.6528091
-4.0755200;42.6528130
-4.0118847;42.6528130
-4.0120764;42.6528397
-4.0120573;42.6529503
-4.0111952;42.6529846
-4.0111866;42.6530838
-4.0127344;42.6531448
-4.0117373;42.6533012
-4.0115604;42.6539116
-4.0080929;42.6540375
-4.0784965;42.6549263
-4.0354276;42.6549301
-4.0351987;42.6548767
-4.0356889;42.6549950
-4.0357099;42.6549416
-4.0361538;42.6549759
-4.0361905;42.6550522
-4.0352864;42.6551437
-4.0344057;42.6549225
-4.0355272;42.6552353
-4.0355725;42.6553421
-4.0352354;42.6553459
-4.0363169;42.6553879
-4.0357585;42.6553917
-4.0367084;42.6553268
-4.0350766;42.6554642
-4.0350771;42.6554070
-4.0362606;42.6555061
-4.0353093;42.6555099
-4.0349345;42.6555176
-4.0351949;42.6555481
-4.0371156;42.6556168
-4.0354280;42.6556320
-4.0346889;42.6556549
-4.0347719;42.6554260
-4.0343676;42.6554680
-4.0361528;42.6556778
-4.0346246;42.6557198
-4.0361037;42.6557465
-4.0345759;42.6557617
-4.0343733;42.6556816
-4.0350194;42.6557693
-4.0279713;42.6557846
-4.0345340;42.6558228
-4.0348434;42.6558266
-4.0283647;42.6558418
-4.0363560;42.6558418
-4.0361156;42.6560745
-4.0363336;42.6561050
-4.0307221;42.6562157
-4.0307865;42.6562271
-4.0361309;42.6563187
-4.0361352;42.6566048
-4.0340772;42.6569214
-4.0830216;42.6569405
-4.0347204;42.6570702
-4.0364943;42.6575127
-4.0897818;42.6584930
-4.0423021;42.6587257
-4.0427837;42.6587791
-4.0911446;42.6592026
-4.0043073;42.6592979
-4.0485415;42.6604958
-4.0925879;42.6615067
-4.0925188;42.6630020
-4.0537486;42.6637878
-4.0999393;42.6637802
-4.0964551;42.6642609
-4.0963802;42.6642876
-4.1088061;42.6646423
-4.1172519;42.6648407
-4.0933738;42.6649055
-4.0909591;42.6653557
-4.0590763;42.6655731
-4.0849171;42.6673470
-4.0851707;42.6667976
-4.0853453;42.6673164
-4.0852704;42.6673355
-4.0850377;42.6674385
-4.0822601;42.6675224
-4.0830193;42.6673355
-4.0821815;42.6674767
-4.0851011;42.6676407
-4.0824738;42.6676483
-4.0828891;42.6676865
-4.0843987;42.6676979
-4.0851593;42.6677246
-4.0844407;42.6677742
-4.0853057;42.6678352
-4.0855708;42.6677475
-4.0835004;42.6678848
-4.0848784;42.6679916
-4.0853872;42.6680603
-4.0827456;42.6682014
-4.0823545;42.6683655
-4.0846801;42.6684036
-4.0848393;42.6681976
-4.0845346;42.6684303
-4.0849290;42.6684990
-4.0848398;42.6685066
-4.0845580;42.6685333
-4.0849409;42.6686859
-4.0807519;42.6691704
-4.0896821;42.6692085
-4.0805979;42.6692657
-4.0909977;42.6695290
-4.0733213;42.6699562
-4.0734215;42.6699944
-4.0735278;42.6700363
-4.0785532;42.6722565
-4.0785346;42.6722832
-4.0981402;42.6735382
-4.0983706;42.6736450
-4.1068234;42.6781120
-4.1075096;42.6784134
-4.1078839;42.6785049
-4.1085253;42.6786194
-4.1093063;42.6787071
-4.1094899;42.6787224
-4.1092477;42.6782417
-4.1096001;42.6787300
-4.1109128;42.6787720
-4.1093521;42.6787987
-4.1108708;42.6788177
-4.1093998;42.6789055
-4.1090078;42.6789436
-4.1088099;42.6788445
-4.1082549;42.6791344
-4.1094370;42.6789627
-4.1112852;42.6790161
-4.1085782;42.6789970
-4.1082277;42.6791687
-4.1114841;42.6791801
-4.1101565;42.6791954
-4.1101770;42.6790619
-4.1096334;42.6792145
-4.1098742;42.6792221
-4.1093025;42.6792297
-4.1090255;42.6792412
-4.1089902;42.6793365
-4.1100864;42.6793365
-4.1087246;42.6793976
-4.1089625;42.6794052
-4.1090922;42.6794319
-4.1092787;42.6794395
-4.1091518;42.6794128
-4.1136417;42.6795540
-4.1088710;42.6795998
-4.1087532;42.6796455
-4.1096659;42.6796684
-4.1096711;42.6797028
-4.1093154;42.6797104
-4.0664682;42.6797180
-4.1247468;42.6811447
-4.0738316;42.6822586
-4.0809760;42.6870918
-4.0801954;42.6888123
-4.0800242;42.6891136
-3.6128409;42.4073219
-3.6127422;42.4073753
-3.6245840;42.3984680
-3.6247127;42.3983803
-3.6126547;42.4074211
-3.6247494;42.3983536
-3.6182754;42.4034081
-3.6171477;42.4042091
-3.6164932;42.4046783
-3.6138840;42.4049492
-3.6132867;42.4052277
-3.6153986;42.4054413
-3.6145861;42.4054794
-3.6146438;42.4055595
-3.6148238;42.4058609
-3.6136837;42.4059715
-3.6133966;42.4060898
-3.6133115;42.4056511
-3.6139083;42.4061508
-3.6145527;42.4061584
-3.6144450;42.4062157
-3.6138725;42.4062271
-3.6140153;42.4063301
-3.6136825;42.4063339
-3.6124697;42.4063568
-3.6124842;42.4063759
-3.6126635;42.4063416
-3.6126411;42.4063873
-3.6134691;42.4064140
-3.6124201;42.4064293
-3.6123648;42.4064331
-3.6138995;42.4064331
-3.6126504;42.4064522
-3.6138630;42.4064674
-3.6138418;42.4064865
-3.6130092;42.4065170
-3.6126776;42.4066277
-3.6124940;42.4066849
-3.6136377;42.4066887
-3.6131957;42.4070969
-3.6136744;42.4072990
-3.6118174;42.4078522
-3.5950921;42.4131088
-3.5938101;42.4122314
-3.5956078;42.4133644
-3.5959127;42.4134026
-3.5951869;42.4139442
-3.5924816;42.4128685
-3.5959702;42.4142914
-3.5963583;42.4138603
-3.5960004;42.4143410
-3.5969756;42.4153786
-3.5968473;42.4154968
-3.5915055;42.4200096
-3.9399776;42.4029503
-3.9382682;42.4026756
-3.9403489;42.4029732
-3.9401345;42.4031029
-3.9402447;42.4032631
-3.9402814;42.4030762
-3.9036496;42.3920860
-3.9034746;42.3920021
-3.9034281;42.3919792
-3.9011106;42.3917236
-3.9306662;42.4288712
-3.9304886;42.4288902
-3.8837721;42.3828545
-3.8828824;42.3714905
-3.8852763;42.3842850
-3.8865356;42.3855171
-3.8882921;42.3872795
-3.9167752;42.3819313
-3.9064600;42.3901329
-3.9055829;42.3907433
-3.8984671;42.3921013
-3.8983345;42.3921165
-3.9037833;42.3921432
-3.8982575;42.3921280
-3.8955483;42.3919983
-3.8951552;42.3921623
-3.8949449;42.3919487
-3.8953092;42.3922882
-3.8957508;42.3922958
-3.8957081;42.3921928
-3.8959403;42.3923111
-3.8966138;42.3923111
-3.8955336;42.3923302
-3.9042118;42.3923416
-3.8947470;42.3924255
-3.8950887;42.3925095
-3.8940749;42.3925476
-3.8939438;42.3925056
-3.9046271;42.3925591
-3.8945680;42.3925819
-3.8944335;42.3926315
-3.8953357;42.3926582
-3.9039259;42.3926659
-3.9038289;42.3926506
-3.8948317;42.3927307
-3.8948896;42.3926277
-3.8954122;42.3927498
-3.8938160;42.3927765
-3.9040833;42.3927956
-3.9043593;42.3928337
-3.8940864;42.3928604
-3.9051805;42.3926582
-3.9048150;42.3929138
-3.8939927;42.3929253
-3.9042664;42.3929329
-3.9038134;42.3929596
-3.8948379;42.3929787
-3.8950541;42.3929825
-3.8960712;42.3929863
-3.9047081;42.3930092
-3.8960187;42.3930321
-3.8958967;42.3931084
-3.9042592;42.3931122
-3.8950496;42.3931160
-3.9035938;42.3931313
-3.8958185;42.3931770
-3.9045157;42.3931808
-3.9041231;42.3931923
-3.9043069;42.3932343
-3.8947983;42.3932381
-3.9038203;42.3932686
-3.8967974;42.3929634
-3.8965673;42.3932915
-3.8960073;42.3932991
-3.8958228;42.3933296
-3.9037118;42.3933716
-3.9041731;42.3933907
-3.8965287;42.3934174
-3.8956714;42.3934288
-3.8949056;42.3934860
-3.9044695;42.3934937
-3.8959780;42.3935356
-3.8961899;42.3934631
-3.8959634;42.3936501
-3.8945560;42.3936996
-3.8950975;42.3937263
-3.8950000;42.3937759
-3.8961709;42.3938599
-3.8964365;42.3939972
-3.8955193;42.3940887
-3.8956668;42.3941307
-3.8958483;42.3941841
-3.8969374;42.3940773
-3.8966691;42.3941917
-3.8959138;42.3942108
-3.8962522;42.3942184
-3.8954275;42.3942795
-3.8967237;42.3944206
-3.8962615;42.3944435
-3.8961422;42.3947983
-3.8956091;42.3948021
-3.9348724;42.3962975
-3.9336312;42.3922958
-3.9350793;42.3974457
-3.9458165;42.4036827
-3.9456489;42.4035797
-3.9459701;42.4036942
-3.9459665;42.4036064
-3.9454448;42.4037170
-3.9424193;42.4037666
-3.9462013;42.4037552
-3.9460471;42.4038086
-3.9456923;42.4038239
-3.9453616;42.4038391
-3.9451311;42.4038582
-3.9449062;42.4037666
-3.9450974;42.4038925
-3.9462001;42.4040031
-3.9447680;42.4040070
-3.9444318;42.4039955
-3.9449921;42.4040070
-3.9448073;42.4040108
-3.9462850;42.4040337
-3.9461601;42.4040337
-3.9457235;42.4040489
-3.9452779;42.4041100
-3.9448657;42.4041138
-3.9460011;42.4041595
-3.9441638;42.4041710
-3.9447882;42.4041824
-3.9394109;42.4042244
-3.9442947;42.4042358
-3.9432042;42.4042358
-3.9450150;42.4042397
-3.9414525;42.4042740
-3.9462433;42.4042778
-3.9455924;42.4042854
-3.9445465;42.4043922
-3.9464579;42.4043999
-3.9466116;42.4042778
-3.9419169;42.4044456
-3.9419875;42.4043579
-3.9457662;42.4044533
-3.9460909;42.4044571
-3.9445596;42.4044876
-3.9444728;42.4045334
-3.9450533;42.4045448
-3.9456973;42.4045448
-3.9448729;42.4045563
-3.9448519;42.4043922
-3.9464889;42.4045830
-3.9421494;42.4045944
-3.9423213;42.4044342
-3.9465415;42.4046631
-3.9472640;42.4045563
-3.9468644;42.4046898
-3.9450111;42.4047050
-3.9439318;42.4047050
-3.9423189;42.4047356
-3.9453280;42.4047585
-3.9440029;42.4047623
-3.9445317;42.4047661
-3.9452724;42.4047661
-3.9453979;42.4047813
-3.9469674;42.4047813
-3.9440291;42.4047813
-3.9456041;42.4047928
-3.9458296;42.4048157
-3.9460480;42.4048347
-3.9448500;42.4048576
-3.9451911;42.4048843
-3.9427080;42.4049530
-3.9455247;42.4049911
-3.9427664;42.4050217
-3.9452307;42.4050903
-3.9462769;42.4050903
-3.9424984;42.4051323
-3.9445522;42.4051857
-3.9446130;42.4052277
-3.9448538;42.4053574
-3.9432456;42.4055214
-3.9433017;42.4055824
-3.9359736;42.4060097
-3.9474952;42.4069710
-3.9483328;42.4106445
-3.9337158;42.4168167
-3.9511402;42.4180107
-3.9578781;42.4261742
-3.9583623;42.4269829
-3.9314258;42.4287872
-3.9284883;42.4291077
-3.9321184;42.4294815
-3.9274247;42.4295311
-3.9263937;42.4296913
-3.9245756;42.4301758
-3.9245486;42.4301414
-3.9252234;42.4303780
-3.9240685;42.4303856
-3.9240725;42.4302902
-3.9251826;42.4304123
-3.9247377;42.4304466
-3.9242191;42.4304581
-3.9238181;42.4305191
-3.9237483;42.4304543
-3.9242783;42.4305687
-3.9238231;42.4306221
-3.9241529;42.4306679
-3.9247057;42.4306793
-3.9244354;42.4307022
-3.9245028;42.4307632
-3.9252367;42.4307899
-3.9243395;42.4308243
-3.9252338;42.4308853
-3.9241610;42.4308891
-3.9256377;42.4308891
-3.9232347;42.4308968
-3.9232259;42.4307899
-3.9238381;42.4309158
-3.9233844;42.4309578
-3.9230814;42.4309959
-3.9251888;42.4310074
-3.9230208;42.4310341
-3.9229007;42.4309425
-3.9257116;42.4310303
-3.9235623;42.4310570
-3.9229746;42.4310913
-3.9234087;42.4311104
-3.9232972;42.4311638
-3.9250462;42.4312325
-3.9235594;42.4312782
-3.9243262;42.4312897
-3.9250891;42.4313354
-3.9251022;42.4313622
-3.9243457;42.4313889
-3.9230392;42.4314194
-3.9225779;42.4311523
-3.9247582;42.4314537
-3.9243422;42.4315224
-3.9250085;42.4316063
-3.9231224;42.4316254
-3.9248412;42.4316444
-3.9230580;42.4316597
-3.9250376;42.4316750
-3.9254911;42.4317398
-3.9258513;42.4316292
-3.9243650;42.4317436
-3.9242496;42.4317589
-3.9252782;42.4318275
-3.9232256;42.4319038
-3.9252930;42.4319344
-3.9255612;42.4319534
-3.9249678;42.4319534
-3.9243937;42.4319572
-3.9249787;42.4319763
-3.9232056;42.4320145
-3.9232173;42.4320450
-3.9252837;42.4320869
-3.9250546;42.4320908
-3.9244361;42.4320984
-3.9256809;42.4321327
-3.9243596;42.4321823
-3.9228666;42.4321938
-3.9245701;42.4321747
-3.9244845;42.4321938
-3.9237959;42.4322243
-3.9243269;42.4322815
-3.9236491;42.4323120
-3.9232714;42.4325104
-3.9230490;42.4325676
-3.9228718;42.4326859
-3.9232075;42.4327660
-3.9359479;42.4384956
-3.9388916;42.4434624
-3.4602177;42.6249084
-3.4601376;42.6248436
-3.4275281;42.6119728
-3.4276271;42.6120796
-3.4482746;42.6229858
-3.4484618;42.6230621
-3.4542530;42.6234665
-3.4544420;42.6235046
-3.4631886;42.6364975
-3.4632564;42.6366158
-3.4765840;42.6089897
-3.4764614;42.6091156
-3.4776812;42.6069908
-3.4764009;42.6091576
-3.4218526;42.6089401
-3.4248421;42.6103630
-3.4264169;42.6111145
-3.4281328;42.6121788
-3.4279888;42.6121254
-3.4289613;42.6121979
-3.4292336;42.6119461
-3.4292157;42.6122017
-3.4282708;42.6122055
-3.4278541;42.6123657
-3.4286666;42.6124382
-3.4280138;42.6125679
-3.4282060;42.6127815
-3.4700654;42.6140633
-3.4303253;42.6144066
-3.4682379;42.6152153
-3.4349437;42.6153259
-3.4401166;42.6186142
-3.4626975;42.6218109
-3.4459448;42.6219597
-3.4482181;42.6229591
-3.4549463;42.6235924
-3.4591057;42.6236229
-3.4593410;42.6235237
-3.4587395;42.6239090
-3.4589314;42.6239128
-3.4593337;42.6236839
-3.4590993;42.6239471
-3.4574165;42.6239967
-3.4580624;42.6240997
-3.4584370;42.6241875
-3.4585845;42.6242523
-3.4594886;42.6242752
-3.4596355;42.6241188
-3.4578953;42.6243019
-3.4587431;42.6243172
-3.4593246;42.6243401
-3.4591093;42.6244087
-3.4609611;42.6244278
-3.4594440;42.6244583
-3.4582191;42.6244659
-3.4576929;42.6244812
-3.4581504;42.6245041
-3.4588490;42.6245193
-3.4598048;42.6245995
-3.4588618;42.6246071
-3.4574909;42.6246147
-3.4578648;42.6246452
-3.4574988;42.6247139
-3.4579568;42.6248016
-3.4584162;42.6249008
-3.4586117;42.6249123
-3.4579630;42.6249237
-3.4581566;42.6249237
-3.4602537;42.6249390
-3.4580169;42.6250191
-3.4575105;42.6250305
-3.4581692;42.6250458
-3.4579246;42.6250916
-3.4575400;42.6251984
-3.4577053;42.6254311
-3.4581103;42.6257019
-3.4577806;42.6258698
-3.4618793;42.6262627
-3.4570405;42.6270142
-3.4619410;42.6303558
-3.4619396;42.6305923
-3.4502678;42.6328049
-3.4615262;42.6334190
-3.4618001;42.6342201
-3.4486399;42.6343765
-3.4479139;42.6348572
-3.4455178;42.6375999
-3.4641318;42.6380577
-3.9391561;42.4603539
-3.9390514;42.4604530
-3.9425976;42.4539299
-3.9426129;42.4545555
-3.9463980;42.4552422
-3.9464545;42.4551735
-3.9425082;42.4552803
-3.9461267;42.4553871
-3.9460161;42.4554482
-3.9464037;42.4554787
-3.9465435;42.4554672
-3.9459519;42.4554863
-3.9458630;42.4554443
-3.9450147;42.4556046
-3.9449282;42.4555130
-3.9439726;42.4556160
-3.9441292;42.4554939
-3.9449172;42.4556427
-3.9440382;42.4556580
-3.9456542;42.4556618
-3.9449260;42.4551353
-3.9452021;42.4557610
-3.9453087;42.4557724
-3.9443061;42.4558029
-3.9438701;42.4558029
-3.9445770;42.4558372
-3.9448884;42.4558411
-3.9446604;42.4558449
-3.9453380;42.4558754
-3.9449909;42.4559631
-3.9449735;42.4560013
-3.9458249;42.4560280
-3.9445803;42.4560509
-3.9455409;42.4560661
-3.9444666;42.4560776
-3.9453695;42.4561005
-3.9458852;42.4561882
-3.9450114;42.4561920
-3.9456024;42.4562302
-3.9445972;42.4562721
-3.9446523;42.4563484
-3.9444149;42.4563942
-3.9459202;42.4564362
-3.9450116;42.4565849
-3.9447865;42.4566269
-3.9449387;42.4569588
-3.9448237;42.4569817
-3.9462724;42.4572372
-3.9462740;42.4572830
-3.9459815;42.4575081
-3.9461267;42.4574623
-3.9452450;42.4576645
-3.9447887;42.4577179
-3.9461882;42.4577446
-3.9455547;42.4577522
-3.9458559;42.4578209
-3.9455123;42.4578476
-3.9447598;42.4579315
-3.9450257;42.4579353
-3.9394376;42.4580269
-3.9456666;42.4581299
-3.9459078;42.4580841
-3.9456346;42.4581718
-3.9447699;42.4582481
-3.9381378;42.4613190
-3.9371791;42.4622421
-3.3934581;42.8690186
-3.4186659;42.8435211
-3.4191535;42.8441086
-3.4186058;42.8434372
-3.4200852;42.8431778
-3.4200063;42.8431816
-3.4048986;42.8533707
-3.4058132;42.8528366
-3.4091187;42.8502808
-3.4139411;42.8474922
-3.4163671;42.8469276
-3.4387646;42.8636894
-3.4388678;42.8637848
-3.4431405;42.8688698
-3.3045692;42.8472443
-3.3045082;42.8472023
-3.3054557;42.8481598
-3.3054285;42.8481331
-3.3091512;42.8488083
-3.3089800;42.8488960
-3.4555721;42.8463783
-3.4554882;42.8463249
-3.4595857;42.8488007
-3.4594994;42.8487625
-3.4695759;42.8544731
-3.4695075;42.8544273
-3.4817536;42.8590508
-3.4817669;42.8589554
-3.4842691;42.8627472
-3.4842231;42.8626862
-3.4868767;42.8652229
-3.4208601;42.8297119
-3.4202635;42.8293877
-3.2896950;42.8333244
-3.2895687;42.8333549
-3.3029954;42.8581085
-3.3028064;42.8582001
-3.4077110;42.8112183
-3.4058833;42.8101120
-3.4088087;42.8118477
-3.4200840;42.8252563
-3.4234555;42.8272362
-3.4196048;42.8292618
-3.4194155;42.8292847
-3.4262164;42.8294449
-3.4259579;42.8289261
-3.4260232;42.8295288
-3.4237261;42.8297844
-3.4263859;42.8298035
-3.4254355;42.8298912
-3.4037921;42.8228111
-3.4090223;42.8299675
-3.4249966;42.8299713
-3.4245424;42.8299789
-3.4245691;42.8296547
-3.4263961;42.8299942
-3.4245381;42.8300247
-3.4239964;42.8300514
-3.4265938;42.8300705
-3.4255466;42.8301659
-3.4257665;42.8301430
-3.4115996;42.8301620
-3.4095840;42.8301659
-3.4093533;42.8301888
-3.4255586;42.8302002
-3.4092004;42.8302116
-3.4253478;42.8302422
-3.4235377;42.8302498
-3.4091167;42.8302574
-3.4235041;42.8302650
-3.4263885;42.8302765
-3.4233189;42.8302803
-3.4094021;42.8302803
-3.4260054;42.8301430
-3.4259934;42.8303299
-3.4092963;42.8303452
-3.4260302;42.8303490
-3.4258816;42.8303528
-3.4258389;42.8301964
-3.4091849;42.8303757
-3.4090111;42.8303986
-3.4252002;42.8304214
-3.4259322;42.8304367
-3.4254637;42.8304176
-3.4238207;42.8305016
-3.4094331;42.8305321
-3.4246376;42.8305855
-3.4264576;42.8307152
-3.4263124;42.8307610
-3.4265807;42.8310089
-3.4248674;42.8310280
-3.4244266;42.8312340
-3.4243541;42.8312569
-3.4249778;42.8312912
-3.4245169;42.8314552
-3.4246714;42.8316422
-3.2924271;42.8322716
-3.4118385;42.8336983
-3.2890036;42.8344002
-3.2889726;42.8344345
-3.4034991;42.8344498
-3.2888074;42.8345299
-3.4033680;42.8345566
-3.2884970;42.8346825
-3.2888787;42.8346901
-3.2885022;42.8347206
-3.2892220;42.8347626
-3.2889652;42.8349495
-3.2891328;42.8350220
-3.4019649;42.8355980
-3.4133863;42.8356628
-3.3999610;42.8370781
-3.4153066;42.8394890
-3.4144642;42.8393974
-3.4154482;42.8397751
-3.4155343;42.8399162
-3.4135134;42.8404427
-3.4167120;42.8411713
-3.4163959;42.8412018
-3.4170144;42.8413887
-3.4190106;42.8414001
-3.4190340;42.8414993
-3.4171822;42.8414993
-3.4192650;42.8416748
-3.4191380;42.8416290
-3.4174871;42.8416862
-3.4177794;42.8416824
-3.4167793;42.8417091
-3.4189217;42.8417244
-3.4180593;42.8416672
-3.4179342;42.8417511
-3.4183729;42.8417702
-3.4180136;42.8417778
-3.4185486;42.8417854
-3.4175766;42.8417931
-3.4181399;42.8418541
-3.4187760;42.8418808
-3.4188952;42.8419380
-3.4171765;42.8419571
-3.4183452;42.8419724
-3.4183908;42.8419991
-3.4169972;42.8420067
-3.4176664;42.8420067
-3.4177361;42.8420181
-3.4164419;42.8420219
-3.4176836;42.8420563
-3.4167178;42.8420753
-3.4165606;42.8421288
-3.4185920;42.8421364
-3.4192729;42.8421593
-3.4186349;42.8422050
-3.4175029;42.8422203
-3.4180503;42.8422203
-3.4171493;42.8422394
-3.4177539;42.8422508
-3.4186606;42.8422585
-3.4191422;42.8423424
-3.3954139;42.8423920
-3.4174752;42.8424225
-3.4173443;42.8424644
-3.4183750;42.8425064
-3.4178805;42.8425293
-3.4184053;42.8425407
-3.4169505;42.8425941
-3.4191036;42.8426323
-3.4180117;42.8427124
-3.4180346;42.8427391
-3.4188578;42.8430061
-3.4173474;42.8430481
-3.4210777;42.8431091
-3.4206452;42.8431396
-3.4205883;42.8427773
-3.4199405;42.8427544
-3.4190426;42.8432465
-3.4184675;42.8432579
-3.4169135;42.8432961
-3.4166756;42.8431702
-3.4185076;42.8433113
-3.4176998;42.8434715
-3.4155295;42.8435211
-3.4155464;42.8435516
-3.4174132;42.8436394
-3.4176221;42.8437309
-3.4161751;42.8438416
-3.4158769;42.8439331
-3.4158094;42.8439445
-3.4159591;42.8442421
-3.4212568;42.8442574
-3.4212825;42.8443871
-3.4194055;42.8444252
-3.4187548;42.8444366
-3.4186423;42.8445282
-3.4215755;42.8445473
-3.4218054;42.8445549
-3.4220781;42.8445587
-3.4212332;42.8445816
-3.4182765;42.8445854
-3.4211273;42.8446274
-3.4184256;42.8447075
-3.4184086;42.8447189
-3.4231088;42.8447723
-3.4135332;42.8447838
-3.4141383;42.8439484
-3.4134901;42.8448029
-3.4178436;42.8448143
-3.4198265;42.8449249
-3.4181347;42.8449402
-3.4218409;42.8449440
-3.4190707;42.8449516
-3.4186606;42.8449554
-3.4216075;42.8450432
-3.4204144;42.8450775
-3.4178941;42.8451347
-3.4203062;42.8451538
-3.4540327;42.8451920
-3.4536142;42.8448715
-3.4183466;42.8452110
-3.4201102;42.8452415
-3.4545972;42.8452682
-3.4538887;42.8449974
-3.3937747;42.8453445
-3.4539039;42.8453331
-3.4549170;42.8453445
-3.4542305;42.8453522
-3.4541385;42.8451462
-3.4557831;42.8453674
-3.4542725;42.8453903
-3.4557943;42.8454208
-3.4220345;42.8454285
-3.4224825;42.8451691
-3.4205365;42.8454399
-3.4544408;42.8455086
-3.4540894;42.8455162
-3.4549987;42.8456268
-3.4545801;42.8456459
-3.3143740;42.8446884
-3.3127573;42.8456688
-3.3932021;42.8456993
-3.3126817;42.8457794
-3.4543643;42.8457947
-3.3926723;42.8458290
-3.3924837;42.8456841
-3.4225459;42.8458710
-3.3925877;42.8459015
-3.4540598;42.8459244
-3.3927751;42.8459244
-3.3927684;42.8459892
-3.3111305;42.8457718
-3.3110182;42.8460960
-3.3114595;42.8459854
-3.4299238;42.8460922
-3.4529486;42.8458595
-3.4533381;42.8461609
-3.3928366;42.8461609
-3.3924193;42.8461647
-3.4535613;42.8461723
-3.4534161;42.8462639
-3.4230084;42.8462791
-3.3090398;42.8462257
-3.3089776;42.8462906
-3.4534421;42.8462944
-3.3927600;42.8463058
-3.3922298;42.8463211
-3.3918602;42.8462029
-3.3928478;42.8463440
-3.4537973;42.8463631
-3.4525938;42.8463326
-3.4525199;42.8463669
-3.4529457;42.8463707
-3.3122170;42.8463898
-3.4526684;42.8463898
-3.4556031;42.8464012
-3.4534059;42.8464012
-3.3085413;42.8464165
-3.3084943;42.8463516
-3.4529097;42.8464470
-3.3921289;42.8464699
-3.4213464;42.8464851
-3.4524779;42.8465004
-3.3087645;42.8465195
-3.4529848;42.8465271
-3.3930557;42.8465462
-3.3925297;42.8465652
-3.3087940;42.8466034
-3.4513357;42.8466377
-3.4513981;42.8461761
-3.4508641;42.8466377
-3.3916099;42.8466415
-3.4496436;42.8466492
-3.3101623;42.8466606
-3.4527299;42.8466873
-3.3101234;42.8466911
-3.4518452;42.8467026
-3.4520009;42.8465042
-3.4171906;42.8467064
-3.3095081;42.8467102
-3.3923931;42.8468056
-3.4522974;42.8468246
-3.3118896;42.8468285
-3.4525046;42.8468285
-3.3085043;42.8468666
-3.3095784;42.8468819
-3.3094642;42.8469162
-3.3093019;42.8467445
-3.2981482;42.8454666
-3.2922690;42.8470383
-3.4217560;42.8470383
-3.3091018;42.8470917
-3.3091915;42.8468132
-3.4216566;42.8471031
-3.3091083;42.8466721
-3.3088706;42.8471069
-3.4337399;42.8471336
-3.3088565;42.8471451
-3.3084855;42.8471603
-3.3083229;42.8471947
-3.3082790;42.8471260
-3.3088834;42.8472290
-3.4520218;42.8472443
-3.3081021;42.8472557
-3.3105233;42.8472595
-3.3104484;42.8472710
-3.3103638;42.8472786
-3.3103368;42.8470726
-3.3102541;42.8472786
-3.3079388;42.8472939
-3.3077681;42.8471146
-3.3097477;42.8473015
-3.3095100;42.8470421
-3.3077910;42.8473015
-3.3087761;42.8473206
-3.3092124;42.8473206
-3.3076131;42.8473625
-3.4220288;42.8473892
-3.3106678;42.8473969
-3.3083596;42.8474236
-3.4219384;42.8474388
-3.3235364;42.8474541
-3.4461989;42.8474579
-3.3073890;42.8474655
-3.3082428;42.8474731
-3.3086331;42.8474884
-3.3106627;42.8475456
-3.3080144;42.8475533
-3.3103902;42.8475609
-3.3098259;42.8475685
-3.3113434;42.8475723
-3.3242757;42.8475800
-3.3082392;42.8476028
-3.3116493;42.8476524
-3.3075926;42.8476906
-3.3119507;42.8477211
-3.3083277;42.8477859
-3.3083634;42.8478012
-3.3082321;42.8478775
-3.3109622;42.8478851
-3.3081326;42.8479309
-3.4391067;42.8473854
-3.4382505;42.8479462
-3.3081996;42.8479767
-3.3107615;42.8479996
-3.3106415;42.8478737
-3.3099284;42.8480453
-3.3053691;42.8480721
-3.3053844;42.8480873
-3.3113458;42.8481407
-3.3098619;42.8481445
-3.3100717;42.8483505
-3.3099968;42.8483887
-3.4355261;42.8484573
-3.4363670;42.8483162
-3.3081017;42.8487434
-3.3074107;42.8488464
-3.3079889;42.8490829
-3.4247420;42.8494263
-3.3078439;42.8494606
-3.4248583;42.8495102
-3.3074474;42.8496399
-3.4244630;42.8497581
-3.4253786;42.8498917
-3.4249589;42.8501587
-3.4258916;42.8502617
-3.4254925;42.8505096
-3.4263415;42.8506050
-3.4264214;42.8506737
-3.4259644;42.8508530
-3.4259021;42.8512993
-3.4034963;42.8544426
-3.3042278;42.8544998
-3.4033890;42.8545189
-3.4030764;42.8546791
-3.4034755;42.8547363
-3.4321325;42.8551903
-3.4040551;42.8553886
-3.4708374;42.8554344
-3.4326797;42.8555412
-3.4327219;42.8555679
-3.4326377;42.8556366
-3.4324987;42.8556671
-3.4329398;42.8556976
-3.4707613;42.8558235
-3.4044876;42.8558311
-3.4333093;42.8559380
-3.4052966;42.8559418
-3.4055078;42.8558693
-3.4051421;42.8558006
-3.4060147;42.8559952
-3.4055865;42.8560333
-3.4061348;42.8560448
-3.4051099;42.8560791
-3.4048052;42.8559036
-3.4050565;42.8561211
-3.4055958;42.8561401
-3.4051709;42.8561554
-3.4053710;42.8561745
-3.4059002;42.8561859
-3.4055853;42.8562164
-3.4064238;42.8562279
-3.4060194;42.8562469
-3.4065886;42.8562775
-3.4051158;42.8563232
-3.4058099;42.8563271
-3.4055696;42.8563347
-3.4061019;42.8563385
-3.4059870;42.8563461
-3.4058783;42.8564034
-3.4073718;42.8564262
-3.4070132;42.8563995
-3.4074397;42.8564529
-3.4064698;42.8564644
-3.4075935;42.8565216
-3.4052262;42.8565407
-3.4060774;42.8565521
-3.4064229;42.8565712
-3.4069879;42.8566170
-3.4046774;42.8566322
-3.4047525;42.8562508
-3.4056494;42.8566322
-3.4070623;42.8566704
-3.4341140;42.8566704
-3.4066982;42.8567200
-3.3982339;42.8567314
-3.4056103;42.8567848
-3.3043983;42.8568153
-3.4040773;42.8568687
-3.4068518;42.8571014
-3.4069302;42.8572197
-3.4068844;42.8575249
-3.4069011;42.8575554
-3.4789765;42.8574371
-3.3026285;42.8583069
-3.4817441;42.8586159
-3.4817047;42.8595505
-3.4816992;42.8596344
-3.4253266;42.8597336
-3.4227672;42.8602829
-3.3015804;42.8604622
-3.3007731;42.8606262
-3.4203858;42.8607292
-3.4202278;42.8604050
-3.4818978;42.8609200
-3.4216609;42.8610191
-3.4211152;42.8610764
-3.4207015;42.8610764
-3.4214485;42.8610954
-3.4210675;42.8611069
-3.4207087;42.8611755
-3.4217896;42.8611908
-3.4221935;42.8609428
-3.4212246;42.8611946
-3.4202478;42.8611984
-3.4217341;42.8612823
-3.4206355;42.8613510
-3.4207096;42.8614197
-3.4215209;42.8614845
-3.4205515;42.8614845
-3.4204481;42.8615036
-3.4202790;42.8614464
-3.4211156;42.8615227
-3.4210494;42.8614388
-3.4210818;42.8615494
-3.4220064;42.8614578
-3.4218504;42.8615723
-3.4209063;42.8615723
-3.4215956;42.8616409
-3.4207938;42.8616486
-3.4366393;42.8616714
-3.4208810;42.8617058
-3.4217365;42.8618011
-3.4210947;42.8618393
-3.4218047;42.8618774
-3.4204230;42.8621864
-3.4206097;42.8622627
-3.4219780;42.8622704
-3.4203136;42.8622704
-3.3966312;42.8624840
-3.3965557;42.8622932
-3.3966718;42.8626060
-3.3963389;42.8626709
-3.3963368;42.8627243
-3.3968403;42.8627472
-3.4211068;42.8627777
-3.3970275;42.8628426
-3.3971515;42.8627167
-3.3980129;42.8628922
-3.2983320;42.8629303
-3.2981482;42.8629189
-3.3974388;42.8632660
-3.4384995;42.8634300
-3.3975339;42.8637772
-3.3974464;42.8638840
-3.3350966;42.8622589
-3.3352711;42.8686371
-3.2926414;42.8686256
-3.4358580;42.8484268
-3.4693747;42.7849922
-3.4778023;42.7932854
-3.4895346;42.8222771
-3.4887538;42.8229179
-3.4896641;42.8218994
-3.6026847;42.8497200
-3.6026967;42.8496323
-3.6027167;42.8492584
-3.6015747;42.8493614
-3.6016190;42.8492966
-3.6016371;42.8488083
-3.5266011;42.8259125
-3.5269117;42.8260574
-3.5238247;42.8240013
-3.5203214;42.8223381
-3.5206602;42.8224831
-3.5164781;42.8203430
-3.4942811;42.8174248
-3.4955633;42.8159676
-3.6008589;42.8518181
-3.6009936;42.8517723
-3.5984983;42.8484650
-3.5983832;42.8483887
-3.5149992;42.8055038
-3.5150707;42.8055687
-3.5342562;42.8147392
-3.5343795;42.8147774
-3.5923970;42.8400803
-3.5925055;42.8401146
-3.5917666;42.8592720
-3.5924132;42.8592644
-3.5349202;42.8158760
-3.5353048;42.8151588
-3.5384448;42.8186417
-3.5383921;42.8185577
-3.6147604;42.8351250
-3.6148028;42.8351860
-3.4771602;42.7934608
-3.5041664;42.8152046
-3.5040739;42.8151932
-3.5135167;42.8191681
-3.5133705;42.8191376
-3.5270367;42.8260956
-3.5377903;42.8279228
-3.5376945;42.8278542
-3.5657582;42.8338966
-3.5660269;42.8341103
-3.5716395;42.8378639
-3.5717373;42.8379097
-3.5740736;42.8388100
-3.5741930;42.8388557
-3.5814137;42.8411217
-3.5808842;42.8416672
-3.4949729;42.8065605
-3.4965618;42.8120346
-3.6204774;42.8303986
-3.6185074;42.8162003
-3.5067160;42.8156548
-3.5982218;42.8390579
-3.5981140;42.8390236
-3.5978529;42.8390617
-3.4911680;42.7869530
-3.4912665;42.7865601
-3.4913228;42.7864380
-3.5018587;42.7909927
-3.4694211;42.7845917
-3.4751887;42.7951279
-3.6179876;42.7968292
-3.6175470;42.7978363
-3.5143080;42.7974205
-3.4709234;42.7992134
-3.4705486;42.7990417
-3.4710677;42.7994576
-3.4725838;42.7996140
-3.4726820;42.7993469
-3.4770219;42.7996178
-3.6167066;42.7996483
-3.4708178;42.7997513
-3.4730170;42.7997742
-3.4714501;42.7998276
-3.4699943;42.7998886
-3.6166105;42.7998924
-3.4711075;42.8000412
-3.4701092;42.8001556
-3.4720612;42.8002319
-3.4771178;42.8002586
-3.4717946;42.8003273
-3.4731591;42.8003502
-3.4715443;42.8005638
-3.4923902;42.8050842
-3.4942784;42.8054924
-3.4465113;42.8061028
-3.4463203;42.8059959
-3.5162780;42.8067207
-3.5169687;42.8069916
-3.5189083;42.8071022
-3.5192013;42.8068466
-3.5178540;42.8071022
-3.5197508;42.8071098
-3.5203876;42.8071022
-3.5208151;42.8067551
-3.5197356;42.8072014
-3.5202591;42.8072510
-3.5196888;42.8073044
-3.5203848;42.8073311
-3.5205326;42.8072433
-3.5202625;42.8074837
-3.5196626;42.8074875
-3.5197651;42.8075638
-3.5200295;42.8076248
-3.5205793;42.8076515
-3.5205228;42.8077164
-3.5203302;42.8078499
-3.5224576;42.8077888
-3.5223575;42.8078918
-3.5220757;42.8080482
-3.5221121;42.8080750
-3.5206730;42.8081398
-3.5210519;42.8082733
-3.5211954;42.8083153
-3.5210562;42.8083191
-3.5231922;42.8082695
-3.5232506;42.8084526
-3.5220008;42.8084641
-3.5214992;42.8081703
-3.5207825;42.8085098
-3.5226686;42.8085136
-3.5227840;42.8085442
-3.5213268;42.8087044
-3.5236173;42.8086090
-3.5234101;42.8087845
-3.5221767;42.8087959
-3.5233524;42.8088036
-3.5236690;42.8088264
-3.5232942;42.8088646
-3.5241985;42.8090019
-3.5241318;42.8090324
-3.5241017;42.8090782
-3.5200720;42.8090858
-3.5236335;42.8091049
-3.5232353;42.8091202
-3.5224197;42.8091316
-3.5233359;42.8091774
-3.5232227;42.8092995
-3.5243411;42.8093529
-3.5233486;42.8093529
-3.5245194;42.8093452
-3.5241613;42.8094482
-3.5232146;42.8094559
-3.5243592;42.8094749
-3.5241480;42.8095207
-3.5238554;42.8095818
-3.5242054;42.8096008
-3.5229537;42.8096695
-3.5237617;42.8096848
-3.5231678;42.8098640
-3.5230317;42.8100243
-3.5233853;42.8100510
-3.5231159;42.8100739
-3.5229399;42.8101578
-3.5214334;42.8102379
-3.5237505;42.8103294
-3.5252924;42.8105850
-3.6169238;42.8107910
-3.4965656;42.8121033
-3.6173086;42.8122025
-3.6108844;42.8126640
-3.6053340;42.8129120
-3.4980474;42.8136330
-3.4985883;42.8137550
-3.4959257;42.8138008
-3.4956658;42.8136330
-3.4958227;42.8139420
-3.4957774;42.8140259
-3.4960797;42.8140488
-3.6019194;42.8141975
-3.4963424;42.8144722
-3.4950368;42.8147354
-3.4952512;42.8147812
-3.4948766;42.8149300
-3.4952583;42.8150177
-3.4956784;42.8150597
-3.4947433;42.8150635
-3.5353718;42.8150787
-3.4952786;42.8151321
-3.4946911;42.8151627
-3.4945569;42.8153381
-3.4947040;42.8153496
-3.4945643;42.8153572
-3.4947069;42.8153725
-3.4951851;42.8154106
-3.4955664;42.8154793
-3.4947312;42.8154984
-3.4949470;42.8154831
-3.4945581;42.8156357
-3.4941013;42.8156395
-3.4938626;42.8154945
-3.4953861;42.8157501
-3.4944310;42.8157845
-3.5348992;42.8159523
-3.4938457;42.8159599
-3.4937677;42.8160782
-3.4939032;42.8161469
-3.4957747;42.8161850
-3.4939842;42.8161888
-3.4937234;42.8163376
-3.4960334;42.8163452
-3.5349913;42.8163681
-3.4936485;42.8163795
-3.4955063;42.8165474
-3.5357397;42.8166885
-3.5247540;42.8153610
-3.5219822;42.8173904
-3.4749310;42.8179474
-3.4754200;42.8181305
-3.5384586;42.8186646
-3.4931960;42.8187561
-3.5169189;42.8189545
-3.5373433;42.8190079
-3.5132427;42.8190956
-3.5372059;42.8190994
-3.5143623;42.8191032
-3.5141358;42.8187828
-3.5139511;42.8191109
-3.5373700;42.8191261
-3.5391278;42.8191643
-3.5138948;42.8191795
-3.5145335;42.8192062
-3.5148191;42.8188324
-3.5145602;42.8192253
-3.5368364;42.8192368
-3.5142562;42.8192711
-3.5147035;42.8193054
-3.5141885;42.8193245
-3.5145774;42.8193779
-3.5148227;42.8193817
-3.5137055;42.8194122
-3.5389431;42.8194847
-3.5381749;42.8192902
-3.5144165;42.8195648
-3.5138872;42.8195648
-3.5138481;42.8195953
-3.5145371;42.8195992
-3.5137775;42.8196220
-3.5365129;42.8196526
-3.5147355;42.8196526
-3.5357859;42.8196869
-3.5352938;42.8194122
-3.5136499;42.8196869
-3.5361676;42.8196869
-3.5144436;42.8197594
-3.5390203;42.8198814
-3.5134151;42.8199158
-3.5156462;42.8199196
-3.5156848;42.8199463
-3.5388687;42.8199463
-3.5349605;42.8199844
-3.5394089;42.8200493
-3.5361183;42.8200874
-3.5380852;42.8204041
-3.5382397;42.8205910
-3.5378881;42.8207359
-3.5375087;42.8208961
-3.5390921;42.8211288
-3.5392098;42.8213234
-3.5396388;42.8213463
-3.5335214;42.8213463
-3.5394180;42.8214264
-3.5398459;42.8214455
-3.5395155;42.8214645
-3.5393064;42.8214912
-3.5396330;42.8215828
-3.5622897;42.8220863
-3.5621853;42.8219948
-3.5612600;42.8222427
-3.5611250;42.8222923
-3.5395920;42.8223000
-3.5607615;42.8223076
-3.5617154;42.8223610
-3.5396113;42.8224297
-3.5618198;42.8224678
-3.5617230;42.8225365
-3.5616081;42.8224907
-3.5618215;42.8226929
-3.5617185;42.8227005
-3.5617211;42.8227501
-3.4847200;42.8228340
-3.5621202;42.8228340
-3.5612891;42.8228569
-3.4887197;42.8229294
-3.5623360;42.8229370
-3.5618205;42.8229637
-3.5406187;42.8229637
-3.5410299;42.8222885
-3.5413160;42.8231468
-3.5392582;42.8231659
-3.5619755;42.8232498
-3.5399487;42.8232956
-3.5617914;42.8234673
-3.4870293;42.8236809
-3.5341840;42.8236961
-3.5367882;42.8237686
-3.4875333;42.8238068
-3.4876556;42.8238564
-3.4870408;42.8241501
-3.4866190;42.8239441
-3.4872003;42.8242912
-3.4875555;42.8243103
-3.4875553;42.8242683
-3.4874139;42.8243484
-3.4877677;42.8243561
-3.4873216;42.8243866
-3.4874685;42.8245506
-3.4876699;42.8246918
-3.4874156;42.8247490
-3.4874237;42.8248329
-3.4875987;42.8249130
-3.4877601;42.8250732
-3.4880097;42.8250618
-3.5280325;42.8256111
-3.5275457;42.8250465
-3.5305154;42.8236389
-3.5282979;42.8257790
-3.5283248;42.8257980
-3.5280471;42.8260384
-3.5279341;42.8262024
-3.5276909;42.8262520
-3.5308030;42.8265953
-3.5336757;42.8266640
-3.5278347;42.8267517
-3.5277054;42.8267174
-3.5699348;42.8268166
-3.5278101;42.8268814
-3.5280538;42.8269157
-3.5313594;42.8270187
-3.5315955;42.8273544
-3.5276546;42.8273582
-3.5373249;42.8273621
-3.5371678;42.8275871
-3.5374928;42.8277206
-3.5756578;42.8277168
-3.5753677;42.8277359
-3.5754199;42.8274574
-3.5278566;42.8277473
-3.5272474;42.8277779
-3.5753641;42.8277931
-3.5283830;42.8279762
-3.5271204;42.8280792
-3.5267382;42.8279419
-3.5740867;42.8282013
-3.5270715;42.8282356
-3.5273092;42.8283043
-3.5745494;42.8283577
-3.5752814;42.8286095
-3.5763841;42.8288765
-3.5389981;42.8289413
-3.5773458;42.8290787
-3.5392611;42.8291435
-3.5777266;42.8291702
-3.5266197;42.8292732
-3.5257869;42.8292198
-3.5732179;42.8292923
-3.5727630;42.8290405
-3.5734012;42.8293457
-3.5902684;42.8293190
-3.5902922;42.8293762
-3.5457935;42.8296089
-3.5465212;42.8297272
-3.5420825;42.8297729
-3.5417097;42.8294334
-3.5420303;42.8297729
-3.5276051;42.8298111
-3.5428717;42.8298187
-3.5741298;42.8298264
-3.5743437;42.8295975
-3.5726418;42.8298340
-3.5437229;42.8298492
-3.5758779;42.8298607
-3.5760765;42.8299217
-3.5414085;42.8299484
-3.5426800;42.8300400
-3.5745487;42.8300438
-3.5747039;42.8297691
-3.5973248;42.8300476
-3.5968375;42.8297958
-3.5426414;42.8300781
-3.5756762;42.8301277
-3.6049602;42.8295975
-3.6029661;42.8301430
-3.6026874;42.8300018
-3.5753324;42.8302002
-3.5760040;42.8302498
-3.6015651;42.8304062
-3.6014175;42.8302765
-3.5395823;42.8304405
-3.5395145;42.8304100
-3.5902195;42.8306351
-3.6193252;42.8307152
-3.5967152;42.8308144
-3.5962629;42.8306923
-3.5257900;42.8308487
-3.5902565;42.8308525
-3.5907483;42.8307800
-3.5906804;42.8308983
-3.5970168;42.8309059
-3.5995617;42.8309402
-3.5907204;42.8309631
-3.5436242;42.8310204
-3.5417151;42.8311043
-3.5970380;42.8311386
-3.5904901;42.8311577
-3.5902429;42.8312111
-3.5988293;42.8312263
-3.5976999;42.8311882
-3.5971923;42.8312416
-3.5970488;42.8312454
-3.5429573;42.8311348
-3.5427854;42.8312683
-3.5965502;42.8313026
-3.5432177;42.8313179
-3.5902183;42.8313370
-3.5904529;42.8313560
-3.5579398;42.8312340
-3.5588253;42.8313866
-3.5524077;42.8314781
-3.5417233;42.8314896
-3.5977721;42.8314972
-3.5901520;42.8314972
-3.5904024;42.8315048
-3.5430312;42.8315239
-3.5558362;42.8315239
-3.5557144;42.8315392
-3.5431771;42.8316078
-3.5419173;42.8316154
-3.5940235;42.8316650
-3.5424192;42.8317146
-3.5414708;42.8318520
-3.5401764;42.8320007
-3.5434175;42.8321152
-3.5242887;42.8321609
-3.5937977;42.8322678
-3.5406258;42.8322754
-3.5397909;42.8322754
-3.5410528;42.8324280
-3.5406573;42.8324928
-3.5415349;42.8325043
-3.5409110;42.8326302
-3.5405846;42.8326912
-3.5879447;42.8327065
-3.5408294;42.8327751
-3.6138477;42.8331566
-3.5405073;42.8328323
-3.5407598;42.8329201
-3.5407357;42.8329468
-3.5409031;42.8330002
-3.5404484;42.8331146
-3.5402331;42.8329697
-3.5406313;42.8332100
-3.5897162;42.8333015
-3.5405469;42.8333969
-3.5400915;42.8334503
-3.5405035;42.8335037
-3.5409646;42.8337402
-3.5403023;42.8339195
-3.5399294;42.8337898
-3.5923712;42.8340302
-3.5402212;42.8340378
-3.5921745;42.8342361
-3.5395410;42.8347397
-3.5392187;42.8348274
-3.5677621;42.8350182
-3.5394716;42.8354073
-3.5691986;42.8360786
-3.5972822;42.8391533
-3.5971513;42.8389511
-3.5979154;42.8392487
-3.5973485;42.8392639
-3.5971010;42.8392754
-3.5976892;42.8393021
-3.5987015;42.8394203
-3.5973835;42.8394966
-3.5985434;42.8395157
-3.5968614;42.8396759
-3.5974445;42.8397484
-3.6096511;42.8398514
-3.5923438;42.8400383
-3.5926752;42.8402252
-3.5975118;42.8406715
-3.5982239;42.8407631
-3.5976996;42.8408051
-3.5981052;42.8406372
-3.5988195;42.8406868
-3.5978792;42.8409958
-3.5979898;42.8409309
-3.5976996;42.8410034
-3.5974882;42.8410225
-3.6101048;42.8410339
-3.5817850;42.8410988
-3.5982463;42.8411789
-3.5988448;42.8409462
-3.5882008;42.8412666
-3.5979342;42.8413200
-3.5977426;42.8413315
-3.5803947;42.8413353
-3.5975065;42.8413429
-3.5810113;42.8417892
-3.5809157;42.8418617
-3.5810220;42.8418884
-3.5845366;42.8419685
-3.5979500;42.8419724
-3.5977871;42.8419228
-3.5979285;42.8421249
-3.5975995;42.8421249
-3.5970984;42.8413963
-3.5980411;42.8421555
-3.5813203;42.8421860
-3.5815656;42.8422737
-3.5975621;42.8422852
-3.5977809;42.8423691
-3.5812109;42.8423958
-3.5981507;42.8424377
-3.5786495;42.8424568
-3.5779643;42.8423119
-3.5730579;42.8425064
-3.5728388;42.8425484
-3.5727460;42.8425674
-3.5986795;42.8426323
-3.5974226;42.8427277
-3.5838904;42.8427505
-3.5867715;42.8426971
-3.5859745;42.8428268
-3.5847425;42.8428993
-3.5972884;42.8429642
-3.5850437;42.8429718
-3.5837100;42.8430252
-3.5851617;42.8430328
-3.5854576;42.8430595
-3.5983133;42.8431053
-3.5859265;42.8431206
-3.5850625;42.8432350
-3.5970061;42.8432693
-3.5963480;42.8425484
-3.5866883;42.8433228
-3.5849726;42.8433266
-3.5848241;42.8432770
-3.5868428;42.8433495
-3.5869696;42.8430977
-3.5848079;42.8433914
-3.5975642;42.8434372
-3.5854313;42.8434525
-3.5916774;42.8434715
-3.5916986;42.8435440
-3.5884464;42.8436050
-3.5969028;42.8438263
-3.5868635;42.8438416
-3.5836279;42.8439102
-3.5830655;42.8439293
-3.5866759;42.8439865
-3.5967922;42.8440285
-3.5852690;42.8440819
-3.5870075;42.8441048
-3.5907679;42.8442001
-3.5872204;42.8446426
-3.5966244;42.8446465
-3.6061392;42.8448486
-3.5949080;42.8451424
-3.5942998;42.8448639
-3.6059768;42.8453217
-3.6055608;42.8453445
-3.6056211;42.8449135
-3.6062324;42.8453636
-3.6052034;42.8454094
-3.6054282;42.8455353
-3.6044548;42.8456230
-3.6043916;42.8456192
-3.6054604;42.8456497
-3.6037812;42.8456650
-3.6037292;42.8456039
-3.6037583;42.8456726
-3.6036239;42.8457260
-3.6038172;42.8457565
-3.6035626;42.8457756
-3.6042886;42.8457756
-3.6037011;42.8457870
-3.6033628;42.8457870
-3.6035788;42.8452492
-3.6031098;42.8459702
-3.6032808;42.8460312
-3.6037030;42.8462906
-3.6055691;42.8464622
-3.6024132;42.8467789
-3.5965440;42.8472748
-3.5978279;42.8480530
-3.5982440;42.8482971
-3.5982909;42.8483276
-3.5992334;42.8484268
-3.5980320;42.8485947
-3.5979946;42.8485909
-3.5987012;42.8486023
-3.6012940;42.8497543
-3.6011229;42.8497353
-3.6044025;42.8498268
-3.6017525;42.8499031
-3.6023040;42.8499298
-3.6025505;42.8500366
-3.6019216;42.8500671
-3.6013303;42.8500862
-3.5997696;42.8501244
-3.6017914;42.8501511
-3.6021106;42.8501625
-3.6023359;42.8502426
-3.6023858;42.8502464
-3.6019833;42.8503685
-3.6037621;42.8506966
-3.5995829;42.8509178
-3.5995510;42.8510361
-3.6010230;42.8517647
-3.5989821;42.8524551
-3.5959005;42.8536301
-3.5944476;42.8558884
-3.5940368;42.8563118
-3.5927234;42.8591805
-3.5915561;42.8594856
-3.5918810;42.8673172
-3.4986043;42.4366646
-3.4984152;42.4368973
-3.4478810;42.4634018
-3.4473920;42.4635277
-3.5058613;42.4615173
-3.5057561;42.4615250
-3.4459469;42.4609337
-3.4459038;42.4605408
-3.4458852;42.4628868
-3.4458892;42.4628105
-3.4999423;42.4305115
-3.4998147;42.4307480
-3.5000489;42.4308128
-3.5001712;42.4305954
-3.4779143;42.4497337
-3.4775350;42.4499969
-3.4777009;42.4500885
-3.4780045;42.4498787
-3.4699588;42.4525108
-3.4695232;42.4525299
-3.4695230;42.4527054
-3.4699700;42.4526749
-3.4499848;42.4626732
-3.4498208;42.4630775
-3.4500782;42.4630775
-3.4502516;42.4626541
-3.4991686;42.4369698
-3.4988637;42.4368057
-3.5033729;42.4300804
-3.5015273;42.4330254
-3.5010657;42.4337654
-3.4988296;42.4363861
-3.4988949;42.4370689
-3.4980690;42.4386444
-3.4975975;42.4386597
-3.4977398;42.4387436
-3.4977758;42.4389534
-3.4972169;42.4390068
-3.4973593;42.4390945
-3.4974747;42.4391098
-3.4995604;42.4384003
-3.4979107;42.4391441
-3.4956391;42.4396629
-3.4947560;42.4402618
-3.4952624;42.4399033
-3.4950221;42.4411240
-3.4944317;42.4402428
-3.4908631;42.4429054
-3.4907553;42.4430313
-3.4904530;42.4432106
-3.4736750;42.4520302
-3.4781196;42.4527321
-3.4776776;42.4529762
-3.4732220;42.4552574
-3.4693611;42.4565430
-3.4690795;42.4566460
-3.4690106;42.4566727
-3.4687986;42.4567451
-3.4681988;42.4569588
-3.4693391;42.4570007
-3.4691343;42.4572449
-3.4948540;42.4563713
-3.4917533;42.4573097
-3.4689267;42.4574318
-3.5000732;42.4574509
-3.4666073;42.4575119
-3.4665520;42.4574280
-3.4679923;42.4575500
-3.4666116;42.4576530
-3.4700997;42.4576645
-3.4902520;42.4577332
-3.4680977;42.4577484
-3.4697614;42.4577713
-3.4666350;42.4577789
-3.4658170;42.4577904
-3.4696684;42.4578781
-3.4689031;42.4579010
-3.4691889;42.4579506
-3.4692972;42.4579697
-3.4697242;42.4579773
-3.4696839;42.4580078
-3.4650011;42.4580727
-3.4872856;42.4581184
-3.4692311;42.4581680
-3.4655180;42.4581833
-3.4695270;42.4582329
-3.4656038;42.4583015
-3.4643202;42.4583130
-3.4711568;42.4583168
-3.4890428;42.4583817
-3.4706562;42.4584122
-3.4865305;42.4584656
-3.4702373;42.4585037
-3.4716508;42.4585342
-3.4704602;42.4585571
-3.4705455;42.4585876
-3.4863195;42.4586258
-3.4718893;42.4586411
-3.4719381;42.4586678
-3.4708483;42.4586830
-3.4703128;42.4587288
-3.4723718;42.4589577
-3.4715645;42.4590378
-3.4611442;42.4594688
-3.4853475;42.4600334
-3.4733758;42.4601555
-3.4837978;42.4604759
-3.4458570;42.4603653
-3.4839277;42.4607048
-3.4578302;42.4608727
-3.4824443;42.4609413
-3.4747348;42.4610710
-3.4820349;42.4612808
-3.4814551;42.4613190
-3.4821064;42.4614105
-3.4815516;42.4614677
-3.4806619;42.4615173
-3.4917340;42.4615211
-3.5056841;42.4615288
-3.4806070;42.4615288
-3.4821851;42.4615326
-3.4812646;42.4618149
-3.4813440;42.4619141
-3.4821236;42.4617920
-3.4813435;42.4619675
-3.4787416;42.4620514
-3.4459524;42.4620705
-3.5204244;42.4622993
-3.4915922;42.4623718
-3.4814656;42.4624405
-3.4514272;42.4625244
-3.4456007;42.4637680
-3.4457703;42.4639244
-3.4493909;42.4643173
-3.4491975;42.4646339
-3.4483111;42.4662857
-3.4485211;42.4664803
-3.4487033;42.4666519
-3.4489393;42.4668694
-3.7852745;42.5907745
-3.7852676;42.5907173
-3.7783890;42.5802002
-3.7785251;42.5800743
-3.7829928;42.5926857
-3.7828512;42.5925446
-3.7683020;42.5624275
-3.7484684;42.5552864
-3.7655709;42.5628815
-3.7678947;42.5629272
-3.7656660;42.5632935
-3.7656944;42.5634155
-3.7676387;42.5637932
-3.7660363;42.5646400
-3.7663004;42.5650673
-3.7675860;42.5663490
-3.7688344;42.5667000
-3.7690415;42.5671768
-3.7690644;42.5672264
-3.7686567;42.5673866
-3.7692025;42.5675583
-3.7688551;42.5675812
-3.7689571;42.5676880
-3.7691169;42.5678825
-3.7694466;42.5683594
-3.7696574;42.5687523
-3.7714491;42.5711517
-3.7785819;42.5776787
-3.7791567;42.5783997
-3.7794867;42.5786934
-3.7795625;42.5788841
-3.7792435;42.5789909
-3.7793078;42.5791206
-3.7799225;42.5792274
-3.7798467;42.5792389
-3.7791128;42.5793114
-3.7789900;42.5795059
-3.7806761;42.5800018
-3.7777805;42.5807610
-3.7768364;42.5821075
-3.7754064;42.5830727
-3.7752035;42.5831642
-3.7754695;42.5834961
-3.7760487;42.5835915
-3.7756827;42.5836067
-3.7758479;42.5836487
-3.7753811;42.5836563
-3.7750399;42.5835075
-3.7750421;42.5836678
-3.7749388;42.5835838
-3.7759681;42.5836906
-3.7752337;42.5838509
-3.7755170;42.5838852
-3.7760041;42.5838966
-3.7762613;42.5837746
-3.7755907;42.5839195
-3.7762744;42.5839233
-3.7758641;42.5839424
-3.7763853;42.5839462
-3.7764316;42.5838089
-3.7774203;42.5839653
-3.7774704;42.5839386
-3.7765770;42.5839882
-3.7766788;42.5839996
-3.7766979;42.5838394
-3.7758505;42.5839996
-3.7771716;42.5840302
-3.7774038;42.5837555
-3.7770991;42.5838089
-3.7767239;42.5840874
-3.7771890;42.5840988
-3.7775490;42.5841484
-3.7772024;42.5841522
-3.7752657;42.5841064
-3.7751846;42.5841866
-3.7752554;42.5842476
-3.7750959;42.5842705
-3.7759960;42.5843163
-3.7753868;42.5843315
-3.7775340;42.5843010
-3.7776251;42.5843391
-3.7773280;42.5844154
-3.7764425;42.5844650
-3.7777066;42.5845222
-3.7778606;42.5845375
-3.7761123;42.5845680
-3.7760270;42.5845871
-3.7762234;42.5845871
-3.7776656;42.5846443
-3.7766929;42.5846748
-3.7767684;42.5846863
-3.7772243;42.5846863
-3.7767453;42.5847282
-3.7774618;42.5847359
-3.7763824;42.5847435
-3.7751274;42.5847931
-3.7750950;42.5848083
-3.7748914;42.5844879
-3.7776091;42.5848389
-3.7766685;42.5848579
-3.7777839;42.5849075
-3.7770610;42.5849266
-3.7763143;42.5849342
-3.7758424;42.5849342
-3.7764316;42.5850143
-3.7733595;42.5850029
-3.7728837;42.5850372
-3.7765441;42.5850449
-3.7765131;42.5850563
-3.7764530;42.5851326
-3.7773051;42.5851479
-3.7768877;42.5852623
-3.7762420;42.5852737
-3.7769246;42.5853004
-3.7769561;42.5853233
-3.7771053;42.5853271
-3.7770550;42.5853767
-3.7778394;42.5854340
-3.7777739;42.5851212
-3.7767272;42.5855560
-3.7776465;42.5856285
-3.7776089;42.5856667
-3.7783346;42.5857086
-3.7786043;42.5856667
-3.7765799;42.5858116
-3.7762239;42.5858536
-3.7760727;42.5858154
-3.7786562;42.5858879
-3.7781305;42.5858955
-3.7767322;42.5859032
-3.7780945;42.5859261
-3.7764668;42.5859489
-3.7769377;42.5859947
-3.7760320;42.5860329
-3.7767289;42.5860519
-3.7763572;42.5860634
-3.7771301;42.5861320
-3.7765510;42.5861816
-3.7787542;42.5862427
-3.7764180;42.5862732
-3.7772233;42.5862923
-3.7761214;42.5863647
-3.7759135;42.5864563
-3.7757399;42.5865135
-3.7771716;42.5865173
-3.7756755;42.5865250
-3.7756524;42.5864182
-3.7756236;42.5865326
-3.7755198;42.5865440
-3.7754390;42.5864105
-3.7751524;42.5865860
-3.7769349;42.5865898
-3.7767262;42.5865746
-3.7757678;42.5866547
-3.7759204;42.5866623
-3.7795820;42.5867500
-3.7755489;42.5867729
-3.7753367;42.5867615
-3.7757936;42.5867958
-3.7761941;42.5868149
-3.7759275;42.5868225
-3.7759471;42.5867081
-3.7753973;42.5869102
-3.7753191;42.5869102
-3.7754488;42.5870590
-3.7753067;42.5871010
-3.7802424;42.5871239
-3.7812216;42.5876579
-3.7823317;42.5883026
-3.7865939;42.5937424
-3.7862847;42.5942688
-3.7866464;42.5942764
-3.7870665;42.5942802
-3.7867105;42.5944138
-3.7871552;42.5945549
-3.7878621;42.5951004
-3.7924743;42.5994682
-3.7901039;42.6048927
-3.7892423;42.6052971
-3.7891419;42.6053429
-3.7889762;42.6054497
-3.7611456;42.6094475
-3.7583702;42.6098862
-3.7579741;42.6098900
-3.7579858;42.6099892
-3.7577784;42.6100006
-3.7577522;42.6100502
-3.7570205;42.6102448
-3.7832980;42.6082954
-3.7766011;42.6111450
-3.7718349;42.6120224
-3.7627602;42.6096001
-3.7516582;42.6125526
-3.7498960;42.6136055
-3.7462130;42.6158257
-3.3306084;42.6715240
-3.3303761;42.6715393
-3.3303521;42.6715469
-3.3294933;42.6717911
-3.3235254;42.6718102
-3.3197780;42.6713219
-3.3295875;42.6718330
-3.3283734;42.6719742
-3.3287437;42.6720047
-3.3257830;42.6720543
-3.3295867;42.6721649
-3.3286686;42.6751289
-3.3274851;42.6787796
-3.3268735;42.6798553
-3.3267562;42.6800461
-3.3266909;42.6801682
-3.3265224;42.6806145
-3.3263328;42.6810799
-3.3263495;42.6811600
-3.3262157;42.6814842
-3.3270452;42.6814880
-3.3261721;42.6816139
-3.3260436;42.6814537
-3.3278508;42.6816292
-3.3254898;42.6818047
-3.3252802;42.6818695
-3.3265357;42.6818695
-3.3269262;42.6819572
-3.3269823;42.6819839
-3.3271291;42.6819878
-3.3275900;42.6820297
-3.3262098;42.6820793
-3.3260016;42.6821404
-3.3268442;42.6822357
-3.3267467;42.6823425
-3.3267794;42.6826096
-3.3270769;42.6826210
-3.3261807;42.6826439
-3.3257244;42.6825600
-3.3267863;42.6828003
-3.3266456;42.6830635
-3.3271630;42.6834869
-3.3260067;42.6835785
-3.4116805;42.7364426
-3.4115472;42.7366409
-3.4117405;42.7363510
-3.4176722;42.7339020
-3.4177566;42.7342377
-3.4319541;42.7046776
-3.4319654;42.7047768
-3.4184043;42.7337761
-3.4183984;42.7341614
-3.4120667;42.7363014
-3.4123399;42.7365150
-3.4528239;42.7052422
-3.4529314;42.7051926
-3.4100096;42.7353287
-3.4099605;42.7352791
-3.4080026;42.7446060
-3.4078591;42.7454681
-3.4096427;42.7475471
-3.4100771;42.7480812
-3.4104874;42.7495880
-3.4109840;42.7502480
-3.4318795;42.6949654
-3.4318922;42.6950111
-3.4089408;42.7470436
-3.4091883;42.7472000
-3.4101877;42.7484131
-3.4103637;42.7491417
-3.4335184;42.7659950
-3.4336624;42.7662735
-3.4604933;42.7266350
-3.4605153;42.7265434
-3.4294651;42.6814384
-3.4289782;42.6816292
-3.2753286;42.7006416
-3.2755103;42.7006493
-3.2757828;42.7013359
-3.2755864;42.7013206
-3.2745233;42.7073288
-3.2744398;42.7072334
-3.4301825;42.6649628
-3.4301364;42.6651001
-3.4273016;42.6743698
-3.4272664;42.6745110
-3.4491837;42.7208557
-3.4491508;42.7209435
-3.4440401;42.7234955
-3.4439085;42.7234764
-3.4327114;42.6581650
-3.4327919;42.6581612
-3.4319313;42.6585426
-3.4321518;42.6583595
-3.4111524;42.7511330
-3.4110157;42.7512169
-3.4127667;42.7515564
-3.4124756;42.7516022
-3.4371192;42.6626778
-3.4372604;42.6627655
-3.4202266;42.6831245
-3.4200125;42.6831512
-3.4285693;42.6854668
-3.4285314;42.6853867
-3.4098082;42.7351265
-3.4100266;42.7349625
-3.4118814;42.7348213
-3.4139121;42.7337608
-3.4109006;42.7353401
-3.4454594;42.6376648
-3.4368863;42.6452370
-3.4348872;42.6495056
-3.4335327;42.6541443
-3.4337177;42.6551132
-3.4338624;42.6555634
-3.4338927;42.6556282
-3.4155049;42.6556282
-3.4343314;42.6557236
-3.4344912;42.6553497
-3.4344454;42.6557312
-3.4349041;42.6559563
-3.4344287;42.6559944
-3.4349437;42.6561356
-3.4353878;42.6559525
-3.4347997;42.6561928
-3.4345059;42.6562347
-3.4344687;42.6562576
-3.4342074;42.6562958
-3.4338727;42.6563606
-3.4352634;42.6562767
-3.4347293;42.6564026
-3.4179387;42.6564903
-3.4343090;42.6565819
-3.4347463;42.6566734
-3.4343410;42.6567383
-3.4347298;42.6569443
-3.4353716;42.6569443
-3.4343681;42.6569595
-3.4341314;42.6569824
-3.4350271;42.6570625
-3.4340894;42.6572495
-3.4346969;42.6573257
-3.4344068;42.6573563
-3.4352875;42.6575928
-3.4349535;42.6576576
-3.4349113;42.6575508
-3.4343123;42.6576653
-3.4346333;42.6577339
-3.4340391;42.6579170
-3.4347591;42.6579399
-3.4345655;42.6579399
-3.4343667;42.6579437
-3.4335532;42.6580772
-3.4356079;42.6581306
-3.4364002;42.6575851
-3.4328523;42.6581573
-3.4354630;42.6581955
-3.4343345;42.6581993
-3.4257762;42.6582451
-3.4350901;42.6585350
-3.4343657;42.6585732
-3.4341249;42.6585770
-3.4318426;42.6586189
-3.4343741;42.6586914
-3.4356122;42.6587105
-3.4316728;42.6587257
-3.4317918;42.6587334
-3.4343996;42.6588249
-3.4339700;42.6589317
-3.4318275;42.6589355
-3.4339926;42.6590576
-3.4347200;42.6591034
-3.4347253;42.6587143
-3.4347835;42.6591492
-3.4342983;42.6591606
-3.4344969;42.6592102
-3.4357436;42.6592331
-3.4349563;42.6592636
-3.4356210;42.6592789
-3.4345129;42.6593170
-3.4350071;42.6593933
-3.4360247;42.6595726
-3.4350758;42.6596375
-3.4363444;42.6600761
-3.4343514;42.6601257
-3.4349127;42.6603165
-3.4386992;42.6637268
-3.4431016;42.6667900
-3.4110234;42.6693497
-3.4484167;42.6696587
-3.4123595;42.6702271
-3.4283168;42.6709366
-3.3574789;42.6721687
-3.4567533;42.6729469
-3.4547901;42.6732178
-3.4196692;42.6737061
-3.3924243;42.6739426
-3.3925860;42.6739349
-3.3923445;42.6737137
-3.3930585;42.6740417
-3.3925848;42.6740532
-3.3922353;42.6742668
-3.3924546;42.6743279
-3.3922138;42.6743507
-3.3921895;42.6743774
-3.3920569;42.6743736
-3.3919716;42.6746140
-3.3912389;42.6746483
-3.3919458;42.6748886
-3.3923898;42.6748810
-3.4462206;42.6749153
-3.3919311;42.6749649
-3.3916967;42.6753120
-3.3922234;42.6755028
-3.4433749;42.6755409
-3.3914669;42.6757698
-3.3932550;42.6755943
-3.4386852;42.6758308
-3.3907292;42.6758385
-3.3906238;42.6757278
-3.3908174;42.6759491
-3.4230762;42.6759796
-3.3904634;42.6760445
-3.3849704;42.6763039
-3.3842835;42.6763077
-3.3910503;42.6763344
-3.3912680;42.6763535
-3.3915102;42.6763725
-3.3851719;42.6764603
-3.3890395;42.6765976
-3.3911805;42.6766052
-3.3912692;42.6765976
-3.3861303;42.6766701
-3.3862462;42.6765289
-3.3911545;42.6766815
-3.3850083;42.6767654
-3.3858042;42.6768112
-3.3785696;42.6768150
-3.3787479;42.6768532
-3.3854513;42.6768570
-3.3852625;42.6768608
-3.3842514;42.6768646
-3.3860993;42.6768799
-3.3845835;42.6769371
-3.3851526;42.6769371
-3.3910444;42.6770134
-3.3854232;42.6770554
-3.3857310;42.6771049
-3.3858213;42.6769829
-3.3852623;42.6771507
-3.3857315;42.6771851
-3.3908503;42.6771965
-3.3858690;42.6772270
-3.3854520;42.6772194
-3.3850152;42.6772537
-3.3868551;42.6768837
-3.3806794;42.6772842
-3.3841929;42.6772995
-3.3844717;42.6773453
-3.3849664;42.6774025
-3.3858433;42.6774216
-3.3910215;42.6775208
-3.3853533;42.6775246
-3.3878157;42.6775398
-3.3853548;42.6775780
-3.3849187;42.6776276
-3.3846838;42.6776237
-3.3850403;42.6777153
-3.3859057;42.6777267
-3.3862751;42.6774445
-3.3862956;42.6777306
-3.3840683;42.6777611
-3.3839674;42.6770668
-3.3856926;42.6777802
-3.3865316;42.6777802
-3.3848517;42.6778297
-3.4335606;42.6778641
-3.3840020;42.6778717
-3.3832803;42.6777191
-3.3847334;42.6778908
-3.3842618;42.6779099
-3.3859568;42.6779327
-3.3852339;42.6779823
-3.3838992;42.6780396
-3.3861871;42.6780396
-3.3860219;42.6780434
-3.3850758;42.6780472
-3.3842649;42.6781044
-3.3848670;42.6781502
-3.3847759;42.6781960
-3.3828790;42.6782570
-3.3853333;42.6782913
-3.3858182;42.6783791
-3.3859260;42.6784019
-3.4252183;42.6784172
-3.3863161;42.6784668
-3.3841434;42.6785126
-3.4257672;42.6786270
-3.3855557;42.6786652
-3.3848383;42.6786804
-3.4256094;42.6786804
-3.4255545;42.6788139
-3.3897407;42.6790352
-3.3909395;42.6790810
-3.4257989;42.6790924
-3.3867702;42.6791573
-3.3909216;42.6792183
-3.4263380;42.6798210
-3.3961182;42.6801300
-3.4266896;42.6805038
-3.4263661;42.6805229
-3.4262679;42.6806831
-3.4000039;42.6807098
-3.4022014;42.6809883
-3.4298809;42.6810188
-3.4268856;42.6810989
-3.4266126;42.6817131
-3.4263606;42.6817398
-3.4259582;42.6817665
-3.4259098;42.6819458
-3.4263978;42.6819725
-3.4255421;42.6819992
-3.4252505;42.6814194
-3.4246638;42.6817017
-3.4258881;42.6820297
-3.4104233;42.6820755
-3.4272678;42.6821861
-3.4268477;42.6821899
-3.4258506;42.6821976
-3.4264457;42.6821976
-3.4260342;42.6822014
-3.4263031;42.6822014
-3.4122205;42.6823769
-3.4279950;42.6824265
-3.4258285;42.6824341
-3.4253778;42.6824913
-3.4241142;42.6821594
-3.4260321;42.6825180
-3.4258146;42.6825180
-3.4262991;42.6825180
-3.4264374;42.6825218
-3.4268634;42.6825562
-3.4257901;42.6826744
-3.4268136;42.6827011
-3.4250462;42.6827278
-3.4263778;42.6827507
-3.4140255;42.6827850
-3.4145651;42.6828461
-3.4264622;42.6828575
-3.4257517;42.6828613
-3.4267352;42.6829224
-3.4257202;42.6830177
-3.4266024;42.6830406
-3.4270890;42.6828957
-3.4270737;42.6830597
-3.4268880;42.6830673
-3.4275730;42.6830750
-3.4255142;42.6831131
-3.4256833;42.6831551
-3.4158449;42.6831779
-3.4269075;42.6832428
-3.4176941;42.6831512
-3.4175005;42.6832466
-3.4250655;42.6832466
-3.4257286;42.6833420
-3.4270480;42.6833534
-3.4266934;42.6833687
-3.4265141;42.6833801
-3.4264073;42.6833878
-3.4274683;42.6834259
-3.4174125;42.6834450
-3.4174876;42.6835289
-3.4264083;42.6835823
-3.4270589;42.6835938
-3.4266465;42.6836166
-3.4268062;42.6836586
-3.4263837;42.6836891
-3.4258330;42.6836929
-3.4277756;42.6837006
-3.4255550;42.6837044
-3.4248013;42.6836052
-3.4185977;42.6837463
-3.4263639;42.6837502
-3.4189379;42.6837616
-3.4254827;42.6838875
-3.4277186;42.6838875
-3.4272926;42.6838875
-3.4257698;42.6839485
-3.4254494;42.6839752
-3.4262931;42.6839752
-3.4279227;42.6840363
-3.4204464;42.6841011
-3.4261460;42.6842842
-3.4281206;42.6844635
-3.4251277;42.6851501
-3.4284654;42.6852455
-3.4272566;42.6856728
-3.4279621;42.6859398
-3.4287522;42.6860161
-3.4287229;42.6863670
-3.4290850;42.6868668
-3.4296315;42.6881752
-3.2703764;42.6914635
-3.4313371;42.6933022
-3.4320109;42.6953697
-3.2730536;42.7025070
-3.2724380;42.7024994
-3.2751703;42.7028618
-3.2763028;42.7030602
-3.2375660;42.7031326
-3.2769239;42.7032394
-3.2764816;42.7033501
-3.2763391;42.7032471
-3.2768188;42.7033844
-3.2774758;42.7033997
-3.2587874;42.7023964
-3.2524912;42.7034073
-3.2766206;42.7034378
-3.2760465;42.7034950
-3.2756159;42.7031975
-3.2768841;42.7035027
-3.2766984;42.7035065
-3.2762728;42.7035103
-3.2764997;42.7035179
-3.2640004;42.7035866
-3.2774150;42.7036362
-3.2770696;42.7036705
-3.2759848;42.7036972
-3.4318976;42.7037125
-3.2756343;42.7037239
-3.2761014;42.7037354
-3.2765827;42.7037735
-3.2756002;42.7037888
-3.2757716;42.7038269
-3.2765088;42.7038956
-3.2644305;42.7038994
-3.2766354;42.7039070
-3.2663021;42.7036934
-3.2660367;42.7039261
-3.2759113;42.7039528
-3.4318819;42.7039719
-3.2756002;42.7040062
-3.2648783;42.7040100
-3.2671325;42.7040138
-3.2659955;42.7040215
-3.2650940;42.7040520
-3.2659738;42.7040825
-3.2652473;42.7040863
-3.2661703;42.7040901
-3.2668760;42.7041283
-3.2670648;42.7039413
-3.2665954;42.7041550
-3.2659719;42.7041702
-3.2660544;42.7041702
-3.2640865;42.7041817
-3.2667584;42.7041931
-3.4534256;42.7039642
-3.4535117;42.7042427
-3.2658944;42.7042580
-3.2659936;42.7042999
-3.2665179;42.7043228
-3.2652807;42.7043266
-3.2660387;42.7043304
-3.2664382;42.7043686
-3.2649510;42.7044067
-3.2662504;42.7044067
-3.4536276;42.7044220
-3.4537392;42.7043877
-3.2662282;42.7044487
-3.4539590;42.7044792
-3.4610744;42.6996422
-3.4547250;42.7044830
-3.2658265;42.7044907
-3.4538054;42.7045097
-3.2647090;42.7045174
-3.2664359;42.7045441
-3.2662153;42.7045670
-3.4531918;42.7045822
-3.4527702;42.7044983
-3.2655933;42.7045822
-3.2666512;42.7045708
-3.4533935;42.7046204
-3.4319499;42.7046394
-3.4322619;42.7045403
-3.4534218;42.7046814
-3.2662144;42.7046852
-3.4532139;42.7046890
-3.2654312;42.7047119
-3.4540076;42.7047119
-3.2662201;42.7047806
-3.4531498;42.7047844
-3.4522688;42.7045403
-3.4326940;42.7048111
-3.4328368;42.7047119
-3.4325078;42.7047653
-3.4323123;42.7048187
-3.4326560;42.7048531
-3.4319744;42.7048531
-3.4540417;42.7048988
-3.4541919;42.7049179
-3.4537005;42.7049789
-3.4536002;42.7050056
-3.4532659;42.7050095
-3.4540648;42.7050247
-3.4332416;42.7049942
-3.4330246;42.7050819
-3.4324517;42.7050819
-3.4531794;42.7050819
-3.4530315;42.7051926
-3.4537942;42.7052231
-3.4326086;42.7052536
-3.4527316;42.7052841
-3.4513118;42.7053642
-3.4336450;42.7053528
-3.4331617;42.7054825
-3.4330308;42.7054901
-3.4333358;42.7054977
-3.4326603;42.7055130
-3.4322109;42.7055359
-3.4325724;42.7055435
-3.4321733;42.7055435
-3.4507003;42.7055740
-3.4320216;42.7055740
-3.4318559;42.7055435
-3.4315002;42.7056274
-3.4313519;42.7054443
-3.4333096;42.7056427
-3.4320130;42.7056885
-3.4320922;42.7056923
-3.4319305;42.7056999
-3.4321585;42.7057037
-3.4320066;42.7057495
-3.4312959;42.7057724
-3.4324949;42.7057877
-3.4327912;42.7057915
-3.4319968;42.7058487
-3.4315138;42.7058563
-3.4309788;42.7059174
-3.4317088;42.7059402
-3.4328918;42.7060471
-3.4304004;42.7061539
-3.4332621;42.7061729
-3.4298186;42.7062149
-3.4319673;42.7062302
-3.4325068;42.7062111
-3.4310625;42.7063446
-3.4313114;42.7063751
-3.4316356;42.7063828
-3.4319439;42.7063904
-3.4312937;42.7064743
-3.4318428;42.7066650
-3.2975671;42.7076950
-3.3031368;42.7079887
-3.3044927;42.7080917
-3.2761061;42.7090569
-3.2762601;42.7092552
-3.3131249;42.7103195
-3.3166323;42.7117195
-3.3198886;42.7120552
-3.3217087;42.7122612
-3.3218911;42.7120399
-3.3209429;42.7123032
-3.3206851;42.7117424
-3.3208196;42.7124557
-3.3213158;42.7124710
-3.3215759;42.7126083
-3.3227894;42.7126198
-3.3227177;42.7126884
-3.3223553;42.7125740
-3.3228600;42.7127419
-3.3222146;42.7128525
-3.3237221;42.7128563
-3.3241267;42.7128754
-3.3221886;42.7129097
-3.3214998;42.7129135
-3.3244417;42.7129707
-3.3244555;42.7128372
-3.3225389;42.7130470
-3.3223286;42.7130547
-3.3245802;42.7130585
-3.3227856;42.7131042
-3.3221755;42.7131081
-3.3247023;42.7131348
-3.3239748;42.7131615
-3.3227274;42.7131882
-3.3229120;42.7132072
-3.3213840;42.7132492
-3.3221858;42.7132797
-3.3223288;42.7132912
-3.3225567;42.7132988
-3.3220053;42.7133026
-3.3254364;42.7133369
-3.4521151;42.7134399
-3.3248734;42.7134399
-3.3231759;42.7134933
-3.3253455;42.7135010
-3.3225629;42.7135620
-3.3267584;42.7135735
-3.3283739;42.7135353
-3.3210490;42.7136116
-3.3258293;42.7136612
-3.3221369;42.7136917
-3.3213813;42.7136459
-3.3247211;42.7138023
-3.3216920;42.7138214
-3.3257554;42.7138290
-3.3207214;42.7138329
-3.3269145;42.7138443
-3.3273916;42.7137337
-3.3263073;42.7138481
-3.3252242;42.7138481
-3.3266594;42.7138557
-3.3244526;42.7138443
-3.3255839;42.7139015
-3.3248475;42.7139969
-3.3255236;42.7140999
-3.3268673;42.7141151
-3.3323414;42.7141190
-3.3249540;42.7141418
-3.3276792;42.7141647
-3.3251789;42.7142563
-3.3248181;42.7143593
-3.3245304;42.7143402
-3.3250842;42.7143898
-3.3256483;42.7144012
-3.3257785;42.7142067
-3.3260033;42.7144089
-3.3265681;42.7144623
-3.3266768;42.7145042
-3.3250744;42.7144699
-3.3273480;42.7145767
-3.3266368;42.7146111
-3.3275764;42.7146721
-3.3272057;42.7147789
-3.4515982;42.7161980
-3.4393420;42.7171631
-3.4496284;42.7199478
-3.3547852;42.7201576
-3.4493759;42.7205238
-3.4499869;42.7205658
-3.4500048;42.7202568
-3.4497979;42.7204514
-3.4501405;42.7206802
-3.4511280;42.7207298
-3.4513757;42.7208138
-3.4511962;42.7208977
-3.4511535;42.7209473
-3.4521029;42.7209473
-3.4507341;42.7209969
-3.4514284;42.7210083
-3.4505205;42.7211418
-3.4509518;42.7211647
-3.4512603;42.7212982
-3.4516535;42.7213440
-3.4517763;42.7211266
-3.4519951;42.7214470
-3.4524195;42.7215614
-3.4524951;42.7216187
-3.4511001;42.7216644
-3.4512551;42.7217216
-3.4510722;42.7217255
-3.4527571;42.7217712
-3.4531646;42.7218513
-3.4526587;42.7218628
-3.4509473;42.7218933
-3.4508200;42.7218742
-3.4503734;42.7219009
-3.4530056;42.7219162
-3.4507091;42.7219429
-3.4514408;42.7218018
-3.4478400;42.7219849
-3.4498782;42.7220230
-3.4507732;42.7221031
-3.4509513;42.7220917
-3.4507887;42.7223091
-3.4508471;42.7223091
-3.4533803;42.7223778
-3.4507768;42.7227554
-3.4420123;42.7232285
-3.4551892;42.7233391
-3.3599088;42.7233849
-3.4447825;42.7235527
-3.4448345;42.7235527
-3.4562755;42.7239838
-3.4576986;42.7241707
-3.4579298;42.7242622
-3.4573154;42.7242622
-3.4581695;42.7244873
-3.4576864;42.7245293
-3.4584470;42.7247238
-3.4581134;42.7246323
-3.4579871;42.7248268
-3.4587495;42.7248421
-3.4582932;42.7248840
-3.4579809;42.7249260
-3.4582446;42.7249413
-3.4585412;42.7249908
-3.4577250;42.7250633
-3.4583197;42.7253571
-3.4581721;42.7255516
-3.4588115;42.7256584
-3.4592321;42.7257767
-3.3746276;42.7264519
-3.3747735;42.7261620
-3.3750563;42.7267036
-3.3741820;42.7267532
-3.3740139;42.7267609
-3.3740857;42.7265778
-3.3733823;42.7263641
-3.3754334;42.7267990
-3.3754704;42.7265472
-3.3749161;42.7267990
-3.3751702;42.7268257
-3.3751566;42.7270126
-3.3752413;42.7270355
-3.3761230;42.7271309
-3.3762798;42.7268600
-3.3741937;42.7272873
-3.3744605;42.7273331
-3.3742042;42.7274170
-3.3739250;42.7273979
-3.4397485;42.7274704
-3.3738024;42.7275124
-3.3736622;42.7274170
-3.3741827;42.7276001
-3.3737745;42.7276421
-3.3706958;42.7278252
-3.4598770;42.7278366
-3.3747699;42.7279816
-3.3741913;42.7279854
-3.3741713;42.7280693
-3.3737645;42.7280960
-3.3734827;42.7281723
-3.3731310;42.7282791
-3.3729341;42.7283401
-3.3782821;42.7286491
-3.3824494;42.7303009
-3.3836915;42.7316628
-3.4159098;42.7326202
-3.4154351;42.7324257
-3.4166677;42.7326241
-3.4146218;42.7327919
-3.4146402;42.7324829
-3.4150710;42.7325974
-3.4150741;42.7329979
-3.4145668;42.7330780
-3.4150002;42.7333145
-3.4144688;42.7333641
-3.4165797;42.7334175
-3.4150603;42.7335701
-3.4144897;42.7335968
-3.4170115;42.7336540
-3.4150944;42.7337036
-3.4148817;42.7337074
-3.4177077;42.7337303
-3.4141369;42.7339516
-3.4160469;42.7339516
-3.4153442;42.7339745
-3.4150999;42.7339821
-3.4148903;42.7340050
-3.4145689;42.7340660
-3.4137640;42.7341042
-3.4197893;42.7341080
-3.4201221;42.7337189
-3.4136422;42.7341194
-3.4137454;42.7342339
-3.4147096;42.7342377
-3.4150884;42.7342606
-3.4137278;42.7345276
-3.4134796;42.7345505
-3.4140968;42.7345695
-3.4133003;42.7345963
-3.4135022;42.7345963
-3.4132259;42.7342606
-3.4137380;42.7346344
-3.3993061;42.7340164
-3.4133084;42.7346687
-3.4223070;42.7346687
-3.4185593;42.7347908
-3.4181566;42.7347984
-3.4129865;42.7348938
-3.4176061;42.7349892
-3.4268231;42.7349243
-3.4294310;42.7350311
-3.4145906;42.7348213
-3.4136965;42.7351303
-3.4137161;42.7348137
-3.4125857;42.7351875
-3.4132690;42.7352600
-3.4127736;42.7352104
-3.4195030;42.7354012
-3.4142056;42.7354279
-3.4101288;42.7354469
-3.4217203;42.7354584
-3.4140773;42.7355576
-3.4093583;42.7356186
-3.4221127;42.7356911
-3.4378440;42.7358627
-3.4389067;42.7352371
-3.4361081;42.7352104
-3.4119811;42.7359581
-3.4117353;42.7358513
-3.4118521;42.7361832
-3.4375908;42.7362099
-3.4374137;42.7364731
-3.4371397;42.7365494
-3.4432950;42.7354317
-3.4387612;42.7365913
-3.4125309;42.7367249
-3.4128168;42.7364693
-3.4262102;42.7365303
-3.4272771;42.7367287
-3.4362879;42.7368317
-3.4249432;42.7369232
-3.4121866;42.7369843
-3.4121888;42.7371826
-3.4288769;42.7371902
-3.4359772;42.7375793
-3.4330578;42.7376442
-3.4331071;42.7376747
-3.4338984;42.7377434
-3.4358790;42.7377701
-3.4101558;42.7380066
-3.4363384;42.7382088
-3.4368014;42.7382164
-3.4357462;42.7382507
-3.4356062;42.7382622
-3.4353633;42.7382889
-3.4356065;42.7383499
-3.4289594;42.7383728
-3.4351079;42.7383842
-3.4348655;42.7384033
-3.4346061;42.7384338
-3.4339480;42.7384949
-3.4357042;42.7384949
-3.4353957;42.7386742
-3.4343421;42.7387390
-3.4353843;42.7387543
-3.4361408;42.7388039
-3.4291224;42.7388611
-3.4358647;42.7389145
-3.4363396;42.7389297
-3.4356096;42.7391090
-3.4357848;42.7394028
-3.4506438;42.7414780
-3.4524484;42.7409248
-3.4606569;42.7457161
-3.4621971;42.7473793
-3.4103763;42.7492027
-3.4711711;42.7498436
-3.3402295;42.7504768
-3.3400588;42.7504120
-3.3408475;42.7503586
-3.4115572;42.7506027
-3.3400452;42.7507095
-3.3407600;42.7508469
-3.3395867;42.7509575
-3.3395243;42.7505684
-3.3408213;42.7512169
-3.3404739;42.7512169
-3.3404126;42.7509651
-3.3401113;42.7512474
-3.3404198;42.7514076
-3.3401666;42.7514954
-3.4129000;42.7515106
-3.3408072;42.7515144
-3.3749301;42.7515411
-3.3732150;42.7508087
-3.3414569;42.7515678
-3.3420475;42.7515907
-3.3400466;42.7516060
-3.3457358;42.7512474
-3.3427320;42.7516174
-3.3407416;42.7517662
-3.3611240;42.7518845
-3.4134135;42.7520828
-3.4094210;42.7526207
-3.4010248;42.7524605
-3.4197769;42.7552872
-3.4387088;42.7641220
-3.4397082;42.7645187
-3.4395468;42.7646255
-3.4396205;42.7646751
-3.4394801;42.7647247
-3.4403632;42.7649078
-3.4332798;42.7654305
-3.4338129;42.7668228
-3.4335725;42.7673988
-3.4536755;42.7709045
-3.4676754;42.7798958
-3.4677889;42.7799530
-3.4685674;42.7803574
-3.4282372;42.7804985
-3.4691465;42.7806625
-3.4704318;42.7807388
-3.4702954;42.7803993
-3.4704654;42.7808228
-3.4703417;42.7808304
-3.4696498;42.7809448
-3.4704552;42.7810020
-3.4706700;42.7810860
-3.4702814;42.7811050
-3.4700079;42.7809601
-3.4708712;42.7812042
-3.4712334;42.7810822
-3.4706185;42.7812195
-3.4701192;42.7812920
-3.4703870;42.7813263
-3.4705634;42.7813416
-3.4701407;42.7813988
-3.4698157;42.7814789
-3.4707487;42.7816849
-3.4704220;42.7818413
-3.4694846;42.7822304
-3.4694483;42.7824631
-3.4187350;42.7858315
-4.1490211;42.3999748
-3.5316362;42.7061615
-3.5315416;42.7062378
-3.5331807;42.7056732
-3.5330942;42.7056580
-3.5331180;42.7066727
-3.5330455;42.7067490
-3.5307727;42.7046928
-3.5321841;42.7049026
-3.5320590;42.7043304
-3.5325050;42.7050171
-3.5327258;42.7052345
-3.5320306;42.7053146
-3.5326104;42.7054214
-3.5346205;42.7052422
-3.5335441;42.7055321
-3.5337300;42.7055969
-3.5335188;42.7056236
-3.5339634;42.7056427
-3.5330091;42.7056427
-3.5334711;42.7057457
-3.5335681;42.7057724
-3.5323648;42.7057724
-3.5338192;42.7057991
-3.5326390;42.7058067
-3.5320821;42.7058105
-3.5328655;42.7058334
-3.5335107;42.7059479
-3.5342827;42.7060394
-3.5315073;42.7062645
-3.5309849;42.7064285
-3.5328972;42.7068558
-3.5328081;42.7071381
-3.5329723;42.7072372
-3.5284405;42.7072754
-3.5263019;42.7085609
-3.5453510;42.6401711
-3.5464001;42.6407623
-3.2963886;42.7259521
-3.2972138;42.7262917
-3.2970848;42.7263641
-3.2970340;42.7263565
-3.2967999;42.7264099
-3.2968326;42.7264328
-3.2969027;42.7264748
-3.2971735;42.7266197
-3.2978320;42.7267723
-3.2976301;42.7265396
-3.2979209;42.7268257
-3.2968915;42.7268867
-3.2981491;42.7269478
-3.2982161;42.7268829
-3.2977536;42.7269936
-3.2977843;42.7270126
-3.2982860;42.7270164
-3.2984293;42.7268562
-3.2984185;42.7270737
-3.2951214;42.7271271
-3.2949538;42.7270699
-3.2948713;42.7271500
-3.2948010;42.7271881
-3.2944818;42.7271118
-3.2987766;42.7272034
-3.2975838;42.7272148
-3.2949882;42.7272263
-3.2990129;42.7272644
-3.2990818;42.7272224
-3.2982304;42.7272720
-3.2988992;42.7273102
-3.2989604;42.7273674
-3.2951951;42.7273865
-3.2980809;42.7274132
-3.2990162;42.7274246
-3.2949121;42.7274323
-3.2993872;42.7274361
-3.2986181;42.7274780
-3.2949307;42.7275009
-3.2947755;42.7274704
-3.2987373;42.7275314
-3.2987864;42.7275543
-3.2988801;42.7275963
-3.2984390;42.7276840
-3.2948895;42.7277031
-3.2987912;42.7280540
-3.2525554;42.7313538
-3.2521448;42.7310982
-3.2526414;42.7314034
-3.2528713;42.7312584
-3.2522128;42.7314034
-3.2518041;42.7312469
-3.2523911;42.7314911
-3.2527843;42.7315445
-3.2525415;42.7316551
-3.2526984;42.7316628
-3.2524018;42.7316666
-3.2519751;42.7315521
-3.2527862;42.7316704
-3.2535653;42.7316856
-3.2525249;42.7317619
-3.2525499;42.7317810
-3.2522418;42.7317848
-3.2518485;42.7315636
-3.2530532;42.7318535
-3.2524049;42.7318840
-3.2523625;42.7319870
-3.2529387;42.7319946
-3.2525678;42.7320023
-3.2529445;42.7320366
-3.2524695;42.7321091
-3.2528572;42.7321243
-3.2539978;42.7321053
-3.2538338;42.7321434
-3.2535336;42.7321548
-3.2536345;42.7320518
-3.2541542;42.7321892
-3.2543364;42.7320976
-3.2536554;42.7322083
-3.2537405;42.7322464
-3.2532213;42.7322540
-3.2537935;42.7322769
-3.2541628;42.7322998
-3.2542906;42.7323303
-3.2534995;42.7323761
-3.2539594;42.7324142
-3.2531378;42.7324638
-3.2533829;42.7324905
-3.2544611;42.7331047
-3.2544475;42.7333565
-3.2542167;42.7336273
-3.2540855;42.7335510
-3.2541282;42.7336693
-3.2545638;42.7338028
-3.2546165;42.7339401
-3.2545731;42.7341385
-3.2548625;42.7342033
-3.3124504;42.7342224
-3.2544332;42.7344246
-3.2550139;42.7344856
-3.2540271;42.7345276
-3.2543728;42.7345428
-3.2546656;42.7345428
-3.2545259;42.7345543
-3.2551386;42.7346916
-3.2547493;42.7347145
-3.2543054;42.7347221
-3.2549150;42.7347641
-3.2552321;42.7348747
-3.2548511;42.7349586
-3.2553811;42.7350578
-3.2553120;42.7350731
-3.2549427;42.7351761
-3.3141296;42.7353439
-3.3142736;42.7360497
-3.2556527;42.7361298
-3.2543554;42.7385902
-3.2558980;42.7393684
-3.2610517;42.7447433
-3.5463362;42.6408997
-3.5462995;42.6409492
-3.9699607;42.4334106
-3.9722168;42.4349022
-3.9681787;42.4319038
-3.9612372;42.4286690
-3.9616745;42.4288788
-3.9833174;42.4298630
-3.9747510;42.4389267
-3.9736147;42.4408340
-3.9735992;42.4407463
-3.9737663;42.4409866
-3.9739821;42.4409218
-3.9727542;42.4411659
-3.9725633;42.4408607
-3.9745772;42.4410057
-3.9741640;42.4412003
-3.9738872;42.4412422
-3.9742532;42.4412880
-3.9733999;42.4413757
-3.9727066;42.4414139
-3.9745042;42.4414215
-3.9746411;42.4412193
-3.9730778;42.4414406
-3.9727077;42.4414520
-3.9744918;42.4414825
-3.9740996;42.4414940
-3.9721317;42.4415054
-3.9718378;42.4415207
-3.9718285;42.4413071
-3.9746687;42.4415550
-3.9727204;42.4415627
-3.9736812;42.4415970
-3.9736376;42.4416580
-3.9716592;42.4416656
-3.9710243;42.4416504
-3.9722197;42.4416809
-3.9727802;42.4416809
-3.9755597;42.4416847
-3.9716847;42.4417076
-3.9720354;42.4417458
-3.9742739;42.4417648
-3.9724007;42.4417763
-3.9737890;42.4418297
-3.9734623;42.4418602
-3.9738913;42.4418640
-3.9739885;42.4418297
-3.9727359;42.4418983
-3.9735296;42.4419136
-3.9722307;42.4419136
-3.9718709;42.4419174
-3.9739234;42.4419289
-3.9732401;42.4419441
-3.9734814;42.4419632
-3.9728699;42.4420204
-3.9714775;42.4420204
-3.9733334;42.4420395
-3.9734139;42.4420052
-3.9712510;42.4420891
-3.9722598;42.4421349
-3.9720299;42.4421425
-3.9727530;42.4421616
-3.9722891;42.4421921
-3.9721045;42.4422035
-3.9719055;42.4422035
-3.9712834;42.4423561
-3.9725957;42.4424286
-3.9719429;42.4424858
-3.9718556;42.4423904
-3.9715993;42.4424858
-3.9713352;42.4424896
-3.9710917;42.4425354
-3.9710159;42.4425774
-3.9717922;42.4426613
-3.9707921;42.4426765
-3.9717655;42.4427223
-3.9718957;42.4427910
-3.9716160;42.4428520
-3.9713855;42.4429512
-3.9716640;42.4429512
-3.9756041;42.4437141
-3.9756663;42.4454117
-3.9757049;42.4468536
-3.9759293;42.4553185
-3.9755425;42.4610176
-3.5103064;42.6393280
-3.5027001;42.6382713
-3.8750598;42.4367867
-3.8764982;42.4399643
-3.7966809;42.4055977
-3.7965827;42.4055786
-3.8174360;42.4097786
-3.8171113;42.4097481
-3.8783934;42.4415512
-3.8784766;42.4414558
-3.8313000;42.3917809
-3.8312695;42.3919182
-3.8287764;42.4009819
-3.8287611;42.4011116
-3.8125644;42.4287949
-3.8121364;42.4287682
-3.8316419;42.3903465
-3.8303363;42.3962593
-3.8298404;42.3975220
-3.8068078;42.4020576
-3.8058577;42.4013977
-3.8099799;42.4024582
-3.8097184;42.4026566
-3.7946067;42.4038773
-3.7944741;42.4042931
-3.8266907;42.4043198
-3.7947822;42.4044189
-3.7944543;42.4046326
-3.7942805;42.4047394
-3.7949252;42.4049263
-3.7950952;42.4047775
-3.7945254;42.4050369
-3.7952065;42.4049797
-3.7949600;42.4050369
-3.7945247;42.4050674
-3.7938211;42.4047928
-3.7960005;42.4052925
-3.7960439;42.4050484
-3.7955110;42.4052925
-3.7954595;42.4049416
-3.7953482;42.4053383
-3.7952549;42.4053726
-3.7965987;42.4053345
-3.7962167;42.4054070
-3.7949061;42.4054298
-3.7962739;42.4054375
-3.7957685;42.4054565
-3.7949083;42.4054832
-3.7965584;42.4055710
-3.8008940;42.4055824
-3.7962618;42.4056244
-3.7946413;42.4056396
-3.7974696;42.4056435
-3.7958493;42.4055557
-3.7955160;42.4056511
-3.7955976;42.4056931
-3.7977712;42.4057159
-3.7960551;42.4057198
-3.7957013;42.4057961
-3.7978694;42.4057999
-3.7950547;42.4058228
-3.7942502;42.4058647
-3.7963526;42.4058723
-3.7963631;42.4059143
-3.7948923;42.4059143
-3.7937396;42.4057999
-3.7942758;42.4059486
-3.7961462;42.4059792
-3.7957489;42.4060173
-3.7951758;42.4060707
-3.7964509;42.4061279
-3.7966108;42.4060707
-3.7951190;42.4061279
-3.7962084;42.4062080
-3.7960405;42.4063263
-3.7960174;42.4063454
-3.7946253;42.4063377
-3.7961359;42.4064636
-3.7962997;42.4064789
-3.7964315;42.4065018
-3.7965751;42.4065056
-3.7967691;42.4065170
-3.7924461;42.4067230
-3.7966454;42.4068642
-3.8244359;42.4068642
-3.7966533;42.4069633
-3.7986677;42.4070206
-3.8239989;42.4072418
-3.8233004;42.4078178
-3.8231990;42.4072723
-3.8231382;42.4079018
-3.8228023;42.4076004
-3.8230770;42.4079361
-3.8227191;42.4080849
-3.8224547;42.4079437
-3.8234723;42.4082108
-3.8223469;42.4085197
-3.8222530;42.4087219
-3.8218200;42.4088478
-3.8216417;42.4086037
-3.8221791;42.4089394
-3.8215370;42.4089737
-3.8210621;42.4087105
-3.8227773;42.4091415
-3.8230503;42.4091759
-3.8221676;42.4092102
-3.8211820;42.4092484
-3.8222885;42.4092903
-3.8220525;42.4093018
-3.8157458;42.4093132
-3.8223860;42.4093704
-3.8226810;42.4093819
-3.8158319;42.4094734
-3.8215218;42.4095802
-3.8225703;42.4096336
-3.8216617;42.4096756
-3.7917852;42.4096985
-3.8169298;42.4097290
-3.8225822;42.4097519
-3.8207631;42.4097977
-3.8212125;42.4098282
-3.8228474;42.4098740
-3.8231585;42.4095993
-3.8206630;42.4098892
-3.8214645;42.4099541
-3.8214190;42.4100075
-3.8223026;42.4100266
-3.8223624;42.4100647
-3.8203483;42.4100876
-3.8207018;42.4101791
-3.8225849;42.4102211
-3.8221903;42.4102402
-3.8220055;42.4102707
-3.8207369;42.4103546
-3.8211386;42.4103546
-3.8225131;42.4103699
-3.8211098;42.4104042
-3.8194420;42.4104118
-3.8201497;42.4104996
-3.8198905;42.4100761
-3.8200777;42.4105949
-3.8209388;42.4106407
-3.8214300;42.4107132
-3.8226702;42.4107132
-3.8236761;42.4107399
-3.8208055;42.4108200
-3.8207679;42.4108086
-3.8233185;42.4108772
-3.8207238;42.4109306
-3.8206806;42.4109917
-3.8249252;42.4110336
-3.8251224;42.4105873
-3.8253961;42.4111137
-3.8255887;42.4108276
-3.8260176;42.4112473
-3.8269641;42.4114723
-3.7914972;42.4116020
-3.7879705;42.4123421
-3.7876110;42.4123878
-3.7870605;42.4124527
-3.7805285;42.4139137
-3.7803121;42.4139977
-3.8307481;42.4142609
-3.7766290;42.4154510
-3.7765722;42.4154739
-3.8345394;42.4162598
-3.7726266;42.4170265
-3.8380940;42.4175224
-3.8482344;42.4207077
-3.8486252;42.4209023
-3.8510575;42.4220963
-3.8595896;42.4277077
-3.8591182;42.4279556
-3.8600421;42.4280624
-3.8174500;42.4284210
-3.8173027;42.4283676
-3.8169417;42.4284859
-3.8208683;42.4286842
-3.8212140;42.4286194
-3.8193970;42.4287376
-3.8205509;42.4287949
-3.8208160;42.4288216
-3.8200843;42.4289207
-3.8204086;42.4289589
-3.8199668;42.4284515
-3.8203990;42.4290009
-3.8250799;42.4290199
-3.8252475;42.4289780
-3.8244081;42.4289055
-3.8206446;42.4290695
-3.8207703;42.4291115
-3.8244586;42.4291420
-3.8241684;42.4290237
-3.8247738;42.4291611
-3.8210440;42.4291801
-3.8214905;42.4287834
-3.8212681;42.4292755
-3.8197415;42.4292793
-3.8235879;42.4293137
-3.8240221;42.4290161
-3.8094280;42.4293251
-3.8241062;42.4293518
-3.8204744;42.4293671
-3.8205993;42.4293861
-3.8232481;42.4293938
-3.8217542;42.4294052
-3.8198402;42.4293442
-3.8231826;42.4294205
-3.8230574;42.4292603
-3.8219821;42.4294510
-3.8221512;42.4293709
-3.8255925;42.4294586
-3.8261876;42.4294205
-3.8257089;42.4294586
-3.8244953;42.4295349
-3.8233788;42.4295387
-3.8204820;42.4295464
-3.8239546;42.4295578
-3.8227651;42.4295616
-3.8226788;42.4292908
-3.8237395;42.4295692
-3.8211911;42.4295692
-3.8222876;42.4295769
-3.8213799;42.4295807
-3.8225746;42.4295998
-3.8236847;42.4296036
-3.8233714;42.4296227
-3.8209391;42.4296875
-3.8233590;42.4296951
-3.8233080;42.4297523
-3.8222053;42.4298210
-3.8223281;42.4298248
-3.8217452;42.4298286
-3.8554766;42.4298820
-3.8229094;42.4298973
-3.8239775;42.4299355
-3.8228371;42.4299355
-3.8212867;42.4299393
-3.8218534;42.4299431
-3.8216543;42.4299889
-3.8212891;42.4299889
-3.8221967;42.4300117
-3.8223336;42.4302902
-3.8223431;42.4303093
-3.8239734;42.4304199
-3.8543828;42.4304581
-3.8207178;42.4304962
-3.8051226;42.4313545
-3.8528872;42.4313812
-3.8646038;42.4315872
-3.8523748;42.4327660
-3.8449938;42.4328651
-3.8513839;42.4329605
-3.8481345;42.4335175
-3.8482969;42.4335327
-3.8663838;42.4329910
-3.8765728;42.4401321
-3.8786123;42.4412460
-3.8774624;42.4416695
-3.8772314;42.4410973
-3.8774433;42.4417877
-3.8769150;42.4418488
-3.8775661;42.4420586
-3.8769789;42.4420891
-3.8772247;42.4420929
-3.8774107;42.4421043
-3.8774407;42.4421043
-3.8767900;42.4421196
-3.8771930;42.4421196
-3.8770189;42.4422607
-3.8770483;42.4423866
-3.8763864;42.4423027
-3.8770967;42.4427376
-3.8780491;42.4429741
-3.8783350;42.4426765
-3.8778408;42.4430122
-3.8769486;42.4431381
-3.8771734;42.4432220
-3.8772120;42.4433250
-3.8772228;42.4434395
-3.8785231;42.4433174
-3.8778682;42.4434776
-3.8767107;42.4437675
-3.8766754;42.4440041
-3.8769543;42.4440231
-3.8773398;42.4440346
-3.8773453;42.4440842
-3.8771381;42.4442062
-3.8769724;42.4442139
-3.8765337;42.4442482
-3.8770864;42.4443130
-3.8770299;42.4443436
-3.8771434;42.4443512
-3.8780167;42.4447250
-3.8763030;42.4444389
-3.8761170;42.4441719
-3.8762965;42.4445076
-3.8764012;42.4445343
-3.8771029;42.4444695
-3.8767738;42.4444122
-3.8763866;42.4446907
-3.8765092;42.4447021
-3.8762281;42.4447365
-3.8753679;42.4448395
-3.8756521;42.4449120
-3.8751202;42.4449425
-3.8782234;42.4511833
-3.5450146;42.6389427
-3.5438340;42.6389771
-3.4109645;42.6011505
-3.4111254;42.6012230
-3.4164956;42.6053276
-3.4166117;42.6054268
-3.4227688;42.5872078
-3.4224565;42.5873184
-3.4216528;42.5876083
-3.4186242;42.5890617
-3.4161522;42.5895767
-3.4147685;42.5896950
-3.4144652;42.5897102
-3.4142506;42.5897255
-3.4143410;42.5898209
-3.4137347;42.5898399
-3.4135470;42.5891266
-3.4131768;42.5897408
-3.4128966;42.5898743
-3.4127648;42.5897331
-3.4136477;42.5898743
-3.4141312;42.5898895
-3.4130650;42.5900574
-3.4127402;42.5901604
-3.4126422;42.5900002
-3.4124186;42.5894737
-3.4113204;42.5901756
-3.4106982;42.5900917
-3.4136398;42.5902061
-3.4130857;42.5902252
-3.4141557;42.5902328
-3.4135623;42.5902596
-3.4122095;42.5903130
-3.4134650;42.5903244
-3.4120157;42.5903549
-3.4117186;42.5901260
-3.4135382;42.5903549
-3.4116986;42.5904541
-3.4134440;42.5906906
-3.4131656;42.5907097
-3.4130394;42.5907745
-3.4135008;42.5907784
-3.4135375;42.5908356
-3.4129097;42.5908928
-3.4131815;42.5908966
-3.4136162;42.5909538
-3.4128017;42.5909996
-3.4132981;42.5911064
-3.4129453;42.5911217
-3.4132025;42.5911522
-3.4137771;42.5911560
-3.4124594;42.5913315
-3.3977611;42.5927010
-3.3962517;42.5919762
-3.3982637;42.5929451
-3.5472550;42.6405830
-3.5476890;42.6401596
-3.3996296;42.5939598
-3.4040325;42.5969505
-3.4069092;42.5992661
-3.4070506;42.5993652
-3.4109356;42.6011391
-3.4120088;42.6016731
-3.4161289;42.6050262
-3.4172308;42.6059380
-3.4186416;42.6071243
-3.4216959;42.6088638
-3.5470495;42.6405792
-3.5472212;42.6407356
-3.5265894;42.6791344
-3.5261734;42.6745758
-3.4894054;42.6241684
-3.4891710;42.6271286
-3.5022998;42.6680031
-3.5022173;42.6680565
-3.4984879;42.6670341
-3.4985077;42.6671104
-3.4891765;42.6300697
-3.4891882;42.6309814
-3.4829807;42.6436691
-3.4830277;42.6437988
-3.4857280;42.6542206
-3.4857559;42.6544571
-3.4869959;42.6565895
-3.4870930;42.6566887
-3.4897225;42.6659241
-3.4898779;42.6658058
-3.4755309;42.6695595
-3.4753506;42.6695251
-3.5254714;42.6705437
-3.5253670;42.6704826
-3.5471516;42.6276016
-3.5469196;42.6278496
-3.5148346;42.6384888
-3.5146854;42.6385269
-3.5448756;42.6387444
-3.4823215;42.6574707
-3.4824214;42.6574745
-3.4815252;42.6574860
-3.4818220;42.6574783
-3.4893253;42.6294136
-3.4895768;42.6294518
-3.4900694;42.6298752
-3.4902012;42.6299591
-3.4899952;42.6087646
-3.4897664;42.6091805
-3.4891098;42.6180916
-3.4891453;42.6279373
-3.4891665;42.6292877
-3.4891748;42.6299515
-3.4903522;42.6300354
-3.4907558;42.6302223
-3.4921358;42.6303864
-3.4920809;42.6304703
-3.4922974;42.6305313
-3.4920168;42.6305809
-3.4922686;42.6306267
-3.5446825;42.6306267
-3.4911642;42.6304398
-3.4912317;42.6307449
-3.4912093;42.6307945
-3.4917252;42.6305504
-3.4915824;42.6308784
-3.4916339;42.6309052
-3.4933600;42.6309700
-3.4934504;42.6308174
-3.4917917;42.6309814
-3.4932432;42.6307755
-3.4931087;42.6310196
-3.4915142;42.6311417
-3.4923413;42.6311874
-3.4891918;42.6312637
-3.4907813;42.6312866
-3.4891922;42.6313057
-3.4902155;42.6313133
-3.4928992;42.6313896
-3.4915369;42.6313934
-3.4933593;42.6314774
-3.4914472;42.6315346
-3.5445249;42.6315727
-3.4909332;42.6316719
-3.4927120;42.6316872
-3.4913125;42.6316872
-3.4916682;42.6316910
-3.4915941;42.6317558
-3.4919512;42.6317749
-3.4937193;42.6318398
-3.4909062;42.6318474
-3.4924488;42.6318855
-3.4923160;42.6316414
-3.4908841;42.6318932
-3.4925864;42.6319046
-3.4908075;42.6319962
-3.4913449;42.6321068
-3.4906931;42.6321564
-3.4908009;42.6323433
-3.4892049;42.6325989
-3.4892013;42.6327591
-3.4901049;42.6328735
-3.5423701;42.6346970
-3.4951801;42.6360168
-3.4877024;42.6362381
-3.4876971;42.6362648
-3.5419641;42.6373291
-3.5302436;42.6365700
-3.5194190;42.6373558
-3.5177214;42.6381607
-3.5445571;42.6383591
-3.5153654;42.6383591
-3.5149477;42.6384621
-3.4644260;42.6385384
-3.4843135;42.6389999
-3.5466230;42.6410027
-3.5466456;42.6410255
-3.5468228;42.6411896
-3.5468760;42.6412697
-3.5457897;42.6412964
-3.5465546;42.6414261
-3.5459263;42.6414413
-3.5464489;42.6414642
-3.5475540;42.6415215
-3.5462217;42.6415482
-3.5455749;42.6416130
-3.5455940;42.6416397
-3.5456576;42.6417770
-3.5456724;42.6421165
-3.5472119;42.6423454
-3.4828987;42.6434479
-3.4841948;42.6469574
-3.4678161;42.6498756
-3.4855332;42.6533813
-3.4726877;42.6539154
-3.4741657;42.6554527
-3.4777045;42.6561394
-3.4822323;42.6574707
-3.4814196;42.6574860
-3.4827225;42.6576843
-3.4837155;42.6588135
-3.5921490;42.6592407
-3.4841087;42.6592598
-3.4878912;42.6607056
-3.4879048;42.6607819
-3.4879529;42.6616287
-3.4880893;42.6616554
-3.5797009;42.6618309
-3.5042567;42.6619186
-3.5028906;42.6616440
-3.5033536;42.6630096
-3.6194012;42.6577835
-3.6170070;42.6630554
-3.5732899;42.6630745
-3.5022914;42.6630859
-3.5013371;42.6612473
-3.5005207;42.6632462
-3.5718529;42.6633530
-3.5034647;42.6633759
-3.5716960;42.6633873
-3.4997380;42.6635323
-3.4983199;42.6631966
-3.5003505;42.6635551
-3.4996407;42.6621971
-3.5009265;42.6635590
-3.5032432;42.6639366
-3.5024452;42.6635742
-3.5680997;42.6640930
-3.5676119;42.6641960
-3.4953899;42.6643715
-3.5029254;42.6644211
-3.5019026;42.6648407
-3.5641124;42.6648903
-3.5639563;42.6649208
-3.5022595;42.6649666
-3.5023406;42.6650009
-3.4956400;42.6650124
-3.5021408;42.6651192
-3.4957848;42.6651649
-3.5008509;42.6651840
-3.4996519;42.6653671
-3.4985247;42.6651688
-3.5022438;42.6653595
-3.5020313;42.6653900
-3.5028763;42.6654816
-3.5022604;42.6655006
-3.5012336;42.6655045
-3.4983914;42.6655388
-3.5029821;42.6655731
-3.5009232;42.6655731
-3.5009632;42.6655731
-3.5025561;42.6655731
-3.4986205;42.6656151
-3.5018287;42.6656685
-3.4987671;42.6656761
-3.5028992;42.6657143
-3.5004275;42.6657181
-3.5022922;42.6657181
-3.5015714;42.6657219
-3.5021143;42.6657257
-3.5019152;42.6657333
-3.5028527;42.6657639
-3.5006149;42.6657944
-3.5022650;42.6658173
-3.5028517;42.6658401
-3.5590377;42.6658707
-3.5024281;42.6658897
-3.5001650;42.6659126
-3.5024896;42.6659126
-3.5028489;42.6659317
-3.5028033;42.6659508
-3.5011828;42.6659508
-3.5009465;42.6659622
-3.5019224;42.6660004
-3.5008919;42.6660118
-3.5003278;42.6660309
-3.5022743;42.6660423
-3.5017066;42.6658707
-3.5017228;42.6660461
-3.5019162;42.6660576
-3.5014677;42.6660767
-3.4968417;42.6660843
-3.5014153;42.6660995
-3.5005243;42.6661224
-3.5004387;42.6661301
-3.5013447;42.6661339
-3.5023603;42.6661339
-3.5022774;42.6661377
-3.5025923;42.6661453
-3.5027783;42.6661530
-3.4998415;42.6661530
-3.4889989;42.6661606
-3.4835274;42.6651688
-3.5009336;42.6661835
-3.5023413;42.6661987
-3.4815428;42.6662140
-3.5025847;42.6662216
-3.5010567;42.6663017
-3.5021422;42.6663094
-3.5007396;42.6663437
-3.4955397;42.6662941
-3.5563757;42.6664009
-3.5008328;42.6664009
-3.5007961;42.6664085
-3.5019953;42.6664200
-3.5007322;42.6664658
-3.5015910;42.6665306
-3.5005696;42.6665382
-3.5006144;42.6665573
-3.4980702;42.6665688
-3.5027745;42.6665993
-3.5026090;42.6666260
-3.4979949;42.6666603
-3.5015128;42.6666679
-3.5013874;42.6667099
-3.5019155;42.6667099
-3.5012958;42.6667519
-3.5027795;42.6667633
-3.5026355;42.6667862
-3.5022700;42.6668129
-3.5023942;42.6668396
-3.5018048;42.6668434
-3.5535836;42.6669273
-3.5017967;42.6669579
-3.5017507;42.6670227
-3.5023043;42.6670647
-3.5028665;42.6671143
-3.5017970;42.6671181
-3.5017357;42.6671562
-3.4986908;42.6673088
-3.5031564;42.6674118
-3.4792025;42.6675758
-3.5027149;42.6677628
-3.5028865;42.6678772
-3.5004842;42.6679230
-3.5005510;42.6679230
-3.5012481;42.6679306
-3.5014431;42.6679840
-3.5014496;42.6680717
-3.5021498;42.6680908
-3.4998000;42.6681213
-3.5472198;42.6681786
-3.4997206;42.6681976
-3.5034127;42.6682091
-3.5005648;42.6682854
-3.4987123;42.6683960
-3.4954388;42.6684303
-3.5009768;42.6684456
-3.5013583;42.6684494
-3.5013306;42.6685715
-3.5016935;42.6685715
-3.5038416;42.6678963
-3.4692264;42.6685104
-3.4675534;42.6690140
-3.4988844;42.6690292
-3.5353439;42.6690826
-3.5350902;42.6690941
-3.5220644;42.6691933
-3.5099862;42.6667938
-3.5226297;42.6692886
-3.5337794;42.6693382
-3.4766815;42.6697159
-3.4779952;42.6697693
-3.4775660;42.6721458
-3.4584744;42.6724777
-3.4762599;42.6782379
-3.6143713;42.6812363
-3.6143942;42.6827011
-3.3410063;42.5108109
-3.3602290;42.4942741
-3.3600345;42.4943619
-3.3567011;42.4968147
-3.3567114;42.4966393
-3.3564889;42.4960937
-3.3562884;42.4958267
-3.3563232;42.4955292
-3.3560717;42.4954033
-3.3558459;42.4955711
-3.3562212;42.4957352
-3.3565648;42.4961967
-3.3568792;42.4962425
-3.3569250;42.4964294
-3.3564901;42.4964447
-3.3567176;42.4965363
-3.3522391;42.4971886
-3.3490875;42.5013733
-3.3460901;42.5014076
-3.3476167;42.5015221
-3.3489015;42.5015678
-3.3478382;42.5016937
-3.3493028;42.5017471
-3.3482773;42.5017548
-3.3484044;42.5018234
-3.3509789;42.5018997
-3.3485875;42.5019226
-3.3469062;42.5019264
-3.3472657;42.5019875
-3.3455951;42.5021400
-3.3490076;42.5021629
-3.3484023;42.5021782
-3.3472776;42.5021973
-3.3476181;42.5022774
-3.3455045;42.5022888
-3.3477058;42.5023270
-3.3472531;42.5023308
-3.3482957;42.5023308
-3.3466318;42.5023346
-3.3486304;42.5024757
-3.3481729;42.5024872
-3.3462930;42.5024872
-3.3460653;42.5022888
-3.3473392;42.5024986
-3.3477712;42.5027962
-3.3479314;42.5028992
-3.3476183;42.5028992
-3.3475666;42.5029297
-3.3490710;42.5030289
-3.3477230;42.5030785
-3.3497286;42.5032005
-3.3471730;42.5032387
-3.3470206;42.5033340
-3.3469377;42.5033493
-3.3478372;42.5034676
-3.3475378;42.5035095
-3.3476834;42.5035858
-3.3473818;42.5036240
-3.3471527;42.5036545
-3.3473182;42.5037041
-3.3479021;42.5037384
-3.3476219;42.5038376
-3.3475425;42.5038795
-3.3471417;42.5038986
-3.3486185;42.5039253
-3.3464236;42.5039558
-3.3473477;42.5040321
-3.3458722;42.5047264
-3.3440447;42.5050545
-3.3419871;42.5104637
-3.3662691;42.5872231
-3.3661249;42.5872154
-3.3588970;42.5863075
-3.3587143;42.5862579
-3.3761096;42.5894623
-3.3759389;42.5894547
-3.3808296;42.5895882
-3.3807027;42.5895576
-3.3916197;42.5898132
-3.3914552;42.5898209
-3.3685389;42.5870743
-3.3684103;42.5870285
-3.3531430;42.5855789
-3.3523221;42.5854568
-3.3510263;42.5856247
-3.3658285;42.5856781
-3.3658268;42.5858154
-3.3669875;42.5853691
-3.3667626;42.5858307
-3.3668544;42.5851707
-3.3669205;42.5859222
-3.3659751;42.5859337
-3.3667171;42.5859871
-3.3658257;42.5862160
-3.3653610;42.5855827
-3.3667994;42.5862160
-3.3668482;42.5863419
-3.3668470;42.5867043
-3.3670487;42.5867882
-3.3663516;42.5868912
-3.3672755;42.5869293
-3.3620708;42.5869942
-3.3668308;42.5870209
-3.3680646;42.5870018
-3.3678234;42.5870361
-3.3679571;42.5870399
-3.3662682;42.5870628
-3.3663054;42.5861931
-3.3668373;42.5871086
-3.3671885;42.5871162
-3.3677452;42.5871162
-3.3637176;42.5871964
-3.3647256;42.5872040
-3.3658404;42.5872040
-3.3653398;42.5872040
-3.3663151;42.5872269
-3.3691404;42.5872269
-3.3671966;42.5872459
-3.3672614;42.5872459
-3.3677976;42.5872536
-3.3667960;42.5872536
-3.3697853;42.5872765
-3.3710346;42.5874023
-3.3675938;42.5874786
-3.3677604;42.5875664
-3.3660445;42.5879326
-3.3746147;42.5893517
-3.3777404;42.5894852
-3.3804231;42.5894966
-3.3812442;42.5896263
-3.3925526;42.5900917
-3.3881366;42.5902367
-3.3943577;42.5912552
-3.2749424;42.6647415
-3.3031154;42.6691399
-3.3031917;42.6694603
-3.3062899;42.6695747
-3.3059678;42.6695290
-3.3064003;42.6693802
-3.3065386;42.6693993
-3.3066773;42.6692696
-3.2973013;42.6478729
-3.2956548;42.6535454
-3.2729588;42.6645050
-3.2767673;42.6649551
-3.2787678;42.6651421
-3.2786331;42.6651993
-3.2798252;42.6653328
-3.2810462;42.6654167
-3.2797403;42.6654549
-3.2811441;42.6654892
-3.2816944;42.6654892
-3.2798481;42.6655197
-3.2816272;42.6655502
-3.2833025;42.6657448
-3.2796254;42.6659203
-3.2877796;42.6662712
-3.2897909;42.6664925
-3.2898226;42.6665611
-3.2910130;42.6669197
-3.2907689;42.6670914
-3.2907810;42.6672173
-3.2921624;42.6673889
-3.2907627;42.6675644
-3.2940831;42.6680756
-3.2951839;42.6681900
-3.2961845;42.6683083
-3.2980137;42.6676483
-3.2978361;42.6683693
-3.2977736;42.6681824
-3.2967706;42.6683731
-3.2970006;42.6683960
-3.2970595;42.6684036
-3.2974010;42.6684418
-3.2978642;42.6684875
-3.2980931;42.6685143
-3.2991722;42.6686554
-3.2991617;42.6687088
-3.3000643;42.6687660
-3.2988245;42.6688423
-3.2986159;42.6688118
-3.2991030;42.6689949
-3.3026445;42.6690865
-3.2985523;42.6691704
-3.3033893;42.6691742
-3.2987545;42.6691856
-3.2786889;42.6691971
-3.2990489;42.6692505
-3.2998481;42.6692886
-3.2990346;42.6692924
-3.2984772;42.6693306
-3.2990141;42.6693382
-3.2983665;42.6694832
-3.2984431;42.6694908
-3.2979555;42.6694946
-3.2978280;42.6695061
-3.2976131;42.6692581
-3.2786903;42.6695213
-3.2989340;42.6695671
-3.2959809;42.6691360
-3.3068898;42.6696548
-3.2979698;42.6696663
-3.2997615;42.6696739
-3.2982385;42.6697311
-3.2995639;42.6699638
-3.2988360;42.6699829
-3.2981889;42.6699944
-3.2911041;42.6701241
-3.2989104;42.6702385
-3.2988148;42.6702576
-3.2986495;42.6702843
-3.2981637;42.6703720
-3.2796721;42.6701889
-3.2788424;42.6704979
-3.2977040;42.6705132
-3.2800777;42.6705132
-3.2795169;42.6705971
-3.2909603;42.6707077
-3.2789721;42.6707611
-3.2789874;42.6708145
-3.2794604;42.6708527
-3.2790406;42.6709328
-3.2794561;42.6709328
-3.2788692;42.6709747
-3.2791212;42.6710510
-3.2791502;42.6710968
-3.2794151;42.6711922
-3.2787519;42.6711998
-3.2793849;42.6714935
-3.2788100;42.6715279
-3.2794588;42.6716003
-3.2909918;42.6717567
-3.2904236;42.6720543
-3.2912116;42.6720543
-3.2794590;42.6720810
-3.2909768;42.6720963
-3.2907400;42.6721916
-3.2913687;42.6722717
-3.2897961;42.6723061
-3.2792766;42.6725159
-3.2798116;42.6726189
-3.2788742;42.6726990
-3.2798948;42.6727905
-3.2927542;42.6729622
-3.2956958;42.6733971
-3.2954509;42.6756363
-3.2943058;42.6756783
-3.2955253;42.6758575
-3.2955465;42.6760254
-3.2959149;42.6761322
-3.2964215;42.6760445
-3.2955713;42.6761436
-3.2955346;42.6762314
-3.2955739;42.6762466
-3.2943678;42.6762466
-3.2949758;42.6764221
-3.2959566;42.6764755
-3.2953742;42.6765518
-3.2955763;42.6765671
-3.2964897;42.6765976
-3.2952945;42.6769791
-3.2948160;42.6773415
-3.2953777;42.6774292
-3.6818213;42.4496651
-3.6818244;42.4497490
-3.6887581;42.4575272
-3.6884835;42.4586029
-3.6886945;42.4588509
-3.6889942;42.4576950
-3.6878290;42.4630394
-3.6878307;42.4635773
-3.6880531;42.4635963
-3.6880598;42.4630585
-3.6822410;42.4519463
-3.6822126;42.4518814
-3.6855171;42.4603729
-3.6854892;42.4603004
-3.6994610;42.4537430
-3.6993032;42.4537430
-3.6936255;42.4547653
-3.6934860;42.4547424
-3.6769960;42.4506378
-3.6770346;42.4505653
-3.6862528;42.4630547
-3.6860745;42.4633064
-3.6864109;42.4633522
-3.6864908;42.4628677
-3.6866567;42.4633827
-3.6914289;42.4444160
-3.6923330;42.4401321
-3.6920769;42.4401970
-3.6911721;42.4444504
-3.6792006;42.4460640
-3.6793110;42.4457626
-3.6810317;42.4450836
-3.6814971;42.4465370
-3.6780396;42.4486923
-3.6837001;42.4490242
-3.6840353;42.4483337
-3.6835177;42.4489899
-3.6837838;42.4491768
-3.6839497;42.4492531
-3.6842277;42.4494400
-3.6829393;42.4495354
-3.6839964;42.4496117
-3.6836388;42.4496536
-3.6841452;42.4497528
-3.6838400;42.4497566
-3.6785815;42.4497681
-3.6779270;42.4497414
-3.6830673;42.4498138
-3.6846812;42.4498596
-3.6848676;42.4494057
-3.6773942;42.4498978
-3.6829615;42.4499092
-3.6833642;42.4499588
-3.6845174;42.4500885
-3.6831527;42.4501266
-3.6826470;42.4501381
-3.6838176;42.4501457
-3.6845179;42.4501572
-3.6855433;42.4499092
-3.6828930;42.4503326
-3.6830304;42.4505005
-3.6876187;42.4505234
-3.6877620;42.4506454
-3.6818545;42.4506454
-3.6806901;42.4504623
-3.6829727;42.4506645
-3.6824064;42.4507332
-3.6818700;42.4507408
-3.6822259;42.4507408
-3.6820734;42.4507675
-3.6833827;42.4507713
-3.6819084;42.4509773
-3.6767728;42.4510536
-3.6870885;42.4510918
-3.6827104;42.4511185
-3.6848211;42.4511795
-3.6853292;42.4506226
-3.6828489;42.4512024
-3.6837633;42.4512444
-3.6831205;42.4512978
-3.6834340;42.4510574
-3.6830583;42.4513092
-3.6886485;42.4514008
-3.6820686;42.4514771
-3.6863155;42.4515610
-3.6862512;42.4516029
-3.6859031;42.4513054
-3.6827748;42.4516068
-3.6877375;42.4516182
-3.6821735;42.4517670
-3.6821907;42.4518166
-3.6857300;42.4519348
-3.6872931;42.4523926
-3.6867445;42.4527931
-3.6868229;42.4528580
-3.6870697;42.4530106
-3.6826923;42.4531097
-3.6897731;42.4536896
-3.6985719;42.4537277
-3.6900189;42.4537544
-3.7039278;42.4531670
-3.6905291;42.4538689
-3.6881537;42.4600029
-3.6883299;42.4604988
-3.6866486;42.4628525
-3.6869335;42.4631538
-3.6898370;42.4633026
-3.6894076;42.4635391
-3.6896901;42.4638329
-3.6872885;42.4649315
-3.6879082;42.4654083
-3.6882792;42.4661446
-3.6876009;42.4664612
-3.6876867;42.4671097
-3.6884222;42.4678574
-3.5106227;42.4236336
-3.5104847;42.4236946
-3.5463834;42.4008484
-3.5459070;42.4011688
-3.5447528;42.4019356
-3.5446498;42.4020042
-3.5238349;42.4157333
-3.5235114;42.4159470
-3.5151980;42.4213142
-3.5150971;42.4213791
-3.5425656;42.4023895
-3.5423856;42.4021111
-3.5102751;42.4233170
-3.5102179;42.4232483
-3.5087807;42.4235611
-3.5087080;42.4236336
-3.5289884;42.4114685
-3.5289228;42.4115372
-3.5421371;42.4058075
-3.5420365;42.4058533
-3.5421536;42.4060135
-3.5422573;42.4059677
-3.5380688;42.4084206
-3.5379648;42.4084969
-3.5381453;42.4086418
-3.5382631;42.4085541
-3.5171051;42.4225388
-3.5167460;42.4227829
-3.5169778;42.4228897
-3.5173309;42.4226418
-3.5081835;42.4252739
-3.5079179;42.4255257
-3.5488470;42.4047890
-3.5492973;42.4047470
-3.5496037;42.4047165
-3.5428932;42.4028854
-3.5432487;42.4029541
-3.5429239;42.4031754
-3.5553164;42.3969040
-3.5564325;42.3963928
-3.5563962;42.3963318
-3.5529852;42.3981247
-3.5329747;42.3997841
-3.5334949;42.3998718
-3.5327692;42.4001236
-3.5375021;42.4005241
-3.5404212;42.4010239
-3.5431972;42.4029884
-3.5608580;42.4011536
-3.5563753;42.4030151
-3.5564108;42.4032021
-3.5611272;42.4012451
-3.5530388;42.4037094
-3.5506885;42.4036560
-3.5501084;42.4040947
-3.5493493;42.4041557
-3.5491118;42.4041748
-3.5514357;42.4044952
-3.5467088;42.4045029
-3.5466301;42.4050255
-3.5439651;42.4051399
-3.5438576;42.4053802
-3.5482092;42.4053955
-3.5391023;42.4055138
-3.5383785;42.4056129
-3.5385582;42.4056854
-3.5381789;42.4057999
-3.5379508;42.4058762
-3.5382626;42.4060745
-3.5381927;42.4062119
-3.5351987;42.4067535
-3.5364733;42.4072495
-3.5334895;42.4073181
-3.5362659;42.4073563
-3.5357120;42.4074936
-3.5355892;42.4075127
-3.5336888;42.4075737
-3.5346861;42.4076538
-3.5345063;42.4076920
-3.5323548;42.4079094
-3.5340049;42.4079552
-3.5324314;42.4080353
-3.5354939;42.4081612
-3.5352576;42.4081879
-3.5351050;42.4082909
-3.5342829;42.4083023
-3.5356612;42.4083061
-3.5334859;42.4083366
-3.5357449;42.4083405
-3.5359173;42.4083633
-3.5345371;42.4084969
-3.5346024;42.4085503
-3.5318394;42.4085541
-3.5316160;42.4085579
-3.5349216;42.4086380
-3.5347071;42.4086418
-3.5341098;42.4086609
-3.5345993;42.4086723
-3.5331268;42.4087143
-3.5322039;42.4087410
-3.5342019;42.4087791
-3.5333207;42.4088058
-3.5350420;42.4088516
-3.5324330;42.4088936
-3.5328834;42.4085426
-3.5334349;42.4089050
-3.5343673;42.4089203
-3.5344880;42.4089622
-3.5335083;42.4089928
-3.5341911;42.4090004
-3.5336056;42.4090614
-3.5326283;42.4090691
-3.5328643;42.4092865
-3.5332768;42.4093170
-3.5307596;42.4094963
-3.5320551;42.4095497
-3.5297098;42.4117622
-3.5305486;42.4126472
-3.5306883;42.4128151
-3.5277369;42.4128380
-3.5280163;42.4130592
-3.5274765;42.4131279
-3.5150595;42.4214020
-3.5133157;42.4223557
-3.5105925;42.4233780
-3.5103791;42.4234543
-3.5104578;42.4235573
-3.5114882;42.4237289
-3.5087004;42.4245644
-3.5071752;42.4258575
-3.5062013;42.4269028
-3.5051181;42.4280624
-3.5044563;42.4288177
-3.4195018;42.4783974
-3.4190886;42.4780655
-3.4186559;42.4776535
-3.4198105;42.4787407
-3.4197679;42.4786606
-3.4205034;42.4812508
-3.4200339;42.4805031
-3.4182031;42.4772797
-3.4176016;42.4768219
-3.4317806;42.4686623
-3.4266269;42.4713554
-3.4209621;42.4749527
-3.4207609;42.4750900
-3.4174347;42.4763985
-3.4172328;42.4764137
-3.4170930;42.4766083
-3.4174745;42.4767227
-3.4183013;42.4773521
-3.4187152;42.4773941
-3.4183731;42.4776573
-3.4198442;42.4790230
-3.4078999;42.4790421
-3.4077933;42.4791603
-3.4061770;42.4790039
-3.4062252;42.4792938
-3.4340794;42.4779091
-3.4304307;42.4796638
-3.4224105;42.4804230
-3.4336653;42.4772301
-3.4280267;42.4804268
-3.4243593;42.4804459
-3.4250450;42.4803658
-3.4236050;42.4805717
-3.4234145;42.4805832
-3.4237187;42.4806404
-3.4228280;42.4806824
-3.4228132;42.4807053
-3.4258943;42.4808121
-3.4230533;42.4809265
-3.4230752;42.4809494
-3.4244981;42.4809799
-3.4264266;42.4810677
-3.4227021;42.4812050
-3.4257879;42.4812279
-3.4252892;42.4812469
-3.4252493;42.4812469
-3.4247677;42.4812813
-3.4234169;42.4812889
-3.4243112;42.4813957
-3.4237921;42.4815369
-3.4241951;42.4816208
-3.4238627;42.4816246
-3.4232590;42.4816551
-3.4255340;42.4817085
-3.4270070;42.4813995
-3.4264467;42.4817390
-3.4235640;42.4817657
-3.4243560;42.4817696
-3.4232566;42.4817848
-3.4256327;42.4818497
-3.4226336;42.4818726
-3.4251018;42.4819489
-3.4251211;42.4820023
-3.4209814;42.4820671
-3.4210551;42.4821815
-3.4248419;42.4822044
-3.4209092;42.4822121
-3.4262176;42.4822655
-3.4240561;42.4825172
-3.4334798;42.4770889
-3.4216387;42.4839745
-3.8323269;42.3858070
-3.8323374;42.3858757
-3.8337729;42.3817329
-3.8327794;42.3828125
-3.8325908;42.3823929
-3.8327534;42.3829269
-3.8324215;42.3827705
-3.8327014;42.3832245
-3.8328841;42.3832474
-3.8326735;42.3834724
-3.8329713;42.3835754
-3.8331552;42.3836670
-3.8332162;42.3835754
-3.8333900;42.3837929
-3.8335400;42.3835869
-3.8326025;42.3838005
-3.8335519;42.3838196
-3.8336496;42.3838196
-3.8328843;42.3839531
-3.8325324;42.3840446
-3.8334873;42.3840942
-3.8326740;42.3841667
-3.8328547;42.3843269
-3.8327932;42.3846016
-3.8324440;42.3847847
-3.8321342;42.3848381
-3.8330119;42.3849068
-3.8327532;42.3851776
-3.8331034;42.3852768
-3.8323040;42.3856850
-3.8323200;42.3857574
-3.2340236;42.5489655
-3.6816804;42.4239006
-3.6818926;42.4260254
-3.6810830;42.4232063
-3.6821668;42.4239655
-3.6820681;42.4252014
-3.6822259;42.4232330
-3.6984177;42.3986053
-3.6983650;42.3991356
-3.6985981;42.3992348
-3.6986465;42.3986626
-3.6883974;42.4115295
-3.6885741;42.4112740
-3.6877229;42.4122047
-3.6879427;42.4121552
-3.6895721;42.4125328
-3.6889770;42.4128799
-3.6896272;42.4123993
-3.6900897;42.4129982
-3.6886072;42.4132042
-3.6899631;42.4121933
-3.6909988;42.3947983
-3.6904399;42.3950806
-3.6906934;42.3956223
-3.6917443;42.3968468
-3.6953177;42.3971786
-3.6922510;42.3974304
-3.6980531;42.3986549
-3.6989017;42.3991432
-3.7001712;42.3998718
-3.6929834;42.4007187
-3.6929340;42.4008789
-3.6928687;42.4010201
-3.7044888;42.4020615
-3.7067230;42.4029617
-3.7081299;42.4034996
-3.6978364;42.4075699
-3.6975768;42.4076958
-3.6976044;42.4100113
-3.6973536;42.4100533
-3.6975558;42.4105034
-3.6874685;42.4105034
-3.6973078;42.4105453
-3.6872993;42.4108009
-3.6872237;42.4109306
-3.6871052;42.4111404
-3.6883647;42.4112015
-3.6878462;42.4113235
-3.6866195;42.4119911
-3.6871483;42.4122429
-3.6863899;42.4123878
-3.6816986;42.4110107
-3.6862283;42.4126625
-3.6920841;42.4124146
-3.6906137;42.4130821
-3.6874428;42.4132195
-3.6867239;42.4133492
-3.6879106;42.4134331
-3.6903553;42.4134560
-3.6892734;42.4134941
-3.6888528;42.4137039
-3.6895695;42.4138031
-3.6890163;42.4138031
-3.6900702;42.4138069
-3.6887581;42.4138145
-3.6894600;42.4138641
-3.6889312;42.4139099
-3.6897068;42.4139404
-3.6889822;42.4139671
-3.6898608;42.4139786
-3.6899230;42.4140129
-3.6898093;42.4140244
-3.6890671;42.4140701
-3.6891651;42.4142456
-3.6903338;42.4142456
-3.6888993;42.4143753
-3.6892850;42.4143829
-3.6893291;42.4144249
-3.6879964;42.4144897
-3.6881824;42.4145050
-3.6890466;42.4145088
-3.6884792;42.4146156
-3.6881170;42.4146576
-3.6887724;42.4146652
-3.6883385;42.4147186
-3.6886313;42.4147415
-3.6889050;42.4147873
-3.6904805;42.4147987
-3.6884968;42.4148331
-3.6882014;42.4148712
-3.6870327;42.4140701
-3.6910226;42.4150085
-3.6889172;42.4150391
-3.6880424;42.4150620
-3.6883128;42.4150658
-3.6914055;42.4151382
-3.6882496;42.4151459
-3.6892011;42.4151993
-3.6886189;42.4152756
-3.6928072;42.4148941
-3.6925809;42.4152908
-3.6879151;42.4152985
-3.6889770;42.4154854
-3.6845667;42.4155617
-3.6873693;42.4155693
-3.6969430;42.4159203
-3.6842272;42.4161644
-3.6871624;42.4161720
-3.6903238;42.4163017
-3.6966338;42.4163322
-3.6913552;42.4163589
-3.6841083;42.4163742
-3.6844583;42.4162064
-3.6849346;42.4164619
-3.6902425;42.4166031
-3.6854165;42.4167175
-3.6859183;42.4169884
-3.6927598;42.4170380
-3.6867874;42.4174538
-3.6837556;42.4174843
-3.6843123;42.4176331
-3.6848693;42.4177818
-3.6854155;42.4179268
-3.6859882;42.4180794
-3.6834252;42.4181213
-3.6839888;42.4182777
-3.6845443;42.4184303
-3.6829226;42.4185562
-3.6852913;42.4186401
-3.6829813;42.4191246
-3.6835024;42.4192657
-3.6840274;42.4194069
-3.6845725;42.4195557
-3.6772413;42.4202576
-3.6765618;42.4192429
-3.6736059;42.4188805
-3.6818752;42.4202805
-3.6793742;42.4203453
-3.6808007;42.4202461
-3.6808414;42.4210739
-3.6808712;42.4210930
-3.6787069;42.4212532
-3.6811755;42.4212837
-3.6786883;42.4212875
-3.6823757;42.4213486
-3.6812830;42.4213524
-3.6797802;42.4213066
-3.6798668;42.4215622
-3.6957715;42.4217682
-3.6810360;42.4217987
-3.6817334;42.4218407
-3.6955152;42.4218559
-3.6823313;42.4219055
-3.6818655;42.4219208
-3.6823292;42.4219322
-3.6823249;42.4219856
-3.6807647;42.4221992
-3.6823065;42.4222145
-3.6786761;42.4222183
-3.6781647;42.4221725
-3.6780024;42.4222412
-3.6807106;42.4222794
-3.6804392;42.4221764
-3.6786652;42.4224854
-3.6812634;42.4224968
-3.6805313;42.4225578
-3.6780407;42.4225655
-3.6804302;42.4225769
-3.6800108;42.4226532
-3.6797724;42.4217072
-3.6793597;42.4227180
-3.6791544;42.4227371
-3.6786876;42.4227715
-3.6797376;42.4227715
-3.6796651;42.4227753
-3.6786451;42.4227753
-3.6799247;42.4228172
-3.6778278;42.4228554
-3.6776764;42.4228745
-3.6715777;42.4228477
-3.6717482;42.4228783
-3.6771293;42.4228859
-3.6822443;42.4229965
-3.6772804;42.4230080
-3.6777742;42.4230156
-3.6809702;42.4230537
-3.6776865;42.4230537
-3.6797371;42.4231186
-3.6784985;42.4232292
-3.6767621;42.4232330
-3.6767220;42.4232521
-3.6784892;42.4232597
-3.6795907;42.4234276
-3.6788034;42.4234390
-3.6788919;42.4234428
-3.6801629;42.4237671
-3.6784317;42.4238358
-3.6756990;42.4239426
-3.6748860;42.4245872
-3.6742535;42.4250870
-3.6775072;42.4251366
-3.6946671;42.4303246
-3.6944311;42.4303246
-3.6786969;42.4255867
-3.6820240;42.4256363
-3.6838391;42.4256592
-3.6819906;42.4265594
-3.6818466;42.4270325
-3.6818423;42.4268608
-3.6820858;42.4267998
-3.6819975;42.4272003
-3.6708763;42.4275055
-3.6704257;42.4277916
-3.6819870;42.4279060
-3.6819823;42.4280586
-3.6819928;42.4283981
-3.6819959;42.4285049
-3.6818457;42.4285660
-3.6798348;42.4287262
-3.6801572;42.4279060
-3.6678131;42.4290009
-3.5747058;42.3872719
-3.5744383;42.3875999
-3.3822808;42.5139313
-3.3822401;42.5140800
-3.3818896;42.5142250
-3.3817306;42.5142136
-3.3873808;42.4992638
-3.3847320;42.5030899
-3.3842428;42.5039864
-3.3837152;42.5081367
-3.3837206;42.5089264
-3.3843200;42.5088387
-3.3839614;42.5089989
-3.3848407;42.5090523
-3.3843243;42.5091629
-3.3842044;42.5092430
-3.3840992;42.5092659
-3.3839366;42.5096359
-3.3835421;42.5097275
-3.3842089;42.5097504
-3.3835645;42.5099716
-3.3849125;42.5105820
-3.4388092;42.5908241
-3.4386892;42.5907555
-3.4388936;42.5782394
-3.4387965;42.5783157
-3.4375429;42.5900383
-3.4376974;42.5901566
-3.4435585;42.5745430
-3.4435079;42.5748367
-3.4431164;42.5771446
-3.4425721;42.5773430
-3.4423223;42.5773239
-3.4403462;42.5773926
-3.4404016;42.5771446
-3.4402747;42.5774155
-3.4425027;42.5774193
-3.4400513;42.5774307
-3.4423192;42.5774460
-3.4396405;42.5775146
-3.4405692;42.5775604
-3.4402854;42.5775642
-3.4389365;42.5775795
-3.4391050;42.5773888
-3.4383883;42.5774498
-3.4399750;42.5775833
-3.4402263;42.5776405
-3.4393826;42.5777206
-3.4427626;42.5777245
-3.4420824;42.5777550
-3.4403162;42.5777626
-3.4395969;42.5777740
-3.4404373;42.5777779
-3.4405491;42.5777931
-3.4421978;42.5778160
-3.4410071;42.5778351
-3.4411800;42.5778580
-3.4401846;42.5778656
-3.4412785;42.5778694
-3.4419470;42.5779152
-3.4416652;42.5779305
-3.4404738;42.5779495
-3.4420676;42.5779533
-3.4425282;42.5780220
-3.4420171;42.5780411
-3.4409983;42.5781479
-3.4423988;42.5781898
-3.4415472;42.5782890
-3.4416609;42.5783195
-3.4404366;42.5783463
-3.4386537;42.5784302
-3.4421930;42.5784645
-3.4414353;42.5785294
-3.4426732;42.5786400
-3.4451549;42.5786247
-3.4450085;42.5786705
-3.4447286;42.5788879
-3.4376209;42.5789604
-3.4452560;42.5789719
-3.4427478;42.5790253
-3.4444575;42.5791740
-3.4451258;42.5791817
-3.4371259;42.5791893
-3.4450727;42.5794029
-3.4457641;42.5794182
-3.4454234;42.5795517
-3.4331241;42.5816536
-3.4258349;42.5860825
-3.4253283;42.5862503
-3.4303925;42.5880280
-3.4304996;42.5880623
-3.4348528;42.5879631
-3.4385724;42.5906982
-3.4402018;42.5908241
-3.4395664;42.5910568
-3.4394095;42.5907364
-3.4394050;42.5910683
-3.4397550;42.5910912
-3.4394662;42.5911293
-3.4399862;42.5911369
-3.4396720;42.5912247
-3.4399335;42.5912704
-3.4389892;42.5910797
-3.4389105;42.5913429
-3.4392328;42.5913582
-3.4391012;42.5914688
-3.4395702;42.5914955
-3.4390218;42.5915756
-3.4395213;42.5916443
-3.4389198;42.5917168
-3.4391878;42.5918388
-3.4387970;42.5920181
-3.4790299;42.6048698
-3.5751643;42.3876839
-3.5750744;42.3873711
-3.5742879;42.3876839
-3.5773325;42.3851242
-3.5777998;42.3850136
-3.5733385;42.3862534
-3.5736065;42.3861580
-3.5827570;42.3834000
-3.5828118;42.3827438
-3.5825334;42.3829422
-3.5824730;42.3836288
-3.5818415;42.3863640
-3.5820658;42.3859406
-3.5818081;42.3859253
-3.5814810;42.3864937
-3.5809050;42.3873672
-3.5807908;42.3875008
-3.5810945;42.3874893
-3.5812049;42.3873444
-3.5738516;42.3917618
-3.5737307;42.3918152
-3.5738633;42.3919907
-3.5739923;42.3919373
-3.5820770;42.3836365
-3.5830312;42.3830833
-3.5830295;42.3800621
-3.5734141;42.3868904
-3.5829699;42.3812866
-3.5844488;42.3818207
-3.5852549;42.3819084
-3.5848186;42.3820190
-3.5830984;42.3830414
-3.5773132;42.3843842
-3.5768867;42.3843498
-3.5775106;42.3844070
-3.5779376;42.3844414
-3.5771441;42.3845177
-3.5771384;42.3845558
-3.5775964;42.3846245
-3.5775552;42.3846741
-3.5773165;42.3847275
-3.5775270;42.3848686
-3.5744750;42.3854561
-3.5777130;42.3855171
-3.5778809;42.3857117
-3.5735414;42.3858223
-3.5731189;42.3860054
-3.5772672;42.3860130
-3.5734506;42.3860970
-3.5769131;42.3861771
-3.5737386;42.3864517
-3.5759687;42.3866043
-3.5743451;42.3868713
-3.5707877;42.3868675
-3.5735297;42.3869820
-3.5744193;42.3870049
-3.5756049;42.3871231
-3.5740430;42.3871346
-3.5755711;42.3871536
-3.5738318;42.3872261
-3.5736904;42.3872948
-3.5736454;42.3873253
-3.5739808;42.3877640
-3.5740399;42.3878479
-3.5724289;42.3879204
-3.5750937;42.3880119
-3.5746453;42.3880424
-3.5718439;42.3881607
-3.5738499;42.3882904
-3.5710437;42.3884735
-3.5738237;42.3885155
-3.5734556;42.3884811
-3.5738018;42.3886414
-3.5736670;42.3889084
-3.5733099;42.3890572
-3.5732021;42.3889313
-3.5722139;42.3885612
-3.5729167;42.3891182
-3.5688205;42.3894463
-3.5686450;42.3895798
-3.5731337;42.3897171
-3.5629749;42.3928032
-3.5609434;42.3938789
-3.5599678;42.3944206
-3.5574384;42.3957787
-3.5572259;42.3958931
-3.5576293;42.3957710
-3.5063913;42.5411682
-3.5060477;42.5421867
-3.5221686;42.4934425
-3.5220008;42.4934425
-3.5198290;42.5151596
-3.5197065;42.5153389
-3.5176525;42.5192337
-3.5176461;42.5195045
-3.5158179;42.5245094
-3.5157208;42.5246086
-3.5060072;42.5423126
-3.4809389;42.5582161
-3.4807124;42.5582695
-3.4885812;42.5591049
-3.4884169;42.5590820
-3.4762721;42.5592651
-3.4761574;42.5592880
-3.5185719;42.4934158
-3.5265398;42.4934273
-3.5252402;42.4934158
-3.5272112;42.4964943
-3.5265694;42.4937515
-3.5288885;42.5008278
-3.5280659;42.4998627
-3.5295920;42.5012779
-3.5311368;42.5070229
-3.5303769;42.5082054
-3.5266252;42.5105133
-3.5219712;42.5133286
-3.5205853;42.5142174
-3.5198953;42.5150604
-3.5126309;42.5297127
-3.5118668;42.5316849
-3.5109370;42.5327339
-3.5105999;42.5325775
-3.5114362;42.5327911
-3.5102797;42.5329018
-3.5104325;42.5329437
-3.5101829;42.5330200
-3.5101418;42.5330696
-3.5099454;42.5332985
-3.5096998;42.5335999
-3.5089779;42.5343170
-3.5088773;42.5344887
-3.5071566;42.5349884
-3.5069637;42.5347595
-3.5070651;42.5352249
-3.5085824;42.5350342
-3.5058208;42.5356216
-3.5087917;42.5357323
-3.5081844;42.5365677
-3.5080466;42.5368958
-3.5080068;42.5369911
-3.5066586;42.5396118
-3.5034301;42.5504150
-3.5033431;42.5506325
-3.5011852;42.5511017
-3.5014517;42.5513191
-3.5020266;42.5522232
-3.5026290;42.5523338
-3.5021346;42.5523949
-3.5023141;42.5521889
-3.5025885;42.5525551
-3.5030377;42.5525398
-3.5023506;42.5526276
-3.5025647;42.5526733
-3.5022845;42.5527000
-3.5022354;42.5528412
-3.5013144;42.5530815
-3.5012510;42.5530891
-3.5021539;42.5530930
-3.5020578;42.5533028
-3.5020347;42.5533562
-3.5022240;42.5541153
-3.5017486;42.5541496
-3.5012834;42.5538559
-3.5023167;42.5544357
-3.5016263;42.5545540
-3.5019798;42.5546036
-3.5020301;42.5548172
-3.5017669;42.5550804
-3.5016940;42.5551796
-3.5021987;42.5551872
-3.5019441;42.5552902
-3.5009766;42.5555382
-3.5005679;42.5560837
-3.5003910;42.5562859
-3.4995344;42.5572243
-3.4757633;42.5593719
-3.4970341;42.5597382
-3.4963920;42.5603867
-3.4979968;42.5686951
-3.5261297;42.7289734
-3.5259838;42.7290039
-3.5317240;42.7290459
-3.5316107;42.7290382
-3.5176489;42.7259560
-3.5196362;42.7275200
-3.5294518;42.7289352
-3.5320623;42.7285919
-3.5318127;42.7290497
-3.5331368;42.7288857
-3.5334499;42.7291679
-3.5339992;42.7292709
-3.5330501;42.7295265
-3.5337868;42.7296295
-3.5332961;42.7298126
-3.5329914;42.7298508
-3.5315783;42.7296028
-3.5312803;42.7301826
-3.5301113;42.7306290
-3.5299654;42.7307129
-3.5304115;42.7309647
-3.5317252;42.7305183
-3.5335793;42.7384567
-3.5334184;42.7392311
-3.5366426;42.7461014
-3.5369985;42.7472916
-3.5391614;42.7482224
-3.5410759;42.7493019
-3.5415213;42.7497787
-3.5416572;42.7503777
-3.5416176;42.7507286
-3.5413635;42.7511787
-3.5419276;42.7511864
-3.5418627;42.7511902
-3.5413816;42.7514534
-3.5421476;42.7515373
-3.5427048;42.7515297
-3.5414238;42.7517548
-3.5406785;42.7518539
-3.5406945;42.7519073
-3.5419455;42.7524300
-3.5027218;42.7528000
-3.5424602;42.7540588
-3.5041983;42.7549324
-3.5074620;42.7544899
-3.5072145;42.7549858
-3.5072796;42.7550468
-3.5069678;42.7550812
-3.5076423;42.7550888
-3.5075858;42.7551346
-3.5062385;42.7550926
-3.5076816;42.7551727
-3.5071423;42.7551842
-3.5068998;42.7552071
-3.5060647;42.7552605
-3.5045652;42.7552643
-3.5421467;42.7559166
-3.5060487;42.7560692
-3.5419366;42.7563133
-3.5422151;42.7636948
-3.5206923;42.7639503
-3.5408821;42.7647133
-3.5346272;42.7651672
-3.5319343;42.7657852
-3.5270309;42.7661629
-3.4960506;42.7669029
-3.4947929;42.7661514
-3.4957671;42.7675438
-3.4955146;42.7675133
-3.4957933;42.7675476
-3.4972284;42.7674370
-3.4960284;42.7676315
-3.4955177;42.7676506
-3.4964600;42.7677383
-3.4946599;42.7677574
-3.4963095;42.7681351
-3.5402567;42.7689056
-3.5402875;42.7689743
-3.5397868;42.7698669
-3.5400293;42.7701302
-3.5409980;42.7701836
-3.5401385;42.7703438
-3.5397909;42.7703362
-3.5409052;42.7705460
-3.5412123;42.7705612
-3.5403829;42.7705688
-3.5421093;42.7706375
-3.5408926;42.7708321
-3.5406451;42.7708397
-3.5555117;42.7712746
-3.5554280;42.7710495
-3.5410626;42.7713089
-3.5562682;42.7712288
-3.5558119;42.7716980
-3.5472910;42.7705345
-3.5557778;42.7717896
-3.5565083;42.7715836
-3.5558751;42.7718086
-3.5566721;42.7719879
-3.5560415;42.7721405
-3.5546675;42.7721901
-3.5540137;42.7721977
-3.5533178;42.7723007
-3.5547495;42.7723846
-3.5528190;42.7724075
-3.5370076;42.7737503
-3.5366104;42.7738380
-3.5350168;42.7738762
-3.5342610;42.7738762
-3.5359561;42.7739296
-3.5357599;42.7739487
-3.4759884;42.6904678
-3.4759781;42.6905518
-3.4741151;42.6872940
-3.4741271;42.6872444
-3.4762251;42.6783867
-3.4744158;42.6860161
-3.4743311;42.6863518
-3.4739351;42.6880341
-3.4737399;42.6888313
-3.4736054;42.6893730
-3.4735241;42.6896973
-3.4741681;42.6898994
-3.4747212;42.6900597
-3.4760098;42.6903000
-3.4739633;42.6904831
-3.4733210;42.6905022
-3.4729719;42.6904755
-3.4733510;42.6907234
-3.4726515;42.6904449
-3.4735179;42.6910248
-3.4736967;42.6910362
-3.4747708;42.6911964
-3.4757521;42.6913986
-3.4751718;42.6914940
-3.4741156;42.6917038
-3.4755988;42.6917152
-3.4741654;42.6918411
-3.4743438;42.6918907
-3.4765377;42.6919060
-3.4727728;42.6919518
-3.4731483;42.6921883
-3.4724445;42.6922264
-3.4736249;42.6922989
-3.4738648;42.6923714
-3.4740231;42.6924210
-3.4729042;42.6924362
-3.4720981;42.6924438
-3.4736567;42.6924934
-3.4742889;42.6925735
-3.4727671;42.6925774
-3.4736512;42.6925926
-3.4716704;42.6926460
-3.4741387;42.6926460
-3.4747455;42.6924782
-3.4744542;42.6926689
-3.4741542;42.6927338
-3.4737756;42.6927452
-3.4746189;42.6927757
-3.4737301;42.6928406
-3.4753060;42.6925659
-3.4751654;42.6928825
-3.4761984;42.6929245
-3.4758039;42.6929321
-3.4757800;42.6927223
-3.4723465;42.6930046
-3.4742043;42.6931686
-3.4743955;42.6932526
-3.4720609;42.6932831
-3.4716079;42.6932678
-3.4717681;42.6935349
-3.4752290;42.6937294
-3.4711740;42.6939125
-3.4708219;42.6936302
-3.4700947;42.6945572
-3.4696457;42.6948242
-3.4737096;42.6953392
-3.4736810;42.6953621
-3.4725287;42.6984215
-3.4754488;42.7001534
-3.4772196;42.7015343
-3.4836786;42.7056122
-3.4858382;42.7075424
-3.4131410;42.5590286
-3.4133191;42.5590057
-3.3489158;42.5636215
-3.3487453;42.5636215
-3.3951612;42.5501633
-3.3953016;42.5501137
-3.4018090;42.5523224
-3.4019623;42.5523224
-3.3963487;42.5503960
-3.3950839;42.5504227
-3.3866358;42.5510406
-3.3867230;42.5508423
-3.3875170;42.5519714
-3.3872173;42.5522575
-3.3871558;42.5522957
-3.3870914;42.5523376
-3.3880954;42.5524483
-3.3874209;42.5525551
-3.3870592;42.5525589
-3.3884547;42.5527306
-3.3867600;42.5531044
-3.8720865;42.7682724
-3.3869078;42.5539284
-3.4012997;42.5541687
-3.4008205;42.5545731
-3.3836651;42.5556526
-3.3827958;42.5558853
-3.3822777;42.5560875
-3.3986337;42.5570755
-3.3992469;42.5571671
-3.4076722;42.5571480
-3.4065373;42.5574112
-3.4078670;42.5571442
-3.4078505;42.5575066
-3.4082983;42.5576057
-3.4072740;42.5581474
-3.3767638;42.5583153
-3.3763971;42.5583801
-3.4026120;42.5585098
-3.4025295;42.5585747
-3.3817503;42.5586433
-3.4217997;42.5587120
-3.4147289;42.5585327
-3.4130156;42.5590477
-3.4086943;42.5594749
-3.3677437;42.5595894
-3.3646669;42.5600662
-3.3832490;42.5610123
-3.3601377;42.5613174
-3.3839183;42.5614128
-3.3584032;42.5614433
-3.3604164;42.5615768
-3.3596501;42.5615959
-3.3578656;42.5616455
-3.3601987;42.5617752
-3.3617771;42.5615807
-3.3546441;42.5619125
-3.3512120;42.5629463
-3.3960273;42.5634384
-3.3866162;42.5637169
-3.3892877;42.5638313
-3.3938079;42.5642929
-3.8713996;42.7683907
-3.8739891;42.7684135
-3.4276676;42.4243813
-3.4274647;42.4243088
-3.4366720;42.4352989
-3.4368114;42.4351997
-3.4362841;42.4334297
-3.4363408;42.4335365
-3.4431250;42.4498253
-3.4430871;42.4497719
-3.4267564;42.4240570
-3.4200861;42.4200058
-3.4262972;42.4244537
-3.4281893;42.4245720
-3.4318151;42.4278641
-3.4347911;42.4282608
-3.4347277;42.4284744
-3.4356160;42.4286423
-3.4354851;42.4287033
-3.4363368;42.4287567
-3.4346499;42.4287643
-3.4345379;42.4288712
-3.4367733;42.4288902
-3.4348814;42.4289551
-3.4352508;42.4290314
-3.4350212;42.4290352
-3.4346802;42.4290428
-3.4342864;42.4291077
-3.4341273;42.4290047
-3.4351082;42.4291954
-3.4344532;42.4292297
-3.4340630;42.4292412
-3.4336114;42.4293022
-3.4336607;42.4293442
-3.4350510;42.4293633
-3.4351618;42.4293900
-3.4337294;42.4294014
-3.4353561;42.4295769
-3.4358215;42.4296494
-3.4362702;42.4292641
-3.4362125;42.4297523
-3.4351435;42.4297523
-3.4349930;42.4298477
-3.4348733;42.4300041
-3.4343665;42.4300423
-3.4349475;42.4304390
-3.4346457;42.4305267
-3.4357154;42.4324226
-3.4367020;42.4383812
-3.4379411;42.4412384
-3.4379306;42.4416351
-3.4376841;42.4420395
-3.4373875;42.4422073
-3.4381444;42.4422874
-3.4371963;42.4423523
-3.4377553;42.4423866
-3.4375062;42.4424744
-3.4372365;42.4425735
-3.4379084;42.4426460
-3.4383984;42.4426575
-3.4369857;42.4427071
-3.4375887;42.4427414
-3.4379857;42.4427528
-3.4373994;42.4428482
-3.4380412;42.4428825
-3.4370515;42.4429092
-3.4376907;42.4429665
-3.4374542;42.4429970
-3.4370301;42.4430199
-3.4381363;42.4430351
-3.4386306;42.4430389
-3.4374566;42.4430466
-3.4378407;42.4430962
-3.4374762;42.4431305
-3.4366527;42.4431458
-3.4361846;42.4431534
-3.4361260;42.4431534
-3.4376864;42.4431992
-3.4369471;42.4432182
-3.4375339;42.4432297
-3.4363263;42.4433136
-3.4378109;42.4433136
-3.4388950;42.4434433
-3.4382915;42.4435692
-3.4381747;42.4435768
-3.4384499;42.4435959
-3.4372878;42.4436455
-3.4390490;42.4436569
-3.4375193;42.4437141
-3.4390807;42.4437180
-3.4388351;42.4437256
-3.4374454;42.4437485
-3.4365618;42.4437866
-3.4390018;42.4440422
-3.4391415;42.4440384
-3.4393318;42.4441032
-3.4390752;42.4442024
-3.4403701;42.4456139
-3.4419465;42.4479065
-3.4446874;42.4532204
-3.4318519;42.4686279
-3.4393752;42.4655457
-3.4388402;42.4656754
-3.4424820;42.4730034
-3.4423823;42.4730644
-3.4354427;42.4772491
-3.4353397;42.4772987
-3.4395351;42.4653931
-3.4391367;42.4654045
-3.4420347;42.4726944
-3.4419265;42.4727478
-3.4421246;42.4728432
-3.4422326;42.4727859
-3.4344742;42.4764175
-3.4342875;42.4765472
-3.4344437;42.4766655
-3.4346292;42.4765205
-3.4448893;42.4537697
-3.4437950;42.4642754
-3.4439468;42.4643822
-3.4436548;42.4644508
-3.4430931;42.4645958
-3.4402590;42.4653244
-3.4384964;42.4654961
-3.4395547;42.4655037
-3.4372640;42.4661102
-3.4486556;42.4667358
-3.4461410;42.4697189
-3.4453607;42.4711647
-3.4435310;42.4720268
-3.4405880;42.4747772
-3.4389410;42.4755592
-3.4409029;42.4758797
-3.4401388;42.4755211
-3.4408004;42.4760399
-3.4409778;42.4764099
-3.4415312;42.4763336
-3.4405358;42.4764328
-3.4403439;42.4764061
-3.4409997;42.4765205
-3.4405620;42.4765282
-3.4415455;42.4764404
-3.4411449;42.4765854
-3.4406734;42.4766922
-3.4406822;42.4767456
-3.4410586;42.4768028
-3.4407566;42.4769096
-3.4402304;42.4769974
-3.4412687;42.4770203
-3.4410803;42.4770355
-3.4406662;42.4772072
-3.4407301;42.4772263
-3.4408035;42.4772339
-3.4410176;42.4772797
-3.4405441;42.4773865
-3.4406791;42.4774857
-3.4410641;42.4775810
-3.4417846;42.4774818
-3.4404638;42.4777641
-3.4401472;42.4778137
-3.4411666;42.4778137
-3.4409151;42.4778481
-3.4399669;42.4778328
-3.4402630;42.4778938
-3.4412076;42.4779129
-3.4408252;42.4779739
-3.4415247;42.4781036
-3.4420600;42.4782791
-3.4398627;42.4783974
-3.4396980;42.4785576
-3.4398723;42.4786453
-3.4405141;42.4786682
-3.4401445;42.4788017
-3.4393518;42.4789162
-3.8735704;42.7681046
-3.8716178;42.7685013
-3.8732975;42.7662315
-3.8730254;42.7663383
-3.9315424;42.7685661
-3.9262755;42.7681236
-3.8768554;42.6876183
-3.8767943;42.6875038
-3.8765228;42.6876831
-3.8765185;42.6875839
-3.8771334;42.6876984
-3.8772256;42.6876183
-3.8770678;42.6877251
-3.8765123;42.6877518
-3.8774168;42.6878586
-3.8775263;42.6877556
-3.8764954;42.6878624
-3.8761120;42.6878662
-3.8765848;42.6878738
-3.8775048;42.6879082
-3.8769019;42.6879120
-3.8776233;42.6879158
-3.8763793;42.6879539
-3.8774409;42.6879921
-3.8761666;42.6880074
-3.8761673;42.6879387
-3.8765659;42.6880074
-3.8773291;42.6880722
-3.8769734;42.6880798
-3.8762944;42.6880989
-3.8762224;42.6881180
-3.8760815;42.6881409
-3.8777590;42.6881866
-3.8898757;42.6881943
-3.8897049;42.6881828
-3.8779428;42.6882133
-3.8904231;42.6881828
-3.8892360;42.6882248
-3.8892355;42.6881943
-3.8894427;42.6882362
-3.8901043;42.6882401
-3.8776798;42.6882553
-3.8712375;42.7685280
-3.8898501;42.6882706
-3.8896837;42.6882591
-3.8903215;42.6882935
-3.8891039;42.6882973
-3.8772111;42.6883240
-3.8769853;42.6883469
-3.8774421;42.6883469
-3.8898244;42.6883507
-3.8908179;42.6884003
-3.8893414;42.6884041
-3.8769052;42.6884117
-3.8774533;42.6884384
-3.8768601;42.6884460
-3.8772397;42.6884689
-3.8765731;42.6886024
-3.8664410;42.6885796
-3.8901594;42.6887627
-3.8907936;42.6885376
-3.8899088;42.6887665
-3.8898389;42.6887779
-3.8900535;42.6888657
-3.8893325;42.6888733
-3.8892844;42.6887589
-3.8892236;42.6888351
-3.8894196;42.6888885
-3.8899665;42.6889267
-3.8892899;42.6890869
-3.9094245;42.7111244
-3.9092703;42.7110023
-3.9098635;42.7112236
-3.9093783;42.7114716
-3.9096344;42.7113037
-3.9094217;42.7116547
-3.9098547;42.7113876
-3.9083869;42.7115898
-3.9089394;42.7119102
-3.9091842;42.7119560
-3.9093723;42.7119675
-3.9099064;42.7120819
-3.9102530;42.7120857
-3.9104455;42.7119141
-3.9102299;42.7121048
-3.9095488;42.7121353
-3.9098883;42.7121429
-3.9096141;42.7121582
-3.9098573;42.7122078
-3.9100244;42.7122574
-3.9105072;42.7122574
-3.9091632;42.7121429
-3.9097767;42.7122879
-3.9099464;42.7123222
-3.9106588;42.7124481
-3.9115756;42.7124901
-3.9111526;42.7123375
-3.9104168;42.7125282
-3.9114947;42.7125816
-3.9117839;42.7126122
-3.9117110;42.7126923
-3.9110107;42.7127266
-3.9119039;42.7127686
-3.9120474;42.7127876
-3.9120836;42.7127914
-3.9117641;42.7129517
-3.9122589;42.7130165
-3.9118896;42.7130013
-3.9121237;42.7130623
-3.9130604;42.7140503
-3.9135065;42.7144012
-3.9142027;42.7267036
-3.9141841;42.7267151
-3.9349508;42.7280579
-3.9347072;42.7280655
-3.9345648;42.7280655
-3.9273906;42.7288971
-3.9127553;42.7289696
-3.9111781;42.7371788
-3.9104393;42.7373543
-3.9096940;42.7409477
-3.9043605;42.7409897
-3.9106894;42.7409897
-3.9108720;42.7409477
-3.9106247;42.7409935
-3.9106317;42.7408524
-3.9103777;42.7410812
-3.9103367;42.7408485
-3.9104016;42.7411804
-3.9104223;42.7413330
-3.9104230;42.7413559
-3.9099076;42.7413597
-3.9097419;42.7413673
-3.9106541;42.7414169
-3.9109712;42.7411804
-3.9114826;42.7414551
-3.9109788;42.7414551
-3.9110160;42.7413025
-3.9106760;42.7414551
-3.9104266;42.7415085
-3.9093668;42.7415390
-3.9104278;42.7415924
-3.9093537;42.7415962
-3.9096513;42.7416000
-3.9101655;42.7416115
-3.9098637;42.7416191
-3.9102128;42.7416573
-3.9095492;42.7416725
-3.9089391;42.7416878
-3.9098608;42.7417107
-3.9092951;42.7418709
-3.9095464;42.7417984
-3.9104261;42.7418747
-3.9096313;42.7418785
-3.9085560;42.7419052
-3.9085975;42.7417412
-3.9083817;42.7418976
-3.9088867;42.7419090
-3.9088855;42.7418404
-3.9092834;42.7419357
-3.9100025;42.7419930
-3.9113824;42.7420006
-3.9036357;42.7420235
-3.9090321;42.7420425
-3.9098158;42.7420578
-3.9094694;42.7421150
-3.9094355;42.7421341
-3.9101210;42.7421722
-3.9095967;42.7422295
-3.9113688;42.7424126
-3.8982620;42.7417908
-3.8952322;42.7424202
-3.9089673;42.7424355
-3.9094651;42.7424355
-3.9095302;42.7424660
-3.9085276;42.7424850
-3.9084198;42.7424927
-3.9082234;42.7424927
-3.9075251;42.7423325
-3.9082620;42.7424965
-3.9090936;42.7425385
-3.9084501;42.7426262
-3.9080653;42.7426453
-3.9083238;42.7426567
-3.8945560;42.7426605
-3.9083393;42.7426949
-3.9085333;42.7427597
-3.9082589;42.7428932
-3.9080737;42.7430115
-3.9079955;42.7429504
-3.9079318;42.7431183
-3.9078224;42.7431450
-3.9077232;42.7430725
-3.9080055;42.7431831
-3.8926685;42.7431831
-3.8924327;42.7432747
-3.9075437;42.7434196
-3.9025140;42.7442398
-3.8986220;42.7446976
-3.8987885;42.7447739
-3.8888080;42.7447853
-3.8882520;42.7448845
-3.8862629;42.7457466
-3.9017761;42.7459526
-3.8836234;42.7468529
-3.8832629;42.7469559
-3.8831110;42.7470016
-3.8825893;42.7471848
-3.8662407;42.7476234
-3.8662741;42.7475433
-3.8664210;42.7476387
-3.8667307;42.7474098
-3.8667293;42.7476654
-3.8662238;42.7476692
-3.8659153;42.7476921
-3.8662033;42.7477226
-3.8659430;42.7477951
-3.8661692;42.7478104
-3.8816776;42.7478294
-3.8663669;42.7478638
-3.8664045;42.7478218
-3.8661420;42.7478790
-3.8661203;42.7479362
-3.8659182;42.7478561
-3.8663046;42.7479362
-3.8661120;42.7480278
-3.8665583;42.7480431
-3.8661015;42.7481613
-3.8658352;42.7481766
-3.8664277;42.7481880
-3.8658800;42.7482147
-3.8665652;42.7482376
-3.8656309;42.7483101
-3.9006591;42.7483444
-3.8662751;42.7483597
-3.8657815;42.7483635
-3.8666439;42.7483711
-3.8667328;42.7484131
-3.8662124;42.7484322
-3.8661656;42.7485123
-3.8659635;42.7484245
-3.8661005;42.7486267
-3.9005029;42.7486839
-3.8803842;42.7488213
-3.9004171;42.7488785
-3.8802357;42.7489395
-3.8664370;42.7489510
-3.8658650;42.7490616
-3.8800611;42.7490768
-3.8684175;42.7492447
-3.8684113;42.7495995
-3.8688264;42.7503510
-3.8774018;42.7516327
-3.8960564;42.7516441
-3.8955240;42.7521172
-3.8685956;42.7524490
-3.8689084;42.7525406
-3.8717093;42.7533417
-3.8757234;42.7533760
-3.8938770;42.7541275
-3.8744655;42.7551956
-3.8741910;42.7552910
-3.8742318;42.7553253
-3.8744502;42.7555962
-3.8744850;42.7559776
-3.8921728;42.7562828
-3.8920896;42.7563744
-3.8952701;42.7578316
-3.8957987;42.7580910
-3.8734286;42.7610817
-3.8996246;42.7626648
-3.9120340;42.7636375
-3.8738174;42.7640839
-3.8244126;42.7644768
-3.8232627;42.7626686
-3.8765752;42.7652016
-3.9173937;42.7653542
-3.8747697;42.7657051
-3.8746073;42.7657623
-3.9192240;42.7659264
-3.8725243;42.7671242
-3.8727348;42.7671623
-3.8730803;42.7669868
-3.8731565;42.7673225
-3.8734128;42.7671280
-3.8729310;42.7673683
-3.8734438;42.7673187
-3.8732505;42.7673950
-3.8528366;42.7672577
-3.8724263;42.7674255
-3.8733501;42.7675400
-3.8727314;42.7676010
-3.8726528;42.7676392
-3.8727756;42.7679062
-3.8722696;42.7680092
-3.8724687;42.7679825
-3.8712316;42.7680969
-3.8711224;42.7679787
-3.8711717;42.7681389
-3.8731794;42.7686234
-3.8739493;42.7686081
-3.8728950;42.7686310
-3.8729789;42.7684860
-3.8734112;42.7685089
-3.8733120;42.7686615
-3.8727362;42.7686653
-3.8735983;42.7686653
-3.8672285;42.7686691
-3.8726604;42.7686806
-3.8734186;42.7687416
-3.8709021;42.7687759
-3.8704174;42.7684975
-3.8689787;42.7687912
-3.8729589;42.7687988
-3.8727396;42.7688179
-3.8707595;42.7688522
-3.8699126;42.7688560
-3.8702552;42.7688828
-3.8705616;42.7689056
-3.8715680;42.7689400
-3.8717341;42.7689400
-3.8736043;42.7689781
-3.8739018;42.7689285
-3.8735728;42.7689972
-3.8710706;42.7689972
-3.8729024;42.7690048
-3.8705196;42.7690697
-3.8704057;42.7690964
-3.8723617;42.7691002
-3.9906118;42.7690048
-3.9900925;42.7691154
-3.9915667;42.7690773
-3.8716555;42.7691269
-3.8702426;42.7691307
-3.8701842;42.7691460
-3.8713272;42.7691612
-3.8733327;42.7691727
-3.8735020;42.7692261
-3.8730695;42.7692337
-3.9398851;42.7692451
-3.8717742;42.7692719
-3.8709424;42.7692757
-3.8729351;42.7693062
-3.8737907;42.7693100
-3.8733323;42.7693329
-3.8699095;42.7693748
-3.8716633;42.7694321
-3.8730075;42.7694931
-3.8733041;42.7695122
-3.9434030;42.7695351
-3.8739729;42.7695503
-3.8741066;42.7695198
-3.8707125;42.7696114
-3.9439719;42.7696190
-3.8730552;42.7696266
-3.8740096;42.7696304
-3.8730669;42.7696609
-3.8740497;42.7697182
-3.8727734;42.7697296
-3.8726633;42.7695885
-3.8734560;42.7697601
-3.8735423;42.7697754
-3.8735595;42.7697182
-3.8737993;42.7697868
-3.9445674;42.7699013
-3.8723466;42.7699127
-3.8732932;42.7699127
-3.8720312;42.7699203
-3.8742330;42.7699394
-3.8734336;42.7699394
-3.8733346;42.7699471
-3.8733704;42.7699776
-3.8724864;42.7699928
-3.8741090;42.7700043
-3.8740504;42.7699394
-3.8730242;42.7700310
-3.8720753;42.7700386
-3.8725789;42.7700539
-3.8739781;42.7700577
-3.8738580;42.7699699
-3.8722672;42.7699928
-3.8743610;42.7700768
-3.8744619;42.7699814
-3.8720567;42.7701530
-3.8730631;42.7701797
-3.8729286;42.7701836
-3.8731503;42.7701988
-3.8736873;42.7702065
-3.8745294;42.7702065
-3.8721721;42.7702789
-3.8737307;42.7703438
-3.8733191;42.7704010
-3.8737798;42.7704506
-3.8717978;42.7704506
-4.0387959;42.3991966
-4.0386410;42.3992157
-4.0380411;42.3992767
-4.0448966;42.3984299
-4.0445485;42.3984756
-4.0231442;42.3962517
-4.0242424;42.3960381
-4.0480313;42.4278564
-4.0482135;42.4280396
-4.0726662;42.3949699
-4.0728149;42.3956490
-4.0552649;42.4219894
-4.0546174;42.4219360
-3.9829099;42.3876495
-3.9825289;42.3887596
-4.0384965;42.4013023
-4.0382714;42.4012947
-4.0382719;42.4014931
-4.0384908;42.4015007
-4.0328722;42.3788528
-3.9885254;42.3815765
-3.9622676;42.3835335
-3.9624195;42.3835526
-3.9629917;42.3836555
-3.9854867;42.3853493
-4.0334501;42.3862152
-3.9840899;42.3870811
-4.0333028;42.3881836
-3.9736383;42.3882370
-3.9822614;42.3890724
-3.9819021;42.3891106
-3.9825845;42.3891258
-3.9821875;42.3891678
-3.9825945;42.3892517
-3.9822025;42.3892670
-3.9828985;42.3893051
-3.9825144;42.3893509
-4.0332031;42.3894081
-4.0331798;42.3897133
-3.9822478;42.3898544
-3.9748712;42.3898582
-3.9882255;42.3904152
-4.0347281;42.3912125
-3.9940321;42.3920479
-4.0377345;42.3919182
-4.0377297;42.3925934
-4.0335708;42.3928299
-4.0334959;42.3928757
-4.0317769;42.3929253
-4.0304546;42.3927612
-4.0722160;42.3929710
-4.0741382;42.3928413
-4.0740371;42.3927917
-4.0722928;42.3931503
-4.0741940;42.3928719
-4.0722094;42.3931847
-4.0370169;42.3931885
-4.0325985;42.3932571
-4.0722795;42.3932991
-4.0338950;42.3934059
-4.0342469;42.3933449
-4.0374608;42.3934212
-4.0704474;42.3934250
-4.0740032;42.3927727
-3.9829445;42.3936462
-3.9838271;42.3935127
-4.0332432;42.3937836
-4.0373521;42.3937836
-3.9829907;42.3938332
-4.0372968;42.3938713
-3.9828718;42.3938751
-3.9830487;42.3939590
-3.9826045;42.3939819
-4.0342221;42.3939896
-4.0694509;42.3940125
-3.9843810;42.3940659
-3.9842315;42.3936157
-3.9845550;42.3940735
-4.0724659;42.3940773
-3.9830365;42.3942795
-3.9822061;42.3943253
-3.9819813;42.3942757
-4.0725999;42.3943443
-4.0359020;42.3943329
-4.0351486;42.3943520
-3.9819236;42.3943710
-4.0724158;42.3943748
-4.0314159;42.3944206
-3.9818487;42.3944435
-4.0313878;42.3944473
-4.0367780;42.3944550
-3.9820828;42.3944740
-4.0727983;42.3944778
-3.9830909;42.3944817
-3.9809909;42.3945045
-4.0352464;42.3945045
-4.0345306;42.3945351
-4.0723009;42.3945389
-3.9829013;42.3945541
-3.9835820;42.3944092
-3.9834538;42.3945656
-3.9820077;42.3945770
-3.9836297;42.3946152
-4.0312767;42.3946152
-4.0727210;42.3946571
-4.0366931;42.3946609
-4.0357780;42.3946724
-4.0360627;42.3946991
-4.0342150;42.3947067
-4.0146523;42.3946533
-4.0157743;42.3947067
-4.0724745;42.3947105
-3.9840097;42.3947144
-4.0318923;42.3947601
-3.9842284;42.3947678
-4.0775504;42.3945885
-3.9827993;42.3947792
-3.9823956;42.3946724
-3.9833770;42.3948402
-3.9834979;42.3948822
-4.0308285;42.3949089
-3.9848247;42.3949127
-4.0321822;42.3949356
-3.9829466;42.3949394
-4.0321918;42.3949738
-3.9830437;42.3949738
-4.0354414;42.3949776
-4.0347180;42.3949890
-4.0343347;42.3949966
-4.0678692;42.3950500
-4.0338302;42.3950500
-4.0327363;42.3945427
-4.0326247;42.3950958
-3.9833379;42.3951035
-4.0379415;42.3951073
-3.9826391;42.3951454
-4.0347729;42.3951569
-4.0345483;42.3951645
-3.9896395;42.3951874
-4.0059719;42.3952103
-3.9824545;42.3952370
-4.0360460;42.3952522
-4.0325642;42.3952560
-3.9834728;42.3952675
-4.0362802;42.3952866
-4.0348639;42.3952980
-4.0391283;42.3953590
-4.0295048;42.3953705
-3.9822381;42.3953819
-3.9832990;42.3954353
-4.0368533;42.3954353
-4.0368991;42.3954468
-3.9826190;42.3954659
-4.0360236;42.3954735
-4.0372715;42.3954811
-4.0349998;42.3955460
-4.0360117;42.3955803
-4.0361423;42.3955765
-4.0336452;42.3955803
-4.0350308;42.3956070
-4.0346293;42.3956184
-3.9922142;42.3956261
-4.0297360;42.3956451
-4.0359845;42.3956490
-4.0340319;42.3956490
-3.9828019;42.3957100
-3.9833949;42.3957176
-4.0335908;42.3957367
-3.9824057;42.3957748
-4.0322866;42.3957939
-4.0340042;42.3958244
-4.0359254;42.3958282
-3.9829271;42.3958511
-4.0370059;42.3958549
-4.0350995;42.3958855
-4.0316534;42.3959160
-4.0352974;42.3959351
-4.0346527;42.3959541
-4.0729651;42.3959236
-4.0727749;42.3959541
-4.0344410;42.3959579
-4.0367165;42.3959999
-4.0287871;42.3960190
-4.0354462;42.3960342
-4.0731640;42.3960495
-4.0779405;42.3948059
-4.0287371;42.3960915
-4.0668664;42.3961220
-4.0778890;42.3947678
-4.0726781;42.3961487
-4.0346637;42.3961639
-4.0345073;42.3961639
-4.0355697;42.3961830
-4.0329585;42.3961945
-4.0353289;42.3962021
-4.0731220;42.3962135
-4.0727620;42.3962364
-4.0356321;42.3962440
-4.0359712;42.3962669
-4.0729795;42.3962708
-4.0776119;42.3946228
-4.0643082;42.3962746
-4.0363727;42.3962898
-4.0352669;42.3962975
-4.0285411;42.3963051
-4.0281038;42.3963127
-4.0347285;42.3963127
-4.0335603;42.3963280
-4.0338297;42.3963356
-4.0350490;42.3963394
-4.0287709;42.3963470
-4.0617700;42.3963509
-4.0367885;42.3963547
-4.0368576;42.3963699
-4.0284734;42.3963890
-4.0368366;42.3964348
-4.0328612;42.3964386
-4.0321269;42.3962822
-4.0287571;42.3964577
-4.0345664;42.3964844
-4.0289273;42.3964996
-4.0346694;42.3965111
-4.0285187;42.3965111
-4.0286846;42.3965225
-4.0352297;42.3965454
-4.0334392;42.3965607
-4.0350962;42.3965683
-4.0357738;42.3965683
-4.0292134;42.3965721
-4.0353184;42.3965759
-3.9817259;42.3964500
-4.0344887;42.3966370
-4.0727839;42.3967056
-4.0364189;42.3967247
-4.0367332;42.3967400
-4.0344019;42.3967552
-4.0358782;42.3968582
-4.0353842;42.3968697
-4.0355740;42.3968697
-4.0359097;42.3969345
-4.0355062;42.3970413
-4.0549026;42.3971825
-4.0347457;42.3970871
-4.0349035;42.3973503
-4.0502119;42.3977623
-4.0363760;42.3977928
-4.0494766;42.3978539
-4.0336847;42.3979416
-4.0338979;42.3980179
-4.0339675;42.3980446
-4.0724583;42.3981094
-4.0389457;42.3982315
-4.0369921;42.3986969
-4.0371614;42.3989410
-4.0363574;42.3989410
-4.0366712;42.3990593
-4.0371842;42.3990669
-4.0367990;42.3991051
-4.0368748;42.3991470
-4.0369449;42.3991585
-4.0374384;42.3991585
-4.0371890;42.3991585
-4.0374999;42.3991852
-4.0371957;42.3992386
-4.0375257;42.3992767
-4.0378165;42.3992844
-4.0376773;42.3992882
-4.0304174;42.3992958
-3.9598782;42.3811455
-4.0372033;42.3993225
-4.0375376;42.3993225
-4.0372691;42.3993607
-4.0373936;42.3993874
-4.0375690;42.3994064
-4.0376196;42.3995209
-4.0377126;42.3997345
-3.9953129;42.4002724
-4.0382071;42.4003143
-3.9601438;42.3813744
-4.0324335;42.4003563
-4.0442338;42.4005623
-4.0385013;42.4006348
-4.0382905;42.4006729
-4.0385985;42.4006920
-4.0382714;42.4006958
-4.0385628;42.4008636
-4.0383258;42.4008713
-4.0437880;42.4008942
-4.0683537;42.4011879
-4.0384102;42.4012680
-4.0383911;42.4015732
-4.0382738;42.4019089
-4.0384769;42.4019127
-4.0382051;42.4020576
-4.0385408;42.4020767
-4.0382409;42.4021072
-4.0385056;42.4021111
-4.0384021;42.4026489
-4.0384717;42.4030380
-3.9978998;42.4034500
-4.0040874;42.4039650
-4.0075817;42.4064102
-4.0572414;42.4082260
-4.0571570;42.4082718
-4.0399718;42.4083405
-4.0407872;42.4112129
-4.0125360;42.4125099
-4.0486441;42.4132271
-4.0108385;42.4132652
-4.0484934;42.4133110
-4.0404539;42.4130058
-4.0408578;42.4138145
-4.0135117;42.4138680
-4.0254622;42.4135857
-4.0469127;42.4141655
-4.0416636;42.4142914
-4.0466471;42.4143105
-4.0310745;42.4132538
-4.0345473;42.4144478
-4.0461869;42.4144745
-4.0579748;42.4135590
-4.0493784;42.4145279
-4.0492129;42.4146118
-4.0454893;42.4146729
-4.0436149;42.4147034
-4.0437112;42.4138870
-4.0423431;42.4138489
-4.0394549;42.4147453
-4.0385609;42.4142380
-4.0436425;42.4149475
-4.0419416;42.4149971
-4.0436678;42.4150200
-4.0437474;42.4152107
-4.0404162;42.4153023
-4.0437541;42.4153404
-4.0421515;42.4153404
-4.0550756;42.4157753
-4.0427299;42.4158287
-4.0544691;42.4158859
-4.0424495;42.4159393
-4.0427856;42.4159775
-4.0384479;42.4159966
-4.0394921;42.4160156
-4.0442228;42.4161530
-4.0448308;42.4162178
-4.0456004;42.4162483
-4.0424986;42.4163246
-4.0418410;42.4163818
-4.0455980;42.4164352
-4.0431046;42.4164581
-4.0417337;42.4164848
-4.0450945;42.4164963
-4.0422750;42.4165993
-4.0416374;42.4167137
-4.0433908;42.4167442
-4.0453959;42.4167709
-4.0456028;42.4167786
-4.0418739;42.4167099
-4.0418224;42.4167786
-4.0410047;42.4167862
-4.0406523;42.4165840
-4.0435410;42.4167709
-4.0434623;42.4168129
-4.0453057;42.4168282
-4.0452361;42.4167900
-4.0437145;42.4168320
-4.0456076;42.4169121
-4.0422120;42.4169273
-4.0439634;42.4170151
-4.0413451;42.4170227
-4.0441585;42.4170685
-4.0429201;42.4170876
-4.0438290;42.4170952
-4.0473146;42.4171066
-4.0416298;42.4171600
-4.0057697;42.4171600
-4.0426097;42.4171982
-4.0428247;42.4172211
-4.0057101;42.4172211
-4.0443091;42.4172592
-4.0443439;42.4172707
-4.0398788;42.4173508
-4.0397043;42.4172935
-4.0409403;42.4173851
-4.0424790;42.4174118
-4.0448313;42.4174194
-4.0433984;42.4174271
-4.0423732;42.4174309
-4.0427084;42.4174690
-4.0405908;42.4174728
-4.0432801;42.4175377
-4.0453553;42.4176407
-4.0455942;42.4176750
-4.0402975;42.4176941
-4.0457211;42.4177132
-4.0432110;42.4178162
-4.0388503;42.4178467
-4.0436254;42.4178467
-4.0430794;42.4178658
-4.0437508;42.4179001
-4.0421777;42.4179306
-4.0440578;42.4179344
-4.0452809;42.4179382
-4.0431881;42.4179459
-4.0410419;42.4179764
-4.0453949;42.4180374
-4.0413837;42.4180527
-4.0414314;42.4180603
-4.0420003;42.4180641
-4.0415778;42.4180832
-4.0430503;42.4181061
-4.0407972;42.4181099
-4.0467310;42.4181290
-4.0469069;42.4175301
-4.0412760;42.4181366
-4.0434818;42.4181366
-4.0398631;42.4182014
-4.0409303;42.4182091
-4.0417519;42.4182167
-4.0458326;42.4182663
-4.0397305;42.4183426
-4.0430083;42.4183846
-4.0429177;42.4182739
-4.0401187;42.4183846
-4.0395951;42.4184113
-4.0394654;42.4184608
-4.0426450;42.4185181
-4.0476084;42.4185333
-4.0413032;42.4185524
-4.0411849;42.4185600
-4.0450215;42.4185867
-4.0420184;42.4186172
-4.0437312;42.4186859
-4.0466461;42.4187164
-4.0433240;42.4187469
-4.0428252;42.4187737
-4.0420012;42.4187851
-4.0439911;42.4188042
-4.0438128;42.4188118
-4.0384483;42.4188461
-4.0384250;42.4188538
-4.0382576;42.4188004
-4.0411220;42.4189224
-4.0429196;42.4189262
-4.0419340;42.4189987
-4.0418186;42.4189720
-4.0430532;42.4190712
-4.0453024;42.4190865
-4.0475397;42.4191399
-4.0446897;42.4191628
-4.0037084;42.4191856
-4.0440674;42.4192047
-4.0450926;42.4192238
-4.0475287;42.4193459
-4.0035105;42.4193726
-4.0361400;42.4195595
-4.0413442;42.4195824
-4.0388074;42.4202156
-4.0383959;42.4202042
-4.0514755;42.4203300
-4.0324402;42.4204407
-4.0419002;42.4205360
-4.0314622;42.4206009
-4.0394726;42.4206276
-4.0421772;42.4214172
-4.0423450;42.4216232
-4.0384045;42.4216805
-4.0540762;42.4216843
-4.0473862;42.4221497
-4.0000873;42.4224472
-4.0431304;42.4224930
-3.9999924;42.4225273
-4.0423627;42.4226799
-4.0802741;42.4239006
-4.0661950;42.4223900
-4.0631943;42.4241028
-4.0630016;42.4241676
-4.0600696;42.4250832
-3.9967787;42.4253120
-4.0463862;42.4261246
-4.0628548;42.4268951
-4.0364475;42.4273529
-4.0277705;42.4275322
-3.9868205;42.4278755
-4.0482383;42.4280663
-4.0494256;42.4292717
-4.0782442;42.4296036
-4.0782313;42.4296455
-4.0677280;42.4300957
-4.0261016;42.4310226
-4.0513287;42.4312057
-4.0523233;42.4322319
-4.0342493;42.4336967
-4.0340691;42.4342728
-4.0767288;42.4345741
-4.0546207;42.4345818
-4.0709791;42.4353256
-4.0764627;42.4356766
-4.0763192;42.4362144
-4.0719600;42.4363747
-4.0720773;42.4364014
-4.0718207;42.4364624
-4.0715442;42.4363976
-4.0725713;42.4365311
-4.0735793;42.4368591
-4.0734348;42.4370270
-4.0732250;42.4369926
-4.0725293;42.4371452
-4.0723276;42.4372482
-4.0722919;42.4372711
-4.0731530;42.4373245
-4.0722876;42.4373779
-4.0718784;42.4374428
-4.0716696;42.4373703
-4.0720863;42.4375381
-4.0714827;42.4375687
-4.0725641;42.4376106
-4.0734181;42.4376183
-4.0716681;42.4376831
-4.0745139;42.4377289
-4.0724025;42.4377327
-4.0734916;42.4377518
-4.0718269;42.4378204
-4.0738401;42.4378471
-4.0736856;42.4379044
-4.0721169;42.4379501
-4.0710082;42.4379578
-4.0731134;42.4379616
-4.0716805;42.4380302
-4.0722713;42.4380379
-4.0732679;42.4380531
-4.0740261;42.4380875
-4.0741343;42.4381104
-4.0732222;42.4381218
-4.0737514;42.4381409
-4.0727186;42.4382668
-4.0718584;42.4382744
-4.0739818;42.4383125
-4.0745859;42.4383125
-4.0729322;42.4383659
-4.0728879;42.4383965
-4.0721369;42.4384651
-4.0727186;42.4384804
-4.0730419;42.4385262
-4.0709600;42.4385300
-4.0227723;42.4386101
-4.0724044;42.4386215
-4.0728507;42.4386292
-4.0719695;42.4386482
-4.0718417;42.4389420
-4.0331211;42.4390564
-4.0704470;42.4390678
-4.0702872;42.4395332
-4.0605755;42.4405785
-4.0326672;42.4416924
-4.0618796;42.4418831
-4.0217156;42.4425125
-4.0214338;42.4434929
-4.0653491;42.4454002
-4.0195947;42.4461708
-4.0303435;42.4472275
-4.0672083;42.4472656
-4.0302076;42.4473686
-4.0297022;42.4486542
-4.0703540;42.4504395
-4.0704274;42.4505157
-4.0727143;42.4528046
-4.0757432;42.4558868
-4.0789256;42.4590759
-4.0820708;42.4622307
-4.1093206;42.4505501
-4.1093621;42.4502068
-4.1097479;42.4503021
-4.1097660;42.4505920
-4.1102424;42.4506187
-4.1090012;42.4506531
-4.1102090;42.4507904
-4.1111231;42.4507942
-4.1097460;42.4508133
-4.1111813;42.4508133
-4.1097460;42.4509544
-4.1081653;42.4567986
-4.1071272;42.4606094
-4.1068182;42.4609947
-4.1068764;42.4608498
-4.1067009;42.4610023
-4.1070256;42.4611282
-4.1063623;42.4611473
-4.1062932;42.4611320
-4.1070099;42.4612083
-4.1067142;42.4614296
-4.1062551;42.4614868
-4.1061869;42.4614906
-4.1069770;42.4615097
-4.1071029;42.4615669
-4.1073532;42.4615860
-4.1078362;42.4614906
-4.1073318;42.4615211
-4.1066198;42.4616280
-4.1061282;42.4616585
-4.1061211;42.4614944
-4.1073418;42.4616737
-4.1070375;42.4618149
-4.1077671;42.4619484
-4.1069117;42.4621658
-4.1064301;42.4621773
-4.1066709;42.4622269
-4.1072831;42.4622498
-4.1068630;42.4622574
-4.1119008;42.4622726
-4.1118617;42.4622955
-4.1074119;42.4623032
-4.1077628;42.4623222
-4.1066456;42.4624825
-4.1068964;42.4625130
-4.1074739;42.4628143
-4.1063533;42.4628868
-4.1070132;42.4629211
-4.1070199;42.4631386
-4.0835462;42.4637070
-4.1070294;42.4641953
-4.1087484;42.4641953
-4.1086969;42.4642258
-4.0846477;42.4648209
-4.1069765;42.4652748
-4.0860834;42.4662590
-4.0978360;42.4708328
-4.0908394;42.4710693
-4.0632777;42.4710007
-4.0642900;42.4713058
-4.0643353;42.4713249
-4.1073179;42.4714355
-4.0757036;42.4724350
-3.7113321;42.4062462
-3.7112880;42.4061852
-3.7103920;42.4046860
-3.7123909;42.4076881
-3.7129056;42.4081955
-3.7133009;42.4084702
-3.7152607;42.4070206
-3.7144992;42.4084854
-3.7133877;42.4085312
-3.7129791;42.4087372
-3.7139165;42.4089012
-3.7140632;42.4090347
-3.7120869;42.4091454
-3.7139499;42.4091682
-3.7117643;42.4092026
-3.7142634;42.4092140
-3.7135577;42.4092979
-3.7137914;42.4093552
-3.7133877;42.4094849
-3.7111850;42.4095421
-3.7128108;42.4095879
-3.7136221;42.4096031
-3.7149737;42.4092560
-3.7143817;42.4096489
-3.7145274;42.4097748
-3.7130902;42.4097748
-3.7130542;42.4098129
-3.7135227;42.4098206
-3.7142155;42.4098320
-3.7125220;42.4098358
-3.7146418;42.4098740
-3.7148912;42.4095535
-3.7156739;42.4099083
-3.7155633;42.4099121
-3.7123818;42.4099236
-3.7146976;42.4099236
-3.7128959;42.4099731
-3.7132719;42.4099960
-3.7136517;42.4100075
-3.7132130;42.4100266
-3.7143338;42.4100456
-3.7127492;42.4101524
-3.7119493;42.4102211
-3.7113681;42.4099007
-3.7140934;42.4102211
-3.7138433;42.4102249
-3.7131476;42.4102287
-3.7138054;42.4102592
-3.7119255;42.4104042
-3.7321784;42.4098167
-3.7124131;42.4104881
-3.7133861;42.4106064
-3.7129099;42.4106674
-3.7129996;42.4106979
-3.7131824;42.4107590
-3.7102213;42.4108391
-3.7140679;42.4108124
-3.7135916;42.4108505
-3.7129688;42.4109001
-3.7101092;42.4109039
-3.7159483;42.4110832
-3.7159786;42.4111061
-3.7138295;42.4111290
-3.7104127;42.4111519
-3.7130637;42.4112053
-3.7120998;42.4112778
-3.7121222;42.4117889
-3.7129836;42.4117508
-3.7118804;42.4120369
-3.7117088;42.4124641
-3.7117817;42.4125137
-3.7117927;42.4125938
-3.7206960;42.4224396
-3.7215624;42.4239616
-3.9259677;42.4700165
-3.9259171;42.4699402
-3.9255702;42.4695473
-3.9358423;42.4663506
-3.9359033;42.4664383
-3.9064779;42.4635506
-3.9050837;42.4633179
-3.9080646;42.4638252
-3.9360597;42.4639549
-3.9132099;42.4656944
-3.9142516;42.4658051
-3.9363844;42.4671021
-3.9364979;42.4672394
-3.9219062;42.4677238
-3.9221292;42.4678078
-3.9370341;42.4684563
-3.9308228;42.4687614
-3.9277253;42.4701653
-3.9261792;42.4703674
-3.9271634;42.4703903
-3.9277217;42.4698219
-3.9262049;42.4704094
-3.9269524;42.4704323
-3.9263606;42.4704514
-3.9260356;42.4705238
-3.9265015;42.4705238
-3.9267766;42.4705620
-3.9265363;42.4705811
-3.9266810;42.4706230
-3.9264119;42.4706345
-3.9269233;42.4706688
-3.9262447;42.4707222
-3.9262116;42.4707527
-3.9266768;42.4707603
-3.9269607;42.4707718
-3.9260623;42.4708519
-3.9254417;42.4708710
-3.9264498;42.4709473
-3.9252651;42.4709778
-3.9260142;42.4710159
-3.9255764;42.4710388
-3.9259715;42.4710426
-3.9250882;42.4710922
-3.9257870;42.4710999
-3.9253829;42.4711075
-3.9256594;42.4711418
-3.9261608;42.4711494
-3.9258296;42.4711571
-3.9249456;42.4711761
-3.9252253;42.4712143
-3.9248087;42.4712944
-3.9249699;42.4713860
-3.9245789;42.4715004
-3.9249811;42.4715195
-3.9248760;42.4715614
-3.9247513;42.4716187
-3.9243979;42.4716263
-3.9250724;42.4716377
-3.9246230;42.4717445
-3.9253278;42.4717636
-3.9244969;42.4718666
-3.9243760;42.4719810
-3.9239900;42.4720039
-3.9242187;42.4720688
-3.9241095;42.4720688
-3.9238851;42.4720955
-3.9236126;42.4719582
-3.9247191;42.4720955
-3.9246287;42.4721375
-3.9238212;42.4721756
-3.9239905;42.4722366
-3.9240413;42.4722710
-3.9237180;42.4723816
-3.9238834;42.4724884
-3.9239821;42.4725113
-3.9236071;42.4726677
-3.9244859;42.4725494
-3.9232209;42.4727631
-3.9230864;42.4727249
-3.9236007;42.4728241
-3.9233904;42.4728279
-3.9232502;42.4730682
-3.9228802;42.4735069
-3.9388387;42.4832916
-3.9388390;42.4834557
-3.9400983;42.4842644
-3.9399703;42.4842758
-3.9371836;42.4719276
-3.9360976;42.4785080
-3.9565735;42.4808388
-3.9556203;42.4814034
-3.9452355;42.4817352
-3.9389503;42.4825668
-3.9395485;42.4824829
-3.9388454;42.4828949
-3.9385247;42.4827385
-3.9381111;42.4829636
-3.9388385;42.4830399
-3.9388387;42.4831848
-3.9391928;42.4832077
-3.9383235;42.4832191
-3.9380407;42.4833145
-3.9378500;42.4833755
-3.9388392;42.4836349
-3.9418149;42.4837189
-3.9385016;42.4837685
-3.9388382;42.4838257
-3.9391794;42.4837799
-3.9386182;42.4838905
-3.9382925;42.4839706
-3.9388804;42.4840202
-3.9386399;42.4840240
-3.9380679;42.4841309
-3.9389789;42.4841919
-3.9386876;42.4842072
-3.9382591;42.4842300
-3.9410534;42.4842377
-3.9388041;42.4842567
-3.9401684;42.4842567
-3.9393661;42.4843292
-3.9379168;42.4843407
-3.9391654;42.4843483
-3.9382257;42.4843750
-3.9385602;42.4844208
-3.9392347;42.4845123
-3.9392576;42.4846077
-3.9381044;42.4846878
-3.9390082;42.4846954
-3.9389303;42.4847183
-3.9386246;42.4847717
-3.9396508;42.4847221
-3.9393091;42.4848061
-3.9390082;42.4848213
-3.9380090;42.4848862
-3.9393201;42.4849358
-3.9374537;42.4850273
-3.9388127;42.4850731
-3.9388039;42.4851341
-3.9394107;42.4851837
-3.2483497;42.4123573
-3.2474437;42.4126434
-3.2472827;42.4126930
-3.2472255;42.4127121
-3.2474415;42.4128227
-3.2467947;42.4128456
-3.2474802;42.4129486
-3.2476377;42.4129677
-3.2486002;42.4130516
-3.4077723;42.7930374
-3.3833597;42.8355408
-3.3833072;42.8355255
-3.3942111;42.7996407
-3.3943126;42.8002129
-3.3916886;42.7991371
-3.3908641;42.7994728
-3.3454783;42.8357315
-3.3453555;42.8358574
-3.3414109;42.8399658
-3.3413560;42.8400230
-3.3619392;42.7883530
-3.3624468;42.7881927
-3.3560541;42.8120461
-3.3551600;42.8118591
-3.3601935;42.7834740
-3.3434203;42.8375511
-3.3433177;42.8379631
-3.3969250;42.8033676
-3.3970816;42.8034897
-3.3983893;42.8032837
-3.3990335;42.8028603
-3.3985474;42.8034210
-3.3989167;42.8037453
-3.3972421;42.8033829
-3.3978708;42.8038750
-3.3976510;42.8031082
-3.3982575;42.8036003
-3.3968804;42.8033981
-3.3978083;42.8027878
-3.3972459;42.8031578
-3.3976750;42.8039551
-3.3987341;42.8033066
-3.3991003;42.8036728
-3.3655586;42.7871704
-3.3648944;42.7874756
-3.3648343;42.7873726
-3.3624194;42.7874985
-3.3642318;42.7876892
-3.3636847;42.7877121
-3.3634660;42.7877617
-3.3634849;42.7876358
-3.3643920;42.7877655
-3.3647666;42.7877998
-3.3641288;42.7878304
-3.3631163;42.7878456
-3.4152038;42.7880363
-3.3629000;42.7880516
-3.3636670;42.7881584
-3.3643086;42.7881622
-3.3640807;42.7881851
-3.3618457;42.7883835
-3.3642185;42.7886505
-3.3544164;42.7886658
-3.3644423;42.7889366
-3.3692257;42.7892380
-3.3514135;42.7895546
-3.3709652;42.7901840
-3.4088562;42.7912254
-3.4201736;42.7915344
-3.4211209;42.7917404
-3.3479879;42.7919197
-3.3737333;42.7924843
-3.4212615;42.7925072
-3.4213247;42.7925568
-3.4200928;42.7926292
-3.4224427;42.7926712
-3.4220307;42.7926903
-3.4216816;42.7927895
-3.4218073;42.7929192
-3.3746336;42.7932625
-3.3969152;42.7952995
-3.3953416;42.7968330
-3.3949606;42.7972031
-3.3948014;42.7973518
-3.3940969;42.7968826
-3.3954337;42.7974777
-3.3960016;42.7978516
-3.3962739;42.7975731
-3.3983345;42.7992516
-3.3942780;42.7995224
-3.3909574;42.7996063
-3.3902335;42.8000298
-3.3912876;42.8001404
-3.3900304;42.8002090
-3.3895733;42.8000946
-3.3913085;42.8002090
-3.3913772;42.8004608
-3.3909018;42.8006020
-3.3942294;42.8006096
-3.3913336;42.8006821
-3.3906722;42.8007469
-3.3905456;42.8007927
-3.3904784;42.8008575
-3.3904078;42.8008614
-3.3902934;42.8007164
-3.3908968;42.8008690
-3.3912866;42.8008957
-3.3915966;42.8009338
-3.3904366;42.8010826
-3.3912449;42.8011169
-3.3905571;42.8011246
-3.3866148;42.8011932
-3.3862407;42.8004532
-3.3911514;42.8012810
-3.3905644;42.8012962
-3.3904536;42.8013039
-3.3897114;42.8013306
-3.3907957;42.8014412
-3.3903513;42.8014755
-3.3867383;42.8014832
-3.3853018;42.8014946
-3.3848567;42.8010406
-3.3895297;42.8015251
-3.3869913;42.8015938
-3.3906629;42.8016205
-3.3902209;42.8016205
-3.3872623;42.8016319
-3.3879352;42.8012085
-3.3875284;42.8016777
-3.3914766;42.8017006
-3.3907797;42.8017387
-3.4014766;42.8017387
-3.3879702;42.8017502
-3.3882599;42.8017960
-3.3885312;42.8012962
-3.3834746;42.8017998
-3.3828328;42.8017845
-3.3900454;42.8018341
-3.3918135;42.8018646
-3.3914282;42.8019028
-3.3919675;42.8019180
-3.3892355;42.8019562
-3.3916357;42.8020134
-3.3913157;42.8020134
-3.3905237;42.8020172
-3.3918164;42.8020592
-3.4015644;42.8020630
-3.3855333;42.8020782
-3.3904405;42.8021011
-3.3915040;42.8021240
-3.3903625;42.8021927
-3.3924818;42.8022308
-3.3928916;42.8022041
-3.3928521;42.8022652
-3.3886476;42.8022652
-3.3869367;42.8022652
-3.3865032;42.8022804
-3.3926971;42.8023148
-3.3929985;42.8023186
-3.3919482;42.8023567
-3.3922119;42.8024521
-3.3933616;42.8023109
-3.3924422;42.8025246
-3.3926520;42.8025627
-3.3932364;42.8026924
-3.3879850;42.8027191
-3.3893595;42.8027840
-3.3921626;42.8028603
-3.3922982;42.8029480
-3.3924661;42.8028221
-3.3941193;42.8029480
-3.3874500;42.8030853
-3.3932011;42.8030243
-3.3872621;42.8031960
-3.3914285;42.8032303
-3.3934851;42.8032455
-3.3886368;42.8032799
-3.3942113;42.8026085
-3.3948781;42.8033066
-3.3932471;42.8033791
-3.3914483;42.8034058
-3.3880968;42.8036537
-3.3864338;42.8037300
-3.3862083;42.8034592
-3.4028716;42.8037415
-3.3878634;42.8038139
-3.3962886;42.8038177
-3.3955281;42.8032990
-3.4037280;42.8037682
-3.3965659;42.8038712
-3.3874042;42.8039398
-3.3976188;42.8039932
-3.3955774;42.8040543
-3.3874962;42.8040619
-3.3869870;42.8041306
-3.3873429;42.8041687
-3.3867552;42.8041725
-3.3810525;42.8042259
-3.3887565;42.8042793
-3.3891170;42.8040810
-3.3860533;42.8042831
-3.3859019;42.8043060
-3.3888853;42.8043747
-3.3887389;42.8044662
-3.3876784;42.8044701
-3.3893204;42.8046761
-3.3895550;42.8044777
-3.3847013;42.8046875
-3.3840013;42.8039551
-3.3841441;42.8049507
-3.3852117;42.8051949
-3.3857415;42.8052673
-3.3901389;42.8053360
-3.4045212;42.8054390
-3.3826408;42.8054428
-3.3860900;42.8055382
-3.3820117;42.8055687
-3.3817253;42.8056145
-3.3814232;42.8056679
-3.3844571;42.8056793
-3.3850770;42.8057289
-3.3901234;42.8057289
-3.3802552;42.8058624
-3.3854709;42.8060188
-3.3832910;42.8061943
-3.3842006;42.8063240
-3.3834760;42.8064079
-3.3827078;42.8064537
-3.3905942;42.8065643
-3.3824596;42.8065758
-3.3836994;42.8066635
-3.3822165;42.8066711
-3.3829837;42.8067017
-3.3830843;42.8070869
-3.3829935;42.8071480
-3.3812213;42.8072281
-3.3913741;42.8073921
-3.3825982;42.8074265
-3.3899117;42.8062592
-3.3894191;42.8074722
-3.3915486;42.8075790
-3.3913274;42.8076019
-3.3822489;42.8076630
-3.3911917;42.8076782
-3.3915129;42.8077469
-3.3910193;42.8077774
-3.3914940;42.8078003
-3.3912179;42.8078194
-3.3914559;42.8078384
-3.3913035;42.8078651
-3.3887908;42.8078804
-3.3918493;42.8078995
-3.3915830;42.8079491
-3.3866940;42.8076668
-3.3838787;42.8080864
-3.3900313;42.8082695
-3.3892634;42.8092003
-3.3931286;42.8092957
-3.3929861;42.8093262
-3.3521898;42.8095512
-3.3519661;42.8093491
-3.3531282;42.8095894
-3.3532329;42.8085518
-3.3529632;42.8093948
-3.3523774;42.8096085
-3.3519928;42.8087273
-3.3891640;42.8096581
-3.3890836;42.8098984
-3.3519702;42.8099136
-3.3515756;42.8097992
-3.3521597;42.8099632
-3.3529308;42.8099747
-3.3526812;42.8099289
-3.3916521;42.8100471
-3.3522203;42.8101311
-3.3524814;42.8101463
-3.3522539;42.8102036
-3.3524492;42.8102951
-3.3523834;42.8103256
-3.3488405;42.8103943
-3.3463576;42.8099518
-3.3522940;42.8104286
-3.3522189;42.8104820
-3.3525634;42.8104935
-3.3507898;42.8106384
-3.3521850;42.8108482
-3.3524740;42.8109550
-3.3524399;42.8106956
-3.3526208;42.8110847
-3.3521447;42.8113136
-3.3929131;42.8103981
-3.3533649;42.8115425
-3.3932285;42.8117943
-3.3716173;42.8149872
-3.3638153;42.8150330
-3.3652749;42.8153000
-3.3658950;42.8154869
-3.3662846;42.8149185
-3.3643684;42.8154716
-3.3658514;42.8156624
-3.3659916;42.8156891
-3.3665118;42.8158073
-3.3701463;42.8160019
-3.3670850;42.8160629
-3.3673589;42.8161697
-3.3672955;42.8162308
-3.3670676;42.8162766
-3.3669906;42.8162766
-3.3667345;42.8162918
-3.3679824;42.8163300
-3.3658612;42.8163605
-3.3681457;42.8163643
-3.3682387;42.8163910
-3.3656006;42.8164368
-3.3677974;42.8164635
-3.3673735;42.8164673
-3.3669698;42.8166618
-3.3691533;42.8166924
-3.3690729;42.8167458
-3.3647430;42.8168678
-3.3670671;42.8169250
-3.3686635;42.8170280
-3.3681960;42.8170471
-3.3669889;42.8171883
-3.3682048;42.8173447
-3.3706477;42.8178940
-3.3690734;42.8180771
-3.4022036;42.8214951
-3.4035685;42.8225594
-3.3603935;42.8273201
-3.3787663;42.8278694
-3.3506074;42.8288002
-3.3499274;42.8291206
-3.3496099;42.8293533
-3.3505232;42.8292007
-3.3502049;42.8293915
-3.3498538;42.8296051
-3.3827777;42.8296547
-3.3492203;42.8296700
-3.3499911;42.8297424
-3.3492098;42.8297577
-3.3495631;42.8298035
-3.3475897;42.8298187
-3.3480976;42.8295670
-3.3485372;42.8299141
-3.3465645;42.8299370
-3.3465242;42.8298836
-3.3472385;42.8299789
-3.3470910;42.8298111
-3.3500619;42.8299942
-3.3477564;42.8300095
-3.3496523;42.8300323
-3.3463709;42.8300323
-3.3487473;42.8300362
-3.3495114;42.8300438
-3.3584569;42.8300476
-3.3492184;42.8301163
-3.3488936;42.8301392
-3.3480885;42.8301582
-3.3504407;42.8301582
-3.3495049;42.8301620
-3.3510222;42.8300781
-3.3468189;42.8301888
-3.3477046;42.8302841
-3.3468349;42.8302917
-3.3450074;42.8303490
-3.3488789;42.8303757
-3.3491960;42.8303909
-3.3494191;42.8304367
-3.3498318;42.8305588
-3.3491719;42.8306580
-3.3472648;42.8306694
-3.3441966;42.8307800
-3.3491855;42.8309631
-3.3456311;42.8309975
-3.3823097;42.8310623
-3.3491745;42.8312187
-3.3569343;42.8312263
-3.3503048;42.8313980
-3.3714342;42.8313866
-3.3489108;42.8314476
-3.3444917;42.8316498
-3.3795066;42.8319168
-3.3502362;42.8319817
-3.3507621;42.8322296
-3.3503587;42.8326187
-3.3497882;42.8327637
-3.3521349;42.8328018
-3.3477783;42.8330383
-3.3828733;42.8332672
-3.3541439;42.8332710
-3.3770497;42.8333054
-3.3798852;42.8333168
-3.3801990;42.8322563
-3.3537936;42.8335304
-3.3800335;42.8336563
-3.3788638;42.8337708
-3.3822651;42.8338699
-3.3805647;42.8342743
-3.3807042;42.8343468
-3.3810537;42.8338852
-3.3819699;42.8344421
-3.3821592;42.8344650
-3.3812184;42.8345833
-3.3816831;42.8347397
-3.3810861;42.8347588
-3.3807292;42.8347511
-3.3819396;42.8348351
-3.3810241;42.8348694
-3.3815129;42.8348770
-3.3818541;42.8349800
-3.3804660;42.8350410
-3.3820546;42.8350487
-3.3824484;42.8350563
-3.3809297;42.8350830
-3.3801169;42.8350983
-3.3817961;42.8351250
-3.3803599;42.8351822
-3.3822737;42.8351974
-3.3813789;42.8352089
-3.3808408;42.8352242
-3.3816419;42.8352623
-3.3460040;42.8352661
-3.3802936;42.8352737
-3.3821104;42.8353119
-3.3798847;42.8353386
-3.3802052;42.8353615
-3.3807416;42.8354111
-3.3801570;42.8354340
-3.3811204;42.8354721
-3.3812580;42.8355103
-3.3806822;42.8355179
-3.3801367;42.8355370
-3.3795848;42.8356018
-3.3791454;42.8356209
-3.3801138;42.8356476
-3.3807135;42.8356476
-3.3815596;42.8356819
-3.3808177;42.8357086
-3.3790207;42.8357506
-3.3808932;42.8357773
-3.3800845;42.8358040
-3.3820438;42.8360176
-3.3811929;42.8360176
-3.3806896;42.8364525
-3.3440690;42.8371849
-3.3436780;42.8375893
-3.3414340;42.8399429
-3.3412709;42.8401146
-3.8047588;42.7100906
-3.8045862;42.7100410
-3.8008168;42.7362404
-3.8006375;42.7360802
-3.8015559;42.7361870
-3.8014908;42.7362213
-3.7962432;42.6855278
-3.7962196;42.6855812
-3.7986119;42.6885147
-3.7987390;42.6885605
-3.8020082;42.6913643
-3.8020222;42.6914177
-3.8045597;42.6971245
-3.8045840;42.6972046
-3.8040907;42.7010841
-3.8040814;42.7011452
-3.8011436;42.7214737
-3.8011749;42.7215652
-3.8038344;42.7338066
-3.8038371;42.7340202
-3.7978508;42.7605743
-3.7977750;42.7606659
-3.7760417;42.7277145
-3.7758858;42.7277260
-3.7911398;42.7279472
-3.7910063;42.7279701
-3.7966161;42.7315483
-3.7964828;42.7315598
-3.8230534;42.7625046
-3.8229580;42.7624359
-3.8511491;42.6922951
-3.8510122;42.6923676
-3.8119094;42.7082481
-3.8117983;42.7081909
-3.8209465;42.7097664
-3.8204136;42.7097473
-3.8453324;42.7140236
-3.8453567;42.7140770
-3.8450942;42.7216415
-3.8450956;42.7217369
-3.8410521;42.7254982
-3.8409457;42.7254677
-3.8356106;42.7256050
-3.8354912;42.7255592
-3.7808681;42.6633492
-3.7813246;42.6636238
-3.7860222;42.6673431
-3.7898324;42.6713448
-3.7914803;42.6735497
-3.7922630;42.6749992
-3.7920349;42.6760902
-3.7917783;42.6769829
-3.7971039;42.6841393
-3.7961023;42.6860085
-3.8544526;42.6888733
-3.8545928;42.6888771
-3.8546627;42.6891365
-3.8541527;42.6890678
-3.8546908;42.6892052
-3.8538129;42.6893463
-3.8536046;42.6893921
-3.8529894;42.6895447
-3.8527880;42.6894722
-3.8529689;42.6896324
-3.8536303;42.6896400
-3.8527687;42.6897240
-3.8540597;42.6899261
-3.8544765;42.6899529
-3.8548646;42.6900253
-3.8554115;42.6900978
-3.8557796;42.6900444
-3.8557849;42.6901474
-3.8552151;42.6902046
-3.8567410;42.6902580
-3.8568034;42.6901779
-3.8573654;42.6902161
-3.8574688;42.6903267
-3.8558342;42.6903343
-3.8548768;42.6909447
-3.8019412;42.6910439
-3.8023379;42.6930275
-3.8028572;42.6947136
-3.8019886;42.7048302
-3.8023403;42.7054634
-3.8031993;42.7075386
-3.8030915;42.7079201
-3.8034432;42.7079430
-3.8030748;42.7080688
-3.8032024;42.7081184
-3.8035378;42.7081413
-3.8035259;42.7082481
-3.8036363;42.7082672
-3.8030031;42.7082748
-3.8029916;42.7083282
-3.8039641;42.7083435
-3.8008156;42.7084808
-3.8006980;42.7082710
-3.8028286;42.7087059
-3.8029919;42.7087250
-3.8028038;42.7087326
-3.8025959;42.7086029
-3.8004065;42.7088013
-3.8011029;42.7088089
-3.8027618;42.7088394
-3.8034234;42.7088776
-3.8036225;42.7088547
-3.8035140;42.7086449
-3.8011818;42.7089195
-3.8008308;42.7089272
-3.8029928;42.7089539
-3.8036294;42.7089577
-3.8035865;42.7090149
-3.8024988;42.7090530
-3.8030670;42.7090759
-3.8031473;42.7091064
-3.8010952;42.7091484
-3.8033171;42.7091637
-3.8034272;42.7092018
-3.8012722;42.7092514
-3.8015637;42.7092514
-3.8036063;42.7092857
-3.8020668;42.7092896
-3.8015795;42.7093925
-3.8052769;42.7093735
-3.8052168;42.7094002
-3.8036411;42.7094574
-3.8034160;42.7094727
-3.8050499;42.7094803
-3.8049593;42.7093124
-3.8046932;42.7095566
-3.8044844;42.7093277
-3.8036406;42.7095718
-3.8033211;42.7096214
-3.8017292;42.7096481
-3.8017085;42.7096863
-3.8051448;42.7097359
-3.8219688;42.7097549
-3.8043497;42.7097740
-3.8044658;42.7100067
-3.8050444;42.7099724
-3.8048284;42.7101097
-3.8052189;42.7101097
-3.8162458;42.7101440
-3.8178153;42.7101898
-3.8017833;42.7102509
-3.8053467;42.7104378
-3.8065624;42.7104492
-3.8066516;42.7104759
-3.8082387;42.7111320
-3.8080380;42.7108765
-3.8077884;42.7111626
-3.8074896;42.7110481
-3.8085577;42.7111816
-3.8087373;42.7112274
-3.8082881;42.7113457
-3.8084798;42.7113533
-3.8024082;42.7113686
-3.8086464;42.7113838
-3.8026547;42.7124176
-3.8012447;42.7155914
-3.8008561;42.7169266
-3.8012285;42.7217979
-3.8012102;42.7226639
-3.8451231;42.7230988
-3.8451757;42.7240219
-3.8001211;42.7241096
-3.8450315;42.7241821
-3.8452094;42.7242546
-3.8448832;42.7243195
-3.8451462;42.7244263
-3.8449464;42.7245979
-3.8450208;42.7245140
-3.8431935;42.7245178
-3.8430958;42.7246132
-3.8428631;42.7245331
-3.8449903;42.7246170
-3.8445051;42.7246857
-3.8448770;42.7247200
-3.8449538;42.7247353
-3.8448143;42.7248039
-3.8432860;42.7248650
-3.8443413;42.7249184
-3.8430192;42.7249489
-3.8443751;42.7249603
-3.8430591;42.7249641
-3.8445995;42.7250023
-3.8433053;42.7250252
-3.8436086;42.7250900
-3.8437669;42.7250290
-3.8431959;42.7251015
-3.8439219;42.7251549
-3.8439596;42.7251549
-3.8449588;42.7251930
-3.8437865;42.7252045
-3.8435397;42.7252579
-3.8434722;42.7252693
-3.8434539;42.7251778
-3.8433478;42.7253151
-3.8431773;42.7253456
-3.8436692;42.7254333
-3.8443913;42.7255058
-3.8445542;42.7255096
-3.8411479;42.7255020
-3.8411369;42.7255211
-3.8424213;42.7255287
-3.8423209;42.7255478
-3.8419595;42.7254715
-3.8412824;42.7255516
-3.8415549;42.7254028
-3.8450453;42.7256203
-3.8452601;42.7255898
-3.8448713;42.7254181
-3.8447537;42.7256355
-3.8447902;42.7256584
-3.8409951;42.7256927
-3.8444657;42.7257004
-3.8437743;42.7257156
-3.8440518;42.7256203
-3.8445935;42.7258186
-3.8451395;42.7258224
-3.8437643;42.7258797
-3.8439283;42.7259636
-3.8443089;42.7260094
-3.8439510;42.7260857
-3.8437650;42.7261162
-3.8439751;42.7261620
-3.8438945;42.7261734
-3.8440218;42.7262726
-3.7745597;42.7278824
-3.7985241;42.7280006
-3.7986393;42.7283783
-3.7969937;42.7315369
-3.8015392;42.7329102
-3.8037937;42.7330780
-3.8038161;42.7333336
-3.8033350;42.7333717
-3.8007216;42.7334099
-3.8003805;42.7333679
-3.8013041;42.7334366
-3.8010061;42.7334633
-3.8009844;42.7332878
-3.8038232;42.7335052
-3.8013546;42.7335510
-3.8015456;42.7335587
-3.8006487;42.7335892
-3.8016601;42.7336197
-3.8011768;42.7336540
-3.8009048;42.7337151
-3.8016503;42.7338371
-3.8019459;42.7339478
-3.8016827;42.7341080
-3.8020351;42.7341957
-3.8018456;42.7343178
-3.8017554;42.7343407
-3.8017828;42.7344208
-3.8017020;42.7345085
-3.8036530;42.7346268
-3.8021958;42.7346725
-3.8019893;42.7347565
-3.8009872;42.7347908
-3.8018999;42.7350197
-3.8016090;42.7354088
-3.8021379;42.7359352
-3.8020699;42.7359695
-3.8005562;42.7361336
-3.8022790;42.7361450
-3.8024991;42.7361031
-3.8014565;42.7360840
-3.8011048;42.7364540
-3.8016443;42.7364960
-3.8012269;42.7365227
-3.8011813;42.7365837
-3.8020117;42.7364235
-3.8018403;42.7365875
-3.8008385;42.7366982
-3.8013294;42.7367287
-3.8013873;42.7367668
-3.8016622;42.7367668
-3.8012924;42.7368240
-3.8023715;42.7368240
-3.8019998;42.7368660
-3.8009269;42.7368698
-3.8007669;42.7369347
-3.8010812;42.7369232
-3.8006873;42.7369499
-3.8012292;42.7369957
-3.8002269;42.7384911
-3.8019986;42.7519379
-3.8031166;42.7523575
-3.8032386;42.7523422
-3.8030646;42.7523651
-3.8030555;42.7522926
-3.8030560;42.7525253
-3.8028884;42.7525291
-3.8026028;42.7522049
-3.8032589;42.7525482
-3.8031659;42.7525520
-3.8033922;42.7525597
-3.8035190;42.7525597
-3.8036985;42.7525482
-3.8035386;42.7523422
-3.8029194;42.7525597
-3.8030894;42.7525711
-3.8026857;42.7526093
-3.8028390;42.7526207
-3.8027587;42.7526321
-3.8022423;42.7520943
-3.8031299;42.7526855
-3.8029051;42.7527046
-3.8031242;42.7527466
-3.8034124;42.7528038
-3.8036642;42.7527962
-3.8030200;42.7528534
-3.8028488;42.7529907
-3.8033900;42.7530403
-3.8035457;42.7530403
-3.8035874;42.7530403
-3.8037741;42.7530212
-3.8037350;42.7531509
-3.8028498;42.7531967
-3.8030651;42.7532272
-3.8038335;42.7532616
-3.8033051;42.7532616
-3.8033459;42.7533226
-3.8038244;42.7533302
-3.8035860;42.7533340
-3.8030627;42.7533379
-3.8032801;42.7533951
-3.8041363;42.7534294
-3.8039093;42.7533951
-3.8030713;42.7534523
-3.8031492;42.7534866
-3.8036001;42.7534904
-3.8038285;42.7535019
-3.8028479;42.7535744
-3.8036370;42.7536545
-3.8037965;42.7536545
-3.8038409;42.7536621
-3.8039279;42.7536659
-3.8038437;42.7537613
-3.8046367;42.7529068
-3.8040786;42.7538872
-3.8037050;42.7539597
-3.8027208;42.7540398
-3.8039572;42.7540627
-3.8030181;42.7540932
-3.8039057;42.7541313
-3.8030193;42.7548599
-3.8028877;42.7550926
-3.8021405;42.7552299
-3.8018193;42.7556725
-3.8021107;42.7556992
-3.8019896;42.7557831
-3.8015215;42.7560921
-3.7981596;42.7610359
-3.7987082;42.7608528
-3.7975118;42.7616158
-3.8100789;42.7623253
-3.7881143;42.7663918
-3.7862420;42.7670326
-3.7833297;42.7682838
-3.7814133;42.7704468
-3.7803159;42.7715721
-3.7966061;42.6030197
-3.7968223;42.6031303
-3.8282137;42.5926666
-3.8279548;42.5926666
-3.8011796;42.5986404
-3.8009257;42.5987778
-3.7997491;42.6004601
-3.7996786;42.6005859
-3.8437259;42.6242752
-3.8436525;42.6244240
-3.8481631;42.5925255
-3.8476267;42.5925255
-3.8466346;42.5925255
-3.8382952;42.5925636
-3.8032987;42.5983696
-3.8018253;42.5984077
-3.8053854;42.5991859
-3.8078020;42.5994797
-3.8072827;42.5994873
-3.8090212;42.5993729
-3.8088982;42.5996017
-3.8076043;42.5996094
-3.8082967;42.5996208
-3.8082156;42.5996552
-3.8088689;42.5996552
-3.8078749;42.5996399
-3.8080149;42.5996704
-3.8091464;42.5997086
-3.8217547;42.5997200
-3.8085325;42.5997276
-3.8001323;42.5997353
-3.8079879;42.5997734
-3.8072255;42.5996704
-3.8088028;42.5997810
-3.8081977;42.5998268
-3.8070920;42.5998421
-3.8084309;42.5998955
-3.8074484;42.5999794
-3.8086493;42.5999794
-3.8087595;42.6000404
-3.8076720;42.6000671
-3.8090146;42.6000900
-3.8093874;42.6000595
-3.8092003;42.6001434
-3.8097537;42.6001968
-3.8094599;42.6002426
-3.8086355;42.6002617
-3.8086739;42.6001740
-3.8095067;42.6002655
-3.8083603;42.6002655
-3.8080773;42.6002998
-3.8090787;42.6003113
-3.8062055;42.5999489
-3.8087966;42.6003342
-3.7997997;42.6003571
-3.8087604;42.6003952
-3.8092005;42.6004066
-3.8218524;42.6004448
-3.8092976;42.6005135
-3.8090210;42.6005211
-3.8098805;42.6005707
-3.8098059;42.6006470
-3.8097305;42.6005745
-3.8099692;42.6007271
-3.8094952;42.6007729
-3.8097343;42.6008911
-3.8090928;42.6009178
-3.8098752;42.6010361
-3.8102937;42.6010742
-3.8099322;42.6011238
-3.8103206;42.6011276
-3.8101263;42.6011620
-3.8105075;42.6012459
-3.8102226;42.6012535
-3.7985625;42.6017990
-3.7971258;42.6022339
-3.7955241;42.6023331
-3.7962542;42.6025009
-3.7958319;42.6026268
-3.7954807;42.6027298
-3.7962296;42.6028328
-3.7965684;42.6030006
-3.7944918;42.6030312
-3.8197281;42.6045914
-3.8008816;42.6052132
-3.8009040;42.6052246
-3.8147919;42.6052475
-3.7872407;42.6063080
-3.8044767;42.6070175
-3.8073828;42.6084518
-3.8075230;42.6085205
-3.8453381;42.6163559
-3.8451297;42.6160278
-3.8164601;42.6164322
-3.8471470;42.6164322
-3.8472540;42.6163177
-3.8473744;42.6165085
-3.8470817;42.6165352
-3.8456993;42.6165428
-3.8164818;42.6165657
-3.8453722;42.6165771
-3.8450229;42.6165276
-3.8472159;42.6165771
-3.8159075;42.6165886
-3.8162324;42.6163101
-3.8158517;42.6165276
-3.8455913;42.6166801
-3.8459048;42.6162453
-3.8465362;42.6167107
-3.8160470;42.6167374
-3.8467824;42.6168213
-3.8161130;42.6168518
-3.8169644;42.6169243
-3.8167973;42.6169739
-3.8160329;42.6169739
-3.8461952;42.6170044
-3.8461452;42.6169662
-3.8165908;42.6170959
-3.8169374;42.6171036
-3.8468003;42.6171341
-3.8468411;42.6172218
-3.8461130;42.6172714
-3.8171537;42.6172905
-3.8471253;42.6174240
-3.8468792;42.6174583
-3.8460102;42.6176338
-3.8468323;42.6177483
-3.8461552;42.6177826
-3.8463318;42.6175575
-3.8471053;42.6178093
-3.8459978;42.6178207
-3.8459177;42.6178741
-3.8181911;42.6180382
-3.8456798;42.6180458
-3.8451588;42.6185303
-3.8451474;42.6189728
-3.8448105;42.6189842
-3.8446527;42.6190643
-3.8448639;42.6191444
-3.8450336;42.6193047
-3.8448479;42.6193161
-3.8453045;42.6193237
-3.8441896;42.6194305
-3.8450077;42.6194725
-3.8211725;42.6195030
-3.8449779;42.6197166
-3.8218732;42.6197205
-3.8219380;42.6197433
-3.8445702;42.6197586
-3.8443570;42.6197662
-3.8442714;42.6197701
-3.8441424;42.6197777
-3.8439379;42.6197929
-3.8438399;42.6198654
-3.8436143;42.6197319
-3.8436968;42.6199760
-3.8441238;42.6199875
-3.8442380;42.6200066
-3.8435833;42.6200294
-3.8433266;42.6199989
-3.8437710;42.6201134
-3.8456440;42.6201706
-3.8434477;42.6202240
-3.8438947;42.6203499
-3.8437309;42.6203537
-3.8435571;42.6215858
-3.8289084;42.6219215
-3.8438408;42.6227875
-3.8440228;42.6234207
-3.8423176;42.6240883
-3.8426578;42.6240959
-3.8425417;42.6241837
-3.8428864;42.6243515
-3.8436203;42.6245003
-3.8435504;42.6246948
-3.8434520;42.6247559
-3.8440144;42.6248360
-3.3527732;42.4361534
-3.3527613;42.4362106
-3.3427546;42.4506454
-3.3426859;42.4506760
-3.3146880;42.4286118
-3.3143466;42.4286690
-3.3141296;42.4237251
-3.3141572;42.4238167
-3.3284006;42.4440842
-3.3285592;42.4442062
-3.3396420;42.4545479
-3.3396783;42.4545937
-3.3298423;42.4104729
-3.3270442;42.4103241
-3.3319778;42.4116707
-3.3318400;42.4117546
-3.3311820;42.4120750
-3.3308554;42.4119797
-3.3305678;42.4124832
-3.3239806;42.4141121
-3.3230555;42.4145660
-3.3228388;42.4146652
-3.3195386;42.4161453
-3.3181374;42.4169273
-3.3118100;42.4200974
-3.3153393;42.4276733
-3.3155525;42.4283600
-3.3155370;42.4283905
-3.3153589;42.4285316
-3.3156390;42.4286575
-3.3136990;42.4287720
-3.3134050;42.4288177
-3.3130696;42.4285583
-3.3131630;42.4288483
-3.3130372;42.4288673
-3.3127553;42.4289093
-3.3112011;42.4289627
-3.3110838;42.4284668
-3.3018260;42.4199715
-3.3132300;42.4289627
-3.3137503;42.4290085
-3.3124681;42.4290237
-3.3117535;42.4290543
-3.3157675;42.4290771
-3.3132565;42.4291039
-3.3129809;42.4291458
-3.3124115;42.4291573
-3.3126087;42.4291840
-3.3118315;42.4292946
-3.3124473;42.4293289
-3.3137228;42.4293633
-3.3115547;42.4294624
-3.3134694;42.4294739
-3.3124022;42.4295616
-3.3118758;42.4295311
-3.3116112;42.4295883
-3.3110814;42.4296188
-3.3131089;42.4296570
-3.3123841;42.4296722
-3.3132465;42.4297104
-3.3133872;42.4298553
-3.3138440;42.4300423
-3.3129351;42.4300957
-3.3129008;42.4301147
-3.3125401;42.4303474
-3.3529382;42.4355888
-3.3204126;42.4356842
-3.3200088;42.4357452
-3.3195720;42.4359055
-3.3204927;42.4359627
-3.3198538;42.4361687
-3.3206601;42.4363594
-3.3206260;42.4364891
-3.3203406;42.4366150
-3.3218727;42.4366875
-3.3208463;42.4367065
-3.3204019;42.4367332
-3.3211250;42.4368973
-3.3212385;42.4370155
-3.3204033;42.4371185
-3.3218703;42.4373016
-3.3204350;42.4373665
-3.3195624;42.4375877
-3.3205533;42.4375916
-3.3208551;42.4378662
-3.3211198;42.4380989
-3.3218298;42.4387436
-3.3261650;42.4423866
-3.3296704;42.4447861
-3.3295896;42.4446983
-3.3297994;42.4447975
-3.3301029;42.4448242
-3.3293245;42.4448357
-3.3294725;42.4449615
-3.3299298;42.4450340
-3.3295565;42.4450455
-3.3301532;42.4450645
-3.3302262;42.4450455
-3.3300147;42.4451256
-3.3308196;42.4451332
-3.3296404;42.4451370
-3.3491735;42.4451675
-3.3291533;42.4451675
-3.3298025;42.4453163
-3.3299661;42.4454994
-3.3304029;42.4459343
-3.3312943;42.4468460
-3.3358085;42.4507675
-3.3364258;42.4512024
-3.3373535;42.4518585
-3.3360989;42.4524345
-3.3361351;42.4520111
-3.3356073;42.4525566
-3.3356040;42.4517136
-3.3347549;42.4523506
-3.3387117;42.4534035
-3.3408689;42.4561119
-3.3450582;42.4596939
-3.3451440;42.4597931
-3.3448665;42.4598198
-3.3453033;42.4599838
-3.3453500;42.4600449
-3.3455865;42.4600296
-3.3454781;42.4601784
-3.3447390;42.4602432
-3.3446047;42.4602966
-3.3452063;42.4603615
-3.3456573;42.4604187
-3.3446352;42.4604378
-3.3457046;42.4604950
-3.3454196;42.4605789
-3.3448510;42.4606094
-3.3450255;42.4607544
-3.3452630;42.4609451
-3.3456848;42.4608727
-3.3454983;42.4609680
-3.3453512;42.4610443
-3.3462832;42.4612885
-3.3457170;42.4616890
-3.3233953;42.7787971
-3.3233466;42.7788849
-3.3320131;42.8498268
-3.3316097;42.8494797
-3.2746043;42.8398819
-3.2746937;42.8399849
-3.3338904;42.8573570
-3.3339756;42.8574181
-3.2679458;42.7681046
-3.2668078;42.7678490
-3.2699399;42.7857895
-3.2700880;42.7859573
-3.2632136;42.8341980
-3.2631712;42.8342323
-3.3098187;42.7960167
-3.3097241;42.7959938
-3.2783792;42.7946548
-3.2783184;42.7949028
-3.2685721;42.7949905
-3.2684810;42.7951508
-3.2504220;42.7815361
-3.2506862;42.7818184
-3.2504113;42.7858429
-3.2503967;42.7876511
-3.2511702;42.7841301
-3.2489674;42.7855072
-3.2497785;42.7837677
-3.2412708;42.7609367
-3.2641470;42.7629814
-3.2638104;42.7631226
-3.2489324;42.7633591
-3.2702324;42.7636566
-3.2721026;42.7637253
-3.2721944;42.7637711
-3.2726579;42.7638130
-3.2730553;42.7638474
-3.2721510;42.7639160
-3.2613170;42.7638702
-3.2611158;42.7639389
-3.2610466;42.7638206
-3.2620709;42.7640305
-3.2620280;42.7638931
-3.2613010;42.7640533
-3.2720876;42.7641068
-3.2724161;42.7641220
-3.2619355;42.7641258
-3.2720315;42.7641335
-3.2617931;42.7641640
-3.2617712;42.7636566
-3.2725666;42.7641716
-3.2610641;42.7642136
-3.2605362;42.7640305
-3.2612834;42.7642250
-3.2613642;42.7642250
-3.2615507;42.7642403
-3.2616603;42.7642555
-3.2720077;42.7642860
-3.2717216;42.7642403
-3.2725124;42.7643127
-3.2723141;42.7642403
-3.2613506;42.7643394
-3.2610612;42.7643433
-3.2619069;42.7643471
-3.2610457;42.7644005
-3.2620885;42.7644081
-3.2733619;42.7645416
-3.2737479;42.7644806
-3.2605329;42.7645454
-3.2610056;42.7646332
-3.2724288;42.7646446
-3.2721164;42.7646790
-3.2724252;42.7647209
-3.2721131;42.7647285
-3.2719622;42.7647324
-3.2726398;42.7647591
-3.2603617;42.7647781
-3.2636020;42.7647896
-3.2716444;42.7648239
-3.2609308;42.7648430
-3.2716660;42.7649117
-3.2702265;42.7649727
-3.2692492;42.7649841
-3.2709444;42.7650490
-3.2726123;42.7651062
-3.2719262;42.7651482
-3.2719793;42.7651863
-3.2713521;42.7652245
-3.2721438;42.7652321
-3.2722461;42.7650757
-3.2721987;42.7652473
-3.2616265;42.7653046
-3.2718859;42.7653694
-3.2711165;42.7654953
-3.2706022;42.7655411
-3.2712164;42.7655792
-3.2656164;42.7656631
-3.2703469;42.7656937
-3.2720454;42.7658348
-3.2774940;42.7659225
-3.2662210;42.7661247
-3.2652576;42.7662697
-3.2645710;42.7660408
-3.2642248;42.7665176
-3.2607887;42.7665596
-3.2658222;42.7668571
-3.2648244;42.7670021
-3.2666924;42.7671242
-3.2603393;42.7674026
-3.2645564;42.7674599
-3.2654881;42.7674599
-3.2690907;42.7674828
-3.2572720;42.7674980
-3.2547426;42.7676773
-3.2644005;42.7677269
-3.2652919;42.7678108
-3.2651889;42.7679939
-3.2660761;42.7680473
-3.2650111;42.7683105
-3.2653782;42.7684212
-3.2639873;42.7684364
-3.2636750;42.7683716
-3.2647974;42.7686996
-3.2647052;42.7688675
-3.2637076;42.7689171
-3.2671568;42.7693787
-3.2679970;42.7771225
-3.3218901;42.7780800
-3.2690175;42.7799492
-3.3266017;42.7819481
-3.3267210;42.7837029
-3.3194027;42.7841606
-3.3195195;42.7839241
-3.3257959;42.7845612
-3.3199751;42.7846260
-3.3199921;42.7843170
-3.3198295;42.7844887
-3.3200045;42.7847900
-3.3203936;42.7848358
-3.3207643;42.7847290
-3.3208053;42.7848587
-3.3198056;42.7848892
-3.3206840;42.7849197
-3.3184452;42.7849922
-3.3189847;42.7843094
-3.3180521;42.7847366
-3.3204763;42.7849922
-3.3191171;42.7850418
-3.3207865;42.7850685
-3.3201222;42.7850723
-3.3208549;42.7850876
-3.3201141;42.7851028
-3.3203900;42.7851410
-3.3205035;42.7851639
-3.3207076;42.7852249
-3.2842672;42.7853317
-3.3197975;42.7853699
-3.3192496;42.7853813
-3.3190887;42.7853928
-3.3200161;42.7854004
-3.3237846;42.7856674
-3.3180861;42.7857628
-3.3188589;42.7859154
-3.3194530;42.7859344
-3.3196757;42.7860680
-3.3241425;42.7862778
-3.3215494;42.7863922
-3.3267381;42.7864723
-3.3208470;42.7866364
-3.3003089;42.7865295
-3.2998977;42.7866859
-3.2998204;42.7864876
-3.3197525;42.7867889
-3.2999651;42.7867966
-3.2987397;42.7868233
-3.2986164;42.7868118
-3.3285728;42.7868729
-3.3000777;42.7869987
-3.3197706;42.7870636
-3.3002388;42.7872162
-3.3186674;42.7872391
-3.3000965;42.7872581
-3.2998784;42.7872963
-3.3004122;42.7872734
-3.3003221;42.7873154
-3.3217270;42.7873573
-3.3003914;42.7873917
-3.2998800;42.7874069
-3.3187983;42.7874107
-3.3002987;42.7874489
-3.3001139;42.7875671
-3.3000906;42.7875214
-3.2998581;42.7876015
-3.2997859;42.7876053
-3.2446818;42.7876701
-3.2995584;42.7876778
-3.2994740;42.7876320
-3.2997177;42.7877350
-3.2999785;42.7877617
-3.2994878;42.7877655
-3.3001359;42.7877808
-3.2994559;42.7878304
-3.2581758;42.7878685
-3.2992346;42.7878914
-3.2995272;42.7879524
-3.3198166;42.7879639
-3.2996292;42.7879906
-3.3011866;42.7880249
-3.3176978;42.7881432
-3.3005085;42.7882957
-3.3005006;42.7883453
-3.3005695;42.7883606
-3.3005321;42.7883797
-3.3003836;42.7883911
-3.3004770;42.7884026
-3.3005192;42.7884102
-3.3005707;42.7884178
-3.3006642;42.7884369
-3.2988694;42.7884979
-3.2725072;42.7885094
-3.2985344;42.7885284
-3.3206210;42.7885551
-3.2723491;42.7887192
-3.2481048;42.7887344
-3.3019228;42.7887878
-3.3004515;42.7888756
-3.2945647;42.7888908
-3.2721543;42.7889442
-3.3031714;42.7891617
-3.2821128;42.7895927
-3.3129354;42.7896233
-3.3061905;42.7900429
-3.3147366;42.7903938
-3.2709725;42.7904129
-3.2651715;42.7907104
-3.2645292;42.7902679
-3.2708187;42.7907562
-3.2822835;42.7908592
-3.2808778;42.7910995
-3.2772670;42.7906876
-3.2814939;42.7911263
-3.2813106;42.7911263
-3.2762573;42.7911835
-3.2810988;42.7912560
-3.2810154;42.7913513
-3.2730062;42.7909393
-3.2730329;42.7915878
-3.2718906;42.7912292
-3.2663088;42.7916107
-3.2730522;42.7916832
-3.2744732;42.7916946
-3.2742946;42.7913742
-3.2706559;42.7918091
-3.2711084;42.7918282
-3.2747746;42.7918701
-3.2737718;42.7919998
-3.2671511;42.7917442
-3.2669783;42.7920494
-3.2764585;42.7921219
-3.2772832;42.7919312
-3.2748396;42.7921715
-3.2731590;42.7922249
-3.2747803;42.7922974
-3.2683778;42.7917480
-3.2677603;42.7923279
-3.2726958;42.7924118
-3.2683067;42.7924919
-3.2690804;42.7925568
-3.2723145;42.7925644
-3.2672637;42.7925720
-3.2673571;42.7924423
-3.2699332;42.7926178
-3.2703125;42.7926407
-3.2716286;42.7926865
-3.2711940;42.7926941
-3.2674093;42.7927475
-3.2726259;42.7927513
-3.2719276;42.7928581
-3.2710130;42.7929344
-3.2671344;42.7930298
-3.2708611;42.7930489
-3.2743387;42.7931747
-3.2681673;42.7932243
-3.2699504;42.7932701
-3.2686446;42.7933159
-3.2729356;42.7933197
-3.2715597;42.7933426
-3.2680194;42.7933464
-3.2684772;42.7933922
-3.2694738;42.7933998
-3.2682407;42.7934151
-3.2689929;42.7934380
-3.2715063;42.7934647
-3.2713070;42.7933578
-3.2706313;42.7935143
-3.2704046;42.7935181
-3.2691832;42.7935295
-3.2702663;42.7935333
-3.2699833;42.7935333
-3.2687056;42.7935410
-3.2685442;42.7935677
-3.2710395;42.7935677
-3.2687550;42.7936020
-3.2714417;42.7936134
-3.2681866;42.7936211
-3.2694163;42.7936249
-3.2713437;42.7936440
-3.2702651;42.7937469
-3.2708998;42.7937813
-3.2689784;42.7937889
-3.2717476;42.7937927
-3.2711053;42.7938347
-3.2711685;42.7937584
-3.2688665;42.7938385
-3.2712483;42.7938576
-3.2721305;42.7939186
-3.2719128;42.7937012
-3.3128226;42.7939224
-3.2713807;42.7939262
-3.2709811;42.7939529
-3.2724462;42.7939644
-3.2774277;42.7940140
-3.2716501;42.7940216
-3.2711346;42.7939568
-3.2710593;42.7940483
-3.3083849;42.7940750
-3.2719297;42.7941017
-3.2684119;42.7941093
-3.2712531;42.7941475
-3.2709310;42.7942543
-3.2719908;42.7942924
-3.2711992;42.7943230
-3.2785127;42.7943382
-3.2713044;42.7943459
-3.3122523;42.7945709
-3.3115745;42.7942886
-3.3115644;42.7943649
-3.2724531;42.7946358
-3.3124447;42.7946510
-3.3126707;42.7946930
-3.3124139;42.7947655
-3.3120313;42.7946663
-3.2727284;42.7948570
-3.2686045;42.7948761
-3.2704160;42.7949371
-3.2694509;42.7951164
-3.2688923;42.7951469
-3.3120399;42.7952728
-3.2711391;42.7953300
-3.3118768;42.7954559
-3.3114777;42.7953835
-3.3118312;42.7955322
-3.3120177;42.7955818
-3.3117135;42.7957268
-3.3095677;42.7959175
-3.3114173;42.7959442
-3.3112893;42.7959709
-3.3108552;42.7951584
-3.3111761;42.7959976
-3.3110297;42.7959175
-3.3117306;42.7960167
-3.3111420;42.7960777
-3.3108356;42.7960129
-3.3102415;42.7960892
-3.3107400;42.7961845
-3.3111393;42.7961922
-3.3113515;42.7961922
-3.3113751;42.7963905
-3.2669897;42.7964134
-3.3120570;42.7966576
-3.2752581;42.7967072
-3.2754710;42.7968636
-3.3127458;42.7969475
-3.3114016;42.7972527
-3.3141744;42.7975845
-3.3155096;42.7981148
-3.2778111;42.7985458
-3.2785542;42.7988739
-3.2787194;42.7987061
-3.2789776;42.7988930
-3.2792706;42.7988968
-3.2795849;42.7989388
-3.2781880;42.7989502
-3.2791727;42.7989845
-3.2782166;42.7990799
-3.2781105;42.7994766
-3.2780335;42.7995872
-3.3224065;42.8005028
-3.2606621;42.8010292
-3.3233869;42.8012810
-3.3261318;42.8019867
-3.3252466;42.8019447
-3.3269441;42.8019371
-3.3264351;42.8020096
-3.2590039;42.8021584
-3.3261719;42.8021851
-3.3245707;42.8021965
-3.3260510;42.8023148
-3.3259294;42.8023071
-3.3251512;42.8023605
-3.3263159;42.8025055
-3.3266404;42.8024788
-3.3260570;42.8025169
-3.3254807;42.8026276
-3.2765551;42.8027229
-3.3260071;42.8028564
-3.3262107;42.8028641
-3.3255754;42.8028755
-3.3256190;42.8029671
-3.3254607;42.8029709
-3.3271909;42.8029594
-3.3268738;42.8029823
-3.3259842;42.8030243
-3.3261528;42.8030472
-3.3264735;42.8030891
-3.3256843;42.8031044
-3.3270237;42.8031464
-3.3270018;42.8031921
-3.3259721;42.8032684
-3.3259664;42.8033562
-3.3262637;42.8033676
-3.3268950;42.8034248
-3.3259604;42.8034439
-3.3267591;42.8034782
-3.3259482;42.8036118
-3.3258014;42.8036156
-3.2766097;42.8036194
-3.2766345;42.8037453
-3.3259590;42.8037949
-3.3266068;42.8039322
-3.3277469;42.8040771
-3.2565413;42.8041534
-3.3280489;42.8044586
-3.3282981;42.8047600
-3.2541943;42.8071747
-3.2738478;42.8085632
-3.2737899;42.8089828
-3.2735357;42.8090096
-3.2738364;42.8091278
-3.2744615;42.8093109
-3.2739072;42.8093452
-3.3304882;42.8093758
-3.2736158;42.8094101
-3.2738585;42.8094139
-3.2736530;42.8095665
-3.2737556;42.8095856
-3.2733102;42.8095970
-3.2740760;42.8094444
-3.2737980;42.8097649
-3.2731519;42.8097839
-3.2730742;42.8093605
-3.2734387;42.8097878
-3.3307595;42.8097916
-3.2739165;42.8098373
-3.2734234;42.8099442
-3.3341725;42.8099899
-3.3365912;42.8097725
-3.2730331;42.8100014
-3.2744625;42.8101120
-3.3339860;42.8101921
-3.3340311;42.8102150
-3.2746556;42.8102531
-3.3344843;42.8102989
-3.3339915;42.8103333
-3.2743845;42.8103371
-3.3343518;42.8104057
-3.3337762;42.8104362
-3.3345025;42.8105049
-3.3337445;42.8106194
-3.3336139;42.8104668
-3.3340116;42.8107948
-3.3332837;42.8108253
-3.3335035;42.8109665
-3.3333452;42.8110313
-3.3326957;42.8111191
-3.3336728;42.8111610
-3.3361268;42.8112144
-3.3336573;42.8112564
-3.3330343;42.8112640
-3.3339529;42.8113976
-3.3336341;42.8114014
-3.2505658;42.8114166
-3.3337848;42.8115692
-3.3363185;42.8116951
-3.3360317;42.8119392
-3.3353975;42.8119736
-3.3366232;42.8121185
-3.3350375;42.8123055
-3.3344011;42.8125381
-3.2454708;42.8127327
-3.2470074;42.8139648
-3.2464237;42.8143578
-3.2475581;42.8146019
-3.2461953;42.8157959
-3.2495477;42.8164711
-3.2876399;42.8187141
-3.2877452;42.8189125
-3.2518821;42.8203621
-3.2519741;42.8205719
-3.2513041;42.8219643
-3.2509613;42.8221588
-3.2846513;42.8221741
-3.2510736;42.8222733
-3.2531607;42.8223228
-3.2508330;42.8223915
-3.2845106;42.8224602
-3.2843368;42.8226471
-3.2845650;42.8227844
-3.2839434;42.8228188
-3.2838838;42.8227005
-3.2535245;42.8228264
-3.2528839;42.8228760
-3.2840028;42.8229332
-3.2510135;42.8229713
-3.2519124;42.8230782
-3.2846155;42.8232193
-3.2841284;42.8233414
-3.2848938;42.8234863
-3.2513378;42.8235397
-3.2841523;42.8235512
-3.2844956;42.8235817
-3.2841151;42.8237038
-3.2511859;42.8238068
-3.2516532;42.8241577
-3.2504153;42.8242264
-3.2847767;42.8242493
-3.2552919;42.8243446
-3.2544348;42.8242683
-3.2512448;42.8243561
-3.2518609;42.8243599
-3.2519598;42.8244667
-3.2523997;42.8245049
-3.2499781;42.8245392
-3.2509832;42.8245697
-3.2517221;42.8246269
-3.2515576;42.8246765
-3.2923946;42.8255997
-3.2598794;42.8266716
-3.2940264;42.8291779
-3.2941074;42.8293762
-3.2950001;42.8296127
-3.2948327;42.8295097
-3.2951245;42.8296928
-3.2951846;42.8297386
-3.2955840;42.8295403
-3.2954566;42.8297768
-3.2945762;42.8297958
-3.2947419;42.8299255
-3.2951558;42.8299713
-3.2948527;42.8299751
-3.2949598;42.8300438
-3.2949140;42.8301697
-3.2946901;42.8304710
-3.2953167;42.8305359
-3.2950964;42.8305473
-3.2948852;42.8305321
-3.2947071;42.8305588
-3.2951975;42.8306160
-3.2945712;42.8307571
-3.2940333;42.8309784
-3.2936301;42.8316116
-3.2657053;42.8328857
-3.2657642;42.8329506
-3.2627597;42.8344879
-3.2607827;42.8357086
-3.2605028;42.8359909
-3.2599430;42.8360023
-3.2597311;42.8362923
-3.2595983;42.8364220
-3.2589309;42.8363152
-3.2599468;42.8365288
-3.2592418;42.8365860
-3.2591832;42.8365135
-3.2710350;42.8365860
-3.2596059;42.8366089
-3.2604625;42.8366127
-3.2711034;42.8366280
-3.2599351;42.8366623
-3.2594554;42.8367195
-3.2600703;42.8368301
-3.2592640;42.8368950
-3.2601469;42.8369026
-3.2587392;42.8369598
-3.2585745;42.8366928
-3.2585373;42.8369865
-3.2583854;42.8368607
-3.2597880;42.8370018
-3.2593138;42.8370438
-3.2595656;42.8371353
-3.2580650;42.8371773
-3.2593954;42.8372459
-3.2599924;42.8373718
-3.2596757;42.8376923
-3.2599411;42.8379364
-3.2734606;42.8386230
-3.2711182;42.8401909
-3.2712834;42.8406944
-3.3407142;42.8407898
-3.2756004;42.8409843
-3.2714651;42.8411865
-3.2714670;42.8412628
-3.2717407;42.8413200
-3.2718189;42.8412170
-3.2718070;42.8413696
-3.2723110;42.8413696
-3.2723589;42.8412819
-3.2720544;42.8413315
-3.2716925;42.8414421
-3.2719240;42.8414536
-3.2719977;42.8413467
-3.2725456;42.8415604
-3.2717607;42.8415680
-3.2717652;42.8416557
-3.2726216;42.8416901
-3.2721667;42.8417282
-3.2715735;42.8417358
-3.2720678;42.8418045
-3.2723331;42.8418312
-3.3399541;42.8418427
-3.2719660;42.8418503
-3.2714448;42.8418770
-3.2717915;42.8419533
-3.2741117;42.8419724
-3.2740052;42.8420067
-3.2710111;42.8419991
-3.2729158;42.8420563
-3.3397903;42.8420753
-3.3413024;42.8421555
-3.3411803;42.8423042
-3.2713509;42.8423729
-3.3391709;42.8418922
-3.3385513;42.8424263
-3.3416157;42.8424644
-3.3395996;42.8418388
-3.3388772;42.8425751
-3.3381867;42.8426971
-3.3415322;42.8427200
-3.3392906;42.8427734
-3.3380783;42.8434181
-3.3386309;42.8436890
-3.3378015;42.8437881
-3.3364267;42.8443642
-3.3370750;42.8447456
-3.3377032;42.8449707
-3.3367450;42.8451233
-3.3366334;42.8452454
-3.2806542;42.8452492
-3.3373907;42.8454132
-3.3363199;42.8455200
-3.3372803;42.8455696
-3.3360982;42.8457108
-3.3356233;42.8453064
-3.3370824;42.8458443
-3.2823389;42.8459892
-3.3356822;42.8460388
-3.3350992;42.8458519
-3.3369243;42.8460655
-3.3366535;42.8464355
-3.3353887;42.8465347
-3.3364067;42.8467751
-3.3353240;42.8472443
-3.3359702;42.8473854
-3.3327351;42.8476639
-3.3335686;42.8472939
-3.3324568;42.8475800
-3.2865963;42.8476715
-3.3331478;42.8476105
-3.3331037;42.8477173
-3.3318462;42.8477325
-3.3323612;42.8477554
-3.3330727;42.8477707
-3.3335660;42.8477631
-3.2861536;42.8478165
-3.3330765;42.8478279
-3.3354888;42.8480721
-3.3323529;42.8481293
-3.3317931;42.8481331
-3.3351114;42.8481750
-3.3352549;42.8479538
-3.3343768;42.8477402
-3.3352072;42.8482208
-3.3301275;42.8482704
-3.3297069;42.8482895
-3.3353281;42.8483009
-3.3343227;42.8484230
-3.3305111;42.8484268
-3.3320754;42.8484802
-3.3306682;42.8485527
-3.2829180;42.8494186
-3.3334355;42.8500481
-3.3337238;42.8497734
-3.3329341;42.8497658
-3.3323305;42.8501015
-3.3361862;42.8503418
-3.2817950;42.8505287
-3.3361840;42.8505325
-3.3350835;42.8501167
-3.3327901;42.8505363
-3.3317907;42.8505745
-3.3328574;42.8505974
-3.2815909;42.8506279
-3.2814102;42.8506813
-3.2812784;42.8505554
-3.2815199;42.8507919
-3.2819223;42.8508835
-3.2814329;42.8509521
-3.2818251;42.8509789
-3.2821722;42.8509979
-3.2811418;42.8510094
-3.2816513;42.8511047
-3.2797396;42.8512802
-3.2814777;42.8513527
-3.2819996;42.8514709
-3.3338046;42.8515167
-3.2807877;42.8517265
-3.3354096;42.8520241
-3.3334510;42.8522949
-3.3327553;42.8519592
-3.3353670;42.8527946
-3.3358433;42.8528214
-3.3360877;42.8527336
-3.2807248;42.8528557
-3.3356259;42.8529015
-3.3354254;42.8529015
-3.3348815;42.8529243
-3.3345211;42.8530006
-3.3345509;42.8528709
-3.3349824;42.8530617
-3.3340516;42.8531990
-3.3349366;42.8532181
-3.3346226;42.8532562
-3.3345387;42.8532677
-3.3353822;42.8532715
-3.3344252;42.8532753
-3.3353498;42.8533096
-3.3350751;42.8533096
-3.3345032;42.8534317
-3.3336446;42.8534470
-3.3349257;42.8534546
-3.3350041;42.8534431
-3.3355606;42.8534622
-3.3347621;42.8534775
-3.3347373;42.8535309
-3.3351045;42.8535652
-3.3342187;42.8536110
-3.3349521;42.8536186
-3.3344991;42.8536301
-3.3345740;42.8536568
-3.3327658;42.8537445
-3.3315523;42.8535995
-3.3350813;42.8537445
-3.3351912;42.8545494
-3.3322144;42.8548927
-3.3316181;42.8549004
-3.3321927;42.8554420
-3.3319635;42.8558006
-3.3331182;42.8565865
-4.0549483;42.7282372
-4.0548110;42.7287216
-4.1179943;42.7325172
-4.1175127;42.7326012
-4.1136293;42.7312851
-4.1136255;42.7326088
-4.1084442;42.7315102
-4.1084547;42.7316895
-4.1134086;42.7309532
-4.1131563;42.7309418
-4.1132903;42.7306900
-4.1129174;42.7311935
-4.1131725;42.7314529
-4.1133294;42.7314644
-4.1133828;42.7323570
-4.1131253;42.7328720
-4.1132727;42.7331123
-4.1134028;42.7328644
-4.1132646;42.7321815
-4.1129088;42.7325401
-4.1131759;42.7323532
-4.1132464;42.7316017
-4.0555115;42.7254028
-4.0555296;42.7256317
-4.0948339;42.7328873
-4.1035810;42.7329865
-4.0939054;42.7324753
-4.0633640;42.7272072
-4.0627947;42.7276726
-4.0535655;42.7229004
-4.0533848;42.7228432
-4.0533757;42.7229919
-4.0526142;42.7229080
-4.0528960;42.7231941
-4.0531125;42.7231903
-4.1066804;42.7337151
-4.1063824;42.7336845
-4.0861917;42.6962929
-4.0860391;42.6964035
-4.1164656;42.7234306
-4.0651155;42.7258301
-4.0650148;42.7259254
-4.1040397;42.7331161
-4.1033964;42.7333755
-4.0654092;42.7254066
-4.0654116;42.7255745
-4.0529795;42.7226295
-4.0445600;42.7217216
-4.0652828;42.7253571
-4.0778451;42.7290878
-4.0765495;42.7287788
-4.0317054;42.6796379
-4.0349817;42.6807251
-4.0479002;42.6837273
-4.0481200;42.6837730
-4.0484543;42.6838417
-4.0484476;42.6834831
-4.0484819;42.6838951
-4.0487776;42.6838226
-4.0485306;42.6839867
-4.0487685;42.6840096
-4.0487890;42.6839485
-4.0485830;42.6841469
-4.0480866;42.6841393
-4.0485897;42.6842651
-4.0494976;42.6843834
-4.0493860;42.6840744
-4.0499392;42.6843224
-4.0498662;42.6843987
-4.0484638;42.6844177
-4.0489821;42.6844864
-4.0490599;42.6845398
-4.0481505;42.6845779
-4.0500631;42.6844063
-4.0498385;42.6845894
-4.0491848;42.6846352
-4.0497084;42.6846924
-4.0484848;42.6847343
-4.0487576;42.6847725
-4.0498042;42.6847839
-4.0494285;42.6847992
-4.0490637;42.6848907
-4.0495710;42.6849098
-4.0496149;42.6849442
-4.0493250;42.6850090
-4.0497441;42.6850281
-4.0492649;42.6851311
-4.0499992;42.6851730
-4.0497503;42.6851883
-4.0493746;42.6852341
-4.0499287;42.6852455
-4.0498285;42.6852112
-4.0501938;42.6852684
-4.0492239;42.6852875
-4.0490060;42.6852417
-4.0493560;42.6853180
-4.0492144;42.6854668
-4.0493245;42.6855202
-4.0500574;42.6855545
-4.0509133;42.6855927
-4.0513062;42.6857681
-4.0507731;42.6858101
-4.0514255;42.6858215
-4.0511923;42.6860504
-4.0519261;42.6861534
-4.0574813;42.6898117
-4.0693531;42.6945038
-4.0862360;42.6961746
-4.0858064;42.6965103
-4.0806098;42.6979828
-4.0806890;42.6979904
-4.0822673;42.6982651
-4.0823278;42.6982918
-4.0829182;42.6985817
-4.0853171;42.6997986
-4.0846519;42.6993980
-4.0853825;42.6998062
-4.0859203;42.6999550
-4.0853477;42.6999779
-4.0856042;42.6998940
-4.0854750;42.7000084
-4.0863571;42.7000847
-4.0850453;42.7001114
-4.0848198;42.7002678
-4.0867562;42.7003174
-4.0852070;42.7003822
-4.0853715;42.7004051
-4.0851893;42.7004356
-4.0853219;42.7009697
-4.0855036;42.7008362
-4.0847964;42.7010040
-4.0851436;42.7010651
-4.0853000;42.7010727
-4.0847588;42.7009964
-4.0846705;42.7010765
-4.0856533;42.7010918
-4.0845761;42.7011299
-4.0843315;42.7008629
-4.0850048;42.7012100
-4.0851254;42.7012405
-4.0851207;42.7012825
-4.0848603;42.7013550
-4.0850825;42.7014389
-4.0852947;42.7014542
-4.0900307;42.7036781
-4.0548520;42.7043495
-4.0545301;42.7042618
-4.0551071;42.7043877
-4.0547042;42.7045479
-4.0546384;42.7045021
-4.0549135;42.7046661
-4.0550551;42.7047119
-4.0545063;42.7047310
-4.0545979;42.7047348
-4.0551949;42.7047577
-4.0546284;42.7048340
-4.0545468;42.7048759
-4.0548396;42.7048798
-4.0549684;42.7048988
-4.0551028;42.7049103
-4.0547652;42.7049561
-4.0553451;42.7050095
-4.0547075;42.7050400
-4.0546160;42.7050743
-4.0551095;42.7050858
-4.0556116;42.7051430
-4.0558033;42.7047997
-4.0557246;42.7052078
-4.0559316;42.7049980
-4.0557823;42.7052765
-4.0559893;42.7053528
-4.0551515;42.7055855
-4.0559731;42.7055054
-4.0558395;42.7055359
-4.0554557;42.7057266
-4.0553999;42.7059860
-4.0555692;42.7060013
-4.0554619;42.7061768
-4.0570488;42.7064056
-4.0976753;42.7069130
-4.1002512;42.7074928
-4.1005154;42.7076111
-4.0541630;42.7079124
-4.0540466;42.7080040
-4.1002035;42.7080345
-4.0998378;42.7078362
-4.1001658;42.7080803
-4.1000919;42.7081909
-4.1017842;42.7083054
-4.1004548;42.7083206
-4.0999622;42.7083549
-4.1019049;42.7083817
-4.0998707;42.7084579
-4.1001263;42.7084846
-4.1022949;42.7085609
-4.0997305;42.7086525
-4.0991478;42.7085075
-4.0996656;42.7087212
-4.0998392;42.7088013
-4.1028829;42.7088356
-4.0995097;42.7088623
-4.0998740;42.7090073
-4.0993123;42.7090645
-4.0989590;42.7089920
-4.0998149;42.7090874
-4.0997491;42.7091446
-4.0996938;42.7091904
-4.0998406;42.7092361
-4.0994306;42.7093086
-4.1085348;42.7116661
-4.0549965;42.7139473
-4.1180067;42.7167358
-4.0524063;42.7181702
-4.0279746;42.7182465
-4.0282817;42.7183456
-4.0309868;42.7191620
-4.0317874;42.7194099
-4.0317764;42.7195129
-4.0325956;42.7196045
-4.0525022;42.7196198
-4.0315595;42.7199707
-4.0317187;42.7196541
-4.0314045;42.7198944
-4.0315952;42.7199898
-4.0314932;42.7200699
-4.0314107;42.7200241
-4.0318108;42.7200890
-4.0315385;42.7200966
-4.0314503;42.7201080
-4.0321708;42.7199059
-4.0318942;42.7201157
-4.0319567;42.7201538
-4.0325532;42.7202072
-4.0316329;42.7202415
-4.0315537;42.7202873
-4.0317264;42.7203369
-4.0323029;42.7203598
-4.0316391;42.7203903
-4.0324583;42.7204437
-4.0322533;42.7205849
-4.0321288;42.7206879
-4.0329576;42.7207527
-4.0330644;42.7206993
-4.0324745;42.7207718
-4.0326242;42.7207413
-4.0325398;42.7208138
-4.0323200;42.7208672
-4.0333576;42.7210121
-4.0415611;42.7215462
-4.1145754;42.7254333
-4.0657258;42.7255173
-4.1141200;42.7264633
-4.1140742;42.7265739
-4.0535340;42.7282219
-4.0529180;42.7282982
-4.0540905;42.7284355
-4.0545340;42.7284431
-4.0545630;42.7283669
-4.0544214;42.7284279
-4.0760250;42.7284508
-4.0534039;42.7285156
-4.0762892;42.7285004
-4.0535002;42.7285500
-4.0545125;42.7285881
-4.0782247;42.7286377
-4.0783319;42.7285042
-4.0539036;42.7286530
-4.0785041;42.7285576
-4.0774574;42.7287254
-4.0789618;42.7287750
-4.0791349;42.7285309
-4.0785670;42.7288513
-4.0778332;42.7288628
-4.0778618;42.7286453
-4.0548253;42.7288742
-4.0779533;42.7289085
-4.0788760;42.7289276
-4.0537558;42.7289925
-4.0791383;42.7290344
-4.0545945;42.7290993
-4.0540233;42.7291145
-4.0785089;42.7291298
-4.0541430;42.7291336
-4.0797243;42.7291412
-4.0798793;42.7288971
-4.0793543;42.7290421
-4.0543313;42.7291718
-4.0786524;42.7291870
-4.0544844;42.7292023
-4.0787358;42.7292175
-4.0538936;42.7292366
-4.0547447;42.7292023
-4.0796070;42.7293320
-4.0778809;42.7293549
-4.0791364;42.7293663
-4.0798750;42.7294197
-4.0793214;42.7294350
-4.0543036;42.7292633
-4.0795240;42.7294884
-4.0784254;42.7295189
-4.0797987;42.7295837
-4.0540743;42.7297401
-4.0782876;42.7298088
-4.0780973;42.7297440
-4.0812407;42.7298431
-4.0812278;42.7294960
-4.0791330;42.7300453
-4.0792794;42.7300224
-4.0781283;42.7300644
-4.0792656;42.7303429
-4.0882344;42.7310104
-4.0901704;42.7313385
-4.0910287;42.7314835
-4.1041827;42.7331581
-4.1094751;42.7339439
-4.1132383;42.7342339
-4.0871415;42.7393417
-4.0872073;42.7391472
-4.0873485;42.7391815
-4.0868697;42.7394066
-4.0869780;42.7392845
-4.0880971;42.7394295
-4.0876536;42.7394524
-4.0870938;42.7394867
-4.0871706;42.7394943
-4.0953355;42.7398720
-4.0866880;42.7398720
-4.0951076;42.7399750
-4.0874023;42.7400665
-4.0872569;42.7400932
-4.0874190;42.7401543
-4.0891194;42.7402115
-4.0874524;42.7402115
-4.0867949;42.7402267
-4.0863881;42.7402763
-4.0859308;42.7399864
-4.0867953;42.7402878
-4.0867457;42.7403374
-4.0877142;42.7403564
-4.0863771;42.7403679
-4.0863891;42.7404366
-4.0886116;42.7404594
-4.0865493;42.7404709
-4.0858884;42.7404976
-4.0865946;42.7405319
-4.0867329;42.7404938
-4.0870581;42.7405472
-4.0864286;42.7405930
-4.0869412;42.7407036
-4.0870996;42.7407722
-4.0868239;42.7407837
-4.0872984;42.7408638
-4.0864649;42.7408867
-4.0866261;42.7409286
-4.0875483;42.7410202
-4.0875120;42.7410393
-4.0864377;42.7413483
-3.7237046;42.8548660
-3.7237766;42.8547897
-3.7325339;42.8413200
-3.7325938;42.8412399
-3.7311049;42.8405571
-3.7308142;42.8370514
-3.7318373;42.8391495
-3.7326767;42.8382072
-3.7326560;42.8396225
-3.7313001;42.8402443
-3.7313471;42.8402977
-3.7313914;42.8406219
-3.7322013;42.8410378
-3.7325151;42.8411560
-3.7326295;42.8411827
-3.7296197;42.8418961
-3.7295268;42.8419800
-3.7383006;42.8433990
-3.7554178;42.8450432
-3.7555342;42.8450966
-3.7544188;42.8475151
-3.7551589;42.8476906
-3.7554057;42.8476524
-3.7559106;42.8479881
-3.7540345;42.8484802
-3.7541263;42.8484268
-3.7539790;42.8482780
-3.7526679;42.8476753
-3.7538695;42.8484802
-3.7540617;42.8485451
-3.7543249;42.8486176
-3.7546356;42.8484535
-3.7542741;42.8485184
-3.7542579;42.8486443
-3.7537324;42.8487663
-3.7534959;42.8487167
-3.7553904;42.8491249
-3.7553399;42.8491821
-3.7559023;42.8492012
-3.7553627;42.8495140
-3.7281177;42.8496513
-3.7279713;42.8496780
-3.7542741;42.8497009
-3.7542078;42.8496017
-3.7537744;42.8497734
-3.7539871;42.8498688
-3.7556827;42.8500214
-3.7542219;42.8501053
-3.7541108;42.8504143
-3.7541509;42.8504295
-3.7547543;42.8507347
-3.7569733;42.8508186
-3.7571857;42.8508377
-3.7575283;42.8508568
-3.7570999;42.8509293
-3.7578785;42.8509521
-3.7575579;42.8509827
-3.7575336;42.8511047
-3.7576487;42.8511086
-3.7574251;42.8511887
-3.7573433;42.8511467
-3.7586811;42.8512764
-3.7715228;42.8513718
-3.7311027;42.8519707
-3.7309451;42.8514137
-3.7285244;42.8535919
-3.7285161;42.8537903
-3.7281375;42.8536301
-3.7245567;42.8538780
-3.7284250;42.8541374
-3.7242498;42.8542137
-3.7234316;42.8550034
-3.7193365;42.8561211
-3.7187662;42.8570404
-3.7196872;42.8580093
-3.7198231;42.8581123
-3.7205546;42.8582802
-3.7207329;42.8583221
-3.7208819;42.8583755
-3.7212143;42.8585854
-3.7759202;42.8585854
-3.7218685;42.8587074
-3.7214270;42.8590965
-3.7210636;42.8589668
-3.7223446;42.8594933
-3.7203197;42.8595657
-3.7222524;42.8605194
-3.7299051;42.8631592
-3.7403708;42.8646851
-3.7404726;42.8642960
-3.7356968;42.8665695
-3.7825532;42.8691940
-3.2900083;42.6403961
-3.2898698;42.6404800
-3.2858019;42.6315498
-3.2856536;42.6315155
-3.3053818;42.6163635
-3.3062925;42.6244926
-3.3023980;42.6294060
-3.3020880;42.6299400
-3.3020678;42.6299744
-3.3010886;42.6298103
-3.3014433;42.6300354
-3.3009701;42.6300621
-3.3005924;42.6301231
-3.3003690;42.6298180
-3.3006651;42.6302452
-3.2998633;42.6302071
-3.2998757;42.6303024
-3.3003035;42.6303253
-3.3018434;42.6303253
-3.3011298;42.6303673
-3.2998896;42.6304092
-3.3016725;42.6304131
-3.3012183;42.6305084
-3.3011563;42.6305237
-3.2990816;42.6305428
-3.2986345;42.6305008
-3.3010507;42.6305580
-3.3022671;42.6305885
-3.3008900;42.6306076
-3.3016498;42.6306343
-3.3008068;42.6306343
-3.3020892;42.6306953
-3.3018467;42.6306190
-3.3025303;42.6307373
-3.2994964;42.6307373
-3.3004334;42.6307487
-3.3020072;42.6307564
-3.3000252;42.6308632
-3.2999701;42.6308784
-3.2996907;42.6309586
-3.3011532;42.6309586
-3.3016365;42.6310005
-3.3001800;42.6311035
-3.3008056;42.6311188
-3.3012905;42.6311798
-3.2990546;42.6311874
-3.3002260;42.6312599
-3.2999213;42.6312637
-3.3007438;42.6312637
-3.3005524;42.6312675
-3.2996540;42.6313019
-3.3008258;42.6313171
-3.3008256;42.6314278
-3.2987664;42.6315117
-3.3007026;42.6315727
-3.2969198;42.6324463
-3.2955208;42.6327896
-3.2935281;42.6340065
-3.3250341;42.6218300
-3.3247113;42.6219215
-3.3159990;42.6048164
-3.3164515;42.6058617
-3.3192024;42.6099281
-3.3198740;42.6107216
-3.3053725;42.6163101
-3.3224151;42.6212883
-3.3224430;42.6211510
-3.3221836;42.6208916
-3.3221602;42.6214981
-3.3250930;42.6216545
-3.3218977;42.6216812
-3.3232422;42.6217079
-3.3254123;42.6217613
-3.3219893;42.6217995
-3.3234591;42.6218109
-3.3217876;42.6218300
-3.3220661;42.6218872
-3.3235695;42.6219254
-3.3221903;42.6220093
-3.3239648;42.6220169
-3.3240824;42.6219292
-3.3237000;42.6220322
-3.3218615;42.6220436
-3.3238797;42.6220474
-3.3238142;42.6219330
-3.3230360;42.6220512
-3.3231902;42.6220741
-3.3238094;42.6221161
-3.3219070;42.6221199
-3.3235595;42.6221352
-3.3241034;42.6221466
-3.3233128;42.6221848
-3.3226206;42.6221848
-3.3224719;42.6220474
-3.3239510;42.6221962
-3.3239794;42.6222267
-3.3233397;42.6222725
-3.3224890;42.6222878
-3.3230615;42.6223145
-3.3227661;42.6223602
-3.3241675;42.6223869
-3.3226619;42.6224289
-3.3222837;42.6224327
-3.3229017;42.6224709
-3.3229864;42.6224174
-3.3242705;42.6224709
-3.3240159;42.6224976
-3.3243279;42.6225052
-3.3239994;42.6225243
-3.3224576;42.6225586
-3.3229311;42.6225586
-3.3241162;42.6225624
-3.3245957;42.6225052
-3.3244262;42.6225662
-3.3241317;42.6226196
-3.3245606;42.6226463
-3.3242781;42.6226616
-3.3246908;42.6227341
-3.3243203;42.6227951
-3.3248696;42.6228905
-3.3243165;42.6229477
-3.3240387;42.6244431
-4.0265622;42.5859718
-4.0175495;42.4912872
-4.0173106;42.4912415
-4.0186667;42.4914589
-4.0185475;42.4914398
-4.0127711;42.5136604
-4.0129628;42.5136452
-4.0114188;42.5129738
-4.0111642;42.5125160
-4.0091085;42.5105743
-4.0088902;42.5103569
-4.0091033;42.5103569
-3.9955006;42.4983749
-3.9973378;42.4998245
-3.9955552;42.4982414
-3.9952319;42.4981613
-3.9951806;42.4982452
-3.9950025;42.4983101
-3.9952042;42.4983444
-3.9906840;42.4932785
-3.9904776;42.4930077
-3.9907026;42.4930267
-3.9904332;42.4932365
-3.9904017;42.4934082
-3.9905767;42.4932747
-3.9753234;42.4742203
-3.9750860;42.4742622
-3.9744043;42.4726830
-3.9748442;42.4741707
-3.9749622;42.4744377
-3.9745374;42.4743538
-3.9747379;42.4743881
-3.9747105;42.4742851
-4.0142536;42.5120430
-4.0145116;42.5120544
-4.0102334;42.5178604
-4.0103583;42.5179710
-4.0074306;42.5135384
-4.0076928;42.5138512
-4.0262170;42.5860939
-4.0261145;42.5860176
-3.8790090;42.5510712
-3.8789113;42.5509377
-4.1026754;42.5595932
-4.1023951;42.5596313
-4.0750117;42.5184212
-4.0750785;42.5185394
-4.1129661;42.5079994
-4.1124797;42.5079880
-3.9630604;42.5928192
-3.9628701;42.5927887
-4.0163283;42.5136833
-4.0165195;42.5136452
-4.0768580;42.5185776
-4.0768147;42.5184631
-3.9499421;42.5515251
-3.9498260;42.5514755
-4.0389900;42.5025482
-4.0387363;42.5026588
-4.0258837;42.5082283
-4.0257282;42.5082970
-4.0175467;42.5118484
-4.0174232;42.5118980
-3.9743226;42.5383377
-3.9741859;42.5384445
-3.9434991;42.5617294
-3.9433744;42.5617599
-3.9367783;42.5634575
-3.9364552;42.5635681
-3.9105208;42.5688896
-3.9101689;42.5689507
-3.8952899;42.5756187
-3.8948421;42.5759087
-3.8934515;42.5768013
-3.8933375;42.5768700
-4.0982490;42.4773560
-4.0983462;42.4774246
-4.1034389;42.4905739
-4.1034942;42.4906769
-4.1131783;42.5069733
-4.1125546;42.5068817
-3.9602859;42.5444679
-3.9604161;42.5446053
-4.0193582;42.5587044
-4.0194063;42.5588531
-4.0294924;42.5842781
-4.0295963;42.5844193
-4.0315914;42.5870476
-4.0316319;42.5870972
-3.9617043;42.5459633
-3.9615946;42.5458488
-3.9700165;42.5587006
-3.9699903;42.5586510
-3.9711418;42.5603676
-3.9709890;42.5601463
-3.9688375;42.5892220
-3.9687657;42.5894356
-3.9605651;42.6076698
-3.9606650;42.6078300
-3.9579878;42.6149025
-3.9577644;42.6149826
-3.9178073;42.6166306
-3.9176667;42.6166801
-3.9232090;42.5708046
-3.9233620;42.5706635
-3.9247780;42.5850410
-3.9247749;42.5848312
-3.9246979;42.5860329
-3.9247634;42.5859146
-3.9274631;42.5967789
-3.9273272;42.5965805
-3.8968892;42.5482178
-3.8968682;42.5480690
-3.9012480;42.5680428
-3.9011323;42.5677910
-4.0893822;42.5161476
-4.0891156;42.5162315
-4.0031161;42.5697784
-4.0032721;42.5697289
-4.0759134;42.5230331
-4.0758882;42.5229568
-4.0723925;42.5336990
-4.0724044;42.5336075
-4.0698290;42.5429420
-4.0698433;42.5428085
-4.0624905;42.5613480
-4.0625405;42.5612030
-4.0559230;42.5670280
-4.0558052;42.5670624
-4.0066271;42.5752258
-4.0065150;42.5752144
-4.0318851;42.5861359
-4.0318112;42.5861397
-4.0340466;42.5865707
-4.0338631;42.5865288
-3.9883785;42.4902916
-3.9884887;42.4904175
-4.0163665;42.5149269
-4.0166497;42.5150490
-4.0511346;42.5292549
-4.0515027;42.5293922
-4.0805707;42.5460472
-4.0809021;42.5462341
-4.0866237;42.5497093
-4.0867500;42.5497894
-4.0967894;42.5549126
-4.0970883;42.5550308
-4.0996447;42.5560417
-4.0999599;42.5561638
-3.9719024;42.5719795
-3.9718060;42.5719986
-3.9786773;42.5300255
-3.9785585;42.5299873
-4.0526576;42.5330048
-4.0529003;42.5328865
-4.0417700;42.5385399
-4.0418692;42.5384903
-4.0393410;42.5397758
-4.0394711;42.5397110
-4.0304127;42.5443192
-4.0306439;42.5442047
-4.0246191;42.5472717
-4.0248337;42.5471611
-4.1270595;42.5487518
-3.9794910;42.5636864
-3.9797399;42.5637970
-3.9975467;42.5679207
-3.9977517;42.5678558
-3.9990294;42.5684128
-3.9990442;42.5682449
-3.9348726;42.6204529
-3.9348099;42.6202660
-4.0712399;42.5405846
-4.0711722;42.5405884
-4.0710473;42.5406494
-4.0710378;42.5407639
-4.0713825;42.5408134
-4.0714092;42.5406876
-4.0712471;42.5408669
-4.0715499;42.5408936
-4.0710149;42.5409622
-4.0708447;42.5405464
-4.0714846;42.5404892
-4.0931664;42.5535507
-4.0931969;42.5535889
-4.0931640;42.5534210
-4.0932794;42.5533562
-4.0935197;42.5534439
-4.0933933;42.5536308
-4.0935063;42.5535622
-4.0936732;42.5536308
-4.0263023;42.5861282
-4.0932331;42.5537262
-4.0930510;42.5533714
-4.0922694;42.5530396
-3.9744091;42.4698296
-4.0929036;42.4731178
-4.0933633;42.4735489
-3.9690812;42.4742050
-3.9687424;42.4742355
-3.9685335;42.4742699
-4.1069021;42.4756203
-4.1068702;42.4757156
-4.1074691;42.4758949
-4.1053090;42.4760284
-4.1055160;42.4757118
-4.1048775;42.4758377
-4.0885119;42.4764862
-4.1041355;42.4765549
-4.1044731;42.4763718
-4.1040478;42.4758759
-4.1051645;42.4766312
-4.1052451;42.4768295
-4.1033993;42.4770470
-4.1022134;42.4763756
-4.1048927;42.4770470
-3.9634030;42.4770737
-4.1041684;42.4770851
-4.1055365;42.4770889
-4.1033554;42.4770927
-4.1046705;42.4772186
-4.1044188;42.4772530
-4.1038480;42.4773674
-4.1060028;42.4773941
-4.1052976;42.4773941
-4.1047020;42.4774399
-4.1040597;42.4774780
-4.1028647;42.4775047
-4.1024652;42.4768982
-4.1049123;42.4775124
-4.1058269;42.4775162
-4.1063557;42.4775505
-4.1071138;42.4774590
-4.1065831;42.4775658
-4.1039538;42.4775810
-4.1052785;42.4775887
-4.1032109;42.4775925
-4.1067457;42.4776268
-4.1072268;42.4775581
-4.1053257;42.4777565
-4.1043453;42.4776878
-4.1055775;42.4777374
-4.1037569;42.4778023
-4.1047673;42.4778214
-4.1069798;42.4778595
-4.1062174;42.4779015
-4.1051908;42.4779205
-3.9762225;42.4764900
-4.1053791;42.4780312
-4.1045766;42.4780540
-3.9962239;42.4779892
-3.9957969;42.4781685
-4.1044245;42.4782028
-4.1047626;42.4782219
-4.1075840;42.4782791
-4.1060381;42.4783287
-4.1033044;42.4783897
-4.1052322;42.4784088
-4.1066771;42.4784431
-4.1060171;42.4784508
-4.1048222;42.4784966
-4.1049962;42.4782715
-4.1040826;42.4785271
-4.1055350;42.4786453
-4.1049609;42.4786491
-4.1064048;42.4786949
-4.1065435;42.4786224
-4.1048965;42.4786987
-4.1029820;42.4787292
-4.1038752;42.4787407
-4.1044316;42.4787483
-4.1064367;42.4787560
-4.1045475;42.4788055
-4.1065993;42.4788094
-4.1057539;42.4788246
-4.1074057;42.4788589
-4.1066394;42.4788818
-4.1034851;42.4789352
-4.1052690;42.4789429
-4.1053696;42.4789581
-4.1051698;42.4789619
-4.1068320;42.4790497
-4.1004310;42.4790649
-4.1057701;42.4790726
-4.1051564;42.4790726
-4.1064487;42.4790955
-4.1057711;42.4791451
-4.1045461;42.4791603
-4.1043954;42.4792404
-4.1057715;42.4792442
-4.1025348;42.4793243
-4.1069689;42.4793282
-4.1067982;42.4793472
-4.0836868;42.4794121
-4.0917988;42.4794197
-4.0836186;42.4794540
-4.1062894;42.4794655
-4.1064167;42.4793739
-4.1070576;42.4794884
-4.1071024;42.4795418
-4.1047764;42.4795265
-4.1051979;42.4795837
-4.1057053;42.4796104
-3.9796314;42.4798393
-4.1074462;42.4798775
-4.1057410;42.4798813
-4.1071897;42.4799652
-4.1067767;42.4800110
-4.1068311;42.4800110
-4.1057792;42.4800262
-3.9798448;42.4800377
-4.1071630;42.4800529
-4.1066518;42.4800529
-3.9790413;42.4800415
-3.9786768;42.4800682
-3.9786146;42.4797745
-4.1068449;42.4801292
-4.1060224;42.4801369
-4.1063743;42.4801407
-3.9786150;42.4801750
-3.9778805;42.4800797
-4.1066599;42.4801903
-4.1017804;42.4801941
-4.1057453;42.4801941
-3.9792252;42.4802399
-3.9791858;42.4802132
-4.1073284;42.4803467
-3.9795127;42.4804573
-4.1070919;42.4804955
-4.1046610;42.4804993
-3.9787138;42.4805069
-4.1080542;42.4805832
-4.1070366;42.4806328
-4.1068406;42.4806557
-4.1074195;42.4806633
-3.9788010;42.4806824
-3.9775379;42.4806862
-3.9774208;42.4802475
-3.9777360;42.4806938
-3.9781482;42.4807243
-4.1076894;42.4807358
-3.9800713;42.4807892
-3.9802926;42.4808159
-3.9806643;42.4808197
-3.9802418;42.4808998
-4.1070700;42.4808998
-3.9793065;42.4809380
-3.9788895;42.4810867
-3.9810464;42.4811783
-3.9778171;42.4811974
-4.1056809;42.4812927
-3.9799263;42.4814720
-3.9789698;42.4814758
-3.9781394;42.4815674
-3.9804482;42.4815788
-4.1019597;42.4816132
-3.9782174;42.4816551
-3.9806304;42.4817467
-3.9787514;42.4817810
-3.9783406;42.4818230
-3.9790883;42.4818573
-3.9836683;42.4820251
-3.9818599;42.4820061
-3.9782083;42.4821358
-3.9813004;42.4822922
-3.9815176;42.4821472
-4.0766134;42.4836960
-3.9829171;42.4845009
-3.9860075;42.4872093
-4.0683007;42.4887161
-4.0200706;42.4902382
-4.0200238;42.4903374
-4.0197887;42.4908562
-4.0196915;42.4910049
-4.0198035;42.4910049
-4.0143886;42.4846611
-4.0146465;42.4912796
-4.1037965;42.4912987
-4.0146494;42.4913177
-4.1038227;42.4913521
-4.0201511;42.4913788
-4.0205393;42.4913826
-4.0206771;42.4913826
-4.0212173;42.4914818
-4.0193057;42.4915619
-4.0193758;42.4915733
-4.0200768;42.4915924
-4.0200028;42.4916725
-4.0203204;42.4916763
-4.0204945;42.4917450
-4.0199614;42.4917908
-4.0194921;42.4917984
-4.0199847;42.4918709
-4.0192604;42.4919930
-4.0201001;42.4921417
-4.0191064;42.4923019
-4.0207968;42.4923401
-4.0202017;42.4923439
-4.0221796;42.4917564
-4.0204120;42.4928474
-4.0147214;42.4929390
-4.1047339;42.4931412
-4.0147419;42.4935303
-4.0555949;42.4953461
-4.0553694;42.4954414
-3.9932084;42.4964600
-3.9872065;42.4975166
-3.9870322;42.4971619
-3.9870100;42.4976807
-3.9867699;42.4978638
-3.9875138;42.4979858
-3.9879880;42.4980087
-3.9882064;42.4980164
-3.9876730;42.4980202
-3.9864821;42.4981384
-3.9865952;42.4981613
-3.9874518;42.4981613
-3.9875338;42.4981766
-3.9867775;42.4982185
-3.9869130;42.4982300
-3.9865434;42.4982376
-3.9881020;42.4982567
-3.9877255;42.4982834
-3.9868662;42.4983063
-3.9874132;42.4983101
-3.9873657;42.4983559
-3.9877279;42.4983559
-3.9875965;42.4984055
-3.9875429;42.4984474
-3.9877052;42.4984970
-3.9870868;42.4985428
-3.9881146;42.4986076
-3.9873228;42.4986267
-3.9884071;42.4986687
-3.9875786;42.4987068
-3.9867821;42.4987106
-3.9877148;42.4987869
-3.9878800;42.4988861
-3.9870477;42.4989853
-3.9876182;42.4989891
-3.9895315;42.4990196
-3.9876106;42.4990616
-3.9883864;42.4991798
-3.9875808;42.4991913
-3.9878767;42.4994202
-3.9874895;42.4995308
-3.9883249;42.4997482
-3.9973707;42.4998512
-3.9975324;42.4999809
-4.0431557;42.5007362
-4.0309625;42.5060272
-4.0052900;42.5066490
-4.1143508;42.5071182
-4.1150737;42.5072098
-4.1149888;42.5075531
-4.1143575;42.5075607
-4.1140981;42.5076180
-4.1141667;42.5077248
-4.1148987;42.5078926
-4.1141906;42.5079880
-4.1144109;42.5080032
-4.1131339;42.5081024
-4.1138320;42.5081062
-4.1140089;42.5081825
-4.1141925;42.5082016
-4.1138883;42.5082550
-4.1141477;42.5082550
-4.1117258;42.5083466
-4.1136599;42.5084076
-4.1115704;42.5084190
-4.1149411;42.5085144
-4.1145220;42.5085220
-4.1137533;42.5085220
-4.1146898;42.5085640
-4.1139216;42.5085907
-4.1143289;42.5086746
-4.1147227;42.5087357
-4.1144633;42.5088158
-4.1143575;42.5090599
-4.1140323;42.5089874
-4.1136851;42.5091019
-4.1150947;42.5091171
-4.1146684;42.5091209
-4.1134877;42.5091743
-4.1150956;42.5091820
-4.1146359;42.5092125
-4.1148014;42.5092392
-4.1143250;42.5092621
-4.1134105;42.5093002
-4.1137419;42.5093193
-4.1138086;42.5095482
-4.1136899;42.5094986
-4.0227757;42.5095711
-4.1140218;42.5095711
-4.1147408;42.5096703
-4.1150999;42.5096893
-4.1146040;42.5098228
-4.1142364;42.5099792
-4.1145039;42.5100288
-4.1138110;42.5100555
-4.1153374;42.5102501
-4.0116758;42.5102577
-4.1131964;42.5103035
-4.1141882;42.5103340
-4.1126280;42.5104103
-4.1150875;42.5105820
-4.1131368;42.5108528
-4.0102010;42.5115967
-4.0105009;42.5118637
-4.0155401;42.5107269
-4.0109577;42.5122757
-4.0107241;42.5120659
-4.0139313;42.5122871
-4.0138836;42.5116692
-4.1119828;42.5123138
-4.1029639;42.5125084
-4.0088310;42.5127945
-4.0074954;42.5133629
-4.0125632;42.5134163
-4.0073948;42.5134773
-4.0123310;42.5135155
-4.0120535;42.5131989
-4.0134315;42.5136108
-4.0115743;42.5136566
-4.0127044;42.5136642
-4.0123096;42.5137138
-4.0117550;42.5137901
-4.0113821;42.5138321
-4.0115623;42.5139351
-4.0143776;42.5140343
-4.0128622;42.5140800
-4.0100369;42.5140991
-4.0145411;42.5141068
-4.0127001;42.5141144
-4.0099010;42.5141487
-4.0115781;42.5141907
-4.0115499;42.5142975
-4.0113459;42.5142860
-4.0101690;42.5143166
-4.0126157;42.5143471
-4.0081644;42.5143776
-4.0115366;42.5143852
-4.0102315;42.5144463
-4.0110731;42.5144653
-4.0154171;42.5145073
-4.0106897;42.5145378
-4.0086479;42.5145531
-4.0109396;42.5145683
-4.0087008;42.5146332
-4.0083981;42.5146370
-4.0072565;42.5146561
-4.0122976;42.5147133
-4.0089297;42.5147324
-4.0074272;42.5147362
-4.0099168;42.5147591
-4.0121922;42.5148430
-4.0097761;42.5148811
-4.0077214;42.5149002
-4.0093322;42.5149078
-4.0133166;42.5149498
-4.0099330;42.5149536
-4.0071125;42.5150185
-4.0103412;42.5150299
-4.0101342;42.5150528
-4.0119562;42.5150604
-4.0124698;42.5150948
-4.0102315;42.5151062
-4.0111365;42.5151138
-4.0079713;42.5151482
-4.0117292;42.5151711
-4.0110373;42.5152130
-4.0081038;42.5152130
-4.0074501;42.5152206
-4.0079384;42.5152512
-4.0117564;42.5152588
-4.0066409;42.5152702
-4.0109644;42.5153008
-4.0073447;42.5153389
-4.0102515;42.5153389
-4.0097728;42.5153503
-4.0065575;42.5153542
-4.0121412;42.5153694
-4.0088601;42.5153885
-4.0086660;42.5153847
-4.0123787;42.5153885
-4.0090175;42.5154076
-4.0062947;42.5154648
-4.0073333;42.5155106
-4.0095177;42.5155182
-4.0084376;42.5155220
-4.0136566;42.5155449
-4.0093651;42.5155602
-4.0113268;42.5155640
-4.0104403;42.5156174
-4.0062213;42.5156937
-4.0101643;42.5157433
-4.0077996;42.5157585
-4.0091190;42.5157700
-4.0116782;42.5158119
-4.0074553;42.5158310
-4.0100055;42.5158348
-4.0115209;42.5158882
-4.0098233;42.5159378
-4.0071220;42.5159645
-4.0089388;42.5159798
-4.0106821;42.5159912
-4.0096016;42.5160294
-4.0115166;42.5160408
-4.0099664;42.5160484
-4.0105133;42.5160828
-4.0105066;42.5161247
-4.0054712;42.5161362
-4.0109973;42.5161591
-4.0098548;42.5161591
-4.0086598;42.5161819
-4.0099325;42.5162010
-4.0065455;42.5162659
-4.0108280;42.5162735
-4.0084791;42.5163460
-4.0151439;42.5163651
-4.0107627;42.5163994
-4.0096593;42.5164795
-4.0083318;42.5165062
-4.0063839;42.5165749
-4.0107956;42.5165901
-4.0768771;42.5166664
-4.0767536;42.5167007
-4.0067530;42.5167160
-4.0106492;42.5167732
-4.0077767;42.5167961
-4.0078988;42.5168648
-4.0092773;42.5168991
-4.0091810;42.5169983
-4.0129499;42.5170326
-4.0072665;42.5170403
-4.0092711;42.5170708
-4.0768590;42.5171700
-4.0760159;42.5171661
-4.0075068;42.5171852
-4.0101781;42.5172691
-4.0102844;42.5173683
-4.0754776;42.5175438
-4.0747514;42.5175629
-4.0749292;42.5171127
-4.0068140;42.5175667
-4.0751109;42.5175781
-4.0099430;42.5175896
-4.0067334;42.5176086
-4.0748715;42.5176086
-4.0771294;42.5176277
-4.0779152;42.5176201
-4.0750699;42.5177002
-4.0765014;42.5177841
-4.0063677;42.5177841
-4.0101595;42.5177956
-4.0741539;42.5178642
-4.0739603;42.5173531
-4.0035701;42.5172882
-4.0041900;42.5178833
-4.0080967;42.5178833
-4.0064106;42.5179367
-4.0081220;42.5179596
-4.0078435;42.5179596
-4.0739899;42.5180244
-4.0736957;42.5179787
-4.0745959;42.5180321
-4.0745783;42.5177460
-4.0079842;42.5180473
-4.0751920;42.5180626
-4.0750365;42.5180893
-4.0767050;42.5181236
-4.0745273;42.5181351
-4.0063629;42.5182228
-4.0109601;42.5182571
-4.0749307;42.5182762
-4.0765662;42.5185928
-4.0049543;42.5186043
-4.0748363;42.5186234
-4.0028715;42.5186386
-4.0028076;42.5186615
-4.0751529;42.5186691
-4.0054293;42.5187798
-4.0742950;42.5188942
-4.0067101;42.5189171
-4.0738926;42.5189171
-4.0738654;42.5189209
-4.0053210;42.5189362
-4.0064712;42.5190086
-4.0754905;42.5189629
-4.0753722;42.5190544
-4.0257788;42.5190964
-4.0755348;42.5191002
-4.0015206;42.5191231
-4.0104647;42.5191307
-4.0758791;42.5192070
-4.0797601;42.5192490
-4.0762081;42.5193138
-4.0765738;42.5193253
-4.0769176;42.5193329
-4.0036159;42.5193558
-4.0740418;42.5194054
-4.0757084;42.5194321
-4.0019827;42.5195770
-4.0738535;42.5195808
-4.0059590;42.5195923
-4.0753121;42.5196152
-4.0774078;42.5196190
-4.0740795;42.5196419
-4.0764160;42.5196457
-3.9996395;42.5197220
-4.0065269;42.5197525
-4.0750370;42.5197563
-3.9994583;42.5197601
-4.0765452;42.5197639
-4.0756111;42.5197639
-4.0784025;42.5197983
-4.0752583;42.5197983
-4.0781598;42.5199471
-4.0778379;42.5199776
-4.0764675;42.5199776
-4.0738654;42.5199928
-4.0758719;42.5199966
-4.0760326;42.5198059
-4.0767074;42.5200005
-4.0024424;42.5200310
-4.0742202;42.5200462
-4.0774922;42.5200462
-4.0772681;42.5200539
-4.0733457;42.5201035
-4.0759401;42.5201111
-4.0732903;42.5201378
-4.0737748;42.5201378
-4.0054927;42.5201569
-4.0737448;42.5201836
-4.0785093;42.5201912
-4.0749002;42.5202103
-4.0770006;42.5202293
-4.0773764;42.5202522
-4.0769262;42.5202599
-4.0776925;42.5202751
-4.0757041;42.5203018
-4.0763097;42.5203171
-4.0762672;42.5203590
-4.0768638;42.5203972
-4.0763841;42.5204430
-3.9969354;42.5204430
-4.0774040;42.5204430
-4.0778570;42.5204544
-4.0737066;42.5205002
-4.0764933;42.5205269
-4.0733352;42.5205345
-4.0730562;42.5204391
-4.0766010;42.5205727
-4.0759311;42.5206184
-3.9965899;42.5206528
-4.0736947;42.5206718
-4.0766902;42.5207596
-4.0761175;42.5207748
-4.0045977;42.5208511
-4.0743041;42.5209732
-4.0742741;42.5210190
-4.0741763;42.5212021
-4.0747175;42.5214005
-3.9977357;42.5214005
-4.0057788;42.5214386
-3.9986281;42.5222321
-4.0105915;42.5233803
-4.0758615;42.5238991
-4.0014772;42.5240479
-3.9754562;42.5242577
-3.9754474;42.5244446
-3.9755516;42.5246391
-3.9753380;42.5247421
-3.9748178;42.5248566
-3.9758418;42.5248146
-3.9757814;42.5248833
-3.9750597;42.5249672
-3.9751465;42.5249557
-3.9756548;42.5250244
-3.9750147;42.5250778
-4.0757604;42.5252342
-3.9753723;42.5252609
-3.9744689;42.5252724
-3.9742124;42.5253181
-3.9753778;42.5253754
-3.9744709;42.5254211
-3.9751995;42.5254517
-4.0689774;42.5254974
-3.9753911;42.5256653
-3.9763217;42.5249290
-3.9758651;42.5256958
-3.9758446;42.5257568
-3.9761012;42.5256805
-3.9754155;42.5258102
-3.9766433;42.5258141
-3.9761090;42.5260162
-3.9757555;42.5260773
-3.9756520;42.5261116
-3.9763143;42.5262947
-4.0439711;42.5263901
-3.9914312;42.5264053
-3.9757054;42.5264702
-4.0308452;42.5860596
-3.9757261;42.5269547
-4.0112610;42.5272751
-3.9893606;42.5276070
-3.9863670;42.5283852
-3.9851964;42.5295792
-3.9850662;42.5296860
-3.9849486;42.5296211
-3.9855933;42.5299034
-3.9846966;42.5299873
-3.9846199;42.5300522
-3.9844968;42.5299721
-3.9853630;42.5300598
-3.9850214;42.5301743
-3.9866226;42.5300636
-3.9851213;42.5302353
-3.9844420;42.5302696
-3.9850521;42.5302849
-3.9847183;42.5304298
-3.9853554;42.5304642
-3.9847925;42.5304718
-3.9840612;42.5304756
-3.9835477;42.5306396
-3.9845338;42.5306511
-3.9858265;42.5306854
-3.9844463;42.5307121
-3.9846659;42.5308304
-3.9842489;42.5308533
-3.9847710;42.5309105
-3.9840837;42.5309792
-3.9849136;42.5310135
-4.0544538;42.5305710
-4.0561104;42.5312538
-3.9836061;42.5313110
-3.9833245;42.5315399
-4.0580373;42.5317802
-4.0578165;42.5318375
-4.0575609;42.5318871
-4.0579376;42.5319519
-4.0578952;42.5320511
-3.9855428;42.5322304
-3.9859333;42.5311508
-3.9984636;42.5331421
-3.9983675;42.5332680
-4.0498762;42.5344162
-4.0485868;42.5350723
-4.0446558;42.5370750
-4.0653381;42.5377235
-3.9494045;42.5381775
-3.9970770;42.5390053
-4.0403347;42.5392799
-4.0390177;42.5399361
-3.9974306;42.5399857
-4.0378547;42.5405273
-4.0263762;42.5861588
-3.9517195;42.5411797
-3.8964534;42.5413589
-3.8962896;42.5413094
-3.8979061;42.5418091
-3.9556460;42.5430832
-3.9597030;42.5431900
-3.9597371;42.5431480
-3.9594564;42.5430870
-3.9592907;42.5432663
-3.9588540;42.5433044
-3.9591286;42.5433388
-3.9591753;42.5434227
-3.9591250;42.5434952
-3.9587030;42.5434456
-3.9592097;42.5435219
-4.0319123;42.5435562
-3.9593754;42.5435829
-3.9984078;42.5436974
-3.9596038;42.5437164
-3.9598761;42.5433655
-3.9588642;42.5437164
-3.9586322;42.5437584
-3.9598877;42.5438232
-3.9600384;42.5436440
-3.9600534;42.5439339
-3.9601123;42.5439758
-3.9598825;42.5440292
-3.9587183;42.5440636
-3.9590406;42.5440865
-3.9588103;42.5441475
-3.9603906;42.5441704
-3.9601333;42.5443039
-3.9631424;42.5443459
-3.8972969;42.5443497
-3.9602184;42.5443916
-3.9582000;42.5445366
-4.0794125;42.5453644
-3.9611342;42.5454025
-3.9614375;42.5454292
-3.9611025;42.5456352
-3.9613857;42.5456657
-3.9603622;42.5460701
-3.8832633;42.5468445
-3.8830690;42.5471458
-4.0213137;42.5474930
-4.0214415;42.5473824
-4.0213070;42.5475311
-4.0835671;42.5477867
-4.0219541;42.5478325
-4.0233679;42.5479164
-4.0221453;42.5479698
-4.0222888;42.5478325
-4.0211339;42.5480042
-4.0209651;42.5479851
-4.0221825;42.5480614
-4.0230260;42.5480804
-4.0217981;42.5480843
-4.0217266;42.5480042
-4.0228095;42.5481606
-4.0218463;42.5481758
-4.0222797;42.5482101
-4.0224047;42.5482178
-4.0218086;42.5482597
-4.0211816;42.5482903
-4.0214863;42.5483742
-4.0219822;42.5484390
-4.0213823;42.5485420
-4.0207925;42.5485573
-4.0208588;42.5478477
-4.0207171;42.5485916
-4.0212021;42.5486107
-4.0205865;42.5486145
-3.8820817;42.5486565
-4.0215030;42.5487022
-4.0220523;42.5487175
-4.0209737;42.5487251
-3.8969612;42.5487328
-4.0194564;42.5487595
-4.0226641;42.5487633
-4.0222611;42.5487671
-4.0208855;42.5487785
-4.0228677;42.5487862
-4.0215669;42.5489120
-4.0216832;42.5489349
-4.0212045;42.5489960
-3.9994287;42.5490570
-3.8970225;42.5490875
-4.0217528;42.5491028
-4.0214448;42.5491066
-3.8968761;42.5491333
-4.0208845;42.5491371
-4.0218034;42.5491524
-4.0162916;42.5491676
-3.8965693;42.5491829
-4.0207577;42.5492249
-4.0202971;42.5491142
-3.9994848;42.5492401
-4.0213113;42.5492783
-3.8963811;42.5493431
-3.8962538;42.5494118
-3.8962128;42.5494080
-4.0207319;42.5494270
-4.0216718;42.5494347
-3.8969352;42.5495224
-3.8970597;42.5495033
-3.8971028;42.5495834
-3.8961005;42.5496025
-3.8977900;42.5496178
-3.8960304;42.5497284
-3.8965356;42.5498123
-3.8958297;42.5498505
-4.0216703;42.5498810
-4.0000186;42.5499077
-3.8972881;42.5499382
-3.8964338;42.5500565
-3.8965936;42.5503311
-3.8812370;42.5503616
-3.8811896;42.5504036
-3.8975577;42.5504494
-3.8811610;42.5499001
-3.8804877;42.5504837
-3.8975613;42.5506058
-3.8959069;42.5507278
-3.8807549;42.5507355
-3.8805254;42.5509033
-3.8788803;42.5509071
-3.8788342;42.5508614
-4.0658631;42.5509148
-3.8803954;42.5509949
-3.8805406;42.5510979
-3.8807778;42.5511055
-3.8800809;42.5511513
-3.8790653;42.5511703
-3.8799605;42.5511856
-3.8791785;42.5512161
-3.8798599;42.5512199
-3.8792691;42.5512619
-3.8797483;42.5512962
-3.8806362;42.5513039
-3.8800805;42.5513115
-3.8789961;42.5513535
-3.8803909;42.5514603
-3.9490097;42.5513191
-3.9451249;42.5515022
-3.9455302;42.5508499
-3.9447842;42.5512810
-3.8804457;42.5515175
-3.9471555;42.5515213
-3.9468291;42.5514069
-3.8807182;42.5515327
-4.0170221;42.5515633
-3.9452798;42.5515938
-3.9469495;42.5516586
-3.8794401;42.5516777
-3.9471843;42.5516548
-3.9470353;42.5517273
-3.8791337;42.5517273
-3.8786740;42.5517502
-3.8788598;42.5517845
-3.8785298;42.5518036
-3.9978158;42.5518036
-4.0005980;42.5518188
-3.8797662;42.5518188
-3.9470456;42.5518188
-3.9977832;42.5518303
-3.9472225;42.5518532
-3.9521136;42.5518608
-3.8789492;42.5519028
-3.8789692;42.5519600
-3.9518049;42.5519600
-3.8799086;42.5520134
-3.8783698;42.5520134
-3.9464085;42.5520401
-3.9974606;42.5520630
-3.9973638;42.5513382
-3.9460380;42.5520744
-3.9464574;42.5520782
-3.9470649;42.5520859
-3.9522109;42.5520935
-3.8785396;42.5521126
-3.9978013;42.5521240
-3.9472651;42.5521317
-3.8778868;42.5521431
-3.9519160;42.5521507
-3.8785193;42.5521774
-3.9973176;42.5521774
-3.9973648;42.5521965
-3.9466491;42.5522194
-3.9462101;42.5522537
-3.9977961;42.5522652
-3.8775463;42.5522957
-3.8782694;42.5522957
-3.9467633;42.5523109
-3.8783534;42.5523224
-3.8773112;42.5523300
-3.9971995;42.5523491
-3.9972434;42.5523987
-3.9463387;42.5524025
-3.9461384;42.5524025
-3.9975016;42.5524063
-4.0006647;42.5524216
-3.8773930;42.5524483
-3.9468942;42.5524559
-3.9977331;42.5525665
-3.8785732;42.5526085
-3.9977160;42.5526390
-3.9973044;42.5526886
-3.9970384;42.5527000
-3.9973302;42.5527916
-4.0006995;42.5529366
-3.9976683;42.5529480
-3.9968574;42.5530891
-3.9976134;42.5532417
-3.9986537;42.5537148
-3.9989345;42.5535927
-3.9984291;42.5537720
-3.9986324;42.5538559
-3.9507248;42.5538712
-4.0006499;42.5539169
-3.9986193;42.5540047
-3.9987795;42.5540314
-3.9986131;42.5540504
-4.0178595;42.5542908
-4.0955801;42.5544243
-4.0007415;42.5547104
-4.0925241;42.5550423
-4.0655122;42.5553246
-3.9497390;42.5553551
-3.9680159;42.5553932
-4.0182877;42.5555534
-4.1082635;42.5555992
-4.0995054;42.5559883
-4.0010304;42.5560265
-3.9688821;42.5565681
-4.1073656;42.5560532
-4.1070099;42.5567169
-4.1016006;42.5567894
-4.1057191;42.5569191
-4.0271692;42.5861664
-4.1044869;42.5564346
-4.1025982;42.5571060
-4.1060114;42.5571404
-4.1062508;42.5571976
-3.9692750;42.5572014
-4.1060891;42.5572701
-4.1059952;42.5573006
-4.1045752;42.5573273
-4.1045613;42.5570793
-3.8966808;42.5573502
-4.1070914;42.5576019
-4.1043196;42.5576324
-4.1066012;42.5576363
-4.1032319;42.5576668
-4.1058593;42.5577888
-4.1063604;42.5578842
-4.1063919;42.5577354
-4.1044092;42.5578842
-4.1065159;42.5578918
-4.1061735;42.5578995
-4.1058216;42.5579376
-4.1060066;42.5580177
-4.1043520;42.5580444
-4.1057873;42.5580750
-4.1064639;42.5581207
-4.1056213;42.5581703
-4.1055293;42.5582237
-4.1057167;42.5583229
-4.1040463;42.5583305
-4.1070285;42.5583382
-4.1049089;42.5583420
-4.1067505;42.5583801
-3.9698780;42.5584297
-4.1057100;42.5584526
-4.1050153;42.5584564
-3.9705551;42.5584602
-4.1031580;42.5585060
-4.1027150;42.5583267
-4.1035876;42.5585060
-4.1088533;42.5585060
-4.1090760;42.5584908
-4.1068621;42.5585670
-4.1063299;42.5585098
-4.1088777;42.5585823
-4.1060157;42.5585823
-4.1043930;42.5585937
-4.1069956;42.5586166
-4.1055651;42.5586281
-4.1033373;42.5586548
-4.1055193;42.5586700
-4.1053028;42.5587273
-4.1061435;42.5587578
-4.1073375;42.5588875
-4.1075544;42.5587196
-4.0899057;42.5588913
-4.1033626;42.5589104
-3.9701667;42.5589180
-3.9708090;42.5587959
-4.0898838;42.5589333
-4.1038618;42.5588875
-4.1038518;42.5589752
-4.1041622;42.5590019
-4.1035109;42.5590210
-4.1074128;42.5591125
-4.1067300;42.5591316
-3.9703109;42.5591393
-4.1046395;42.5591431
-3.9706929;42.5591507
-4.1040597;42.5591888
-4.1039300;42.5591850
-4.1058521;42.5591927
-4.1056376;42.5591965
-4.1037450;42.5592041
-4.1047249;42.5592079
-4.1042242;42.5592232
-3.9695561;42.5592651
-4.1066694;42.5592690
-4.1058588;42.5590210
-3.9693410;42.5592690
-3.9692998;42.5591621
-4.1045461;42.5592804
-4.1056814;42.5592957
-4.1073213;42.5592957
-4.1058717;42.5592995
-4.1046319;42.5593033
-4.1060705;42.5593147
-3.9698772;42.5593338
-4.1074858;42.5593643
-4.1056681;42.5593719
-3.9696441;42.5594025
-4.1066036;42.5594063
-4.1031127;42.5594101
-4.1027508;42.5594101
-4.1041703;42.5594292
-4.1040812;42.5594292
-4.1037059;42.5594368
-4.1047006;42.5594406
-4.1068125;42.5594482
-3.9698486;42.5594521
-3.9688356;42.5594521
-3.9686539;42.5593910
-4.1044393;42.5594826
-4.1076741;42.5594826
-3.9692891;42.5594864
-3.9686954;42.5595016
-3.9693577;42.5595207
-4.1029735;42.5595207
-3.9692147;42.5595551
-4.1029058;42.5595665
-4.1048021;42.5595970
-4.1064138;42.5595970
-4.1049833;42.5596085
-4.1072888;42.5596199
-4.1073632;42.5596313
-4.1048555;42.5596313
-3.9695725;42.5596352
-4.1021667;42.5596581
-4.1029124;42.5596809
-4.0630751;42.5596848
-4.1060495;42.5597000
-4.0630536;42.5597115
-4.1080189;42.5597343
-3.9690192;42.5597420
-4.1051617;42.5598068
-3.9697297;42.5598297
-4.1053977;42.5598602
-4.1061749;42.5598831
-4.1058249;42.5598907
-4.1070566;42.5598984
-4.1070771;42.5597649
-4.1072488;42.5599251
-4.1069026;42.5599556
-4.1067910;42.5599976
-4.1069460;42.5601234
-4.1064777;42.5601578
-4.1072135;42.5602036
-4.1063943;42.5602989
-4.1066542;42.5603447
-4.1056819;42.5603561
-4.1051159;42.5603676
-4.1065741;42.5603905
-3.9711690;42.5604172
-4.0200315;42.5604172
-4.1091428;42.5604286
-4.1037049;42.5604782
-4.1061373;42.5605392
-4.1094637;42.5605850
-4.1091475;42.5605888
-4.1072373;42.5605888
-4.1054926;42.5606117
-4.1091986;42.5606270
-4.1058435;42.5607834
-4.1056466;42.5608139
-4.1058512;42.5608482
-4.1060233;42.5608330
-4.1058812;42.5609169
-4.1060638;42.5611000
-4.1051760;42.5611153
-3.9451208;42.5612907
-4.1056194;42.5613556
-4.1084952;42.5614395
-4.1115232;42.5614624
-4.1083636;42.5615921
-3.9749320;42.5617752
-3.9750168;42.5618134
-4.1052079;42.5618172
-3.9754865;42.5620117
-4.1068459;42.5621071
-4.0621686;42.5622940
-4.0620089;42.5623512
-4.0621138;42.5624504
-4.0620928;42.5625076
-4.0611491;42.5625687
-4.0255041;42.5861740
-4.0252900;42.5859871
-4.0598707;42.5627136
-4.0610371;42.5627480
-4.0596333;42.5627403
-4.0606694;42.5628090
-4.0596662;42.5628853
-4.0609140;42.5629768
-4.0609150;42.5630341
-4.0617552;42.5630646
-4.0611506;42.5630951
-4.0613642;42.5631142
-4.0607758;42.5631752
-4.0592790;42.5632095
-4.0610781;42.5632210
-4.0602074;42.5633316
-4.0602860;42.5633621
-4.0613456;42.5634270
-4.0605211;42.5634956
-4.0598760;42.5635910
-4.0610037;42.5636673
-4.0595593;42.5638313
-4.0602245;42.5638313
-3.9798324;42.5638542
-4.0593657;42.5638657
-4.0597553;42.5639076
-4.0594459;42.5639153
-4.0603671;42.5639496
-4.0596647;42.5639763
-4.0600429;42.5639915
-4.0591631;42.5641060
-4.0599446;42.5641632
-4.0878496;42.5641708
-4.0598145;42.5642586
-4.0592546;42.5644798
-4.0590243;42.5644836
-4.0593514;42.5645142
-4.0585947;42.5647049
-4.0591869;42.5648041
-4.0589170;42.5648346
-4.0591116;42.5649033
-4.0588012;42.5649300
-4.0596604;42.5649376
-4.0593553;42.5649414
-4.0578828;42.5649986
-4.0583158;42.5650940
-4.0587835;42.5652161
-3.9821846;42.5652618
-4.0585728;42.5653229
-4.0591073;42.5653725
-4.0581598;42.5653877
-4.0584407;42.5654030
-4.0587530;42.5654259
-4.0586386;42.5655708
-4.0574574;42.5656319
-4.0586514;42.5657158
-3.9235671;42.5657654
-3.9235494;42.5656395
-4.0578246;42.5657806
-3.9237947;42.5657616
-4.0580244;42.5658607
-4.0128460;42.5658798
-4.0127883;42.5659103
-4.0579338;42.5659370
-4.0582709;42.5660133
-3.9235005;42.5660248
-4.0575333;42.5660782
-3.9234374;42.5660896
-4.1102452;42.5662041
-3.9248958;42.5662117
-3.9243400;42.5662346
-3.9237366;42.5662575
-3.9234204;42.5662804
-3.9232476;42.5662918
-3.9228749;42.5663109
-3.9226890;42.5663185
-3.9222307;42.5657692
-4.0578060;42.5663223
-3.9223149;42.5663376
-3.9222877;42.5663376
-3.9213295;42.5663872
-3.9232793;42.5664864
-3.9229474;42.5666046
-4.0566554;42.5667915
-3.9209449;42.5668182
-3.9233387;42.5668221
-3.9007094;42.5668449
-3.9228261;42.5668526
-4.1103621;42.5669708
-3.9233730;42.5670776
-4.0224910;42.5671272
-4.0557175;42.5671272
-3.9715362;42.5671654
-3.9989824;42.5674667
-3.9228411;42.5675125
-3.9960024;42.5675735
-3.9961035;42.5676384
-3.9715056;42.5676804
-3.9234519;42.5676918
-3.9962127;42.5677032
-3.9234567;42.5677299
-3.9990346;42.5680542
-4.0553536;42.5681419
-3.9136357;42.5682220
-3.9990242;42.5684738
-3.9015045;42.5685349
-3.9010286;42.5687027
-4.0049639;42.5691109
-3.9074306;42.5692902
-3.9072449;42.5692978
-3.9997957;42.5695496
-4.0015821;42.5699577
-3.9999876;42.5699577
-4.1317220;42.5699577
-4.0003252;42.5697746
-4.0008898;42.5699654
-4.0000367;42.5699959
-3.9998894;42.5699959
-3.9998169;42.5700798
-3.9995909;42.5700874
-3.9994330;42.5699081
-4.0014348;42.5701065
-4.0002561;42.5701981
-4.0013380;42.5702171
-4.0005841;42.5702362
-3.9998140;42.5702400
-3.9995711;42.5702820
-3.9994264;42.5703354
-3.9997721;42.5703506
-4.0012031;42.5703773
-4.0010009;42.5703316
-4.0000434;42.5704231
-3.9995415;42.5704880
-4.0011072;42.5704994
-4.0003529;42.5705223
-3.9992559;42.5706139
-3.9991429;42.5706291
-4.0004306;42.5706673
-4.0009751;42.5706749
-4.0010571;42.5707207
-4.0011935;42.5707932
-4.0003128;42.5708466
-3.9989955;42.5708542
-4.0008640;42.5708618
-3.9986978;42.5709038
-4.0007076;42.5710411
-3.9995551;42.5710411
-3.9996035;42.5711136
-4.0007658;42.5711174
-3.8695092;42.5709801
-3.8668575;42.5712166
-3.8662589;42.5710068
-3.8658731;42.5712776
-3.8657720;42.5711899
-3.9999087;42.5713539
-3.9995279;42.5714645
-3.8665628;42.5711021
-3.8660927;42.5715065
-4.0002198;42.5715218
-3.8678319;42.5715332
-3.8684726;42.5714569
-3.8674245;42.5712852
-3.9997790;42.5715485
-4.0002856;42.5715561
-3.8671567;42.5715675
-3.8677850;42.5715752
-3.9725103;42.5716438
-3.9994912;42.5716705
-3.8662674;42.5716743
-3.9996781;42.5717010
-3.8662422;42.5717392
-3.8658605;42.5718307
-3.9726379;42.5718422
-3.8668957;42.5718498
-4.0000362;42.5718536
-3.8659134;42.5718575
-3.8672285;42.5718803
-3.8673689;42.5719261
-3.8667309;42.5720558
-3.9658237;42.5720749
-3.9662333;42.5719872
-3.8665712;42.5720749
-4.0016985;42.5720940
-3.8677373;42.5721016
-4.1089163;42.5721245
-3.8663037;42.5721397
-4.0017843;42.5721550
-3.8683271;42.5720634
-3.8678694;42.5721550
-3.9997671;42.5721626
-3.8666806;42.5721893
-3.8676374;42.5721970
-3.8660657;42.5722084
-3.9992292;42.5722198
-3.8669531;42.5722237
-3.9662571;42.5722275
-3.8674984;42.5722389
-3.9655876;42.5722656
-3.8671606;42.5722656
-3.9663577;42.5722809
-3.9655323;42.5722809
-3.8677630;42.5722961
-3.9663863;42.5723038
-3.9658990;42.5723190
-3.8674684;42.5723495
-3.8670952;42.5723495
-3.8680677;42.5723610
-3.8669097;42.5724144
-3.8675051;42.5724220
-3.9993918;42.5724258
-3.8676975;42.5724411
-3.8662324;42.5725250
-3.9656630;42.5725288
-3.9655886;42.5725098
-3.9660940;42.5725365
-3.8664322;42.5725899
-3.8663704;42.5726051
-3.9998362;42.5725784
-3.9998128;42.5726089
-3.9986317;42.5726357
-3.9997754;42.5726585
-3.9656534;42.5726585
-3.9664493;42.5726776
-3.9991972;42.5726852
-3.9666109;42.5727081
-3.8670378;42.5727158
-3.9661524;42.5727158
-3.9662085;42.5727730
-3.9990914;42.5728111
-3.8670456;42.5728149
-3.9990661;42.5728416
-3.9992740;42.5728455
-3.9666173;42.5728455
-3.9983630;42.5728683
-3.9663310;42.5728836
-3.9672854;42.5728912
-3.9667077;42.5729218
-3.9663000;42.5729446
-3.9660621;42.5729752
-3.9665329;42.5729904
-3.9674532;42.5730247
-3.9668691;42.5730591
-3.9664295;42.5730858
-3.8670137;42.5729408
-3.9662139;42.5731277
-3.9669034;42.5731850
-3.9663498;42.5732231
-3.9663284;42.5732613
-3.9661677;42.5732384
-3.9670768;42.5733604
-4.0513167;42.5734978
-3.9661839;42.5735474
-4.0038891;42.5740509
-3.9200523;42.5748367
-4.0835724;42.5750237
-4.0086350;42.5753860
-4.0256162;42.5767593
-4.0113282;42.5768127
-3.8837342;42.5773849
-3.8926358;42.5774307
-3.8919704;42.5776443
-3.9752645;42.5777206
-3.8923807;42.5777512
-4.0818806;42.5778351
-4.1066403;42.5779190
-3.8921590;42.5780182
-3.8921971;42.5785713
-3.8921263;42.5784950
-3.8923111;42.5787468
-3.8924217;42.5788994
-3.8925307;42.5790596
-3.8928869;42.5791206
-3.8928514;42.5789986
-3.8922834;42.5791206
-3.8938484;42.5788879
-3.8933330;42.5792007
-3.8925896;42.5792389
-3.8935273;42.5792923
-3.8924522;42.5793304
-3.8931735;42.5793343
-3.8926461;42.5793877
-3.8933325;42.5794334
-3.8930528;42.5794563
-3.8935342;42.5794830
-3.8927858;42.5795174
-3.8931627;42.5795403
-3.8928761;42.5795746
-3.8934000;42.5795937
-3.8929224;42.5796013
-3.8925531;42.5796432
-3.8930182;42.5796623
-3.8914890;42.5796547
-3.8912599;42.5796700
-3.8928361;42.5797119
-3.8935206;42.5797501
-3.8931580;42.5797539
-3.8933911;42.5798073
-3.8930409;42.5798759
-3.8932781;42.5798950
-3.8930848;42.5799789
-3.8919046;42.5799980
-3.8916671;42.5800247
-3.8924923;42.5800552
-3.8912325;42.5800972
-3.8911233;42.5801125
-3.8907747;42.5800896
-3.8940535;42.5801048
-3.8937955;42.5801392
-3.8936636;42.5801430
-3.8942726;42.5801544
-3.8931985;42.5801620
-3.8937581;42.5802116
-3.8925622;42.5802193
-3.8941612;42.5802345
-3.8907382;42.5803833
-3.8911417;42.5804710
-3.8910415;42.5805092
-4.0267949;42.5805130
-3.9741893;42.5805283
-3.8901882;42.5805321
-3.8900492;42.5806198
-3.8905485;42.5806351
-3.8900111;42.5806389
-3.8943884;42.5806389
-3.8906679;42.5807686
-3.8903491;42.5807991
-3.8907390;42.5809250
-4.0270357;42.5809402
-3.9244239;42.5809784
-3.8901145;42.5809937
-4.0270967;42.5810242
-3.8906822;42.5810242
-3.8912299;42.5813866
-4.0281310;42.5824547
-4.0210247;42.5825043
-4.0282416;42.5826340
-4.0214677;42.5829010
-4.1047287;42.5831490
-3.8911994;42.5837288
-4.0243058;42.5838432
-4.0248518;42.5843163
-4.0266857;42.5848923
-4.0266609;42.5849304
-4.0245728;42.5850220
-4.0265284;42.5851250
-4.0250535;42.5852547
-4.0258737;42.5855141
-4.0257225;42.5855179
-3.8909018;42.5856857
-4.0259061;42.5857086
-4.0260315;42.5858040
-4.0249906;42.5859833
-4.0371284;42.5859871
-4.0260882;42.5859871
-4.0249672;42.5859947
-4.0289974;42.5858803
-4.0279984;42.5858994
-4.0266356;42.5862503
-3.9245501;42.5862732
-4.0261006;42.5862885
-3.9245307;42.5863037
-4.0275979;42.5863266
-4.0273504;42.5863724
-4.0269208;42.5863457
-4.0267792;42.5864105
-4.0261798;42.5864143
-3.8897154;42.5864487
-4.0277677;42.5864525
-4.0272875;42.5864639
-4.0274286;42.5864792
-4.0259609;42.5865326
-4.0271702;42.5865707
-3.9243548;42.5865707
-4.0271320;42.5866051
-3.9243009;42.5866966
-3.9230270;42.5863991
-4.0262032;42.5867081
-4.0263696;42.5868073
-3.9242764;42.5868454
-3.9246814;42.5868568
-4.0268407;42.5868835
-4.0269499;42.5869331
-4.0277643;42.5869484
-4.0263591;42.5871086
-3.9236002;42.5871162
-3.9232957;42.5870438
-3.9242368;42.5871277
-4.0265150;42.5871391
-3.9245358;42.5871506
-3.9234688;42.5871811
-3.9249148;42.5872078
-4.0761065;42.5872154
-3.9247291;42.5874443
-3.9251356;42.5875206
-3.9240861;42.5875244
-3.9242852;42.5875549
-3.9246607;42.5876884
-3.9481149;42.5878448
-3.9478199;42.5876923
-3.9239490;42.5878677
-3.9482121;42.5878983
-3.9245260;42.5879364
-3.9477713;42.5879669
-3.9250164;42.5880165
-3.9250913;42.5881271
-3.9487522;42.5882378
-3.9261191;42.5882950
-3.9480371;42.5883141
-3.9483659;42.5883522
-3.9485631;42.5884094
-3.9488926;42.5884476
-3.9499249;42.5880814
-3.9491537;42.5885048
-3.9481511;42.5885849
-3.9491551;42.5886040
-3.9689691;42.5887299
-3.9237423;42.5889816
-3.8846612;42.5882721
-3.8837302;42.5892563
-3.8832304;42.5896873
-3.9684668;42.5898514
-3.8882363;42.5898781
-3.8806217;42.5900421
-4.1000080;42.5903053
-4.1002655;42.5895042
-3.9238393;42.5903282
-4.0741229;42.5903702
-4.0999484;42.5906525
-4.0343289;42.5906525
-3.8727322;42.5907211
-3.8706346;42.5908966
-4.1019030;42.5909424
-3.9666355;42.5911179
-3.9666104;42.5911293
-4.1004243;42.5911903
-4.1011105;42.5908966
-4.0999584;42.5912476
-3.8663018;42.5912666
-4.1004009;42.5913963
-4.1005688;42.5914421
-4.0998154;42.5914879
-3.9659116;42.5915794
-4.1003098;42.5916138
-4.1004915;42.5916176
-4.0724673;42.5915947
-4.0723357;42.5916977
-4.0717316;42.5913124
-4.1002350;42.5917244
-4.0723486;42.5917664
-4.0722947;42.5918045
-4.1005278;42.5918350
-4.1008420;42.5918846
-4.1015587;42.5918884
-4.1011939;42.5911255
-4.1009374;42.5918922
-4.1010747;42.5918922
-4.1002436;42.5919724
-3.9644856;42.5920219
-3.9643037;42.5918655
-4.1007805;42.5920258
-4.1010013;42.5920525
-4.0718513;42.5921059
-4.0729651;42.5921249
-4.0730424;42.5921288
-3.8559408;42.5921555
-4.1002154;42.5921555
-3.9642353;42.5921783
-4.0725946;42.5921783
-4.0717745;42.5921974
-4.1029749;42.5922813
-4.0719748;42.5922890
-3.9644561;42.5923271
-3.9640281;42.5923805
-3.9637632;42.5918655
-4.0992479;42.5923958
-4.0991116;42.5923958
-4.1004663;42.5923958
-4.0996361;42.5923996
-3.9641039;42.5924187
-4.0723157;42.5924492
-4.0717821;42.5924721
-3.9647579;42.5924721
-4.0984874;42.5924797
-4.0999155;42.5924835
-4.0711145;42.5922546
-4.0710983;42.5924950
-4.0713072;42.5925102
-4.0713592;42.5925179
-4.0707517;42.5925598
-4.1001883;42.5925636
-3.9638481;42.5925751
-4.1002445;42.5925827
-3.9634535;42.5925560
-3.9638016;42.5926285
-4.0711713;42.5926399
-4.0710678;42.5926399
-3.9640222;42.5926514
-3.9651537;42.5926590
-4.0726867;42.5926628
-4.0713253;42.5926628
-3.9637673;42.5926743
-4.1008143;42.5926781
-4.0716352;42.5926933
-3.9616358;42.5926628
-3.9620032;42.5927200
-3.9646122;42.5927277
-3.9644930;42.5926819
-3.9623542;42.5926476
-3.9623129;42.5927353
-4.0719924;42.5927429
-3.9625018;42.5927467
-4.1014547;42.5927429
-4.1009254;42.5927696
-4.0994716;42.5927849
-4.0712433;42.5928078
-3.9619551;42.5928192
-3.9618568;42.5927963
-3.9650383;42.5928230
-4.1005597;42.5928383
-4.0999846;42.5928383
-4.0719571;42.5928459
-3.9633238;42.5926552
-3.9632385;42.5928535
-4.0995631;42.5928574
-4.0708361;42.5928688
-4.0705829;42.5928116
-4.0994749;42.5928726
-4.0996642;42.5928802
-4.0725055;42.5928802
-3.9614749;42.5928841
-4.0999722;42.5928955
-4.0711594;42.5928955
-3.9645345;42.5928955
-4.0721669;42.5929260
-3.9641724;42.5929298
-3.9644859;42.5929832
-3.9647551;42.5929947
-4.1017432;42.5929947
-3.9618530;42.5930099
-3.9635932;42.5930099
-4.1018353;42.5930138
-4.0995731;42.5930862
-3.9644442;42.5930901
-3.9648750;42.5931053
-3.9637027;42.5931206
-4.0998006;42.5931435
-4.0712829;42.5931549
-3.9613338;42.5931587
-3.9643557;42.5931664
-3.9621422;42.5931816
-4.0708590;42.5932159
-4.0992274;42.5932159
-4.1007333;42.5932312
-4.0994563;42.5932350
-4.1009040;42.5932465
-4.1012797;42.5932503
-3.9638276;42.5932617
-4.1013732;42.5933228
-3.9642093;42.5933533
-3.9639957;42.5933647
-4.0717402;42.5933876
-4.0710959;42.5933876
-3.9627178;42.5934105
-3.9641559;42.5934258
-4.0996070;42.5934372
-4.0717297;42.5934753
-3.9642806;42.5934753
-4.0719199;42.5935631
-3.9619474;42.5935898
-4.0718932;42.5935936
-3.9631338;42.5936050
-3.9647617;42.5936241
-3.9632297;42.5936508
-3.9635322;42.5936623
-3.9636793;42.5936699
-3.9638152;42.5937157
-3.9639757;42.5937233
-4.0988441;42.5937958
-3.9634047;42.5938148
-3.9644170;42.5938263
-4.0998755;42.5938721
-4.0716052;42.5940475
-4.1019907;42.5940933
-3.9637229;42.5943909
-4.0998254;42.5946236
-3.9635148;42.5948753
-3.9633751;42.5951920
-3.9266188;42.5953445
-3.9633012;42.5953560
-4.0382686;42.5953979
-3.9632363;42.5955048
-3.9267883;42.5956535
-3.9629171;42.5962639
-3.9280984;42.5976410
-3.9288435;42.5974388
-3.9287715;42.5976410
-3.9285407;42.5975685
-3.9287491;42.5976906
-3.9288890;42.5977135
-3.9291675;42.5976601
-3.9286964;42.5978165
-3.9288580;42.5978165
-3.9622664;42.5978394
-3.9284365;42.5978584
-3.9286668;42.5978966
-3.9289491;42.5979347
-3.9285238;42.5979424
-3.9286454;42.5979538
-3.9280992;42.5978508
-3.9280443;42.5980453
-3.9281628;42.5980644
-3.9286275;42.5980797
-3.9285994;42.5982628
-3.9281347;42.5982780
-4.0691261;42.5985985
-3.9285433;42.5986252
-3.9287438;42.5986404
-3.9288480;42.5986519
-3.9284711;42.5987091
-3.9279792;42.5986176
-3.9291615;42.5987091
-3.9292316;42.5987129
-3.9283867;42.5987778
-3.9291301;42.5988007
-3.9274375;42.5988197
-3.9278831;42.5988235
-3.9288187;42.5988464
-3.9287286;42.5988503
-3.9285135;42.5988617
-3.9294641;42.5988693
-3.9289575;42.5988770
-3.9280598;42.5988960
-3.9284935;42.5989227
-3.9273598;42.5990868
-3.9292746;42.5991402
-3.9283347;42.5991478
-3.9282670;42.5991516
-3.9280438;42.5995293
-3.9614799;42.5997772
-4.0680218;42.6004219
-4.0678797;42.6005783
-4.0676970;42.6007423
-4.0674715;42.6006355
-4.0671415;42.6011925
-4.0663195;42.6012268
-3.9607880;42.6014404
-4.0667810;42.6014824
-4.0665655;42.6016960
-4.0664525;42.6018486
-4.0659070;42.6016312
-4.0664124;42.6019135
-4.0664792;42.6019440
-4.0663838;42.6020775
-4.0661964;42.6022072
-4.0663214;42.6022644
-4.0661054;42.6023216
-4.0656657;42.6020317
-4.0665307;42.6023712
-4.0659800;42.6024551
-4.0660729;42.6025085
-4.0656376;42.6027527
-4.0665450;42.6027946
-4.0654941;42.6028671
-4.0669589;42.6030502
-4.0666122;42.6031570
-4.0675006;42.6033478
-4.0649228;42.6036110
-3.9605880;42.6044006
-4.0387006;42.6070175
-3.9617579;42.6094627
-4.0391493;42.6099892
-3.9617388;42.6102524
-3.9288585;42.6116257
-3.9288304;42.6118927
-3.9270148;42.6125946
-3.9272318;42.6118660
-3.9269087;42.6126213
-3.9269981;42.6120377
-3.9263885;42.6129112
-3.9262114;42.6128960
-3.9263186;42.6130028
-3.9266727;42.6130257
-3.9266710;42.6132545
-3.9260418;42.6132622
-3.9255543;42.6132813
-3.9261894;42.6133041
-3.9266644;42.6134605
-3.9261720;42.6135788
-3.9273899;42.6136436
-3.9265804;42.6137123
-3.9267492;42.6137543
-3.9261203;42.6137581
-3.9261267;42.6138802
-3.9264667;42.6139679
-3.9261289;42.6140518
-3.9268658;42.6142082
-3.9259202;42.6142273
-3.9270899;42.6142693
-3.9271462;42.6141891
-3.9595535;42.6141853
-3.9263437;42.6142998
-3.9266474;42.6143799
-3.9269779;42.6144180
-3.9265878;42.6144295
-3.9266922;42.6144753
-3.9264116;42.6145821
-3.9274516;42.6146431
-3.9263513;42.6147614
-3.9268458;42.6148262
-3.9260004;42.6148262
-3.9272265;42.6149216
-3.9267898;42.6151199
-3.9566700;42.6152954
-3.9519365;42.6155586
-4.0591760;42.6159134
-3.9348836;42.6159134
-3.9348526;42.6157761
-3.9355149;42.6157875
-3.9354103;42.6159325
-3.9351158;42.6159630
-3.9355805;42.6159782
-3.9348004;42.6161766
-3.9349356;42.6161880
-3.9354942;42.6162071
-3.9357169;42.6160164
-3.9210238;42.6161995
-3.9208784;42.6162148
-3.9384890;42.6162987
-3.9356000;42.6163254
-3.9354725;42.6163483
-3.9346392;42.6164017
-3.9342163;42.6164436
-3.9340837;42.6164780
-3.9399536;42.6165047
-3.9227488;42.6165161
-3.9418323;42.6162949
-3.9227998;42.6165314
-3.9077699;42.6167755
-3.9076207;42.6167603
-3.9257202;42.6169739
-3.9113150;42.6170578
-3.9321210;42.6170769
-3.9117560;42.6170807
-3.9163077;42.6170921
-3.9320107;42.6171036
-3.9018173;42.6171722
-3.8954446;42.6176872
-3.9347363;42.6198540
-3.9349487;42.6206245
-3.9354684;42.6215477
-3.9370720;42.6217384
-3.9372189;42.6218414
-3.9375105;42.6220474
-3.9361317;42.6220055
-3.9358602;42.6220970
-3.9370413;42.6221199
-3.9377913;42.6219559
-3.9377151;42.6222229
-3.9371405;42.6222496
-3.9377248;42.6222992
-3.9372208;42.6223259
-3.9368336;42.6223297
-3.9378173;42.6223450
-3.9370863;42.6224022
-3.9381151;42.6224213
-3.9376962;42.6224785
-3.9372675;42.6225014
-3.9368911;42.6225471
-3.9365988;42.6226349
-3.9377062;42.6226921
-3.9380362;42.6225929
-3.9380133;42.6227493
-3.9369271;42.6228027
-3.9374950;42.6228447
-3.9376485;42.6228676
-3.9384577;42.6229019
-3.9369972;42.6229057
-3.9382472;42.6229553
-3.9373775;42.6230240
-3.9375918;42.6230927
-3.9378901;42.6231155
-3.9376476;42.6231537
-3.9377542;42.6232109
-3.9380908;42.6232300
-3.9371493;42.6233063
-3.9379568;42.6233559
-3.9378815;42.6234245
-3.9374380;42.6235275
-3.9376278;42.6235313
-3.9372709;42.6238976
-3.9370728;42.6240807
-3.9367993;42.6239471
-3.9367981;42.6241570
-3.9369826;42.6241684
-3.9369974;42.6244011
-3.9368732;42.6244125
-3.9374545;42.6245117
-3.9381301;42.6248589
-3.4311588;42.4049416
-3.4309821;42.4052238
-3.4210482;42.4132996
-3.4208970;42.4135208
-3.4155924;42.4169273
-3.4155409;42.4170265
-3.4184558;42.4187584
-3.4181867;42.4185486
-3.4257095;42.4249039
-3.4255924;42.4249954
-3.4193809;42.3972359
-3.4183664;42.3985901
-3.4180591;42.3989105
-3.4209313;42.3993721
-3.4205222;42.3995743
-3.4191210;42.3996735
-3.4194465;42.4002266
-3.4212503;42.4128189
-3.4213092;42.4129066
-3.4196966;42.4137993
-3.4197114;42.4139977
-3.4205627;42.4140167
-3.4196675;42.4142952
-3.4200323;42.4144859
-3.4196899;42.4146042
-3.4193552;42.4147148
-3.4191492;42.4147835
-3.4190419;42.4149857
-3.4191408;42.4149971
-3.4193559;42.4150276
-3.4182706;42.4150848
-3.4181888;42.4149513
-3.4185116;42.4151115
-3.4191899;42.4152451
-3.4192722;42.4153214
-3.4175541;42.4153328
-3.4175603;42.4150848
-3.4189138;42.4153938
-3.4173408;42.4155617
-3.4167731;42.4155617
-3.4164588;42.4156075
-3.4172308;42.4162064
-3.4156713;42.4168015
-3.4173105;42.4179230
-3.4176979;42.4181938
-3.4185708;42.4188690
-3.4237790;42.4256897
-3.4208755;42.4257698
-3.4207268;42.4251022
-3.4215589;42.4258232
-3.4209902;42.4258308
-3.4213588;42.4259987
-3.4205811;42.4260178
-3.4207227;42.4260406
-3.4219134;42.4263000
-3.4201410;42.4263496
-3.4197397;42.4263725
-3.4196432;42.4264069
-3.4192874;42.4265480
-3.4197905;42.4265480
-3.4192622;42.4266968
-3.4187512;42.4267235
-3.4184098;42.4269180
-3.4183362;42.4269447
-3.4182341;42.4269829
-3.4179857;42.4266853
-3.4184041;42.4271317
-3.4179313;42.4273491
-3.3074803;42.3838997
-3.3075366;42.3839073
-3.3063247;42.3910942
-3.3061118;42.3912163
-3.3077788;42.3923721
-3.3077331;42.3924217
-3.3060050;42.3973579
-3.3059933;42.3974304
-3.3066857;42.4081383
-3.3067131;42.4082222
-3.3077993;42.4120522
-3.3078504;42.4121933
-3.3091130;42.4149857
-3.3091662;42.4150810
-3.3109832;42.4051781
-3.3109074;42.4051704
-3.3090506;42.3776016
-3.3098996;42.3788605
-3.3090794;42.3825722
-3.3065071;42.3832092
-3.3063405;42.3823090
-3.3062460;42.3837738
-3.3071635;42.3838272
-3.3089197;42.3838387
-3.3070538;42.3839493
-3.3060994;42.3839569
-3.3064659;42.3839836
-3.3091824;42.3840446
-3.3099003;42.3835220
-3.3099265;42.3841171
-3.3085303;42.3844337
-3.3059237;42.3844948
-3.3104310;42.3845215
-3.3090816;42.3845406
-3.3097682;42.3846741
-3.3098569;42.3847923
-3.3089907;42.3847923
-3.3095913;42.3850594
-3.3094246;42.3852348
-3.3062503;42.3852997
-3.3091252;42.3854752
-3.3089402;42.3854942
-3.3094306;42.3856201
-3.3089483;42.3856926
-3.3089566;42.3858910
-3.3096616;42.3859100
-3.3094132;42.3859215
-3.3096769;42.3862877
-3.3088617;42.3862991
-3.3096600;42.3863525
-3.3089657;42.3865623
-3.3090432;42.3865662
-3.3092349;42.3865814
-3.3092685;42.3871689
-3.3087788;42.3873901
-3.3084240;42.3873329
-3.3088531;42.3874016
-3.3090019;42.3874817
-3.3092098;42.3875427
-3.3096006;42.3876724
-3.3087296;42.3882675
-3.3087871;42.3882713
-3.3088362;42.3882713
-3.3090017;42.3882790
-3.3095641;42.3882980
-3.3098691;42.3880539
-3.3087151;42.3883705
-3.3104398;42.3883705
-3.3111467;42.3876572
-3.3093708;42.3885727
-3.3086007;42.3892174
-3.3085163;42.3894310
-3.3080466;42.3893509
-3.3084092;42.3895721
-3.3084118;42.3901711
-3.3087821;42.3900299
-3.3087108;42.3901825
-3.3079650;42.3901901
-3.3082085;42.3907890
-3.3055766;42.3916969
-3.3053229;42.3920212
-3.3065848;42.3941154
-3.3021941;42.3957405
-3.3058980;42.3980141
-3.3057704;42.3990898
-3.3137631;42.4053383
-3.3128603;42.4051666
-3.3136692;42.4053650
-3.3141172;42.4054108
-3.3126152;42.4046898
-3.3142586;42.4054337
-3.3144262;42.4054337
-3.3131301;42.4055901
-3.3065655;42.4077148
-3.3065891;42.4077988
-3.3068502;42.4087601
-3.3081102;42.4129715
-3.3098660;42.4164810
-3.2889566;42.4182968
-3.3146887;42.4184380
-3.3115716;42.4198608
-4.1149974;42.4605484
-4.1143861;42.4608116
-4.1143308;42.4608383
-4.1138959;42.4610596
-3.2617435;42.4044380
-3.2616711;42.4044762
-3.2567582;42.4097862
-3.2566895;42.4098053
-3.2513196;42.4114342
-3.2512536;42.4114532
-3.2490082;42.4130898
-3.2488525;42.4130745
-3.2541862;42.4139709
-3.2541215;42.4139137
-3.2602308;42.4151993
-3.2600470;42.4152184
-3.2558346;42.4153557
-3.2557790;42.4153099
-3.2620611;42.4039497
-3.2621903;42.4038429
-3.2620430;42.4044380
-3.2616262;42.4044991
-3.2615457;42.4045410
-3.2611766;42.4046707
-3.2591457;42.4046707
-3.2613246;42.4048119
-3.2621810;42.4059448
-3.2618582;42.4061470
-3.2621572;42.4062080
-3.2611976;42.4074821
-3.2621961;42.4076881
-3.2625997;42.4080124
-3.2626717;42.4080734
-3.2632444;42.4082756
-3.2627702;42.4083443
-3.2625825;42.4083710
-3.2604260;42.4087105
-3.2503362;42.4117355
-3.2540584;42.4138336
-3.2622564;42.4161034
-3.2677956;42.4194641
-3.9327734;42.3911095
-3.9327083;42.3909264
-3.9276459;42.3811684
-3.9556663;42.3822403
-3.9287949;42.3836670
-3.9313638;42.3876038
-3.9335704;42.3922310
-4.1126928;42.3965836
-4.1130595;42.3955917
-4.0885897;42.3933792
-4.0878897;42.3934288
-4.0876341;42.3936348
-4.0884457;42.3935661
-4.1020603;42.3938026
-4.1013889;42.3937149
-4.1013560;42.3938789
-4.1019945;42.3939667
-4.0993924;42.3795242
-4.1078582;42.3812714
-4.1084538;42.3826675
-4.0909514;42.3852158
-4.0909033;42.3852463
-4.0858636;42.3886299
-4.0828853;42.3906136
-4.1117220;42.3916168
-4.0742655;42.3927803
-4.0765624;42.3928490
-4.0757914;42.3928833
-4.0822115;42.3940544
-4.1119924;42.3940620
-4.0800409;42.3945045
-4.1132884;42.3980560
-4.1400452;42.4001884
-4.1168017;42.4053993
-3.6460238;42.3838081
-3.6424301;42.3860168
-3.6414063;42.3867760
-3.6396503;42.3880882
-3.6395464;42.3881683
-3.6375582;42.3902931
-3.6397030;42.3924866
-3.6396799;42.3924942
-3.6350701;42.3925858
-3.6392956;42.3926468
-3.6343706;42.3929176
-3.6384676;42.3929749
-3.6383643;42.3929977
-3.6384482;42.3938522
-3.6408210;42.3940048
-3.6405084;42.3941422
-3.6400404;42.3943291
-3.6397340;42.3945122
-3.6394296;42.3946838
-3.6386826;42.3940468
-3.6388948;42.3946915
-3.6394207;42.3947868
-3.6387258;42.3948059
-3.6372576;42.3942604
-3.6301684;42.3949089
-3.6301050;42.3949394
-3.6390226;42.3949585
-3.6390829;42.3950119
-3.6385887;42.3950348
-3.6386530;42.3950577
-3.6384840;42.3951492
-3.6401682;42.3954277
-3.6392274;42.3955879
-3.6389940;42.3954544
-3.6434996;42.3955841
-3.6434331;42.3955956
-3.6397827;42.3956184
-3.6431341;42.3956604
-3.6388316;42.3957329
-3.6384101;42.3958244
-3.6394050;42.3959160
-3.6425972;42.3959923
-3.6432221;42.3959961
-3.6425166;42.3960495
-3.6398790;42.3960609
-3.6395073;42.3960915
-3.6393130;42.3960953
-3.6376798;42.3961067
-3.6423211;42.3961182
-3.6279519;42.3961220
-3.6416347;42.3961792
-3.6429031;42.3961830
-3.6419985;42.3961983
-3.6405959;42.3962021
-3.6393406;42.3962250
-3.6416337;42.3962250
-3.6410992;42.3962631
-3.6384497;42.3963432
-3.6405346;42.3963737
-3.6402364;42.3963814
-3.6403813;42.3964462
-3.6415246;42.3964615
-3.6401374;42.3964882
-3.6407127;42.3965454
-3.6402750;42.3965492
-3.6421177;42.3966179
-3.6409190;42.3966293
-3.6405721;42.3966866
-3.6407886;42.3967972
-3.6377842;42.3968048
-3.6412196;42.3969154
-3.6416223;42.3969917
-3.6424544;42.3972244
-3.6369116;42.3973274
-4.0156097;42.4673958
-4.0156713;42.4674835
-4.0172992;42.4670296
-4.0172429;42.4671593
-4.0185409;42.4671059
-4.0184813;42.4672203
-4.0143399;42.4833565
-4.0143342;42.4831123
-4.0101309;42.4643936
-4.0100698;42.4645157
-4.0201898;42.4707146
-4.0205107;42.4708595
-4.0176950;42.4495392
-4.0171151;42.4505692
-4.0274124;42.4532471
-4.0148816;42.4554901
-4.0133395;42.4587402
-4.0250030;42.4596786
-4.0120254;42.4609604
-4.0112252;42.4622688
-4.0100560;42.4645462
-4.0198178;42.4648781
-4.0181589;42.4657936
-4.0170989;42.4662781
-4.0168667;42.4663963
-4.0149279;42.4664040
-4.0148454;42.4664192
-4.0147214;42.4664688
-4.0151095;42.4664764
-4.0161448;42.4665260
-4.0169301;42.4665298
-4.0172644;42.4665604
-4.0145574;42.4665680
-4.0142236;42.4669418
-4.0171504;42.4670410
-4.0171585;42.4671135
-4.0164723;42.4671974
-4.0177169;42.4672165
-4.0165191;42.4672775
-4.0184298;42.4673195
-4.0152965;42.4673920
-4.0152035;42.4674416
-4.0148945;42.4674911
-4.0147862;42.4675179
-4.0153475;42.4675636
-4.0153990;42.4675903
-4.0182428;42.4676666
-4.0086975;42.4676933
-4.0148430;42.4677925
-4.0166817;42.4678650
-4.0159431;42.4679031
-4.0157743;42.4679146
-4.0169091;42.4679298
-4.0162649;42.4679413
-4.0174828;42.4679451
-4.0170903;42.4679527
-4.0164242;42.4679565
-4.0171170;42.4680786
-4.0167212;42.4681091
-4.0158563;42.4682159
-4.0178084;42.4682693
-4.0180106;42.4682884
-4.0171561;42.4682999
-4.0177479;42.4683189
-4.0186148;42.4683456
-4.0167742;42.4683609
-4.0187373;42.4683762
-4.0176306;42.4684219
-4.0165949;42.4685593
-4.0161591;42.4686661
-4.0164967;42.4687195
-4.0164065;42.4687500
-4.0161991;42.4687729
-4.0167813;42.4689140
-4.0171309;42.4689369
-4.0157843;42.4689713
-4.0169296;42.4691505
-4.0083375;42.4692497
-4.0161047;42.4696426
-4.0164948;42.4696846
-4.0189848;42.4697075
-4.0164790;42.4698563
-4.0157022;42.4697418
-4.0197787;42.4704628
-4.0201564;42.4706955
-4.0615621;42.4707451
-4.0215750;42.4712296
-4.0217643;42.4712791
-4.0570397;42.4714737
-4.0231533;42.4715080
-4.0240326;42.4717712
-4.0256605;42.4720840
-4.0130844;42.4721069
-4.0128694;42.4720993
-4.0112262;42.4721756
-4.0262523;42.4721985
-4.0165548;42.4722023
-4.0264769;42.4722481
-4.0383196;42.4723930
-4.0331841;42.4724922
-4.0300975;42.4725456
-4.0300269;42.4725571
-4.0073066;42.4735336
-4.0022020;42.4754753
-4.0017686;42.4756584
-4.0143161;42.4828377
-3.2355483;42.6028900
-3.8761518;42.4600983
-3.8757405;42.4601059
-3.7736962;42.4504280
-3.7729309;42.4517097
-3.7891824;42.4425049
-3.7891371;42.4424591
-3.7860918;42.4769287
-3.7859733;42.4770317
-3.7690065;42.4560547
-3.7689004;42.4561005
-3.7992315;42.4672966
-3.7993057;42.4673843
-3.7999873;42.4679985
-3.8000736;42.4680328
-3.8005836;42.4682198
-3.8006821;42.4682579
-3.8011377;42.4684486
-3.8012691;42.4685020
-3.8063271;42.4754791
-3.8062866;42.4753532
-3.8087349;42.4821815
-3.8087113;42.4821320
-3.8163114;42.4930801
-3.8162327;42.4930191
-3.8194337;42.4949265
-3.8193343;42.4948959
-3.8028467;42.4323997
-3.8028052;42.4324455
-3.8011894;42.4352531
-3.8011818;42.4353447
-3.8065484;42.4469604
-3.8062785;42.4467545
-3.8087368;42.4472961
-3.8086603;42.4473000
-3.8018713;42.4540482
-3.8017700;42.4539108
-3.8047638;42.4569702
-3.8045690;42.4567184
-3.8065279;42.4575119
-3.8062878;42.4574585
-3.8049591;42.4314117
-3.8028803;42.4323616
-3.7772248;42.4366531
-3.7877145;42.4420624
-3.7893872;42.4427299
-3.7955384;42.4427338
-3.7954633;42.4428024
-3.7897134;42.4431190
-3.7955933;42.4432144
-3.7951772;42.4433784
-3.7951314;42.4433937
-3.7950203;42.4434357
-3.7948236;42.4429436
-3.7947147;42.4435463
-3.7950430;42.4435959
-3.7944722;42.4436226
-3.7951937;42.4436684
-3.7943418;42.4436836
-3.7940161;42.4433670
-3.7942450;42.4437141
-3.7948658;42.4437218
-3.7905133;42.4437256
-3.7929797;42.4437180
-3.7948012;42.4437675
-3.7936194;42.4437714
-3.7945209;42.4437866
-3.7957895;42.4433632
-3.7954829;42.4438057
-3.7937474;42.4438324
-3.7949753;42.4438362
-3.7946336;42.4438629
-3.7949235;42.4438744
-3.7951219;42.4439163
-3.7937586;42.4439468
-3.7954280;42.4439545
-3.7948384;42.4439926
-3.7942948;42.4440193
-3.7949545;42.4440269
-3.7953863;42.4440384
-3.7949269;42.4440422
-3.7950873;42.4441032
-3.7947724;42.4441605
-3.7935240;42.4442101
-3.7958956;42.4442711
-3.7952552;42.4443245
-3.7953441;42.4443932
-3.7943311;42.4444809
-3.7938838;42.4444389
-3.7945764;42.4445992
-3.7946835;42.4446793
-3.7957163;42.4449883
-3.7958586;42.4451447
-3.7813909;42.4451752
-3.8032801;42.4461403
-3.8029070;42.4462280
-3.7971842;42.4465446
-3.7979422;42.4473457
-3.8132148;42.4477806
-3.8132067;42.4475174
-3.8138223;42.4478188
-3.8138850;42.4476166
-3.8130767;42.4478226
-3.8143697;42.4478760
-3.8146667;42.4478035
-3.8142750;42.4475746
-3.8140721;42.4479561
-3.8116601;42.4480247
-3.8112607;42.4480324
-3.8147156;42.4481010
-3.8144698;42.4481659
-3.8150957;42.4481697
-3.8152430;42.4481049
-3.8144801;42.4482002
-3.8126707;42.4482460
-3.8131149;42.4483261
-3.8147132;42.4483681
-3.8146672;42.4483719
-3.8152230;42.4483795
-3.8140855;42.4484711
-3.8138871;42.4484978
-3.8137727;42.4485283
-3.8133903;42.4486351
-3.8134158;42.4486542
-3.8139076;42.4486504
-3.8142314;42.4487495
-3.8136849;42.4488602
-3.8143773;42.4488945
-3.8144848;42.4488335
-3.8153205;42.4490356
-3.8144164;42.4491501
-3.8126743;42.4491577
-3.8140640;42.4492378
-3.8145423;42.4492874
-3.7743948;42.4493637
-3.8124654;42.4493790
-3.8121998;42.4493713
-3.8129756;42.4494019
-3.8130682;42.4494362
-3.8136928;42.4494667
-3.8124905;42.4495316
-3.8137722;42.4496307
-3.8127596;42.4497223
-3.8122602;42.4497337
-3.8133509;42.4498825
-3.8004177;42.4517555
-3.7725351;42.4523773
-3.8005385;42.4524612
-3.8000631;42.4545517
-3.7696192;42.4558182
-3.7693446;42.4559212
-3.7444975;42.4562149
-3.7373686;42.4553680
-3.7466977;42.4562721
-3.7463973;42.4562874
-3.8097684;42.4564133
-3.8097367;42.4564896
-3.8091333;42.4566345
-3.8091915;42.4565544
-3.8090138;42.4565620
-3.8093743;42.4567375
-3.7674451;42.4568138
-3.8088398;42.4568634
-3.8087339;42.4566727
-3.8097980;42.4569359
-3.8087490;42.4570541
-3.8089519;42.4570847
-3.8099284;42.4571304
-3.8097100;42.4572258
-3.8096161;42.4573250
-3.8082085;42.4574013
-3.8080168;42.4573097
-3.8093274;42.4574165
-3.8094254;42.4574242
-3.7595024;42.4574318
-3.7593746;42.4572945
-3.7589998;42.4574394
-3.8084300;42.4574432
-3.8095398;42.4574738
-3.7592683;42.4575233
-3.8095276;42.4575272
-3.8096786;42.4575729
-3.8080974;42.4575806
-3.8083327;42.4576187
-3.8098779;42.4575233
-3.8098507;42.4576263
-3.7595458;42.4576302
-3.7596877;42.4576797
-3.8087051;42.4577065
-3.8086994;42.4575806
-3.7598739;42.4577179
-3.7598131;42.4574509
-3.8101835;42.4577332
-3.8094287;42.4577332
-3.8095973;42.4577560
-3.7601130;42.4577599
-3.8090439;42.4577637
-3.8100171;42.4577713
-3.8099222;42.4577942
-3.7605503;42.4578171
-3.8096321;42.4578362
-3.8111892;42.4578362
-3.8093369;42.4578514
-3.7591028;42.4579239
-3.7587516;42.4577751
-3.7601681;42.4579315
-3.8099332;42.4579353
-3.7612607;42.4579811
-3.7605932;42.4580040
-3.7616675;42.4580078
-3.7594056;42.4580116
-3.7639410;42.4580193
-3.7636704;42.4580650
-3.7607586;42.4580917
-3.7608123;42.4580040
-3.8096857;42.4581032
-3.7589190;42.4581680
-3.7588210;42.4581223
-3.7591100;42.4581909
-3.7609367;42.4581985
-3.7589996;42.4582062
-3.7600660;42.4582138
-3.8100078;42.4582443
-3.7598438;42.4582748
-3.8123932;42.4582825
-3.7592182;42.4582939
-3.7588415;42.4583168
-3.7589815;42.4583359
-3.7604234;42.4583473
-3.7596028;42.4584084
-3.8127263;42.4584122
-3.7591124;42.4584160
-3.7591310;42.4584465
-3.7600212;42.4585762
-3.7589800;42.4586296
-3.8795815;42.4587631
-3.8784616;42.4588394
-3.8784378;42.4590645
-3.7988684;42.4593353
-3.8779433;42.4591484
-3.8774254;42.4593391
-3.8773909;42.4593353
-3.8783154;42.4593735
-3.8776267;42.4593849
-3.8781376;42.4593964
-3.8776135;42.4594002
-3.8778129;42.4595070
-3.8779995;42.4595375
-3.8782058;42.4595413
-3.8805254;42.4595680
-3.8781667;42.4595985
-3.8775814;42.4596901
-3.8774011;42.4597473
-3.8777971;42.4597511
-3.8775411;42.4597588
-3.8749757;42.4597778
-3.8774364;42.4599228
-3.8733690;42.4599113
-3.8709035;42.4599571
-3.8778760;42.4600601
-3.8762939;42.4601097
-3.8767049;42.4601402
-3.8767807;42.4601440
-3.8768651;42.4601517
-3.8771062;42.4601669
-3.8776805;42.4601936
-3.8776081;42.4603004
-3.8749614;42.4603081
-3.8771648;42.4603195
-3.8781137;42.4603348
-3.8790417;42.4602013
-3.8775735;42.4603539
-3.8735669;42.4603539
-3.8775411;42.4603996
-3.8775592;42.4605141
-3.8775661;42.4605598
-3.8773208;42.4605942
-3.8771951;42.4606056
-3.8769400;42.4606056
-3.8733397;42.4606094
-3.8770146;42.4606094
-3.8767142;42.4606171
-3.8747914;42.4606247
-3.8775077;42.4606361
-3.8765378;42.4607010
-3.8751020;42.4607162
-3.8724511;42.4607620
-3.8734515;42.4607964
-3.8743870;42.4607506
-3.8743198;42.4608040
-3.8740346;42.4607315
-3.8733556;42.4608078
-3.8767571;42.4608078
-3.8770242;42.4608498
-3.8770771;42.4608612
-3.8736386;42.4608879
-3.8740954;42.4608879
-3.8743048;42.4609299
-3.8743958;42.4609756
-3.8744352;42.4609909
-3.8736160;42.4610023
-3.8731849;42.4610176
-3.8316140;42.4610901
-3.8312752;42.4610901
-3.8747442;42.4611168
-3.8739774;42.4611244
-3.8389654;42.4611511
-3.8423729;42.4611664
-3.8739100;42.4611893
-3.8456450;42.4612007
-3.8741958;42.4612083
-3.8757353;42.4612274
-3.8547833;42.4612389
-3.8753710;42.4612656
-3.8589659;42.4613037
-3.8755958;42.4613190
-3.8752861;42.4613724
-3.8773141;42.4614258
-3.8747175;42.4614639
-3.8231409;42.4614754
-3.8759749;42.4614983
-3.8750253;42.4617500
-3.8830404;42.4619637
-3.7979963;42.4627380
-3.8856356;42.4628258
-3.8246157;42.4629402
-3.8962355;42.4631538
-3.9013202;42.4632034
-3.7978778;42.4632530
-3.7977457;42.4637299
-3.7979734;42.4637718
-3.7982273;42.4640350
-3.7976089;42.4642792
-3.7973337;42.4643211
-3.7968605;42.4642487
-3.7979100;42.4643936
-3.7982810;42.4645004
-3.7978132;42.4645157
-3.7974043;42.4650345
-3.7973771;42.4651566
-3.7967713;42.4652100
-3.7970707;42.4663429
-3.8010530;42.4684143
-3.8018453;42.4687691
-3.8039718;42.4691734
-3.8044722;42.4692688
-3.8053153;42.4699593
-3.8026383;42.4710121
-3.8026607;42.4710579
-3.8088756;42.4718475
-3.8146474;42.4742508
-3.8196361;42.4757385
-3.7717690;42.4748268
-3.7729640;42.4757538
-3.7731464;42.4757462
-3.8071961;42.4767914
-3.7861114;42.4769135
-3.7763534;42.4778214
-3.7769387;42.4779968
-3.7790554;42.4781876
-3.7845507;42.4782448
-3.7842824;42.4784698
-3.8077044;42.4788780
-3.7807877;42.4790192
-3.7832386;42.4792366
-3.7830195;42.4791641
-3.7834105;42.4792976
-3.7836366;42.4791870
-3.7834833;42.4793243
-3.7831674;42.4793663
-3.7824657;42.4794464
-3.7824876;42.4792175
-3.7839339;42.4794464
-3.7853718;42.4794884
-3.7856762;42.4788399
-3.7839146;42.4795227
-3.7841635;42.4795723
-3.7833340;42.4795761
-3.7832329;42.4795380
-3.7852135;42.4796143
-3.7838719;42.4797211
-3.7838621;42.4797668
-3.7850730;42.4798126
-3.7822363;42.4798203
-3.7870746;42.4798279
-3.7874773;42.4794846
-3.7852695;42.4798279
-3.7834384;42.4798355
-3.7859409;42.4798546
-3.7821805;42.4798889
-3.7859976;42.4799042
-3.7862601;42.4798965
-3.7852407;42.4799080
-3.7838318;42.4799080
-3.7849984;42.4799194
-3.7833562;42.4799690
-3.7845771;42.4800606
-3.7838097;42.4800758
-3.7832394;42.4802132
-3.7820287;42.4802170
-3.7860599;42.4802856
-3.7835519;42.4803009
-3.7837601;42.4803200
-3.7860498;42.4804115
-3.7818754;42.4804115
-3.7812252;42.4801826
-3.7837272;42.4804230
-3.7838426;42.4804420
-3.7822461;42.4804497
-3.7864237;42.4804649
-3.7834206;42.4805374
-3.7863419;42.4805450
-3.7836783;42.4805756
-3.7848403;42.4806442
-3.7868078;42.4806557
-3.7849226;42.4806824
-3.7825835;42.4807396
-3.7860117;42.4807968
-3.7829902;42.4808693
-3.7828085;42.4809723
-3.7853906;42.4809875
-3.7855461;42.4810867
-3.7827473;42.4811020
-3.7833965;42.4811172
-3.7843630;42.4811287
-3.7845991;42.4812012
-3.7842495;42.4812088
-3.7857835;42.4812393
-3.7821419;42.4812393
-3.7852490;42.4812622
-3.7821569;42.4813080
-3.7817848;42.4813156
-3.7815967;42.4812202
-3.7836535;42.4813194
-3.7839587;42.4813232
-3.7837214;42.4813652
-3.7837369;42.4814415
-3.7848988;42.4814606
-3.7819302;42.4815140
-3.7841401;42.4815445
-3.7825909;42.4815559
-3.8264704;42.4815750
-3.7831192;42.4815979
-3.7825506;42.4816093
-3.7835665;42.4816246
-3.7830815;42.4816666
-3.7843993;42.4816895
-3.7831380;42.4817123
-3.7817688;42.4817276
-3.7822723;42.4818459
-3.7822320;42.4818840
-3.8086793;42.4820633
-3.7839849;42.4822884
-3.7817211;42.4825974
-3.8274155;42.4826584
-3.7824516;42.4827995
-3.8284614;42.4829102
-3.8091230;42.4830437
-3.8090436;42.4831238
-3.8088782;42.4832993
-3.8281982;42.4836235
-3.8295150;42.4836311
-3.8281894;42.4836540
-3.8276479;42.4836998
-3.8275630;42.4837074
-3.8283377;42.4837494
-3.8286290;42.4837532
-3.8276525;42.4837837
-3.8275824;42.4837875
-3.8288193;42.4838409
-3.8289301;42.4836426
-3.8293560;42.4838486
-3.8292534;42.4838448
-3.8281403;42.4838753
-3.8282387;42.4838905
-3.8101120;42.4839134
-3.8308036;42.4838257
-3.8302970;42.4839172
-3.8288438;42.4839172
-3.8300862;42.4839325
-3.8301504;42.4837646
-3.8101337;42.4839363
-3.8292224;42.4839363
-3.8293653;42.4839439
-3.8086650;42.4839554
-3.8091624;42.4834480
-3.8295844;42.4839554
-3.8296244;42.4839592
-3.8284438;42.4839592
-3.8296127;42.4840088
-3.8093185;42.4840126
-3.8093555;42.4839134
-3.8091218;42.4838753
-3.8292248;42.4840775
-3.8280852;42.4841232
-3.8302023;42.4840736
-3.8300140;42.4841423
-3.8292496;42.4841690
-3.8301001;42.4841843
-3.8086495;42.4841919
-3.8091474;42.4842148
-3.8085251;42.4842567
-3.8082333;42.4841347
-3.8295262;42.4842682
-3.8087502;42.4842911
-3.8294888;42.4843216
-3.8287554;42.4843864
-3.8091807;42.4844475
-3.8098304;42.4840012
-3.8095198;42.4844780
-3.8098943;42.4845200
-3.8100572;42.4842911
-3.8090606;42.4845390
-3.8094854;42.4845734
-3.8091238;42.4846001
-3.8100493;42.4846191
-3.8081987;42.4846497
-3.8080571;42.4845276
-3.8092594;42.4847145
-3.8086815;42.4847450
-3.8087294;42.4847908
-3.8080585;42.4848213
-3.8094640;42.4848328
-3.8079467;42.4849129
-3.8078017;42.4848251
-3.8098519;42.4849358
-3.8089812;42.4849510
-3.8077724;42.4850502
-3.8086269;42.4851227
-3.8111215;42.4851227
-3.8110056;42.4851761
-3.8088510;42.4852066
-3.8145676;42.4877357
-3.7785053;42.4910812
-3.8158529;42.4920654
-3.8165863;42.4932213
-3.7779739;42.4933891
-3.8208544;42.4947166
-3.8377237;42.4991684
-3.7764435;42.5001259
-3.8359406;42.5085030
-3.8335001;42.5142288
-3.8335981;42.5147820
-3.8336949;42.5152397
-3.8325548;42.5156784
-3.8319736;42.5156593
-3.8337462;42.5157089
-3.8339291;42.5157471
-3.8339214;42.5154724
-3.8338926;42.5159302
-3.8341966;42.5159569
-3.8338864;42.5159607
-3.8331306;42.5165634
-3.8328142;42.5165710
-3.8344679;42.5164375
-3.8343966;42.5166016
-3.8339610;42.5167122
-3.8331196;42.5167198
-3.8339829;42.5167465
-3.8328717;42.5167465
-3.8332307;42.5167542
-3.8326416;42.5167923
-3.8325217;42.5167961
-3.8325098;42.5165482
-3.8323631;42.5167618
-3.8326089;42.5169334
-3.8324955;42.5169296
-3.8330107;42.5169983
-3.8327432;42.5169449
-3.8325984;42.5169983
-3.8323560;42.5169907
-3.8326004;42.5171928
-3.8338807;42.5172272
-3.8326209;42.5173302
-3.8325047;42.5173874
-3.8326833;42.5175476
-3.8339291;42.5175629
-3.8327601;42.5175781
-3.8324788;42.5178566
-3.8326743;42.5179863
-3.8340383;42.5180206
-3.8322344;42.5182571
-3.8652291;42.5186424
-3.8615062;42.5188141
-3.8608546;42.5188446
-3.8509614;42.5192947
-3.8463333;42.5199776
-3.8334537;42.5207253
-3.8418717;42.5210381
-3.8399611;42.5217743
-3.8336873;42.5223045
-3.8373685;42.5234108
-3.6199138;42.4587402
-3.6119061;42.4607010
-3.6419270;42.4537659
-3.6420507;42.4537621
-3.6354625;42.4534111
-3.6355360;42.4536514
-3.5491824;42.4746552
-3.5489624;42.4745598
-3.6372845;42.4305725
-3.6373706;42.4305000
-3.5894442;42.4787483
-3.5893795;42.4789047
-3.6475616;42.4332237
-3.6473627;42.4332123
-3.6518056;42.4333382
-3.6516209;42.4333420
-3.6353490;42.4530678
-3.6353836;42.4531937
-3.6280575;42.4569359
-3.6279240;42.4569626
-3.6222892;42.4581375
-3.6222212;42.4581528
-3.6117589;42.4607353
-3.6060660;42.4621429
-3.6059713;42.4621735
-3.5584893;42.4664421
-3.5583615;42.4664001
-3.5851660;42.4690628
-3.5850804;42.4690208
-3.5910974;42.4692078
-3.5909352;42.4693184
-3.5877073;42.4702606
-3.5876026;42.4702110
-3.5901439;42.4227867
-3.5901706;42.4227142
-3.5678205;42.4561501
-3.5679970;42.4560318
-3.5635223;42.4608192
-3.5636628;42.4606590
-3.5525055;42.4684525
-3.5524828;42.4683876
-3.5518062;42.4730759
-3.5518208;42.4729958
-3.5503559;42.4753342
-3.5502605;42.4753838
-3.5309918;42.4893723
-3.5309076;42.4894371
-3.5441823;42.4738350
-3.5435724;42.4736862
-3.5404036;42.4730339
-3.6340523;42.4588776
-3.6344118;42.4588661
-3.6340387;42.4569740
-3.6333625;42.4575958
-3.6335342;42.4588890
-3.5493503;42.4755211
-3.5489554;42.4760933
-3.5487490;42.4763947
-3.6338482;42.4608917
-3.6347070;42.4608345
-3.5480714;42.4753647
-3.5904596;42.4219666
-3.6392419;42.4267731
-3.6389546;42.4271355
-3.6392329;42.4272156
-3.6391597;42.4273148
-3.6377718;42.4278526
-3.6378219;42.4271851
-3.6375544;42.4277649
-3.6378458;42.4278755
-3.6393092;42.4280167
-3.6383355;42.4280243
-3.6396461;42.4280624
-3.6390843;42.4276581
-3.6387646;42.4281693
-3.6391928;42.4282417
-3.6389186;42.4282646
-3.6394587;42.4282837
-3.6399164;42.4282341
-3.6392345;42.4283180
-3.6391542;42.4284554
-3.6393633;42.4285049
-3.6390843;42.4285583
-3.6398962;42.4286499
-3.6389947;42.4286880
-3.6391132;42.4287682
-3.6392376;42.4287300
-3.6391461;42.4287872
-3.6404102;42.4287910
-3.6391840;42.4288139
-3.6397421;42.4288597
-3.6393409;42.4288864
-3.6399364;42.4289703
-3.6395707;42.4290237
-3.6388452;42.4290810
-3.6386337;42.4291153
-3.6390431;42.4291763
-3.6392217;42.4292717
-3.6396849;42.4293633
-3.6395311;42.4293175
-3.6397009;42.4294548
-3.6383443;42.4294891
-3.6374278;42.4293327
-3.5899901;42.4304695
-3.6369078;42.4309044
-3.6371450;42.4296913
-3.6439786;42.4327736
-3.5926757;42.4329796
-3.6518557;42.4333382
-3.6506555;42.4333611
-3.6339536;42.4338570
-3.6575372;42.4337997
-3.6337788;42.4340820
-3.6593187;42.4342270
-3.5958505;42.4355545
-3.6319995;42.4365921
-3.5952752;42.4375572
-3.6323171;42.4377899
-3.6324668;42.4381981
-3.5927079;42.4412766
-3.5924270;42.4414711
-3.5923162;42.4416237
-3.5919731;42.4417839
-3.5907028;42.4420929
-3.5909314;42.4420929
-3.5903716;42.4422760
-3.5868828;42.4425087
-3.5863631;42.4418640
-3.5917618;42.4425545
-3.5920398;42.4422836
-3.5919459;42.4426422
-3.5897095;42.4427452
-3.5913570;42.4428177
-3.5892844;42.4428444
-3.5911837;42.4429016
-3.5870028;42.4431305
-3.5913651;42.4431381
-3.5886855;42.4431839
-3.5876338;42.4431725
-3.5872209;42.4431992
-3.5865722;42.4432335
-3.5914452;42.4432793
-3.5874283;42.4432945
-3.5881178;42.4433327
-3.5883510;42.4433403
-3.5861709;42.4433632
-3.5866594;42.4433975
-3.5885422;42.4434090
-3.5861633;42.4434166
-3.5898287;42.4431267
-3.5894697;42.4434319
-3.5838962;42.4434853
-3.5832584;42.4432983
-3.5854445;42.4435005
-3.5852883;42.4435120
-3.5852907;42.4432716
-3.5839484;42.4435158
-3.5850341;42.4435158
-3.5849738;42.4433670
-3.5848494;42.4435043
-3.5862005;42.4435234
-3.5864255;42.4435158
-3.5850947;42.4435272
-3.5894191;42.4435272
-3.5848434;42.4435387
-3.5914862;42.4435768
-3.5879560;42.4435806
-3.5876770;42.4435692
-3.5901434;42.4433594
-3.5898802;42.4435806
-3.5859427;42.4436035
-3.5844145;42.4436188
-3.5914745;42.4436188
-3.5845199;42.4436417
-3.5851142;42.4436607
-3.5902071;42.4436989
-3.5905511;42.4436493
-3.5893006;42.4437447
-3.5901682;42.4437904
-3.5854607;42.4438133
-3.5850255;42.4438133
-3.5849130;42.4438286
-3.5913203;42.4438324
-3.5854537;42.4438744
-3.5916417;42.4438744
-3.5893950;42.4438782
-3.5906088;42.4439049
-3.5906658;42.4438400
-3.5850618;42.4439392
-3.5893824;42.4439430
-3.5899880;42.4439583
-3.5898488;42.4439583
-3.5901377;42.4439583
-3.5903189;42.4439735
-3.5908053;42.4439735
-3.5889132;42.4439812
-3.5842402;42.4439812
-3.5912466;42.4439850
-3.5916312;42.4439964
-3.5893729;42.4440041
-3.5914364;42.4440117
-3.5905440;42.4440117
-3.5907903;42.4440308
-3.5916476;42.4440422
-3.5898192;42.4440422
-3.5897875;42.4441299
-3.5909014;42.4441338
-3.5851369;42.4442177
-3.5926266;42.4442406
-3.5908923;42.4442520
-3.5904846;42.4442787
-3.5929017;42.4442825
-3.5903013;42.4443092
-3.5899961;42.4443092
-3.5915384;42.4444046
-3.5893645;42.4444237
-3.5901272;42.4444962
-3.5925391;42.4445229
-3.5896492;42.4445305
-3.5847266;42.4447021
-3.5898333;42.4447098
-3.5884762;42.4447365
-3.5888057;42.4449921
-3.5892243;42.4450607
-3.5892076;42.4451332
-3.5896297;42.4452934
-3.5886228;42.4453011
-3.6350465;42.4453583
-3.6350632;42.4454231
-3.6350331;42.4455223
-3.5886617;42.4455414
-3.5883353;42.4466705
-3.6331336;42.4486656
-3.5863657;42.4498100
-3.5852048;42.4500580
-3.5806890;42.4511719
-3.5803218;42.4512596
-3.6399117;42.4522820
-3.6401634;42.4525185
-3.6403980;42.4525642
-3.6405096;42.4528961
-3.6407316;42.4528618
-3.6404340;42.4529305
-3.6400430;42.4529724
-3.6403151;42.4529762
-3.6400816;42.4529800
-3.6402850;42.4529877
-3.6398222;42.4529991
-3.6407979;42.4530106
-3.6405468;42.4530678
-3.6400619;42.4531174
-3.6406107;42.4531593
-3.6405888;42.4531670
-3.6405442;42.4531860
-3.6404705;42.4532089
-3.6416104;42.4533081
-3.6400430;42.4533234
-3.6398723;42.4533348
-3.6354251;42.4533463
-3.6579833;42.4532623
-3.6550305;42.4533653
-3.6390076;42.4533844
-3.6409352;42.4533234
-3.6407669;42.4533844
-3.6404102;42.4534264
-3.6401503;42.4534988
-3.6409128;42.4535179
-3.6399961;42.4535255
-3.6391208;42.4535828
-3.6409476;42.4535942
-3.6402380;42.4536400
-3.6387701;42.4536591
-3.6445825;42.4536896
-3.6396990;42.4536591
-3.6393397;42.4537086
-3.6439543;42.4537086
-3.6355479;42.4537125
-3.6437414;42.4537125
-3.6392136;42.4537392
-3.6441784;42.4529076
-3.6415997;42.4537964
-3.6413050;42.4538307
-3.6412761;42.4538345
-3.6401560;42.4538345
-3.6398301;42.4538422
-3.6402578;42.4538460
-3.6394336;42.4538612
-3.6393995;42.4538651
-3.6381605;42.4538689
-3.6383846;42.4538498
-3.6404750;42.4538689
-3.6401691;42.4538727
-3.6392999;42.4538803
-3.6408083;42.4538841
-3.6356146;42.4539032
-3.6405029;42.4539337
-3.6388521;42.4539413
-3.6386280;42.4537239
-3.6386294;42.4539452
-3.6380754;42.4539795
-3.6386404;42.4539909
-3.6413651;42.4539948
-3.6393316;42.4540062
-3.6402123;42.4540253
-3.6408184;42.4541245
-3.6386709;42.4541283
-3.6386755;42.4541473
-3.6375170;42.4541588
-3.6374426;42.4539948
-3.6374657;42.4541779
-3.6391029;42.4541893
-3.6395161;42.4542198
-3.6398072;42.4542236
-3.6399643;42.4542274
-3.6400359;42.4541092
-3.6391628;42.4542274
-3.6403246;42.4542313
-3.6372576;42.4542427
-3.6371217;42.4542923
-3.6370525;42.4543190
-3.6375678;42.4543381
-3.6377873;42.4542732
-3.6389167;42.4543495
-3.6399281;42.4543533
-3.6401789;42.4543648
-3.6368980;42.4543724
-3.6366909;42.4542961
-3.6398437;42.4543762
-3.6398528;42.4544144
-3.6358333;42.4544296
-3.6366923;42.4544601
-3.6396577;42.4544640
-3.6382635;42.4544716
-3.6405208;42.4544487
-3.6401513;42.4544754
-3.6365824;42.4545059
-3.6376882;42.4545326
-3.6379046;42.4543953
-3.6383488;42.4546242
-3.6378968;42.4546280
-3.6377370;42.4546509
-3.6375496;42.4546585
-3.6375215;42.4546623
-3.6382093;42.4546623
-3.6379466;42.4547310
-3.6377745;42.4547577
-3.6359730;42.4547653
-3.6400452;42.4547691
-3.6398356;42.4547958
-3.6373775;42.4548492
-3.6366873;42.4548683
-3.6383865;42.4548798
-3.6371515;42.4549255
-3.6371055;42.4548454
-3.6361187;42.4549789
-3.6378372;42.4549789
-3.6384673;42.4550629
-3.6368909;42.4550781
-3.6384158;42.4550896
-3.6381435;42.4551163
-3.6379955;42.4551430
-3.6382904;42.4552574
-3.6365516;42.4554100
-3.6384542;42.4554214
-3.6361277;42.4555473
-3.6364574;42.4555550
-3.6360395;42.4555588
-3.6400137;42.4555702
-3.6373692;42.4555435
-3.6371260;42.4555893
-3.6387930;42.4556808
-3.6337020;42.4557419
-3.6383603;42.4557686
-3.6329985;42.4559021
-3.6372261;42.4559517
-3.6363323;42.4560051
-3.6358850;42.4559937
-3.6330240;42.4560127
-3.6324279;42.4560280
-3.6317949;42.4561539
-3.6394989;42.4569359
-3.6394744;42.4570084
-3.6332862;42.4570236
-3.6220415;42.4581947
-3.5645690;42.4595833
-3.6058898;42.4622002
-3.5212917;42.4626274
-3.5257075;42.4649696
-3.5986178;42.4651833
-3.5558069;42.4655685
-3.5587900;42.4665413
-3.5819037;42.4668274
-3.5809414;42.4672241
-3.5809133;42.4672279
-3.5805769;42.4672775
-3.5809481;42.4672813
-3.5801504;42.4672813
-3.5815291;42.4673691
-3.5805750;42.4674950
-3.5816193;42.4675331
-3.5812049;42.4675713
-3.5811868;42.4676437
-3.5525908;42.4676666
-3.5806427;42.4676666
-3.5822926;42.4666176
-3.5814307;42.4677658
-3.5802395;42.4677773
-3.5810342;42.4678192
-3.5808713;42.4678535
-3.5808940;42.4679108
-3.5792122;42.4679146
-3.5807254;42.4679489
-3.5811138;42.4679909
-3.5811341;42.4680138
-3.5803516;42.4680443
-3.5805268;42.4680786
-3.5809624;42.4680977
-3.5802994;42.4681129
-3.5806112;42.4681244
-3.5801768;42.4681358
-3.5798697;42.4681664
-3.5806134;42.4682159
-3.5800545;42.4682503
-3.5807853;42.4682999
-3.5797870;42.4683113
-3.5804090;42.4683151
-3.5793533;42.4683380
-3.5795858;42.4683533
-3.5808260;42.4683838
-3.5806184;42.4684372
-3.5808973;42.4684715
-3.5302818;42.4684753
-3.5808856;42.4685211
-3.5303807;42.4685440
-3.5813861;42.4685707
-3.5814841;42.4685860
-3.5842211;42.4686165
-3.5805511;42.4686470
-3.5815170;42.4686584
-3.5525892;42.4686890
-3.5778337;42.4688225
-3.5848300;42.4689026
-3.5816805;42.4689293
-3.5765328;42.4689674
-3.5743263;42.4690628
-3.5814219;42.4691811
-3.5866480;42.4697609
-3.5893838;42.4704781
-3.5349801;42.4719009
-3.5393219;42.4728203
-3.5464091;42.4736633
-3.5460894;42.4735527
-3.5466096;42.4736938
-3.5466466;42.4733276
-3.5516517;42.4738274
-3.5463030;42.4739876
-3.5442896;42.4740753
-3.5438874;42.4739265
-3.5506258;42.4741173
-3.5448096;42.4741478
-3.5448351;42.4741592
-3.5451798;42.4740753
-3.5449371;42.4742126
-3.5504301;42.4742470
-3.5514486;42.4743042
-3.5461440;42.4743233
-3.5459514;42.4739761
-3.5511701;42.4743042
-3.5507665;42.4743462
-3.5462608;42.4743958
-3.5505915;42.4744148
-3.5454731;42.4744568
-3.5456030;42.4744873
-3.5462720;42.4744873
-3.5461929;42.4744873
-3.5500195;42.4744911
-3.5498114;42.4745140
-3.5445960;42.4745216
-3.5457931;42.4745293
-3.5488896;42.4745560
-3.5507655;42.4745712
-3.5498219;42.4746513
-3.5492203;42.4746780
-3.5492489;42.4747162
-3.5455999;42.4747391
-3.5499969;42.4747505
-3.5457346;42.4747696
-3.5500734;42.4747963
-3.5897000;42.4748192
-3.5452621;42.4748268
-3.5457060;42.4748650
-3.5500159;42.4748802
-3.5462382;42.4749069
-3.5456948;42.4749298
-3.5493364;42.4749565
-3.5454392;42.4749718
-3.5494590;42.4750557
-3.5451386;42.4750824
-3.5450711;42.4751091
-3.5452411;42.4751968
-3.5500095;42.4752045
-3.5505292;42.4752350
-3.5453582;42.4752884
-3.5445247;42.4753723
-3.5460150;42.4754448
-3.5489595;42.4755020
-3.5495477;42.4757690
-3.5897992;42.4764671
-3.5476439;42.4785347
-3.5420029;42.4820595
-3.5864713;42.4821014
-3.5408328;42.4826202
-3.5407252;42.4826698
-3.5857437;42.4828568
-3.5381677;42.4838486
-3.5378850;42.4839783
-3.5332351;42.4866676
-3.5308435;42.4894829
-3.5277562;42.4916687
-3.5276070;42.4917755
-3.5795329;42.4927711
-3.5265684;42.4934273
-3.5783584;42.4947472
-3.5763521;42.4996834
-3.5790470;42.5030975
-3.5765021;42.5031853
-3.5726194;42.5045013
-3.5720756;42.5044098
-3.5712714;42.5045013
-3.5717330;42.5045319
-3.5722065;42.5046234
-3.5722497;42.5046539
-3.5719829;42.5046997
-3.5709345;42.5047302
-3.5706739;42.5045319
-3.5714090;42.5048141
-3.5725493;42.5048714
-3.5728276;42.5049057
-3.5717044;42.5049133
-3.5708354;42.5049133
-3.5716836;42.5049324
-3.5725150;42.5049324
-3.5708230;42.5049515
-3.5706303;42.5049210
-3.5717981;42.5049706
-3.5720305;42.5050468
-3.5708084;42.5050621
-3.5720913;42.5050697
-3.5703988;42.5050774
-3.5722914;42.5051384
-3.5708797;42.5051498
-3.5714719;42.5051727
-3.5723910;42.5051727
-3.5710392;42.5051765
-3.5712681;42.5051804
-3.5725403;42.5052223
-3.5708835;42.5052414
-3.5707982;42.5052414
-3.5720053;42.5052452
-3.5704415;42.5052490
-3.5725136;42.5052681
-3.5710042;42.5052910
-3.5727720;42.5052986
-3.5719943;42.5053482
-3.5708010;42.5053787
-3.5713766;42.5053940
-3.5720518;42.5054245
-3.5716259;42.5054474
-3.5720663;42.5054512
-3.5717862;42.5054588
-3.5712547;42.5054588
-3.5722106;42.5054855
-3.5713475;42.5055084
-3.5713866;42.5055161
-3.5728226;42.5055313
-3.5707257;42.5055466
-3.5710166;42.5054893
-3.5715966;42.5055618
-3.5717511;42.5055847
-3.5720663;42.5056267
-3.5721686;42.5056343
-3.5717738;42.5056648
-3.5719512;42.5056877
-3.5722082;42.5057259
-3.5728586;42.5057487
-3.5722258;42.5058060
-3.5720103;42.5059128
-3.5714161;42.5057869
-3.5709784;42.5059204
-3.5723422;42.5060310
-3.5732458;42.5062943
-3.5732577;42.5066032
-3.5732617;42.5067101
-3.5733018;42.5072899
-3.5732121;42.5089302
-3.5722301;42.5103683
-3.5714517;42.5115471
-3.5713980;42.5119057
-3.5702162;42.5194206
-3.5591466;42.5317421
-3.5586503;42.5321503
-3.5589120;42.5323067
-3.5579987;42.5325584
-3.5578713;42.5326347
-3.5576639;42.5327568
-3.5576444;42.5329323
-3.5574179;42.5328522
-3.5572822;42.5329628
-3.5571084;42.5330315
-3.5574827;42.5330696
-3.5570285;42.5330925
-3.5572350;42.5330696
-3.5571599;42.5331306
-3.5573106;42.5332298
-3.5572929;42.5332565
-3.5569382;42.5332756
-3.5569844;42.5333595
-3.5567045;42.5334435
-3.5560997;42.5332909
-3.5559101;42.5336189
-3.5548005;42.5332603
-3.5558743;42.5336609
-3.5557418;42.5337029
-3.5560081;42.5337601
-3.5557745;42.5337868
-3.5558848;42.5338211
-3.5550542;42.5338516
-3.5551579;42.5339584
-3.5553641;42.5339622
-3.5551867;42.5339851
-3.5551050;42.5340195
-3.5545628;42.5340843
-3.5557995;42.5340843
-3.5542450;42.5341034
-3.5555177;42.5346107
-3.5554998;42.5346565
-3.7505305;42.7165489
-3.7506759;42.7164688
-3.7514682;42.7165070
-3.7928846;42.8326416
-3.7924962;42.8366203
-3.7482173;42.7136841
-3.7481275;42.7135506
-3.7691607;42.8010902
-3.7685709;42.8013077
-3.7782128;42.6389046
-3.7781210;42.6388321
-3.7878976;42.6411896
-3.7878265;42.6411285
-3.7799208;42.6627693
-3.7800250;42.6628304
-3.7661994;42.7892418
-3.7662470;42.7892952
-3.7832026;42.8458672
-3.7832119;42.8460388
-3.7454128;42.6706276
-3.7456045;42.6705513
-3.7364957;42.6816025
-3.7363105;42.6814766
-3.7367911;42.6840858
-3.7367680;42.6839905
-3.7527571;42.7258835
-3.7526908;42.7258339
-3.7677908;42.7271881
-3.7676978;42.7272339
-3.7510550;42.7435112
-3.7511885;42.7434959
-3.7269027;42.7069588
-3.7267771;42.7069244
-3.7074442;42.7968559
-3.7074547;42.7967911
-3.7096858;42.8008766
-3.7097247;42.8008156
-3.7218533;42.8018112
-3.7221789;42.8020134
-3.7566051;42.8073235
-3.7565780;42.8072586
-3.7918861;42.8374481
-3.7917566;42.8374596
-3.7329588;42.7150421
-3.7328556;42.7150764
-3.7039692;42.7256966
-3.7037218;42.7257996
-3.7022426;42.7261505
-3.7020509;42.7261925
-3.6999192;42.7304497
-3.6997712;42.7306099
-3.6873488;42.7395744
-3.6870041;42.7397957
-3.7372301;42.6902122
-3.7373188;42.6902504
-3.7453010;42.6515770
-3.7437994;42.6449890
-3.7440252;42.6449394
-3.7436383;42.6443176
-3.7428432;42.6408043
-3.7432001;42.6406174
-3.7428589;42.6404076
-3.7427018;42.6404686
-3.7477467;42.6433907
-3.7856662;42.6071014
-3.7850149;42.6074371
-3.7395012;42.6236763
-3.7391188;42.6235275
-3.7453139;42.6259346
-3.7454541;42.6259918
-3.7658567;42.6329002
-3.7672491;42.6337738
-3.7693160;42.6351891
-3.7695518;42.6352959
-3.7700095;42.6355057
-3.7739773;42.6352119
-3.7733850;42.6355858
-3.7728384;42.6357880
-3.7726440;42.6358986
-3.7728477;42.6360321
-3.7723875;42.6360512
-3.7723622;42.6361237
-3.7729454;42.6361732
-3.7731633;42.6362648
-3.7729833;42.6363335
-3.7724097;42.6364250
-3.7733047;42.6364288
-3.7720642;42.6364555
-3.7742732;42.6364365
-3.7751367;42.6363297
-3.7740383;42.6364784
-3.7733049;42.6364822
-3.7741432;42.6365128
-3.7732930;42.6365204
-3.7739136;42.6365776
-3.7734194;42.6366081
-3.7724209;42.6366272
-3.7724645;42.6366501
-3.7724881;42.6366615
-3.7735357;42.6366920
-3.7721045;42.6367340
-3.7731938;42.6367340
-3.7738469;42.6368179
-3.7737691;42.6368294
-3.7728910;42.6368561
-3.7729414;42.6368790
-3.7740622;42.6369019
-3.7730246;42.6369171
-3.7729259;42.6369362
-3.7731361;42.6369667
-3.7725599;42.6369934
-3.7737138;42.6370354
-3.7735355;42.6370583
-3.7735932;42.6370659
-3.7723365;42.6370697
-3.7723522;42.6369133
-3.7731719;42.6370888
-3.7732899;42.6370964
-3.7720354;42.6371880
-3.7721138;42.6372261
-3.7723281;42.6372948
-3.7724791;42.6372948
-3.7733195;42.6373405
-3.7719219;42.6373634
-3.7723286;42.6374397
-3.7749598;42.6374817
-3.7754679;42.6375465
-3.7426775;42.6402893
-3.8000684;42.6461411
-3.8008499;42.6463852
-3.7528822;42.6464806
-3.8017836;42.6466866
-3.8192103;42.6501122
-3.8216414;42.6502838
-3.8219709;42.6499596
-3.8220663;42.6502838
-3.8201268;42.6503830
-3.8221762;42.6504211
-3.8216341;42.6504326
-3.8209896;42.6503181
-3.8202169;42.6498489
-3.8202469;42.6504860
-3.8211415;42.6505737
-3.8216159;42.6505890
-3.8211319;42.6506310
-3.8204274;42.6506538
-3.8201063;42.6506920
-3.8220520;42.6506958
-3.8217399;42.6507149
-3.8222556;42.6507988
-3.8219526;42.6509018
-3.8219361;42.6509399
-3.8219697;42.6511765
-3.8223855;42.6512070
-3.8209987;42.6512642
-3.8210139;42.6512909
-3.8206151;42.6514702
-3.8211343;42.6514893
-3.8208184;42.6514473
-3.7453184;42.6516571
-3.8203397;42.6517410
-3.8216276;42.6517448
-3.8213031;42.6517601
-3.7453494;42.6518021
-3.8214450;42.6518822
-3.8216662;42.6520805
-3.8214777;42.6522865
-3.8219962;42.6522942
-3.7691939;42.6563377
-3.7487419;42.6595421
-3.6604395;42.6613731
-3.6601913;42.6585732
-3.7495933;42.6630898
-3.7804818;42.6631126
-3.6625948;42.6662674
-3.6626310;42.6663284
-3.6636305;42.6690598
-3.7456582;42.6705284
-3.7371621;42.6759415
-3.6645660;42.6804314
-3.6646371;42.6808319
-3.6652811;42.6848183
-3.6653032;42.6849556
-3.6655047;42.6855049
-3.7560151;42.6857681
-3.7560279;42.6855850
-3.7557209;42.6857719
-3.7559974;42.6859398
-3.7564614;42.6859589
-3.7559161;42.6862755
-3.7558796;42.6863670
-3.7563941;42.6864891
-3.7565238;42.6865616
-3.7566609;42.6866493
-3.7571585;42.6866722
-3.7567379;42.6866951
-3.7563589;42.6867867
-3.7556627;42.6868362
-3.7562525;42.6869278
-3.7555690;42.6869659
-3.7558603;42.6870155
-3.6670773;42.6873894
-3.7535319;42.6889267
-3.7363565;42.6899376
-3.7452545;42.6892815
-3.6726978;42.6943207
-3.6728356;42.6946602
-3.6726489;42.6947327
-3.6720488;42.6945534
-3.6734400;42.6947708
-3.6728985;42.6948662
-3.6738191;42.6949081
-3.6747022;42.6950264
-3.6744425;42.6950455
-3.6741388;42.6950684
-3.6742759;42.6948776
-3.6739385;42.6951790
-3.6739879;42.6952362
-3.6731791;42.6952591
-3.6738658;42.6952858
-3.6749191;42.6953239
-3.6748793;42.6953392
-3.6737106;42.6953430
-3.6741879;42.6953888
-3.6742079;42.6954079
-3.6732986;42.6954231
-3.6742775;42.6954803
-3.6739712;42.6955833
-3.6737320;42.6956100
-3.6740644;42.6956367
-3.6744046;42.6956711
-3.6741407;42.6956825
-3.6734629;42.6957817
-3.6739385;42.6957855
-3.6740158;42.6958580
-3.6747365;42.6958885
-3.6747739;42.6958961
-3.6736174;42.6960716
-3.6736827;42.6961327
-3.6738236;42.6961365
-3.6737351;42.6961784
-3.6744807;42.6963463
-3.6739786;42.6970596
-3.7307410;42.7008209
-3.7014451;42.7017059
-3.7014749;42.7017593
-3.7016039;42.7020645
-3.7018077;42.7025604
-3.7017291;42.7026062
-3.7015605;42.7026443
-3.7017932;42.7027969
-3.6993363;42.7028313
-3.7016740;42.7028580
-3.7069485;42.7029572
-3.7069116;42.7029686
-3.7059648;42.7031021
-3.7060726;42.7028809
-3.7047322;42.7033539
-3.7046170;42.7034111
-3.7045081;42.7035065
-3.7049346;42.7036552
-3.7068446;42.7034531
-3.7065518;42.7038612
-3.7066507;42.7039986
-3.7008615;42.7045174
-3.7002521;42.7046204
-3.7001445;42.7038803
-3.7001581;42.7050323
-3.7281172;42.7072792
-3.7386260;42.7107239
-3.7387278;42.7107697
-3.7387865;42.7107964
-3.7387190;42.7108841
-3.7380612;42.7108994
-3.7382364;42.7109184
-3.7385700;42.7110748
-3.7387421;42.7110825
-3.7395942;42.7111397
-3.7387130;42.7111702
-3.7390733;42.7112732
-3.7394936;42.7113113
-3.7385712;42.7113533
-3.7402091;42.7114067
-3.7384589;42.7114334
-3.7407975;42.7115097
-3.7388885;42.7115135
-3.7394371;42.7115250
-3.7404296;42.7115479
-3.7383268;42.7115631
-3.7382157;42.7116470
-3.7380030;42.7115669
-3.7387545;42.7116508
-3.7376559;42.7117691
-3.7434952;42.7124405
-3.7441301;42.7126617
-3.7478919;42.7128601
-3.7478948;42.7127457
-3.7454970;42.7129555
-3.7484550;42.7130661
-3.7485142;42.7128220
-3.7479002;42.7131996
-3.7480109;42.7133102
-3.7480924;42.7135010
-3.7482681;42.7137566
-3.7480927;42.7137985
-3.7490094;42.7137833
-3.7484722;42.7140236
-3.7488258;42.7146225
-3.7484102;42.7144547
-3.7489288;42.7147484
-3.7490604;42.7146568
-3.7492325;42.7151222
-3.7493558;42.7151299
-3.7492657;42.7151642
-3.7420173;42.7152252
-3.7496221;42.7151451
-3.7442310;42.7158012
-3.7497232;42.7163124
-3.7521830;42.7163315
-3.7527997;42.7161179
-3.7519636;42.7163849
-3.7515144;42.7163887
-3.7497408;42.7164192
-3.7489603;42.7164917
-3.7498825;42.7165413
-3.7515693;42.7165947
-3.7504320;42.7166481
-3.7478840;42.7169838
-3.7524006;42.7171326
-3.7523024;42.7172356
-3.7492335;42.7173119
-3.7520223;42.7173920
-3.7516131;42.7175636
-3.7514505;42.7180176
-3.7229993;42.7187233
-3.7199063;42.7187881
-3.7197120;42.7191582
-3.7200122;42.7192574
-3.7200668;42.7192879
-3.7205875;42.7193565
-3.7203419;42.7194290
-3.7200491;42.7195244
-3.7200053;42.7195396
-3.7211142;42.7195091
-3.7206814;42.7196198
-3.7196622;42.7196503
-3.7202926;42.7197838
-3.7206488;42.7198181
-3.7204292;42.7198524
-3.7205541;42.7199020
-3.7188904;42.7199821
-3.7212057;42.7199249
-3.7207222;42.7199898
-3.7202382;42.7200317
-3.7208185;42.7201538
-3.7209291;42.7201691
-3.7196829;42.7201729
-3.7196183;42.7201958
-3.7203867;42.7202225
-3.7204213;42.7202492
-3.7200880;42.7202797
-3.7200065;42.7203178
-3.7181132;42.7203712
-3.7190552;42.7205887
-3.7494533;42.7208138
-3.7185457;42.7208481
-3.7170527;42.7208748
-3.7210653;42.7210464
-3.7181950;42.7212257
-3.7495763;42.7216454
-3.7507193;42.7221184
-3.7508926;42.7220726
-3.7497289;42.7222404
-3.7500775;42.7222786
-3.7506964;42.7226067
-3.7506783;42.7223778
-3.7503316;42.7226486
-3.7504218;42.7227478
-3.7500489;42.7228432
-3.7505553;42.7228813
-3.7497191;42.7228889
-3.7493963;42.7229767
-3.7493489;42.7229919
-3.7500393;42.7230186
-3.7497792;42.7230415
-3.7523055;42.7254829
-3.7043469;42.7255363
-3.7532885;42.7262535
-3.7018077;42.7262840
-3.7534809;42.7263794
-3.7566633;42.7274132
-3.7004542;42.7289543
-3.7556288;42.7307320
-3.6994388;42.7309036
-3.6929762;42.7333794
-3.6924891;42.7334747
-3.7253478;42.4347534
-3.7258501;42.4347229
-3.7262218;42.4347878
-3.6849422;42.7404099
-3.6842892;42.7409744
-3.7517469;42.7433739
-3.7204700;42.7495995
-3.7208529;42.7498779
-3.7211468;42.7502365
-3.7226784;42.7507401
-3.7215681;42.7511368
-3.7215552;42.7512207
-3.7213514;42.7514267
-3.7204010;42.7519684
-3.7691154;42.7733078
-3.7685764;42.7737999
-3.7684979;42.7738113
-3.7683589;42.7736855
-3.7685061;42.7739143
-3.7778516;42.7739677
-3.7690599;42.7739143
-3.7687945;42.7739754
-3.7683296;42.7739868
-3.7686353;42.7740364
-3.7686529;42.7741165
-3.7687831;42.7742004
-3.7685697;42.7742043
-3.7687273;42.7743073
-3.7681618;42.7743416
-3.7693124;42.7744408
-3.7666764;42.7743721
-3.7665575;42.7744446
-3.7676370;42.7744598
-3.7663040;42.7746277
-3.7659967;42.7745590
-3.7663271;42.7746391
-3.7674007;42.7745132
-3.7671537;42.7746849
-3.7669299;42.7746544
-3.7663031;42.7747269
-3.7659650;42.7746429
-3.7671232;42.7747307
-3.7690291;42.7747231
-3.7689009;42.7747383
-3.7670763;42.7747955
-3.7666061;42.7748299
-3.7674081;42.7748337
-3.7689188;42.7748413
-3.7670288;42.7748604
-3.7688031;42.7748680
-3.7690847;42.7747078
-3.7691813;42.7748833
-3.7689667;42.7749443
-3.7673316;42.7749672
-3.7692208;42.7750816
-3.7689474;42.7751579
-3.7700443;42.7764893
-3.7665582;42.7795296
-3.7657773;42.7803688
-3.7658191;42.7805939
-3.7652681;42.7806282
-3.7654078;42.7806435
-3.7657874;42.7807007
-3.7655673;42.7807579
-3.7658582;42.7807999
-3.7659261;42.7810326
-3.7663848;42.7814407
-3.7280571;42.7840462
-3.7291667;42.7841034
-3.7266152;42.7841187
-3.7263999;42.7839088
-3.7263420;42.7840996
-3.7265987;42.7842216
-3.7263618;42.7842178
-3.7275369;42.7842255
-3.7272894;42.7841644
-3.7269580;42.7842331
-3.7284393;42.7842865
-3.7279747;42.7842674
-3.7266717;42.7842941
-3.7274921;42.7843666
-3.7292140;42.7843781
-3.7272301;42.7844620
-3.7266085;42.4347878
-3.7272582;42.7844849
-3.7275887;42.7846489
-3.7275088;42.7847824
-3.7273164;42.7848167
-3.7278247;42.7848282
-3.7273111;42.7851067
-3.7121377;42.7935448
-3.7121122;42.7927208
-3.7601209;42.7946129
-3.7588155;42.7937584
-3.7075539;42.7970390
-3.6808457;42.7965660
-3.6751184;42.7974930
-3.6754313;42.7979050
-3.7697728;42.7984505
-3.6894653;42.7985535
-3.7697213;42.7985916
-3.6898880;42.7990532
-3.7705901;42.7988167
-3.7704134;42.7991066
-3.6893969;42.7993088
-3.7704744;42.7993546
-3.7697253;42.7994232
-3.6906941;42.7994423
-3.7703276;42.7994881
-3.6907339;42.7995567
-3.6910186;42.7996597
-3.6911845;42.7997017
-3.6913354;42.7996407
-3.7204766;42.8000031
-3.6907287;42.8001137
-3.7697208;42.8001366
-3.7697141;42.8003769
-3.7699716;42.8004036
-3.6906955;42.8005447
-3.6906900;42.8005638
-3.7206030;42.8005829
-3.7203851;42.8005981
-3.7696667;42.8006630
-3.7698348;42.8007088
-3.7697785;42.8007469
-3.7225616;42.8004761
-3.7224836;42.8007851
-3.7223184;42.8007812
-3.7698004;42.8008080
-3.7239797;42.8008423
-3.7234747;42.8007355
-3.7234814;42.8008614
-3.7702785;42.8008804
-3.7704060;42.8008499
-3.7702677;42.8007927
-3.7701364;42.8009033
-3.7226837;42.8009033
-3.7206907;42.8008537
-3.7203722;42.8009644
-3.7694156;42.8009720
-3.7695050;42.8010292
-3.7222652;42.8010330
-3.7695649;42.8010559
-3.7207179;42.8010445
-3.7203612;42.8010712
-3.7207620;42.8011513
-3.7216904;42.8011856
-3.7217729;42.8011971
-3.7214036;42.8012314
-3.7212305;42.8012848
-3.7703397;42.8013306
-3.7705908;42.8012238
-3.7704217;42.8013420
-3.7210386;42.8013535
-3.7203391;42.8013573
-3.7684224;42.8013611
-3.7198451;42.8013229
-3.7203784;42.8014450
-3.7217979;42.8014603
-3.7216272;42.8014641
-3.7705221;42.8014908
-3.7203238;42.8014908
-3.7704651;42.8015060
-3.7682536;42.8015060
-3.7112458;42.8015175
-3.7705722;42.8015709
-3.7709939;42.8013039
-3.7707419;42.8015862
-3.7708294;42.8013115
-3.7707069;42.8016052
-3.7704148;42.8016090
-3.7702947;42.8015976
-3.7706378;42.8016396
-3.7214491;42.8016663
-3.7704253;42.8016777
-3.7199161;42.8016930
-3.7706735;42.8016968
-3.7217560;42.8017387
-3.7708728;42.8017426
-3.7705979;42.8017616
-3.7709622;42.8017693
-3.7217841;42.8017731
-3.7200530;42.8017921
-3.7712629;42.8018875
-3.7197161;42.8019180
-3.7704349;42.8019371
-3.7211065;42.8019485
-3.7204916;42.8019638
-3.7210686;42.8019791
-3.7708280;42.8019791
-3.7714689;42.8019943
-3.7203209;42.8020058
-3.7205322;42.8020287
-3.7195172;42.8020325
-3.7716172;42.8020706
-3.7712204;42.8020821
-3.7702825;42.8020859
-3.7713900;42.8021088
-3.7707112;42.8021164
-3.7714763;42.8021851
-3.7198613;42.8023834
-3.7194457;42.8023109
-3.7709014;42.8024254
-3.7712951;42.8024521
-3.7707493;42.8025322
-3.7709603;42.8025360
-3.7713554;42.8025398
-3.7710795;42.8026962
-3.7197280;42.8027077
-3.7710192;42.8028831
-3.6883931;42.8034439
-3.6894436;42.8046608
-3.7167373;42.8053627
-3.6955609;42.8058701
-3.7203770;42.8061523
-3.7685208;42.8018837
-3.7749882;42.8070145
-3.7565787;42.8070450
-3.7573972;42.8077469
-3.7753303;42.8086395
-3.7751863;42.8096237
-3.7756393;42.8097496
-3.7754159;42.8098183
-3.7671854;42.8099556
-3.7754056;42.8099785
-3.7758200;42.8101273
-3.7752857;42.8101692
-3.7761679;42.8104897
-3.7762566;42.8105392
-3.7758353;42.8108673
-3.7758074;42.8110428
-3.7758684;42.8111572
-3.7760077;42.8113480
-3.7765486;42.8113518
-3.7759786;42.8114357
-3.7772133;42.8111916
-3.7770157;42.8115501
-3.7767394;42.8113060
-3.7769747;42.8116302
-3.7771943;42.8117485
-3.7770586;42.8117523
-3.7768152;42.8117867
-3.7782888;42.8115234
-3.7779784;42.8118858
-3.7776761;42.8118896
-3.7764373;42.8119698
-3.7763896;42.8119926
-3.7755127;42.8120003
-3.7776685;42.8120079
-3.7782578;42.8120079
-3.7772675;42.8120117
-3.7775416;42.8120155
-3.7775412;42.8120575
-3.7761488;42.8121376
-3.7777662;42.8121452
-3.7780764;42.8121643
-3.7760954;42.8122063
-3.7775662;42.8122177
-3.7776191;42.8122482
-3.7762206;42.8122597
-3.7776041;42.8123665
-3.7781351;42.8124161
-3.7781708;42.8124237
-3.7759769;42.8124237
-3.7761588;42.8124390
-3.7791493;42.8124275
-3.7757595;42.8125534
-3.7762623;42.8126106
-3.7751861;42.8126831
-3.7746933;42.8123283
-3.7747247;42.8127556
-3.7779484;42.8129807
-3.7695324;42.8178787
-3.7699578;42.8245659
-3.7650025;42.8260918
-3.7624636;42.8304062
-3.7937632;42.8320580
-3.7931850;42.8323898
-3.7933855;42.8326645
-3.7933581;42.8326836
-3.7619362;42.8330574
-3.7932467;42.8330307
-3.7930877;42.8330879
-3.7929242;42.8331375
-3.7933528;42.8331146
-3.7931528;42.8331795
-3.7933905;42.8333588
-3.7931993;42.8333588
-3.7930865;42.8333778
-3.7935824;42.8333244
-3.7933939;42.8334694
-3.7928665;42.8334846
-3.7927012;42.8333321
-3.7937052;42.8334618
-3.7935121;42.8335304
-3.7928507;42.8335609
-3.7925336;42.8333740
-3.7928913;42.8336639
-3.7925937;42.8336296
-3.7935302;42.8336868
-3.7934353;42.8336449
-3.7938399;42.8336563
-3.7936518;42.8337135
-3.7927132;42.8337097
-3.7935469;42.8337364
-3.7935801;42.8337631
-3.7930460;42.8338776
-3.7925818;42.8337288
-3.7932022;42.8339119
-3.7933400;42.8339195
-3.7931693;42.8338127
-3.8196707;42.8278008
-3.7942135;42.8339310
-3.7939928;42.8339729
-3.7934165;42.8339882
-3.7934525;42.8339996
-3.7938266;42.8340073
-3.7937613;42.8340187
-3.7935784;42.8340454
-3.7930999;42.8340797
-3.7937174;42.8341637
-3.7942069;42.8341637
-3.7932894;42.8342514
-3.7938108;42.8342552
-3.7934952;42.8342628
-3.7941740;42.8342705
-3.7934651;42.8344269
-3.7935939;42.8344345
-3.7940521;42.8344727
-3.7938030;42.8344879
-3.7607331;42.8345299
-3.7938089;42.8346062
-3.7934449;42.8346367
-3.7938120;42.8346596
-3.7592626;42.8349380
-3.7588954;42.8345261
-3.7595110;42.8350525
-3.7591116;42.8350754
-3.7932289;42.8350830
-3.7933061;42.8350754
-3.7939196;42.8351173
-3.7589724;42.8351555
-3.7584906;42.8348770
-3.7933457;42.8351707
-3.7597935;42.8351860
-3.7589686;42.8352776
-3.7940214;42.8353043
-3.7595611;42.8352509
-3.7595124;42.8353195
-3.7935681;42.8353233
-3.7933009;42.8353577
-3.7595718;42.8353500
-3.7939148;42.8354492
-3.7588711;42.8354874
-3.7933474;42.8355293
-3.7936926;42.8355293
-3.7584960;42.8355331
-3.7598004;42.8355560
-3.7940714;42.8355675
-3.7589326;42.8355751
-3.7593658;42.8356361
-3.7594864;42.8356476
-3.7937670;42.8356590
-3.7937808;42.8356781
-3.7936184;42.8357239
-3.7937021;42.8358231
-3.7591920;42.8358498
-3.7933393;42.8359032
-3.7586114;42.8359070
-3.7934773;42.8359337
-3.7936172;42.8359566
-3.7935975;42.8359833
-3.7938402;42.8360405
-3.7940450;42.8361130
-3.7939792;42.8363876
-3.7940834;42.8363991
-3.7936442;42.8364067
-3.7937472;42.8364677
-3.7935541;42.8365860
-3.7764938;42.8387794
-3.7813134;42.8432236
-3.7823644;42.8438492
-3.7856245;42.8500023
-3.7717276;42.8512344
-3.7717073;42.8512573
-3.7929299;42.8611832
-3.7938027;42.8625145
-3.7980993;42.8707619
-3.7674112;42.7745094
-3.6672938;42.4646530
-3.6664994;42.4644356
-3.7042243;42.5062370
-3.7041767;42.5061417
-3.7041504;42.5062561
-3.7046144;42.5067329
-3.6455109;42.4992599
-3.6453886;42.4992676
-3.7051647;42.5061302
-3.7050395;42.5061188
-3.6663263;42.4644470
-3.7150557;42.5712662
-3.7151082;42.5712509
-3.6771729;42.4377136
-3.6770067;42.4376221
-3.6695509;42.4631195
-3.6696255;42.4632072
-3.6291454;42.5143242
-3.6292102;42.5144081
-3.6091692;42.5336418
-3.6093466;42.5337257
-3.6915133;42.5472488
-3.6914110;42.5473366
-3.5908954;42.5666046
-3.5909374;42.5665512
-3.6955476;42.5122414
-3.6960669;42.5112343
-3.6892872;42.4710312
-3.6891694;42.4707718
-3.6920474;42.4771461
-3.6919906;42.4769936
-3.6964471;42.4917145
-3.6969285;42.4911842
-3.7008533;42.5483627
-3.7010291;42.5485992
-3.7101841;42.5689507
-3.7103169;42.5690422
-3.7167552;42.5733414
-3.7168086;42.5733986
-3.7281079;42.6281166
-3.7281170;42.6282082
-3.7273695;42.5300941
-3.7274158;42.5302277
-3.7377083;42.5442581
-3.7378509;42.5446053
-3.6753361;42.4526787
-3.6752181;42.4526825
-3.6712098;42.4528427
-3.6709495;42.4528503
-3.6672385;42.4529533
-3.6670549;42.4529533
-3.7149222;42.4506226
-3.7148852;42.4505692
-3.6763880;42.4517708
-3.6764691;42.4516296
-3.6530755;42.4916840
-3.6529436;42.4917336
-3.6485763;42.4938507
-3.6485262;42.4939117
-3.6337790;42.6036110
-3.6337724;42.6036987
-3.6933579;42.5159531
-3.6932666;42.5159454
-3.6790576;42.5432129
-3.6785195;42.5435333
-3.5959530;42.5675583
-3.5958166;42.5674477
-3.5902755;42.5676994
-3.5902386;42.5678596
-3.5889580;42.5764389
-3.5889010;42.5765533
-3.5888000;42.5766373
-3.5887315;42.5766678
-3.7423947;42.6401329
-3.7349753;42.6219368
-3.7348740;42.6217995
-3.7347429;42.6219711
-3.7344670;42.6220474
-3.7344627;42.6218643
-3.7348480;42.6216049
-3.7346356;42.6216583
-3.7345490;42.6219521
-3.7347798;42.6216850
-3.7284050;42.6239510
-3.7281036;42.6240234
-3.7270045;42.6243019
-3.7231655;42.6252708
-3.7274513;42.6237221
-3.7275834;42.6242485
-3.7276778;42.6241760
-3.7274182;42.6242638
-3.7276299;42.6245880
-3.7259691;42.6177139
-3.7275198;42.6239929
-3.7273636;42.6240730
-3.7276685;42.6240158
-3.7243295;42.4283943
-3.6818738;42.4287720
-3.6820140;42.4290886
-3.6669796;42.4293404
-3.6906157;42.4305267
-3.6911087;42.4302483
-3.6822906;42.4305496
-3.6834466;42.4299049
-3.6820629;42.4305840
-3.6820705;42.4307861
-3.6812110;42.4306641
-3.6838191;42.4308090
-3.6839993;42.4304123
-3.6841056;42.4311447
-3.6843233;42.4310379
-3.6820874;42.4312439
-3.6836979;42.4313469
-3.6844172;42.4314919
-3.7049065;42.4315605
-3.6974089;42.4304047
-3.6838551;42.4315796
-3.6820967;42.4316025
-3.6792731;42.4317551
-3.6790223;42.4316940
-3.6848030;42.4318008
-3.6858249;42.4304695
-3.6800616;42.4319458
-3.6801965;42.4316483
-3.7079229;42.4320297
-3.6820986;42.4320793
-3.7116570;42.4320679
-3.6839855;42.4317169
-3.6820824;42.4323692
-3.7267487;42.4323730
-3.6609824;42.4325256
-3.7269197;42.4327431
-3.6820872;42.4327736
-3.7186587;42.4328423
-3.7270579;42.4328918
-3.7271733;42.4330177
-3.6821060;42.4333496
-3.6809762;42.4333496
-3.6811955;42.4333458
-3.6809268;42.4329758
-3.6815693;42.4333878
-3.6821046;42.4334373
-3.6829166;42.4334564
-3.6811955;42.4334869
-3.6810184;42.4335213
-3.6793776;42.4335327
-3.7280498;42.4335556
-3.7274411;42.4335632
-3.6812108;42.4335861
-3.6815219;42.4335899
-3.7269242;42.4336357
-3.7262671;42.4335365
-3.6809173;42.4336510
-3.6802590;42.4333572
-3.6810579;42.4337540
-3.6792912;42.4337540
-3.6785684;42.4333115
-3.7273548;42.4337921
-3.7272205;42.4338379
-3.6820741;42.4338646
-3.6818614;42.4338112
-3.6795754;42.4338760
-3.6812901;42.4338913
-3.7283425;42.4338989
-3.7286015;42.4338837
-3.6800842;42.4339027
-3.7281756;42.4339180
-3.7273791;42.4339180
-3.6820562;42.4340019
-3.6802106;42.4340324
-3.7275372;42.4341087
-3.6817560;42.4341431
-3.7272065;42.4341927
-3.7280316;42.4342270
-3.7261651;42.4342308
-3.7260792;42.4340935
-3.7293463;42.4342499
-3.6820254;42.4342651
-3.7284727;42.4343262
-3.7224119;42.4343414
-3.7277811;42.4343719
-3.7281952;42.4343948
-3.6809933;42.4341965
-3.6808238;42.4344101
-3.7253666;42.4344254
-3.7258215;42.4344368
-3.6812110;42.4343376
-3.6810505;42.4345245
-3.7241294;42.4345665
-3.7236366;42.4345741
-3.7256081;42.4345779
-3.7230389;42.4346313
-3.7274978;42.4346313
-3.6813254;42.4346695
-3.6819429;42.4346848
-3.7277322;42.4347992
-3.7224295;42.4348755
-3.7278750;42.4348869
-3.7242312;42.4348869
-3.6804163;42.4349098
-3.7266812;42.4349213
-3.7276347;42.4349518
-3.7250128;42.4349594
-3.7259994;42.4349747
-3.7282562;42.4350052
-3.6809053;42.4350128
-3.7251670;42.4350700
-3.7289388;42.4350929
-3.7279718;42.4351654
-3.7255340;42.4351692
-3.7268174;42.4351730
-3.7246108;42.4352074
-3.7214410;42.4352074
-3.6804671;42.4352150
-3.7258890;42.4352226
-3.7251780;42.4352875
-3.7265868;42.4353142
-3.7248077;42.4353752
-3.7243237;42.4353790
-3.7299979;42.4354820
-3.7305946;42.4356194
-3.7259803;42.4356499
-3.7265160;42.4357147
-3.7237306;42.4357567
-3.6794178;42.4359016
-3.6785645;42.4354362
-3.7260563;42.4359093
-3.7256770;42.4359970
-3.6816561;42.4361725
-3.6790771;42.4362106
-3.6784940;42.4359131
-3.6785564;42.4362946
-3.7229083;42.4362984
-3.6788580;42.4364967
-3.6930661;42.4367027
-3.6932940;42.4367676
-3.6781635;42.4367714
-3.6780839;42.4372978
-3.6780009;42.4374924
-3.6767673;42.4375038
-3.6765380;42.4373856
-3.6782577;42.4376106
-3.6786184;42.4377861
-3.6777270;42.4378166
-3.6774213;42.4378433
-3.7207189;42.4378471
-3.6788321;42.4378777
-3.6777818;42.4379654
-3.6769397;42.4379730
-3.6774752;42.4380493
-3.6763620;42.4380836
-3.6768894;42.4380951
-3.6787629;42.4382401
-3.6772616;42.4382591
-3.6774175;42.4383621
-3.6785128;42.4383965
-3.6780462;42.4384041
-3.6782346;42.4384995
-3.6785085;42.4385948
-3.6773636;42.4386711
-3.6793454;42.4379730
-3.6788359;42.4386864
-3.6787655;42.4387817
-3.6791627;42.4388351
-3.6773157;42.4388542
-3.6769984;42.4384880
-3.6775672;42.4388618
-3.6758392;42.4388733
-3.6752896;42.4383583
-3.6794298;42.4389534
-3.6776760;42.4389839
-3.6795869;42.4390068
-3.7187395;42.4390259
-3.6772549;42.4390450
-3.6797440;42.4390640
-3.7186782;42.4391251
-3.6811244;42.4391708
-3.6844151;42.4394150
-3.6790652;42.4394341
-3.6844084;42.4394417
-3.6766691;42.4408264
-3.6808128;42.4408493
-3.6779625;42.4409485
-3.6838062;42.4417419
-3.6779914;42.4420586
-3.6781037;42.4418526
-3.6788731;42.4421997
-3.6794689;42.4422836
-3.6805360;42.4424629
-3.6805036;42.4425850
-3.6805480;42.4430008
-3.6785648;42.4434242
-3.6787720;42.4434700
-3.6805744;42.4435158
-3.6801980;42.4435883
-3.6803303;42.4437294
-3.6806419;42.4438133
-3.6800106;42.4440651
-3.7141688;42.4442978
-3.6809232;42.4446640
-3.7138937;42.4448280
-3.6810079;42.4449921
-3.6795564;42.4451675
-3.7145278;42.4499855
-3.6765676;42.4514427
-3.6759419;42.4526482
-3.6731956;42.4527664
-3.6687753;42.4528999
-3.6639171;42.4530716
-3.7188892;42.4532547
-3.6581974;42.4532547
-3.7057168;42.4533195
-3.7047400;42.4531860
-3.7198908;42.4538651
-3.7241039;42.4545517
-3.7239439;42.4542770
-3.7323654;42.4547462
-3.7308991;42.4545631
-3.7220149;42.4548302
-3.7229257;42.4551353
-3.7360988;42.4552155
-3.7242842;42.4552536
-3.7249196;42.4555092
-3.7238400;42.4555130
-3.7240536;42.4555321
-3.7248490;42.4556427
-3.7252350;42.4557724
-3.7254593;42.4558182
-3.7277138;42.4557381
-3.7268465;42.4558754
-3.7257361;42.4561081
-3.7253025;42.4562073
-3.7239561;42.4562263
-3.7261908;42.4562759
-3.7237723;42.4562950
-3.7245848;42.4563255
-3.7246103;42.4561806
-3.7241554;42.4563560
-3.7254283;42.4563866
-3.7247472;42.4564171
-3.7249520;42.4564934
-3.7254090;42.4565277
-3.7244885;42.4565582
-3.7257712;42.4565926
-3.7258353;42.4564285
-3.7250795;42.4565964
-3.7255695;42.4566002
-3.7272861;42.4564247
-3.7270980;42.4566116
-3.7268653;42.4566078
-3.7242718;42.4566345
-3.7265275;42.4566422
-3.7261360;42.4567108
-3.7246616;42.4567642
-3.7255733;42.4567642
-3.7251050;42.4567909
-3.7271185;42.4568100
-3.7273734;42.4566612
-3.7242935;42.4568329
-3.7254303;42.4568405
-3.7237985;42.4565582
-3.7266254;42.4568710
-3.7248054;42.4569244
-3.7252622;42.4569435
-3.7274837;42.4569817
-3.7258651;42.4570427
-3.7255738;42.4571724
-3.7245979;42.4572449
-3.7252803;42.4573174
-3.7258108;42.4573746
-3.7256138;42.4574738
-3.7262182;42.4574776
-3.7256837;42.4577103
-3.7266445;42.4577255
-3.7255280;42.4578018
-3.7244189;42.4579773
-3.7261422;42.4583969
-3.7255797;42.4590302
-3.7249265;42.4593277
-3.7247474;42.4596710
-3.6716239;42.4606628
-3.6714666;42.4609756
-3.6716409;42.4610519
-3.6682613;42.4622231
-3.6705670;42.4633026
-3.6698799;42.4634018
-3.6703322;42.4636459
-3.6683242;42.4639206
-3.6717446;42.4640350
-3.6701307;42.4640427
-3.6700735;42.4642258
-3.6714637;42.4642525
-3.6720974;42.4642868
-3.6705358;42.4640694
-3.6703944;42.4642982
-3.6696146;42.4644241
-3.6662467;42.4644547
-3.6699116;42.4644928
-3.6701014;42.4646530
-3.6673315;42.4646835
-3.6698635;42.4647102
-3.6694252;42.4647560
-3.6686807;42.4648476
-3.6690419;42.4648857
-3.6678040;42.4648972
-3.6679285;42.4649277
-3.6691241;42.4650154
-3.6676388;42.4656181
-3.6677327;42.4660225
-3.6696765;42.4660378
-3.6682379;42.4663467
-3.6673968;42.4664154
-3.6688695;42.4668121
-3.6652074;42.4669418
-3.6691091;42.4670639
-3.6675229;42.4671593
-3.6666138;42.4673843
-3.6878035;42.4673920
-3.6664536;42.4675789
-3.6681137;42.4677467
-3.6641836;42.4682198
-3.6632023;42.4685326
-3.6655009;42.4687309
-3.6899338;42.4720955
-3.6617506;42.4732895
-3.6615121;42.4735489
-3.6633139;42.4739037
-3.6609359;42.4739227
-3.6608012;42.4740028
-3.6901264;42.4721642
-3.6564715;42.4770050
-3.6933894;42.4806290
-3.6951265;42.4850845
-3.6951568;42.4851570
-3.6963122;42.4880219
-3.6964240;42.4883003
-3.6966896;42.4889526
-3.6970167;42.4890060
-3.6971660;42.4891167
-3.6971805;42.4880753
-3.6968038;42.4892349
-3.7022045;42.4891624
-3.7015636;42.4895401
-3.6543322;42.4897575
-3.6992970;42.4899216
-3.6991510;42.4888344
-3.7007570;42.4900589
-3.7028055;42.4899788
-3.7023211;42.4902496
-3.7030692;42.4903526
-3.7032990;42.4902077
-3.7010527;42.4884262
-3.6997759;42.4903603
-3.7014880;42.4907341
-3.7024384;42.4907684
-3.6995852;42.4908714
-3.7012455;42.4908981
-3.7021096;42.4910278
-3.6982975;42.4913216
-3.6991751;42.4913635
-3.6981573;42.4914169
-3.6984870;42.4914398
-3.6995952;42.4912987
-3.6982567;42.4915619
-3.6986594;42.4916191
-3.6984732;42.4874954
-3.6974075;42.4916306
-3.6531558;42.4916573
-3.6531067;42.4916763
-3.6973951;42.4917221
-3.6963940;42.4917603
-3.6984603;42.4917793
-3.6962655;42.4918785
-3.6983957;42.4918861
-3.6976171;42.4919777
-3.6978357;42.4919891
-3.6980691;42.4920006
-3.6988242;42.4920807
-3.6987031;42.4921417
-3.6960244;42.4921494
-3.6979041;42.4921875
-3.6977148;42.4923248
-3.6984949;42.4924011
-3.6983693;42.4925728
-3.6968656;42.4925995
-3.6980596;42.4928627
-3.6983762;42.4929390
-3.6988959;42.4929695
-3.6992457;42.4930611
-3.7008417;42.4930649
-3.7014380;42.4925156
-3.6979992;42.4930649
-3.6993608;42.4930878
-3.6988609;42.4931030
-3.6492081;42.4931602
-3.6982462;42.4931679
-3.6976137;42.4931984
-3.6974716;42.4932365
-3.6972833;42.4931679
-3.6998363;42.4932365
-3.6978679;42.4932899
-3.6988080;42.4933205
-3.6998632;42.4933472
-3.6983042;42.4933815
-3.6992843;42.4934196
-3.6987970;42.4934273
-3.7006330;42.4934998
-3.6979058;42.4935570
-3.6978903;42.4937668
-3.6971793;42.4937782
-3.6973426;42.4938316
-3.6987233;42.4939613
-3.6986060;42.4937820
-3.6979122;42.4940796
-3.6986625;42.4941101
-3.6988740;42.4942169
-3.6980274;42.4943390
-3.6989636;42.4943428
-3.6996441;42.4943733
-3.6982844;42.4944038
-3.6983044;42.4947853
-3.6976545;42.4947853
-3.6974454;42.4947472
-3.6951826;42.4948845
-3.7000082;42.4949417
-3.6980047;42.4950409
-3.6978087;42.4952126
-3.6990099;42.4954605
-3.6471813;42.4954948
-3.7007368;42.4961548
-3.6462965;42.4965096
-3.6458237;42.4974823
-3.6459291;42.4973602
-3.6454380;42.4975548
-3.6453869;42.4976501
-3.6459048;42.4978180
-3.6453340;42.4978638
-3.6456711;42.4979057
-3.6453371;42.4982758
-3.6454864;42.4982796
-3.6450915;42.4983673
-3.6449633;42.4983406
-3.6453402;42.4983788
-3.6453300;42.4985352
-3.6450548;42.4985809
-3.6442344;42.4985847
-3.6441486;42.4985542
-3.6440067;42.4985924
-3.6447139;42.4986000
-3.6439240;42.4986153
-3.6460638;42.4975433
-3.6458573;42.4986610
-3.6446693;42.4987221
-3.6450944;42.4988594
-3.6452336;42.4988861
-3.6449811;42.4990082
-3.6445074;42.4990501
-3.6448944;42.4991112
-3.6451092;42.4991608
-3.6457112;42.4992218
-3.6456554;42.4992218
-3.6458311;42.4991951
-3.6448202;42.4992943
-3.6446235;42.4992332
-3.6444387;42.4993629
-3.6449590;42.4994316
-3.6447470;42.4994507
-3.6447089;42.4999733
-3.6445622;42.5016670
-3.7013574;42.5021477
-3.7032821;42.5039558
-3.6441150;42.5041275
-3.7036874;42.5048027
-3.7038648;42.5050430
-3.7062109;42.5051689
-3.7069194;42.5034523
-3.7081528;42.5054245
-3.7059548;42.5056152
-3.7050900;42.5048370
-3.7035809;42.5056190
-3.7065058;42.5056381
-3.7039070;42.5056381
-3.7081313;42.5057602
-3.7035890;42.5058136
-3.7040966;42.5059662
-3.7078240;42.5060959
-3.7074490;42.5057144
-3.7043757;42.5061340
-3.7040761;42.5061417
-3.7053497;42.5061493
-3.7040942;42.5061684
-3.7071109;42.5066757
-3.7064927;42.5066910
-3.7024548;42.5068321
-3.7061386;42.5068779
-3.7055559;42.5067635
-3.7087884;42.5069542
-3.7081487;42.5070152
-3.6432130;42.5070801
-3.7058580;42.5070953
-3.6432016;42.5071335
-3.7081094;42.5071754
-3.7087932;42.5071983
-3.7093141;42.5075951
-3.7015872;42.5082016
-3.6369376;42.5089722
-3.6354122;42.5103340
-3.6291816;42.5115089
-3.6326306;42.5116653
-3.6288397;42.5118370
-3.6287701;42.5119057
-3.6292925;42.5120621
-3.6282337;42.5122070
-3.6278889;42.5123444
-3.6256001;42.5123444
-3.6252017;42.5120621
-3.6271622;42.5124779
-3.6266034;42.5124588
-3.6267834;42.5125008
-3.6275065;42.5125198
-3.6439266;42.5125694
-3.6287849;42.5125809
-3.6263845;42.5125885
-3.6258750;42.5125504
-3.6272073;42.5126419
-3.6279142;42.5126724
-3.6290984;42.5126915
-3.6269228;42.5127449
-3.6256263;42.5127754
-3.6273067;42.5128059
-3.6268153;42.5128059
-3.6279044;42.5128899
-3.6265898;42.5129013
-3.6297514;42.5129242
-3.6263950;42.5129585
-3.6300058;42.5130119
-3.6251745;42.5130196
-3.6278536;42.5130539
-3.6265836;42.5130348
-3.6269872;42.5130997
-3.6255782;42.5131454
-3.6280911;42.5131912
-3.6950691;42.5132217
-3.6950545;42.5132446
-3.6248264;42.5133705
-3.6949332;42.5134850
-3.6275449;42.5135078
-3.6950679;42.5137024
-3.6947081;42.5138893
-3.6946123;42.5140572
-3.6753109;42.5151634
-3.6752996;42.5150795
-3.6940501;42.5151901
-3.6756516;42.5158157
-3.6762893;42.5155602
-3.6756587;42.5158882
-3.6934230;42.5159607
-3.6936457;42.5159988
-3.6934922;42.5162659
-3.6761963;42.5167961
-3.6929550;42.5168800
-3.6764309;42.5172691
-3.6854000;42.5179977
-3.6780112;42.5187073
-3.6748164;42.5186386
-3.6743886;42.5187073
-3.6754282;42.5188293
-3.6762044;42.5188522
-3.6763813;42.5187340
-3.6770663;42.5188828
-3.6751783;42.5189247
-3.6750543;42.5189743
-3.6741183;42.5190392
-3.6746347;42.5191269
-3.6745229;42.5191650
-3.6752510;42.5191841
-3.6742508;42.5192528
-3.6749661;42.5193329
-3.6747215;42.5193443
-3.6748674;42.5193481
-3.7086775;42.5193825
-3.6759684;42.5192909
-3.6750917;42.5194359
-3.6735613;42.5194664
-3.6734614;42.5194931
-3.6746676;42.5195007
-3.7266340;42.5202332
-3.6904850;42.5212517
-3.6905229;42.5214424
-3.6640160;42.5249214
-3.7117624;42.5261803
-3.6488554;42.5265732
-3.7135289;42.5274620
-3.6925881;42.5282173
-3.6609073;42.5286026
-3.6601682;42.5286674
-3.6597488;42.5284386
-3.6596143;42.5288353
-3.6598289;42.5288696
-3.6595633;42.5289345
-3.6599238;42.5289726
-3.6600888;42.5289955
-3.6606429;42.5290565
-3.6576121;42.5290604
-3.6594517;42.5291939
-3.6582260;42.5292168
-3.6597245;42.5292778
-3.6593084;42.5292816
-3.6606727;42.5292702
-3.6598794;42.5293159
-3.6598718;42.5294342
-3.6484077;42.5299225
-3.6598241;42.5299759
-3.7275126;42.5304756
-3.7276428;42.5307274
-3.6082177;42.5326004
-3.6084633;42.5324936
-3.6486568;42.5325775
-3.6081126;42.5328522
-3.6081028;42.5329437
-3.6082814;42.5335274
-3.6104093;42.5333977
-3.6095634;42.5335541
-3.6083021;42.5335770
-3.6083786;42.5334702
-3.6083531;42.5337029
-3.6075754;42.5340271
-3.6079383;42.5342178
-3.6074092;42.5342293
-3.6081853;42.5343056
-3.6081564;42.5343704
-3.6084702;42.5344124
-3.6081245;42.5344810
-3.6081913;42.5348587
-3.6142375;42.5355034
-3.6948056;42.5357246
-3.6216571;42.5359230
-3.6948674;42.5359383
-3.6948919;42.5360222
-3.6919267;42.5360718
-3.6918542;42.5360718
-3.6933877;42.5363235
-3.6932917;42.5358505
-3.6934812;42.5363312
-3.6937521;42.5364075
-3.6937957;42.5361671
-3.6939104;42.5364532
-3.6940715;42.5364685
-3.6945853;42.5366173
-3.6950779;42.5366554
-3.6938493;42.5367775
-3.7208493;42.5367813
-3.6940877;42.5367889
-3.6936700;42.5368042
-3.6935668;42.5369148
-3.6888685;42.5368843
-3.6932831;42.5369606
-3.6929541;42.5366325
-3.6951752;42.5369987
-3.6930501;42.5369606
-3.6937306;42.5370712
-3.6938868;42.5370865
-3.6943648;42.5370903
-3.6935043;42.5371399
-3.6363580;42.5373611
-3.7223032;42.5376320
-3.7226367;42.5374069
-3.7227826;42.5378609
-3.7228942;42.5379143
-3.6954722;42.5379333
-3.7223308;42.5379906
-3.7222369;42.5382004
-3.7223783;42.5382843
-3.7217836;42.5384293
-3.7215908;42.5385513
-3.7222021;42.5385857
-3.7212799;42.5386314
-3.7200336;42.5385056
-3.7226574;42.5386696
-3.7216754;42.5387802
-3.7224097;42.5387955
-3.7228825;42.5388298
-3.7209513;42.5388794
-3.7231410;42.5389404
-3.7226684;42.5389404
-3.7224200;42.5390015
-3.7240968;42.5392799
-3.7226553;42.5393143
-3.6458166;42.5396004
-3.7232935;42.5399704
-3.6964762;42.5406456
-3.6847324;42.5408096
-3.7361934;42.5410118
-3.6807976;42.5422211
-3.6805937;42.5423470
-3.6440306;42.5426292
-3.6736412;42.5425873
-3.6736112;42.5428734
-3.6735966;42.5430679
-3.6735556;42.5432091
-3.6731334;42.5437088
-3.6721342;42.5429802
-3.6730874;42.5438271
-3.6779706;42.5438385
-3.6736283;42.5439110
-3.6737072;42.5437737
-3.6738493;42.5440254
-3.6728816;42.5440254
-3.6727450;42.5439644
-3.6732357;42.5441055
-3.6730263;42.5442276
-3.6726968;42.5442505
-3.6751022;42.5443001
-3.6770024;42.5443077
-3.6734695;42.5443230
-3.6729822;42.5444183
-3.6729941;42.5445557
-3.6730080;42.5447311
-3.6982985;42.5452499
-3.6989603;42.5460739
-3.6914339;42.5454521
-3.6907890;42.5460930
-3.6904061;42.5459213
-3.6990032;42.5461197
-3.6899853;42.5459671
-3.6911860;42.5462685
-3.6423986;42.5463486
-3.6913583;42.5463562
-3.6992362;42.5463829
-3.6989346;42.5464935
-3.6984577;42.5462761
-3.6912847;42.5465240
-3.6993902;42.5465813
-3.6907837;42.5465889
-3.6922197;42.5468788
-3.6997485;42.5470238
-3.6924477;42.5470314
-3.6921453;42.5472450
-3.6413643;42.5502892
-3.6384661;42.5585098
-3.6384680;42.5587196
-3.6382937;42.5587234
-3.6381922;42.5587692
-3.6384909;42.5589333
-3.6374719;42.5591125
-3.7058570;42.5600014
-3.7059147;42.5601845
-3.6285944;42.5622940
-3.6094234;42.5639114
-3.6066670;42.5638008
-3.6110919;42.5639458
-3.6011407;42.5643692
-3.7060211;42.5652542
-3.5907524;42.5653038
-3.5906825;42.5649338
-3.5928843;42.5651627
-3.5926335;42.5654678
-3.5923061;42.5657692
-3.5911257;42.5658798
-3.5921929;42.5659103
-3.5913067;42.5659714
-3.5915084;42.5659752
-3.5916009;42.5660133
-3.5916677;42.5660400
-3.5909581;42.5660896
-3.5919578;42.5661850
-3.5921435;42.5662270
-3.5925310;42.5662460
-3.5921905;42.5662498
-3.5903437;42.5662575
-3.5913372;42.5663872
-3.5910857;42.5663872
-3.5921066;42.5664177
-3.5925665;42.5664253
-3.5918822;42.5664864
-3.5905712;42.5665398
-3.5911064;42.5666351
-3.5918500;42.5666466
-3.5914826;42.5666504
-3.5926759;42.5666504
-3.5920181;42.5666809
-3.5918345;42.5667267
-3.5912540;42.5667648
-3.5908589;42.5668831
-3.5907576;42.5669708
-3.5904241;42.5669785
-3.5918186;42.5670090
-3.5916131;42.5670090
-3.5922151;42.5670204
-3.5903783;42.5672722
-3.5905745;42.5673370
-3.6389067;42.5673485
-3.5970564;42.5674324
-3.6391418;42.5676651
-3.6389225;42.5677567
-3.6387489;42.5678291
-3.6393442;42.5678978
-3.6395979;42.5681686
-3.6398742;42.5684738
-3.6384804;42.5692177
-3.7107463;42.5693283
-3.7115424;42.5698662
-3.6407697;42.5701408
-3.6408107;42.5703278
-3.7125328;42.5703087
-3.7122488;42.5703316
-3.6371648;42.5703659
-3.6371107;42.5703583
-3.7123053;42.5703659
-3.6385365;42.5704002
-3.6393201;42.5697212
-3.6384950;42.5705719
-3.7121322;42.5705757
-3.7127409;42.5706520
-3.6379368;42.5706635
-3.7119024;42.5706749
-3.6403191;42.5705833
-3.6399899;42.5707359
-3.6378951;42.5707588
-3.6384006;42.5707664
-3.6383426;42.5709038
-3.7115858;42.5709305
-3.7131541;42.5709419
-3.6371205;42.5709572
-3.6377954;42.5709724
-3.7128077;42.5710449
-3.6382442;42.5711250
-3.6376796;42.5712051
-3.7136571;42.5712662
-3.7108421;42.5712814
-3.7100298;42.5712929
-3.7098472;42.5712929
-3.7133851;42.5713196
-3.7138348;42.5713921
-3.6387720;42.5714417
-3.6372821;42.5715637
-3.6379611;42.5715904
-3.7141502;42.5715904
-3.6382747;42.5715981
-3.7126193;42.5716057
-3.6374426;42.5716209
-3.6384218;42.5716248
-3.7138381;42.5716324
-3.7134831;42.5716515
-3.7132359;42.5716248
-3.7130430;42.5716553
-3.6386254;42.5716667
-3.7117755;42.5716667
-3.6381803;42.5717087
-3.7125597;42.5717506
-3.7137055;42.5717697
-3.6377208;42.5717926
-3.6377172;42.5719490
-3.6372051;42.5719604
-3.6378036;42.5719757
-3.6378789;42.5720139
-3.7139792;42.5720177
-3.7124410;42.5720596
-3.7120543;42.5720406
-3.7126856;42.5720711
-3.7090168;42.5721397
-3.6383958;42.5722351
-3.6376519;42.5722427
-3.6375124;42.5721817
-3.7115970;42.5722580
-3.7140019;42.5722733
-3.7131348;42.5722733
-3.7141669;42.5722771
-3.7125366;42.5722885
-3.7119927;42.5722885
-3.7133737;42.5723724
-3.6376021;42.5723801
-3.6377673;42.5724297
-3.6375704;42.5724525
-3.6390650;42.5724602
-3.7136383;42.5724869
-3.6400912;42.5725060
-3.6377792;42.5725212
-3.7139938;42.5725250
-3.7125709;42.5725441
-3.7156298;42.5725784
-3.7130880;42.5726013
-3.6381478;42.5726089
-3.7141278;42.5726242
-3.6371264;42.5726318
-3.6399834;42.5726509
-3.6374788;42.5726585
-3.7132599;42.5727386
-3.7125640;42.5727386
-3.6373141;42.5727692
-3.6376357;42.5727768
-3.7142665;42.5727844
-3.7135406;42.5728302
-3.7139094;42.5728569
-3.7160459;42.5728607
-3.7150345;42.5728645
-3.7157166;42.5729256
-3.6369855;42.5729904
-3.6369174;42.5726357
-3.6372709;42.5730095
-3.7132957;42.5730247
-3.6369901;42.5734177
-3.6372054;42.5734711
-3.7176239;42.5743256
-3.6385841;42.5744972
-3.6370697;42.5745392
-3.6384754;42.5746498
-3.6369781;42.5753899
-3.6378858;42.5754433
-3.6372557;42.5756073
-3.6376147;42.5757713
-3.6374805;42.5759392
-3.7184098;42.5762291
-3.6371059;42.5764656
-3.5880523;42.5769272
-3.5879340;42.5770187
-3.5874989;42.5771523
-3.5875487;42.5771713
-3.6368110;42.5771942
-3.5878322;42.5773048
-3.5878534;42.5774117
-3.5880756;42.5774269
-3.5886011;42.5774879
-3.5896184;42.5776062
-3.5878825;42.5776062
-3.5883369;42.5777512
-3.5880263;42.5777664
-3.5876362;42.5778809
-3.5886052;42.5779228
-3.5883677;42.5778732
-3.5883350;42.5779991
-3.5894499;42.5778618
-3.5889294;42.5780182
-3.5887566;42.5781822
-3.5892642;42.5781937
-3.6352558;42.5841141
-3.7255390;42.5892105
-3.6341286;42.5899048
-3.6341162;42.5899734
-3.6339080;42.5910645
-3.6332154;42.5945587
-3.6331887;42.5946884
-3.6332252;42.6007957
-3.7258358;42.6013947
-3.7255731;42.6024818
-3.6337922;42.6030464
-3.7253652;42.6033401
-3.6337113;42.6052971
-3.6335189;42.6085625
-3.6381557;42.6104355
-3.6390808;42.6097946
-3.6398368;42.6104393
-3.6395056;42.6105156
-3.7259462;42.6176186
-3.6289890;42.6228828
-3.6271274;42.6228943
-3.6270468;42.6249886
-3.7173586;42.6255226
-3.7175558;42.6251068
-3.7172744;42.6256485
-3.7169039;42.6254845
-3.7165508;42.6256905
-3.7172110;42.6257515
-3.7176268;42.6257820
-3.7174056;42.6258278
-3.7181170;42.6258888
-3.7205625;42.6259575
-3.7169974;42.6261444
-3.7168643;42.6261902
-3.7167408;42.6262131
-3.7175469;42.6262169
-3.7178235;42.6261826
-3.7173333;42.6262436
-3.7163870;42.6262474
-3.7156603;42.6262665
-3.7157497;42.6256218
-3.7155159;42.6262779
-3.7153583;42.6259842
-3.7155976;42.6263847
-3.7167268;42.6264305
-3.7163033;42.6264458
-3.7161703;42.6264839
-3.7192490;42.6264877
-3.7172763;42.6265411
-3.7158246;42.6265793
-3.7188883;42.6266518
-3.7193642;42.6266899
-3.7187352;42.6266975
-3.7196186;42.6267853
-3.7194014;42.6268044
-3.7200899;42.6268349
-3.7174425;42.6268501
-3.7167294;42.6268654
-3.7165194;42.6268959
-3.7178280;42.6269302
-3.7194507;42.6269875
-3.7174540;42.6270142
-3.7191479;42.6270447
-3.7158039;42.6270981
-3.7170742;42.6271057
-3.7188797;42.6271706
-3.7168143;42.6271706
-3.7173624;42.6272011
-3.7157586;42.6272697
-3.7196057;42.6272812
-3.7179406;42.6272850
-3.7158735;42.6274071
-3.7170222;42.6274071
-3.7156885;42.6274643
-3.7172718;42.6275864
-3.7150588;42.6276703
-3.7171052;42.6278687
-3.7172248;42.6281090
-3.7104518;42.6292191
-3.7283330;42.6298828
-3.6255443;42.6303978
-3.7084785;42.6304016
-3.6248360;42.6326065
-3.7309213;42.6327820
-3.7037227;42.6331978
-3.7036600;42.6332321
-3.7015028;42.6355667
-3.6237473;42.6361198
-3.6236322;42.6365051
-3.6251023;42.6366844
-3.6249461;42.6370049
-3.7006512;42.6372490
-3.6966529;42.6369057
-3.6241794;42.6374130
-3.6245198;42.6373978
-3.6244934;42.6375999
-3.6239724;42.6376724
-3.6248443;42.6377640
-3.6244555;42.6377792
-3.6244335;42.6378555
-3.7368510;42.6379051
-3.6246789;42.6379433
-3.6243999;42.6379547
-3.6241176;42.6378860
-3.7370727;42.6379890
-3.6243598;42.6380730
-3.6247437;42.6381378
-3.6235816;42.6382217
-3.6242733;42.6382561
-3.6242309;42.6383476
-3.6239591;42.6382370
-3.6247513;42.6384239
-3.6237860;42.6384315
-3.6234605;42.6385269
-3.6241572;42.6385574
-3.6250961;42.6385612
-3.6234572;42.6386070
-3.6229851;42.6386147
-3.6234992;42.6369476
-3.6241324;42.6386261
-3.6234632;42.6387253
-3.6232405;42.6387444
-3.6250489;42.6388206
-3.6245372;42.6388550
-3.6245100;42.6386795
-3.6234293;42.6388588
-3.6237419;42.6388931
-3.6240609;42.6389046
-3.6233997;42.6389809
-3.6237154;42.6390533
-3.6239603;42.6390800
-3.6233592;42.6391525
-3.6249135;42.6392441
-3.6240866;42.6392746
-3.6238854;42.6393013
-3.6238792;42.6393700
-3.6239991;42.6393700
-3.6240947;42.6393700
-3.6227889;42.6394806
-3.6241419;42.6395264
-3.6237905;42.6395340
-3.6245241;42.6395683
-3.6231241;42.6395874
-3.6245935;42.6396332
-3.6237497;42.6396370
-3.6262777;42.6396446
-3.6247110;42.6396828
-3.6231353;42.6397514
-3.6236403;42.6397972
-3.6258643;42.6398315
-3.6237438;42.6398354
-3.6261642;42.6398468
-3.6238718;42.6398544
-3.6241150;42.6398582
-3.6266241;42.6398773
-3.6235449;42.6399422
-3.6237137;42.6400261
-3.6237338;42.6405678
-3.6242771;42.6409874
-3.6762028;42.6442032
-3.6753335;42.6445847
-3.6741395;42.6479912
-3.6735227;42.6487999
-3.6708336;42.6505432
-3.6254752;42.6506577
-3.6335156;42.6517792
-3.6334460;42.6517601
-3.6238949;42.6520958
-3.6261771;42.6521378
-3.6239164;42.6521530
-3.6234622;42.6521835
-3.6232414;42.6521797
-3.6234913;42.6521873
-3.6234150;42.6522293
-3.6236241;42.6522865
-3.6546843;42.6522827
-3.6519339;42.6523170
-3.6235757;42.6523170
-3.6236727;42.6523170
-3.6236277;42.6523476
-3.6551707;42.6524124
-3.6237803;42.6524277
-3.6239016;42.6524391
-3.6232841;42.6524963
-3.6233637;42.6525345
-3.6674502;42.6526871
-3.6494699;42.6529045
-3.6470439;42.6534843
-3.6597145;42.6536369
-3.6217587;42.6537552
-3.6649439;42.6542854
-3.6092274;42.6550713
-3.6198862;42.6568680
-3.7101960;42.4044495
-3.7099471;42.4042511
-3.7445278;42.4064255
-3.7445774;42.4064941
-3.7645502;42.4345627
-3.7646699;42.4345894
-3.7758148;42.4284172
-3.7757170;42.4283943
-3.7193763;42.3807144
-3.7193487;42.3808937
-3.7277339;42.3822708
-3.7378862;42.3823051
-3.7308755;42.3824005
-3.7375808;42.3825684
-3.7370350;42.3819008
-3.7372608;42.3828278
-3.7367325;42.3821945
-3.7371252;42.3829079
-3.7349539;42.3827057
-3.7350378;42.3829536
-3.7368932;42.3830490
-3.7364097;42.3824577
-3.7371132;42.3831291
-3.7376740;42.3831940
-3.7344389;42.3832474
-3.7354059;42.3834152
-3.7349718;42.3834343
-3.7381976;42.3834648
-3.7325482;42.3834915
-3.7351911;42.3835487
-3.7357030;42.3836441
-3.7339735;42.3836594
-3.7370842;42.3836784
-3.7386923;42.3837547
-3.7355597;42.3837814
-3.7344327;42.3838272
-3.7343516;42.3839073
-3.7357814;42.3839455
-3.7336302;42.3839645
-3.7346849;42.3839951
-3.7370534;42.3840179
-3.7345574;42.3840714
-3.7391531;42.3840790
-3.7357228;42.3841209
-3.7360725;42.3841515
-3.7337301;42.3842354
-3.7350967;42.3842506
-3.7359815;42.3842659
-3.7352638;42.3843155
-3.7350254;42.3843269
-3.7359288;42.3843384
-3.7353988;42.3843689
-3.7349334;42.3844261
-3.7370152;42.3844376
-3.7355728;42.3844376
-3.7363701;42.3844795
-3.7351291;42.3845024
-3.7364790;42.3845139
-3.7357740;42.3845215
-3.7361295;42.3845367
-3.7335458;42.3845520
-3.7366400;42.3845634
-3.7363524;42.3845634
-3.7342281;42.3845825
-3.7354062;42.3846092
-3.7368319;42.3846359
-3.7353535;42.3846626
-3.7369483;42.3846817
-3.7363167;42.3847427
-3.7356398;42.3847656
-3.7365637;42.3847733
-3.7345772;42.3847847
-3.7351592;42.3847961
-3.7372963;42.3848763
-3.7355335;42.3848877
-3.7361529;42.3849335
-3.7358358;42.3849525
-3.7357383;42.3851280
-3.7353117;42.3851395
-3.7348950;42.3852005
-3.7352178;42.3852081
-3.7349298;42.3852501
-3.7326143;42.3852539
-3.7335792;42.3849182
-3.7340367;42.3852654
-3.7338681;42.3851776
-3.7361228;42.3852844
-3.7376187;42.3853035
-3.7349758;42.3853188
-3.7328317;42.3853264
-3.7354972;42.3853722
-3.7376938;42.3854790
-3.7332616;42.3854942
-3.7356513;42.3854980
-3.7343390;42.3855019
-3.7328351;42.3855286
-3.7333829;42.3855438
-3.7342160;42.3855515
-3.7368000;42.3855629
-3.7336113;42.3856468
-3.7331460;42.3856506
-3.7352777;42.3856621
-3.7344153;42.3856888
-3.7339809;42.3857002
-3.7337945;42.3857307
-3.7353594;42.3857422
-3.7334852;42.3857841
-3.7344327;42.3858032
-3.7332683;42.3858185
-3.7343853;42.3858452
-3.7387667;42.3859863
-3.7358062;42.3860512
-3.7328513;42.3860855
-3.7759690;42.3861580
-3.7756152;42.3858910
-3.7327778;42.3862000
-3.7398927;42.3862572
-3.7338381;42.3863029
-3.7763102;42.3863564
-3.7767978;42.3859978
-3.7351534;42.3864594
-3.7761922;42.3864632
-3.7762160;42.3866158
-3.7347684;42.3867111
-3.7460129;42.3868141
-3.7330289;42.3868637
-3.7323110;42.3869286
-3.7773001;42.3869591
-3.7761908;42.3870697
-3.7758617;42.3871155
-3.7752352;42.3870926
-3.7754753;42.3871193
-3.7746336;42.3871193
-3.7757039;42.3871422
-3.7748926;42.3872185
-3.7785161;42.3872948
-3.7789083;42.3872299
-3.7744164;42.3873100
-3.7754183;42.3873329
-3.7756257;42.3873558
-3.7758126;42.3873901
-3.7332444;42.3874321
-3.7720704;42.3874435
-3.7764337;42.3874512
-3.7777467;42.3874855
-3.7743337;42.3875465
-3.7754920;42.3875618
-3.7746444;42.3876228
-3.7324164;42.3876495
-3.7333302;42.3876610
-3.7759945;42.3876991
-3.7764189;42.3877373
-3.7333820;42.3877983
-3.7742472;42.3877983
-3.7642808;42.3877716
-3.7622955;42.3878441
-3.7745960;42.3878708
-3.7758191;42.3878975
-3.7606275;42.3879089
-3.7752917;42.3879471
-3.7325261;42.3879623
-3.7751420;42.3879929
-3.7744172;42.3880119
-3.7752650;42.3880196
-3.7566984;42.3880730
-3.7755024;42.3880768
-3.7343795;42.3880844
-3.7758803;42.3881111
-3.7755685;42.3881378
-3.7745759;42.3882027
-3.7744122;42.3881798
-3.7365184;42.3882256
-3.7752151;42.3882599
-3.7755020;42.3882942
-3.7761071;42.3882942
-3.7760649;42.3883972
-3.7758644;42.3884354
-3.7551558;42.3885078
-3.7759864;42.3886185
-3.7498755;42.3886261
-3.7326097;42.3888435
-3.7338576;42.3889084
-3.7339871;42.3891220
-3.7759233;42.3891678
-3.7370002;42.3899765
-3.7517557;42.3905945
-3.7510319;42.3906860
-3.7143819;42.3931427
-3.7135918;42.3929443
-3.7168977;42.3935966
-3.7157161;42.3936882
-3.7160952;42.3939171
-3.7166126;42.3921089
-3.7162752;42.3940277
-3.7159059;42.3944626
-3.7162189;42.3945656
-3.7158010;42.3946037
-3.7156417;42.3945465
-3.7166190;42.3943329
-3.7163508;42.3946075
-3.7142546;42.3946571
-3.7132175;42.3943672
-3.7144864;42.3947029
-3.7156577;42.3948021
-3.7154272;42.3947563
-3.7149382;42.3948212
-3.7157807;42.3948402
-3.7158494;42.3948975
-3.7142196;42.3949318
-3.7168224;42.3949471
-3.7157238;42.3949966
-3.7146451;42.3950768
-3.7154622;42.3950882
-3.7165103;42.3951607
-3.7152374;42.3951797
-3.7151377;42.3951874
-3.7160277;42.3952026
-3.7150192;42.3952217
-3.7154226;42.3952370
-3.7157903;42.3952484
-3.7144556;42.3952713
-3.7142186;42.3950882
-3.7174101;42.3953438
-3.7153735;42.3954010
-3.7143073;42.3954391
-3.7141674;42.3954659
-3.7155373;42.3954849
-3.7157197;42.3953514
-3.7150350;42.3954887
-3.7149360;42.3955269
-3.7147877;42.3954239
-3.7153170;42.3955765
-3.7374687;42.3958054
-3.7151182;42.3958702
-3.7158515;42.3958817
-3.7140105;42.3974953
-3.7381179;42.3977051
-3.7135968;42.3981133
-3.7102501;42.4025688
-3.7099214;42.4028702
-3.7088959;42.4038010
-3.7452650;42.4074326
-3.7468801;42.4094810
-3.7468204;42.4095154
-3.7471817;42.4097672
-3.7323940;42.4097519
-3.7322724;42.4097786
-3.7461488;42.4099236
-3.7452195;42.4104996
-3.7479508;42.4107552
-3.7492778;42.4108124
-3.7498071;42.4099464
-3.7482841;42.4108200
-3.7480054;42.4108505
-3.7479537;42.4108925
-3.7488189;42.4109077
-3.7490799;42.4111061
-3.7481399;42.4111252
-3.7478812;42.4112053
-3.7494628;42.4113998
-3.7487957;42.4114151
-3.7483065;42.4114304
-3.7488246;42.4115143
-3.7491093;42.4115677
-3.7470474;42.4116020
-3.7489436;42.4116478
-3.7485189;42.4117050
-3.7501068;42.4116249
-3.7498155;42.4117393
-3.7495677;42.4117775
-3.7486250;42.4118156
-3.7492216;42.4118462
-3.7496662;42.4118538
-3.7504754;42.4118614
-3.7523227;42.4116249
-3.7503622;42.4118767
-3.7500052;42.4118919
-3.7481387;42.4118919
-3.7487338;42.4119301
-3.7493355;42.4119301
-3.7470839;42.4117661
-3.7500198;42.4120216
-3.7488372;42.4120483
-3.7498724;42.4121628
-3.7499943;42.4122200
-3.7494338;42.4122543
-3.7495325;42.4125175
-3.7492659;42.4127235
-3.7489216;42.4130096
-3.7495840;42.4130478
-3.7496314;42.4131126
-3.7502506;42.4137306
-3.7705016;42.4181595
-3.7704258;42.4182014
-3.7517090;42.4196358
-3.7663002;42.4203568
-3.7656918;42.4206734
-3.7656090;42.4207153
-3.7654269;42.4208107
-3.7652907;42.4208794
-3.7630289;42.4232140
-3.7617781;42.4245605
-3.7772672;42.4259033
-3.7774401;42.4255791
-3.7774997;42.4261551
-3.7774277;42.4263916
-3.7773912;42.4265137
-3.7777054;42.4265175
-3.7769220;42.4265289
-3.7771139;42.4266129
-3.7772639;42.4266434
-3.7779725;42.4268379
-3.7784898;42.4264565
-3.7767806;42.4268456
-3.7764156;42.4266853
-3.7769108;42.4268761
-3.7772398;42.4269714
-3.7769637;42.4272919
-3.7767644;42.4274025
-3.7769117;42.4274712
-3.7765992;42.4275894
-3.7583764;42.4275513
-3.7757862;42.4275932
-3.7770033;42.4276695
-3.7764876;42.4277267
-3.7770345;42.4277802
-3.7764707;42.4281921
-3.7587647;42.4282837
-3.7763157;42.4283447
-3.7745674;42.4283943
-3.7761443;42.4284668
-3.7595463;42.4290695
-3.7595811;42.4291000
-3.7600300;42.4291153
-3.7636776;42.4295921
-3.7640200;42.4296227
-3.7649579;42.4297562
-3.7681112;42.4302254
-3.7603998;42.4306145
-3.7712328;42.4344215
-3.7710080;42.4343872
-3.7647662;42.4345970
-3.7722151;42.4347305
-3.7730875;42.4349289
-4.0113635;42.7973442
-4.0115929;42.7970657
-4.0113044;42.7974091
-4.0121818;42.7963600
-4.0122595;42.7962799
-4.0433278;42.7824821
-4.0433440;42.7823753
-4.0142636;42.8064117
-4.0134015;42.7996254
-4.0095811;42.7966347
-4.0008459;42.8009109
-3.9972596;42.8011208
-4.0128236;42.7955513
-4.0100741;42.7967491
-4.0098810;42.7971458
-4.0109911;42.7972298
-4.0105410;42.7977676
-4.0101490;42.7974701
-4.0109110;42.7980766
-4.0110669;42.7976379
-4.0110078;42.7982788
-4.0118389;42.7987099
-4.0366278;42.7808571
-4.0367250;42.7810020
-4.0092692;42.7878265
-4.0090332;42.7881813
-4.0088720;42.7889252
-4.0089259;42.7887383
-4.0079980;42.7891960
-4.0079551;42.7892609
-4.0382590;42.7794380
-4.0381298;42.7800064
-4.0385060;42.7799873
-4.0370302;42.7799721
-4.0370841;42.7801247
-4.0370889;42.7802467
-4.0380440;42.7805367
-4.0365739;42.7801704
-4.0369391;42.7807579
-4.0363331;42.7803764
-4.0359631;42.7804527
-4.0354099;42.7801628
-4.0372658;42.7809982
-4.0365901;42.7805595
-4.0085020;42.7787819
-4.0086789;42.7787971
-4.0086579;42.7791100
-4.0097742;42.7793884
-4.0098329;42.7793198
-4.0105729;42.7791862
-4.0099831;42.7795334
-4.0086098;42.7793770
-4.0092320;42.7799034
-4.0101652;42.7795334
-4.0105891;42.7795715
-4.0096560;42.7798882
-4.0108309;42.7796555
-4.0105090;42.7797966
-4.0102730;42.7797585
-4.0108042;42.7800522
-4.0087810;42.7801704
-4.0091138;42.7805748
-4.0092211;42.7804184
-4.0102510;42.7973900
-4.0103421;42.7971802
-4.0371480;42.7809486
-4.0073810;42.7892036
-4.0449948;42.7872009
-4.0130839;42.7823372
-4.0118551;42.7812195
-4.0089850;42.7885246
-4.0089369;42.7881737
-4.0132442;42.7824745
-4.0112171;42.7977142
-4.0107069;42.7970848
-4.0095000;42.7971344
-4.0363598;42.7817383
-4.0092268;42.7884521
-4.0085082;42.7886086
-4.0074992;42.7895432
-4.0093341;42.7802849
-4.0088458;42.7803345
-4.0394602;42.7801170
-4.0401092;42.7803154
-4.0086899;42.7876778
-4.0086260;42.7902145
-4.0952830;42.7995033
-4.0964451;42.7976723
-4.1025524;42.7481194
-4.1033320;42.7476959
-4.1026940;42.7476845
-4.1123824;42.7341995
-4.1132340;42.7342796
-4.0963888;42.7975006
-4.0932198;42.7973213
-4.0965147;42.7975464
-4.1000419;42.7470589
-4.1040616;42.7483521
-4.1015587;42.7474136
-4.1008997;42.7472992
-4.1009226;42.7472305
-4.0996814;42.7469978
-4.0945611;42.7992554
-4.0942330;42.7992439
-4.0947399;42.7992859
-4.0950918;42.8008385
-4.0953941;42.8011131
-4.0953484;42.8012352
-4.1007004;42.7471771
-4.1003928;42.7476616
-4.1007576;42.7476692
-4.1006150;42.7476120
-4.1039066;42.7477036
-4.1037836;42.7479019
-4.1017141;42.7474480
-4.1022468;42.7476349
-4.1018109;42.7477417
-4.1013050;42.7478065
-4.0950675;42.8002739
-4.0954437;42.8003998
-4.0948906;42.7991867
-4.0958810;42.8012276
-4.0950317;42.7997818
-4.0943341;42.7994270
-4.0949931;42.8008232
-4.0947089;42.8006592
-4.0945797;42.8007050
-4.1007252;42.7477493
-4.1042314;42.7477226
-4.1047935;42.7477455
-4.1138182;42.7475586
-4.1158214;42.7484741
-4.1148291;42.7344360
-4.1031709;42.7981644
-4.1043072;42.7977219
-4.1046534;42.7975273
-4.1163225;42.7723274
-4.1024318;42.7816277
-3.9266462;42.8128777
-3.9219387;42.8173523
-3.9212916;42.8171844
-3.9213078;42.8176994
-3.9101000;42.8182449
-3.9110584;42.8178368
-3.9086666;42.8183441
-3.9089282;42.8180847
-3.9077168;42.8181305
-3.9099648;42.8183746
-3.9086537;42.8184357
-3.9091613;42.8186264
-3.9104066;42.8187065
-3.9096849;42.8189774
-3.9080768;42.8191109
-3.9194379;42.8196030
-3.9196565;42.8192444
-3.9196820;42.8196373
-4.0402985;42.8063660
-4.0425653;42.8057060
-4.0401292;42.8062286
-4.0401564;42.8064346
-3.9412570;42.8072929
-3.9413352;42.8070831
-3.9343035;42.8073578
-3.9355595;42.8070412
-3.9336748;42.8072014
-4.0379195;42.8064804
-4.0369530;42.8062401
-4.0400333;42.8065147
-3.9346726;42.8074303
-3.9408422;42.8072205
-3.9405971;42.8073807
-4.0396552;42.8066406
-4.0394573;42.8066597
-4.0398707;42.8067970
-4.0393176;42.8069077
-4.0388203;42.8066597
-4.0393887;42.8069916
-4.0396647;42.8070488
-3.9342034;42.8081856
-4.0394959;42.8073311
-3.9273734;42.8097229
-3.9667242;42.8147583
-3.9546790;42.8028564
-3.9679322;42.8166046
-3.9359434;42.8063431
-3.9361172;42.8082733
-3.9204025;42.8164673
-3.9193306;42.8171806
-3.9190509;42.8172264
-3.9188688;42.8172684
-3.9186337;42.8173065
-3.9189644;42.8173294
-3.9188976;42.8173599
-3.9190040;42.8174171
-4.0522833;42.8615875
-4.0521560;42.8616257
-4.0538130;42.8657608
-4.0320325;42.8610344
-4.0323396;42.8608513
-4.0536642;42.8607407
-4.0539217;42.8612022
-4.0547481;42.8610039
-4.0544157;42.8612328
-4.0534592;42.8612938
-4.0509300;42.8613625
-4.0440950;42.8594780
-4.0532913;42.8613510
-4.0512800;42.8613472
-4.0545902;42.8613853
-4.0511436;42.8614693
-4.0530176;42.8614655
-4.0533614;42.8614845
-4.0535016;42.8615036
-4.0525274;42.8615150
-4.0522084;42.8611946
-4.0527186;42.8615150
-4.0513973;42.8616257
-4.0536819;42.8616104
-4.0540171;42.8615379
-4.0537276;42.8617058
-4.0533047;42.8617516
-4.0516276;42.8618050
-4.0533524;42.8618393
-4.0534778;42.8618889
-4.0530767;42.8620377
-4.0535059;42.8620605
-4.0539479;42.8618088
-4.0534306;42.8621216
-4.0531344;42.8621254
-4.0532308;42.8622208
-4.0529118;42.8622894
-4.0534678;42.8624191
-4.0533290;42.8626518
-4.0536952;42.8631630
-4.0292287;42.8623466
-4.0298748;42.8620605
-4.0247984;42.8643875
-4.0249257;42.8642273
-4.0270314;42.8058319
-4.0325646;42.8081665
-4.0330696;42.8074951
-4.0321550;42.8082771
-4.0319095;42.8080101
-4.0325675;42.8083572
-4.0315232;42.8085060
-4.0316100;42.8086319
-4.0321183;42.8086357
-3.9271483;42.8069649
-4.0322356;42.8090858
-4.0440607;42.8336487
-4.0440483;42.8337288
-4.0440383;42.8337708
-4.0377531;42.8524666
-4.0379882;42.8523979
-4.0364552;42.8522453
-4.0367470;42.8518028
-3.9304042;42.8044624
-3.9301662;42.8044243
-3.9278467;42.8021736
-3.9272542;42.8026123
-3.9272342;42.8028717
-3.9278436;42.8034286
-3.9562776;42.7920799
-3.9558518;42.7920723
-3.9034455;42.8303909
-3.9034085;42.8304901
-3.8607154;42.8324089
-3.8609905;42.8328896
-4.0471883;42.8037682
-4.0470924;42.8036346
-4.0458169;42.8036308
-4.0458288;42.8036957
-4.0552664;42.8027420
-4.0552416;42.8026314
-3.9830961;42.7954826
-3.9821970;42.7954063
-3.9840674;42.7951012
-3.9840157;42.7951660
-3.9839880;42.7952118
-3.9547319;42.8026619
-4.0379119;42.8522453
-4.0376897;42.8524055
-4.0388422;42.8058815
-4.0375342;42.8060532
-3.9631064;42.7873802
-3.9628303;42.7870827
-3.9719639;42.7993584
-3.9714916;42.7993507
-4.0312872;42.8504715
-4.0310841;42.8504105
-3.9068737;42.8239212
-3.9064591;42.8235207
-4.0291500;42.8583908
-4.0290923;42.8583031
-4.0874076;42.7980537
-4.0875301;42.7980576
-3.9566934;42.7921143
-3.9571502;42.7921333
-3.8341320;42.8309364
-3.8338623;42.8305206
-3.9752777;42.7966385
-3.9751873;42.7968063
-4.0379343;42.8521805
-4.0376387;42.8523712
-3.9839730;42.7952080
-3.9445868;42.7699966
-3.9438703;42.7705536
-3.9433279;42.7707329
-3.9383948;42.7726135
-3.9382210;42.7734909
-3.9760160;42.7743950
-3.9754989;42.7744865
-3.9751298;42.7743721
-3.9750435;42.7745476
-3.9752800;42.7746735
-3.9748857;42.7748451
-3.9746366;42.7745476
-3.9730108;42.7749214
-3.9755399;42.7749138
-3.9758906;42.7748070
-3.9753578;42.7749786
-3.9750965;42.7749863
-3.9762142;42.7749977
-3.9748945;42.7750931
-3.9761939;42.7753029
-3.9796696;42.7759552
-3.9337022;42.7768593
-3.9358809;42.7762260
-3.9364321;42.7770309
-3.9687312;42.7777596
-3.9804702;42.7777367
-3.9804699;42.7777977
-4.0773230;42.7769852
-4.0773115;42.7768059
-4.0770788;42.7772293
-4.0767136;42.7774582
-4.0760827;42.7767181
-3.9917867;42.7783012
-3.9916964;42.7780952
-3.9913859;42.7783089
-3.9918168;42.7783089
-3.9919446;42.7780151
-3.9922645;42.7783585
-4.0782671;42.7774506
-4.0779428;42.7776985
-4.0770702;42.7777100
-3.9715056;42.7786560
-4.0782003;42.7777557
-3.9853880;42.7784233
-3.9898779;42.7785568
-3.9911256;42.7785454
-3.9920568;42.7785530
-3.9915278;42.7785835
-4.0765572;42.7778320
-3.9916475;42.7786255
-4.0769348;42.7778664
-3.9907696;42.7786484
-4.0760651;42.7779007
-3.9918492;42.7786865
-3.9906611;42.7786942
-4.0770650;42.7780762
-3.9925485;42.7790451
-3.9903710;42.7790947
-3.9613740;42.7796326
-3.9903870;42.7796402
-3.9380515;42.7804070
-4.0616755;42.7796669
-4.0620918;42.7789955
-4.0628352;42.7802048
-4.0629377;42.7802200
-4.0635748;42.7800827
-4.0626755;42.7804489
-4.0629091;42.7805214
-4.0649114;42.7801628
-4.0634694;42.7805710
-4.0628953;42.7806282
-4.0635214;42.7807732
-3.9384086;42.7818794
-4.0628405;42.7808342
-4.0624652;42.7809258
-4.0620804;42.7807655
-4.0631027;42.7810287
-4.0630226;42.7810669
-4.0620337;42.7810936
-4.0631819;42.7812462
-4.0650029;42.7812500
-3.9881327;42.7819481
-4.0624037;42.7814102
-4.0652738;42.7815056
-4.0635853;42.7815437
-3.9619305;42.7828140
-3.9618325;42.7830353
-4.0617661;42.7821732
-3.9783955;42.7831650
-3.9618926;42.7839508
-3.9619551;42.7842369
-3.9619887;42.7843399
-3.9780757;42.7842903
-3.9621372;42.7846565
-3.9623694;42.7848244
-3.9629169;42.7844391
-3.9617209;42.7849121
-3.9618309;42.7849960
-3.9620783;42.7852058
-3.9612768;42.7853508
-3.9601154;42.7849312
-3.9617045;42.7854004
-3.9620738;42.7854080
-3.9619586;42.7854347
-3.9627614;42.7856560
-3.9644828;42.7858429
-3.9621644;42.7858887
-3.9624846;42.7860641
-3.9620259;42.7862053
-3.9620101;42.7864494
-3.9613967;42.7871971
-3.9335024;42.7888832
-3.9634492;42.7888298
-3.9950368;42.7897301
-3.9950080;42.7896690
-3.9777532;42.7903709
-3.9321613;42.7914543
-3.9314027;42.7919121
-3.9312534;42.7915382
-3.9778864;42.7917709
-3.9546626;42.7912750
-3.9564753;42.7921028
-3.9539158;42.7930298
-3.9545288;42.7932739
-3.9317646;42.7934608
-3.9302580;42.7934914
-3.9294477;42.7928848
-3.9859438;42.7930565
-3.9556906;42.7933121
-3.9312012;42.7935791
-3.9539046;42.7934151
-3.9855502;42.7931404
-3.9878075;42.7928696
-3.9872196;42.7932091
-3.9646158;42.7934875
-3.9557574;42.7935982
-3.9856601;42.7933693
-3.9301865;42.7938538
-3.9560604;42.7936630
-3.9562643;42.7936554
-3.9293997;42.7938690
-3.9650435;42.7936287
-3.9550619;42.7937737
-3.9314270;42.7939796
-3.9887478;42.7935143
-3.9547424;42.7938843
-3.9319994;42.7941437
-3.9542372;42.7939758
-3.9551053;42.7940445
-3.9535608;42.7940979
-3.9883738;42.7938042
-3.9548984;42.7941322
-3.9565897;42.7940865
-3.9542749;42.7942085
-3.9535027;42.7942238
-3.9332564;42.7944107
-3.9849756;42.7940140
-3.9527490;42.7942963
-3.9788935;42.7940826
-3.9550540;42.7943153
-3.9297915;42.7945709
-3.9856193;42.7941818
-3.9791832;42.7942963
-3.9787962;42.7944260
-3.9529457;42.7947273
-3.9845507;42.7945023
-3.9849150;42.7947006
-3.9810810;42.7947388
-3.9843462;42.7947693
-3.9814899;42.7948227
-3.9658353;42.7949715
-3.9847739;42.7949486
-3.9658866;42.7951126
-4.0441427;42.7945366
-3.9290762;42.7956085
-3.9847450;42.7951546
-3.9949486;42.7950668
-3.9847250;42.7952232
-3.9839578;42.7952614
-3.9818971;42.7953186
-3.9852457;42.7954216
-3.9664185;42.7956047
-3.9675207;42.7953110
-3.9855497;42.7954559
-3.9836826;42.7955055
-3.9846632;42.7955017
-3.9835684;42.7955132
-3.9702544;42.7956314
-3.9838078;42.7955437
-3.9655116;42.7957458
-3.9703472;42.7957077
-3.9837954;42.7956619
-3.9762111;42.7957420
-3.9656348;42.7959099
-3.9664392;42.7959328
-3.9654117;42.7960091
-3.9838133;42.7959671
-3.9301312;42.7964516
-3.9845595;42.7960548
-3.9651794;42.7962608
-3.9737682;42.7966805
-3.9744878;42.7962074
-3.9740531;42.7960243
-3.9734621;42.7962341
-3.9648936;42.7968178
-3.9653478;42.7968483
-3.9743869;42.7966652
-3.9740047;42.7967758
-3.9745035;42.7966957
-3.9838080;42.7968140
-3.9746256;42.7972527
-3.9742098;42.7974586
-4.1189404;42.7961845
-3.9744616;42.7975922
-3.9740252;42.7976151
-3.9746044;42.7976341
-3.9737217;42.7977219
-3.9754255;42.7969894
-3.9751451;42.7980614
-3.9738526;42.7981224
-4.0557098;42.7976379
-3.9736104;42.7984924
-4.0769463;42.7981758
-4.0824013;42.7980003
-3.9712546;42.7991638
-4.0762191;42.7982445
-4.0761881;42.7981224
-4.0757113;42.7983208
-3.9714198;42.7993431
-3.9712908;42.7993622
-4.0761127;42.7984924
-3.9713125;42.7998238
-4.0758877;42.7988930
-4.0773172;42.7989960
-4.0777569;42.7993736
-4.0778284;42.8002357
-4.0769496;42.8002853
-4.0760617;42.7999992
-3.9716275;42.8012695
-4.0557017;42.8006058
-4.0786319;42.8004417
-4.0763221;42.8008270
-3.9285588;42.8017921
-3.9297342;42.8023758
-3.9271448;42.8027611
-4.0761151;42.8014946
-4.0367060;42.8063126
-4.0320911;42.8093910
-4.0318713;42.8094139
-4.0309925;42.8093948
-3.9546087;42.8027077
-4.0797753;42.8013268
-4.0769753;42.8016663
-3.9348888;42.8103333
-3.9316919;42.8072662
-4.0475473;42.8021660
-4.0552649;42.8021812
-4.0323148;42.8096809
-3.9804127;42.8030396
-4.0474820;42.8024826
-4.0760212;42.8023453
-3.9290881;42.8036575
-3.9293358;42.8037109
-3.9300668;42.8032990
-4.0469403;42.8027802
-4.0474677;42.8028717
-4.0552878;42.8028336
-3.9523308;42.8038330
-4.0554185;42.8030014
-4.0551729;42.8030090
-4.0498309;42.8032951
-4.0505528;42.8033447
-3.9299860;42.8042259
-3.9301622;42.8044243
-4.0456610;42.8035545
-4.0458016;42.8035469
-4.0448790;42.8033791
-4.0470715;42.8036041
-4.0441465;42.8036499
-3.9466565;42.8044548
-4.0482421;42.8036499
-4.0458364;42.8037376
-3.9315958;42.8047371
-4.0473824;42.8038254
-4.0480099;42.8029556
-4.0472412;42.8038368
-4.0474901;42.8038940
-4.0470343;42.8039131
-4.0447345;42.8039665
-4.0443597;42.8039398
-4.0459118;42.8039818
-3.9450541;42.8048935
-4.0455074;42.8040314
-4.0480609;42.8040161
-4.0458031;42.8040581
-4.0467467;42.8041191
-4.0457821;42.8041344
-3.9336960;42.8051224
-4.0455770;42.8042526
-4.0469594;42.8042755
-3.9316208;42.8053741
-3.9311602;42.8053246
-3.9316382;42.8053970
-4.0459290;42.8044395
-4.0471520;42.8045158
-3.9415433;42.8055382
-3.9402733;42.8046379
-3.9455929;42.8055496
-3.9445274;42.8054199
-4.0448022;42.8047943
-3.9410508;42.8057060
-3.9407961;42.8057365
-3.9404151;42.8054276
-3.9405656;42.8057480
-3.9404554;42.8057480
-3.9398010;42.8057632
-3.9455147;42.8057213
-3.9395595;42.8057747
-3.9392588;42.8051910
-3.9390478;42.8058586
-3.9372280;42.8053474
-3.9393249;42.8058548
-3.9342322;42.8052444
-3.9369934;42.8059273
-3.9312449;42.8059959
-3.9410918;42.8059196
-3.9334378;42.8059921
-3.9372509;42.8059731
-3.9406335;42.8059578
-3.9368770;42.8060722
-3.9299610;42.8044052
-3.9297280;42.8044052
-3.9368722;42.8061638
-3.9331024;42.8062973
-3.9452827;42.8062286
-3.9272301;42.8061829
-3.9284503;42.8063316
-3.9378135;42.8064117
-3.9324563;42.8063622
-4.0431356;42.8055344
-4.0313540;42.8034096
-3.9403839;42.8066025
-3.9412596;42.8067245
-4.0364342;42.8059311
-3.9390714;42.8067818
-3.9310389;42.8070717
-4.0368342;42.8061905
-3.9398463;42.8194809
-3.9187124;42.8198891
-3.9180369;42.8200455
-3.9178190;42.8198280
-3.9411719;42.8196259
-3.9185874;42.8202133
-3.9186776;42.8202515
-3.9189579;42.8202286
-3.9182222;42.8204041
-3.9185627;42.8204384
-4.0425406;42.8193779
-3.9180148;42.8204918
-3.9187601;42.8205338
-3.9189937;42.8205032
-4.0426054;42.8195000
-4.0425105;42.8195267
-3.9177244;42.8206558
-4.0426283;42.8196030
-3.9187925;42.8207092
-4.0427146;42.8197060
-3.9174256;42.8208199
-3.9172115;42.8208046
-3.9191883;42.8208656
-3.9175675;42.8209419
-3.9173131;42.8209496
-3.9161985;42.8209839
-3.9157443;42.8209343
-3.9177067;42.8210144
-3.9172385;42.8210220
-3.9154432;42.8210907
-3.9185641;42.8211441
-3.9172742;42.8212166
-4.0422692;42.8202362
-3.9051554;42.8222198
-3.9051604;42.8223000
-3.9182832;42.8222084
-3.9694705;42.8220711
-3.9043114;42.8228645
-3.8934598;42.8230896
-3.8935893;42.8228340
-3.9701290;42.8225632
-3.9711964;42.8225822
-3.8972743;42.8232002
-3.9715257;42.8226509
-3.9719706;42.8223076
-3.8967957;42.8232765
-3.9714303;42.8226700
-3.8947680;42.8232689
-3.8945160;42.8234978
-3.9702473;42.8229065
-3.9717767;42.8229027
-3.8937001;42.8235626
-3.8946526;42.8238068
-3.8951597;42.8233910
-3.8948288;42.8238182
-3.8951406;42.8238335
-3.8942182;42.8239098
-3.9704201;42.8233757
-3.8941000;42.8240013
-3.8940034;42.8240166
-3.8941991;42.8241577
-3.8945587;42.8241081
-3.9080887;42.8240967
-3.8942745;42.8242950
-3.9702363;42.8238983
-3.9074476;42.8244514
-3.9075379;42.8244781
-3.9075637;42.8245888
-3.9076300;42.8245926
-3.9075594;42.8246651
-3.9708824;42.8243408
-4.0769825;42.8237381
-4.0776749;42.8237267
-4.0770116;42.8232422
-3.9725304;42.8248253
-4.0768962;42.8239136
-3.9727919;42.8248787
-3.9179361;42.8254662
-4.0775352;42.8241425
-3.9467213;42.8260498
-3.9466891;42.8261566
-3.9467235;42.8265076
-3.9200382;42.8267288
-3.8695333;42.8273315
-3.8695047;42.8271408
-3.8702497;42.8275070
-3.8689909;42.8275833
-3.8687055;42.8275986
-3.9474764;42.8270874
-3.9470470;42.8273926
-3.9481869;42.8274078
-3.9460583;42.8275146
-3.9490621;42.8275337
-3.9477181;42.8277283
-3.9501166;42.8277206
-3.9490488;42.8278580
-3.9483750;42.8278809
-3.9463456;42.8279266
-3.9482627;42.8279266
-3.9494047;42.8279343
-3.8689775;42.8286209
-3.8694293;42.8285027
-3.8687742;42.8287086
-3.9479456;42.8281136
-3.8681788;42.8287659
-3.9482470;42.8282471
-3.9515638;42.8282242
-3.9513307;42.8280067
-3.9519556;42.8282661
-3.9495008;42.8283272
-3.9505408;42.8283195
-3.9493792;42.8283501
-3.8678904;42.8290749
-4.0304132;42.8278198
-4.0303183;42.8275185
-4.0308013;42.8278656
-4.0309563;42.8277435
-3.8315763;42.8293381
-3.8314993;42.8295746
-3.8670859;42.8293304
-3.8665564;42.8290787
-3.9482059;42.8286896
-3.8316531;42.8296280
-3.8317695;42.8294792
-3.9492350;42.8288040
-3.9514432;42.8287888
-4.0302687;42.8281097
-3.9488387;42.8288307
-4.0305910;42.8281250
-3.8342187;42.8297653
-3.8339453;42.8297882
-3.8316743;42.8298111
-3.8664105;42.8295555
-3.8315644;42.8298340
-3.9517562;42.8289261
-3.8654785;42.8295364
-3.8680751;42.8296318
-3.8319032;42.8299026
-4.0299520;42.8283997
-4.0294824;42.8283119
-3.8315468;42.8300209
-3.9508386;42.8291512
-3.9034162;42.8295517
-3.8338714;42.8300819
-4.0301518;42.8285484
-3.8343561;42.8302841
-3.8333731;42.8303719
-3.8331354;42.8303909
-3.9036548;42.8298912
-3.8338292;42.8304558
-3.9033868;42.8299713
-3.8337474;42.8305130
-3.8646371;42.8303452
-3.8335054;42.8305931
-3.8332722;42.8306351
-3.9038353;42.8301811
-3.9034226;42.8302422
-3.9036946;42.8302727
-3.9035807;42.8302841
-3.9041293;42.8304596
-3.8640845;42.8307762
-3.9042890;42.8305016
-3.8342066;42.8310509
-3.8608952;42.8311501
-3.8607645;42.8306313
-3.8626108;42.8312149
-3.8632724;42.8315964
-3.9882381;42.8306122
-3.9882848;42.8303490
-3.9196439;42.8313637
-3.9868643;42.8309593
-3.9038188;42.8311005
-3.9037232;42.8318672
-3.8606768;42.8323059
-3.8609855;42.8322830
-3.9055510;42.8319931
-3.9061184;42.8319931
-3.9198151;42.8318939
-3.9028485;42.8320808
-3.9039266;42.8321571
-3.9068654;42.8321419
-3.9043901;42.8321686
-3.9040463;42.8322182
-3.9054172;42.8322830
-3.9051721;42.8323059
-3.9058940;42.8323059
-3.9047134;42.8323593
-3.9051514;42.8323631
-3.9050112;42.8323975
-3.9872162;42.8317642
-3.9053922;42.8324547
-3.9050493;42.8325195
-3.9042292;42.8325348
-3.9003434;42.8326340
-3.9039421;42.8326187
-3.9003272;42.8327446
-3.8610311;42.8331184
-3.8961856;42.8328552
-3.8618751;42.8331184
-3.9003928;42.8329086
-3.9030201;42.8329620
-3.9007573;42.8329926
-3.8593674;42.8335953
-3.9017537;42.8333282
-3.8612645;42.8338394
-3.8874259;42.8337173
-3.9083948;42.8335800
-3.8628635;42.8340454
-3.8864191;42.8339920
-3.8851614;42.8331184
-3.8969157;42.8339348
-3.8613853;42.8342896
-3.9085672;42.8340645
-3.8854797;42.8342781
-3.8580835;42.8346214
-3.8579862;42.8343506
-4.1184583;42.8323822
-4.1143188;42.8324890
-3.8575199;42.8347397
-4.1139517;42.8325615
-3.8482583;42.8352737
-3.8503036;42.8356438
-3.8622437;42.8372192
-3.9098408;42.8374863
-3.8594763;42.8385658
-4.0512195;42.8371353
-4.0508280;42.8372269
-4.0502582;42.8365974
-4.0501189;42.8370171
-3.8587136;42.8389511
-3.8585556;42.8386459
-3.8584518;42.8389664
-3.8580072;42.8388214
-3.8601372;42.8389664
-3.8591485;42.8390198
-3.9269526;42.8385048
-3.8596396;42.8390312
-4.0502734;42.8375015
-4.0513911;42.8375320
-4.0508928;42.8375435
-3.8592989;42.8391609
-4.0500216;42.8377762
-4.0508637;42.8377838
-3.8652067;42.8393478
-3.8608024;42.8394279
-4.0386329;42.8381920
-3.8594151;42.8397484
-3.8586929;42.8392677
-4.0385194;42.8383217
-4.0385795;42.8383942
-4.0386496;42.8384552
-4.0382051;42.8386917
-3.8678956;42.8402443
-3.9270198;42.8397980
-3.8593152;42.8404770
-3.8588564;42.8402100
-3.8941278;42.8404388
-3.8602285;42.8415909
-3.9270389;42.8411369
-3.8600352;42.8417168
-4.0967221;42.8398552
-3.9289410;42.8413620
-3.9283538;42.8413773
-3.8602695;42.8419800
-3.9269392;42.8414879
-3.9290056;42.8414803
-3.9283795;42.8415413
-4.0959439;42.8400688
-3.8610425;42.8421135
-3.8601370;42.8421326
-3.9283845;42.8417053
-3.9265008;42.8417244
-3.9255807;42.8417740
-3.9252734;42.8418617
-3.9270458;42.8419418
-3.9272296;42.8421593
-3.9290235;42.8421860
-3.9265890;42.8422356
-4.0904989;42.8409233
-4.0827270;42.8412323
-4.0818281;42.8407936
-4.0834389;42.8412476
-4.0810142;42.8412895
-4.0805216;42.8412132
-3.9278984;42.8427086
-3.8731444;42.8431435
-4.0817509;42.8413696
-4.0813117;42.8413734
-4.0814915;42.8414307
-4.0814481;42.8414841
-4.0840821;42.8415146
-3.9286597;42.8429222
-4.0846505;42.8415756
-4.0826464;42.8416557
-4.0822005;42.8418694
-4.0827975;42.8418007
-4.0814519;42.8418274
-4.0817947;42.8419609
-4.0805116;42.8420029
-4.0806398;42.8420067
-3.8670282;42.8439941
-3.8672969;42.8423119
-4.0800486;42.8421860
-3.8667843;42.8440361
-4.0814719;42.8422928
-3.8671651;42.8441544
-3.8663986;42.8441887
-3.8771842;42.8442154
-3.8772070;42.8438148
-4.0804710;42.8424797
-3.8668509;42.8444633
-4.0802979;42.8426476
-3.8760555;42.8443985
-3.8679073;42.8445854
-3.8675117;42.8443985
-4.0811858;42.8428459
-3.8757389;42.8446121
-3.8936756;42.8447266
-3.8936152;42.8451157
-3.8933203;42.8451996
-3.8941250;42.8450966
-3.8940196;42.8452530
-3.8777902;42.8454247
-3.8943996;42.8453407
-3.8923986;42.8453598
-3.8935540;42.8454247
-3.8788254;42.8459663
-3.8937027;42.8460121
-3.8785381;42.8466454
-3.8796849;42.8493233
-3.8798912;42.8494453
-4.0203004;42.8470345
-4.0117922;42.8488541
-3.8804247;42.8510895
-3.8805726;42.8513222
-4.0310163;42.8503914
-4.0321550;42.8506927
-4.0099411;42.8508949
-4.0353718;42.8510017
-4.0357547;42.8506737
-4.0356722;42.8510742
-4.0359497;42.8511391
-4.0370040;42.8509560
-4.0382228;42.8520699
-4.0380235;42.8521805
-4.0101290;42.8524551
-4.0380287;42.8522835
-4.0380344;42.8523827
-4.0384912;42.8520279
-4.0365124;42.8524246
-4.0333385;42.8518219
-4.0375948;42.8525085
-4.0380745;42.8525200
-4.0370855;42.8525848
-4.0374370;42.8525848
-4.0097470;42.8528519
-4.0372934;42.8526077
-4.0374084;42.8526382
-4.0375175;42.8526421
-4.0096483;42.8529396
-4.0374708;42.8527412
-4.0093184;42.8531723
-4.0095959;42.8531837
-4.0095911;42.8532715
-4.0101151;42.8532867
-4.0105519;42.8531113
-4.0088754;42.8534126
-4.0361648;42.8532028
-4.0082483;42.8535500
-4.0079222;42.8536148
-4.0096545;42.8536453
-4.0106850;42.8534966
-4.0089402;42.8538284
-4.0078807;42.8539429
-4.0105491;42.8540115
-4.0379395;42.8538322
-4.0118332;42.8540535
-4.0114946;42.8540878
-4.0089569;42.8541145
-4.0078077;42.8541374
-4.0094833;42.8541527
-4.0107303;42.8541527
-4.0092039;42.8542252
-4.0076003;42.8542595
-4.0084105;42.8543091
-4.0098376;42.8543205
-4.0097308;42.8543854
-4.0083838;42.8545418
-4.0091720;42.8545418
-4.0078187;42.8546104
-4.0093093;42.8547096
-4.0283871;42.8545799
-3.9129705;42.8583603
-4.0286288;42.8574219
-3.9293048;42.8662033
-4.0229502;42.8660278
-3.6948071;42.4302826
-3.6943181;42.4302711
-3.6912251;42.4302330
-3.6951516;42.4302940
-3.6949515;42.4255219
-3.6952083;42.4253616
-3.6936810;42.7675896
-3.2952943;42.8400917
