0;1;1.021
2;3;0.647
4;5;3.922
6;7;4.116
8;9;7.817
10;11;6.425
12;13;0.414
14;12;1.236
15;16;0.523
17;18;0.630
19;20;1.141
21;22;7.841
23;24;16.197
23;25;6.307
26;27;15.823
27;28;7.593
29;30;17.594
31;32;3.465
33;34;6.948
35;33;5.022
36;35;0.689
37;36;18.158
38;37;14.156
39;38;58.956
40;39;34.563
41;40;33.067
42;43;3.534
43;41;6.880
44;45;0.920
43;44;5.381
46;44;1.937
47;48;1.644
48;46;1.529
49;48;1.442
49;46;0.342
49;50;13.763
51;52;7.986
53;54;12.793
55;56;6.193
55;53;14.029
55;57;2.877
58;57;9.804
57;59;11.704
59;58;18.114
60;61;16.651
62;59;19.750
62;61;12.788
63;62;2.072
61;64;6.112
64;63;2.226
65;63;8.615
66;67;4.530
67;66;8.533
67;68;2.805
68;64;10.484
66;31;13.165
69;68;8.059
69;70;6.883
31;69;5.787
71;72;64.752
72;73;4.404
74;71;27.022
73;14;21.703
75;76;2.173
26;77;10.524
24;26;5.277
76;78;6.142
24;79;10.426
78;80;5.854
80;23;2.422
80;81;1.138
82;83;18.133
83;84;0.189
81;85;3.773
85;86;0.829
87;24;14.587
86;87;1.562
87;88;9.272
27;88;28.147
88;89;0.693
81;90;5.826
90;85;9.937
91;78;16.292
91;90;10.860
89;92;4.966
86;93;2.769
90;94;2.453
92;95;5.752
96;91;4.632
97;89;6.441
95;30;2.587
93;98;18.715
94;99;9.277
93;100;6.602
101;97;7.868
96;102;6.240
99;102;5.385
98;103;11.388
103;97;2.809
103;101;7.626
104;74;24.205
94;21;7.075
101;92;21.827
99;21;7.211
95;105;10.831
106;98;7.123
84;15;11.228
21;107;3.592
107;108;2.225
102;109;6.737
107;109;8.396
108;110;3.536
111;104;3.137
108;112;15.408
30;113;14.317
113;111;3.161
114;115;1.217
116;75;52.167
13;17;23.656
117;114;1.850
115;116;41.136
16;19;37.238
118;117;8.810
20;119;12.339
119;120;1.225
18;121;27.197
120;118;43.314
122;123;10.926
123;124;22.121
124;125;4.663
126;127;0.758
128;129;30.889
130;131;30.647
129;132;15.990
133;130;15.284
132;134;12.303
135;133;7.918
136;137;15.549
136;134;16.470
138;135;21.188
139;136;16.908
139;140;9.613
141;138;1.627
134;142;21.208
143;141;3.804
142;144;2.550
144;143;2.127
145;146;15.394
145;147;3.091
148;149;14.953
145;148;4.854
150;145;4.162
151;144;14.549
152;153;8.352
152;139;17.667
154;152;1.821
155;148;4.770
156;154;2.973
155;156;4.349
157;155;4.842
151;157;7.151
158;144;3.591
159;158;1.051
160;157;7.846
160;151;6.249
161;160;3.537
159;161;6.767
156;162;13.775
162;161;9.506
154;163;13.099
163;164;10.625
162;164;5.139
165;159;4.488
166;163;33.662
167;165;3.382
164;168;14.696
168;165;11.919
169;167;9.381
170;169;11.856
171;170;5.662
172;171;15.630
173;172;3.571
174;175;8.929
175;173;2.467
173;176;2.074
175;177;5.240
176;177;3.750
178;177;2.619
179;175;4.574
180;179;8.158
181;180;13.605
176;182;9.531
183;181;30.389
182;184;7.569
184;185;24.928
185;186;17.890
186;187;4.910
187;188;4.708
188;189;11.893
188;190;1.840
191;187;28.832
191;190;17.364
192;191;22.784
190;193;0.760
193;194;18.664
193;195;3.070
195;196;7.522
197;198;23.048
198;199;9.703
196;200;94.286
200;201;13.157
202;200;24.473
203;202;11.512
201;204;1.899
205;202;7.095
206;205;2.259
206;201;9.115
207;205;8.164
208;206;10.984
204;208;4.096
209;197;48.274
210;207;12.193
208;210;2.533
211;209;12.491
210;212;13.066
212;213;1.212
213;214;1.820
214;126;4.732
127;211;9.439
212;215;3.541
214;216;8.850
217;218;11.163
215;217;1.007
215;219;8.412
217;220;15.007
220;221;25.736
221;222;25.216
222;223;20.138
224;225;63.372
226;227;0.639
228;229;1.398
230;231;0.493
232;233;0.835
234;235;0.993
236;237;1.002
238;239;0.942
240;241;0.319
242;243;16.576
243;244;10.137
244;245;6.788
245;246;6.769
246;247;18.769
247;248;13.479
248;249;0.775
250;232;2.064
247;251;30.659
251;236;10.255
249;252;11.524
252;253;0.848
253;241;0.626
233;254;30.886
254;253;4.410
254;240;2.844
255;241;3.020
252;255;5.370
237;256;3.576
257;254;5.973
240;257;1.794
255;257;7.464
258;256;4.135
255;259;16.933
259;234;16.309
235;260;4.152
260;258;5.135
256;261;12.467
258;262;34.779
261;262;0.843
263;260;5.048
261;264;6.862
265;264;1.128
265;266;21.130
262;267;18.201
264;267;5.739
266;268;18.463
268;269;8.899
270;263;21.786
267;270;16.111
268;271;10.920
272;265;6.820
269;272;13.961
270;273;15.640
267;273;20.493
273;274;3.962
274;272;1.093
275;269;5.871
275;271;9.094
271;276;6.385
277;274;1.550
276;278;6.063
279;275;5.306
278;279;6.184
277;280;3.674
280;275;9.090
276;281;7.273
282;278;5.030
280;283;3.255
283;279;3.516
283;284;1.235
281;282;10.243
281;285;11.837
284;286;0.917
282;286;4.490
277;287;8.850
284;287;23.381
286;288;6.998
285;288;16.155
288;289;7.780
289;290;3.638
290;238;30.582
239;291;25.835
287;292;53.219
227;257;41.898
226;293;13.200
293;228;5.129
229;230;2.712
231;294;21.302
294;295;15.863
296;297;4.227
298;296;62.264
299;298;5.095
299;300;10.090
300;301;2.212
302;301;8.878
303;302;3.921
301;304;25.896
304;305;8.549
304;306;7.833
306;307;9.231
305;307;3.960
308;299;13.594
309;302;30.670
306;310;16.373
309;311;9.039
311;310;11.055
312;309;5.485
310;313;4.664
312;314;4.902
313;315;7.579
307;315;22.638
311;316;11.173
313;316;3.464
314;317;5.288
317;312;6.839
316;318;6.432
305;319;34.822
314;320;26.173
317;321;10.623
315;322;25.098
316;323;26.735
320;324;26.545
325;308;57.766
326;325;25.253
327;328;74.633
329;330;23.999
331;327;4.956
330;332;2.066
333;334;76.604
335;336;6.545
337;335;3.003
338;337;6.359
339;338;6.259
338;340;21.493
341;340;9.443
340;342;6.787
342;335;53.956
343;339;29.718
344;343;49.522
345;344;4.562
346;345;0.548
347;348;11.257
347;349;18.071
349;346;12.913
350;349;1.062
351;347;26.000
351;350;7.581
352;351;1.911
353;354;19.300
355;352;8.366
356;357;46.895
355;357;27.665
350;352;26.600
357;358;5.625
358;359;13.569
358;360;20.638
360;361;6.939
362;353;34.228
363;346;75.410
364;365;7.188
366;367;14.529
368;369;7.492
370;371;3.910
372;373;0.557
374;375;1.260
376;377;0.596
378;379;0.683
365;380;0.624
381;382;0.598
367;383;0.624
384;385;0.540
386;387;0.755
388;389;0.573
390;391;6.146
391;372;18.603
373;392;38.773
392;393;17.991
393;394;1.279
394;395;32.889
395;396;32.253
395;397;21.987
398;399;15.957
399;397;14.750
399;400;17.294
400;401;7.999
402;403;3.687
403;404;14.636
401;404;13.495
400;405;15.082
404;406;6.249
406;407;2.559
397;408;14.371
406;409;13.719
408;410;3.970
410;411;24.497
411;412;16.695
412;413;1.200
414;415;0.201
415;416;20.550
413;416;46.995
416;417;14.287
417;418;6.217
418;419;11.358
420;421;20.176
422;419;22.354
419;423;29.343
423;424;5.374
425;422;5.645
424;426;14.341
427;425;11.746
428;429;5.806
428;430;7.449
431;432;5.150
432;428;2.060
433;432;6.242
434;433;12.223
435;420;110.961
436;437;13.643
437;438;17.860
438;431;23.008
439;433;13.542
439;433;17.681
438;440;3.990
437;441;10.753
440;442;7.197
442;443;2.560
443;439;2.736
441;444;11.549
444;440;5.689
436;445;15.626
445;446;9.029
446;441;10.686
444;447;4.739
447;442;9.237
448;445;10.519
447;449;2.250
449;443;12.104
445;450;7.327
450;451;2.670
451;446;6.270
371;449;2.942
452;450;9.116
451;453;2.949
454;370;5.614
454;455;4.401
456;457;28.304
457;454;10.864
457;458;4.502
458;459;0.760
459;370;11.130
459;460;0.587
461;458;3.278
460;462;4.605
462;435;37.317
460;463;12.899
464;465;27.758
465;466;6.547
467;427;26.840
426;468;34.714
469;467;1.827
468;469;1.814
375;456;58.778
469;470;11.132
471;472;10.269
471;473;6.425
472;474;5.331
472;475;6.868
473;476;13.663
473;477;20.931
475;477;4.415
476;478;7.714
477;478;2.838
475;479;11.032
474;479;9.445
474;374;30.993
479;480;6.720
477;481;12.411
474;482;24.850
478;483;13.299
484;476;24.651
483;485;0.772
484;483;28.182
485;486;11.065
481;486;10.500
486;487;11.263
466;488;63.880
488;489;5.705
490;471;46.024
470;491;21.791
491;492;4.784
491;493;2.187
493;492;4.647
492;494;12.945
494;490;44.274
489;495;45.405
493;496;17.284
496;497;13.738
498;384;1.216
497;499;15.299
495;500;63.910
385;386;22.350
500;501;21.323
499;502;13.795
501;503;9.445
503;504;2.848
504;505;4.229
505;387;53.915
506;507;4.443
508;506;31.266
509;508;1.387
502;509;7.137
507;510;19.348
510;498;73.088
505;511;23.057
512;513;15.516
512;514;2.486
514;515;13.429
516;512;19.061
517;516;7.051
518;516;1.620
511;518;8.543
519;514;7.342
520;519;15.062
521;518;8.249
522;519;9.991
522;521;17.692
523;522;11.706
524;521;22.873
525;523;32.291
523;526;11.107
527;528;5.061
509;529;11.425
530;531;9.324
532;530;2.779
531;533;8.430
534;532;7.782
530;535;6.106
535;534;6.464
536;529;3.867
534;537;12.798
537;536;3.488
538;533;5.876
533;539;8.011
539;535;13.989
540;534;7.968
540;537;10.225
535;541;13.336
538;542;7.303
542;543;4.859
544;538;14.669
543;544;7.471
539;545;7.965
545;541;8.483
546;547;9.668
547;544;2.896
548;547;2.493
541;549;6.789
550;545;2.636
549;551;8.849
551;540;9.959
552;553;4.269
553;554;56.818
555;536;5.467
555;552;46.192
556;549;2.761
557;555;0.813
554;558;4.564
544;559;12.697
543;559;9.408
542;560;11.225
560;550;6.425
550;561;7.623
559;562;4.813
562;560;4.734
563;551;8.737
563;557;9.192
564;562;2.263
561;564;9.647
564;565;6.538
561;566;10.561
566;563;18.874
567;563;13.357
567;557;5.208
565;566;16.588
565;568;16.393
569;567;29.111
570;569;24.961
571;570;4.751
572;571;18.394
573;572;23.848
574;573;10.183
575;576;0.453
576;577;53.373
578;575;15.308
579;580;6.455
581;578;27.063
582;581;11.331
583;584;68.503
585;582;20.110
586;587;15.528
586;582;14.608
588;586;0.821
589;585;5.821
588;590;3.200
591;585;13.780
592;589;6.746
589;593;15.358
584;594;14.985
595;588;5.781
590;596;14.131
596;591;5.795
597;598;24.347
591;599;4.735
599;592;13.306
600;599;1.439
601;597;76.360
590;602;8.628
598;603;6.020
595;604;7.590
604;602;8.376
596;605;5.339
605;600;3.338
606;595;3.549
607;608;16.595
608;607;20.876
609;601;12.305
610;611;8.743
611;612;15.137
603;613;10.507
605;614;3.359
593;615;10.576
616;594;31.598
617;609;9.207
600;618;11.829
618;592;13.043
594;617;14.314
619;615;7.729
620;611;6.319
608;620;8.805
602;621;10.968
622;621;3.598
614;622;7.297
604;623;9.561
621;623;12.072
624;618;3.704
624;619;11.336
625;624;2.930
614;626;8.541
625;626;3.246
627;616;18.462
628;622;3.858
620;629;8.709
630;628;6.500
626;630;4.667
606;631;15.259
623;631;12.985
630;632;4.610
632;625;4.998
633;628;4.505
615;634;14.994
619;634;24.658
635;627;17.899
620;636;11.696
636;635;7.686
623;637;10.132
637;633;14.590
369;606;13.930
613;368;27.214
634;638;9.656
631;639;5.218
639;637;13.568
639;640;1.433
641;642;10.224
642;636;5.551
633;643;16.300
643;632;11.419
632;644;26.633
640;645;9.859
637;645;17.771
635;646;11.734
647;643;4.342
648;642;10.443
646;648;6.165
646;649;5.357
642;650;10.906
650;648;8.123
649;651;6.915
652;650;5.200
645;653;8.255
649;654;6.964
655;648;9.528
654;655;2.294
656;654;4.818
657;655;12.340
658;657;13.085
659;657;20.214
603;660;48.531
660;661;109.658
662;663;111.002
661;664;78.801
664;665;6.229
666;662;35.713
665;667;54.017
668;666;11.783
669;668;6.756
667;670;16.030
670;376;0.326
377;671;0.999
672;671;28.423
672;673;30.856
674;672;4.042
671;675;7.682
675;674;7.606
676;675;1.452
674;677;11.627
678;676;5.628
677;678;8.377
679;669;21.493
680;677;6.554
681;680;3.045
682;683;12.113
684;678;11.470
684;681;10.969
685;676;14.545
685;684;7.951
683;686;3.748
680;687;29.187
687;682;10.896
687;683;18.509
688;685;7.024
689;679;5.960
690;687;5.966
691;681;11.726
691;690;17.246
690;686;25.090
692;689;22.267
691;693;7.351
694;692;7.987
695;694;0.750
389;695;6.660
696;689;33.249
379;696;0.750
697;698;4.323
699;697;8.344
700;378;56.248
701;702;3.957
703;700;7.592
704;699;18.302
704;703;6.398
705;699;18.455
706;704;6.520
706;705;10.804
707;706;2.303
707;705;19.060
708;707;3.509
708;709;12.410
710;708;11.694
711;710;13.189
383;711;1.801
712;366;19.392
380;712;13.730
382;364;11.054
713;381;0.555
713;714;10.286
715;713;0.569
716;715;1.194
716;717;6.581
715;717;17.326
718;716;1.837
717;719;7.681
720;718;1.957
719;720;9.156
721;720;1.243
721;719;36.578
722;527;0.800
722;723;6.792
724;725;0.537
726;727;0.982
728;729;12.953
729;730;29.094
729;731;7.803
732;729;9.060
732;733;13.115
734;735;14.650
734;732;9.490
736;734;4.062
736;737;6.015
738;736;5.049
738;739;6.461
740;741;15.706
738;742;18.338
743;744;28.905
745;740;13.025
745;742;2.387
746;743;5.212
746;740;11.335
747;746;9.969
747;745;3.623
742;748;12.697
746;749;4.892
749;750;8.526
750;747;4.939
751;750;0.785
752;743;11.129
752;753;5.326
753;749;5.844
754;752;4.009
753;755;8.432
755;751;1.871
751;756;13.520
757;755;3.870
757;758;4.076
759;757;2.901
760;759;2.712
727;760;1.485
761;762;29.121
762;726;25.468
762;724;7.013
725;763;62.688
764;765;0.841
766;767;1.101
768;769;1.160
770;771;0.749
772;773;0.790
774;775;4.514
777;776;42.762
778;777;1.922
765;778;10.265
779;764;42.256
780;781;7.808
782;780;10.683
783;784;9.992
780;783;2.232
785;783;2.765
785;786;3.670
787;785;16.349
788;789;8.112
788;787;5.971
790;788;3.605
785;791;17.201
791;779;18.290
790;792;18.896
792;791;1.961
793;794;14.578
793;788;10.321
795;790;22.010
795;792;4.119
796;797;13.096
797;793;9.692
795;798;7.620
797;799;17.447
799;800;3.778
800;795;6.174
800;801;10.007
802;797;18.363
802;799;1.965
803;802;4.644
803;800;2.234
804;805;12.830
806;803;0.629
805;807;1.323
807;797;20.510
800;808;14.813
808;809;3.234
807;810;9.785
810;802;13.382
810;811;7.582
811;806;3.787
812;806;12.637
813;811;1.575
814;813;5.796
815;814;3.126
816;815;21.100
817;818;71.684
819;817;24.871
820;816;6.773
821;770;11.590
818;821;28.046
767;820;7.947
771;772;23.991
769;766;2.020
773;822;22.864
823;768;3.353
824;825;2.049
826;824;1.082
827;828;1.250
829;830;0.538
831;832;0.575
833;834;0.453
835;836;1.285
837;838;3.014
838;839;19.395
839;840;7.650
839;841;4.759
830;842;6.536
836;826;98.629
842;825;6.251
843;844;3.170
841;829;38.835
843;845;5.415
844;845;13.028
846;845;6.427
847;846;17.234
843;848;18.798
825;849;5.387
850;848;12.443
850;846;13.418
851;848;6.335
852;851;7.644
853;850;8.923
851;854;7.838
853;852;7.252
855;853;6.018
852;856;9.272
856;855;5.988
854;857;10.704
858;856;3.112
854;859;12.714
859;858;4.723
857;859;9.147
858;860;6.643
855;861;15.253
860;861;8.217
849;862;70.459
862;827;1.636
857;863;17.399
861;864;5.454
859;865;18.306
865;860;11.637
865;864;8.488
857;866;51.628
866;863;13.553
864;867;16.909
828;867;6.280
863;868;26.842
865;868;18.218
867;868;0.573
866;869;20.952
868;869;6.327
869;870;0.179
870;831;6.253
832;871;0.912
871;872;31.534
872;873;18.176
873;874;21.653
874;875;16.190
875;876;20.877
877;878;0.654
879;880;0.852
881;882;1.006
883;884;0.918
885;886;0.382
887;888;1.327
889;890;0.931
295;877;26.106
878;891;29.925
891;892;10.863
893;894;14.209
894;895;11.136
895;896;11.178
896;892;8.775
897;898;2.275
899;897;7.495
900;896;2.998
900;899;2.391
895;901;13.982
901;900;1.669
899;902;7.008
903;901;2.411
897;904;17.252
905;904;4.000
903;906;1.107
907;906;6.419
901;907;9.430
902;908;8.204
908;909;7.342
902;909;11.677
904;909;7.121
907;910;4.736
908;910;3.501
909;911;2.242
912;911;3.440
911;913;9.903
910;914;7.875
914;912;3.658
906;915;5.044
915;916;1.371
910;916;11.097
915;917;0.527
918;914;6.966
912;918;15.142
919;918;0.865
916;920;10.583
920;919;4.116
917;921;14.155
921;922;3.678
919;923;12.861
917;924;6.937
925;903;19.868
926;920;19.456
921;927;25.234
926;928;21.214
924;929;17.680
924;930;5.086
930;926;11.450
930;931;9.880
930;932;39.285
931;933;5.457
933;934;10.502
925;935;52.886
936;937;16.634
935;879;3.938
880;938;8.165
934;939;58.215
938;940;9.102
939;941;6.040
942;936;41.255
943;942;23.027
940;944;25.791
944;945;0.522
941;946;33.804
946;943;7.110
947;946;15.416
948;947;14.342
949;948;11.939
947;950;12.300
950;948;5.257
951;946;9.961
951;952;7.004
950;952;17.233
952;953;5.393
953;954;11.498
948;955;14.921
955;956;14.343
956;957;3.423
957;958;7.680
959;960;7.813
959;955;13.878
953;961;11.162
961;959;3.388
962;957;10.671
963;953;11.176
963;961;5.667
955;964;6.445
964;962;4.878
965;963;3.362
966;951;7.914
961;967;4.264
967;968;4.524
965;969;6.054
945;970;16.915
967;971;2.501
971;964;17.381
972;966;6.646
969;972;5.094
973;965;5.968
962;974;10.544
969;973;7.601
973;975;0.722
975;971;11.186
976;975;2.508
971;977;7.996
978;979;2.689
978;966;3.637
980;972;8.927
980;976;2.328
971;981;7.535
981;977;3.359
974;982;13.441
983;984;11.562
964;983;13.885
983;974;9.070
981;985;1.430
976;986;4.678
986;981;11.139
977;987;11.164
987;983;11.602
988;985;9.810
988;987;6.174
986;989;11.084
985;989;13.257
990;988;4.907
989;991;1.248
991;990;2.083
991;992;1.327
992;990;1.795
993;978;5.262
994;980;23.698
994;991;28.226
992;995;12.025
995;988;11.625
996;992;15.254
993;997;5.277
970;998;18.799
997;999;25.116
998;1000;17.514
1000;881;3.103
999;1001;20.230
882;1002;8.957
1003;1002;5.273
1004;1003;10.255
1004;1005;1.846
1006;1004;3.010
1005;1007;20.530
1008;1006;29.167
1009;1008;6.478
1007;1010;8.364
1011;1008;5.143
1011;1012;4.718
1012;1013;3.698
1013;1006;6.925
1012;1011;5.318
1014;1009;14.394
1010;1015;20.562
1005;1016;16.989
1017;1009;8.568
1014;1018;4.389
1018;1017;3.785
1019;1016;12.529
1018;1020;1.174
1021;1019;3.432
1008;1022;10.738
1022;1013;3.946
1022;1021;5.808
1017;1023;6.865
1023;1022;14.805
1020;1024;4.367
1024;1023;2.356
1016;1025;9.987
1026;1025;9.354
1024;1027;3.013
1028;1022;3.120
1019;1029;7.710
1029;1030;5.891
1031;1014;25.142
1032;1033;7.104
1033;1031;7.008
1034;1020;11.497
1035;1021;7.469
1025;1036;1.908
1037;1035;4.153
1030;1038;3.732
1038;1036;1.957
1039;1037;5.208
1028;1039;4.470
1027;1040;8.135
1040;1028;1.829
1041;1034;3.408
1029;1042;4.218
1042;1038;5.902
1031;1043;7.904
1043;1034;12.245
1044;1040;1.284
1043;1045;0.980
1046;1042;2.814
1041;1047;4.454
1048;1027;8.109
1048;1044;0.706
1035;1049;5.807
1049;1046;3.998
1050;1048;0.781
1051;1049;1.850
1045;1052;4.501
1037;1053;7.121
1053;1051;3.753
1054;1053;1.934
1045;1055;4.610
1055;1041;8.288
1036;1056;8.226
1039;1057;7.389
1057;1054;1.432
1001;887;27.011
1058;1046;6.309
1051;1058;5.848
1044;1059;9.727
1059;1057;4.499
1060;1050;4.641
1056;1061;3.540
1050;1062;5.847
1058;1063;3.378
1056;1063;13.354
1055;1064;9.172
1064;1060;1.462
1065;1062;4.894
1062;1066;4.608
1066;1059;7.437
1033;1067;18.736
1065;1068;4.608
1054;1069;10.117
1063;1069;5.427
1067;1070;9.984
1070;1064;1.444
1060;1071;6.991
1068;1071;1.104
1066;1072;2.564
1073;1065;5.153
1068;1073;6.889
1069;1074;5.871
1072;1073;11.659
1074;1075;3.252
1072;1076;7.014
1069;1076;13.438
888;1077;2.387
1075;1078;4.508
1074;1079;6.926
1079;1080;5.021
1071;1081;9.213
1076;1082;4.100
1067;1083;12.034
1083;1070;3.671
1084;1083;1.153
1082;1085;5.818
1075;1086;9.101
1087;1082;10.063
1079;1088;12.250
1084;1089;9.950
1089;1087;14.630
1090;1084;4.304
1089;1091;7.678
1092;1093;4.495
1093;1094;3.320
1087;1095;22.706
1094;1096;7.610
1096;1097;4.430
1097;1098;8.097
1099;1098;1.745
1015;1100;119.036
1100;1101;2.052
1101;1093;9.711
1102;1094;9.007
1102;1096;10.924
1103;1090;10.240
1101;1104;3.762
1104;1102;2.721
1104;1105;2.753
1103;1106;1.523
1107;1097;11.955
1105;1108;7.145
1108;1107;1.147
1107;1109;3.832
1109;1110;6.483
1111;1112;4.753
1077;1112;11.584
1105;1113;4.898
1098;1114;10.498
1109;1115;4.593
1115;1114;1.674
1114;1111;10.773
1116;1113;7.921
1115;1117;4.674
1118;1117;12.240
1111;1118;6.271
1119;1118;3.085
1117;1120;8.075
1120;1121;9.721
1118;1121;10.130
1120;1122;4.176
1121;1123;7.742
1112;1123;4.340
1124;1108;21.013
1122;1125;8.461
1121;1125;7.228
1126;1124;10.018
1122;1126;7.540
1125;1127;5.954
1127;1126;5.540
1106;1128;6.147
1123;889;2.446
1128;883;0.942
884;1129;0.302
1129;1130;11.057
1130;885;14.422
1131;886;6.810
1132;1131;1.953
886;1133;0.834
1133;1132;3.411
1133;1134;0.604
1135;1132;7.809
1134;1135;2.154
1131;1136;46.464
1136;1137;31.339
890;1138;98.008
1138;1139;0.792
1140;1141;16.670
1142;1140;13.293
1139;1143;6.711
1143;1142;14.664
1140;1144;16.628
1144;1145;10.562
1144;1146;31.775
1147;1143;5.109
1147;1142;10.275
1148;1149;4.694
1149;1148;7.030
1147;1150;0.414
1151;1144;5.530
1152;1148;6.827
1150;1153;1.165
1153;1152;0.540
1154;1150;3.870
1155;1156;11.111
1154;1156;4.767
1152;1157;4.141
1149;1157;5.021
1157;1151;11.398
1158;1154;3.014
1153;1158;3.641
1144;1159;9.536
1156;1160;1.874
1157;1161;1.329
1158;1162;2.156
1161;1163;0.980
1159;1164;3.231
1164;1165;3.473
1166;1159;7.053
1163;1166;11.516
1162;1167;6.371
1164;1168;3.711
1163;1169;2.333
1167;1170;3.509
1167;1171;4.083
1170;1172;1.146
1161;1172;10.285
1173;1166;4.835
1168;1173;5.908
1172;1174;3.189
1170;1175;2.785
1174;1169;10.860
1176;1162;11.401
1169;1177;1.842
1173;1177;5.106
1174;1178;3.919
1168;1179;6.794
1177;1180;0.723
1179;1181;0.650
1180;1182;0.909
1182;1179;9.404
1183;1180;12.026
1135;1184;49.706
1182;1185;9.647
1184;1186;14.453
1186;1187;5.970
1185;1188;23.796
1188;1189;27.826
1190;1189;6.776
1189;1191;9.059
1191;1192;34.750
1193;1194;5.236
1192;1193;1.285
1195;1190;6.791
1191;1195;4.731
1195;1192;10.806
1194;1195;20.631
1193;1196;1.244
1197;1190;24.146
1197;1195;7.084
1195;1198;11.472
1194;1198;10.518
1199;1197;4.777
1198;1199;8.145
1196;1200;7.090
1201;1196;6.414
1202;1199;40.908
1203;1202;22.612
1204;1203;2.871
1205;1206;0.582
1207;1208;1.667
1210;1209;29.427
1211;1210;10.311
1212;1211;26.527
1213;1212;14.546
1214;1213;0.457
1215;1216;3.642
1217;1218;3.391
1218;1215;17.713
1219;1218;11.890
1220;1205;14.357
1219;1215;23.121
1221;1220;0.468
1206;1222;10.074
1222;1219;19.427
1222;1223;2.727
1224;1225;25.499
1226;1214;38.188
1226;1221;21.947
1227;1226;9.675
1228;1227;0.658
1229;1228;5.509
1230;1231;2.797
1230;1232;6.559
1232;1233;33.809
1234;1229;8.074
1233;1235;4.336
1236;1234;3.941
1232;1237;6.346
1237;1233;8.102
1238;1236;0.336
1235;1238;10.653
1239;1230;9.212
1239;1237;3.925
1240;1239;0.791
1241;1240;0.158
1242;1229;12.538
1243;1242;1.740
1243;1228;19.184
1242;1244;3.517
1234;1245;17.125
1245;1244;24.288
1235;1246;41.932
1236;1246;19.260
1245;1246;5.473
1243;1247;14.355
1244;1248;14.253
1249;1250;3.325
1208;1249;3.942
1251;1207;0.433
819;1251;1.782
1250;1252;48.180
1252;1241;45.274
1223;1253;65.796
1254;1255;4.152
1256;1257;2.937
1258;1259;1.506
1260;1261;0.672
1262;1263;0.631
1264;1265;0.313
1266;1267;0.469
1268;1269;0.532
1270;1271;1.438
1272;1273;1.523
1274;1275;1.480
1276;1277;1.393
1278;1279;2.199
1280;1281;1.805
1282;1283;1.791
1284;1285;1.281
1286;1287;1.733
1288;1289;1.347
1290;1291;1.153
1292;1293;5.616
1294;1292;21.820
1295;1296;25.363
1293;1292;19.166
1297;1298;21.799
1298;1274;6.595
1275;1299;52.878
1299;1300;15.577
1300;1301;13.477
1301;1302;8.879
1302;1303;1.928
1304;1305;11.772
1303;1306;6.959
1306;1276;1.407
1277;1307;3.342
1307;1308;0.337
1309;1310;1.727
1310;1311;4.235
1311;1312;3.730
1309;1312;6.261
1312;1313;5.312
1308;1313;5.784
1313;1314;2.573
1308;1314;34.438
1311;1315;13.401
1315;1316;4.971
1312;1316;13.193
1316;1317;2.187
1317;1318;4.060
1314;1319;3.299
1318;1319;3.976
1320;1321;4.612
1315;1321;7.678
1319;1322;3.434
1317;1323;10.371
1318;1323;8.046
1323;1324;3.323
1321;1325;9.875
1322;1326;2.315
1326;1322;22.845
1321;1327;7.835
1325;1327;5.831
1325;1328;1.003
1324;1328;5.830
1327;1329;2.400
1326;1330;1.315
1305;1331;34.824
1329;1332;5.351
1332;1333;12.453
1332;1333;5.413
1333;1334;5.187
1330;1335;2.160
1330;1336;8.305
1324;1337;10.709
1336;1337;1.605
1337;1338;2.738
1328;1339;9.871
1338;1339;4.051
1340;1329;9.500
1340;1341;0.837
1339;1341;7.508
1342;1340;4.096
1339;1343;2.544
1338;1343;6.035
1279;1344;0.757
1335;1345;7.234
1335;1346;3.586
1346;1278;1.577
1333;1347;9.294
1347;1342;12.113
1345;1348;2.997
1346;1348;4.320
1336;1349;9.985
1349;1345;10.611
1347;1350;6.373
1349;1351;5.719
1348;1351;11.741
1351;1352;2.763
1343;1353;13.499
1353;1352;3.084
1341;1354;16.849
1355;1354;1.136
1353;1355;5.033
1344;1356;3.986
1354;1342;26.604
1352;1355;20.804
1331;1357;15.053
1357;1358;0.922
1357;1359;8.961
1358;1360;2.637
1359;1360;2.017
1356;1361;14.752
1361;1358;17.813
1362;1361;0.635
1360;1362;9.984
1363;1362;7.245
1360;1363;3.854
1363;1364;27.363
1364;1365;31.995
1365;1366;5.990
1367;1368;3.301
1369;1366;16.321
1366;1370;1.451
1369;1371;12.163
1371;1368;12.087
1372;1373;13.008
1370;1373;3.653
1368;1374;5.525
1374;1375;1.753
1373;1376;2.929
1375;1377;4.763
1370;1378;12.088
1376;1379;1.372
1373;1380;7.976
1378;1380;14.150
1378;1381;5.049
1381;1369;16.139
1374;1382;12.200
1371;1383;11.346
1382;1383;4.173
1384;1383;7.903
1382;1385;4.884
1381;1386;4.006
1386;1384;4.122
1387;1385;9.366
1375;1387;20.679
1388;1389;9.581
1380;1390;8.983
1391;1389;2.611
1392;1391;3.612
1393;1378;7.331
1386;1393;5.568
1383;1384;14.637
1394;1395;16.337
1395;1389;10.540
1386;1396;7.629
1390;1397;6.367
1397;1393;6.261
1398;1376;18.694
1397;1398;10.713
1399;1395;5.885
1379;1258;7.109
1397;1400;5.043
1385;1401;21.358
1402;1400;3.785
1400;1403;9.650
1397;1404;12.375
1405;1402;4.210
1404;1405;1.670
1391;1406;19.176
1405;1407;8.131
1407;1408;3.058
1408;1404;19.368
1409;1410;28.051
1406;1411;19.541
1411;1410;14.392
1412;1413;7.441
1410;1414;11.600
1412;1414;5.169
1414;1415;9.788
1412;1416;16.902
1417;1418;9.700
1411;1419;26.673
1417;1420;5.958
1420;1421;4.589
1421;1422;5.997
1419;1423;1.312
1424;1423;6.100
1414;1424;15.767
1421;1425;7.747
1422;1425;5.792
1423;1426;7.240
1424;1426;3.824
1425;1427;3.371
1427;1428;14.134
1429;1420;6.506
1426;1430;1.828
1427;1431;2.045
1419;1432;9.649
1417;1433;9.787
1429;1433;7.581
1434;1429;7.141
1431;1434;10.295
1432;1435;2.274
1434;1436;3.107
1431;1437;8.739
1438;1433;13.624
1437;1439;2.010
1440;1438;9.238
1436;1441;6.119
1439;1441;9.429
1440;1442;3.530
1443;1444;6.396
1443;1440;12.800
1441;1445;4.078
1433;1446;18.209
1438;1447;10.736
1446;1447;0.893
1448;1442;11.188
1446;1449;6.307
1436;1449;18.733
1450;1447;7.097
1445;1451;6.931
1437;1451;18.570
1442;1452;8.489
1452;1450;3.715
1448;1453;3.245
1448;1454;7.561
1454;1453;7.028
1455;1456;5.009
1451;1455;5.579
1457;1453;1.918
1457;1452;6.126
1443;1458;14.534
1458;1454;5.516
1450;1459;5.126
1460;1458;1.888
1449;1461;7.380
1449;1461;14.217
1462;1460;13.694
1463;1454;14.141
1464;1462;15.273
1464;1460;8.539
1463;1464;2.707
1465;1463;11.787
1465;1457;14.853
1465;1466;4.166
1461;1466;18.287
1455;1467;31.690
1467;1468;3.129
1469;1466;6.350
1469;1467;3.611
1470;1471;0.390
1257;1469;12.269
1471;1472;2.380
1473;1470;41.108
1472;1474;14.134
1435;1475;37.913
1475;1476;0.221
1474;1477;13.576
1477;1478;4.488
1478;1479;0.601
1479;1480;1.192
1476;1288;19.058
1481;1256;125.765
1256;1473;6.862
1289;1482;7.066
1259;1482;82.946
1482;1483;0.842
1480;1484;34.413
1484;1485;7.521
1486;1481;53.977
1485;1487;5.436
1483;1488;27.441
1487;1489;12.335
1489;1490;3.114
1488;1491;32.339
1491;1492;1.734
1490;1493;33.347
1493;1494;9.183
1494;1495;2.624
1495;1496;0.369
1491;1497;42.782
1496;1498;15.122
1498;1499;13.353
1499;1500;3.906
1500;1501;1.567
1492;1502;70.134
1497;1503;33.062
1503;1504;2.242
1505;1506;12.883
1507;1505;8.707
1505;1508;5.020
1508;1509;2.389
1509;1510;6.747
1504;1510;15.858
1507;1511;6.997
1508;1511;6.793
1512;1511;3.174
1509;1512;9.167
1507;1513;17.095
1514;1513;3.215
1511;1514;8.000
1513;1515;7.903
1512;1516;7.362
1510;1516;13.859
1517;1516;4.327
1514;1518;12.099
1518;1517;7.356
1519;1518;1.527
1501;1520;20.005
1502;1521;30.123
1520;1522;4.267
1521;1522;0.170
1523;1520;4.604
1522;1523;0.577
1523;1524;0.912
1295;1524;5.496
1521;1295;5.598
1525;1526;41.420
1527;1525;1.579
1524;1528;25.035
1296;1529;7.862
1529;1530;0.487
1530;1531;5.224
1532;1533;17.032
1534;1532;8.191
1535;1532;5.140
1535;1533;9.118
1536;1534;3.311
1537;1538;4.685
1538;1536;0.694
1535;1539;5.421
1533;1540;13.077
1526;1541;54.877
1538;1541;8.845
1539;1542;2.236
1542;1540;7.030
1536;1543;7.512
1534;1544;11.280
1539;1544;4.910
1541;1545;2.290
1546;1542;7.154
1544;1547;8.199
1545;1548;2.371
1549;1546;6.226
1540;1549;9.950
1550;1531;6.064
1548;1547;1.756
1528;1260;32.578
1550;1551;3.301
1548;1552;5.384
1553;1554;2.062
1554;1555;2.760
1551;1556;7.968
1546;1557;11.339
1551;1558;12.903
1558;1559;7.219
1549;1560;13.991
1555;1560;12.965
1547;1561;7.031
1561;1557;0.259
1558;1562;4.584
1559;1562;6.131
1557;1563;0.959
1563;1560;10.645
1564;1552;10.982
1531;1565;9.704
1563;1566;0.964
1552;1564;16.640
1559;1567;11.765
1567;1568;0.523
1569;1570;6.003
1562;1569;5.263
1571;1564;3.009
1571;1561;14.577
1562;1572;10.055
1568;1572;5.196
1566;1573;10.684
1574;1560;12.521
1555;1574;17.146
1572;1575;2.204
1569;1576;7.480
1575;1576;6.450
1576;1577;0.895
1578;1575;8.984
1574;1579;9.509
1577;1580;8.910
1581;1578;1.672
1574;1582;8.822
1565;1583;4.355
1571;1584;19.666
1565;1585;23.530
1586;1585;9.733
1585;1587;1.963
1577;1588;7.034
1584;1589;8.657
1566;1589;7.097
1589;1582;7.203
1580;1590;6.498
1590;1588;3.856
1591;1590;1.597
1588;1592;6.780
1592;1593;1.377
1581;1593;11.168
1587;1594;7.674
1580;1594;17.785
1595;1596;4.599
1587;1596;10.280
1595;1597;15.179
1597;1595;3.244
1598;1581;16.167
1592;1591;12.180
1593;1598;5.547
1582;1599;15.193
1583;1600;14.723
1600;1597;4.519
1594;1601;6.717
1601;1591;16.314
1589;1602;4.339
1261;1603;24.790
1596;1604;15.291
1601;1604;6.938
1583;1605;6.430
1604;1606;20.548
1605;1606;1.064
1602;1607;12.590
1603;1608;69.040
1608;1294;27.592
1607;1609;51.090
1610;1611;2.834
1612;1613;4.024
1611;1613;4.441
1614;1613;5.336
1613;1615;4.206
1615;1611;6.679
1614;1616;4.604
1616;1615;5.768
1615;1617;8.807
1617;1618;11.092
1617;1619;2.531
1620;1621;11.040
1619;1622;0.777
1623;1620;6.152
1623;1614;13.397
1616;1624;7.016
1622;1624;5.684
1622;1625;0.920
1621;1626;1.298
1624;1627;1.172
1628;1623;4.227
1629;1625;2.640
1630;1627;6.013
1626;1631;4.811
1631;1628;4.358
1627;1632;4.484
1629;1632;5.485
1630;1628;14.653
1625;1629;15.238
1631;1626;22.599
1632;1633;7.348
1609;1634;40.062
1633;1630;17.801
1281;1635;2.479
1636;1637;12.760
1638;1636;4.205
1636;1639;1.716
1637;1640;11.079
1641;1640;6.858
1639;1642;12.298
1640;1642;2.647
1643;1280;14.278
1642;1644;4.184
1640;1641;15.992
1645;1643;42.782
1634;1284;20.782
1285;1646;0.544
1647;1645;26.591
1648;1647;11.702
1293;1649;38.251
1650;1649;20.562
1651;1650;2.731
1652;1651;1.429
1653;1652;3.173
1653;1654;0.843
1649;1655;7.366
1650;1656;8.514
1657;1658;8.948
1654;1657;2.268
1651;1652;16.468
1646;1659;29.340
1660;1661;5.156
1657;1660;3.970
1659;1662;14.768
1662;1663;4.183
1654;1664;18.609
1663;1665;6.095
1665;1666;6.230
1660;1666;4.124
1664;1667;2.502
1663;1668;13.620
1668;1665;6.330
1664;1669;11.394
1665;1670;2.252
1666;1670;2.307
1655;1671;6.691
1669;1672;5.197
1667;1669;18.480
1673;1674;8.563
1672;1673;2.396
1668;1675;8.033
1675;1670;7.421
1671;1262;0.965
1673;1676;8.273
1675;1677;4.269
1670;1677;3.101
1677;1678;8.625
1679;1680;5.878
1670;1681;4.856
1681;1676;4.332
1678;1682;5.690
1676;1672;30.109
1263;1683;2.303
1680;1684;6.677
1685;1648;49.462
1682;1686;3.014
1684;1680;13.247
1677;1687;3.195
1684;1688;5.448
1687;1688;1.120
1682;1689;5.295
1690;1683;8.054
1681;1690;11.020
1691;1681;6.490
1688;1692;0.764
1690;1693;2.987
1683;1693;1.879
1693;1694;1.753
1694;1695;3.308
1683;1695;4.755
1696;1687;8.634
1695;1697;1.636
1697;1685;5.696
1698;1691;3.036
1699;1698;0.662
1699;1690;3.792
1697;1700;4.702
1694;1701;2.364
1697;1701;5.949
1702;1699;1.513
1693;1702;1.766
1696;1703;4.654
1678;1703;19.987
1701;1704;2.188
1704;1702;2.881
1705;1692;7.101
1705;1696;8.281
1706;1691;4.713
1706;1698;3.650
1705;1703;13.912
1700;1282;8.250
1707;1706;2.808
1702;1707;2.232
1707;1708;0.489
1704;1708;10.346
1692;1709;9.055
1705;1710;11.591
1709;1711;0.492
1711;1290;6.580
1283;1712;10.320
1708;1264;10.271
1265;1713;0.270
1712;1714;10.246
1713;1266;9.575
1291;1715;33.536
1267;1268;8.166
1715;1716;8.530
1269;1716;4.038
1714;1717;15.175
1718;1719;34.416
1716;1720;7.702
1719;1718;4.161
1718;1721;17.677
1719;1722;5.349
1723;1722;31.350
1724;1722;6.863
1724;1725;29.102
1723;1726;3.306
1723;1726;4.590
1726;1727;1.661
1727;1728;2.686
1727;1729;2.652
1729;1724;5.635
1717;1730;7.895
1729;1731;9.234
1731;1732;33.170
1732;1733;16.022
1731;1733;4.856
1732;1734;10.977
1735;1734;8.462
1734;1736;4.810
1733;1737;4.573
1720;1738;22.820
1735;1739;3.033
1739;1737;0.410
1737;1740;2.711
1738;1741;1.586
1742;1735;6.096
1742;1739;1.710
1741;1743;1.464
1743;1744;0.447
1745;1742;1.301
1746;1745;0.669
1287;1746;1.823
1744;1747;1.474
1748;1738;5.911
1747;1748;0.992
1743;1749;2.874
1741;1749;6.111
1750;1747;5.552
1750;1744;7.014
1749;1750;5.707
1751;1748;14.966
1752;1751;3.984
1730;1753;14.288
1754;1286;129.488
1730;1754;34.396
1750;1755;26.856
1756;1752;19.118
1753;1757;17.512
1271;1756;9.791
1758;1270;1.600
1759;1272;6.194
1755;1759;28.442
1760;1758;0.799
1273;1760;1.979
1755;1761;19.311
1757;1762;15.292
1763;1764;4.020
1764;1765;6.199
1766;1763;2.222
1766;1767;5.346
1765;1768;5.684
1764;1769;2.832
1768;1770;5.293
1769;1765;8.190
1767;1771;7.558
1767;1771;17.288
1769;1772;4.555
1770;1773;5.296
1772;1774;4.639
1775;1766;8.089
1771;1775;6.015
1776;1775;1.764
1770;1777;24.118
1772;1778;4.644
1778;1776;3.157
1777;1779;1.008
1780;1773;3.676
1777;1781;12.000
1773;1781;11.738
1782;1768;11.974
1782;1783;3.674
1782;1780;8.936
1784;1782;3.528
1784;1778;10.705
1781;1785;5.737
1785;1786;7.654
1786;1780;6.184
1786;1787;1.638
1787;1784;8.771
1760;1788;41.256
1779;1789;13.746
1790;1779;10.487
1791;1792;2.784
1789;1791;2.375
1790;1793;8.342
1789;1794;8.854
1790;1794;3.922
1785;1795;13.396
1795;1787;16.723
1794;1796;6.490
1762;1797;44.381
1796;1798;3.747
1798;1795;7.972
1796;1799;4.392
1791;1800;12.915
1794;1800;14.351
1800;1255;7.804
1255;1801;0.792
1801;1798;18.204
1802;1803;1.461
1761;1803;45.875
1797;1254;57.748
1804;1802;25.760
1804;1805;4.076
1803;1805;11.570
1806;1804;11.679
1805;1807;8.175
1808;1806;2.570
1807;1808;1.280
1808;1809;3.660
1801;1810;8.310
1806;1811;22.575
1807;1812;4.805
1813;1811;9.814
1812;1814;11.847
1811;1815;15.385
1812;1815;2.817
1814;1816;4.827
1816;1814;12.472
1816;1817;6.725
1818;1813;6.497
1819;1818;2.685
1813;1819;4.276
1820;1819;1.689
1815;1821;5.980
1822;1820;12.471
1821;1822;11.733
1823;1814;9.697
1824;1820;4.289
1824;1822;9.964
1825;1826;13.131
1826;1824;5.681
1825;1827;10.343
1825;1827;4.215
1821;1823;10.781
1827;1828;3.837
1826;1829;2.851
1830;1829;1.289
1828;1830;11.681
1829;1831;7.756
1824;1831;4.672
1823;1832;13.608
1828;1833;3.764
1832;1834;2.305
1831;1835;9.035
1829;1830;11.196
1835;1834;34.890
1834;1836;10.178
1810;1837;41.594
1838;1839;1.100
1840;1841;32.566
1839;1840;49.710
1842;1838;32.385
1837;1842;67.718
1843;1844;28.143
1845;1843;12.139
1844;1846;24.792
1846;1847;19.297
1848;1845;30.591
1849;1848;29.931
1850;1849;7.398
1851;1850;17.382
1850;1852;17.450
1853;1852;24.565
1854;1852;14.234
1855;1856;13.856
1856;834;4.859
1857;833;10.524
1858;1857;0.412
1859;1858;15.706
1860;1859;4.855
1861;1860;27.082
837;1861;10.423
840;1862;9.086
1862;1863;8.069
1863;1864;70.608
1865;1866;0.800
1867;1868;0.305
1869;1870;2.157
1871;1872;1.265
1873;1874;0.940
1875;1876;0.805
1877;1878;0.526
1879;1880;0.475
1881;1865;3.737
1866;1882;14.907
1882;1883;1.417
1883;1884;17.418
1884;1885;14.226
1870;1886;1.341
1882;1887;37.450
1887;1869;0.485
1872;1887;0.695
1888;1889;27.962
1887;1890;43.327
1883;1889;20.969
1891;1890;1.024
1871;1892;46.275
1892;1893;4.783
1894;1895;19.612
1893;1894;11.445
1894;1896;0.832
1896;1897;4.498
1895;1898;22.712
1897;1898;4.750
1898;1899;0.781
1900;1901;3.003
1902;1899;2.415
1903;1900;11.352
1903;1904;0.686
1905;1904;4.991
1902;1906;11.830
1897;1906;31.484
1906;1907;7.442
1906;1908;7.898
1909;1910;11.038
1899;1910;30.488
1907;1911;10.098
1904;1911;12.601
1911;1912;4.143
1912;1905;11.086
1907;1913;4.916
1914;1908;6.202
1913;1914;7.736
1910;1915;7.636
1915;1902;8.878
1908;1915;7.534
1912;1916;20.061
1914;1917;4.621
1918;1919;2.785
1920;1915;3.573
1921;1915;9.431
1921;1920;6.607
1910;1922;13.696
1922;1920;0.818
1915;1923;26.062
1913;1923;12.611
1911;1923;17.825
1919;1873;21.157
1924;1921;15.401
1923;1924;5.134
1922;1925;1.968
1926;1927;15.279
1928;1912;27.077
1928;1918;19.173
1929;1925;18.557
1924;1929;4.761
1929;1928;2.709
1874;1930;6.952
1930;1926;1.192
1931;1875;5.938
1932;1925;4.329
1932;1929;4.098
1876;1933;3.237
1933;1934;0.397
1934;1932;2.465
1934;1935;0.347
1935;1936;2.851
1878;1931;39.564
1936;1879;31.708
1937;1938;1.124
1938;1877;40.655
1880;1939;16.015
1939;1930;21.818
1868;1939;35.541
1940;1941;0.953
1942;1940;0.905
1943;1944;52.456
1945;1946;76.269
1947;1948;7.624
1949;1950;11.142
1950;1951;14.479
1952;1953;4.821
1954;1955;1.863
1956;1957;2.813
1958;1959;1.099
1960;1961;0.286
1962;1963;0.707
1964;1965;2.551
1966;1967;0.708
1968;1969;1.344
1970;1971;0.573
1972;1973;0.638
1974;1975;1.691
1976;1977;0.790
1978;1979;5.315
1980;1943;1.277
1981;1982;0.624
1983;1984;1.210
1985;1986;1.425
1987;1988;1.071
1989;1990;1.064
1991;1992;5.281
1993;1994;5.187
1995;1996;1.352
1997;1998;1.390
1999;2000;1.108
2001;2002;1.135
2003;2004;1.502
2005;2006;1.311
2007;2008;0.449
2009;2010;0.561
2011;2012;3.593
2013;2014;3.136
1943;2013;0.904
2015;2016;31.474
2017;2018;0.831
2018;2019;13.967
2018;2020;11.499
2020;2021;33.127
2020;2022;30.782
2023;1983;13.218
1984;2024;5.611
1986;2025;13.264
2026;1970;1.254
2027;1985;5.525
1971;2028;21.947
2028;2029;25.965
2030;2029;0.882
2029;2031;12.343
2032;2030;5.504
2033;2031;16.231
2034;2031;38.488
2033;2034;8.911
2035;2034;19.742
2036;2033;10.452
2032;2036;19.119
2032;2037;22.154
2038;2039;36.041
2040;876;16.900
2041;2042;14.139
2043;2044;36.585
2045;2046;5.342
2042;2047;36.845
2046;2048;4.711
2049;2045;6.247
2047;2049;6.985
2048;2050;7.063
2049;2051;2.403
2046;2051;5.857
2051;2052;1.416
2052;2048;5.549
2051;2053;4.077
2052;2054;2.396
2050;2054;4.354
2055;2056;39.801
2050;2057;12.254
2054;2058;2.265
2053;2059;7.671
2060;2053;4.262
2061;2058;3.091
2057;2061;2.705
2059;2062;6.304
2062;2058;2.803
2057;2063;13.489
2060;2064;8.589
2059;2064;3.722
2049;2065;11.808
2065;2060;9.834
2066;2060;3.337
2066;2067;3.068
2064;2067;6.836
2064;2068;4.862
2068;2062;3.480
2061;2069;2.485
2065;2070;2.799
2070;2071;5.132
2071;2066;3.186
2062;2072;11.335
2068;2073;5.473
2074;2067;3.952
2074;2075;3.530
2067;2075;5.112
2075;2076;7.060
2076;2073;5.214
2077;2074;3.791
2070;2078;8.171
2078;2071;5.875
2077;2079;11.431
2076;2079;10.127
2080;2078;3.721
2077;2080;2.492
2080;2081;6.397
2081;2079;3.935
2069;2082;8.360
2083;2084;61.628
2085;2086;10.903
2087;2085;19.747
2086;2088;4.218
2089;2087;19.961
2056;2090;21.928
2082;2089;42.042
2091;2040;36.477
2088;2092;17.017
2090;2093;8.237
2093;2094;5.400
2094;2095;14.033
2096;2091;36.321
2097;2043;61.910
2098;2097;7.893
2084;2099;21.771
2100;2098;11.575
2101;2097;18.666
2101;2098;10.741
2101;2100;5.319
2056;2102;23.793
2095;2102;29.600
2103;2100;7.839
2104;2103;1.972
2105;2106;2.667
2106;2101;4.250
2103;2105;7.391
2104;2105;13.635
2039;2107;59.034
2108;2104;15.366
2108;2043;31.711
2109;2096;16.471
2102;1987;7.226
1990;2108;3.246
2092;1973;37.868
2110;1972;0.185
1988;1991;6.302
1994;1989;6.566
1992;2111;2.091
2112;2110;10.043
2113;1993;3.931
2114;2112;3.690
2012;2115;0.295
2111;1995;11.891
1998;2113;10.150
2116;2109;25.837
2099;2117;43.236
1996;2118;8.071
2115;2118;27.130
2111;2119;72.983
2120;2119;48.336
2121;2113;44.587
2121;2011;60.195
2122;2120;21.393
2122;1997;19.178
2123;2121;5.454
2119;2123;7.668
2124;2116;8.653
2123;2125;1.048
2125;2126;7.480
2126;2127;3.301
2107;2128;33.409
2127;2129;2.294
2118;1999;19.001
2126;2130;7.157
2130;2127;5.435
2002;2122;7.324
2128;2131;2.269
2131;2132;0.392
2132;2133;1.681
2128;2130;16.273
2134;2129;3.724
2135;2134;1.582
2129;2133;36.987
2136;2135;5.018
2137;2136;2.430
2137;2134;10.742
2138;2137;1.780
2139;2135;1.849
2136;2139;5.756
2138;2140;3.459
2140;2141;1.645
2141;2142;1.276
2143;2138;3.340
2143;2141;4.053
2142;2144;7.762
2144;2124;25.844
2133;2145;7.552
2146;2139;1.873
2147;2143;3.843
2144;2147;9.486
2133;2148;25.198
2146;2148;24.922
1965;2146;0.746
2149;2143;3.455
2147;2149;5.087
2133;2150;20.789
2145;2151;21.721
2148;2152;5.004
2153;2149;5.892
2152;2153;10.999
2154;2150;3.800
2151;2154;3.543
2154;2155;2.522
2151;2155;6.022
2155;1964;2.375
2156;2150;6.686
2156;2154;2.209
1967;2156;1.149
2152;2157;11.251
2157;2153;11.531
2158;2114;42.972
2159;1966;0.726
2157;2160;5.453
2160;2161;19.117
2145;2162;15.386
2161;2162;3.923
2163;2158;15.322
2159;1954;20.978
2164;2165;1.988
2164;1955;3.174
2166;2165;5.148
2166;2164;1.569
2167;2163;7.735
2117;1945;3.460
2168;2169;7.609
1946;2170;7.597
2171;2168;4.472
2159;2172;112.477
2173;2171;3.597
2174;2166;24.709
2175;2167;16.542
2176;2173;9.189
2177;2176;5.749
2172;2178;40.621
2170;2179;26.898
2180;2172;49.956
2162;2181;22.513
2174;2182;31.346
2182;2183;5.855
2183;2184;9.241
2184;2174;8.983
2180;2185;9.400
2185;2184;12.512
2184;2186;7.445
2185;2187;17.475
2187;2180;11.085
2188;2186;6.047
2188;2184;3.732
2181;1958;3.675
2179;2189;18.089
2177;2190;75.388
2182;2191;35.350
2186;2191;33.200
2192;2177;69.109
2192;2190;8.005
1977;2193;51.741
2189;2194;10.070
2195;2188;9.687
2191;2196;30.636
2196;2197;8.637
2196;2198;12.614
2191;2198;26.143
2199;2198;4.170
2200;2199;0.661
2199;2201;3.032
2198;2201;4.425
2202;2192;25.601
2190;2202;36.110
2203;2200;3.276
2204;2197;11.266
2204;2200;3.468
2203;2204;4.671
2194;2205;6.166
2206;2203;2.156
2201;2206;2.761
2206;2207;4.437
2207;2208;44.014
2175;2209;35.082
2207;2210;12.829
2210;2195;36.443
2211;2202;12.948
2212;2211;17.096
2211;2213;7.333
2210;2214;11.939
2214;2215;8.029
2215;2195;13.651
2216;1976;20.914
2205;2217;8.330
1959;2218;11.906
2219;2220;18.950
2219;2213;12.251
2213;2221;23.294
2209;2221;7.556
2222;2216;4.435
1957;2215;4.979
2223;2219;5.895
2193;2224;37.578
2225;2214;22.875
2197;2226;45.170
2226;2204;39.736
2227;2223;23.610
2221;2227;3.783
2218;1960;2.648
2228;2210;34.429
2000;2003;78.854
2229;2207;42.449
1961;2230;0.251
2006;2001;79.005
2231;2232;14.334
2233;2232;49.822
2223;2232;13.787
2227;2234;3.286
2235;2226;3.035
2234;2236;3.509
2237;2238;15.848
2224;2239;9.617
2234;2240;2.817
2236;2240;4.121
2241;2234;6.617
2240;2241;0.921
2232;2242;22.123
2242;2243;4.260
2243;2227;16.646
2243;2244;3.538
2244;2241;1.064
2244;2245;10.396
2245;2246;32.471
2247;2232;11.753
2246;2248;17.992
2248;1956;6.904
2247;2249;9.252
2250;2247;10.098
2250;2251;18.622
2252;2237;21.550
2253;2248;5.359
2253;2254;28.146
2255;2252;7.233
2256;2250;13.378
2217;1947;15.323
2244;2257;26.571
2258;2242;29.235
2257;2258;6.937
2259;2260;8.490
2261;2259;26.026
2262;2256;10.375
2262;2258;4.523
2263;2264;3.892
2263;2259;6.672
2265;2263;5.117
2266;2265;10.071
2266;2256;28.385
2267;2253;8.889
2267;2268;29.002
2269;2246;38.628
2269;2267;8.485
2270;2269;12.372
2271;2245;45.461
2271;2270;12.089
2272;2261;19.928
2257;2273;18.395
2273;2271;24.150
2274;2262;14.140
2274;2273;7.521
2275;2274;11.284
2276;2266;9.945
2276;2275;7.337
2265;2277;19.358
2277;2276;5.268
2270;2278;19.087
2279;2278;15.455
2280;2255;110.918
2280;2272;62.369
2230;2281;18.834
2282;2222;41.654
2278;2283;20.007
2284;2279;19.006
2283;2284;14.355
2285;2279;30.586
2284;2285;12.555
2286;2273;36.917
2285;2286;13.837
2287;2274;36.320
2286;2287;7.484
2275;2288;35.404
2287;2288;9.956
2289;2277;33.846
2288;2289;23.817
1979;2282;1.270
1948;1949;5.530
2290;2280;39.769
2289;2290;18.963
2291;2285;16.759
2290;2292;8.135
2293;2290;3.477
2293;2289;15.918
2294;2286;16.609
2294;2291;15.496
2292;2295;15.952
2295;2296;0.491
2296;2297;0.679
2298;2294;3.899
2298;2299;2.858
2300;2293;10.259
2288;2300;20.494
2299;2300;3.406
2301;2267;24.720
2302;2301;23.379
2303;1978;4.747
2283;2304;25.444
2302;2304;7.272
2305;2284;26.239
2304;2305;12.692
2291;2306;10.164
1951;2307;15.482
2305;2306;14.328
2306;2308;10.230
2307;2297;10.467
2309;2298;6.544
2308;2309;6.960
2299;2310;6.671
2309;2310;7.680
2311;2301;3.530
2307;2312;24.769
2311;2313;5.480
2313;2314;8.399
2313;2315;1.225
2311;2316;6.573
2317;2303;30.908
2318;2302;21.443
2318;2316;12.672
2304;2319;21.171
2319;2318;7.049
2320;2305;21.482
2320;2319;11.598
2321;2317;1.388
2281;1944;9.803
2306;2322;22.444
2322;2320;12.678
2308;2323;23.073
2323;2322;9.795
2324;2309;21.145
2324;2323;12.360
2310;2325;21.486
2325;2324;7.695
2315;1953;8.015
2318;2326;12.514
2316;2326;6.703
2293;2327;55.811
2300;2327;37.992
2328;2320;14.595
2326;2329;1.781
2322;2330;15.033
2330;2328;12.650
2323;2331;15.258
2331;2330;11.673
2319;2332;18.862
2329;2332;1.448
2333;2324;15.831
2333;2331;12.967
2325;2334;15.722
2334;2333;7.470
2335;2336;16.243
2337;2328;4.887
2332;2337;4.170
2338;2335;5.724
2339;2292;57.403
2336;2339;35.680
2340;2338;17.325
2327;2340;7.205
2334;2340;9.282
2341;1952;0.571
2330;2342;5.420
2337;2342;4.975
2343;2333;7.381
2342;2343;9.797
2329;2344;25.139
2315;2344;40.548
2345;2338;12.460
2346;2312;63.024
2347;2321;34.877
2348;2347;9.901
2342;2349;18.436
2340;2350;20.047
2343;2350;7.612
2351;2336;37.043
2351;2335;22.184
2349;2352;10.803
2352;2353;8.621
2354;2346;14.928
2354;2339;46.365
2343;2355;6.943
2355;2353;10.366
2356;2351;14.439
2356;2350;12.849
2357;2348;43.093
2358;2332;32.032
2344;2358;25.769
2359;2356;6.553
2350;2359;5.447
2359;2360;1.180
2361;2337;35.577
2358;2361;10.193
1944;2362;59.503
2363;2357;13.268
2349;2364;17.238
2361;2364;15.807
2365;2360;13.716
2362;2366;3.649
2366;2363;2.297
2352;2367;16.647
2364;2367;9.566
2366;2368;1.405
2365;2369;2.068
2353;2370;16.724
2367;2370;8.632
2371;2362;3.915
2372;2365;14.860
2355;2372;6.328
2370;2372;10.701
2373;2371;6.845
2374;2373;7.328
2374;2371;4.512
2368;2375;4.877
2375;2374;5.528
2361;2376;29.486
2014;2373;6.533
2369;2377;26.225
2378;2341;16.692
2344;2379;62.411
2376;2380;6.030
2380;2379;41.234
2378;2381;5.066
2381;1980;0.565
2372;2382;10.879
2376;2382;50.843
2383;2354;76.901
2360;2384;15.221
2384;2383;26.322
2368;2385;12.830
2382;2386;2.550
2387;2377;11.909
2381;2378;16.741
2386;2388;0.911
2380;2389;14.185
2388;2390;1.242
2377;2391;26.403
2369;2391;43.172
2391;2386;15.586
2384;1942;1.734
2390;2392;24.055
2392;2389;33.217
2388;1941;72.194
2389;2393;28.544
2004;2007;51.587
2394;2393;15.589
2385;2395;11.110
2010;2005;51.639
2396;2394;12.480
2397;2392;35.972
2397;2396;7.408
1941;2398;14.341
2399;2397;5.327
2390;2400;15.192
2400;2401;2.230
2401;2399;17.043
2401;2402;0.448
2403;2398;27.265
2404;1943;48.980
1944;2404;33.159
2393;2015;3.491
2402;2405;4.234
2402;2406;16.561
2394;2407;36.237
2016;2407;15.658
2379;2408;87.506
2408;2409;30.005
2396;2410;37.214
2407;2410;11.363
2399;2411;37.961
2410;2411;13.512
2412;2403;58.675
2400;2412;43.500
2405;2413;10.141
2411;2413;13.295
2016;2414;26.019
2414;2408;33.127
2404;2415;9.949
2375;2415;80.761
2405;2416;36.727
2398;2417;21.760
2408;2418;78.994
2413;2419;23.123
2417;2420;1.608
2414;2421;79.127
2421;2418;33.220
2420;2422;4.305
2410;2423;104.927
2423;2421;26.896
2419;2424;12.571
2425;2419;43.667
2424;2425;2.982
2424;2426;4.198
2426;2423;40.127
2422;2427;6.487
2416;2428;109.300
2425;2428;7.742
2421;2429;55.338
2418;2429;92.218
2429;2430;20.762
2415;2431;27.169
2427;2017;6.454
2429;2432;43.016
2430;2433;43.363
2433;2432;20.760
2434;2435;18.060
2432;2436;44.563
2435;2437;7.529
2438;2426;31.390
2433;2439;43.135
2436;2439;19.809
2439;2440;15.516
2395;2441;92.786
2441;2442;0.246
2443;2019;1.664
2437;2443;22.612
2444;2438;4.657
2019;2445;1.469
2445;2446;3.397
2446;1969;2.870
2008;2447;65.623
2442;2448;15.751
2449;2009;65.056
2448;2450;6.032
2451;2444;16.157
2452;2453;17.544
2441;2454;19.631
2452;2455;16.405
2456;2457;13.412
2454;2458;0.336
2458;2457;5.968
2450;2459;3.766
2457;2455;8.626
1982;2453;2.366
2459;1981;2.107
2460;2452;16.920
2460;2453;9.354
2461;2457;8.718
2455;2461;4.781
2450;2462;6.902
2463;2460;8.043
2464;2463;5.472
2461;2465;10.803
2463;2465;5.386
2465;2464;4.783
2466;1968;8.632
2464;2453;26.829
2467;2451;6.656
2468;2458;34.282
2465;2468;23.207
2465;2469;22.713
2470;2469;8.379
2469;2471;4.816
2471;2470;5.172
2468;2472;15.055
2472;2470;13.458
2472;2473;0.748
2462;2474;10.791
2475;2466;7.524
2473;2476;18.291
2477;2475;6.041
242;2477;2.969
2436;2478;234.744
2474;2479;31.207
2431;1962;84.032
2479;2480;60.347
2481;2467;60.921
1963;2482;7.439
2482;2483;1.069
2484;2481;11.155
2483;2485;24.592
2485;2486;19.059
2486;2487;16.034
2488;2484;71.071
2487;2489;16.397
2490;2488;5.792
2491;2490;3.055
2491;2488;2.919
2492;2491;3.581
2489;2493;5.632
2492;2494;28.325
2494;2495;4.886
2495;2496;5.994
2497;2494;7.588
2497;2498;6.581
2498;2495;7.394
2498;2499;8.494
2499;2496;5.474
2500;2492;24.451
2492;2501;8.885
2501;2500;5.585
2502;2500;5.365
2502;2497;12.158
2503;2502;7.116
2503;2498;11.838
2503;2504;3.252
2504;2505;6.715
2505;2499;10.746
2501;2506;2.791
2506;2507;2.542
2502;2507;9.024
2507;2508;2.709
2508;2503;8.647
2508;2509;1.755
2504;2509;8.034
2509;2510;1.351
2511;2490;13.705
2511;2501;9.781
2510;2512;1.491
2512;2505;10.121
2513;2506;10.280
2507;2513;8.142
2513;2514;9.070
2514;2515;1.262
2508;2515;7.758
2515;2516;6.214
2516;2517;5.081
2510;2517;10.571
2517;2518;4.091
2518;2512;10.390
291;2519;15.771
2519;2511;11.098
2514;2520;14.212
2520;2516;5.549
2520;2521;3.334
2521;2517;3.863
2518;2521;14.265
2512;2522;7.285
2522;1974;1.914
1975;2523;15.047
2523;2524;46.024
2525;2511;88.043
2524;2526;55.730
2527;2236;2.849
2527;2235;5.104
2528;2529;4.155
2530;2531;1.347
2531;2532;4.896
2533;2534;3.455
2535;2536;4.585
2536;2537;1.074
2538;2539;1.997
2540;2541;18.702
2542;2543;17.709
2544;2535;8.276
2532;2545;8.217
2546;2547;3.113
2547;2548;4.152
2549;2550;7.019
2551;2552;5.888
2553;2554;4.086
2555;2556;7.848
2550;2557;35.714
2558;2559;9.827
2560;2558;13.067
2561;2562;15.510
2563;2538;134.183
2566;2568;11.424
2569;2567;23.684
2570;2565;12.764
2564;2571;12.966
2572;2569;7.648
2573;2572;1.932
2574;2573;0.591
2539;2575;34.813
2576;2540;31.919
2568;2577;8.718
2543;2578;36.765
2579;2580;2.284
2581;2570;9.706
2581;2582;3.691
2571;2582;9.686
2583;2584;1.920
2580;2585;3.773
2586;2583;0.855
2585;2587;34.670
2587;2581;4.228
2582;2588;4.488
2575;2589;41.125
2585;2544;7.946
2545;2586;10.936
2588;2533;23.213
2590;2586;45.633
2590;2587;11.664
2589;2591;16.886
2592;2590;1.591
2588;2593;11.495
2537;2594;7.050
2534;2594;24.510
2591;2595;2.488
2594;2576;20.928
2529;2593;26.076
2596;2592;4.969
2593;2596;3.844
2597;2530;6.628
2597;2528;21.872
2578;2597;17.604
2595;2598;13.087
2598;2599;6.770
2577;2546;6.483
2600;2599;7.408
2600;2601;12.473
2602;2600;10.998
2599;2603;15.763
2603;2602;8.275
2602;2604;4.036
2603;2605;4.711
2604;2605;10.558
2548;2606;4.548
2605;2607;7.716
2604;2607;16.702
2607;2608;1.506
2608;2609;25.499
2606;2610;1.446
2608;2611;8.245
2611;2612;1.341
2612;2613;2.180
2611;2613;15.125
2610;2614;3.659
2613;2615;31.485
2596;2616;45.173
2616;2617;2.502
2614;2618;5.492
2619;2592;77.124
2620;2619;3.657
2617;2621;57.884
2621;2622;0.199
2618;2623;24.243
2623;2624;2.655
2625;2624;4.738
2626;2625;1.272
2625;2627;3.227
2624;2627;1.165
2623;2628;11.753
2627;2629;0.203
2628;2629;1.267
2629;2630;3.143
2631;2630;2.615
2629;2632;0.919
2633;2634;1.145
2634;2635;1.673
2636;2637;1.914
2638;2636;1.089
2639;2637;5.885
2640;2639;3.198
2641;2642;0.821
2643;2644;0.512
2645;2646;2.773
2647;2648;1.310
2649;1867;0.213
2650;2651;1.024
2652;2653;0.850
2654;2655;0.722
2656;2657;0.537
2658;2659;0.685
2660;2661;17.103
2554;2662;2.698
2663;2649;0.547
2651;2663;23.899
2664;2650;7.556
2653;2664;18.918
2665;2666;64.590
2655;2652;15.072
2667;2654;23.113
2668;2667;4.388
2666;2669;55.844
2670;2668;5.680
2672;2673;51.496
2673;2674;8.523
2675;2676;0.353
2674;2677;6.586
2677;2678;1.412
2677;2679;8.845
2676;2680;22.312
2646;2681;8.123
2678;2682;10.672
2683;2680;4.130
2657;2675;7.127
2684;2682;6.136
2682;2685;9.064
2670;2685;48.510
2686;2683;5.308
2687;2688;4.107
2689;2690;5.090
2678;2689;12.387
2684;2691;4.268
2691;2687;1.773
2689;2692;0.809
2692;2684;9.810
2693;2687;4.599
2685;2693;3.386
2694;2670;17.248
2695;2694;0.395
2695;2645;21.569
2696;2697;12.039
2696;2694;1.467
2671;2647;15.562
2698;2693;2.319
2698;2699;5.279
2699;2700;2.060
2685;2700;9.274
2700;2701;1.128
2680;2702;44.056
2692;2702;6.892
2703;2704;11.336
2683;2703;13.927
2669;2705;15.721
2706;2558;15.989
2705;2656;17.776
2707;2699;5.330
2701;2708;7.785
2693;2709;11.750
2710;2702;3.978
2710;2709;3.081
2711;2698;9.505
2712;2708;1.721
2712;2696;12.233
2709;2711;3.468
2701;2713;6.854
2714;2686;21.255
2702;2714;8.416
2712;2715;1.809
2703;2716;11.258
2686;2716;16.280
2711;2713;10.864
2716;2717;6.388
2713;2718;6.785
2708;2718;4.985
2717;2719;4.772
2719;2714;1.024
2719;2720;11.098
2720;2721;1.272
2721;2722;11.743
2718;2723;2.743
2723;2715;4.067
2724;2720;1.149
2715;2725;5.270
2724;2726;3.068
2727;2726;3.549
2728;2719;1.278
2728;2727;4.563
2729;2730;8.919
2730;2717;4.991
2726;2732;4.702
2733;2732;0.750
2733;2731;10.100
2734;2733;1.933
2723;2735;7.296
2732;2736;9.614
2737;2729;15.647
2730;2737;4.657
2737;2728;1.913
2736;2737;1.583
2710;2738;21.768
2738;2739;11.845
2723;2739;13.507
2734;2740;17.613
2722;2741;25.373
2741;2738;7.035
2739;2742;7.638
2742;2743;6.593
2737;2744;3.495
2734;2736;32.707
2739;2745;6.867
2721;2746;38.535
2747;2740;14.808
2742;2748;24.918
2748;2695;17.351
2746;2749;8.459
2741;2749;14.640
2705;2750;8.993
2749;2751;2.305
2750;2752;0.217
2746;2753;11.066
2753;2751;5.627
2744;2641;7.063
2754;2747;26.684
2745;2755;16.098
2755;2756;0.683
2751;2757;13.098
2757;2755;1.208
2756;2758;14.716
2745;2758;32.705
2754;2759;3.821
2759;2747;11.549
2754;2760;8.343
2642;2643;0.817
2761;2748;4.731
2758;2761;14.497
2759;2762;8.339
2740;2762;33.522
2753;2763;13.325
2763;2764;11.746
2757;2764;8.567
2762;2765;15.725
2763;2765;8.350
2764;2766;8.801
2764;2767;13.891
2766;2767;9.130
2765;2768;4.804
2766;2768;0.879
2767;2769;4.110
2770;2771;6.747
2768;2770;5.912
2770;2772;3.889
2772;2769;10.813
2773;2761;10.273
2769;2773;30.231
2772;2774;5.482
2648;2775;37.278
2774;2776;9.537
2775;2777;1.083
2776;2778;11.512
2778;2774;14.147
2778;2779;0.660
2769;2779;29.951
2780;2781;6.613
2781;2775;20.765
2782;2780;4.671
2781;2783;1.927
2777;2783;5.504
2784;2782;9.447
2784;2781;2.905
2783;2785;1.393
2777;2785;16.848
2786;2784;1.737
2783;2786;1.296
2787;2773;5.427
2788;2786;1.260
2789;2788;0.646
2785;2789;3.663
2790;2787;1.010
2791;2790;0.537
2782;2791;4.502
2792;2787;3.177
2792;2790;1.387
2793;2792;3.161
2791;2793;4.901
2794;2784;15.924
2794;2786;5.096
2788;2794;15.449
2795;2789;9.350
2785;2795;9.135
2794;2796;1.356
2796;2660;4.117
2779;2793;17.399
2644;2797;22.000
2798;2797;7.530
2660;2662;5.580
2797;2549;1.644
2635;2796;13.266
2661;2662;3.762
2661;2553;2.791
2552;2798;7.563
2552;2549;2.292
2554;2799;11.545
2662;2638;5.392
2799;2640;4.903
2557;2633;6.418
2637;2555;3.207
2706;2560;3.575
2752;2798;39.360
2795;2800;14.965
2801;2551;2.959
2550;2801;3.884
2801;2557;11.656
2556;2801;15.431
2556;2802;5.707
2803;2551;12.439
2803;2801;3.986
2804;2803;1.362
2801;2805;12.156
2802;2805;3.418
2805;2806;1.227
2807;2808;5.211
2808;2809;0.321
2800;2810;8.013
2810;2658;11.257
2659;2811;34.445
2553;2812;50.621
2812;2813;12.576
2813;2814;62.756
2815;2816;50.118
2817;2818;21.090
2819;2817;7.203
2820;2819;3.397
2821;2820;3.129
2822;2821;0.940
2821;2823;24.618
2824;2823;6.706
2823;2825;8.537
2825;2822;1.073
2826;2825;2.018
2824;2826;15.344
2822;2827;25.141
2828;2829;5.269
2830;2826;4.502
2830;2831;3.417
2829;2831;8.621
2832;2833;3.647
2834;2832;0.867
2835;2830;1.023
2831;2836;5.176
2836;2837;1.769
2837;2829;6.177
2833;2838;6.375
2831;2839;5.176
2836;2840;3.907
2841;2835;2.906
2839;2842;3.150
2840;2842;4.633
2843;2841;2.474
2837;2844;15.721
2835;2845;10.049
2845;2839;9.004
2840;2846;6.450
2838;2847;10.150
2848;2846;11.357
2844;2848;1.199
2842;2849;5.517
2846;2849;4.258
2838;2843;13.985
2848;2850;3.073
2845;2851;8.680
2849;2851;3.709
2846;2852;8.263
2852;2850;7.094
2851;2853;4.184
2844;2854;21.147
2855;2834;16.976
2852;2856;10.308
2853;2857;6.858
2856;2857;3.184
2850;2858;13.923
2859;2858;4.409
2858;2860;22.198
199;2855;24.073
2861;2862;2.097
2863;2861;7.428
2864;2865;3.422
2866;2867;9.862
2867;2868;24.660
2869;2866;25.702
2870;2871;0.981
2872;2873;1.050
2874;2875;3.691
2876;2877;0.999
2878;2879;0.805
2880;2881;1.415
2882;2883;1.114
2884;2885;0.701
2886;2887;1.454
2888;2889;2.128
2889;2890;31.279
2890;2878;0.738
2879;2891;68.849
2891;2892;2.366
2892;2893;5.923
2893;2894;3.275
2894;2895;1.626
2896;2895;15.010
2895;2897;0.514
2893;2898;6.365
2894;2899;3.593
2897;2900;2.489
2901;2900;5.745
2900;2902;2.075
2903;2902;8.819
2897;2903;15.334
2902;2904;4.182
2904;2905;10.678
2904;2872;2.001
2905;2906;6.181
2873;2907;3.993
2907;2908;6.413
2907;2909;0.203
2909;2910;7.203
2910;2911;0.679
2911;2880;10.144
2881;2912;0.332
2912;2913;27.840
2914;2915;8.841
2916;2917;14.230
2915;2918;47.956
2918;2919;0.682
2919;2920;1.659
2921;2918;29.253
2921;2920;18.271
2917;2922;49.128
2922;2921;13.278
2923;2924;6.661
2924;2922;2.513
2925;2924;3.363
2926;2925;3.163
2927;2926;2.987
2925;2928;8.238
2928;2929;5.997
2920;2870;9.095
2930;2926;7.199
2927;2931;8.177
2928;2932;10.217
2933;2929;7.727
2933;2932;3.982
2934;2933;1.493
2935;2930;9.141
2932;2935;0.876
2930;2936;4.735
2936;2937;8.295
2935;2937;1.314
2938;2927;16.681
2938;2936;12.562
2929;2939;15.477
2871;2939;2.712
2937;2940;3.191
2941;2938;3.544
2942;2941;29.681
2939;2943;13.855
2943;2944;2.010
2944;2945;50.826
2945;2946;13.873
2945;2947;33.470
2948;2949;2.178
2947;2876;22.962
2950;2948;23.960
2951;2952;8.613
2951;2953;3.454
2954;2955;2.354
2951;2955;3.973
2952;2874;16.367
2956;2950;12.070
2955;2956;4.046
2957;2875;18.250
2958;2957;8.411
2959;2956;8.454
2959;2958;2.381
2960;2959;0.704
2957;2958;16.880
2875;2961;14.041
2962;2960;6.025
2562;2560;9.842
2960;2962;7.945
2963;2964;21.648
2961;2964;9.734
2965;2963;3.862
2962;2966;8.417
2966;2967;1.510
2965;2967;14.036
2965;2968;3.242
2969;2963;6.065
2970;2969;1.200
2968;2970;3.829
2964;2969;15.665
2967;2971;2.757
2883;2972;5.469
2971;2973;12.562
2973;2968;6.377
2971;2974;7.110
2961;2882;13.246
2946;2884;67.319
2885;2975;0.335
2976;2973;12.335
2972;2977;19.460
2975;2978;50.226
2877;2869;1.478
2977;2886;96.478
2887;2979;30.531
2980;2706;6.594
2981;2980;13.318
2561;2981;16.460
2982;2983;11.108
2983;2984;1.578
2985;2981;3.014
2986;2985;26.383
2561;2986;20.352
2986;2987;7.172
2987;2983;20.091
2987;2988;4.003
2988;2989;5.743
2988;2990;24.373
2989;2990;11.373
2991;2990;14.837
2990;2992;22.803
2989;2993;70.598
2993;835;1.651
2995;2994;40.991
2995;2814;15.320
2996;2995;14.789
2997;2996;21.720
2998;2997;12.173
2816;2998;7.084
2999;3000;1.891
3001;3002;10.292
3003;3004;0.415
3005;3006;1.419
3007;3008;0.798
3009;3010;8.151
3011;3012;7.908
3013;3011;5.432
3012;3013;4.275
3014;3015;38.094
3015;3011;28.213
3016;3017;12.859
3017;3003;0.137
3004;3018;8.691
3018;3013;7.931
3019;3018;5.728
3018;3020;12.624
3012;3020;36.489
3021;3022;64.868
3022;3019;3.135
3019;3023;4.744
3020;3023;36.665
3024;3022;3.587
3023;3024;6.795
3020;3025;14.554
3025;3026;4.753
3027;3025;34.388
3026;3028;19.085
3029;3030;11.153
3028;3031;1.785
3031;3032;1.099
3002;3029;3.303
3032;3005;3.562
3033;3031;9.232
3034;3027;86.537
3034;3035;1.895
3035;3033;6.135
3001;3036;3.465
3033;3037;13.612
3036;3037;27.128
3036;3038;6.744
3035;3039;18.922
3037;3039;10.724
3001;3040;19.184
3040;3038;16.348
3039;2999;10.637
3000;3041;1.168
3038;3041;7.978
3041;3042;5.117
3041;3043;10.718
3043;3044;2.379
3044;3040;12.012
3045;3042;5.144
3045;3046;3.791
3045;3047;6.263
3047;3043;8.039
3046;3048;5.121
3048;3047;4.496
3042;3049;21.179
3046;3049;8.066
3049;3050;2.377
3050;3048;7.562
3051;3050;8.744
3052;3053;10.859
3053;3051;2.426
3044;3054;39.794
3051;3054;61.961
3006;3055;25.767
3054;3056;24.547
3055;3057;40.871
3057;3058;7.214
3059;3057;4.689
3058;3059;4.290
3059;3010;1.899
3009;3060;1.690
3061;3055;40.810
3061;3060;4.691
3060;3062;4.649
3063;3061;4.140
3062;3063;3.728
3056;3063;12.724
3064;3058;33.671
326;3064;12.442
3065;3062;33.387
3066;3064;31.901
3055;3007;38.652
328;3066;24.743
3008;329;6.134
334;3065;61.624
3067;2037;14.911
2024;3068;105.985
3069;2027;105.764
3070;3067;46.073
3071;3070;9.569
3072;2;3.632
3073;3074;0.374
3075;3076;9.661
3077;3076;7.256
3076;3078;2.253
3077;3078;8.163
3077;3079;11.150
3078;3080;11.352
3079;3080;7.039
3081;3075;41.741
3082;3080;4.820
3079;3083;15.617
3080;3084;13.719
3083;3084;1.511
3084;3085;0.962
3086;3081;20.288
3087;3088;4.641
3089;3087;6.199
3090;3087;19.671
3091;3090;24.250
3090;3092;14.297
3093;3092;7.170
3094;3093;9.267
3093;3095;7.775
3096;3095;32.159
3096;3086;19.823
3092;3097;12.104
3097;3095;16.763
3097;3098;5.598
3098;3099;8.081
3100;3101;25.933
3101;3098;5.656
3101;3102;3.500
3102;3103;5.289
3102;3104;4.935
3105;3106;4.852
3104;3106;4.864
3104;3107;12.724
3108;3096;9.832
3108;3109;14.863
3106;3110;13.070
3110;3111;2.823
3110;3112;4.515
3113;3110;5.425
3113;3108;5.266
3111;3114;8.670
3115;3111;8.819
3115;3116;12.102
3115;3117;11.581
3111;3117;31.479
3117;3118;2.151
3116;3118;12.160
3118;3119;10.384
763;3073;16.856
3074;3120;0.671
3120;3112;22.785
3116;3121;26.273
3109;3122;73.198
3122;3123;9.105
3124;3125;4.448
3126;3124;122.765
3127;3128;3.883
3129;3130;3.071
3131;3132;3.574
3133;3134;38.027
3125;3135;0.278
3135;3136;54.156
3136;3127;10.569
3128;3137;4.451
3138;3139;2.477
3138;3140;3.449
3140;3141;8.763
3138;3142;4.611
3142;3143;2.612
3137;3144;2.447
3143;3145;6.874
3140;3145;4.952
3137;3146;15.526
3142;3146;4.054
3144;3147;0.826
3145;3148;2.528
3149;3148;12.319
3147;3150;1.517
3150;3144;3.802
3146;3151;3.846
3151;3143;3.551
3151;3152;0.907
3153;3154;4.655
3146;3154;3.879
3152;3155;5.673
3155;3156;0.828
3148;3156;4.252
3148;3157;10.467
3158;3150;7.134
3159;3147;2.467
3159;3158;2.987
3156;3160;9.307
3161;3159;0.299
3160;3162;1.092
3157;3162;1.564
3147;3163;9.743
3163;3161;3.239
3158;3164;5.878
3154;3165;6.564
3165;3164;2.412
3162;3166;2.579
3167;3165;6.011
3152;3167;8.560
3168;3133;105.320
3169;3168;9.948
3166;3169;7.652
3167;3170;3.031
3170;3155;9.205
3164;3171;9.504
3171;3167;2.184
3172;3163;10.020
3163;3172;8.316
3170;3173;8.377
3169;3174;2.545
3173;3175;1.763
3160;3175;7.533
3176;3174;7.469
3166;3177;5.317
3177;3176;1.499
3175;3177;6.426
3172;3178;3.491
3171;3179;3.111
3180;3161;3.492
3180;3181;4.012
3181;3179;13.895
3179;3182;4.348
3176;3173;16.745
3183;3180;1.484
3181;3183;4.293
3182;3184;10.750
3132;3183;5.106
3174;3185;21.955
3182;3186;31.739
3187;3188;0.101
3189;3190;5.349
3191;3192;0.363
3193;3126;2.475
3194;3193;10.986
3195;3194;16.809
3130;3196;13.974
3196;3195;29.273
3197;3198;29.219
3129;3198;1.788
3198;3199;0.914
3200;3201;0.477
3202;3203;0.646
3204;3205;0.471
3206;3207;33.994
3207;3200;4.120
3201;3208;3.966
3208;3209;1.841
3209;3210;5.866
3210;3211;7.602
3211;3212;0.523
3212;3213;1.408
3212;3214;6.480
3214;3213;6.893
3213;3202;5.228
3215;3211;11.562
3214;3215;4.880
3215;3216;3.097
3203;3217;4.440
3217;3218;2.294
3216;3219;12.332
3219;3220;5.333
3219;3221;5.773
3221;3222;7.916
3220;3221;6.717
3223;3220;14.648
3224;3216;45.625
3224;3225;1.975
3224;3223;15.898
3221;3226;14.866
3218;3204;11.125
3227;3223;19.814
3221;3227;16.159
3225;3228;20.950
3228;3229;10.395
3230;3229;6.792
3231;3230;33.014
3231;3230;22.042
3231;3232;5.970
3233;3232;12.920
3227;3233;26.932
3234;3205;13.910
3235;3233;4.454
3236;3235;2.004
3232;3236;10.223
3237;3238;0.148
3239;3237;20.598
3238;3240;30.747
3241;3242;7.733
3240;3241;40.406
3243;3244;0.893
3245;3246;24.854
3247;3245;19.604
3245;3248;1.451
3249;3250;10.259
3248;3251;5.038
3252;3250;5.814
3252;3251;4.195
3251;3253;5.704
3253;3248;8.687
3250;3254;5.260
3254;3252;2.326
3253;3255;4.812
3256;3255;2.690
3255;3257;5.362
3257;3256;3.804
3256;3258;12.006
3257;3259;9.419
3260;3254;21.955
3261;3260;10.233
3258;3262;6.712
3259;3263;9.946
3258;3263;10.605
3260;3264;12.502
3259;3264;10.972
3265;3260;10.215
3264;3266;14.763
3263;3266;7.802
3267;3261;68.190
3244;3267;24.029
3268;3269;8.812
3269;3243;14.056
3270;3271;26.972
3272;3273;30.005
3274;3275;0.529
3275;3276;1.233
3277;3278;3.617
3279;3280;13.028
3281;3282;7.443
3283;3284;71.034
3285;3283;1.215
3286;3287;35.969
3288;3289;1.283
3278;3290;2.803
3291;3292;7.458
3293;3294;0.589
3295;3296;0.616
3297;3298;6.898
3282;3285;5.551
3280;3281;9.408
3299;3277;2.635
3300;3301;1.896
3290;3300;2.828
3302;3279;25.300
3302;3300;2.994
3299;3303;16.060
3302;3304;17.887
3304;3305;5.592
3305;3306;16.491
3304;3307;27.822
3305;3307;3.913
3308;3280;40.939
3308;3309;0.583
3307;3309;60.231
3309;3310;0.355
3311;3297;58.186
3310;3312;21.803
3312;3313;31.268
3314;3311;47.812
3315;3314;5.079
3316;3315;5.743
3314;3317;24.808
3313;3318;8.696
3319;3316;4.649
3320;3321;22.401
3322;3323;5.437
3318;3324;7.882
3321;3325;14.288
3326;3325;13.774
3324;3326;9.197
3327;3328;7.138
3323;3327;18.156
3327;3329;0.697
3328;3330;10.000
3329;3330;2.952
3325;3331;21.796
3328;3332;25.474
3329;3333;28.909
3330;3334;8.543
3331;3335;9.241
3335;3336;2.350
3324;3337;18.019
3338;3334;17.447
3319;3338;40.998
3318;3339;36.250
3335;3340;6.849
3341;3342;5.559
3339;3343;3.143
3344;3340;22.069
3341;3344;1.942
3345;3341;14.933
3337;3346;5.075
3346;3340;6.492
3347;3343;5.581
3347;3348;5.183
3349;3347;1.275
3350;3349;0.848
3350;3351;3.897
3352;3337;9.497
3346;3353;3.195
3354;3350;2.376
3343;3355;1.685
3352;3356;8.472
3356;3346;3.502
3334;3357;20.290
3338;3357;10.868
3358;3354;3.965
3344;3359;6.440
3355;3360;6.290
3360;3349;2.786
3361;3354;25.236
3362;3352;3.153
3363;3364;3.305
3357;3363;0.942
3353;3365;2.768
3353;3366;4.921
3360;3367;3.239
3368;3345;16.480
3369;3370;15.012
3363;3369;1.675
3356;3371;6.260
3366;3371;1.113
3358;3372;10.989
3372;3362;3.428
3362;3373;12.790
3371;3373;0.917
3374;3358;9.534
3372;3374;2.344
3369;3288;0.583
3375;3367;8.719
3374;3375;7.663
3376;3374;1.687
3365;3377;4.105
3373;3378;2.796
3379;3367;4.784
3380;3372;10.098
3378;3380;4.212
3365;3381;4.841
3345;3381;14.891
3378;3382;7.117
3363;3383;8.959
3384;3368;10.294
3289;3384;2.142
3385;3368;7.390
3386;3375;12.472
3386;3376;5.641
3382;3387;9.342
3381;3387;4.286
3381;3388;3.735
3388;3385;11.881
3389;3390;17.666
3355;3390;5.383
3379;3391;6.580
3392;3391;7.399
3392;3379;12.812
3367;3393;13.906
3391;3393;8.125
3390;3394;0.354
3393;3394;1.211
3376;3395;16.566
3396;3392;4.382
3396;3397;3.932
3388;3398;3.198
3398;3385;5.948
3384;3398;4.889
3399;3384;9.643
3383;3399;7.993
3400;3386;6.687
3395;3401;4.089
3380;3401;11.442
3394;3402;1.569
3403;3396;4.085
3401;3404;5.112
3382;3404;11.300
3405;3403;1.641
3398;3406;5.189
3407;3408;5.454
3407;3400;2.077
3409;3405;6.168
3395;3410;5.203
3410;3386;16.760
3411;3403;5.463
3402;3412;3.371
3406;3413;4.956
3412;3414;1.573
3404;3415;23.015
3387;3415;18.617
3393;3416;16.706
3415;3417;0.954
3417;3418;1.959
3413;3419;5.690
3399;3419;8.411
3412;3420;3.284
3421;3418;7.497
3419;3422;1.261
3418;3423;3.330
3406;3423;6.482
3411;3424;12.178
3424;3407;10.200
3400;3424;12.797
3410;3425;8.165
3425;3421;18.308
3424;3425;7.537
3426;3383;30.616
3422;3427;3.428
3428;3429;35.719
3405;3430;15.653
3423;3431;14.103
3431;3413;12.795
3422;3432;13.830
3433;3399;20.954
3433;3432;5.564
3430;3434;10.119
3414;3435;20.702
3434;3436;10.542
3437;3436;8.041
3438;3437;2.466
3431;3439;16.299
3432;3439;8.165
3440;3441;26.862
3435;3442;5.211
3441;3443;0.920
3436;3443;4.218
3443;3437;7.742
3444;3438;4.213
3438;3444;14.807
3433;3445;36.741
3441;3446;4.856
3446;3444;11.475
3447;3446;22.906
3444;3448;7.239
3402;3449;24.402
3420;3450;40.873
3420;3421;133.078
3442;3451;31.004
3449;3452;17.985
3451;3452;15.074
3439;3453;36.181
3454;3414;59.724
3442;3455;42.974
3456;3457;11.200
3456;3458;7.557
3459;3460;3.266
3459;3461;8.544
3449;3462;16.756
3452;3462;33.104
3463;3459;13.072
3463;3456;13.225
3464;3453;9.525
3454;3465;28.414
3466;3463;12.891
3466;3462;20.188
3467;3466;5.329
3468;3467;2.109
3469;3468;1.361
3470;3469;27.157
3471;3465;21.521
3472;3467;14.121
3473;3472;4.897
3464;3474;38.328
3455;3475;75.741
3472;3476;38.815
3462;3477;24.918
3475;3477;19.609
3477;3478;0.477
3465;3479;66.287
3479;3480;1.835
3480;3464;95.801
3481;3478;25.508
3482;3483;24.089
3474;3482;60.525
3478;3484;26.493
3484;3475;65.032
3484;3485;2.123
3485;3486;2.102
3486;3479;38.333
3487;3293;28.903
3488;3489;18.935
3482;3488;24.452
3480;3490;34.307
3488;3490;31.113
3485;3491;47.107
3490;3492;5.623
3486;3291;11.043
3291;3492;11.703
3492;3286;4.465
3493;3491;9.426
3494;3493;2.679
3495;3494;3.170
3496;3481;15.175
3496;3495;3.117
3497;3496;0.990
3498;3497;3.997
3499;3500;21.066
3499;3501;12.290
3502;3498;8.426
3503;3502;4.794
3292;3504;8.241
3294;3287;31.450
3287;3504;2.080
3504;3505;1.004
3506;3507;48.419
3508;3509;15.418
3510;3499;23.365
3510;3508;7.872
3511;3510;18.141
3508;3512;2.834
3512;3513;8.649
3514;3506;6.107
3506;3515;13.538
3516;3515;57.185
3515;3511;23.477
3517;3514;42.624
3518;3503;38.885
3134;3517;60.411
3512;3519;20.797
3511;3520;22.181
3519;3520;10.919
3513;3518;33.142
3519;3521;9.907
3505;3522;5.628
3514;3523;27.631
3524;3504;123.154
3520;3525;13.469
3526;3525;8.992
3527;3528;18.733
3527;3525;3.230
3529;3530;1.860
3531;3527;2.415
3525;3532;1.812
3531;3529;9.017
3532;3533;0.683
3534;3533;8.385
3535;3531;3.560
3532;3535;4.977
3536;3529;5.276
3522;3537;4.613
3538;3535;7.039
3533;3539;25.769
3539;3540;16.088
3537;3274;4.463
3524;3295;19.441
3296;3541;85.104
3276;3542;49.938
3542;3543;9.228
3545;3546;5.138
3545;3547;16.725
3547;3548;16.595
3549;3550;1.080
1891;3551;7.968
3551;3552;6.548
3552;3553;1.740
3554;3555;36.000
3556;3547;21.346
3548;3557;32.329
3553;3556;3.903
3558;3557;14.593
3559;3545;14.603
3559;3548;21.767
3557;3544;17.037
3560;3557;9.788
3561;3559;24.246
3561;3560;2.063
3561;3562;33.616
3562;3563;27.385
3561;3564;2.267
3564;3565;19.673
3566;3567;8.875
3568;3567;16.203
1927;3568;6.871
3567;3549;15.835
3550;3569;6.973
3570;3571;2.965
3569;3572;18.141
3573;3574;6.256
3573;3575;20.388
3576;3573;3.831
3571;3576;5.432
3576;3577;2.366
3577;3578;5.621
3578;3571;3.780
3578;3579;3.015
3570;3579;4.469
3580;3570;13.435
3572;3580;4.530
3579;3581;4.198
3581;3580;4.751
3582;3583;20.346
3584;3581;6.840
3584;3585;9.667
3572;3585;11.461
3583;3586;7.102
3577;3586;9.830
3586;3587;9.703
3584;3587;4.502
3587;3588;12.950
3585;3588;5.121
3586;3589;7.879
3588;3590;32.639
3591;3592;0.718
3593;3594;0.867
3595;3596;0.636
3597;3598;0.767
3599;3600;0.841
3601;3602;23.682
3603;3601;0.698
3602;3604;80.630
3604;3591;33.516
3605;3606;3.512
3607;3605;5.297
3608;3605;10.470
3607;3609;4.754
3609;3610;6.005
3610;3611;12.897
3611;3607;11.033
3611;3612;20.374
3592;3613;68.609
3613;3609;13.393
3611;3614;22.693
3615;3610;29.996
3613;3616;17.921
3616;3617;52.051
3617;3618;29.695
3618;3619;63.217
3619;3620;10.508
3620;3621;34.434
3622;3623;2.520
3621;3622;43.896
3623;3624;37.279
3624;3625;3.574
3625;3626;4.544
3627;3626;17.440
3628;3627;2.329
3628;3629;10.591
3630;3628;5.493
3631;3630;5.139
3631;3629;9.562
3632;3630;21.190
3632;3631;20.364
3633;3627;27.086
3634;3632;9.756
3626;3635;20.905
3635;3633;18.075
3636;3633;16.969
3636;3634;5.867
3637;3636;1.665
3635;3594;1.458
3638;3593;0.618
3596;3638;6.369
3639;3640;12.162
3641;3639;7.081
3642;3640;10.600
3639;3642;12.516
3642;3643;2.677
3644;3595;176.502
3645;3644;2.917
3646;3645;23.593
3647;3646;2.072
3648;3645;10.864
3648;3647;16.206
3649;3647;13.952
3650;3648;41.475
3598;3650;18.394
3600;3597;42.790
3651;3599;5.066
3652;3653;6.305
3653;3654;7.896
3655;3656;42.629
3657;3655;39.131
3654;3657;28.693
3658;3652;46.866
3659;3660;1.350
3661;3662;56.581
3663;3661;56.237
3664;3665;5.563
3665;3666;4.255
3667;3668;4.842
3669;3667;5.062
3667;3665;7.502
3670;3671;40.584
3672;3673;45.481
3670;3661;32.869
3673;3670;2.030
3662;3674;1.888
3675;3672;4.858
3669;3668;4.236
3672;3669;2.142
3664;3666;4.736
3671;3676;3.286
3663;3664;1.300
3676;3663;4.055
3674;3675;1.617
3668;3662;2.042
3666;3671;3.511
3677;2449;20.698
3678;3677;90.177
3678;3677;26.885
2480;3679;6.009
2447;3680;72.390
3679;3681;53.906
3681;3682;18.198
3682;3683;0.712
3680;3684;23.142
3680;3684;77.302
3685;3678;52.597
3686;3687;13.007
3688;3687;15.850
3689;3690;1.497
3690;3688;17.150
3689;3691;18.555
3687;3692;8.740
3660;3692;8.499
3693;3659;0.792
3692;3694;8.047
3683;3695;38.692
3695;3691;15.735
3688;3696;15.058
3694;3696;7.555
3697;3698;12.719
3697;3695;26.332
3699;3700;4.150
3690;3701;14.822
3696;3701;18.075
3696;3702;7.335
3702;3694;12.618
3691;3703;6.585
3701;3703;14.885
3704;3695;15.090
3704;3703;12.701
3698;3705;21.073
3704;3705;16.978
3701;3706;25.271
3706;3702;22.289
3703;3707;7.105
3705;3707;28.942
3707;3708;25.140
3708;3706;5.154
3709;3707;3.777
2493;3710;25.496
3693;3711;54.556
3711;3712;0.487
3712;3713;17.271
3713;3714;0.681
3715;3709;53.276
3710;3716;39.091
3717;3715;28.437
3716;3673;2.030
3676;3717;5.776
3661;1881;47.216
3718;3719;0.899
3720;3721;0.842
3722;3723;0.394
3724;3725;1.295
3726;3727;0.932
3728;3729;63.169
3729;3724;18.036
3725;3726;16.326
3730;3731;3.801
3731;3732;76.580
3733;3734;34.376
3735;3733;3.156
3733;3736;5.779
3737;3738;8.955
3734;3739;12.281
3740;3741;7.070
3741;3742;8.858
3735;3743;6.842
3743;3744;2.799
3745;3737;10.804
3746;3734;9.027
3746;3745;0.814
3741;3747;4.401
3739;3748;5.251
3748;3746;2.621
3749;3750;0.322
3743;3751;6.052
3751;3748;3.401
3752;3753;9.463
3747;3753;8.260
3754;3755;13.450
3756;3757;4.415
3747;3758;8.230
3758;3743;7.702
3758;3751;2.490
3759;3758;2.389
3750;3756;9.926
3760;3761;10.495
3753;3760;5.069
3760;3759;1.581
3755;3749;68.272
3762;3760;3.264
3737;3754;51.917
3757;3730;55.969
3759;3763;14.132
3760;3764;13.306
3727;3765;27.533
3765;3762;11.797
3766;3767;19.689
3719;3765;13.798
3768;3766;7.374
3765;3769;21.784
3769;3770;10.336
3771;3718;9.032
3772;3771;0.849
3773;3774;4.667
3774;3775;21.114
3774;3776;1.243
3721;3772;24.335
3776;3777;2.787
3778;3720;0.487
3776;3779;6.168
3779;3780;4.369
3779;3781;3.352
3781;3782;5.780
3781;3783;5.637
3783;3784;18.118
3785;3786;4.985
3787;3788;10.323
3787;3789;3.275
3771;3790;27.347
3791;3783;9.589
3792;3793;13.733
3786;3792;9.391
3790;3794;4.538
3795;3787;4.854
3791;3795;11.076
3796;3791;1.492
3794;3797;4.858
3790;3798;15.936
3798;3786;8.326
3799;3792;5.448
3795;3800;5.486
3800;3796;1.534
3801;3778;12.971
3798;3802;6.281
3802;3799;4.166
3799;3803;5.617
3794;3804;17.192
3804;3798;4.262
3805;3801;1.466
3803;3806;10.734
3792;3806;16.454
3797;3807;11.840
3802;3808;5.012
3808;3803;5.906
3804;3809;13.463
3808;3809;3.202
3796;3810;14.016
3807;3811;9.724
3811;3804;7.904
3807;3812;6.182
3813;3800;4.935
3812;3814;5.334
3809;3815;4.076
3810;3813;13.172
3812;3816;3.111
3816;3811;5.163
3817;3813;0.911
3816;3818;3.396
3815;3819;6.021
3806;3820;12.358
3821;3820;2.130
3819;3821;5.793
3817;3822;7.021
3819;3823;3.740
3824;3821;2.620
3797;3825;25.643
3825;3826;14.250
3826;3816;8.367
3818;3827;16.677
3815;3827;8.305
3826;3828;6.669
3818;3828;5.767
3820;3829;13.880
3827;3830;2.347
3828;3830;18.207
3830;3831;7.301
3831;3824;12.306
3831;3832;7.497
3824;3832;9.122
3832;3833;5.041
3834;3817;9.719
3825;3835;18.906
3836;3834;7.688
3837;3768;30.603
3838;3836;23.947
3770;3838;53.029
3839;3805;35.729
3840;3839;21.508
3841;3842;14.231
3843;3841;7.052
3843;3844;20.828
3843;3845;11.670
3845;3837;46.446
3841;3846;18.983
3845;3847;19.714
3723;3840;20.622
3848;3722;9.845
3849;3850;1.175
3851;3852;1.608
3853;3854;1.070
3855;3856;30.205
3856;3857;11.115
3857;3858;26.515
3858;3859;21.522
3859;3860;12.867
3860;3861;28.029
3861;3862;2.979
3862;3863;2.411
3863;3864;1.046
3864;3865;13.652
3866;3867;5.189
3864;3866;1.736
3868;3863;21.418
3869;3870;3.874
3866;3869;3.315
3871;3868;3.655
3868;3872;4.918
3871;3873;2.286
3873;3874;3.296
3872;3874;2.119
3875;3872;7.546
3875;3876;1.028
3873;3877;3.847
3874;3878;2.178
3869;3879;3.409
3879;3871;11.751
3880;3875;17.061
3881;3880;1.725
3879;3882;0.888
3878;3883;8.168
3878;3884;12.667
3882;3885;1.109
3882;3884;7.888
3885;3886;14.622
3886;3887;2.419
3883;3888;6.312
3880;3888;16.117
3889;3881;11.115
3890;3889;3.693
3885;3891;2.867
3892;3890;1.407
3886;3893;11.060
3884;3894;11.111
3891;3893;10.048
3895;3883;14.551
3895;3896;5.772
3888;3896;8.098
3894;3895;5.899
3891;3897;0.815
3894;3897;8.260
3892;3898;5.795
3892;3899;7.559
3896;3900;4.160
3901;3892;6.051
3900;3902;3.140
3897;3903;2.000
3904;3903;18.572
3904;3900;3.085
3901;3905;6.739
3906;3901;4.292
3907;3908;4.989
3893;3907;9.601
3905;3909;3.529
3906;3910;3.486
3905;3911;4.617
3907;3912;5.981
3913;3912;8.284
3903;3913;2.609
3914;3906;8.642
3915;3904;7.799
3915;3914;16.005
3913;3916;1.370
3917;3916;4.534
3917;3918;3.314
3916;3919;1.119
3919;3920;3.809
3920;3917;2.579
3921;3915;5.827
3922;3921;2.115
3920;3922;9.071
3923;3921;3.493
3923;3915;8.851
3919;3924;1.657
3912;3925;13.687
3922;3926;6.303
3927;3923;8.195
3927;3914;17.015
3924;3928;2.784
3926;3928;8.916
3926;3929;14.240
3929;3927;7.011
3928;3930;3.376
3930;3931;8.798
3931;3932;12.961
3932;3933;13.520
3854;3934;4.317
3933;3934;3.704
3935;3853;11.136
3936;3935;5.771
3937;3936;4.733
3938;3939;26.578
3940;3937;91.307
3941;3940;2.040
3942;3941;1.432
3939;3942;21.458
3943;3938;35.546
3944;3945;7.900
3943;3945;2.538
3946;3947;3.460
3948;3944;16.034
3949;3948;2.532
3948;3950;3.017
3944;3951;5.926
3945;3951;1.988
3952;3949;1.699
3952;3953;8.084
3954;3946;10.924
3946;3954;6.719
3955;3952;2.882
3949;3956;8.989
3951;3956;2.648
3955;3957;3.069
3958;3954;5.045
3958;3953;6.010
3959;3954;5.744
3959;3958;7.510
3960;3958;9.180
3960;3955;6.619
3961;3960;2.525
3962;3961;0.769
3956;3962;3.821
3963;3959;9.977
3958;3963;10.141
3964;3963;6.076
3961;3964;4.623
3965;3964;1.284
3966;3965;1.666
3965;3967;3.767
3968;3966;3.302
3966;3967;7.127
3968;3969;2.127
3967;3970;7.310
3971;3968;10.878
3972;3971;1.935
3971;3973;6.815
3934;3974;107.670
3974;3975;69.143
3975;3976;34.404
3976;3977;12.141
3850;3977;1.005
3978;3849;8.530
3979;3978;16.946
3980;3979;0.464
3977;3981;62.386
3981;3982;4.519
3983;3984;0.726
3984;3985;1.345
3986;3987;5.863
3986;3983;3.617
3988;3986;0.422
3985;3851;14.869
3989;3990;12.476
3989;3991;12.178
3992;3988;1.242
3993;3980;109.834
3852;3993;3.773
3994;3989;11.026
3994;3992;0.934
3995;3996;31.267
3997;3988;9.325
3984;3997;12.089
3998;3990;3.998
3999;3994;1.331
4000;3998;5.360
4001;3999;0.636
4002;3997;3.330
3989;4003;9.085
4003;4001;0.243
3992;4004;8.705
4004;4002;1.904
3998;4005;4.907
4006;4000;8.815
4006;4003;0.870
4007;3999;9.110
4004;4007;3.355
4002;4008;5.276
4009;4006;2.127
4000;4010;6.674
4011;4009;0.410
4010;4011;0.993
4012;4010;2.246
4001;4013;8.976
4013;4007;5.640
3996;4012;9.524
4009;4014;11.540
4013;4014;1.652
4012;4011;17.560
4015;4014;5.954
4016;4015;9.648
4007;4016;15.302
4017;3995;8.592
4018;4017;10.017
4018;4019;7.600
4021;4020;5.480
4020;4022;3.469
4021;4018;9.268
4023;4024;3.829
4023;4022;1.512
4025;4026;1.227
4026;4024;14.690
4027;4028;13.613
4028;4025;2.051
4029;4023;5.519
4029;4021;5.872
4030;4028;3.699
4025;4030;4.571
4031;4029;3.042
4032;4031;1.624
4033;4030;4.313
4034;4032;7.765
4035;4034;1.259
4035;4032;4.130
4034;4033;10.518
4033;4036;5.176
4031;4037;11.210
4036;4038;1.185
4039;4035;6.820
4039;4037;16.108
4040;4041;10.581
4036;4040;10.945
4042;4043;1.644
4044;4045;0.820
4046;4047;1.065
4048;4049;0.938
4050;4051;0.987
4052;4053;1.535
4054;4055;1.111
4056;4057;1.286
4058;4059;0.913
4060;4061;1.444
4062;4063;1.479
4064;4065;1.403
4066;4067;0.856
4068;4058;15.631
4069;4070;40.841
4059;4071;6.685
4071;4072;24.106
4070;4072;21.866
4072;4073;17.806
4073;4045;7.895
4044;4074;9.322
4074;4075;0.231
4075;4076;0.564
4076;4077;5.659
4078;4079;3.450
4079;4080;7.445
4080;4081;1.431
4079;4080;9.895
4082;4083;2.275
4080;4084;9.304
4084;4085;5.801
4085;4083;11.177
4084;4086;4.043
4083;4087;10.831
4086;4088;12.277
4083;4088;14.403
4089;4090;3.810
4088;4091;16.683
4092;4093;7.356
4094;4093;1.983
4093;4095;3.014
4089;4095;11.439
4091;4064;1.226
4095;4096;2.877
4097;4089;12.394
4098;4097;1.685
4099;4100;11.511
4101;4098;17.450
4097;4102;10.511
4096;4102;15.327
4103;4101;7.690
4104;4098;9.461
4104;4101;12.633
4105;4103;8.564
4105;4106;9.212
4102;4104;19.549
4107;4105;1.685
4108;4104;13.063
4077;4109;31.179
4109;4110;0.933
4110;4111;18.211
4111;4112;14.868
4065;4113;126.107
4113;4114;0.773
4114;4115;10.784
4112;4116;17.067
4117;4118;3.886
4118;4119;4.914
4120;4121;5.937
4116;4122;3.501
4119;4123;12.241
4123;4120;6.716
4115;4124;5.446
4123;4125;2.718
4119;4126;13.864
4126;4127;3.958
4127;4128;16.936
4127;4129;2.947
4126;4130;15.382
4130;4125;7.133
4125;4131;12.810
4124;4132;6.278
4129;4133;5.412
4130;4134;4.813
4131;4135;3.998
4134;4131;10.949
4134;4136;13.399
4129;4136;25.849
4137;4066;6.553
4132;4138;10.485
4067;4122;32.524
4139;4138;3.377
4139;4136;9.930
4140;4139;4.508
4139;4141;2.605
4141;4142;3.029
4142;4143;0.983
4140;4143;6.928
4141;4144;6.940
4142;4145;6.055
4143;4146;6.405
4146;4140;27.131
4122;4046;30.790
4047;4147;3.892
4147;4148;0.660
4148;4149;25.630
4150;4151;10.162
4152;4150;2.254
4153;4154;2.365
4155;4154;21.016
4154;4152;9.286
4154;4156;7.007
4156;4157;2.704
4149;4048;30.217
4157;4158;3.800
4157;4159;2.045
4159;4160;6.668
4159;4161;3.594
4161;4162;2.511
4162;4163;2.092
4164;4153;24.816
4164;4165;6.929
4153;4166;18.181
4166;4161;3.962
4167;4164;4.233
4167;4166;5.569
4168;4167;2.476
4049;4169;5.974
4170;4168;0.976
4171;4170;0.972
4171;4172;2.958
4167;4173;5.672
4173;4174;2.671
4168;4173;15.993
4175;4172;19.926
4170;4176;13.334
4172;4177;27.579
4163;4178;11.373
4169;4179;16.316
4180;4181;4.753
4182;4183;1.495
4182;4180;5.489
4184;4185;2.156
4186;4180;6.306
4186;4187;18.373
4188;4182;7.163
4188;4186;5.334
4189;4188;2.974
4189;4190;7.498
4185;4191;9.372
4185;4192;12.469
4192;4189;3.925
4193;4191;9.392
4194;4195;1.627
4191;4196;3.400
4189;4197;6.890
4194;4198;4.032
4197;4199;2.493
4199;4194;3.202
4196;4200;17.155
4197;4201;4.065
4202;4203;6.365
4204;4202;9.506
4196;4205;5.018
4192;4205;11.920
4206;4202;2.114
4205;4207;2.089
4208;4206;1.482
4208;4209;4.589
4199;4210;7.130
4171;4211;81.146
4212;4208;1.893
4210;4213;0.962
4206;4213;5.243
4211;4214;1.974
4207;4215;6.576
4207;4216;8.851
4215;4217;7.032
4217;4216;4.528
4215;4217;22.436
4214;4218;11.869
4218;4219;0.325
4216;4220;6.508
4220;4221;7.633
4213;4222;8.759
4219;4222;16.868
4179;4223;20.980
4222;4224;3.322
4224;4225;9.214
4223;4226;28.382
4225;4227;29.824
4227;4228;2.399
4178;4054;37.403
4226;4229;6.698
4055;4230;2.113
4230;1486;21.766
4228;4231;30.904
4229;4232;14.302
4232;4233;7.998
4231;4234;33.925
4235;4060;21.838
4236;4235;17.790
4237;4236;0.407
4063;4237;8.938
4061;4238;21.165
4240;4062;4.949
4238;4239;42.029
4234;4056;19.338
4241;4240;12.249
4233;4241;13.997
4057;4242;8.424
4243;4244;18.729
4241;4245;24.496
4245;4246;0.312
4246;4247;2.011
4247;4243;3.412
4248;4249;16.571
4250;4248;1.954
4247;4251;5.553
4248;4252;5.371
4253;4249;9.660
4252;4253;8.317
4247;4254;5.411
4251;4255;2.548
4256;4251;13.572
4256;4254;2.196
4257;4258;5.738
4255;4257;4.178
4254;4259;6.888
4253;4259;13.508
4259;4256;18.996
4255;4260;9.078
4257;4261;6.254
4053;4245;10.154
4259;4262;6.410
4252;4262;15.961
4262;4263;3.312
4264;4265;6.662
4264;4266;2.934
4266;4256;18.562
4261;4267;15.144
4267;4268;1.767
4268;4264;4.570
4268;4269;5.588
4269;4266;2.796
4269;4262;39.506
4267;4270;5.012
4271;4263;7.646
4272;4052;13.876
4273;4271;0.780
4274;4272;6.813
4242;4275;82.644
4275;4276;0.554
4276;4277;0.588
4051;4273;8.738
4050;4278;8.150
4278;4279;0.159
4277;4279;28.886
4280;4274;44.639
4281;4280;1.340
4282;4281;51.879
4283;4282;3.923
4284;4283;1.949
4043;4284;3.375
4285;4043;1.708
4286;4042;4.077
4287;4288;14.175
4287;4286;1.369
4289;4287;0.823
4290;4289;9.708
4286;4291;2.628
4290;4292;1.483
4293;4289;7.291
4291;4293;3.010
4291;4294;7.852
4294;4295;4.717
4296;4285;14.894
4293;4297;1.710
4298;4292;9.714
4294;4299;9.572
4296;4300;1.014
4301;4298;5.944
4302;4303;3.598
4297;4304;7.788
4292;4302;19.463
4302;4305;5.609
4305;4304;4.752
4297;4306;7.639
4307;4296;15.597
4306;4307;5.621
4307;4308;2.668
4305;4309;5.458
4308;4310;5.489
4308;4311;1.921
4311;4312;2.630
4306;4313;5.678
4313;4314;2.620
4315;4290;14.786
4311;4316;5.568
4316;4317;2.650
4304;4318;12.097
4318;4319;0.873
4320;4318;7.056
4313;4320;7.274
4279;4321;74.443
4316;4320;12.910
4322;4315;56.417
4321;4323;33.647
4323;4324;39.009
4324;4325;9.817
4325;4326;1.740
4327;4328;0.917
4329;4330;0.875
4331;4328;0.526
4330;4332;0.249
4333;4329;45.513
4334;4333;7.707
4334;4335;6.733
4336;4337;14.107
4335;4338;11.133
4335;4339;47.042
4339;4336;21.679
4338;4340;15.296
4340;4339;2.432
4338;4341;5.976
4339;4342;22.928
4342;4343;6.524
4344;4343;11.906
4340;4345;22.416
4342;4345;6.495
4346;4341;9.669
4347;4346;2.658
4345;4348;2.173
4341;4349;7.611
4348;4349;3.892
4348;4350;4.701
4351;4352;0.566
4353;4354;1.336
4352;4354;3.117
4350;4355;4.724
4343;4355;8.967
4356;4352;1.915
4357;4356;1.092
4358;4347;12.325
4349;4358;1.338
4354;4359;1.689
4358;4360;0.449
4360;4361;0.258
4350;4361;5.164
4355;4362;9.514
4362;4359;7.392
4362;4363;7.253
4359;4363;4.750
4363;4364;3.938
4364;4356;6.968
4361;4365;2.504
4355;4365;8.531
4365;4366;5.226
4365;4364;34.781
4365;4367;16.409
4366;4327;3.465
4368;4331;5.031
4369;4370;35.943
4370;4369;35.133
4369;4371;12.322
4371;4372;6.116
4371;4373;17.606
4373;4374;61.162
4375;4376;14.175
4375;4373;18.049
4377;4375;1.437
4378;4368;89.672
4379;4378;1.004
4380;4379;40.015
4381;4382;6.946
4383;4381;7.477
4381;4384;3.422
4384;4385;2.936
4385;4386;3.033
4384;4386;1.799
4386;4383;1.938
4387;4388;1.021
4388;4389;0.272
4389;4390;11.879
4391;4392;0.886
4393;4394;76.534
4395;4393;12.115
4396;4395;10.640
4397;4396;14.648
4398;4399;75.278
4399;4400;5.953
4390;4401;13.313
4401;4402;0.661
4403;4387;0.770
4402;4404;0.385
4405;4406;8.930
4407;4406;7.088
4406;4408;4.540
4409;4410;2.830
4409;4411;3.778
4411;4412;13.360
4413;4409;4.659
4400;4414;19.107
4414;4403;3.752
4408;4413;6.529
4415;4397;47.990
4416;4408;7.346
4416;4415;2.680
4417;4418;2.827
4419;4414;10.089
4415;4420;5.564
4420;4421;2.964
4421;4417;7.452
4413;4422;9.892
4422;4416;2.359
4414;4423;10.498
4423;4424;1.947
4425;4426;5.054
4425;4420;6.522
4422;4427;1.099
4417;4428;7.924
4429;4423;4.685
4430;4419;9.062
4421;4431;9.394
4432;4433;10.078
4433;4419;11.248
4431;4434;2.565
4435;4430;3.174
4435;4429;5.138
4436;4429;6.885
4437;4425;6.660
4438;4437;4.272
4427;4438;9.870
4404;4439;12.889
4439;4411;18.285
4433;4440;3.364
4440;4430;8.329
4439;4441;0.406
4442;4441;1.187
4443;4435;5.123
4444;4438;3.556
4436;4445;6.407
4446;4442;0.903
4427;4446;5.451
4440;4447;5.878
4443;4448;3.425
4448;4436;8.719
4447;4443;6.058
4448;4449;3.806
4450;4437;6.988
4450;4431;17.364
4445;4451;5.967
4452;4453;9.832
4454;4446;4.981
4446;4455;4.067
4456;4445;7.438
4449;4457;4.897
4453;4458;3.468
4458;4442;14.993
4455;4459;4.010
4460;4450;6.955
4449;4461;7.851
4455;4462;6.258
4463;4462;5.405
4462;4464;3.081
4460;4465;8.931
4466;4460;7.416
4466;4467;2.331
4458;4468;13.811
4464;4468;6.981
4468;4469;6.436
4470;4466;13.245
4471;4464;14.163
4471;4470;3.132
4472;4471;3.835
4473;4474;6.255
4469;4474;7.343
4468;4475;10.585
4475;4472;1.476
4469;4476;6.974
4477;4470;5.405
4474;4478;6.162
4479;4475;10.216
4480;4479;9.776
4481;4472;17.182
4482;4483;22.167
4484;4482;6.167
4382;4484;32.571
4383;4381;1.471
4485;4486;4.313
4487;4488;2.350
4485;4487;3.476
4486;4489;5.448
4490;4383;9.437
4491;4492;3.399
4487;4492;3.449
4493;4485;4.485
4489;4493;5.800
4494;4489;3.668
4495;4489;7.675
4496;4495;5.048
4497;4495;1.143
4492;4498;5.996
4499;4496;7.034
4500;4499;7.220
4501;4497;3.686
4499;4502;0.792
4502;4501;3.801
4503;4498;1.861
4498;4504;1.152
4493;4505;6.633
4506;4497;6.871
4501;4506;6.269
4507;4501;3.783
4504;4508;4.589
4508;4505;6.253
4500;4509;14.031
4510;4507;2.416
4510;4502;5.798
4385;4511;7.778
4512;4500;6.959
4509;4512;3.095
4513;4490;3.993
4514;4507;5.292
4515;4511;10.254
4516;4504;7.202
4516;4508;5.715
4505;4517;6.967
4506;4517;8.113
4518;4510;7.356
4518;4512;6.526
4519;4520;5.107
4519;4516;5.375
4521;4522;2.769
4521;4515;3.858
4517;4523;5.863
4524;4516;5.641
4523;4524;6.444
4525;4518;2.782
4526;4525;2.143
4517;4527;13.800
4528;4523;2.857
4527;4529;3.580
4529;4530;5.972
4531;4519;4.950
4524;4531;8.728
4532;4533;5.447
4532;4521;2.266
4529;4525;8.544
4534;4531;2.431
4535;4536;8.671
4536;4534;6.430
4537;4527;4.734
4538;4509;17.125
4538;4513;7.152
4539;4532;1.890
4540;4528;9.875
4541;4538;0.754
4526;4542;8.046
4543;4540;1.117
4537;4543;5.394
4540;4544;1.504
4545;4536;3.116
4546;4526;10.968
4546;4541;0.285
4544;4547;4.094
4528;4548;7.637
4547;4548;4.492
4548;4549;4.349
4549;4534;11.710
4550;4537;5.255
4542;4550;7.497
4551;4543;3.561
4552;4539;3.706
4541;4552;9.825
4553;4547;5.487
4554;4552;2.150
4555;4544;8.995
4556;4549;9.166
4554;4557;6.056
4558;4542;11.319
4558;4546;5.598
4559;4550;11.273
4559;4558;0.625
4560;4559;2.206
4561;4554;16.379
4562;4561;1.929
4511;4563;21.544
4560;4564;17.094
4564;4565;19.987
4563;4566;73.555
4565;4567;41.237
4567;4568;53.506
4568;4569;4.720
4566;4570;81.679
4570;4391;3.790
4392;4571;9.981
4570;4572;5.771
4571;4573;6.129
4573;4574;5.227
4575;4576;1.036
4574;4577;7.412
4578;4579;2.525
4577;4580;1.197
4575;4581;7.933
4582;4575;10.291
4582;4578;3.784
4583;4578;6.129
4584;4583;2.246
4585;4582;3.351
4586;4583;2.999
4587;4585;3.665
4580;4588;11.876
4581;4589;9.628
4589;4585;4.679
4588;4590;4.566
4590;4589;2.108
4591;4580;10.193
4591;4588;11.213
4590;4592;3.619
4592;4587;5.551
4593;4591;2.481
4592;4594;3.928
4595;4593;7.978
4596;4597;2.805
4598;4587;9.208
4594;4598;6.836
4599;4584;15.337
4596;4599;3.379
4600;4596;4.052
4601;4593;3.439
4600;4602;1.589
4602;4603;3.452
4604;4601;10.598
4598;4605;6.606
4599;4605;4.461
4606;4602;1.776
4605;4607;3.358
4607;4608;2.651
4608;4600;6.201
4609;4601;6.781
4610;4607;5.348
4611;4594;11.165
4612;4609;2.803
4613;4612;0.779
4614;4609;14.627
4614;4611;2.614
4608;4615;8.563
4615;4616;12.017
4613;4617;7.238
4617;4618;8.425
4618;4614;3.610
4619;4613;8.361
4615;4620;5.756
4621;4619;3.483
4621;4617;5.391
4620;4622;1.593
4623;4619;1.995
4624;4625;7.738
4624;4612;17.747
4626;4618;5.898
4626;4627;2.318
4628;4624;4.878
4629;4611;27.235
4620;4629;7.862
4630;4628;2.839
4631;4624;5.890
4631;4630;5.318
4632;4628;7.045
4632;4621;8.592
4633;4626;5.767
4634;4632;0.649
4629;4635;2.986
4635;4636;0.785
4637;4630;4.070
4638;4634;3.390
4634;4639;11.227
4639;4633;3.837
4640;4631;5.431
4641;4639;2.718
4635;4642;8.369
4643;4644;1.762
4644;4641;2.606
4645;4633;13.919
4646;4641;2.794
4646;4645;10.590
4647;4645;3.710
4647;4636;11.409
4648;4647;9.172
4649;4648;4.641
4636;4649;14.385
4650;4649;4.707
4648;4651;8.904
4572;4652;64.008
4652;4653;36.141
4654;4655;0.881
4656;4657;0.876
4658;4659;1.052
4660;4661;0.964
4662;4663;0.859
4664;4665;1.043
4666;4664;14.367
4665;4667;0.420
4668;4669;17.495
4669;4670;9.225
4670;4656;8.032
4671;4672;3.233
4673;4674;8.622
4675;4673;5.089
4674;4676;30.495
4676;4671;2.912
4671;4677;7.396
4657;4677;2.196
4678;4673;8.642
4678;4676;10.470
4676;4679;10.996
4677;4679;1.558
4680;4678;12.895
4679;4680;1.723
4667;4681;46.451
4680;4682;15.190
4681;4683;11.879
4682;4684;23.576
4684;4685;33.697
4683;4686;51.988
4685;4687;36.849
4687;4688;13.009
4688;4658;0.332
4661;4689;2.549
4690;4691;5.349
4659;4660;29.701
4692;4690;10.548
4693;4690;10.482
4693;4692;3.777
4694;4695;10.110
4695;4693;3.429
4689;4696;12.451
4697;4696;4.873
4698;4692;9.458
4698;4697;2.908
4699;4698;1.285
4700;4701;5.675
4697;4702;6.372
4703;4699;1.336
4700;4704;3.629
4704;4695;12.575
4704;4705;4.624
4705;4703;2.865
4686;4706;19.460
4707;4700;5.790
4707;4705;2.518
4699;4708;9.171
4702;4709;6.237
4708;4710;1.703
4710;4702;7.369
4711;4703;5.744
4712;4707;3.022
4705;4713;8.302
4713;4711;2.374
4709;4714;5.339
4714;4696;16.537
4710;4715;6.736
4709;4715;5.488
4716;4714;2.671
4715;4716;7.861
4715;4717;4.625
4655;4712;3.479
4711;4718;13.510
4713;4719;9.628
4719;4718;3.884
4712;4719;26.140
4717;4720;3.198
4718;4721;5.242
4708;4721;16.564
4717;4721;5.080
4706;4722;4.864
4722;4654;0.394
4723;4721;3.759
4724;4716;8.478
4723;4725;3.752
4720;4724;10.998
4726;4723;2.687
4726;4720;4.605
4727;4724;4.629
4716;4727;28.079
4728;4726;10.220
4728;4727;7.100
4722;4729;12.916
4729;4730;2.030
4730;4728;11.798
4722;4731;11.931
4730;4732;8.502
4731;4733;27.318
4733;4734;1.584
4732;4735;51.313
4734;4736;19.063
4736;4737;5.562
4735;4738;13.189
4738;4739;4.823
4737;4662;16.651
4739;4740;21.747
4663;4741;10.530
4742;4743;0.840
4653;4744;72.670
4744;4745;4.253
4746;4747;2.492
4745;4748;4.851
4749;4746;6.808
4746;4749;10.697
4750;4749;2.751
4751;4752;2.770
4746;4751;6.280
4753;4750;1.589
4753;4754;2.073
4750;4751;8.257
4755;4756;2.933
4757;4758;4.501
4757;4748;7.693
4755;4759;2.164
4757;4760;0.650
4761;4753;7.519
4761;4762;20.479
4763;4755;5.589
4761;4764;7.430
4763;4764;2.960
4760;4765;2.446
4760;4766;5.088
4765;4767;5.417
4768;4763;6.614
4769;4758;15.486
4767;4769;1.663
4769;4768;4.531
4764;4770;2.794
4770;4771;7.278
4771;4768;3.889
4771;4772;1.039
4761;4773;10.431
4772;4774;7.975
4774;4767;5.705
4775;4773;5.688
4770;4775;6.727
4774;4776;2.361
4765;4776;8.007
4777;4775;3.504
4773;4778;4.437
4772;4779;5.197
4778;4780;5.697
4776;4781;5.816
4779;4782;8.237
4781;4782;2.312
4781;4783;4.946
4778;4784;6.686
4784;4785;18.382
4779;4785;10.476
4785;4786;4.587
4782;4786;7.884
4786;4787;9.315
4787;4788;2.350
4784;4789;22.499
4789;4790;1.282
4790;4791;9.147
4791;4792;4.158
4787;4793;19.757
4788;4794;19.648
4795;4790;12.433
4793;4796;6.541
4793;4794;10.604
4797;4795;6.931
4797;4791;8.799
4796;4797;6.237
4796;4798;2.648
4794;4799;5.828
4799;4800;5.252
4748;4801;24.846
4797;4802;9.068
4802;4803;4.996
4802;4804;1.321
4799;4805;8.433
4801;4742;16.126
4743;4806;7.316
4806;4807;7.768
4809;4810;6.883
4811;4809;0.932
4812;4813;1.555
4814;4815;22.904
4815;4816;95.118
4817;4818;50.016
4819;4820;0.654
4822;4823;0.326
4824;4825;0.177
4826;4827;0.820
4828;4829;0.539
4830;4831;0.494
4832;4833;0.463
4834;4835;0.626
4836;4837;0.455
4839;4840;3.637
4841;4842;0.651
4843;4844;1.119
4845;4846;11.607
4847;4845;6.840
4848;4847;112.273
4849;4848;22.628
4850;4851;0.943
4840;4850;3.629
4852;4853;14.802
4854;4852;4.366
4855;4849;17.450
4856;4852;10.069
4856;4857;19.174
4858;4859;43.321
4857;4860;8.891
4861;4862;8.623
4863;4856;5.100
4864;4861;1.232
4860;4864;9.223
4861;4865;11.071
4866;4863;4.734
4865;4855;12.742
4867;4868;4.346
4857;4867;8.472
4869;4870;9.945
4870;4871;2.739
4871;4859;1.780
4872;4867;0.971
4871;4873;0.631
4859;4873;1.488
4872;4874;4.270
4865;4875;10.442
4855;4875;13.503
4873;4876;0.410
4859;4876;1.605
4851;4869;39.079
4875;4877;0.767
4878;4863;7.622
4877;4879;3.679
4879;4839;12.734
4880;4870;2.805
4880;4871;0.612
4881;4882;5.900
4883;4880;0.547
4873;4883;0.799
4878;4884;7.269
4884;4882;1.160
4882;4885;2.261
4886;4885;4.258
4885;4872;9.643
4887;4883;0.465
4876;4887;0.858
4888;4887;2.085
4876;4888;2.576
4889;4860;13.635
4884;4890;4.244
4891;4889;5.229
4885;4890;3.047
4865;4892;14.403
4892;4877;10.925
4893;4880;1.354
4883;4893;1.137
4887;4893;1.290
4889;4894;11.977
4864;4894;15.984
4895;4878;11.749
4895;4896;3.112
4890;4896;12.094
4897;4895;8.260
4894;4898;13.006
4896;4898;29.700
4898;4899;10.268
4899;4900;1.557
4900;4892;22.736
4898;4901;7.459
4899;4901;13.776
4902;4900;6.159
4903;4902;5.850
4904;4841;15.844
4893;4905;19.325
4842;4906;7.953
4906;4907;1.034
4888;4908;38.203
4907;4909;4.335
4908;4910;0.959
4909;4911;7.443
4912;4909;4.476
4911;4913;1.009
4914;4907;10.276
4913;4915;11.329
4915;4916;3.791
4915;4913;21.651
4910;4917;9.768
4905;4918;12.117
4917;4919;13.938
4918;4920;21.996
4921;4920;16.749
4920;4922;3.033
4922;4923;1.570
4923;4924;42.820
4923;4925;15.308
4926;4925;6.681
4925;4927;3.096
4928;4929;2.678
4927;4930;1.654
4931;4929;6.618
4932;4931;2.765
4933;4934;5.802
4930;4933;2.942
4930;4935;9.878
4927;4935;9.926
4932;4936;5.250
4929;4936;6.554
4937;4938;3.498
4934;4938;3.553
4939;4937;6.737
4938;4940;1.719
4941;4937;15.246
4941;4939;3.515
4934;4942;4.972
4933;4942;1.240
4943;4939;5.290
4940;4943;3.185
4936;4944;5.041
4944;4941;5.140
4945;4944;2.807
4942;4946;9.051
4941;4947;6.361
4943;4947;5.120
4947;4948;1.113
4946;4949;3.733
4935;4949;9.045
4942;4950;2.239
4951;4940;8.355
4951;4950;1.394
4935;4952;10.919
4950;4953;0.529
4949;4954;5.790
4954;4955;3.417
4955;4952;3.803
4945;4956;8.154
4948;4956;5.579
4931;4957;14.449
4957;4945;9.458
4956;4958;1.943
4959;4953;6.142
4960;4948;9.508
4960;4951;8.359
4946;4961;9.355
4953;4962;2.009
4963;4958;1.550
4961;4954;13.491
4957;4964;5.665
4958;4964;11.194
4919;4965;42.018
4962;4966;7.488
4966;4967;2.814
4961;4967;7.164
4963;4968;8.738
4968;4960;9.957
4962;4969;2.917
4970;4968;1.052
4971;4955;14.585
4969;4966;10.750
4967;4971;8.704
4964;4972;8.098
4972;4963;13.231
4969;4973;2.052
4970;4974;9.066
4973;4974;0.342
4972;4975;11.047
4975;4970;15.239
4973;4976;15.826
4976;4971;14.622
4977;4978;8.526
4979;4978;9.757
4813;4980;11.438
4978;4812;11.032
4813;4981;18.991
4981;4975;7.572
4975;4982;10.397
4974;4982;6.087
4976;4983;10.758
4983;4984;6.121
4981;4985;10.725
4982;4985;0.594
4986;4976;13.409
4987;4988;0.894
4986;4989;7.236
4990;4986;7.044
4983;4991;21.010
4991;4988;15.249
4991;4992;6.387
4988;4992;12.157
4992;4993;1.370
4985;4811;1.455
4994;4993;8.439
4995;4996;3.506
4981;4997;34.155
4810;4997;3.674
4810;4998;11.745
4998;4999;3.317
4996;5000;8.345
5001;5000;1.690
5002;5001;2.007
5000;5003;2.598
4998;5004;13.750
5003;5005;0.898
4996;5005;7.711
4999;5006;6.326
5004;5006;4.326
5006;5007;0.484
5008;5002;5.387
4993;5009;51.006
5009;5010;28.091
5009;5011;0.999
5012;5004;11.722
5012;4986;36.073
4997;5013;5.884
5007;5014;7.947
5015;5001;10.962
4999;5016;14.058
5017;5007;8.057
5018;5003;14.322
5005;5019;6.923
5019;5013;14.075
5014;5020;7.018
5020;5012;8.562
5019;5021;1.086
5022;5023;11.920
5024;5014;8.369
5021;5025;1.698
5013;5025;3.782
5026;5027;15.731
4965;5028;21.471
5022;5029;4.521
5030;5026;6.615
5031;5032;5.905
5031;5022;5.730
5033;5030;17.229
5034;5031;1.344
5035;5033;1.439
5036;5037;11.229
5036;5018;13.337
5018;5038;23.522
5021;5038;8.897
5039;5026;7.086
5039;5034;4.550
5034;5040;4.906
5040;5029;6.213
5041;5035;17.736
5030;5041;7.857
5042;5039;5.420
5043;5044;8.405
5041;5042;8.448
5045;5028;3.688
5044;5046;0.659
5042;5047;5.770
5047;5040;9.311
5048;5049;5.351
5050;5036;15.458
5051;5048;2.527
5047;5052;6.922
5045;5053;10.326
5053;5048;3.247
5053;5054;2.107
5054;5051;4.225
5055;5056;9.069
5057;5056;10.022
5058;5008;35.788
5059;5060;11.082
5061;5054;4.861
5051;5062;7.850
5052;5063;12.109
5060;5063;6.176
5063;5052;15.925
5064;5060;3.151
5065;5050;14.150
5066;5067;2.118
5063;5068;3.949
5068;5064;0.953
5061;5069;4.093
5069;5070;11.423
5070;5071;7.923
5072;5061;6.116
5069;5072;2.034
4829;5073;8.576
5074;5075;1.928
5064;5076;10.443
5076;5074;9.907
5046;5077;3.732
5078;5074;2.107
5079;4828;0.206
5073;5080;2.901
5068;5080;2.938
5081;5082;1.952
5083;5076;2.501
5070;5084;4.470
5078;5083;6.479
5085;5050;28.859
5038;5085;32.062
5086;5078;5.577
5067;5087;7.390
5087;5081;5.127
5080;5088;3.350
5083;5088;2.552
5089;5072;6.702
5072;5090;8.648
5091;5087;2.421
5092;5093;13.810
5092;5094;3.467
5084;5095;11.577
5094;5096;5.986
5056;5097;22.767
5088;5098;2.476
5086;5098;6.990
5097;5099;1.115
5100;5101;6.231
5100;5092;3.813
5102;5020;44.725
5103;5067;16.228
5099;5103;14.312
5084;5104;10.616
5105;5086;9.408
5105;5100;3.547
5077;5106;4.998
5098;5107;2.187
5107;5105;1.561
5108;5091;9.042
5099;5109;11.873
5109;5103;4.760
5109;5110;2.412
5110;5111;6.100
4818;5102;17.184
5112;5113;25.371
5114;5065;31.820
5085;5114;16.771
5110;5115;8.634
5115;5116;7.691
5025;5117;21.783
5118;5119;12.699
5119;5091;13.978
5120;5058;20.249
5121;5119;1.083
5122;5081;25.314
5121;5122;7.315
5115;5121;6.053
5122;5123;3.315
5123;5124;2.082
4823;5112;27.161
5121;5125;3.455
5107;5126;14.805
5127;5123;4.612
5106;5128;29.677
5128;5129;1.488
5097;5129;17.898
5129;5130;1.678
5130;5131;5.532
5130;5132;2.151
5133;5127;3.388
5133;5134;5.936
5132;5135;9.950
5135;5136;8.319
5137;5133;2.918
5125;5138;3.222
5135;5139;10.509
5139;5115;6.482
5125;5139;6.975
5137;5140;3.869
5114;5141;10.866
5142;5128;4.569
5143;5138;9.249
5141;5144;2.220
5117;5144;3.951
5139;5138;11.636
5145;5043;40.443
5096;5146;17.953
5140;5147;5.208
5143;5148;2.660
5148;5127;6.498
5138;5149;5.375
5149;5143;5.730
5150;5142;4.895
5148;5151;4.944
5151;5137;8.378
5152;5132;7.933
5106;5154;8.458
5142;5154;14.418
5155;5145;2.977
5148;5156;4.117
5154;5157;6.357
5158;5140;10.132
5157;5159;6.196
5160;5151;8.957
5149;5161;10.117
5161;5160;0.828
5160;5162;3.083
5154;5163;4.195
5162;5164;2.412
5165;5166;5.639
5167;5162;2.701
5163;5168;1.871
5169;5168;4.108
5146;5165;38.000
5170;5153;12.851
5171;4822;5.420
5172;5171;0.108
4825;5172;0.307
5173;5163;10.247
5139;5174;27.149
5168;5175;6.161
5175;5176;0.452
5177;5120;12.633
5166;5178;9.585
5179;5161;26.049
4831;5079;24.939
5176;4826;4.001
5180;5179;15.973
5179;5181;9.914
5182;5141;76.104
4827;5183;5.373
5184;5182;3.227
5183;5185;1.826
5185;4824;11.663
5186;5184;10.162
5187;5184;14.367
5187;5188;10.910
5189;5187;14.062
4816;4817;128.256
5189;5190;10.245
5191;5189;12.744
5192;5191;2.421
5191;5193;9.953
5144;5194;48.690
4833;4830;61.579
5195;4814;39.714
5185;5196;36.435
5195;5197;2.965
5197;5198;7.543
5199;5195;8.396
5198;5199;8.010
5194;5200;32.077
5201;5199;20.893
5202;4832;9.270
5200;5203;2.835
5203;5204;0.226
5205;5204;1.485
5206;5205;1.696
5203;5206;2.951
5200;5206;9.242
5204;5207;1.092
5205;5207;3.730
5208;5202;2.811
5209;5201;14.757
5210;5203;11.140
5207;5210;1.935
5211;5212;4.633
5213;5211;4.873
5212;5214;11.345
5215;5212;6.181
5211;5215;6.228
5214;5216;2.722
5217;5211;5.133
5218;5217;7.559
5219;5217;1.524
5209;5219;14.210
5220;5215;3.305
5219;5221;2.437
5221;5222;3.958
5214;5223;5.590
5223;5220;6.318
5220;5224;2.063
5222;5224;4.377
5216;5225;8.158
5226;5216;5.785
5226;5223;2.813
5225;5227;3.518
5228;5221;4.623
5224;5229;5.303
5224;5230;3.143
5225;5231;8.663
5232;5226;2.806
5231;5232;2.420
5232;5229;3.711
5229;5233;2.495
5234;5235;7.504
5227;5235;13.028
5236;5234;1.569
5227;5237;5.439
5231;5237;7.955
5238;5236;3.566
5239;5222;10.401
5233;5240;5.768
5237;5241;3.017
5240;5241;6.817
5235;5242;6.163
5239;5243;11.164
5243;5244;10.998
5233;5245;7.590
5245;5239;8.959
5242;5246;2.052
5210;5247;5.057
5246;5236;10.572
5242;5248;6.580
5241;5248;7.017
5198;5249;121.070
5245;5250;4.643
5196;5251;15.570
5252;5201;43.290
5246;5253;12.803
5248;5253;10.962
5253;5254;3.529
5254;5255;8.182
5255;5240;30.497
5256;5255;0.892
5257;5208;44.961
5251;4843;11.665
4844;5258;1.131
5259;5257;16.262
4835;5259;3.444
5260;4834;5.016
5261;5260;0.556
5206;5262;44.420
5262;5263;13.145
5258;5264;16.101
5264;5265;4.110
5266;5267;9.222
5268;5261;8.818
5263;5269;11.018
5270;5266;17.145
5271;5266;11.098
5269;5272;4.656
5270;5273;1.294
5273;5271;7.360
5274;5271;2.822
5275;5276;10.314
5269;5275;5.246
5272;5277;5.114
5271;5278;9.821
5277;5270;4.221
5273;5274;9.361
5279;5275;2.949
5272;5279;7.647
5274;5280;5.062
5281;5280;2.398
5282;5279;7.165
5282;5277;9.628
5281;5283;3.547
5280;5283;3.988
5283;5284;2.100
5284;5285;3.844
5286;5287;2.565
5288;5286;0.994
5289;5290;4.307
5288;5291;3.527
5291;5281;5.594
5286;5282;9.061
5290;5292;5.529
5282;5292;4.452
5291;5293;3.024
5293;5284;9.540
5247;5294;28.964
5295;5288;5.722
5295;5293;2.314
5290;5296;8.741
5292;5296;5.061
5297;5295;5.563
5292;5297;11.971
5296;5298;2.466
5297;5299;16.211
5299;5300;4.156
5301;5298;11.034
5299;5302;3.067
5303;5304;5.338
5305;5303;3.386
5303;5306;11.468
4837;5268;17.481
5306;5307;1.488
5308;5305;5.015
5308;5305;7.509
5298;5309;29.175
5310;5311;4.184
5310;5308;4.483
5249;5312;177.268
5265;5313;20.762
5313;5314;0.910
5315;5310;14.560
5294;5316;11.870
5316;4819;1.733
5312;5317;25.809
5317;5315;14.101
5317;5318;3.355
4838;4836;21.043
5319;5320;35.206
5314;5321;62.222
4820;4821;31.891
5318;4808;157.747
5322;5177;1.670
5178;5322;2.603
5323;5324;78.203
5325;5326;6.319
5327;5325;2.707
5328;5329;2.412
5329;5330;9.982
5331;5332;1.884
5332;5333;13.325
5334;5335;1.807
5336;5334;18.816
5337;5338;1.925
5339;5337;23.468
5340;5341;47.838
5342;5343;1.083
5344;5345;1.140
5346;5347;0.443
5348;5349;0.525
5350;5351;0.457
5352;5353;2.558
5354;5355;5.136
5356;5357;0.631
5358;5359;0.358
5324;5360;3.373
5361;5362;0.464
5363;5364;0.759
5335;5365;0.660
5366;5367;0.662
5368;5369;1.953
5370;5371;0.558
5372;5373;0.655
5374;5375;4.483
5376;5377;37.351
5378;5379;84.994
5380;5361;12.878
5381;5382;2.273
5382;5383;5.248
5384;5385;8.474
5386;5387;49.351
5388;5323;2.677
5360;5389;15.669
574;5390;37.656
5390;5391;5.641
5387;5392;75.458
5393;5394;11.857
5395;5393;7.139
5396;5397;7.370
5389;5398;45.466
5391;5399;10.216
5400;5395;9.289
5401;5396;10.638
5402;5395;12.441
5400;5403;17.904
577;5404;0.770
5399;5404;1.363
5396;5402;24.900
5402;5405;8.857
5405;5400;9.754
5403;5406;7.693
5401;5407;23.152
5398;5408;4.417
5407;5409;5.856
5410;5401;18.057
5410;5407;5.462
5409;5405;21.734
5408;5410;21.398
5409;5411;8.126
5404;579;8.787
5408;5412;83.208
5412;5413;11.871
5413;5376;8.018
5414;5415;1.179
5346;5392;78.178
5347;5416;8.468
5416;5417;3.080
5418;5419;9.770
5420;5417;19.040
5419;5421;13.711
5422;5423;20.583
5418;5420;21.385
5421;5424;2.558
5425;5422;4.691
5425;5421;11.448
5424;5426;2.854
5426;5418;18.375
5427;5425;3.295
5427;5428;4.207
5429;5427;4.680
5429;5424;12.788
5426;5430;4.978
5430;5420;37.750
5431;5430;2.828
5432;5431;5.446
5433;5429;7.710
5433;5434;2.030
5434;5432;10.035
5435;5432;8.402
5436;5437;4.305
5438;5433;32.803
5437;5439;6.985
5439;5438;1.048
5440;5434;14.360
5440;5431;24.354
5441;5440;8.268
5442;5441;3.004
5441;5443;1.167
5444;5445;5.108
5438;5446;13.275
5446;5447;12.988
5446;5442;16.350
5443;5448;8.262
5448;5417;31.897
5439;5449;16.014
5449;5446;13.200
5445;5450;9.572
5450;5449;2.422
5443;5451;12.843
5451;5448;4.443
5452;5453;6.582
5445;5453;9.786
5446;5454;9.735
5454;5442;23.433
5453;5455;1.231
5456;5455;6.307
5455;5457;2.044
5457;5450;13.358
5458;5456;13.668
5459;5458;1.628
5459;5460;1.381
5448;5461;21.035
5460;5462;9.544
5456;5462;7.496
5463;5449;19.983
5454;5464;10.307
5464;5451;9.110
5457;5465;8.847
5465;5463;2.556
5462;5465;6.421
5463;5466;4.849
5466;5454;24.704
5458;5467;10.992
5462;5468;8.670
5468;5466;2.864
5467;5469;3.639
5470;5467;4.567
5460;5470;10.032
5468;5471;3.788
5466;5471;4.178
5471;5464;6.673
5472;5469;4.698
5467;5472;3.328
5473;5470;2.000
5474;5468;11.869
5475;5472;4.520
5475;5473;2.515
5471;5476;7.774
5473;5474;8.926
5474;5477;3.346
5477;5471;4.637
5478;5476;6.739
5478;5479;5.061
5480;5477;12.336
5480;5478;6.641
5481;5479;2.097
5479;5482;4.234
5476;5483;34.739
5484;5480;13.162
5485;5475;36.463
5485;5477;14.489
580;5486;44.016
5487;5377;0.665
5486;5488;7.686
5486;5489;32.728
5489;5490;27.408
5491;5492;4.201
5493;5487;17.816
5493;5494;7.026
5495;5493;1.585
5495;5496;0.911
5495;5497;5.811
5490;5498;20.591
5499;5491;15.172
5496;5499;6.652
5500;5496;24.038
5485;5348;42.234
5501;5500;4.375
5500;5502;6.086
5503;5502;7.862
5504;5499;21.248
5502;5505;4.399
5349;5506;4.212
5507;5505;10.818
5355;5506;0.628
5505;5508;2.832
5362;5492;28.838
5509;5508;7.038
5508;5510;5.030
5510;5511;2.753
5509;5511;0.534
5512;5510;0.636
5512;5513;9.527
5514;5504;11.414
5515;5516;4.256
5515;5512;3.396
5511;5517;7.550
5509;5518;17.792
5519;5518;6.309
5517;5515;6.780
5514;5520;8.036
5521;5517;4.686
5520;5521;19.499
5522;5354;0.520
5518;5523;10.451
5341;5504;25.106
5341;5520;6.856
5523;5524;3.483
5524;5525;3.237
5526;5341;7.092
5527;5521;14.198
5525;5527;1.944
5528;5527;6.583
5528;5524;7.478
5529;5526;6.890
5530;5522;3.074
5531;5528;1.855
5526;5532;12.687
5533;5530;4.252
5534;5535;20.655
5536;5414;182.539
5537;5536;2.713
5357;5533;19.055
5538;5356;0.247
5539;5340;46.020
5535;5540;27.814
5356;5541;24.808
5542;5380;40.508
5541;5543;3.909
5544;5545;9.840
5544;5546;3.115
5543;5547;3.292
5364;5542;0.683
5548;5538;22.209
5546;5363;3.265
5546;5549;2.147
5550;5551;11.589
5550;5544;1.635
5552;5550;0.271
5553;5543;8.768
5553;5541;16.120
5544;5554;4.919
5555;5552;1.327
5554;5556;2.020
5556;5549;6.972
5555;5557;3.188
5557;5552;5.797
5558;5555;1.159
5549;5559;7.255
5560;5538;8.947
5560;5561;16.246
5562;5557;5.894
5554;5562;8.474
5556;5563;8.689
5563;5559;5.401
5563;5564;1.148
5562;5565;2.533
5562;5564;11.560
5564;5566;1.537
5559;5566;7.473
5567;5553;13.175
5558;5568;7.422
5568;5565;4.151
5569;5570;12.270
5566;5571;3.064
5567;5572;7.125
5572;5569;7.499
5565;5573;4.623
5574;5548;19.310
5571;5575;7.638
5576;5558;8.110
5576;5568;19.562
5540;5577;9.158
5576;5577;0.249
5578;5574;3.564
5578;5560;4.686
5569;5579;18.404
5580;5574;9.047
5572;5581;10.875
5582;5567;37.386
5583;5582;6.026
5583;5584;7.907
5584;5585;8.582
5586;5578;12.235
5586;5583;22.654
5587;5586;2.138
5588;5586;12.198
5579;5589;47.490
5590;5587;4.910
5591;5588;4.924
5588;5592;3.972
5592;5590;2.152
5593;5590;2.819
5593;5587;1.830
5594;5592;4.329
5595;5596;3.177
5506;5597;117.517
5597;5598;2.962
5599;5593;8.362
5598;5600;7.163
5595;5601;13.762
5601;5597;3.568
5602;5599;1.287
5603;5601;1.356
5577;5339;4.708
5603;5604;2.714
5604;5605;2.544
5606;5603;2.251
5604;5607;4.406
5598;5607;20.666
5607;5608;1.321
5609;5537;57.866
5606;5610;6.985
5608;5611;8.963
5539;5327;46.143
5326;5612;0.727
5595;5613;30.608
5610;5613;5.008
5606;5614;1.440
5608;5614;5.984
5615;5616;19.770
5615;5599;27.725
5617;5615;14.601
5618;5602;7.950
5613;5619;11.223
5610;5619;11.532
5620;5602;24.079
5619;5621;6.910
5614;5621;2.700
5622;5609;12.729
5623;5624;13.033
5622;5625;10.479
5612;5626;33.831
5625;5626;2.751
5624;5618;14.454
5627;5625;13.370
5628;5627;10.073
5627;5629;4.945
5630;5631;1.150
5632;5630;2.942
5629;5632;6.187
5626;5633;13.702
5630;5633;4.366
5632;5634;2.099
5629;5634;3.481
5633;5635;8.012
5634;5635;5.238
5635;5636;5.470
5635;5637;6.437
5637;5638;2.174
5636;5639;6.261
5639;5637;8.257
5640;5641;4.930
5639;5640;8.070
5642;5643;18.457
5644;5645;74.740
5642;5645;2.605
5645;5646;0.282
5647;5646;8.381
5647;5642;11.623
5338;5336;18.531
5365;5642;6.271
5648;5647;4.964
5648;5649;4.996
5646;5650;20.161
5651;5650;14.276
5652;5648;14.842
5652;5653;2.690
5621;5654;39.849
5655;5652;3.502
5656;5655;4.869
5650;5657;15.773
5658;5650;25.871
5659;5655;13.103
5660;5623;35.279
5661;5660;4.199
5661;5651;18.277
5660;5662;6.082
5662;5661;1.827
5663;5664;5.711
5665;5664;7.554
5666;5659;11.279
5667;5659;14.361
5664;5668;1.484
5666;5667;12.865
5367;5662;1.332
5669;5666;12.078
5670;5667;8.391
5670;5671;8.364
5654;5672;17.892
5673;5670;4.285
5674;5673;5.016
5668;5675;25.833
5675;5672;3.743
5668;5676;21.855
5676;5675;5.934
5677;5676;8.542
5678;5366;9.012
5679;5677;7.352
5680;5678;1.862
5679;5681;1.576
5682;5673;29.115
5682;5683;18.061
5684;5685;11.141
5686;5675;34.753
5684;5686;3.912
5687;5688;1.639
5689;5690;3.696
5691;5692;11.605
5691;5693;0.256
5694;5682;24.308
5695;5691;5.825
5696;5697;7.347
5696;5686;19.393
5698;5684;18.619
5689;5699;15.424
5677;5700;28.304
5699;5695;6.316
5701;5700;4.233
5693;5702;4.909
5702;5680;12.442
5703;5695;7.009
5704;5705;7.890
5704;5696;10.151
5706;5707;11.798
5708;5703;1.242
5708;5693;14.705
5700;5709;8.252
5710;5711;42.085
5711;5712;6.941
5709;5713;7.105
5713;5704;16.034
5714;5709;7.215
5379;5488;21.819
5715;5716;4.501
5711;5715;28.517
5717;5718;1.560
5688;5719;33.608
5378;5720;5.043
5721;5722;9.520
5682;5723;46.632
5719;5724;5.918
5725;5726;3.448
5724;5726;8.449
5706;5727;24.076
5727;5721;6.397
5715;5728;43.194
5728;5706;50.263
5726;5729;1.897
5689;5730;57.490
5703;5730;35.238
5731;5708;34.410
5731;5717;45.524
5727;5732;6.240
5729;5733;7.050
5733;5734;5.078
5724;5734;9.538
5728;5735;16.390
5736;5737;10.056
5737;5732;4.103
5735;5736;22.270
5732;5738;2.872
5737;5738;2.833
5739;5740;4.916
5738;5741;9.970
5721;5741;13.552
5730;5742;11.286
5742;5739;7.120
5734;5743;3.371
5733;5744;6.791
5744;5743;4.653
5745;5746;4.518
5690;5747;32.516
5748;5731;10.250
5749;5736;8.984
5743;5750;4.551
5744;5751;4.291
5751;5750;4.926
5742;5752;6.554
5753;5745;10.511
5754;5753;0.606
5755;5752;3.693
5756;5748;5.093
5741;5757;51.215
5757;5729;72.766
5747;5754;16.493
5752;5758;17.835
5758;5756;12.197
5759;5748;11.128
5759;5756;13.080
5760;5717;49.170
5761;5758;22.369
5723;5762;46.539
5757;5763;20.286
5764;5760;11.512
5760;5765;10.917
5766;5759;17.475
5766;5764;9.358
5764;5767;6.370
5766;5768;9.743
5769;5766;6.075
5769;5767;6.396
5767;5770;5.562
5750;5771;55.187
5681;5771;44.322
5772;5769;4.302
5772;5770;5.302
5720;5773;127.311
5770;5774;4.064
5775;5772;4.149
5775;5774;5.477
5776;5775;0.885
5777;5776;3.551
5774;5778;8.367
5778;5779;7.140
5780;5776;7.369
5780;5778;4.727
5771;5781;7.636
5782;5780;5.235
5778;5783;12.585
5784;5782;3.050
5784;5783;9.277
5782;5785;15.305
5746;5368;38.988
5784;5786;11.782
5786;5787;8.096
5763;5788;60.255
5786;5789;3.609
5788;5790;6.776
5781;5790;10.928
5789;5791;23.704
5791;5792;6.742
5369;5793;10.572
5773;5358;11.120
5791;5794;18.260
5793;5795;9.994
5795;5370;16.931
5371;5372;12.948
5796;5797;5.914
5383;5798;5.526
5799;5796;3.271
5796;5800;4.885
5801;5383;7.551
5801;5799;6.787
5802;5381;13.841
5803;5799;6.248
5804;5802;4.175
5803;5805;11.468
5806;5801;13.207
5806;5803;6.793
5359;5807;60.398
5790;5808;31.747
5808;5350;0.315
5351;5809;0.919
5806;5810;24.724
5811;5812;11.009
5812;5813;12.793
5812;5810;5.165
5814;5811;13.836
5815;5816;2.813
5815;5812;6.268
5817;5812;5.284
5818;5817;4.180
5810;5818;9.452
5807;5819;11.510
5820;5374;1.945
5811;5821;11.228
5821;5815;8.708
5822;5821;15.741
5808;5823;22.762
5815;5824;8.683
5825;5824;3.770
5817;5825;8.737
5373;5826;34.611
5827;5825;4.636
5818;5827;8.616
5826;5375;4.931
5375;5828;1.546
5828;5829;0.986
5828;5830;2.601
5830;5829;2.442
5831;5820;14.852
5824;5832;17.837
5833;5832;3.446
5823;5831;18.779
5832;5834;4.130
5827;5835;21.822
5835;5836;25.987
5821;5837;27.001
5837;5834;2.352
5838;5830;16.388
5839;5838;5.365
5835;5840;4.365
5834;5841;7.317
5841;5840;4.835
5838;5842;5.992
5837;5843;7.930
5844;5845;3.501
5829;5844;12.104
5845;5846;24.587
5846;5847;1.112
5847;5848;0.471
5843;5849;11.626
5841;5850;12.606
5840;5850;12.107
5828;5851;62.274
5852;5853;16.103
5854;5851;17.170
5850;5855;7.010
5853;5856;18.805
5856;5854;6.215
5851;5857;8.149
5858;5856;2.875
5859;5858;6.055
5860;5843;18.985
5853;5861;7.891
5861;5859;9.440
5858;5862;5.757
5854;5862;14.478
5855;5863;10.629
5863;5864;29.041
5852;5865;17.081
5865;5861;15.886
5862;5866;3.048
5866;5867;3.220
5868;5869;7.120
5868;5865;3.117
5866;5870;4.465
5871;5855;18.537
5859;5872;10.750
5866;5872;9.606
5873;5852;123.035
5874;5873;2.025
5875;5868;32.296
5863;5876;15.039
5865;5877;14.384
5878;5857;31.046
5857;5879;27.274
5877;5880;5.333
5876;5881;5.828
5872;5882;17.077
5877;5883;7.549
5884;5875;49.357
5883;5885;15.113
5876;5886;23.063
5819;5887;28.164
5881;5888;47.545
5809;5888;27.928
5888;5889;14.131
5890;5887;4.852
5890;5891;8.631
5891;5892;11.630
5893;5890;5.157
5891;5894;7.277
5891;5895;5.797
5894;5895;5.807
5896;5894;15.842
5897;5896;1.240
5895;5898;3.145
5899;5897;12.194
5899;5900;1.895
5901;5899;0.495
5902;5901;3.019
5901;5903;2.553
5898;5896;21.399
5904;5902;1.788
5905;5897;4.670
5906;5902;2.243
5907;5904;4.023
5907;5908;15.862
5909;5907;7.110
5910;5904;8.789
5910;5909;3.725
5911;5910;11.920
5912;5890;11.811
5912;5898;21.898
5913;5909;25.632
5914;5888;25.083
5915;5914;12.251
5916;5915;3.914
5917;5916;0.461
5917;5915;13.993
5345;5917;0.902
5913;5918;76.881
5919;5920;0.741
5918;5921;11.673
5921;5344;2.016
5921;5919;13.187
5333;5913;63.326
5333;5918;48.356
5330;5333;25.715
5922;5331;11.867
5922;5923;3.394
5924;5912;34.681
5924;5330;40.674
5925;5922;9.890
5926;5925;11.710
5927;5328;8.932
5927;5926;5.663
5928;5925;5.678
5929;5923;12.111
5923;5930;32.649
5930;5921;17.771
5928;5931;3.427
5932;5926;7.593
5932;5928;4.496
5933;5932;5.000
5927;5934;6.435
5934;5933;0.979
5932;5935;6.047
5936;5924;10.047
5934;5936;44.780
5937;5930;8.040
5938;5937;1.209
5939;5936;22.883
5343;5939;0.238
5940;5342;15.204
5938;5940;14.883
5941;5940;26.802
5942;5941;25.444
5943;5942;2.777
5944;5943;18.303
5353;5944;1.375
5945;5352;1.460
5946;5945;42.506
5947;5948;4.327
5949;5950;2.042
5951;5952;0.519
5953;5954;2.090
5955;5956;0.413
5957;5958;1.011
5959;5960;0.953
5961;5962;1.541
5963;5964;1.233
5965;5966;1.292
5967;5968;1.328
5969;5970;1.687
5971;5972;1.775
5973;5974;4.466
3273;5957;0.363
5960;3270;1.557
5975;5976;17.329
5976;5977;4.353
5977;5978;49.736
5978;5974;6.959
5974;5948;5.919
5978;5947;5.155
5977;5979;19.612
5980;5973;32.091
5981;5979;30.098
5980;5982;4.314
5982;5981;2.197
5983;5980;6.008
5983;5982;3.452
5981;5984;9.521
5984;5985;2.197
5986;5983;4.665
5985;5986;1.400
5987;5988;9.583
5988;5983;4.379
5986;5988;5.228
5989;5984;21.957
5979;5989;56.776
5990;5991;8.297
5991;5989;5.876
5992;5990;23.920
5985;5992;18.346
5948;5993;71.779
5979;5994;44.463
5993;5994;59.958
5995;5990;64.807
5996;5995;4.607
5994;5996;2.294
5958;5961;103.567
5964;5959;104.088
5997;5963;14.287
5962;5965;25.055
5968;5997;11.310
5996;5998;70.697
5998;5999;2.181
5999;6000;21.501
6000;6001;16.711
6001;6002;2.327
6002;6003;0.569
6003;6004;1.724
6004;6005;4.921
6003;6006;4.109
6004;6007;14.914
6008;6009;16.546
6007;6010;6.432
6005;6010;20.359
6011;6008;27.841
6005;6012;13.010
6013;6012;2.475
6014;6005;16.796
6015;6014;27.518
6006;6016;8.741
6009;6017;7.992
6014;6018;6.108
6006;6019;22.234
6007;6019;18.746
6018;6020;28.950
6015;6020;3.384
6015;6021;16.252
6012;6021;6.469
6022;6019;3.425
6023;6018;16.446
6010;6024;17.961
6024;6023;5.789
6025;6022;7.721
6025;6024;2.206
6022;6026;3.753
6026;6027;1.109
6027;6025;7.939
6021;6028;6.665
6017;6029;15.103
6030;6025;5.492
6023;6030;12.916
6020;6031;26.971
6027;6032;6.765
6030;6032;6.206
6031;6033;3.544
6028;6034;5.582
6016;6035;10.203
6028;6031;19.853
6029;6036;9.925
6037;6035;10.442
6019;6037;25.449
6029;6038;4.394
6032;6039;15.851
6035;6040;4.245
6026;6041;21.263
6039;6041;4.640
6037;6042;5.183
6041;6042;1.865
6038;6043;1.509
6040;6044;2.062
6044;6045;0.454
6044;6046;20.579
6042;6046;6.541
6039;6047;6.272
6048;6045;2.890
6046;6049;17.341
6034;6050;13.965
6043;6051;10.611
6052;6048;9.549
6051;6053;8.252
5954;6054;0.968
6055;6051;8.529
6050;6056;15.076
6053;6057;11.072
6058;6052;9.062
6057;6059;12.197
6057;6060;8.233
6053;6061;42.415
6061;6059;3.755
6059;6062;10.742
6062;6060;4.371
6060;6063;6.261
6036;6064;28.986
5952;6065;0.357
6063;6066;0.427
6055;6067;41.034
6067;6061;3.571
6065;6011;42.656
6061;6068;19.933
6062;6068;14.079
6063;6068;14.724
6067;6069;19.844
6068;6069;3.134
6070;6071;16.190
6069;6071;1.392
6066;6072;9.999
6073;5953;6.060
6072;6058;21.598
6074;5951;72.655
6064;6075;5.723
6071;6076;16.231
6056;6077;26.780
5972;5967;75.705
5966;5969;76.869
5956;6073;3.970
6077;5949;14.759
6078;5955;5.100
5950;6079;6.740
5970;6080;5.122
6080;6081;4.632
6081;6082;23.720
6080;6083;9.024
6084;5971;14.857
6077;6085;31.715
6086;6087;0.304
6088;6089;1.073
6090;6091;1.170
3982;6092;15.851
6093;6094;82.073
6092;6095;3.910
6094;6096;2.221
6096;6097;0.659
6095;6098;6.027
6097;6099;6.701
6099;6100;2.495
6100;6101;8.521
6098;6102;20.271
6102;6103;3.339
6104;6103;0.834
6103;6105;6.190
6101;6105;6.952
6104;6106;5.554
6107;6104;6.236
6105;6107;1.301
6108;6107;0.701
6108;6106;4.240
6108;6109;1.215
6106;6110;13.095
6109;6110;2.846
6110;6111;2.268
6111;6112;14.762
6112;6113;45.003
6113;6114;4.462
6115;6113;6.491
6116;6115;3.186
6114;6116;3.036
6116;6117;4.601
6114;6117;9.628
6118;6116;4.846
6119;6115;3.316
6119;6116;6.974
6116;6120;2.203
6118;6120;7.956
6121;6118;3.832
6117;6121;5.305
6122;6121;1.436
6123;6119;5.097
6120;6123;5.245
6089;6122;4.452
6124;6088;4.794
6125;6124;10.172
6126;6127;6.082
6128;6126;14.955
6129;6125;10.625
6128;6130;5.093
6126;6131;26.416
6130;6131;3.436
6132;6128;4.572
6132;6133;8.016
6134;6132;6.845
6134;6135;3.068
6136;6129;1.183
6131;6136;3.433
6137;6134;7.264
6130;6138;8.202
6138;6137;5.675
6139;6140;21.444
6141;6138;1.694
6139;6142;5.373
6143;6136;2.639
6141;6143;5.549
6144;6145;3.817
6142;6144;2.283
6146;6147;1.186
6144;6148;3.923
6149;6150;4.274
6148;6149;2.041
6151;6143;0.585
6152;6153;8.684
6152;6154;6.052
6149;6155;2.457
6156;6146;5.831
6156;6152;1.881
6146;6157;6.329
6158;6156;1.438
6155;6158;9.934
6159;6160;2.666
6137;6160;11.666
6161;6141;11.121
6161;6160;2.114
6160;6162;2.846
6163;6139;12.267
6151;6164;12.792
6164;6161;3.421
6165;6166;2.072
6167;6165;5.106
6158;6167;7.372
6155;6168;11.566
6165;6169;16.258
6170;6169;3.057
6142;6171;17.530
6171;6172;1.742
6172;6151;6.053
6168;6173;5.507
6173;6171;2.257
6174;6169;3.306
6167;6174;9.342
6168;6175;9.045
6175;6176;1.526
6167;6177;7.570
6177;6176;9.008
6176;6178;1.181
6177;6179;4.853
6175;6180;6.717
6173;6180;5.872
6164;6181;13.403
6181;6182;0.768
6182;6183;9.471
6184;6174;5.381
6179;6184;4.012
6178;6185;3.802
6184;6186;4.159
6178;6185;12.995
6177;6187;8.710
6188;6180;5.468
6188;6172;4.088
6189;6181;14.762
6188;6189;9.351
6190;6188;1.193
6191;6192;9.495
6185;6193;5.512
6182;6191;35.601
6193;6194;0.699
6194;6190;0.727
6195;6190;3.163
6196;6179;11.714
6196;6193;15.993
6197;6194;3.455
6195;6198;5.624
6199;6197;0.458
6200;6199;0.332
6201;6196;6.232
6201;6197;4.779
6202;6201;1.593
6202;6200;0.896
6203;6196;13.029
6203;6204;13.238
6200;6205;7.740
6205;6195;12.849
6206;6203;6.409
6206;6201;13.335
6207;6206;1.280
6207;6202;5.028
6208;6203;12.191
6208;6209;6.064
6210;6205;8.872
6211;6212;3.153
6213;6208;7.915
6214;6208;6.347
6214;6206;11.854
6215;6210;3.836
6216;6214;1.137
6216;6207;4.420
6217;6210;4.242
6217;6211;5.437
6218;6215;4.772
6211;6219;6.542
6215;6220;3.990
6221;6217;3.761
6222;6218;5.262
6218;6222;8.563
6221;6223;4.926
6224;6214;15.440
6223;6225;4.139
6226;6222;4.923
6227;6221;11.360
6227;6228;4.751
6228;6229;3.745
6230;6226;6.245
6223;6230;16.347
6229;6231;1.304
6231;6232;2.888
6231;6233;1.049
6233;6234;2.066
6234;6235;3.875
6234;6236;7.321
6237;6230;5.049
6237;6238;4.124
6229;6239;3.773
6240;6228;6.156
6241;6216;13.705
6233;6242;6.942
6243;6242;4.191
6242;6244;5.008
6245;6237;16.473
6245;6227;12.162
6246;6247;3.033
6244;6246;2.744
6246;6245;5.637
6248;6244;9.953
6249;6248;1.539
6248;6250;4.106
6250;6251;3.022
6250;6246;14.684
6252;6241;4.104
6253;6252;6.000
6254;6253;6.973
6087;6123;63.006
6091;6254;29.862
6255;6086;16.812
6256;6090;19.357
6255;6257;9.219
6258;6255;3.405
6258;6257;5.066
6257;6256;4.286
6259;6258;4.895
6256;6259;5.561
6260;6259;5.721
6261;6258;5.385
6261;6260;12.128
6262;6261;29.538
6263;6264;4.015
6264;6265;0.463
6265;6266;0.872
6267;6268;11.331
6268;6269;4.707
6268;6270;1.609
6269;6271;3.085
6270;6272;0.974
6271;6272;0.845
6272;6273;3.062
6274;6275;30.780
6276;6277;38.230
6275;6276;20.623
6273;6278;24.725
6278;6279;8.921
6279;6280;18.717
6281;1201;0.974
1200;6282;1.205
6283;6282;0.314
6283;6284;3.625
6285;6286;14.969
6287;6281;4.339
6287;6283;10.159
6287;6288;14.752
6284;6288;4.520
6289;6287;3.449
6288;6290;10.199
6290;6285;8.983
6290;6289;11.677
6291;6281;16.885
6291;6287;5.576
6287;6291;5.410
6291;6289;12.203
6291;6292;20.242
6292;6293;25.219
6293;6294;7.801
6294;6295;1.396
6295;6296;0.867
6296;6297;3.082
6298;6297;4.847
6299;6298;0.827
6300;6299;3.377
6301;6299;16.234
6302;6300;1.343
6303;6302;6.689
6301;6304;16.368
6305;6306;4.468
6300;6307;15.946
6301;6308;12.749
6307;6308;8.086
6308;6309;1.329
6309;6310;2.886
6311;6304;13.864
6310;6311;9.502
6312;6307;11.259
6312;6302;4.684
6313;6312;5.950
6313;6305;14.214
6309;6314;7.352
6310;6314;15.315
6314;6315;3.457
6315;6313;16.843
6315;6316;7.193
6317;6311;18.999
6316;6317;5.858
6313;6318;18.148
6319;6318;17.148
6320;6316;5.089
6318;6320;12.617
6321;6320;7.606
6317;6322;23.351
6318;6323;25.828
6324;6325;2.236
6326;6324;1.005
6327;6328;9.106
6329;6330;0.976
6331;6332;10.348
6333;6334;7.795
6335;6336;0.931
6337;6338;1.634
6339;6340;4.661
6341;6342;3.333
6343;6344;4.113
6345;6346;0.251
6347;6348;1.275
6349;6350;3.945
6351;6352;1.583
6353;6354;0.620
6355;6356;2.169
6357;6358;0.722
6359;6360;0.776
6361;6362;0.618
6363;6364;0.954
6365;6366;0.963
6367;6368;0.624
6369;6370;0.656
6371;6372;0.398
6373;6374;1.627
6375;6376;0.881
6377;6378;1.468
6379;6380;0.916
6381;6382;1.071
6383;6384;1.370
6385;6386;6.069
6386;6387;41.722
6338;6385;5.068
6385;6388;118.468
6386;6389;19.861
6390;4740;0.510
6391;6390;66.197
6392;6391;31.272
6393;6392;32.332
6394;6393;6.516
6394;6395;4.636
6395;6396;0.666
1137;6397;5.060
6398;6396;9.000
6399;6400;10.212
6400;6398;2.261
6400;6401;12.359
6401;6402;9.412
6398;6402;7.471
6403;6404;10.120
6401;6403;4.842
6405;6403;3.218
6406;6405;5.889
6402;6406;6.596
6406;6407;0.986
6407;6408;5.255
6396;6408;7.072
6408;6409;6.865
6410;6411;11.059
6405;6411;5.811
6397;6412;13.272
6407;6413;9.221
6408;6413;2.950
6411;6414;7.358
6413;6414;11.263
6413;6415;1.583
6414;6416;8.173
6414;6417;16.540
6416;6418;7.129
6415;6418;2.228
6415;6419;7.771
6416;6420;8.878
6419;6421;7.158
6416;6422;10.414
6423;6422;5.795
6418;6423;3.977
6422;6424;15.153
6425;6424;6.804
6425;6426;2.996
6423;6427;3.195
6428;6425;6.619
6423;6428;10.980
6427;6429;3.229
6421;6429;17.770
6428;6430;6.039
6431;6430;3.805
6432;6431;3.915
6427;6432;7.537
6429;6433;3.980
6434;6435;21.845
6434;6403;66.311
6436;6433;3.517
6372;6436;0.298
6434;6437;3.358
6424;6437;16.517
6431;6438;8.380
6432;6438;6.783
6412;6439;40.779
6374;6371;3.153
6430;6440;17.193
6438;6441;9.978
6442;6441;9.097
6443;6373;0.677
6441;6444;3.190
6437;6445;14.027
6440;6445;12.189
6446;6443;1.097
6447;6443;1.902
6447;6446;1.406
6439;6446;29.554
6444;6448;3.592
6429;6449;27.575
6444;6449;12.427
6450;6447;3.289
6446;6450;3.914
6449;6451;3.344
6440;6452;17.058
6452;6453;10.329
6452;6448;9.761
6454;6452;1.788
6451;6455;6.621
6448;6456;10.622
6455;6456;4.119
6456;6454;6.487
6445;6457;14.202
6458;6454;4.545
6457;6459;2.670
6456;6460;2.877
6459;6458;13.646
6458;6461;3.608
6460;6455;18.537
6460;6461;13.079
6462;6457;10.570
6459;6463;16.190
6461;6463;6.738
6451;6463;35.533
6464;6462;15.010
6463;6465;20.581
6462;6466;31.092
6464;6379;18.186
6380;6467;9.547
6450;6363;41.296
6467;6468;30.021
1187;6469;28.157
6468;6470;34.472
6469;6471;7.037
6364;6472;39.888
1204;6473;7.921
6474;6475;7.857
6470;6475;39.975
6471;6476;34.324
6477;6478;3.187
6477;6479;6.303
6478;6480;11.225
6481;6478;3.198
6480;6481;10.597
6477;6482;9.393
6479;6482;22.200
6483;6481;8.380
6484;6483;4.800
6482;6484;2.319
6472;6365;23.426
6484;6485;0.849
6485;6486;2.629
6480;6483;25.243
6485;6487;7.633
6488;6487;14.476
6489;6490;8.738
6487;6489;7.377
6475;6491;35.046
6489;6492;2.051
6492;6493;10.495
6492;6494;16.002
6491;6495;11.716
6493;6496;13.103
6496;6497;36.236
6495;6498;18.566
6493;6499;24.083
6499;6500;3.640
6496;6501;13.605
6501;6499;3.379
6476;6502;18.178
6501;6503;7.417
6499;6503;7.567
6504;6505;13.654
6506;6501;11.293
6496;6507;16.042
6507;6506;4.325
6507;6508;4.780
6509;6504;5.801
6503;6510;31.808
6511;6512;1.756
6507;6511;6.895
6513;6514;4.430
6511;6515;2.058
6506;6515;17.967
6504;6516;12.427
6513;6517;7.526
6473;6518;86.592
6518;6519;0.729
6517;6520;8.280
6520;6509;11.928
6520;6521;3.768
6516;6521;5.749
6522;6516;18.307
6523;6513;5.620
6523;6517;6.084
6522;6524;7.438
6521;6525;2.947
6515;6526;9.171
6525;6527;6.174
6528;6529;3.630
6528;6520;8.600
6527;6530;5.338
6531;6528;2.172
6527;6531;7.016
6526;6532;6.130
6533;6523;10.416
6533;6531;2.936
6531;6534;5.703
6525;6535;8.991
6516;6535;17.521
6535;6534;9.314
6536;6533;24.551
6519;6537;7.934
6538;6522;11.711
6538;6539;6.117
6535;6540;4.074
6531;6541;6.731
6526;6542;13.466
6541;6543;10.027
6543;6540;8.411
6510;6544;34.894
6543;6545;1.362
6540;6546;6.031
6546;6547;4.619
6545;6548;7.370
6541;6549;8.193
6550;6551;7.632
6551;6549;7.668
6552;6538;12.685
6552;6553;19.932
6549;6554;4.426
6545;6554;8.662
6544;6555;26.610
6555;6551;4.829
6548;6556;4.939
6546;6556;5.598
6498;6557;23.059
6558;6552;3.155
6558;6559;14.747
6556;6560;2.799
6556;6561;12.005
6549;6562;5.625
6555;6562;14.058
6554;6563;10.497
6548;6563;8.070
6564;6558;4.906
6537;6564;13.293
6565;6566;3.252
6562;6566;3.233
6563;6567;3.554
6560;6568;10.915
6564;6568;1.854
6567;6569;4.961
6560;6569;7.439
6569;6570;2.168
6568;6570;3.871
6564;6571;20.881
6572;6567;11.383
6570;6572;4.222
6572;6573;3.681
6574;6554;17.364
6573;6574;0.818
6502;6575;15.498
6566;6576;13.190
6574;6576;2.946
6568;6577;11.108
6366;6578;28.935
6573;6579;9.219
6572;6580;14.305
6578;6581;2.046
6581;6575;6.454
6581;6582;2.407
6575;6582;2.492
6576;6583;13.811
6542;6584;10.413
6585;6578;8.027
6582;6585;1.770
6586;6576;20.465
6584;6587;0.915
6583;6587;4.746
6585;6588;4.442
6587;6589;21.006
6588;6590;7.283
6591;6590;6.381
6588;6591;18.669
6591;6592;4.750
6589;6593;15.593
6593;6594;8.770
6557;6595;23.186
6590;6596;6.151
6596;6591;18.519
6595;6355;2.809
6597;6592;28.236
6597;6598;5.011
6598;6599;7.940
6592;6599;29.428
6599;6600;4.945
6601;6598;6.249
6601;6600;9.623
6602;6603;16.923
6602;6604;20.984
6600;6605;2.208
6605;6602;6.845
6594;6606;32.853
6596;6607;11.199
6608;6597;13.631
6605;6609;4.553
6608;6610;7.905
6610;6601;6.083
6609;6611;3.610
6612;6610;2.805
6611;6612;5.291
6607;6608;8.309
6606;6613;7.247
6356;6614;5.741
6609;6615;6.374
6616;6615;8.978
6602;6616;13.582
6616;6617;28.157
6618;6611;8.374
6618;6619;4.279
6615;6619;2.178
6612;6620;8.434
6620;6618;5.248
6621;6610;8.647
6621;6620;2.721
6608;6622;10.175
6622;6621;8.474
6619;6623;4.242
6624;6622;3.980
6625;6616;9.237
6626;6621;6.184
6618;6626;9.869
6613;6627;7.423
6628;6627;2.150
6629;6624;11.092
6626;6629;3.299
6623;6629;14.199
6623;6630;5.045
6624;6631;6.067
6630;6632;4.149
6630;6632;10.335
6631;6633;4.101
6629;6633;5.686
6634;6635;4.334
6631;6635;7.599
6636;6635;3.668
6633;6636;5.658
6614;6637;3.837
6607;6637;9.174
6616;6638;16.776
6617;6381;20.486
6632;6639;3.725
6638;6639;3.506
6627;6640;7.453
6641;6636;4.660
6642;6643;2.805
6638;6644;9.971
6382;6642;11.583
6643;6628;35.990
6639;6645;5.114
6635;6646;7.846
6646;6647;6.985
6647;6648;3.539
6648;6649;2.108
6633;6649;10.056
6649;6645;13.404
6635;6650;12.508
6651;6642;5.905
6643;6651;3.457
6651;6628;11.646
6640;6651;19.230
6640;6652;6.727
6653;6649;5.124
6646;6654;6.386
6655;6647;6.615
6655;6648;6.758
6653;6655;4.775
6654;6656;5.860
6655;6656;3.480
6657;6653;2.877
6657;6658;10.855
6645;6658;9.579
6637;6659;6.417
6650;6659;9.546
6660;6661;15.188
6658;6660;5.601
6651;6662;14.977
6652;6662;4.520
6663;6657;1.719
6664;6642;21.406
6664;6651;6.232
6656;6663;18.362
6660;6665;5.112
6650;6666;13.400
6654;6667;9.315
6665;6668;5.852
6665;6669;2.377
6670;6663;6.184
6658;6670;11.795
6659;6671;3.510
6672;6664;6.205
6662;6672;7.520
6670;6673;9.676
6674;6671;4.538
6672;6675;19.240
6676;6674;8.184
6384;6676;2.394
6675;6677;8.825
6677;6678;3.125
6676;6679;21.342
6679;6677;20.867
6679;6680;5.746
6678;6680;11.414
6680;6383;16.652
6680;6681;9.131
6678;6681;6.713
6682;6676;49.222
6681;6682;7.314
6683;2815;20.726
6682;6684;28.131
6684;6345;9.113
6346;6685;1.983
6358;6683;123.499
6360;6357;5.509
6686;6687;3.035
6688;6686;10.678
6688;6689;8.579
6689;6691;4.913
6692;6693;4.004
6694;6691;4.389
6695;6359;15.783
6691;6695;4.371
6696;6697;31.871
6694;6698;5.377
6698;6692;3.574
6689;6699;12.630
6700;6699;11.619
6701;6694;4.889
6701;6702;3.654
6702;6698;2.437
6692;6703;7.219
6703;6699;4.474
6702;6704;3.914
6704;6703;4.464
6697;6690;74.525
6705;6696;27.625
6706;6695;1.288
6706;6701;11.149
6701;6707;6.348
6699;6708;5.610
6685;6709;46.550
6699;6710;12.857
6710;6700;16.218
6711;6708;2.511
6701;6712;9.389
6704;6712;7.171
6710;6713;1.863
6713;6714;3.527
6712;6715;3.577
6705;6716;4.530
6717;6712;5.222
6718;6719;8.141
6708;6720;7.042
6709;6721;1.389
6713;6722;6.122
6716;6723;3.481
6687;6724;28.281
6719;6725;2.683
6723;6726;1.645
6725;6727;1.636
6726;6728;1.185
6729;6719;7.034
6727;6729;3.866
6730;6724;2.209
6730;6731;6.222
6729;6732;8.568
6733;6727;2.350
6733;6734;1.622
6716;6735;12.090
6736;6730;1.075
6732;6736;3.362
6737;6738;7.567
6725;6739;16.883
6728;6739;5.072
6740;6733;3.456
6739;6740;0.847
6741;6736;2.206
6741;6732;4.794
6742;6728;7.881
6743;6734;4.221
6740;6743;0.445
6744;6741;0.740
6745;6726;9.858
6723;6745;13.437
6746;6744;1.454
6734;6746;10.266
6743;6746;1.780
6747;6748;2.412
6738;6747;5.342
6746;6749;1.207
6748;6750;5.030
6751;6752;45.427
6753;6749;8.057
6753;6740;6.183
6750;6754;3.118
6748;6754;3.417
6745;6755;7.835
6756;6744;4.621
6757;6756;4.394
6749;6757;3.165
6758;6759;8.566
6760;6753;5.164
6756;6761;5.659
6754;6762;8.672
6747;6762;7.034
6762;6738;14.027
6762;6758;4.093
6763;6764;6.878
6721;6763;6.706
6763;6329;0.373
6762;6765;1.777
6757;6766;3.163
6765;6767;4.093
6767;6758;2.933
6766;6760;13.153
6768;6760;4.711
6750;6769;6.310
6765;6769;11.605
6770;6766;2.542
6767;6771;2.807
6771;6772;18.495
6773;6774;3.862
6775;6776;4.100
6777;6773;1.352
6776;6778;6.702
6330;6778;0.791
6769;6779;4.967
6780;6752;5.873
6781;6779;7.065
6782;6781;2.089
6765;6782;9.539
6783;6765;9.443
6783;6782;6.630
6784;6780;1.400
6779;6784;3.396
6785;6786;4.858
6786;6773;9.900
6787;6777;7.280
6776;6787;8.409
6788;6783;2.558
6771;6788;8.302
6789;6788;4.112
6336;6789;0.744
6790;6784;2.810
6790;6781;6.687
6786;6791;9.374
6787;6791;5.527
6792;6335;0.806
6789;6790;6.056
6792;6793;7.155
6794;6795;10.125
6795;6796;2.579
6795;6797;3.449
6796;6798;7.308
6798;6791;7.126
6791;6799;11.137
6798;6800;1.902
6800;6799;7.111
6799;6801;0.767
6793;6802;3.316
6801;6803;3.101
6778;6803;7.218
6803;6804;3.434
6804;6805;7.354
6806;6805;5.739
6797;6807;3.906
6803;6808;1.118
6809;6808;1.566
6808;6810;1.659
6804;6810;5.056
6801;6811;4.343
6811;6809;1.349
6809;6812;2.468
6808;6812;0.637
6805;6813;5.621
6800;6814;6.889
6814;6811;7.343
6796;6815;12.111
6815;6814;5.825
6812;6816;0.973
6810;6816;4.141
6810;6817;9.316
6817;6813;5.171
6813;6818;7.556
6816;6819;6.175
6819;6817;4.810
6815;6820;7.145
6818;6821;13.041
6797;6822;23.206
6821;6823;11.560
6824;6825;10.629
6816;6824;3.826
6826;6818;11.587
6827;6826;5.055
6826;6821;15.095
6819;6828;12.075
6824;6829;1.597
6829;6828;6.065
6828;6827;6.763
6827;6830;2.700
6829;6831;2.845
6362;6706;60.065
6832;6695;104.439
6833;6832;27.446
6834;6833;6.715
6835;6361;11.360
6836;6835;1.224
6837;6834;45.232
6838;6837;19.795
6839;6838;16.219
6840;6841;7.131
6842;6843;15.752
6839;6842;8.157
6844;6842;4.767
6845;6840;9.705
6842;6845;3.229
6846;6840;9.670
6845;6846;2.340
6847;6848;2.353
6848;6849;7.747
6850;6848;3.148
6846;6851;5.309
6852;6853;2.993
6854;6851;1.638
6855;6846;8.329
6856;6857;4.318
6853;6856;2.534
6848;6858;10.227
6851;6858;3.108
6854;6859;6.339
6858;6859;4.138
6856;6860;1.324
6861;6852;7.515
6859;6862;3.615
6862;6854;5.426
6855;6862;14.300
6858;6861;2.002
6860;6863;1.178
6853;6864;8.191
6865;6861;2.581
6865;6866;3.961
6867;6855;9.205
6862;6868;4.578
6859;6869;7.659
6868;6869;2.824
6870;6865;4.512
6869;6870;4.492
6868;6871;3.592
6871;6867;14.082
6863;6872;5.777
6802;6873;55.229
6874;6863;8.921
6852;6875;20.219
6876;6872;4.756
6876;6874;9.504
6870;6877;7.228
6878;6879;11.909
6872;6878;10.111
6880;6867;11.834
6876;6881;10.405
6868;6882;11.154
6880;6883;8.855
6874;6884;10.132
6871;6885;15.176
6881;6886;4.705
6887;6880;8.675
6888;6889;9.876
6881;6890;10.663
6874;6891;13.018
6892;6888;5.066
6878;6892;7.772
6890;6892;6.968
6884;6893;6.458
6894;6886;4.013
6891;6894;8.150
6886;6890;13.156
6895;6891;8.719
6884;6895;5.753
6894;6896;5.804
6888;6897;7.384
6890;6897;13.262
6898;6879;20.026
6895;6899;4.415
6897;6900;16.238
6901;6896;9.240
6901;6899;5.370
6899;6902;6.387
6903;6902;5.685
6904;6901;3.985
6905;6906;5.705
6896;6905;8.718
6901;6905;10.077
6894;6907;18.783
6905;6907;7.106
6908;6897;11.420
6907;6908;11.219
6908;6909;2.401
6902;6910;10.613
6909;6911;13.594
6909;6912;3.038
6911;6913;5.178
6914;6911;6.449
6873;6915;18.747
6916;6831;76.545
6915;6917;26.824
6918;6898;119.072
6917;6919;4.054
6920;6921;8.375
6920;6922;4.806
6923;6920;4.594
6919;6923;5.849
6924;6925;5.511
6919;6367;2.406
6925;6926;4.517
6927;6926;1.613
6925;6928;15.026
6929;6927;11.206
6923;6929;5.399
6926;6930;5.440
6931;6929;5.715
6927;6932;6.980
6929;6932;2.331
6932;6933;2.703
6934;6935;6.249
6933;6934;2.948
6934;6936;2.714
6928;6937;18.281
6936;6937;9.025
6937;6938;2.120
6939;6933;10.287
6939;6940;3.419
6941;6939;1.718
6929;6941;22.351
6938;6942;6.556
6942;6943;10.604
6944;6942;3.133
6938;6944;7.265
6936;6944;6.430
6945;6941;5.071
6945;6946;2.546
6946;6947;9.094
6942;6948;6.203
6946;6949;3.999
6950;6945;12.975
6368;6951;10.155
6947;6952;10.978
6953;6954;4.348
6947;6953;9.781
6955;6956;1.149
6953;6955;5.489
6944;6957;7.391
6955;6958;11.933
6959;6916;35.994
6960;6957;11.040
6961;6918;35.313
6370;6959;9.482
6962;6369;3.671
6951;6963;18.352
6963;6962;0.254
6964;6960;6.854
6965;6966;5.353
6967;6965;7.934
6967;6964;21.986
6968;6966;7.624
6969;6966;8.608
6969;6967;10.182
6968;6970;8.364
6971;6970;7.967
6972;6969;9.867
6970;6973;6.770
6974;6970;5.208
6972;6974;6.243
6972;6975;2.741
6974;6976;1.772
6974;6977;5.649
6978;6975;6.174
6964;6978;15.215
6975;6979;13.635
6980;6979;5.932
6978;6980;5.925
6979;6981;12.962
6980;6981;4.929
6981;6982;3.318
6983;6984;8.252
6354;6982;8.400
6985;6983;11.042
6986;6983;11.977
6987;6988;5.162
6989;6987;16.287
6986;6987;3.340
6990;6991;6.727
6985;6992;3.765
6993;6990;5.394
6993;6985;3.937
6994;6993;6.250
6995;6990;7.432
6995;6994;1.768
6996;6997;9.202
6995;6996;17.574
6998;6986;14.442
6987;6998;17.401
6999;6994;16.747
7000;6999;5.545
7000;6998;3.469
7001;7000;5.513
7002;6959;24.346
7003;7004;3.797
7005;7000;4.898
7005;7003;7.866
7003;7006;3.515
7007;6961;63.768
7008;6353;8.891
7009;7010;4.265
7010;7005;10.325
7010;7011;2.189
7010;7012;3.331
7012;7013;2.210
7013;7014;1.871
7014;7015;1.048
7015;7007;11.727
7016;7009;17.927
2818;7008;28.180
7017;7016;23.671
7018;7017;11.160
7019;7020;10.678
7021;7019;14.914
7022;7023;8.218
7022;7024;12.862
7019;7025;19.746
7026;7025;10.196
7026;7022;7.796
7025;7027;8.594
7028;7026;7.809
7028;7027;10.788
7029;7019;28.721
7030;7029;30.795
7027;7030;6.911
7030;7031;11.227
7031;7028;6.285
7032;7029;12.194
7033;7030;3.610
7033;7034;4.181
7034;7031;8.443
7032;7035;13.837
7035;6327;4.724
7036;6388;9.050
7037;7032;20.711
7037;7038;13.848
7038;7033;12.031
7038;7039;4.807
7039;7040;4.168
7034;7040;7.973
7041;7040;6.530
7036;7041;9.039
7036;7042;8.415
6388;7042;11.725
7043;7044;12.362
7043;6331;10.760
6331;7035;5.149
7042;7045;2.427
7046;7041;16.875
7042;7046;3.386
7047;7041;5.294
7037;7048;20.988
7048;7039;7.469
7048;7047;7.472
7049;7046;7.871
7050;7049;5.061
7051;7047;14.959
7049;7051;7.544
7052;7050;3.764
7050;7053;1.308
7054;7052;16.853
7055;7049;2.845
7056;7018;92.087
7057;7052;1.870
7058;7043;19.557
7051;7055;16.320
6332;7059;17.284
7060;7059;7.912
7061;7055;16.317
7062;7060;13.238
7063;7064;10.390
7035;7065;25.532
7065;7066;7.344
7066;7067;8.452
7058;7063;18.461
7068;7061;11.419
7066;7069;3.413
7069;7061;11.226
7070;7068;5.241
7071;7062;39.743
7072;6328;78.426
6328;7060;16.828
7064;7002;65.067
7073;6337;3.964
7059;7074;65.080
7072;7075;6.965
7075;7072;6.379
7073;7076;4.013
7077;7074;2.473
7076;7056;60.070
7078;7079;26.740
7078;7080;38.737
7069;7081;11.844
7068;7081;24.804
7081;7082;5.598
7081;7083;2.439
7084;7078;10.533
7083;6333;5.310
7085;7084;8.795
6334;7075;42.722
7086;7085;5.739
7087;7088;27.461
7088;7085;6.749
7083;6326;1.871
6325;7073;16.104
7089;7090;8.799
7089;6334;6.705
7091;7092;21.754
7093;7086;18.373
7062;7089;117.536
7091;7094;7.263
7094;7077;16.879
7095;7089;9.689
7096;7089;15.483
7092;7097;34.766
7098;7093;21.089
7097;7099;89.263
7099;7100;1.261
7101;7093;53.271
7100;7101;16.148
7102;7098;5.574
6325;7103;17.228
7104;7105;9.106
7106;7104;11.700
7106;7102;14.312
7107;7106;2.772
7108;7107;4.812
7107;7109;2.270
7110;7097;37.008
7111;7102;23.085
7112;7111;4.792
7113;7112;5.268
7113;7101;24.253
7114;7113;13.038
7115;7104;14.640
7115;7106;6.783
7111;7115;12.165
7115;7116;8.208
7112;7116;13.812
7113;7117;9.677
7116;7118;2.067
7115;7119;11.881
7120;7110;14.676
7118;7121;10.527
7119;7122;5.195
7119;7121;7.660
7123;7121;7.271
7118;7123;10.743
7123;7124;8.496
7125;7087;71.355
7126;7125;10.510
7103;6339;37.373
7127;7126;91.547
6340;6347;9.718
7128;7127;15.156
6348;6341;2.573
2862;7128;21.316
6342;6349;1.811
6350;7129;0.337
7129;6343;2.099
225;2864;1.385
7130;2863;19.565
2865;7130;6.975
7131;7132;3.811
7131;7133;12.864
6344;7134;2.946
7135;7131;7.781
7136;7131;14.499
7137;7135;11.143
7137;7138;11.125
7139;7136;15.031
7139;7136;9.933
7140;7141;6.746
7140;7139;6.990
7142;7140;7.406
7135;7142;14.420
7142;7137;12.968
7143;7142;7.427
7143;7144;5.518
7144;7142;7.016
7134;7145;7.207
7146;7139;7.961
7146;7143;8.129
7147;7148;9.743
7145;6377;0.724
7149;7146;4.827
7150;7149;2.906
6378;6375;7.675
7144;7151;4.009
7152;7153;14.982
7153;7150;3.365
7154;7146;6.841
7148;7155;61.545
7145;7156;3.668
6376;7157;12.266
7155;7152;78.659
7157;7158;41.602
7156;7159;32.049
7158;7147;169.990
7159;7160;91.049
7160;7161;4.469
7161;7162;2.593
7162;7160;13.545
7163;7161;2.723
7164;7163;1.835
7162;7164;1.745
7161;7165;3.310
7163;7165;9.905
7164;7166;31.157
7166;6351;3.185
6352;7167;2.984
7167;7168;3.243
7165;7169;63.996
7169;7170;73.512
7170;7171;1.018
7171;7172;6.995
7168;7173;81.405
7172;7174;5.258
7175;7176;9.419
7177;7175;2.344
7177;7178;2.435
7174;7179;4.640
7180;7177;4.869
7180;7181;4.768
7182;7180;4.444
7183;7182;6.685
7184;7185;8.345
7181;7184;5.217
7181;7186;3.694
7182;7186;7.330
7187;7182;5.888
7179;7187;4.958
7188;7187;5.328
7189;7186;3.413
7189;7188;3.489
7189;7184;8.273
7187;7190;1.087
7190;7188;6.788
7190;7191;2.518
7190;7192;5.554
7190;7193;14.919
7191;7194;8.315
7194;7195;2.330
7195;5388;14.449
7196;3187;0.702
5385;5386;0.742
5384;7192;108.834
7198;7199;1.052
7200;7201;1.755
7202;7203;2.473
7204;7205;28.604
7206;7207;21.854
7205;7207;7.000
7207;7208;7.289
7205;7209;11.415
7208;7210;5.651
7209;7210;11.751
7211;7212;39.260
7213;7212;5.000
7212;7214;2.507
7211;7215;18.060
7213;7215;5.016
7216;7208;13.621
7214;7213;5.277
7201;7216;1.720
7217;7214;3.366
7200;7217;6.029
7217;7218;2.013
7210;7219;10.552
7215;7220;5.085
7220;7218;4.991
7219;7221;5.474
7219;7222;5.714
7209;7222;4.989
7223;7216;5.809
7221;7223;4.500
7218;7224;4.898
7225;7220;11.262
7222;7198;4.808
7221;7223;25.960
7225;7224;23.665
7199;7226;0.354
7226;7227;4.323
7224;7202;20.892
7203;7228;4.076
7226;7228;32.250
7228;7229;7.754
7229;7230;4.161
7227;7231;14.258
7231;7232;13.563
7232;128;71.962
7233;7234;26.017
11;7234;5.765
7235;6836;121.289
7236;7237;3.165
7237;7238;1.022
7239;7235;2.933
7239;7240;0.315
7238;7241;4.081
7240;7241;0.670
7241;7242;2.458
7243;7244;10.709
7237;7243;18.330
7243;7245;2.285
7242;7246;9.030
7247;7248;2.176
7245;7247;5.512
7249;7245;5.559
7242;7249;5.694
7249;7250;0.288
7251;7252;5.159
7251;7247;3.274
7253;7251;3.029
7254;7255;3.643
7255;7256;2.694
7256;7257;1.695
7257;7258;6.672
7253;7259;13.815
7253;7259;7.840
7250;7260;6.695
7254;7261;3.933
7261;7256;3.134
7262;7263;1.743
7250;7264;4.178
7265;7262;2.560
7259;7265;3.937
7265;7266;2.010
7254;7267;12.049
7264;7268;4.791
7266;7269;1.840
7270;7257;6.962
7262;7271;8.780
7261;7270;8.901
7264;7272;3.537
7273;7270;1.792
7274;7273;4.042
7272;7275;0.546
7266;7276;5.989
7275;7276;0.282
7276;7277;0.805
7272;7278;6.471
7273;7279;5.734
7275;7280;16.580
7281;7282;10.531
7283;7284;6.513
7283;7281;2.204
7285;7282;8.320
7285;7286;9.317
7281;7287;4.938
7287;7285;4.211
7288;7283;4.671
7289;7287;5.326
7290;7289;3.107
7289;7291;2.759
7291;7292;8.974
7293;7288;3.335
7293;7290;1.726
7288;7294;16.589
7295;7291;3.553
7296;7290;4.232
7296;7295;0.644
7297;7298;9.783
7299;7293;2.696
7295;7300;3.989
7300;7297;4.150
7301;7297;6.112
7299;7302;4.391
7302;7296;9.645
7303;7300;4.497
7304;7302;1.081
7303;7305;3.439
7306;7304;2.961
7306;7303;6.688
7307;7308;4.296
7309;7310;3.423
7309;7299;4.662
7311;7312;4.365
7311;7307;3.854
7308;7313;4.604
7313;7309;1.038
7314;7313;0.748
7315;7304;8.630
7315;7306;8.477
7308;7316;4.545
7316;7314;0.496
7317;7311;3.064
7318;7317;2.634
7319;7315;6.439
7314;7319;6.380
7317;7320;5.015
7320;7316;1.217
7315;7321;5.842
7321;7306;15.028
7322;7319;3.782
7321;7322;5.955
7322;7320;15.483
7323;7320;7.890
7324;7323;6.746
7324;7325;8.555
7325;7326;3.338
7325;7327;2.025
7328;7324;12.188
7329;7328;3.752
7330;7329;5.388
7329;7331;8.532
7331;7330;6.749
7332;7277;65.950
7333;7330;8.196
7334;7331;8.110
7328;7335;35.402
7336;7333;3.411
7337;7334;7.120
7338;7337;2.816
7336;7338;3.069
7339;7334;6.008
7337;7340;4.848
7341;7336;8.317
7339;7342;4.810
7343;7339;5.214
7343;7344;7.836
7345;7323;13.896
7345;7346;1.429
7346;7343;5.541
7346;7347;7.757
7348;7332;8.938
7349;7348;3.832
7350;7345;7.349
3284;7349;1.603
7351;7350;17.776
7352;7351;9.190
7353;7352;46.025
3298;7353;30.376
7234;7354;3.883
7354;7355;1.562
7356;7357;12.117
7356;7358;10.802
7359;4569;14.628
7359;7360;2.053
7360;7358;30.331
7361;7362;74.895
7357;7362;23.672
7363;7364;2.271
7365;7366;4.613
7365;7363;6.700
7363;7367;19.317
7367;7368;9.023
7369;7370;9.890
7370;7371;5.601
7371;7365;7.264
7372;7370;3.081
7371;7373;10.267
7367;7374;8.245
7375;7376;6.078
7375;7372;6.172
7373;7377;6.612
7377;7374;9.269
7374;7378;1.073
7379;7375;1.640
7372;7380;6.299
7378;7381;11.490
7380;7379;7.910
7381;7382;5.950
7382;7383;5.808
7379;7384;4.105
7378;7385;2.882
7386;7380;8.700
7373;7386;8.178
7387;7386;1.784
7382;7388;6.025
7388;7389;12.669
7381;7390;5.015
7391;7377;11.108
7385;7391;3.380
7362;7392;15.369
7388;7393;1.281
7394;7390;4.046
7382;7394;7.423
7384;7395;9.842
7396;7385;8.525
7390;7396;4.814
7387;7397;5.521
7398;7387;6.599
7399;7400;2.126
7397;7399;2.443
7401;7391;5.958
7397;7402;5.675
7402;7398;1.944
7396;7403;5.013
7403;7394;5.977
7404;7393;6.683
7399;7405;1.872
7406;7398;4.975
7402;7407;1.631
7408;7406;7.582
7401;7408;4.183
7404;7409;8.245
7393;7409;10.282
7410;7411;1.830
7406;7410;3.129
7412;7409;4.832
7389;7412;14.130
7403;7413;6.032
7414;7404;6.730
7408;7415;4.659
7416;7401;11.757
7413;7416;1.545
7417;7413;3.522
7417;7414;2.185
7414;7418;2.980
7412;7419;7.149
7410;7420;18.930
7421;7417;9.446
7422;7421;3.030
7419;7423;10.335
7423;7424;5.477
7419;7424;3.677
7424;7425;4.960
7419;7425;6.962
7425;7426;1.882
7416;7421;24.269
7421;7427;5.617
7427;7423;6.020
7426;7428;5.125
7427;7429;1.690
7429;7430;3.170
7429;7431;4.588
7431;7432;5.285
7426;7432;12.380
7431;7433;2.876
7392;7434;10.812
7434;7435;9.061
7435;7436;7.685
7436;7437;45.116
7437;7438;30.465
7439;7440;38.305
7441;7442;22.340
7443;7444;0.502
7445;7446;1.620
7447;7448;3.002
7449;7450;0.917
7451;7452;0.889
7453;7454;2.125
7455;7449;9.733
7450;7456;29.342
7456;7457;8.775
7457;7451;23.733
7458;7459;6.500
7460;7461;1.844
7461;7458;19.162
7462;7463;11.441
7452;7464;23.954
7465;7463;7.006
7463;7466;9.087
7466;7467;4.458
7468;7469;5.546
7468;7470;8.497
7466;7470;10.872
7471;7472;5.112
7472;7468;3.006
7470;7473;0.832
7474;7473;23.758
7475;7476;6.798
7477;7478;12.034
7477;7475;9.915
7479;7477;3.420
7479;7471;9.976
7479;7480;2.054
7481;7482;7.856
7475;7482;5.225
7483;7472;10.572
7473;7483;12.679
7482;7484;1.425
7485;7479;9.146
7486;7480;7.466
7486;7483;1.422
7484;7487;6.649
7487;7444;0.514
7459;7488;38.636
7489;7484;5.074
7490;7486;2.520
7491;7443;3.918
7492;7493;7.466
7480;7493;12.067
7493;7494;2.008
7495;7491;1.598
7496;7489;4.768
7496;7497;7.286
7494;7497;3.437
7498;7495;0.758
7494;7499;12.367
7499;7486;15.930
7500;7490;3.690
7501;7487;9.024
7501;7489;6.800
7502;7501;1.150
7503;7499;4.043
7503;7490;8.898
7500;7504;4.213
7505;7500;2.222
7502;7506;4.626
7506;7496;7.206
7497;7507;5.995
7503;7505;13.214
7508;7503;6.983
7507;7508;12.285
7509;7510;3.525
7509;7502;5.945
7508;7511;1.951
7512;7509;5.296
7512;7506;6.411
7513;7512;4.624
7514;7513;0.686
7507;7514;10.439
7515;7505;14.529
7514;7516;3.901
7513;7517;6.771
7518;7517;2.681
7519;7509;10.452
7519;7518;2.940
7520;7519;3.947
7504;7521;10.296
7522;7519;9.652
7464;7523;20.388
7524;7522;2.651
7488;7525;14.607
7525;7498;9.880
7523;7526;4.980
7526;7527;5.153
7527;7528;14.620
7527;7529;1.465
7529;7530;10.420
7529;7531;0.381
7531;7532;3.035
7532;7533;6.521
7534;7529;10.913
7532;7535;5.258
7535;7536;1.435
7536;7535;12.460
7537;7538;7.351
7536;7539;1.496
7537;7539;7.978
7537;7540;6.550
7540;7541;11.783
7542;7531;32.718
7543;7542;5.466
7539;7544;2.926
7540;7545;10.178
7546;7539;12.689
7546;7544;3.205
7544;7547;1.263
7547;7540;13.419
7548;7460;78.311
7549;7546;2.875
7550;7542;6.637
7550;7549;6.716
7551;7548;1.143
7552;7545;11.086
7553;7550;7.112
7553;7549;8.037
7547;7554;4.788
7554;7552;3.771
7521;7555;24.847
7556;7551;5.933
7446;7556;0.904
7557;7553;3.168
7545;7558;17.976
7559;7552;9.668
7560;7561;9.593
7560;7557;7.431
7558;7562;3.134
7559;7558;11.297
7554;7563;3.160
7563;7559;5.990
7563;7564;0.640
7557;7565;9.182
7565;7554;5.913
7565;7566;0.586
7562;7567;8.165
7568;7562;8.328
7568;7567;8.443
7569;7560;10.646
7569;7566;2.245
7566;7570;5.700
7570;7571;3.766
7571;7564;13.597
7572;7568;5.884
7564;7573;4.068
7572;7573;8.013
7574;7569;4.256
7574;7570;7.279
7573;7575;0.524
7576;7445;10.791
7571;7575;19.919
7577;7572;12.462
7567;7577;11.907
7577;7578;13.581
7579;7577;2.963
7576;7579;13.493
7575;7580;2.687
7581;7580;10.021
7582;7574;12.474
7583;7569;6.909
7580;7584;2.044
7584;7585;0.800
7586;7583;9.467
7584;7587;0.835
7587;7588;0.465
7589;7590;12.509
7589;7583;9.877
7591;7592;8.554
7591;7589;3.581
7593;7591;4.791
7593;7594;4.917
7555;7595;14.620
7595;7596;18.140
7596;7597;1.800
7597;7598;2.754
7598;7599;34.110
7599;7600;1.201
7594;7601;26.439
7600;7602;20.607
7602;7603;0.318
7601;7604;23.082
7603;7605;22.050
7604;7606;19.521
7606;7607;59.491
7607;7608;2.315
7608;7609;14.411
7609;7610;56.613
7610;7611;2.849
7610;7612;3.241
7613;7614;0.812
7588;7614;120.689
7614;7615;1.985
7616;7617;7.146
7613;7618;9.940
7619;7616;8.578
7620;7616;3.752
7618;7621;5.400
7622;7619;6.494
7622;7623;16.284
7624;7622;1.066
7621;7624;2.466
7625;7626;3.481
7625;7627;13.598
7628;7619;9.784
7624;7628;1.294
7628;7629;0.682
7615;7453;22.831
7630;7631;6.578
7632;7625;7.164
7632;7630;6.308
7633;7634;13.800
7629;7633;2.148
7633;7635;1.930
7636;7621;12.087
7637;7638;12.483
7454;7639;14.244
7630;7640;10.025
7629;7641;9.663
7641;7642;2.522
7643;7637;7.090
7635;7644;3.824
7641;7645;13.645
7643;7646;0.563
7646;7647;5.679
7648;7649;3.973
7644;7648;1.747
7650;7632;18.353
7651;7652;2.381
7650;7652;0.861
7653;7640;10.828
7653;7650;8.163
7654;7643;1.827
7655;7642;4.803
7656;7653;4.016
7656;7637;12.870
7646;7657;3.395
7657;7658;7.471
7659;7656;1.593
7654;7659;2.907
7642;7660;12.718
7648;7661;2.684
7635;7662;8.632
7660;7662;3.744
7657;7663;1.475
7664;7659;1.404
7663;7661;2.162
7665;7654;2.253
7666;7660;6.057
7667;7664;6.932
7667;7665;1.877
7668;7667;1.862
7661;7669;6.702
7670;7669;2.424
7671;7644;16.945
7662;7671;9.801
7611;7672;22.085
7673;7668;8.958
7673;7665;13.273
7674;7664;12.088
7675;7673;1.796
7675;7663;11.844
7676;7662;10.011
7671;7677;3.707
7678;7677;4.130
7678;7676;7.752
7679;7676;1.406
7669;7680;5.041
7677;7680;7.020
7679;7678;7.379
7680;7675;13.255
7681;7675;19.590
7681;7680;7.908
7682;7681;0.582
7683;7668;22.360
7672;7684;6.634
7685;7679;17.743
7639;7686;25.411
7684;7687;9.607
7612;7688;32.551
7687;7689;11.576
7690;7651;98.694
7689;7691;6.143
7692;7690;16.192
7693;7692;0.818
7691;7693;16.531
7688;7694;12.820
7694;7441;70.690
7442;7695;1.160
7448;7696;6.208
7697;7698;16.044
7699;7697;3.168
7695;7700;11.697
7701;7447;21.332
7701;7699;9.676
7702;7700;1.633
7703;7699;9.295
7704;7703;3.684
7705;7701;2.807
7705;7704;0.595
7702;7706;4.449
7707;7703;0.954
7697;7707;16.610
7702;7708;1.739
7709;7707;8.235
7708;7709;1.276
7710;7708;17.595
7709;7711;3.525
7712;7713;11.581
7712;7714;4.228
7715;7711;11.156
7711;7716;4.848
7716;7715;4.964
7714;7717;15.633
7716;7717;1.096
7717;7718;1.144
7719;7720;13.738
7720;7712;14.112
7720;7718;14.609
7715;7721;17.500
7721;7722;6.400
7723;7722;6.017
7718;7724;3.991
7724;7723;7.664
7724;7725;0.515
7726;7725;5.331
7727;7726;3.281
7727;7723;5.170
7728;7727;8.760
7722;7728;7.082
7729;7726;3.055
7729;7730;1.524
7731;7729;1.503
7725;7732;8.325
7733;7728;7.110
7733;7734;8.016
7735;7733;1.833
7736;7737;14.141
7736;7738;10.777
7735;7736;2.174
7739;7736;4.167
7739;7740;2.439
7741;7739;3.377
7742;7735;20.524
7743;7741;12.274
7744;7742;5.602
7745;7732;43.275
7746;7233;12.541
7233;7747;10.979
7748;7749;0.917
7750;7751;0.871
7752;7753;1.712
7753;7754;4.397
7754;7755;17.862
7755;7756;12.646
7756;7757;6.867
7757;7758;2.242
7758;7759;1.591
7760;7758;3.871
7759;7760;3.115
7759;7761;3.989
7762;7761;20.750
7763;7764;6.593
7765;7764;4.603
7761;7766;0.734
7767;7760;4.499
7766;7768;4.669
7768;7764;5.889
7768;7769;2.605
7770;7769;4.663
7771;7772;29.376
7773;7772;12.472
7767;7774;13.461
7775;7768;4.537
7767;7776;9.311
7774;7777;2.082
7777;7766;10.398
7760;7776;20.327
7769;7778;4.207
7777;7779;2.610
7775;7779;9.926
7778;7780;1.496
7780;7781;11.965
7782;7774;4.512
7779;7782;1.673
7783;7780;2.535
7772;7783;10.607
7782;7784;9.387
7784;7785;5.504
7779;7785;11.976
7785;7786;3.238
7786;7775;14.730
7786;7778;20.955
7784;7787;2.562
7776;7788;21.640
7787;7788;1.660
7786;7789;4.074
7787;7790;7.032
7786;7790;4.307
7788;7791;3.549
7789;7792;3.597
7791;7793;7.446
7790;7793;6.157
7794;7792;4.315
7793;7795;2.268
7795;7789;9.036
7791;7796;6.256
7792;7797;11.194
7798;7799;8.937
7800;7798;2.982
7801;7802;14.365
7783;7800;70.979
7800;7803;9.631
7803;7804;29.503
7804;7805;21.103
7805;7806;0.998
7806;7807;22.501
7807;7748;0.164
7749;7808;5.321
7808;7809;30.170
7809;7750;2.711
7751;7810;4.577
7810;7811;10.515
7811;7812;19.109
7812;4668;0.924
7801;7813;4.103
7813;10;2.172
7814;7801;4.148
7813;7814;5.485
7815;7816;28.033
7817;7818;19.890
7819;7820;2.209
7821;7822;2.050
7823;7824;6.078
7825;7826;0.899
7827;7828;1.579
7829;7830;0.825
7831;7832;0.882
7833;7834;0.731
7835;7836;0.524
7837;7838;2.008
7839;7840;0.771
7841;7746;1.496
7842;7843;0.493
7844;7845;1.460
7846;7847;1.267
7848;7849;0.851
2868;7850;27.273
2979;7850;5.433
7850;7851;2.991
7851;7852;61.879
7852;7817;41.683
121;7837;10.606
7818;7853;5.396
7853;7854;8.985
7854;7846;1.184
7847;7848;3.873
7854;7855;4.431
7849;7856;0.905
7855;7823;0.781
7856;7857;2.341
7858;7859;2.587
7860;7858;6.169
7859;7860;4.555
7859;7861;3.194
7860;7862;2.630
7861;7862;5.105
7838;7863;22.125
7864;7865;8.547
7865;7866;1.449
7867;7868;9.133
7868;7865;7.784
7868;7869;1.251
7870;7871;4.517
7861;7872;11.597
7869;7872;3.722
7873;7874;7.020
7870;7874;5.494
7869;7875;6.680
7862;7876;15.935
7872;7876;12.151
7824;7877;1.887
7878;7866;20.025
7877;7879;0.282
7878;7880;11.231
7874;7881;10.642
7876;7881;12.229
7872;7882;12.083
7882;7875;8.454
7883;7870;15.822
7884;7882;4.181
7875;7884;16.751
7863;7885;6.356
7866;7886;25.107
7881;7887;8.749
7884;7888;4.854
7888;7886;8.411
7889;7884;5.971
7883;7887;16.932
7890;7889;2.317
7888;7890;5.831
7876;7891;17.508
7891;7889;6.033
7892;7883;12.123
7886;7893;4.642
7893;7878;15.141
7894;7895;7.324
7894;7891;10.289
7893;7896;1.362
7887;7897;6.310
7897;7894;2.736
7896;7898;3.075
7898;7896;14.133
7890;7899;10.595
7898;7900;4.900
7899;7901;12.890
7879;7902;8.603
7902;7903;1.080
7904;7903;4.511
7885;7905;23.937
7906;7904;32.699
7903;7907;24.543
7907;7908;0.173
7909;7910;59.264
7910;7911;55.379
7911;7912;10.355
7440;7906;40.726
7905;7913;27.531
7914;7915;2.166
7915;7839;0.583
7912;7914;13.241
4741;7916;3.508
7913;7841;3.001
7747;7909;14.508
7908;7917;25.884
7840;7439;22.289
11;7918;6.985
7354;7918;6.319
10;7919;13.335
7919;7918;0.768
7814;7920;14.570
7920;7919;5.609
7921;7920;2.448
7355;7922;13.830
7921;7923;7.588
7923;7355;13.668
7924;7922;4.829
7923;7925;2.331
7925;7924;10.342
7926;7921;15.606
7925;7927;4.979
7922;7928;9.561
7924;7929;8.478
7928;7929;0.832
7927;7930;13.270
7929;7930;3.809
7930;7931;9.061
7932;7927;35.681
7917;7933;31.056
7933;7825;1.519
7826;7934;21.820
7916;7935;78.726
7934;7936;43.405
7935;7937;36.873
7936;7827;5.694
7937;7938;12.881
7938;7939;18.435
7828;7829;16.496
7940;7842;0.439
7845;7940;2.019
7941;7844;0.520
7939;7941;21.820
7843;7942;2.124
7942;7943;8.973
125;7944;5.880
7943;7945;3.546
7830;7946;28.718
7946;7947;0.512
7947;7948;5.646
7945;7948;26.191
7948;7949;0.694
7944;7950;52.270
7951;7952;28.129
7952;7953;37.788
7954;7955;29.663
7950;7956;26.078
7953;7957;21.304
7958;7959;57.207
7956;7960;5.846
7961;7951;41.884
7953;7961;10.039
7960;7962;0.638
7963;7964;29.451
7959;7965;9.072
7965;7966;39.228
7963;7965;12.091
7967;7959;11.650
7965;7967;11.477
7968;7961;15.601
7968;7969;18.477
7962;7970;14.643
7970;7971;1.993
7949;7972;60.413
7973;7968;14.284
7974;7967;40.436
7971;7975;14.257
7975;7976;0.635
7977;7974;8.287
7973;7978;19.522
7978;7977;1.819
7979;7972;17.910
7980;7977;4.719
7974;7980;8.808
7981;7979;5.041
7965;7982;44.504
7980;7978;9.765
7963;7983;49.050
7983;7984;22.877
7985;7986;4.276
7973;7987;36.197
7987;7985;13.745
7985;7988;3.799
7980;7989;20.582
7972;7990;25.023
7991;7987;3.198
7992;7982;20.446
7989;7993;5.625
7982;7993;13.438
7993;7992;0.789
7994;7988;9.580
7990;7995;1.848
7986;7996;11.799
7983;7997;19.634
7995;7997;1.257
7998;7991;4.178
7999;7983;17.878
8000;7994;8.378
7988;8000;5.918
8001;7996;5.257
8001;7989;11.797
8002;8000;3.504
8002;7986;9.076
8003;8002;3.918
7996;8003;3.317
8004;7998;1.576
8004;7994;9.359
8005;7992;8.497
8005;7999;4.219
8000;8006;2.719
8007;8004;2.032
8006;8007;11.773
7976;8008;20.000
8009;8006;3.732
7999;8010;7.328
8011;8009;1.389
8012;8007;2.434
8013;8012;1.058
8013;8011;6.254
8014;8015;15.097
8015;8014;5.841
8003;8016;7.146
8015;8017;1.778
8018;8005;8.488
8010;8018;4.512
8006;8019;5.988
8019;8016;7.012
8020;8021;4.680
8016;8022;1.513
8022;8021;3.812
8023;8001;9.788
8024;7990;12.675
8024;7981;32.826
8021;8023;5.951
8025;8023;1.199
8025;8014;6.521
8017;8026;7.828
8027;8026;2.764
8018;8027;3.429
8028;8025;1.694
8014;8028;5.892
8009;8029;6.751
8030;8029;1.632
8019;8030;2.533
8031;8011;6.790
8032;8013;5.371
8032;8031;3.660
8010;8033;9.021
7997;8033;9.240
8034;8035;22.468
7831;8034;3.178
8036;8017;4.667
8029;8037;1.773
8035;8038;9.616
8039;8031;1.978
8037;8039;4.818
8028;8040;7.212
8036;8040;4.002
8041;8030;5.728
8036;8042;6.457
8026;8042;7.232
8043;8024;5.521
7832;8043;23.549
8008;8044;10.848
8040;8045;5.173
8045;8046;0.741
8042;8046;2.056
8047;8041;4.152
8022;8047;9.971
8046;8048;1.995
8027;8048;10.753
8028;8049;11.657
8033;8050;6.598
8048;8051;3.349
8050;8051;0.390
7995;8052;28.812
8053;8032;12.137
8054;8053;3.335
8054;8039;11.508
8052;8055;3.164
8055;8024;28.631
8049;8056;4.904
8057;8056;2.717
8040;8057;12.690
8047;8058;7.970
8059;8057;2.101
8059;8045;13.006
8058;8041;15.286
8060;8053;4.503
8060;8061;2.913
8061;8054;4.292
8037;8062;16.461
8050;8052;52.474
8061;8063;4.970
8062;8063;2.891
8058;8064;4.115
8049;8064;10.712
8064;8056;8.283
8044;8065;11.335
8064;8066;3.080
8066;8067;1.987
8067;8059;11.564
8055;7821;13.988
8062;8068;8.379
8066;8068;10.429
8069;8060;9.696
8063;8069;11.889
8070;8067;2.679
8070;8071;0.600
8051;8071;10.208
7822;8072;6.545
8069;8073;10.338
8038;8074;11.979
8068;8075;23.065
8075;8070;9.571
8076;8075;1.702
8077;8072;39.507
8078;8077;1.310
8079;8078;13.714
8080;8079;4.096
8071;7819;29.688
8080;8081;2.293
7820;8082;1.599
8082;8080;14.303
8077;8083;16.048
8065;8084;25.903
8083;8085;2.512
8086;8076;5.111
8087;8078;9.632
8087;8085;16.958
8083;8088;22.661
8072;8089;18.038
8079;8090;15.068
8087;8090;9.508
8081;8091;10.353
8081;8091;32.670
8092;8091;3.226
8090;8092;8.358
8092;8093;7.154
8094;8086;10.219
8095;8096;7.237
8085;8097;27.963
8084;8098;46.979
8098;8099;0.999
8100;8101;55.636
8102;8100;2.278
8099;8103;5.604
8101;8094;61.956
7834;8095;26.560
8104;7833;4.608
8074;8105;13.041
8105;8104;5.224
7836;8102;14.707
8089;8105;90.210
8106;8105;15.981
8096;8107;40.978
7816;7835;26.838
8108;8106;41.126
8103;7815;63.692
7955;8109;98.004
8109;8110;7.816
8110;390;1.785
8111;2038;19.246
8112;8113;0.899
8114;8115;1.158
8116;8117;4.907
332;8112;14.633
8118;331;95.641
8118;8119;3.772
8119;8120;4.181
8121;8118;3.726
8120;8121;6.031
8117;8121;1.649
8116;8122;1.857
8123;333;94.015
8123;8122;3.964
8124;8123;3.117
8122;8125;4.320
8126;8124;3.085
8125;8126;3.133
8126;8115;0.699
8127;8125;51.704
8113;8127;34.374
8120;8127;50.746
8114;8128;53.726
8127;8129;33.733
8130;8128;53.706
8128;8131;2.376
8130;8132;6.287
8131;8133;9.225
8131;8134;14.799
8134;8132;8.882
8134;8135;3.337
8133;8136;33.870
8131;8137;4.237
8135;8137;4.485
8138;8130;18.938
8132;8139;14.119
8139;8138;7.272
8129;8140;4.365
8133;8141;12.582
8141;8137;10.465
8137;8142;2.887
8135;8142;12.803
8143;8139;5.804
8144;8143;7.756
8140;8145;0.872
8146;8144;2.189
8147;8144;7.443
8147;8143;3.716
8142;8148;1.712
8143;8149;13.616
8149;8138;12.205
8141;8150;11.384
8148;8150;7.648
8148;8151;1.811
8151;8146;10.401
8149;8152;7.908
8153;8152;7.078
8146;8154;8.658
8154;8147;4.851
8151;8155;4.291
8156;8155;4.197
8155;8157;1.533
8154;8157;12.102
8157;8158;0.492
8159;8150;18.847
8156;8160;6.314
8160;8158;4.996
8136;8161;46.445
8158;8162;4.245
8162;8163;1.466
8163;8164;0.628
8152;8164;26.385
8165;8156;19.340
8160;8165;15.027
8162;8166;10.165
8167;8165;4.368
8166;8167;4.043
8168;8166;4.400
8169;8163;9.124
8170;8168;2.553
8170;8169;3.589
8167;8171;5.936
8171;8172;6.522
8172;8168;7.427
8173;8172;1.913
8170;8173;6.451
8174;8170;6.275
8169;8174;6.489
8175;8159;25.911
8175;8171;15.199
8176;8169;16.675
8164;8176;7.244
8173;8177;5.591
8174;8177;5.775
8177;8175;32.908
8176;8178;5.810
8145;8179;15.832
8178;8180;42.891
8179;8111;32.940
3068;2055;121.877
2044;3069;120.909
8181;8182;1.068
8183;8184;0.959
8185;8186;0.841
8187;8188;0.654
8189;8190;0.811
8191;8192;0.703
8193;8194;4.121
8194;8195;6.522
8196;8197;3.706
8198;8199;13.334
8200;8199;19.293
8199;8201;3.962
8197;8202;4.309
8203;8199;4.276
8195;250;20.791
8197;8204;10.661
8204;8205;19.329
8201;8206;10.182
8206;8203;6.388
8184;8193;28.089
8207;8206;3.519
8208;8207;9.888
8207;8209;12.658
8208;8209;4.583
8203;8210;25.851
8209;8211;5.836
8212;8183;16.317
8213;8208;8.501
8213;8210;10.188
8192;8214;1.768
8211;8215;11.943
8214;8216;0.592
8216;8215;0.659
8210;8217;4.786
8218;8217;23.316
8219;8213;2.363
8211;8220;5.219
8219;8220;6.917
8216;8221;1.738
8222;8212;8.219
8223;8222;4.964
8224;8204;26.766
8225;8223;3.024
8224;8225;2.473
8182;8224;2.101
8217;8226;4.789
8226;8181;0.341
8227;8191;3.158
8220;8228;3.474
8221;8229;3.813
8229;8228;0.481
8221;8230;3.772
8231;8219;3.928
8231;8226;3.562
8228;8231;3.002
8232;8227;3.192
8233;8232;6.231
8230;8234;7.297
8234;8229;10.448
8230;8235;9.472
8235;8234;4.073
8226;8236;19.937
8237;8233;22.077
8186;8237;6.562
8238;8185;8.034
8239;8238;13.213
8188;8239;1.435
8240;8187;2.064
8241;8189;5.111
8242;8240;34.510
8190;8242;16.959
8243;8241;11.795
7799;8243;10.607
8244;2807;0.947
8245;8246;5.334
8247;8248;1.291
8249;8247;3.540
8249;8248;5.648
8250;8251;2.658
8252;8253;39.845
8254;2804;8.106
2806;8254;8.211
8254;8244;7.906
8255;2809;0.788
8256;8255;7.940
8255;8257;7.459
8258;8256;12.873
8257;8258;4.742
8259;8256;9.081
8258;8259;14.593
8260;8258;2.195
8257;8260;13.852
8258;8261;5.255
8262;8259;2.581
8263;8261;16.309
8263;8258;3.025
8261;8264;1.928
8265;8262;6.469
8264;8265;6.673
8266;8263;6.910
8260;8266;7.567
8265;8267;17.835
8268;8267;8.013
8267;8269;8.190
8270;8268;16.131
8269;8270;5.074
8270;8271;4.066
8269;8271;16.146
8272;8270;5.508
8273;8268;10.541
8273;8270;15.623
8274;8272;5.785
8271;8274;8.124
8270;8275;13.625
8272;8275;43.866
8276;8273;12.731
8275;8276;4.379
8277;8276;3.986
8278;8279;19.560
8279;8280;5.211
8281;8277;4.371
8282;8281;1.715
8283;8282;0.443
8284;8283;2.548
8279;8285;3.252
8285;8284;3.447
8286;8285;1.708
8287;8286;8.083
8288;8287;1.468
8289;8287;6.673
8290;8288;8.028
8291;8290;4.177
8290;8291;11.171
8288;8292;7.659
8293;8289;10.301
8245;8293;1.875
8286;8294;23.894
8295;8245;1.092
8292;8296;10.858
8294;8296;4.475
8266;8297;22.539
8292;8298;6.987
8289;8299;14.696
8299;8298;15.790
8298;8300;1.167
8296;8300;7.391
8246;8295;1.952
8301;8294;5.257
8300;8302;1.238
8302;8301;12.293
8293;8246;2.995
8301;8303;5.549
8304;8303;1.527
8303;8305;8.104
8305;8306;2.523
8306;8307;10.619
8297;8308;2.160
8251;8249;1.244
8248;8295;10.319
8250;8247;1.356
8302;8309;6.364
8309;8304;9.872
8306;8310;40.624
8311;8250;2.418
8247;8311;2.397
8312;8305;4.565
8299;8313;10.478
8313;8309;16.558
8314;8312;5.816
8304;8314;9.242
8313;8315;8.649
8309;8316;11.221
8314;8317;7.167
8312;8317;13.341
8318;8274;70.841
8315;8319;14.911
8316;8319;7.033
8319;8320;1.929
8320;8321;3.339
8316;8321;10.878
8321;8322;9.843
8317;8322;10.030
8323;8324;19.602
8308;8324;6.537
8322;8325;9.815
8326;8327;12.198
8328;8318;15.887
8327;8329;12.464
8324;8329;7.438
8329;8330;1.478
8327;8331;7.091
8331;8330;9.642
8332;8330;3.292
8331;8333;2.124
8333;8332;8.230
8330;8334;4.910
8332;8335;3.561
8334;8335;5.336
8335;8336;1.358
8333;8337;7.255
8336;8337;6.537
8334;8338;6.374
8338;8336;9.146
6286;8311;51.468
8337;8339;8.065
8338;8340;8.924
8339;8341;3.544
8342;8328;28.260
8342;8343;13.853
8344;8342;9.043
8341;8345;13.841
8344;8346;4.736
8346;8343;11.312
8346;8347;5.538
8348;8344;6.571
8343;8349;14.280
8345;8350;12.215
8345;8351;16.520
8350;8351;12.093
8350;8352;9.620
8351;8353;4.869
8354;8348;36.390
8354;8348;33.591
8325;8355;88.568
8355;8356;60.001
8356;8357;22.648
8356;8358;6.081
8358;8359;4.539
8360;8358;13.655
8361;8360;10.519
8359;8362;3.200
8360;8362;6.791
8362;8363;2.487
8362;8364;2.671
8364;8363;0.848
8359;8365;25.337
8363;8366;13.304
8366;8365;13.000
8367;8364;10.058
8368;8366;8.587
8367;8369;7.967
8364;8369;8.704
8369;8368;4.002
8370;8367;11.061
8368;8371;11.493
8371;8372;13.608
8371;8373;12.233
8374;8375;0.863
8376;8377;4.379
8378;8379;4.711
8380;8381;2.141
8382;8383;2.154
8384;8385;0.359
8386;8387;0.394
8388;8389;0.779
8390;8391;0.708
8392;8393;0.414
8394;8395;4.544
8395;8396;4.194
8397;8394;4.304
8396;8398;2.524
8394;8396;5.393
8399;8400;17.342
8401;8402;17.227
8403;8404;3.104
8405;8406;14.905
8407;8403;27.642
8408;8409;19.746
8408;8410;3.746
8411;8408;4.648
8412;8411;3.872
8413;8412;7.445
8410;8414;18.914
8413;8415;6.422
8412;8416;12.432
8406;8374;31.427
8415;8417;5.970
8415;8418;5.037
8418;8416;4.857
8419;8420;12.951
8411;8421;22.715
8422;8423;15.635
8422;8413;14.354
8424;8407;12.962
8421;8425;3.289
8420;8424;13.036
8416;8426;9.764
8426;8421;7.960
8427;8422;9.390
8426;8428;6.136
8425;8428;6.951
8425;8429;8.758
8427;8430;17.121
8418;8430;10.467
8431;8427;1.810
8432;8431;23.579
8428;8433;7.528
8433;8429;7.140
8430;8434;18.215
8434;8433;5.221
8393;8424;3.836
8435;8436;4.305
8375;8437;8.939
8438;8437;23.677
8434;8439;4.769
8439;8440;4.248
8429;8440;28.573
8437;8441;0.965
8442;8437;7.776
8440;8442;1.341
8443;8442;3.081
8443;8441;4.086
8431;8444;27.893
8444;8439;3.477
8445;8443;6.898
8441;8445;2.394
8446;8392;2.372
8447;8436;17.858
8444;8448;16.193
8449;8450;17.972
8449;8444;12.047
8451;8448;3.510
8452;8444;15.292
8453;8454;8.997
8455;8453;1.287
8451;8455;5.155
8453;8452;13.599
8436;8456;26.672
8448;8457;15.904
8439;8457;29.141
8445;8457;5.136
8458;8447;19.713
8459;8458;1.679
8459;8460;10.439
8451;8461;15.196
8447;8462;19.006
8457;8463;2.996
8463;8464;0.489
8385;8464;0.367
8465;8459;13.597
8465;8449;10.092
8456;8466;37.617
8458;8466;29.387
8466;8467;15.224
8467;8465;11.395
8468;8467;0.873
8469;8468;2.380
8470;8384;6.461
8402;8471;37.174
8471;8469;14.091
8389;8472;3.610
8473;8399;37.551
8473;8471;1.284
8474;8388;22.685
8475;8473;2.632
8391;8475;15.734
8472;8390;25.633
8471;8376;15.629
8379;8473;16.052
8377;8476;5.675
8387;8470;39.883
8477;8378;6.671
8476;8478;41.988
8478;8397;1.888
8397;8386;13.838
8476;8380;12.197
8383;8477;10.268
8479;8478;6.631
8480;8477;41.296
8398;8479;5.434
8480;8481;5.925
8481;8479;29.921
8481;8482;5.233
8482;8480;11.535
8483;8395;11.101
8381;8484;7.331
8398;8484;30.867
8485;8482;35.387
8485;8382;10.213
8486;8483;8.262
8487;8486;3.464
8484;8488;9.909
8489;8490;0.633
8491;8492;2.547
8493;8494;0.558
8495;8496;1.704
8497;8498;0.529
8499;8500;1.646
8501;8502;0.538
8503;8504;0.603
8505;8506;0.461
8507;8508;0.350
8509;8510;0.358
8511;8512;0.433
8513;8514;0.499
8515;8516;1.444
8517;8518;1.441
8519;3272;2.945
3271;8520;3.122
8521;8522;4.486
8522;8523;3.050
8524;8525;4.490
8526;8524;4.766
8527;8528;15.597
8529;8527;5.249
8527;8530;11.276
8531;822;0.254
8532;8531;2.109
8533;8532;9.592
8531;8533;6.574
8533;823;1.282
8534;8532;16.208
8530;8491;30.283
8492;8493;6.119
8500;8535;10.394
8535;8534;11.833
8524;8499;2.948
8494;8525;7.489
8525;8536;0.286
8537;8538;15.251
8536;8526;1.463
8539;8540;16.048
8538;8541;34.291
8541;8542;24.882
8541;8543;29.403
8542;8543;8.193
8543;8544;7.540
8544;8545;2.358
8546;8539;52.120
8545;8547;24.141
8545;8547;30.315
8523;8546;18.342
8523;8546;21.122
8548;8521;22.124
8538;8549;37.865
8547;8549;28.438
8550;8548;27.963
8550;8539;38.336
8551;8521;10.580
8548;8551;16.384
8526;8552;19.657
8552;8553;8.746
8552;8554;2.340
8554;8555;1.615
8553;8555;4.008
8549;8507;6.041
8555;8556;0.989
8510;8550;5.293
8557;8554;7.283
8556;8557;5.935
8557;8558;1.000
8556;8559;11.836
8558;8560;10.954
8559;8561;13.846
8560;8562;1.255
8562;8563;4.335
8563;8564;0.930
8565;8561;7.849
8564;8566;6.832
8566;8567;1.392
8567;8565;18.371
8561;8568;10.321
8567;8569;4.590
8570;8568;3.698
8571;8563;18.485
8572;8571;4.711
8573;8572;4.141
8566;8574;20.727
8569;8574;10.808
8571;8575;5.063
8572;8574;20.214
8569;8576;5.479
8565;8576;29.255
8577;8562;28.619
8575;8577;1.879
8577;8578;3.471
8508;8511;15.656
8579;8574;7.615
8580;8573;12.108
8579;8580;1.982
8514;8509;15.401
8570;8581;18.147
8581;8582;4.422
8568;8582;8.508
8583;8573;10.851
8584;8583;4.235
8580;8584;3.165
8579;8585;9.523
8586;8584;2.272
8576;8587;4.628
8588;8570;22.721
8581;8588;8.809
8589;8586;8.358
8589;8585;3.631
8574;8590;24.347
8590;8587;4.520
8575;8591;19.139
8583;8591;6.120
8592;8593;12.956
8592;8588;6.034
8585;8594;14.950
8594;8590;3.527
8595;8589;5.014
8596;8586;8.230
8596;8595;2.622
8597;8594;2.764
8595;8598;4.055
8591;8596;12.470
8599;8598;15.331
8599;8597;2.684
8587;8600;5.135
8600;8592;6.093
8598;8599;14.609
8590;8601;15.954
8602;8597;9.797
8582;8603;11.318
8600;8604;6.645
8603;8505;12.623
8604;8605;18.769
8512;8606;27.601
8607;8513;27.751
8506;8608;8.358
8605;8609;12.113
8609;8608;6.083
8610;8609;6.526
8608;8610;1.856
8610;8495;20.074
8496;8497;43.545
8498;8611;0.197
8611;8612;8.564
8606;8515;56.790
8518;8607;56.406
8612;8613;36.150
8613;8614;2.797
8614;8501;1.039
8502;8503;9.044
8612;8489;12.626
8615;8614;0.783
8611;8616;56.279
8504;3268;1.771
8616;8615;6.675
8490;8617;8.441
8614;8617;26.719
8516;8519;27.668
8520;8517;29.270
8616;8618;62.552
8617;8618;9.214
8618;8619;6.760
8619;8620;7.516
8620;8621;4.806
8621;5975;7.970
8622;8623;3.001
8623;8624;3.495
8625;8626;0.567
8627;8628;5.486
8629;8630;10.212
8631;8632;24.892
8632;8633;29.513
8633;8634;1.090
8635;8636;2.423
8633;8635;48.594
8636;8637;3.882
8638;8635;5.973
8637;8638;5.945
8638;8630;2.157
8629;8639;1.668
8640;8634;44.532
8640;8639;5.328
8624;8640;4.588
8639;8641;5.445
8641;8624;3.547
8626;8622;2.205
8642;8625;1.903
8634;8643;57.398
8641;8644;128.871
8637;8645;144.879
8645;3014;30.428
8643;3016;16.698
8644;8646;18.671
8646;3021;29.600
8647;8648;21.461
8649;8650;36.223
8648;8651;12.927
8652;8653;13.725
8628;8642;10.254
8652;8654;15.244
8654;8655;3.773
8655;8652;26.289
8654;8656;2.932
8655;8657;12.218
8657;8658;0.690
8653;8659;21.114
8656;8660;15.234
8658;8660;7.539
8660;8661;0.772
8662;8652;14.541
8656;8662;18.267
8651;8663;13.574
8659;8663;13.632
8661;8664;11.461
8663;8665;5.009
8665;8659;13.696
8653;8666;24.077
8666;8667;0.294
8667;8668;3.578
8668;8662;9.740
8669;8661;11.307
8665;8666;4.469
8668;8670;3.554
8662;8670;15.013
8670;8671;4.097
8671;8669;10.645
8668;8672;14.979
8673;8671;2.806
8672;8673;6.781
8671;8674;4.112
8669;8674;13.556
8667;8675;13.462
8676;8677;14.346
8663;8677;19.038
8677;8675;19.892
8673;8678;7.428
8679;8672;5.064
8680;8678;6.093
8674;8680;3.440
8675;8681;4.270
8682;8680;12.544
8675;8683;10.794
8683;8679;15.789
8681;8684;11.264
8683;8684;1.474
8658;8685;52.277
8685;8627;5.932
8674;8686;17.131
8686;8685;0.859
8684;8687;7.681
8686;8688;0.743
8681;8689;16.336
8679;8690;21.689
8689;8684;33.233
8691;2023;78.220
2025;8649;42.327
8688;2026;60.120
8692;8678;71.119
8693;8694;0.466
8695;8696;13.044
8697;8696;11.773
8696;8698;1.168
8698;8699;7.855
8698;8700;3.018
8696;8701;11.783
8701;8700;3.647
8700;8702;2.475
8701;8703;9.341
8702;8703;6.543
8704;8705;2.769
8703;8704;4.356
8706;8707;6.186
8704;8706;5.712
8703;8708;9.467
8702;8708;3.332
8706;8709;3.280
8709;8710;1.929
8703;8711;10.247
8708;8712;2.491
8713;8709;7.609
8711;8714;7.069
8712;8714;4.268
8711;8715;10.028
8714;8715;5.530
8715;8716;7.525
8717;8716;8.502
8714;8717;18.354
8718;8717;6.529
8712;8718;9.113
8719;8713;23.954
8716;8719;9.558
8716;8720;15.445
8717;8720;12.785
8719;8721;10.482
8720;8721;7.430
8718;8722;8.582
8720;8722;18.000
8722;8723;0.744
8723;8693;0.319
8694;7455;30.261
2239;8724;105.620
8725;8726;57.801
8727;8725;21.945
8728;8729;12.362
8730;8728;7.322
8731;8732;2.127
8733;8734;2.287
8735;8736;7.618
8737;8738;4.691
8738;8735;19.043
8739;8740;15.107
8740;8738;28.637
8735;8741;34.191
8741;8739;3.836
8739;8742;16.390
8740;8743;11.851
8741;8744;8.584
8745;2626;3.786
2630;8745;4.484
8746;2631;3.366
2632;8746;0.860
8746;8747;3.060
8747;8748;7.769
8749;8745;26.968
8748;8750;3.706
2622;8731;25.657
8751;8749;16.703
8734;2620;26.278
8752;8751;5.304
8753;8752;7.937
8750;8754;18.249
8754;8755;0.870
8755;8756;0.792
8757;8753;25.908
8758;8757;12.552
8759;8758;7.821
8760;8733;33.382
8732;8761;34.289
8762;8760;9.789
8761;8763;9.448
8764;8762;1.963
8756;8765;54.873
8763;8766;1.975
8765;8767;3.221
8767;8768;1.437
8768;8769;2.255
8736;8770;4.569
8771;8769;18.414
8769;8772;6.166
8769;8737;30.980
8773;8772;12.412
8772;8774;4.314
8775;8774;108.885
8774;8776;2.984
8777;8778;34.417
8778;8742;10.573
8776;8779;7.046
8779;8780;14.630
8737;8781;32.954
8779;8781;4.068
8778;8782;11.236
8782;8742;13.409
8742;8783;20.948
8783;8784;11.371
8783;8785;10.051
8784;8786;4.149
8782;8787;11.200
8788;8784;3.431
8781;8788;7.336
8785;8789;2.795
8790;8786;3.345
8788;8790;1.612
8785;8791;4.574
8786;8792;5.899
8790;8792;0.690
8787;8793;6.161
8794;8787;6.713
8793;8794;1.553
8793;8795;1.615
8791;8795;3.025
8796;8791;13.220
8792;8796;1.206
8796;8797;1.897
8794;8798;10.239
8797;8799;6.271
8797;8800;1.647
8795;8801;14.287
8800;8801;0.518
8781;8802;30.571
8788;8803;21.737
8802;8803;3.708
8804;8800;5.783
8799;8804;4.618
8799;8805;10.565
8803;8806;4.236
8802;8806;5.127
8807;8804;6.782
8805;8808;3.910
8809;8807;3.488
8809;8805;4.490
8807;8810;4.234
8801;8811;9.365
8812;8809;3.665
8808;8812;4.357
8808;8813;4.871
8806;8813;5.918
8813;8814;31.530
8811;8815;4.733
8810;8816;8.664
8810;8816;10.145
8813;8817;5.996
8818;8812;7.162
8819;8815;8.309
8820;8818;2.456
8817;8820;4.642
8816;8821;7.052
8818;8822;9.708
8823;8824;13.512
8820;8822;11.774
8817;8825;6.787
8819;8824;24.037
8822;8826;9.201
8821;8826;10.737
8776;8827;31.468
8825;8828;13.111
8829;8764;21.734
8828;8830;66.334
8827;8830;6.497
8828;8831;16.491
8831;8825;31.661
8824;8819;61.343
8811;8832;40.774
8766;8833;23.217
8815;8834;36.926
8830;8835;2.282
8836;8837;11.608
8832;8838;8.181
8832;8834;27.926
8837;8839;11.742
8839;8840;12.227
8834;8841;34.201
8831;8842;35.011
8840;8842;21.169
8836;8843;36.754
8837;8844;33.532
8843;8844;11.687
8839;8845;30.273
8844;8845;11.691
8840;8846;26.902
8845;8846;11.461
8842;8847;23.087
8846;8847;12.022
8843;8848;18.218
8844;8849;18.361
8848;8849;11.884
8849;8850;11.710
8835;8851;23.499
8847;8852;20.313
8850;8852;15.748
8848;8853;28.131
8849;8854;28.015
8853;8854;10.964
8850;8855;27.946
8854;8855;11.040
8856;8852;28.355
8855;8856;11.464
8857;8858;30.648
8859;8857;83.421
8851;8860;50.501
8835;8861;143.869
8862;8861;37.191
8860;8863;32.045
8863;8864;0.772
8861;8865;27.677
8857;8865;39.830
8864;8866;7.867
8865;8867;0.985
8851;8868;28.275
8860;8869;30.852
8866;8869;2.776
8867;8870;22.436
8866;8864;21.443
8863;8871;23.351
8872;8829;23.636
8869;8873;12.859
8874;8873;8.411
8868;8874;12.292
8833;8875;22.324
8868;8876;5.597
8873;8877;10.006
8876;8878;0.248
8878;8874;7.199
8878;8879;0.553
8877;8879;5.543
8873;8880;4.489
8879;8881;2.301
8877;8881;7.284
8867;8882;24.824
8882;8883;11.681
8883;8884;3.708
8880;8885;0.891
8885;8886;6.244
8882;8887;7.177
8887;8882;10.007
8880;8888;15.879
8885;8889;2.062
8883;8890;10.756
8889;8891;0.770
8891;8892;3.194
8893;8892;32.964
8892;8894;4.881
8894;8895;1.532
8895;8896;3.472
8887;8896;7.615
8897;8891;14.872
8898;8897;1.432
8894;8898;6.249
8896;8899;0.318
8899;8890;13.268
8897;8900;3.871
8899;8901;6.102
8890;8901;8.874
8901;8902;1.141
8903;8904;3.470
8902;8905;11.945
8898;8894;11.536
8906;8876;18.383
8881;8906;7.816
8902;8907;3.234
8907;8905;4.456
8908;8902;4.212
8889;8909;15.771
8900;8909;21.719
8908;8910;2.110
8900;8911;8.838
8896;8912;12.752
8912;8908;15.496
8907;8913;4.455
8905;8913;11.755
8913;8914;0.918
8904;8914;100.608
8912;8915;0.855
8916;8911;9.090
8895;8917;20.218
8915;8917;7.809
8918;8917;1.752
8911;8918;19.825
8916;8918;16.667
8919;8916;15.237
8915;8920;15.612
8917;8920;15.193
8914;8921;10.329
8921;8922;8.808
8922;8923;6.853
8921;8924;47.892
8906;8730;2.371
8925;8872;34.358
8875;8926;34.009
8920;8927;50.326
8729;8928;4.361
8729;8929;42.046
8726;8928;10.639
8909;8727;4.607
8928;8930;9.212
8931;8932;4.541
8932;8726;22.306
8930;8933;6.905
8933;8934;10.905
8930;8934;6.399
8934;8931;5.385
8923;8935;23.237
8935;8936;2.917
8934;8937;7.075
8937;8938;1.532
8938;8939;2.254
8939;8940;0.699
8931;8941;41.197
8942;8943;23.590
8936;8944;15.283
8945;8946;10.451
8947;8948;1.101
8949;8950;0.824
3071;8951;12.053
8951;8952;28.835
8952;8953;6.454
8953;8954;29.465
8954;8955;5.286
8956;8957;8.335
8957;8955;5.231
8958;8959;10.616
8959;8956;9.847
8959;8960;3.217
8960;8961;2.166
8961;8957;8.261
8962;8961;10.401
8955;8963;5.415
8960;8964;18.109
8964;8962;6.176
8962;8965;14.227
8963;8965;1.641
8964;8966;34.069
8965;8947;47.530
8948;8949;2.024
8950;2041;65.099
8967;8968;2.962
8969;8970;0.702
8971;8972;1.094
2913;8973;31.155
8973;8974;1.971
8974;8975;15.507
8976;8975;12.322
8977;8976;4.955
8978;8979;6.823
8978;8980;1.514
8981;8976;2.482
8980;8982;4.427
8983;8981;3.693
8983;8977;3.317
8982;8984;10.440
8978;8985;9.582
8985;8986;5.611
8986;8980;3.992
8987;8988;6.095
8987;8989;11.353
8990;8982;4.489
8990;8984;6.923
8991;8986;2.409
8991;8990;5.179
8992;8984;7.543
8992;8987;9.584
8975;8993;6.349
8981;8993;9.910
8994;8983;10.564
8995;8991;3.795
8996;8992;4.446
8997;8985;7.814
8997;8995;2.426
8998;8997;2.251
8994;8999;2.848
8985;9000;15.702
9000;8998;9.094
9000;9001;3.461
9002;8995;3.818
9002;8996;4.436
9003;8977;29.925
9001;9003;1.955
9004;8994;5.083
9005;9004;5.865
9003;9005;7.814
9006;8998;4.413
9006;9002;2.299
9007;8999;4.458
9004;9007;2.609
8993;9008;3.445
8999;9008;8.646
9009;9007;2.497
9005;9009;7.585
9010;9001;8.692
9010;9006;4.357
9008;9011;1.944
9011;9009;8.541
8996;8969;4.659
9012;9010;4.295
9013;9009;13.486
9013;9012;0.900
9006;9014;10.781
8970;9015;1.033
9011;9016;3.128
9016;9013;4.184
9012;9017;6.756
9018;9016;10.574
9019;9020;3.214
9020;9021;8.018
9021;9008;51.739
9015;9022;6.204
9023;9020;9.389
9018;9024;10.478
9021;9025;9.469
9025;9018;37.992
9023;9026;7.122
9026;9021;11.078
9022;9027;2.879
9028;9026;6.039
9028;9025;13.548
9029;9023;15.731
9029;9030;7.741
9030;9028;8.024
9027;9031;25.653
9031;9032;46.984
9032;9033;2.730
9033;7752;14.119
9032;9034;25.947
9034;9035;0.583
9035;9036;21.531
9036;8971;19.276
8972;9037;5.650
8968;9037;2.746
9038;9039;22.060
9040;9041;10.740
9041;8967;13.553
9039;9042;3.834
9039;9043;2.736
9043;9041;1.957
9044;9038;9.325
9042;9044;4.710
9045;9042;3.870
9045;9043;4.812
9046;9044;3.753
9047;9048;7.234
9043;9049;7.772
9049;9050;3.896
9050;9048;5.070
9045;9051;7.535
9051;9049;7.552
9050;9052;3.299
9048;9052;7.220
9051;9053;4.140
9052;9054;4.282
9053;9055;8.443
9055;9054;6.242
9055;9056;9.029
9054;9056;8.386
2978;9057;0.895
9057;4666;15.857
9058;9059;8.574
8946;9060;3.741
9061;9062;1.938
9063;9064;1.177
9065;9066;2.631
9067;9068;2.753
9069;9070;1.820
9071;9072;2.465
9073;9074;0.627
9075;9076;0.659
9077;9078;0.420
9079;9080;0.443
9081;9082;4.792
9084;0;24.872
9066;9085;5.854
9083;9067;11.630
9089;9087;7.832
9088;9089;6.543
9082;9089;0.344
9090;9091;2.134
9092;9090;1.016
9093;9092;2.130
9086;9093;37.711
9090;9094;1.272
9091;9094;1.725
9095;9094;0.265
9096;9093;2.187
9096;9092;1.642
9096;9097;0.382
9095;9098;1.538
9098;9097;1.291
9099;9097;1.309
9098;9099;1.412
9062;9081;18.496
9091;9100;14.628
9101;9099;4.467
9081;9102;25.288
9101;9102;1.589
9100;9103;5.216
9068;9071;9.416
9070;9065;10.377
9103;9104;2.413
9102;9105;3.630
9101;9105;4.078
9103;9106;4.767
9104;9106;4.458
9064;9061;15.734
9095;9064;20.708
9105;9107;2.061
9106;9108;2.781
9107;9109;8.190
9110;9108;20.666
9084;9108;21.008
9104;9111;13.539
9108;9112;14.628
9112;9084;3.518
9109;9113;12.271
9113;9110;3.886
9109;9114;15.698
9113;9115;3.062
9115;9110;12.235
9114;9116;1.033
9115;9117;1.816
8945;9117;17.420
9117;9118;1.261
9118;9119;0.459
9119;9112;9.525
9076;9069;4.356
9072;9073;3.889
9116;9059;11.488
9059;8945;7.777
9119;0;2.648
8946;9058;14.625
9060;9120;6.431
9120;9118;13.789
9121;9120;2.502
1;9122;7.176
9058;9123;9.498
9124;9060;18.106
9123;9124;9.952
9122;9125;4.938
9124;9121;19.735
9126;9121;12.423
1;9126;22.550
9125;9127;6.704
9128;9126;6.038
9128;9129;8.022
9130;9123;33.695
9130;9128;3.404
9131;9130;7.581
9132;9131;8.183
9132;9133;3.993
9125;9134;56.486
9132;9135;8.445
9127;9136;12.819
9063;9136;24.852
9136;9137;0.988
9138;9131;24.173
9074;9077;27.076
9080;9075;27.955
9137;9139;28.260
9139;9140;9.870
9140;9141;4.818
9141;9142;12.333
9142;9143;1.035
9143;8529;4.031
8528;9144;17.300
9078;8537;53.612
8540;9079;53.081
9145;9146;6.996
9147;9148;0.828
9149;9150;1.345
9151;9152;1.807
9153;9154;0.830
9146;9155;0.862
9156;9157;1.169
9158;9159;0.825
9160;9161;0.584
9162;3603;1.640
9163;9164;6.409
9164;9147;15.146
9148;9162;16.915
9165;9166;18.570
9167;9168;7.682
9169;9167;4.572
9170;9171;8.743
9171;9172;24.042
9172;9173;29.641
9173;9174;9.047
9174;9175;6.596
9175;9149;0.728
9150;9151;28.844
9152;9153;36.555
9154;9176;37.825
9176;9177;13.671
9178;9179;7.882
9177;9180;7.679
9181;9179;10.761
9182;9181;3.216
9183;9181;3.630
9184;9183;1.570
9185;9184;7.306
9184;9185;13.995
9186;9185;9.398
9183;9186;38.494
9187;9186;23.849
9188;9187;5.011
9187;9189;44.040
9189;9190;7.237
9189;9191;6.563
9191;9192;37.445
9193;9191;27.847
9180;9194;23.835
9194;9195;6.352
9195;9196;2.283
9196;9197;0.661
9197;9198;18.735
9198;9145;10.581
9155;9199;55.603
9199;9200;1.525
9201;9202;7.934
9202;9203;26.707
9200;9204;11.870
9203;9205;5.054
9206;9205;7.814
9207;9208;9.648
9204;9207;5.973
9204;9209;3.582
9209;9207;5.988
9207;9210;3.180
9209;9211;0.884
9205;9211;9.399
9211;9212;1.471
9212;9213;20.725
9213;9214;1.276
9212;9215;2.587
9215;9216;2.224
9215;9216;15.435
9216;9217;0.549
9217;9218;21.435
9217;9219;8.239
9220;9219;13.377
9218;9221;8.815
9219;9222;4.121
9218;9223;14.077
9222;9223;7.097
9223;9224;5.900
9225;9224;8.957
9226;9225;2.923
9224;9227;10.633
9227;9228;5.772
9225;9228;6.600
9228;9226;10.190
9222;9229;11.007
9226;9229;18.019
9229;9230;4.150
9230;9231;1.595
9231;9232;7.551
9159;9156;38.113
9157;9160;22.855
9161;9233;2.022
9233;2888;4.677
9232;9234;20.792
9231;9158;67.725
9234;9235;5.361
9235;9236;57.430
9236;2914;5.117
9237;9238;0.745
9239;9240;0.837
9241;183;9.187
9242;9241;14.500
9243;9237;16.387
9244;9245;13.176
9245;9239;0.655
9240;9243;16.281
9238;9242;34.481
9246;9247;9.787
9247;9248;11.789
9247;9249;13.015
9249;9245;10.468
9250;9249;6.173
9251;9250;4.320
9252;9251;2.285
9252;9253;29.669
9254;9252;14.408
9255;9254;9.730
9256;9255;0.940
9257;9256;2.991
9258;9257;11.082
421;9258;103.333
9259;9256;64.156
9260;9259;5.273
9261;9260;51.278
9262;9261;8.819
9263;9262;13.142
9264;9263;12.033
9265;9264;3.876
9266;9265;6.055
9267;9266;3.688
9268;9267;13.219
9269;9270;1.275
9270;9268;9.932
9271;9268;7.460
9272;9270;12.924
9271;9272;15.287
9272;9273;11.092
9274;9271;8.111
9275;9271;17.765
9275;9267;9.010
9276;9275;0.543
9274;9277;20.707
9277;9276;10.739
9278;223;12.827
9277;9279;11.402
9280;9278;16.036
9281;9282;21.953
9282;9283;2.041
9282;9284;5.466
9285;9286;1.642
9286;9283;6.445
9284;9287;14.669
9288;9286;2.150
9283;9289;4.534
9284;9290;3.771
9287;9291;5.805
9287;9292;35.365
9292;9280;2.858
9279;9293;12.588
9292;9294;9.090
9293;9295;2.843
9295;9296;58.945
9294;9297;92.015
9296;9298;12.900
9298;9299;36.475
9300;9299;16.790
9297;9301;40.744
9301;9300;24.560
9302;9303;36.007
9304;9305;5.045
9302;9306;17.934
9306;9304;0.530
9307;9308;25.112
9308;9306;5.137
9305;9309;3.684
9310;9308;8.981
9305;9311;20.837
9309;9311;18.845
9310;9312;11.404
9299;9313;38.093
9313;9314;0.484
9314;9315;6.503
9315;9316;3.440
9317;9316;7.155
9316;9318;6.146
9318;9319;7.459
9317;9320;9.886
9320;9321;6.043
9318;9322;7.729
9323;9317;6.256
9320;9324;7.675
9324;9325;5.000
9326;9327;6.266
9324;9328;13.144
9329;9330;17.182
9330;9326;12.789
9331;9323;33.066
9332;9330;2.463
9333;9334;13.906
9334;9332;2.022
9335;9333;11.473
9336;9334;13.052
9332;9337;24.608
9337;9338;12.841
9338;9339;5.260
9340;9337;5.452
9339;9341;3.829
9341;9331;46.338
9342;9343;8.140
9344;9345;14.973
9343;9346;13.097
9346;9347;3.887
9347;9344;15.057
9342;9346;22.205
9348;9349;2.223
9350;9351;0.336
8107;6474;7.227
9352;8108;0.991
9353;9352;51.623
9354;9353;2.262
9351;9354;6.034
9355;9350;5.005
9356;9355;5.408
9357;9356;5.481
9358;9357;2.212
9359;9358;14.587
9360;9359;13.369
9361;9348;4.537
9362;9359;16.141
9363;9358;8.161
9363;9364;6.899
9365;9363;2.251
9365;9366;15.670
9367;9365;3.265
9368;9367;3.529
9369;9368;22.241
9349;9370;23.428
9370;9371;11.946
9371;9369;11.614
9369;9372;27.587
9368;9372;21.494
9370;9373;8.943
9373;9371;10.344
9372;9374;3.763
9371;9375;19.921
9374;9375;3.978
9376;9373;19.574
9377;9367;33.178
9378;9367;12.018
9378;9377;9.711
9377;9379;9.864
9374;9380;19.516
9380;9378;3.687
9381;9380;1.915
9375;9382;15.617
9382;9381;1.271
9378;9383;3.063
9383;9379;10.710
9379;9384;8.938
9381;9385;5.597
9386;9382;2.480
9383;9387;1.748
9384;9387;13.910
9388;9385;2.623
9384;9389;9.978
9386;9390;3.537
9385;9390;10.341
9391;9392;7.693
9392;9386;1.540
9390;9393;2.333
9394;9388;7.215
9393;9394;7.478
9373;9395;35.171
9395;9392;1.606
9394;9396;2.681
9388;9396;10.235
9397;9398;8.924
9398;9395;11.148
9399;9400;7.760
9401;9400;5.640
9400;9398;12.756
9387;9402;5.272
9403;9393;14.154
9396;9403;13.144
9403;9404;4.368
9402;9405;3.499
9405;9406;9.625
9405;9407;3.303
9408;9395;10.604
9407;9409;5.804
9410;9409;10.292
9409;9411;10.233
9411;9412;2.829
9413;9408;20.416
9414;9413;0.219
9415;9414;21.596
9412;6751;53.670
9416;9415;24.949
9417;9416;12.846
9418;9417;42.279
9419;9418;18.127
131;9419;18.623
9420;9421;0.888
9422;9423;0.840
9424;9425;0.844
9426;9427;0.786
9425;9428;5.599
9429;9424;1.837
9430;9431;5.644
9432;9430;31.168
9432;9433;9.661
9433;9434;1.598
9434;9435;1.677
9431;9436;51.235
9432;9437;18.719
9437;9438;7.963
9433;9438;8.766
9436;9439;11.365
9437;9436;25.183
9438;9440;17.471
9441;527;10.138
9435;9440;22.542
9428;9426;45.392
9440;9442;23.387
9427;9443;13.858
9443;9444;3.714
9442;9445;22.526
9445;9446;4.690
9446;9447;2.914
9448;9429;49.065
9449;9448;3.080
9450;9451;23.630
9452;9453;10.901
9450;9453;10.235
9453;9454;9.584
9453;9455;21.577
9455;9451;6.104
9447;9456;32.703
9456;9457;1.859
9458;9451;21.946
9458;9449;20.753
9459;9458;0.588
9447;9460;17.746
9461;3651;5.182
9462;9461;36.439
9421;9462;7.760
9463;9420;0.630
9464;9463;21.590
9455;9464;11.351
9457;9465;45.680
9465;9466;15.486
9460;9467;17.738
9466;9468;37.085
9467;9469;4.241
9468;9470;13.324
9468;9471;12.731
9471;9472;15.266
9470;9473;4.452
9472;9473;35.975
9471;9474;6.897
9474;9472;13.484
9475;9474;33.185
9473;9476;16.070
9476;9477;18.399
9478;9459;46.570
9477;9422;12.264
9469;9479;21.470
9479;9480;21.263
9481;9478;12.527
9480;9481;23.919
9423;2434;37.660
9482;722;2.192
9483;775;6.352
9484;9485;0.888
9486;9487;0.764
9488;9489;0.594
9490;9491;0.306
9492;9493;34.053
9485;9492;3.108
9492;9494;3.492
9495;9484;2.301
9496;9495;22.784
9497;9498;5.767
9498;9499;18.105
9500;9499;3.080
9499;9501;14.563
9498;9502;7.867
9503;9502;3.661
9501;9504;9.821
9505;9500;13.736
9502;9505;6.963
9506;9500;11.823
9506;9507;4.575
9507;9505;3.498
9505;9508;4.740
9509;9503;8.055
9509;9510;4.213
9511;9506;5.566
9507;9511;4.557
9508;9512;6.697
9513;9512;7.712
9513;9509;5.634
9514;9496;10.449
9515;9514;0.287
9516;9511;4.751
9512;9516;12.454
9516;9517;2.286
9518;9515;0.408
9517;9519;6.712
9520;9521;13.685
9519;9520;9.955
9522;9521;13.103
9523;9519;6.311
9524;9523;3.911
9517;9524;14.039
9523;9520;17.602
9524;9525;4.812
9526;9518;8.015
9525;9527;16.458
9525;9528;14.845
9528;9526;5.283
9528;9529;10.943
9529;9488;5.830
9489;9487;9.740
9486;9530;17.042
9530;9531;16.283
9531;9532;3.965
9532;9533;12.447
9533;9534;7.651
9532;9535;6.787
9536;9534;5.621
9537;9533;9.427
9537;9535;8.254
9537;9538;5.457
9534;9538;7.532
9539;9538;5.948
9540;9537;7.678
9535;9541;4.152
9542;9539;6.080
9540;9543;6.876
9538;9543;7.317
9544;9541;8.545
9544;9540;3.204
9539;9545;8.730
9546;9544;3.688
9545;9547;7.074
9547;9542;5.554
9546;9548;7.269
9543;9548;6.786
9549;9545;4.101
9549;9550;8.406
9550;9547;3.000
9546;9551;4.423
9541;9552;4.160
9552;9551;9.782
9548;9553;5.058
9553;9549;1.283
9551;9554;6.082
9554;9548;4.544
9555;9553;2.312
9550;9556;8.182
9556;9557;9.236
9557;9558;1.161
9559;9554;4.254
9555;9560;10.892
9556;9560;6.347
9559;9561;3.126
9561;9555;2.934
9556;9562;7.848
9563;9559;3.982
9563;9561;7.718
9552;9564;4.480
9565;9554;15.508
9566;9565;2.309
9563;9566;10.147
9564;9567;9.717
9565;9567;3.186
9560;9568;13.550
9564;9569;2.425
9570;9566;13.687
9568;9570;5.027
9569;9571;0.667
9569;9572;4.623
9567;9572;8.727
9570;9573;1.701
9574;9568;14.914
9575;9576;2.897
9572;9575;9.029
9577;9571;2.280
9575;9578;4.548
9579;9577;9.026
9580;9579;13.733
9491;9580;10.928
9581;9490;19.166
9582;8631;0.344
9583;9584;2.222
9585;9586;0.634
9587;9588;0.611
9589;9590;1.967
9591;9592;0.389
9593;9594;0.395
9595;9596;0.761
9597;9598;0.795
9599;9581;3.030
6054;9599;35.371
9600;6078;7.891
6079;9601;7.599
9600;9601;0.842
9601;9602;1.211
9602;9600;1.074
9602;9603;2.354
9603;9604;11.834
9604;9589;3.601
9590;9605;3.232
9604;9606;2.939
9606;9583;0.744
9584;9607;6.651
9605;9607;7.338
9608;6084;0.370
9607;9582;25.234
6083;9609;14.775
6082;9609;50.771
6085;9610;34.042
9611;9608;88.596
9611;9608;26.278
9609;9591;17.079
9594;9611;4.897
9610;9585;18.756
9586;9612;14.500
9612;9613;9.659
9614;9612;30.191
9614;9615;19.764
9616;9614;4.770
9617;9616;10.448
9617;9618;11.540
9592;9595;26.606
9619;9616;11.726
9620;9619;4.193
9619;9617;9.316
9617;9621;3.143
9598;9593;26.716
9622;9619;2.699
9623;9624;8.791
9621;9624;3.498
9625;9621;8.233
9625;9622;4.892
9626;9625;1.411
9624;9627;6.239
9628;9627;6.571
9628;9626;4.583
9629;9626;11.177
9629;9622;17.683
9629;9620;24.935
9630;9631;3.744
9627;9631;6.208
9596;8691;3.220
9632;9629;10.369
9633;9628;8.507
9632;9633;1.347
8650;9597;3.232
9633;9634;1.461
9613;9587;20.600
9631;9635;6.982
9635;9634;4.395
9636;9632;5.439
9634;9637;7.170
9637;9636;3.869
9638;9639;15.131
9635;9638;8.119
9637;9640;8.610
9636;9641;14.814
9638;9642;6.584
9643;9642;5.051
9641;9644;4.597
9640;9643;9.999
9640;9645;5.244
9641;9645;3.125
9588;8647;7.430
9642;9646;2.765
9643;9647;3.978
9646;9648;8.064
9648;9649;11.570
9645;9650;15.836
9650;9651;5.366
9650;9652;8.535
9651;9652;4.171
9646;9653;25.430
9652;9654;6.819
9651;9655;11.784
775;9656;9.699
9482;9657;5.383
9658;9659;1.511
9660;9661;26.028
9662;9663;3.273
9664;9665;2.642
9666;9667;2.833
9668;9666;1.458
9668;9662;5.047
9662;9669;9.295
9669;9664;1.879
9670;9671;3.467
9666;9670;7.026
9672;9669;3.012
9664;9673;13.520
9674;9672;1.780
9670;9675;2.181
9676;9668;6.307
9676;9674;6.310
9677;9675;2.333
9678;9672;3.978
9675;9679;2.547
9678;9680;4.391
9680;9681;1.796
9674;9682;3.548
9679;9683;3.033
9684;9683;7.141
9684;9676;4.770
9685;9678;5.200
9685;9686;1.486
9686;9680;3.150
9686;9687;2.843
9688;9679;8.090
9689;9690;1.265
9691;9688;3.704
9693;9694;0.764
9690;9695;5.957
9695;9693;4.078
9696;9689;1.162
9688;9697;2.464
9698;9482;1.834
9683;9697;8.510
9689;9699;2.126
9699;9700;3.286
9701;9692;4.120
9701;9696;1.709
9693;9702;3.244
9703;9704;4.468
9704;9684;7.202
9697;9705;5.256
9705;9703;4.689
9699;9706;2.119
9707;9701;3.875
9695;9708;4.873
9709;9704;2.450
9685;9709;19.763
9705;9710;2.445
9711;9709;1.253
9712;9703;3.820
9713;9714;53.553
9715;9716;14.621
9717;9715;4.999
9718;9717;1.410
9718;9696;15.416
9715;9719;4.186
9720;9721;3.162
9722;9720;2.363
9720;9723;1.782
9723;9718;8.897
9724;9717;5.581
9723;9725;5.905
9690;9713;127.869
9726;9727;4.451
9726;9728;9.173
9729;9730;8.490
9729;9726;9.541
9731;9732;12.952
9731;9729;4.980
9733;9734;21.726
9734;9733;14.549
9735;9734;4.972
9736;9731;8.655
9736;9735;3.708
9737;9736;11.108
9738;9739;5.906
9740;9738;0.710
9740;9737;6.388
9741;9735;8.627
9742;9737;1.612
9743;9742;6.867
9743;9741;1.406
9744;9742;1.921
9744;9743;5.089
9745;9744;3.552
9746;9740;6.928
9741;9747;10.240
9748;9744;2.610
9749;9745;2.294
9750;9746;5.862
9751;9752;9.228
9753;9745;10.777
9754;9751;2.912
9754;9746;21.332
9755;9751;5.263
9756;9755;2.551
9756;9754;5.189
9757;9750;2.569
9758;9756;4.407
9759;9758;2.854
9760;9755;7.570
9760;9759;0.721
9758;9761;5.566
9762;9760;6.926
9763;9759;6.545
9764;9762;2.917
9765;9757;13.403
9766;9765;3.213
9767;9766;98.143
9768;9767;0.126
1841;9769;2.850
9769;9770;1.198
9770;9771;0.699
9771;9772;35.847
9773;9768;16.762
9772;9774;99.333
9774;9773;57.906
9774;9775;3.813
9776;9774;27.462
9775;9777;38.518
9778;9779;3.818
9780;9778;1.281
9780;9781;3.851
9782;9780;5.454
9782;9783;6.233
9784;9778;9.453
9784;9782;2.697
9785;9784;4.081
9786;9785;0.685
9787;9785;10.141
9788;9787;3.260
9788;9776;11.199
9789;9790;8.909
9789;9786;5.402
9791;9792;9.895
9792;9793;4.095
9792;9794;5.949
9794;9789;1.072
9795;9786;4.012
9796;9788;9.735
9794;9797;6.485
9797;9795;2.282
9798;9796;1.512
9799;9798;5.903
9795;9800;6.545
9801;9787;7.074
9801;9799;4.209
9800;9801;7.019
9802;9800;1.528
9803;9799;2.792
9796;9804;10.327
9805;9801;2.504
9806;9807;5.387
9806;9798;7.416
9808;9797;7.502
9805;9809;6.369
9810;9811;4.433
9810;9812;3.443
9813;9814;1.917
9813;9810;6.685
9815;9806;1.709
9808;9816;8.911
9816;9805;8.025
9817;9808;19.182
9777;9818;7.760
9815;9819;5.734
9819;9813;4.576
9816;9820;4.064
9820;9821;7.154
9821;9822;0.896
9822;9815;6.135
9823;9816;5.309
9824;9821;3.985
9825;9817;12.858
9826;9827;16.142
9822;9828;12.329
9829;9820;12.999
9830;9829;1.521
9828;9831;8.744
9819;9831;15.924
9831;9832;2.123
9833;9834;14.589
9832;9835;3.108
9835;9833;0.776
9828;9836;3.699
9836;9829;7.951
9837;9832;3.630
9833;9838;5.101
9839;9837;2.616
9835;9839;4.398
9827;9840;3.689
9839;9841;1.108
9842;9837;3.981
9841;9843;6.476
9843;9841;7.303
9843;9844;4.835
9844;9845;2.188
9844;9846;4.033
9847;9848;2.716
9846;9847;3.421
9846;9849;2.242
9840;9850;9.957
9850;9851;1.321
9847;9852;9.186
9818;9853;15.836
9854;9826;21.124
9855;9854;0.955
9851;9856;20.472
9856;9857;2.811
9857;9858;11.413
9853;9859;11.975
9859;9855;16.664
9858;9860;15.167
9860;9861;1.900
9861;9862;0.800
9862;9863;2.859
9864;9865;2.208
9866;9867;10.825
9866;9864;0.892
9868;9866;2.285
9869;9864;1.204
9869;9870;7.279
9871;9869;1.486
9871;9872;5.485
9873;9871;2.449
9863;9874;6.206
9875;9876;1.381
9875;9873;4.151
9877;9873;1.959
9878;9877;1.549
9878;9879;4.665
9880;9875;2.296
9880;9877;3.538
9881;9878;2.416
9882;9880;5.760
9883;9881;3.638
9884;9881;12.746
9885;9882;4.619
9883;9886;4.558
9886;9884;1.343
9887;9882;7.107
9887;9885;3.008
9888;9884;5.394
9859;9889;16.861
9890;9885;5.446
9891;9886;5.630
9892;9887;5.498
9890;9892;7.515
9893;9892;2.086
9894;9890;2.276
9894;9883;7.587
9895;9894;2.363
9895;9896;4.623
9897;9895;3.332
9889;9898;2.382
9874;9899;9.169
9898;9900;1.373
9899;9901;1.070
9897;9902;15.531
9903;9897;12.420
9901;9904;1.255
9868;9905;15.064
9905;9906;2.389
9906;9907;5.407
9904;9908;21.467
9900;9909;28.358
9909;9910;4.092
9907;9911;16.255
9911;9912;1.651
9912;9913;14.757
9908;9914;14.251
9910;9915;15.660
9914;9916;13.772
9913;9917;17.877
9917;9918;0.303
9916;9919;2.671
9918;9919;2.099
9919;9920;2.569
9915;9921;16.655
9921;9922;0.733
9923;9922;18.394
9924;9923;3.126
9920;9925;35.518
9926;9924;38.656
9927;9926;62.271
9925;9928;20.754
9929;9930;14.172
9922;9931;98.921
9932;9927;28.686
9931;9933;9.478
9928;9933;11.755
9933;9934;0.887
9935;9932;9.767
9934;9658;7.156
9659;9936;9.210
9937;9938;8.274
9936;9937;4.257
9939;9940;7.998
9939;9941;4.581
9941;9937;6.654
9942;9943;4.344
9943;9939;2.714
9944;9929;200.568
9945;9936;3.108
9946;9943;4.289
9941;9947;10.810
9948;9945;8.078
528;9945;4.233
9946;9949;15.840
9950;9951;4.723
9950;528;6.937
723;9936;34.852
723;9952;2.683
9952;9953;3.856
9656;9946;15.605
702;9950;2.919
9661;9935;37.605
9952;9954;1.642
9955;9656;17.246
9956;774;6.377
9957;9955;5.591
9957;9958;4.270
9959;9960;4.690
9960;9955;2.805
9961;9957;3.222
9961;702;16.760
9962;774;1.363
9963;9944;71.571
9964;9961;1.546
9962;9965;4.071
9960;9965;2.986
9966;9698;3.497
9966;9967;14.035
9968;9963;8.630
9969;9970;4.342
9970;9964;4.033
9971;9966;1.288
9968;9972;6.905
9972;9973;2.533
9974;9971;1.545
9973;9974;2.267
9975;9698;12.706
9976;9964;20.114
9975;9976;3.265
9977;9978;6.202
9977;9962;8.364
9979;9977;0.761
9980;9975;9.918
9980;9971;7.239
9981;9965;12.341
9981;9970;5.905
9982;9980;11.936
9974;9982;4.453
9982;9983;2.348
9970;9984;10.620
9976;9984;13.123
9985;9986;11.821
9987;9985;19.479
9988;9975;5.389
9983;9989;3.350
9973;9989;6.685
9989;9990;1.202
9988;9991;6.665
9991;9980;6.795
9992;9979;6.885
9992;9993;3.641
9994;9992;5.464
9994;9981;7.147
9995;9660;41.207
9996;9988;4.496
9980;9997;8.393
9998;9994;3.545
9998;9984;12.525
9999;9979;9.477
9999;10000;10.059
10001;9990;8.178
10002;9991;9.873
10003;9998;5.171
10003;10004;6.861
10005;9995;17.376
10006;10007;2.739
10006;9999;7.563
10008;9983;16.418
10009;10005;2.849
10010;10003;3.652
10011;10006;2.264
10012;10010;0.915
10013;10011;2.453
10014;10010;6.197
10014;10015;4.322
10012;10016;8.158
10017;10018;1.601
10016;10017;1.739
10019;10011;5.968
10017;10019;5.079
10019;10013;5.460
10020;10009;3.730
9984;10021;21.818
10022;10016;5.137
10022;10012;8.133
10023;10021;6.470
10024;10013;6.940
10025;10026;1.994
10026;10022;1.253
10027;10026;1.086
10028;10014;9.047
10021;10028;3.502
10029;10024;2.968
10029;10030;2.067
10031;10027;6.934
10032;10023;3.295
10033;10031;8.857
10028;10033;2.426
10034;10029;2.950
10034;10035;3.356
10036;10032;4.804
10037;10038;3.161
10037;10024;4.387
10039;10032;3.722
10031;10040;4.220
10040;10041;2.740
10040;10042;1.808
10043;10034;7.257
10043;10027;8.682
10044;10037;4.834
10039;10023;23.316
10045;10033;10.326
10045;10039;4.029
10046;10043;3.845
10046;10047;8.220
10048;10046;2.926
10049;10045;8.654
10044;10048;17.099
10050;10051;0.621
10051;10052;2.396
10053;10054;1.395
10054;10050;23.052
10055;10056;4.493
10057;10058;1.219
10059;10060;3.651
10061;10062;3.261
10063;10064;7.652
10065;10066;0.667
10067;10068;0.649
10071;10072;0.612
10072;10073;2.325
10070;10074;29.276
10069;10075;49.230
10074;10076;13.438
10076;10063;7.204
10075;10077;13.118
10073;10078;49.365
10079;10080;4.300
10078;10080;34.194
10081;10064;5.938
10064;10079;6.146
10081;10079;4.010
10079;10082;1.809
10080;10082;1.171
10083;10081;2.030
10082;10083;1.665
10082;10084;1.601
10080;10084;4.363
10081;10085;4.718
10083;10085;1.236
10085;10086;4.607
10086;10083;1.897
10084;10086;4.029
10077;10087;8.197
10087;10088;2.024
10089;10086;8.639
10084;10089;9.455
10090;10078;50.200
10085;10091;21.862
10092;10088;50.398
10091;10093;24.759
10094;10095;18.395
10096;10088;21.235
10096;10097;1.898
10098;10099;26.618
10100;10101;7.652
10102;10100;21.978
10103;10104;24.216
10103;10100;3.162
10100;10105;3.420
10106;10092;70.347
10097;10107;24.623
10107;10098;18.790
10108;10103;2.361
10105;10108;1.998
10109;10110;7.136
10109;10096;4.166
10095;10111;22.750
10111;10106;10.742
10100;10112;22.330
10113;10112;14.657
10114;10115;18.480
10089;10114;25.668
10116;10109;16.762
10111;10117;9.877
10114;10118;1.263
10117;10119;2.534
10120;10118;2.593
10118;10121;1.318
10120;10121;4.839
10122;10120;6.005
10123;10109;4.201
10124;10105;37.311
10124;10100;12.360
10125;10126;12.302
10091;10127;123.329
10125;10127;3.452
10108;10128;4.224
10123;10116;23.387
10121;10125;27.374
10121;10129;3.333
10122;10129;11.863
10130;10122;13.092
10130;10131;4.650
10132;10128;1.509
10133;10134;15.206
10131;10135;2.823
10132;10136;1.870
10128;10136;1.585
10107;10137;39.026
10138;10135;2.454
10137;10139;0.843
10119;10140;18.778
10140;10133;17.645
10141;10130;4.605
10141;10135;4.140
10142;10132;2.688
10129;10143;2.106
10144;10138;17.264
10145;10134;4.515
10134;10146;13.178
10146;10123;5.917
10136;10147;2.517
10148;10143;4.404
10129;10148;7.970
10130;10148;15.010
10149;10150;4.927
10143;10150;2.816
10151;10141;3.141
10151;10138;4.695
10150;10152;1.388
10139;10153;5.055
10154;10142;2.626
10155;10140;5.725
10156;10133;9.363
10156;10145;11.445
10157;10156;5.670
10155;10157;12.560
10146;10158;7.745
10159;10160;4.453
10147;10161;2.946
10162;10127;20.231
10152;10162;2.981
10161;10154;2.646
10163;10153;12.955
10162;10164;1.706
10165;10142;47.761
10148;10166;6.351
10167;10166;9.972
10143;10168;11.286
10152;10169;7.642
10168;10169;2.651
10153;10170;11.864
10164;10171;4.649
10172;10163;8.857
10166;10173;5.250
10161;10059;4.839
10059;10154;5.049
10174;10172;1.060
10168;10175;7.922
10173;10175;2.152
10176;10156;11.174
10176;10145;13.132
10176;10177;15.446
10177;10146;4.744
10178;10158;8.089
10177;10178;7.603
10179;10124;8.351
10112;10179;13.422
10158;10180;12.089
10181;10182;14.878
10169;10183;6.700
10175;10183;6.768
10140;10184;29.060
10173;10185;8.128
10185;10151;19.876
10186;10177;1.714
10186;10187;4.443
10171;10188;24.223
10093;10189;50.383
10189;10159;34.464
10185;10190;4.396
10191;10157;14.766
10191;10176;14.249
10182;10192;4.484
10192;10174;11.568
10183;10193;5.317
10191;10194;4.727
10195;10186;1.590
10164;10193;25.929
10184;10196;24.654
10170;10197;33.615
10190;10198;5.809
10193;10199;5.774
10199;10185;15.406
10200;10155;22.227
10201;10200;0.960
10190;10202;6.915
10200;10203;16.476
10203;10191;5.878
10184;10204;16.643
10204;10201;7.458
10205;10195;2.674
10206;10207;2.575
10206;10203;2.863
10180;10208;14.588
10209;10195;14.147
10209;10205;0.644
10205;10210;9.091
10188;10211;13.067
10197;10212;8.812
10213;10206;1.918
10213;10209;18.881
10178;10214;20.111
10208;10214;7.848
10202;10215;7.543
10199;10216;8.016
10208;10217;4.284
10218;10202;10.878
10217;10219;25.904
10192;10219;15.509
10214;10220;4.743
10220;10217;8.513
10221;10213;4.920
10199;10222;13.337
10215;10222;4.483
10204;10223;11.297
10223;10201;11.269
10224;10209;2.805
10219;10225;12.937
10172;10225;28.449
10225;10212;38.703
10226;10224;1.554
10227;10224;9.025
10228;10229;1.943
10228;10060;4.780
10060;10229;4.979
10230;10227;4.209
10230;10220;9.384
10231;10221;16.322
10212;10232;5.925
10233;10221;12.484
10226;10233;1.488
10234;10235;51.333
10234;10228;2.596
10232;10236;0.539
10237;10238;33.102
10229;10239;2.896
10237;10239;59.139
10227;10240;5.645
10240;10241;3.087
10241;10230;6.906
10233;10242;1.833
10243;10225;26.920
10242;10244;4.789
10244;10226;7.136
10245;10234;2.256
10239;10246;1.454
10242;10247;0.771
10247;10248;6.727
10249;10245;1.652
10250;10251;39.962
10147;10251;83.812
10246;10249;2.297
10252;10231;10.962
10248;10252;7.969
10244;10253;2.866
10236;10254;4.169
10255;10056;15.497
10240;10256;4.363
10254;10255;5.193
10257;10243;12.440
10258;10217;16.785
10258;10257;5.326
10259;10256;6.367
10253;10259;4.521
10260;10236;4.269
10260;10254;2.809
10179;10261;25.412
10262;10231;9.607
10252;10262;8.404
10263;10223;13.995
10160;10055;31.206
10254;10264;1.520
10264;10255;1.515
10265;10263;1.801
10265;10262;2.299
10266;10243;6.720
10266;10267;15.368
10268;10260;1.782
10268;10264;1.183
10241;10269;8.693
10270;10268;0.709
10256;10271;5.382
10271;10269;2.166
10264;10272;2.135
10255;10272;5.892
10273;10270;2.896
10273;10268;1.369
10272;10273;1.990
10253;10274;6.612
10257;10275;6.677
10275;10266;11.893
10274;10276;2.732
10259;10276;7.170
10277;10248;9.102
10247;10277;3.420
10278;10260;6.346
10278;10270;1.194
10279;10274;1.943
10215;10280;42.324
10276;10271;9.278
10269;10281;4.446
10281;10258;15.725
10282;10249;7.585
10246;10282;7.499
10283;10277;13.448
10284;10265;8.355
10284;10283;6.216
10281;10285;3.718
10285;10275;19.896
10283;10286;11.248
10277;10286;2.982
10287;10281;19.242
10286;10288;6.020
10288;10287;3.747
10286;10289;0.786
10289;10290;8.473
10288;10290;4.783
10261;10291;27.493
10292;10293;8.137
10290;10293;20.132
10291;10294;18.787
10295;10284;29.104
10289;10295;9.273
10294;10296;2.945
10297;10278;19.125
10298;10297;0.935
10299;10298;0.306
10282;10300;7.750
10301;10263;67.037
10302;10295;6.752
10303;10302;1.824
10304;10299;10.586
10302;10305;11.515
10305;10304;1.387
10303;10306;2.037
10307;10305;0.561
10307;10308;1.131
10306;10309;3.551
10309;10307;0.641
10310;10303;4.845
10310;10311;2.961
10306;10311;1.476
10312;10310;0.848
10311;10313;1.250
10313;10309;1.085
10314;10312;1.508
10314;10313;1.322
10296;10053;18.355
10052;10315;0.887
10315;10312;4.079
10315;10316;0.550
10316;10314;0.603
10317;10318;224.865
10313;10319;1.340
10308;10319;4.784
10320;10314;0.709
10319;10321;0.991
10322;10320;2.066
10321;10322;1.531
10323;10320;1.412
10322;10323;2.104
10324;10316;3.889
10324;10323;1.941
10325;10324;3.577
10321;10325;8.037
10211;10326;35.822
10327;10325;4.570
10328;10329;231.033
10251;10330;62.136
10331;10327;6.231
10331;10332;2.268
10327;10332;5.908
10333;10331;1.247
10332;10334;0.367
10335;10333;2.418
10334;10336;2.575
10337;10237;71.275
10336;10335;2.563
10334;10317;83.306
10330;10333;58.108
10300;10338;23.064
10339;10335;6.786
10336;10339;6.411
10066;10317;24.935
10330;10065;17.376
10329;10067;18.025
10068;10337;15.939
10340;10339;2.046
10340;10341;5.569
10342;10340;5.490
10342;10341;2.134
10341;10343;2.226
10329;10343;61.692
10344;10337;54.454
10344;10342;2.497
10343;10345;0.760
10346;10344;0.584
10345;10346;3.004
10347;10346;8.736
10345;10347;8.928
10348;10347;2.600
10326;10349;25.739
10349;10350;31.332
10350;10351;24.349
10338;10352;57.791
10352;10353;0.414
10354;10348;36.100
10355;10354;19.566
10351;10356;47.464
10353;10357;42.765
10356;10358;9.776
10357;10359;0.742
10360;10361;24.143
10362;10363;82.113
10356;10362;10.269
10359;10364;7.735
10365;10355;31.428
10365;10361;20.482
10364;10366;1.294
10363;10367;32.889
10367;10368;19.053
10366;10369;2.020
10370;10371;175.252
10371;10372;3.935
10373;10369;5.528
10374;10375;22.113
10374;10376;34.281
10361;10377;41.177
10377;10378;22.248
10379;10374;6.552
10379;10380;33.930
10380;10365;7.341
10381;10379;2.037
10382;10373;14.032
10382;10381;5.295
10380;10383;31.560
10377;10383;24.242
10384;10382;3.418
10385;10381;31.350
10385;10380;3.768
10386;10370;83.648
10387;10382;9.750
10387;10385;6.532
10388;10386;12.368
10389;10387;2.351
10389;10385;17.011
10390;10384;25.659
10390;10387;1.545
10368;10391;21.872
10383;10392;26.332
10392;10391;21.164
10393;10384;23.679
10385;10392;59.770
10393;10394;13.709
10395;10382;48.575
10396;10389;10.416
10397;10389;6.322
10398;10395;5.053
10399;10393;23.807
10399;10390;5.405
10400;10397;1.310
10395;10401;12.063
10394;10401;9.109
10402;10396;8.633
10397;10402;10.359
10403;10400;2.414
10404;10399;3.553
10405;10398;9.795
10406;10395;16.136
10406;10398;9.091
10407;10408;2.117
10408;10403;4.040
10400;10409;16.496
10409;10410;8.799
10411;10412;1.964
10412;10404;0.869
10413;10405;2.309
10413;10414;1.716
10415;10411;11.181
10415;10411;4.646
10416;10406;3.576
10416;10405;5.607
10402;10417;10.324
10417;10408;8.689
10418;10394;27.578
10418;10415;6.924
10419;10403;3.834
10419;10409;9.252
10420;10418;4.237
10404;10421;13.071
10421;10396;22.045
10418;10422;3.377
10422;10412;3.922
10423;10388;146.550
10372;10423;77.186
10424;10419;6.686
10358;10425;36.889
10426;10417;10.727
10421;10427;4.000
10426;10427;4.299
10425;10428;0.517
10429;10422;3.929
10401;10430;25.493
10430;10429;0.273
10431;10432;3.761
10433;10424;15.155
10434;10426;6.785
10435;10413;18.447
10435;10430;3.910
10436;10421;13.077
10434;10437;2.162
10437;10424;16.432
10427;10438;6.991
10438;10434;4.780
10433;10439;7.271
10419;10439;7.166
10439;10431;15.013
10440;10436;3.820
10441;10435;4.461
10442;10416;20.426
10442;10441;1.804
10439;10443;3.102
10443;10431;12.960
10444;10423;35.376
10444;10442;1.012
10445;10438;13.828
10446;10391;19.152
10447;10436;13.689
10445;10447;8.239
10448;10445;3.346
10447;10449;2.858
10448;10450;18.102
10437;10450;13.921
10451;10429;18.673
10449;10451;6.128
10452;10441;8.102
10451;10452;26.030
10453;10448;2.999
10454;10439;16.323
10444;10455;10.839
10452;10455;3.637
10456;10454;7.056
10457;10456;0.953
10450;10458;4.963
10457;10458;22.030
10458;10459;8.483
10459;10457;2.981
10453;10460;5.052
10454;10461;6.052
10462;10463;22.089
10444;10462;8.583
10456;10464;3.103
10465;10449;8.238
10465;10453;8.025
10443;10466;6.019
10467;10461;3.713
10468;10458;6.430
10468;10459;4.980
10455;10469;10.657
10466;10470;1.726
10465;10471;11.478
10471;10472;3.483
10461;10473;15.301
10473;10466;7.673
10473;10470;7.754
10470;10474;1.200
10474;10446;7.898
10474;10475;1.087
10476;10471;8.039
10462;10477;7.632
10478;10468;12.583
10478;10479;2.348
10479;10473;21.595
10455;10480;16.388
10458;10481;14.921
10481;10478;14.233
10481;10476;13.063
10482;10465;15.437
10469;10483;20.066
10484;10482;8.332
10485;10476;7.675
10481;10486;4.453
10480;10487;21.999
10487;10488;3.528
10482;10488;3.674
10475;10489;22.626
10489;10490;0.498
10446;10490;28.758
10490;10491;3.625
10479;10492;11.332
10484;10493;9.373
10486;10494;5.840
10494;10495;2.385
10493;10486;20.215
10496;10493;4.702
10497;10483;28.747
10469;10497;24.649
10477;10498;16.274
10483;10498;21.302
10480;10499;16.762
10428;10500;16.398
10501;10499;12.353
10488;10501;11.665
10502;10497;5.569
10499;10502;8.315
10498;10503;5.482
10500;10504;1.583
10502;10503;50.896
10490;10505;49.441
10506;10501;54.740
10494;10506;19.935
10474;10506;17.463
10506;10507;53.592
10475;10507;18.366
10507;10508;2.034
10509;10477;22.541
10508;10510;29.443
10501;10511;59.758
10506;10511;10.882
10510;10512;4.994
10507;10513;17.392
10511;10514;9.118
10514;10515;2.387
10507;10516;14.931
10517;10509;15.696
10062;10517;3.163
10503;10518;74.776
10504;10519;26.558
10515;10520;10.470
10519;10521;0.715
10515;10522;28.144
3656;10523;22.726
10523;10524;70.424
10524;10525;18.700
10525;10526;1.039
10526;10527;15.714
10527;10061;31.456
10521;10528;24.443
10520;10529;23.232
10530;10527;18.296
10516;10531;31.212
10512;10532;49.761
10529;10057;11.284
10528;10533;52.590
10058;10534;0.168
10534;10535;7.957
10536;10523;39.325
10537;10536;0.264
10533;7361;21.813
10538;10530;32.149
10532;10539;24.674
10535;10540;12.762
10540;10541;6.725
10531;10542;34.912
10542;10543;3.153
10544;10537;33.701
10541;10545;15.472
10546;10538;38.777
10547;10544;7.457
10548;10547;3.668
10549;10546;8.499
10550;10549;0.910
10549;10551;3.645
10551;10552;5.729
10553;10550;3.883
10554;10553;8.166
10554;10555;5.264
10555;10556;4.251
10557;10553;16.432
10557;10558;4.890
10558;10559;0.939
10555;10560;9.744
10560;10557;13.665
10559;10561;2.805
10559;10562;9.477
10563;10562;4.595
10561;10564;5.853
10564;10562;4.841
10563;10565;6.479
10566;10561;8.288
10567;10560;9.477
10562;10568;7.670
10568;10565;4.732
10569;10548;13.835
10569;10554;11.809
10566;10570;4.530
10570;10564;8.095
10567;10571;3.921
10564;10572;9.153
10572;10568;4.817
10573;10571;9.088
10573;10574;3.404
10571;10574;5.769
10570;10575;8.141
10572;10575;6.754
10565;10576;14.004
10577;10567;11.498
10577;10566;14.348
10572;10578;6.342
10575;10579;3.817
10571;10580;9.168
10581;10573;7.357
10582;10569;12.751
10581;10582;2.227
10580;10583;1.974
10584;10581;5.595
10584;10574;6.404
10580;10584;10.286
10585;10577;11.906
10579;10585;10.754
10579;10586;10.299
10586;10578;7.467
10581;10583;19.768
10587;10582;6.149
10582;10588;10.470
10583;10589;8.684
10589;10585;6.211
10589;10590;1.200
10591;10586;7.573
10592;10590;4.005
10590;10593;4.645
10578;10594;19.547
10539;10595;53.233
10592;10596;7.275
10596;10591;6.753
10592;10597;4.762
10591;10598;5.918
10596;10599;14.031
10543;10600;25.809
10594;10601;6.585
10599;10587;50.533
10602;10601;3.200
10545;10603;39.684
10600;10604;14.161
10603;10605;8.649
10595;10606;26.536
10606;10607;6.680
10608;10602;47.509
10605;10608;23.222
10607;10609;20.159
10604;10610;31.303
10608;10611;12.361
10610;10612;0.926
10612;10613;7.185
10611;10614;20.985
10614;10615;0.495
10615;10616;15.190
10616;10617;20.314
10617;10618;21.136
10618;10619;20.899
10620;10621;9.262
10622;10623;7.709
10623;10620;8.855
10624;10623;9.548
10620;10625;7.060
10624;10626;4.690
10627;10624;18.048
10623;10628;5.941
10629;10627;1.283
10628;10630;3.807
10630;10631;39.847
10631;10632;25.968
10633;10634;4.082
10635;10633;2.325
10632;10636;3.492
10637;10635;7.952
10637;10638;1.418
10636;10639;0.539
10640;10641;9.501
10641;10637;9.378
10641;10642;1.355
10639;10643;3.033
10643;10640;5.610
10643;10644;1.091
10645;10646;9.883
10645;10647;1.800
10648;10640;5.630
10649;10650;4.350
10651;10645;2.409
10644;10651;5.530
10644;10652;2.536
10652;10651;9.447
10651;10653;11.110
10652;10654;3.615
10655;10649;19.206
10656;10655;4.996
10651;10657;18.963
10654;10657;7.717
10654;10658;0.978
10658;10656;3.870
10659;10660;0.199
10657;10661;2.922
10661;10662;6.940
10656;10663;7.076
10658;10664;2.585
10664;10663;5.027
10665;10661;15.179
10663;10666;12.384
10667;10665;9.533
10664;10667;4.239
10667;10668;2.175
10619;10669;9.788
10668;10670;7.042
10660;10671;15.918
10671;10672;0.263
10669;10673;7.365
10672;10674;8.798
10670;10674;7.219
10673;10675;9.525
10674;10676;46.676
10675;10677;31.784
10678;10679;5.449
10679;10680;0.254
10674;10681;41.260
10680;10682;57.297
10683;10684;0.454
10684;10685;10.938
10686;10683;10.941
10687;10686;4.248
10687;10688;4.020
10689;10690;42.250
10688;10691;0.884
10691;10692;9.794
10690;10693;15.982
10691;10693;5.378
10693;10694;1.720
10692;10695;20.706
10694;10696;4.233
10695;10697;6.586
10694;10698;2.347
10690;10698;22.150
10693;10699;12.738
10699;10692;18.945
10696;10700;5.925
10696;10700;13.914
10699;10701;6.033
10697;10702;15.175
10695;10703;18.595
10700;10704;7.508
10704;10701;5.622
10705;10706;15.829
10698;10706;4.399
10706;10707;1.668
10701;10708;9.712
10703;10708;7.464
10708;10709;1.205
10704;10710;6.175
10706;10711;5.896
10711;10704;13.484
10703;10712;8.785
10697;10712;22.856
10713;10714;12.704
10707;10713;1.311
10705;10715;22.209
10715;10716;2.187
10712;10717;3.788
10716;10718;17.098
10713;10718;0.640
10709;10719;5.311
10710;10720;6.994
10720;10709;6.590
10710;10721;5.740
10720;10722;1.385
10722;10719;6.545
10707;10723;8.153
10719;10724;5.613
10724;10717;9.506
10717;10725;11.663
10726;10725;15.416
10723;10727;6.705
10711;10728;12.932
10721;10728;7.018
10722;10729;6.173
10728;10730;1.159
10723;10727;10.794
10727;10730;7.006
10725;10731;4.890
10732;10715;85.491
10724;10733;11.257
10733;10731;9.883
10730;10734;12.444
10735;10733;10.919
10721;10736;22.629
10736;10735;1.950
10734;10737;5.709
10737;10736;3.981
10731;10738;35.806
10739;10740;9.939
10734;10740;7.637
10737;10741;5.673
10735;10741;7.674
10738;10742;2.797
10718;10743;15.053
10744;10743;0.211
10745;10740;8.830
10738;10746;9.116
10740;10747;14.084
10733;10748;22.629
10748;10746;36.778
10741;10749;29.388
10750;10749;19.795
10748;10751;20.696
10749;10751;9.802
10746;10752;44.423
10751;10753;12.909
10752;10753;1.947
10753;10754;2.083
10743;10753;102.487
10755;10744;79.644
10756;10755;10.996
10757;10758;0.571
10758;10759;3.130
10760;10761;0.666
10762;10763;7.054
10764;10762;8.040
4807;10765;12.744
10766;10764;28.800
10767;10766;5.193
10765;10760;16.449
10761;10768;5.014
10768;10769;1.083
10770;10767;42.827
10771;10770;1.234
10769;10772;8.766
10768;10773;29.577
10759;10771;21.191
10773;10774;18.086
10775;10757;2.551
10774;10776;3.191
10777;10776;20.350
10775;10778;0.470
10776;10779;1.617
10780;10778;1.224
10778;10781;4.540
10779;10782;3.456
10782;10780;1.580
10783;10779;5.048
10784;10782;1.681
10785;10783;2.490
10784;10785;4.314
10784;10786;2.810
10780;10786;5.178
10776;10787;8.842
10783;10787;4.085
10786;10788;4.087
10788;10789;0.994
10781;10789;6.989
10785;10790;3.684
10787;10791;2.759
10789;10792;3.994
10781;10793;14.941
10791;10790;8.069
10790;10794;7.589
10788;10794;7.229
10793;10795;4.483
10796;10792;5.864
10797;10793;5.183
10798;10796;1.054
10792;10798;7.553
10795;10799;4.669
10798;10800;3.949
10797;10801;4.243
10795;10801;4.195
10800;10802;2.760
10802;10797;3.195
10794;10803;9.055
10796;10803;4.601
10800;10804;1.777
10799;10805;3.582
10801;10806;4.273
10799;10806;4.242
10802;10806;9.628
10805;10807;4.157
10806;10808;6.912
10807;10808;4.025
10807;10809;7.140
10803;10810;27.888
10810;10811;2.370
10808;10811;5.144
10811;10812;2.874
10812;10809;4.652
10809;10813;4.925
10814;10810;3.683
10812;10814;7.941
10812;10815;4.265
10815;10813;6.001
10791;10816;42.679
10815;10817;4.082
10817;10818;3.863
10813;10819;12.925
10818;10820;3.904
10820;10821;3.002
10821;10819;2.919
10819;10822;3.176
10822;10823;6.462
10816;10824;15.350
10817;10824;11.449
10824;10825;2.089
10818;10825;8.491
10822;10826;2.484
10821;10827;5.102
10826;10827;3.764
10820;10828;6.430
10827;10828;1.304
10826;10829;5.972
10828;10830;6.589
10829;10830;4.325
10825;10831;16.719
10831;10830;2.055
10830;10832;7.275
10833;10831;13.716
10829;10834;14.118
10834;10835;2.816
10832;10836;5.522
10832;10837;6.094
10834;10837;3.792
10837;10838;7.002
10834;10838;13.263
10838;10839;13.966
10840;10841;1.609
10842;10843;0.635
10772;10844;23.147
10844;10845;45.325
10846;10847;6.022
10847;10848;53.919
10845;10849;32.376
10850;10851;19.423
10849;10851;3.407
10852;10853;14.661
10851;10854;1.433
10854;10852;10.153
10854;10855;1.466
10855;10856;7.934
10854;10857;11.269
10857;10853;8.018
10855;10840;1.066
10857;10858;6.115
10853;10858;10.215
10858;10859;4.103
10841;10860;1.826
10848;10861;22.693
10860;10862;7.572
10863;10864;6.870
10860;10863;1.872
10865;10862;4.014
10863;10865;5.121
10862;10866;8.069
10863;10867;2.006
10865;10868;3.692
10868;10866;7.025
10866;10869;7.446
10867;10870;1.868
10867;10871;6.475
10868;10871;5.570
10866;10872;6.899
10861;10873;5.564
10874;10871;2.656
10873;10875;4.370
10875;10842;0.347
10870;10874;4.340
10843;10876;4.499
10872;10877;7.840
10876;10878;1.499
10870;10878;2.093
10872;10879;3.919
10878;10874;9.701
10871;10880;6.233
10879;10880;6.735
10881;10876;7.074
10878;10881;1.743
10881;10882;0.966
10880;10883;12.000
10879;10883;8.712
10882;10884;5.450
10884;10880;11.867
10884;10885;1.659
10885;10886;6.202
10880;10886;10.565
10887;10888;7.161
10882;10888;2.014
10885;10889;3.178
10883;10890;5.584
10886;10890;12.705
10888;10891;0.889
10890;10892;11.602
10891;10893;10.763
10886;10893;9.038
10894;10893;1.575
10894;10890;17.226
10891;10895;2.557
10895;10894;13.290
10895;3728;129.013
10896;10897;3.890
10897;10898;0.690
10898;10899;0.246
10900;10897;2.917
10900;10898;2.813
10899;10901;1.850
10899;10902;4.980
10901;10902;8.298
10903;10900;3.274
10903;10902;1.888
10904;10903;3.828
10905;3197;7.732
10906;10907;1.091
10908;10909;15.440
10910;10911;6.921
10912;10913;0.830
10914;10915;0.377
10916;10917;2.170
10918;10919;4.562
10920;3131;2.448
10921;10922;11.294
10923;10924;4.482
10925;10926;16.981
10927;10928;11.234
10929;10930;18.002
10931;10932;17.685
10929;10931;10.854
10931;10925;21.289
10923;10933;1.172
10934;10935;14.773
10935;10923;8.430
10935;10932;29.237
10924;10936;16.971
10924;10929;4.259
10932;10928;17.784
10937;10938;12.116
10932;10927;7.391
10927;10937;4.752
10925;10927;4.813
7173;7196;53.622
10939;10940;15.341
10940;10941;2.952
10942;10920;33.412
10943;10944;10.945
10944;10945;4.471
10946;10945;4.235
10940;10947;12.598
10947;10943;3.746
10948;10947;7.429
10943;10949;4.843
10945;10950;7.260
10950;10942;16.820
3188;10951;17.625
10952;10950;6.911
10953;10950;14.166
10952;10953;6.018
10951;3189;5.767
10947;10954;11.104
10954;10955;4.517
10955;10944;15.743
10917;10952;3.620
10916;10956;0.402
3190;3191;4.261
10954;10957;13.217
10953;10957;6.384
10956;10958;29.308
10957;10959;1.771
10959;10960;21.115
10958;10961;13.074
10960;10962;8.692
3192;10963;17.507
10964;10951;45.731
10965;10964;19.510
10961;10966;18.432
10962;10967;16.745
10968;10965;23.800
10968;10969;1.799
10970;10968;23.430
10971;10965;9.715
10972;10969;16.950
10972;10971;8.942
10973;10972;8.800
10969;10973;10.275
10973;10974;4.304
10967;10975;5.552
10963;10905;10.859
3199;10976;8.370
10976;10977;19.191
10977;10978;4.630
10978;10979;1.904
10979;10980;18.730
10981;10977;17.468
10978;10981;11.841
10982;10983;9.146
10982;10981;14.975
10979;10910;29.443
10982;10984;59.142
10981;10985;59.022
10911;10986;4.069
10985;10908;3.462
10987;10911;8.152
10986;10988;15.621
10989;10987;6.332
10989;10990;9.513
10988;10991;1.883
10991;10987;8.240
10992;10991;1.731
10992;10993;10.746
10994;10909;11.705
10995;10992;2.227
10995;10993;8.738
10993;10996;6.004
10996;10997;2.764
10997;10989;18.758
10997;10998;2.227
10998;10999;1.386
11000;10999;4.465
11001;10996;5.494
11002;10995;2.162
11001;11002;8.010
10988;11003;22.486
11002;11003;6.157
11003;10994;53.360
11004;10998;7.005
10999;11004;8.777
11005;11002;2.234
11006;11001;9.576
11004;11006;2.649
11007;11008;21.072
11009;11005;1.790
11010;11006;4.495
11010;11011;2.185
11004;11011;6.407
11012;11007;81.149
11013;11009;10.979
11013;11010;6.105
11011;11014;5.016
10975;11015;67.218
11016;11017;15.434
11015;11016;28.349
11018;11012;6.291
11015;11019;1.157
11020;11013;5.467
11014;11020;7.234
11014;11021;4.664
11021;11012;12.710
11022;11007;17.470
11022;11019;2.025
11023;11024;14.801
11024;11022;2.011
11005;11025;16.877
11026;11009;5.309
11020;11026;4.036
11027;10984;22.696
11028;11024;3.332
11029;11030;14.417
11029;11028;2.185
11031;11032;12.602
11021;11033;6.657
11025;11034;7.963
11025;11035;5.779
11036;11034;3.365
11033;11037;17.153
11037;11029;7.352
11038;11034;5.310
11035;11038;5.018
11039;11035;3.678
11026;11039;12.876
11040;11026;3.370
11041;11036;4.762
11042;11027;2.248
11043;11016;16.878
11043;11031;42.742
11044;11040;1.052
11033;11044;10.587
11038;11045;3.928
11039;11045;4.734
11046;11044;1.076
11046;11037;8.671
11047;11036;13.191
11048;11049;1.834
11047;11049;7.368
11050;11028;19.137
11028;11051;24.670
11052;11043;19.800
11051;11052;8.536
11047;11053;4.795
11049;11054;3.216
11045;11055;10.682
11046;11040;22.289
11056;11047;7.905
11055;11056;5.742
11053;11057;15.772
11056;11058;4.946
11059;11053;6.724
11058;11059;4.257
11059;11060;11.963
11050;11061;17.803
11046;11062;9.629
11062;11050;19.668
11058;11063;10.579
11064;11065;4.731
11063;11064;3.559
11060;11066;18.751
11061;11067;14.292
11067;11051;24.880
11064;11068;19.888
11067;11069;4.759
11063;11070;17.833
11055;11070;25.414
11060;11071;15.687
11062;11072;7.249
11072;11061;19.617
11073;11074;23.367
11066;11074;17.808
11071;11075;6.041
11070;11076;6.411
11072;11077;5.466
11077;11067;19.810
11078;11079;8.484
11080;11042;13.520
11077;11081;2.340
11082;10933;16.125
11083;11082;20.394
11074;11082;31.554
11084;11080;4.423
11082;11085;5.628
11081;11086;10.360
11085;11087;20.933
11066;11088;42.369
11081;11089;3.681
11089;11086;3.737
11086;11090;9.644
11089;11091;1.537
11090;11092;4.681
11092;11078;13.352
11032;11093;90.884
11094;11095;8.831
11077;11094;21.109
11092;11096;14.082
11096;11097;3.045
11094;11098;3.561
11098;11099;3.763
11091;11100;10.428
11101;11102;7.073
11098;11101;11.770
11097;11103;25.765
11103;11104;23.905
11103;11105;12.951
11090;11106;44.935
11091;11107;16.095
11070;11108;62.649
11046;11108;31.482
11101;11108;23.833
11109;11084;12.202
11105;11110;32.358
11093;11110;46.162
11111;11107;9.992
11110;11112;12.796
11112;11113;5.754
11113;11114;6.095
11106;11115;19.661
11107;11116;6.730
11108;11117;3.944
11114;11118;23.506
5415;10974;175.115
11119;11116;10.927
11115;11120;26.667
11120;11110;23.799
11116;11121;8.776
11115;11121;17.950
11120;11122;6.751
11120;11123;13.386
11123;11112;27.305
11117;11124;9.148
11123;11125;5.835
11113;11125;29.419
11121;11126;5.009
11122;11126;8.139
11125;11127;5.438
11114;11127;30.954
11122;11128;12.431
11126;11129;6.178
11125;11129;18.325
11129;11130;0.920
11127;11131;24.640
11124;11132;10.055
11130;11133;4.006
11117;11134;14.807
11134;11135;33.840
11132;11136;2.271
11132;11137;5.714
11133;11138;1.869
11137;11139;3.478
11140;11136;4.534
11140;11137;6.148
11139;11141;4.340
11142;11140;1.444
11139;11143;4.212
11141;11143;4.048
11144;11142;1.260
11143;11145;2.111
11145;11144;3.164
11135;11146;16.788
11136;11147;3.886
11142;11147;7.763
11148;11144;3.860
11145;11148;6.011
11146;11149;52.491
11121;11150;47.573
11151;11141;23.413
11135;11151;24.717
11146;11152;38.198
11147;11153;16.829
11148;11154;46.226
11155;11156;6.903
11157;11158;28.106
11159;11157;8.420
11160;11161;25.886
11160;11155;3.985
11152;11162;3.092
11162;11163;1.642
11155;11164;10.628
11164;11165;8.324
11166;11160;10.415
11166;11164;3.933
11167;11157;11.068
11168;11167;5.076
11169;11154;32.426
11151;11169;57.026
4846;11109;33.235
11170;11166;4.671
11171;11168;7.426
11171;11168;11.504
11170;11171;5.151
11172;11170;2.103
11173;11167;13.780
11173;11171;3.948
11174;11173;1.554
11174;11172;4.173
11175;11176;12.540
11177;11174;3.303
11178;11177;2.015
11178;11172;10.402
11177;11179;5.554
11180;11175;9.713
11181;11178;9.957
11181;11180;10.476
11182;11183;7.185
11182;11181;2.420
11184;11182;1.675
11184;11185;11.893
11154;11186;37.675
11187;11184;7.328
11188;11169;57.188
10919;11187;9.056
11138;11189;57.148
11190;10918;51.139
11191;11190;11.055
11192;11193;17.336
11192;11191;4.963
11191;11194;19.704
11192;11195;4.767
11196;11195;2.827
11197;11192;5.551
11189;11198;7.919
11199;11197;4.936
11200;11199;1.527
11200;11201;2.026
11201;11202;4.664
11202;11203;1.510
11203;11204;5.047
11197;11204;17.451
11205;11200;4.862
11195;11206;18.966
11204;11206;17.267
11207;11205;1.246
11208;11198;39.986
11208;11207;0.734
11206;11209;5.839
11205;11210;5.376
11211;11201;6.762
11202;11212;10.646
11198;11213;5.356
11213;11214;0.429
11214;11208;7.179
11209;11215;22.063
11216;11212;26.762
11212;11216;7.245
11214;11217;4.120
11207;11218;18.564
11217;11218;9.225
11216;11219;7.597
11217;11220;3.077
11218;11220;7.875
11213;11221;16.273
11220;11222;25.996
11153;11223;74.288
11223;11224;7.815
11224;4858;1.599
11220;11225;61.793
11226;11221;77.899
11227;11228;15.859
11228;11229;8.948
11230;11231;8.113
11228;11231;9.074
11232;11229;8.232
11163;11233;139.274
11229;11234;11.480
11231;11235;11.346
11235;11232;4.606
11234;11236;2.279
11232;11237;7.797
11236;11237;7.034
11238;11239;11.988
11234;11240;15.759
11241;11242;1.624
11243;11238;8.152
11243;11244;5.391
11245;11235;6.973
11246;11238;6.108
11245;11247;8.096
11235;11247;10.279
11248;11241;4.568
11249;11236;11.927
11240;11249;5.282
11247;11250;2.784
11237;11250;6.554
11225;11251;16.428
11250;11252;6.074
11236;11252;9.661
11252;11253;6.416
11249;11253;3.943
11240;11254;12.432
11255;11245;8.772
11250;11256;3.132
11255;11257;11.954
11243;11258;9.929
11258;11241;8.444
11255;11256;19.595
11254;11259;8.265
11260;11258;2.708
11259;11260;17.071
11260;11261;35.965
11253;11262;6.390
11252;11263;7.464
11256;11264;7.523
11263;11264;4.528
11264;11265;8.716
11263;11266;7.134
11254;11266;25.849
11259;11267;13.447
11261;11268;19.769
11266;11269;8.127
11260;11270;30.935
11270;11261;21.374
11233;11271;10.033
11269;11272;6.768
11251;11273;8.666
11269;11274;25.113
11275;11251;66.061
11272;11276;8.047
11267;11276;38.440
11270;11277;28.590
11278;11226;27.242
11272;11279;29.145
11279;11280;12.269
11280;11281;13.188
11279;11282;23.379
11280;11283;30.952
11276;11284;48.019
11271;11285;15.664
11273;11286;15.445
11287;11275;33.329
11288;11289;40.167
11288;11278;14.297
11286;11290;1.954
11283;11290;9.516
11291;11288;3.566
11292;11287;9.462
11292;11291;23.291
11285;11293;5.049
11294;11291;7.418
11295;11296;14.062
11295;11294;1.243
11297;11293;16.970
11298;11297;3.767
11299;11295;4.461
11300;11297;9.835
11300;11299;3.765
11299;11301;5.350
11301;11302;7.783
11303;11300;2.102
11301;11304;3.179
11302;11304;6.613
11305;11301;8.949
11303;11306;4.283
11306;11305;7.256
11302;11307;9.375
11306;11308;4.357
11309;11303;4.375
11304;11310;6.001
11294;11311;23.740
11310;11307;10.935
11306;11312;4.032
11308;11312;6.802
11307;11313;4.320
11313;11311;5.276
11309;11314;5.119
11308;11314;5.890
11305;11315;9.267
11315;11310;9.458
11310;11316;4.199
11312;11317;4.769
11317;11315;5.357
11290;11318;33.020
11313;11319;2.721
11314;11320;4.385
11311;11321;7.838
11319;11322;2.935
11316;11323;5.349
11323;11319;9.558
11322;11324;2.233
11325;11316;9.281
11315;11326;8.353
11326;11325;2.958
11323;11327;3.066
11327;11322;10.260
10907;11309;21.098
11324;11328;2.767
11321;11329;9.194
11329;11330;8.907
11328;11331;3.013
11327;11332;3.553
11332;11328;11.785
11320;11333;14.726
11317;11333;11.464
11333;11326;7.627
11332;11331;11.966
11325;11334;8.684
11334;11332;2.587
11331;11329;11.532
11318;10912;3.226
11330;11335;4.223
11326;11336;10.132
11336;11334;2.361
11331;11337;4.201
11320;11338;21.487
11333;11339;11.567
11339;11336;8.996
11338;11339;19.010
11339;11340;15.323
10913;11341;8.685
11341;11342;2.642
11342;10922;2.443
10922;11343;12.884
11343;10914;0.160
10915;11344;0.584
11345;11346;3.634
11347;11348;5.547
11349;11350;0.582
11351;11352;0.307
11353;11354;0.553
11355;11356;0.301
11357;11358;0.433
11359;11360;0.337
11361;11362;0.496
11363;11364;1.142
11365;11366;0.576
11367;11368;0.617
11369;11370;0.540
11371;11372;0.529
11373;11374;0.653
11375;11376;0.829
11377;11378;0.730
11379;11380;2.684
11381;11382;0.374
11383;11384;0.624
11385;11386;0.573
11387;11388;0.660
11389;11390;2.314
11390;11391;27.274
11391;11392;26.103
11392;11393;13.414
11393;11394;8.415
11394;11395;5.900
11395;11396;4.866
11396;11397;56.224
11397;11351;8.169
11352;11398;2.307
11398;11353;17.896
11399;11400;2.756
11400;11401;7.078
11401;11402;10.187
11403;11401;1.935
11403;11404;17.813
11404;11405;4.299
11406;11405;13.512
11406;11407;5.604
11408;11406;2.375
11405;11409;6.608
11408;11410;4.690
11411;11408;24.403
11412;11403;21.687
11412;11411;8.230
11413;11412;7.890
11414;11413;10.931
11415;11416;2.699
11416;11414;7.472
11417;11414;6.020
11418;11419;3.282
11418;11416;19.271
11420;11421;3.688
11416;11422;5.182
11421;11418;15.947
9714;11423;60.725
11354;11424;19.538
11424;11355;1.722
11423;11375;21.191
11356;11425;8.672
11425;11426;9.242
11426;11357;14.592
11358;11359;20.823
11360;11427;22.307
11427;11428;3.649
11428;11429;11.683
11429;11430;2.075
11431;11429;12.811
11432;11430;1.515
11433;11431;6.748
11432;11433;1.059
11431;11434;5.654
11433;11435;2.700
11436;11435;0.562
11437;11432;2.119
11438;11437;0.519
11439;11436;1.691
11440;11441;6.052
11378;11439;41.791
11442;11438;3.962
11437;11442;20.795
11443;11442;3.262
11444;11442;0.326
11444;11445;7.553
11440;11446;15.005
11447;11440;10.442
11448;11444;1.147
11449;11450;3.955
11449;11451;6.515
11452;11447;3.313
11447;11453;6.202
11454;11438;21.990
11454;11448;5.500
11455;11456;1.739
11457;11448;2.884
11458;11454;4.056
11459;11449;8.175
11459;11458;1.748
11457;11458;12.548
11460;11452;6.644
11449;11461;8.759
11461;11459;3.689
11456;11462;5.930
11462;11461;2.393
11460;11463;4.772
11452;11464;11.644
11465;11462;4.251
11466;11457;3.971
11464;11466;10.492
11464;11467;4.506
11468;11469;1.397
11470;11465;4.883
11470;11471;4.442
11469;11472;3.877
11472;11473;4.854
11472;11474;7.355
11474;11475;7.446
11476;11470;3.034
11476;11477;6.492
11478;11466;4.419
11478;11460;26.333
11479;11478;0.407
11480;11472;7.137
11481;11379;5.027
11474;11482;9.083
11482;11476;18.113
11482;11483;6.649
11346;11483;2.537
11484;11485;5.623
11485;11480;12.480
11485;11345;1.465
11486;11480;12.517
11486;11485;7.841
11487;11377;29.294
11380;11488;13.197
11488;11487;7.740
11479;11489;3.849
11490;11486;10.078
11491;11486;28.206
11492;11491;1.879
11493;11494;8.113
11495;11496;6.584
11493;11495;8.933
11497;11493;6.460
11498;11497;3.728
11493;11499;5.798
11500;11497;5.177
11500;11499;3.816
11489;11501;6.448
11502;11500;3.379
11499;11495;22.498
11501;11503;5.717
11376;11381;169.373
11503;11504;17.966
11504;11505;7.301
11505;11361;24.572
11382;11383;51.839
11362;11506;1.261
11506;11507;4.648
11384;11508;9.082
11508;11509;6.299
11507;11510;8.856
11509;11511;1.924
11511;11512;3.989
11511;11513;1.759
11513;11514;6.254
11515;11516;2.764
11517;11518;3.180
11518;11519;5.622
11515;11520;0.996
11513;11521;4.628
11522;11515;3.493
11522;11523;1.574
11524;11522;2.624
11521;11524;6.878
11518;11525;10.479
11521;11526;2.643
11519;11527;12.559
11526;11528;1.255
11525;11529;5.248
11527;11529;0.893
11528;11530;4.725
11525;11531;4.831
11532;11533;3.509
11529;11534;4.594
11533;11535;4.749
11526;11536;3.684
11536;11535;0.277
11524;11537;10.705
11535;11538;1.121
11538;11539;1.891
11539;11540;0.512
11540;11541;2.535
11540;11542;1.018
11534;11542;6.523
11542;11543;1.296
11534;11543;8.654
11539;11544;5.303
11536;11545;12.955
11528;11546;15.396
11545;11546;3.235
11547;11548;0.608
11548;11385;0.670
11549;11527;23.274
11543;11549;5.878
11549;11550;0.765
11551;11550;7.496
11552;11553;7.472
11552;11548;1.110
11388;11481;175.859
11550;11552;7.778
11554;11555;4.601
11556;11557;6.222
11546;11557;5.158
11557;11558;0.946
11558;11554;5.228
11548;11559;5.457
11557;11560;6.415
11560;11545;8.247
11561;11562;6.311
11561;11538;13.649
11386;11387;40.414
11558;11563;5.754
11560;11563;4.055
11554;11564;5.705
11565;11561;4.385
11542;11565;18.678
11566;11565;3.929
11563;11567;7.565
11567;11566;8.118
11566;11568;3.373
11568;11569;3.739
11568;11570;2.004
11570;11571;1.612
11570;11572;3.146
11368;11573;5.278
11510;11574;22.190
11370;11367;59.471
11574;11575;2.078
11576;11371;1.487
11372;11369;30.403
11577;11576;19.579
11575;11578;34.373
11578;11579;1.365
11579;11580;5.719
11578;11580;7.718
11580;11577;7.610
11581;11582;6.800
11583;11584;6.541
11584;11585;6.036
11584;11581;5.790
11579;11586;0.916
11580;11586;6.395
11584;11587;7.236
11588;11583;5.753
11587;11588;3.809
11581;11589;4.971
11590;11588;2.814
11587;11591;4.615
11591;11592;6.083
11586;11363;1.602
11590;11593;5.987
11591;11593;10.600
11594;11590;10.835
11594;11593;12.472
11595;11593;7.272
11596;11594;6.770
11597;11596;5.235
11597;11595;7.238
11598;11597;1.866
11598;11595;6.342
11599;11598;2.206
11599;11600;2.883
11364;11601;3.341
11602;11596;13.632
11603;11602;4.878
11603;11599;9.895
11600;11604;21.180
11605;11603;7.242
11605;11600;16.252
11606;11605;12.151
11601;11607;9.270
11607;11608;0.600
11609;11348;2.141
11348;11606;26.181
11610;11611;5.195
11610;11608;6.252
11608;11349;4.366
11612;11349;3.338
11349;11610;17.273
11350;11613;3.676
11347;11613;8.174
11350;11614;7.919
11615;11614;8.500
11613;11615;3.022
11615;11616;1.895
11617;11618;5.478
11614;11618;4.555
11613;11619;3.191
11616;11620;4.928
11620;11621;1.909
11618;11622;6.668
11620;11623;2.764
11618;11624;12.214
11624;11625;7.495
11616;11626;9.179
11626;11627;3.600
11626;11628;3.747
11627;11629;1.597
11619;11629;1.454
11630;11627;12.663
11629;11631;8.578
11631;11632;102.845
11633;11634;2.437
11633;11635;1.034
11636;11635;1.957
11635;11637;4.729
11638;11639;10.261
11634;11640;5.511
11640;11641;1.829
11641;11633;5.210
11634;11642;9.333
11642;11640;2.630
11643;11644;3.538
11645;11643;5.811
11637;11646;2.835
11646;11638;1.068
11642;11643;2.499
11641;11647;1.593
11637;11647;1.320
11632;11648;8.451
11646;11649;2.352
11638;11649;3.346
11649;11650;1.606
11650;11651;17.642
11647;11652;3.313
11653;11652;4.445
11653;11649;2.531
11652;11654;1.615
11643;11655;7.324
11655;11654;5.896
11655;11656;5.089
11654;11657;3.563
11657;11653;4.648
11658;11650;9.721
11658;11657;6.067
11659;11655;6.269
11659;11660;3.060
11661;11662;3.705
11655;11661;7.205
11660;11661;0.818
11661;11663;4.167
11664;11658;5.475
11657;11665;9.953
11665;11664;4.320
11660;11666;10.079
11667;11659;6.214
11668;11667;1.771
11666;11669;1.890
11669;11670;4.684
11671;11667;5.437
11665;11671;2.931
11668;11672;2.506
11673;11666;13.926
11673;11674;4.611
11671;11675;3.162
11675;11676;2.020
11677;11668;7.183
11669;11678;4.545
11678;11677;4.498
11677;11676;9.009
11679;11675;5.722
11679;11664;10.039
11680;11677;4.434
11678;11681;4.210
11681;11680;3.134
11681;11682;0.887
11682;11683;1.713
11682;11684;2.660
11685;11686;7.089
11686;11673;12.434
11680;11687;8.525
11688;11679;12.735
11686;11689;1.313
11676;11690;16.866
11688;11690;6.024
11689;11691;0.526
11687;11692;27.862
11690;11692;20.742
11691;11693;8.120
11692;11693;6.742
11694;11688;33.697
11648;11695;31.891
11693;11696;5.563
11696;11695;3.675
11697;11696;2.021
11695;11697;3.480
11698;11697;7.414
11695;11698;2.520
11698;11365;28.077
11699;11365;14.883
11700;11699;12.248
11699;11701;21.370
11702;11685;157.235
11374;11702;72.235
9930;11373;1.516
11366;11703;51.077
11703;11704;8.106
11704;11705;13.374
11705;11706;13.781
11706;11707;7.376
11708;11709;1.030
11710;11711;1.021
11712;11713;1.246
11714;11715;0.724
11716;11717;1.047
11718;11719;2.114
11719;11720;3.906
11720;11721;32.846
11721;11710;39.714
11722;11723;5.910
11723;11712;2.846
11724;11722;9.388
11725;11726;10.289
11727;11728;6.566
11725;11729;7.012
11730;11725;10.821
11731;11730;1.813
11728;11732;1.556
11730;11732;11.299
11733;11734;2.899
11734;11731;4.098
11735;11728;5.642
11711;11736;47.447
11737;11730;5.458
11713;11738;6.122
11734;11739;2.782
11739;11740;15.391
11732;11741;3.561
11741;11737;5.522
11731;11742;4.644
11742;11739;4.374
11743;11724;7.575
11737;11744;4.896
11744;11742;4.948
11745;11743;1.587
11741;11746;6.461
11746;11744;4.841
11747;11746;2.701
11748;11745;0.994
11749;11735;10.671
11749;11747;5.186
11750;11751;5.766
11751;11749;3.919
11752;11735;21.306
11753;11751;5.766
11754;11755;2.434
11756;11753;1.105
11757;11755;8.484
11745;11757;25.476
11758;11748;2.020
11751;11759;5.112
11747;11759;10.564
11758;11760;38.774
11755;11761;7.089
11761;11754;3.732
11738;11762;3.567
11763;11761;1.768
11753;11764;6.721
11759;11764;3.480
11754;11763;6.627
11736;11765;3.871
11762;11714;0.587
11756;11766;9.063
11764;11766;3.476
11767;11763;6.138
11768;11756;11.208
11769;11768;2.630
11769;11770;2.416
11771;11768;4.445
11771;11769;4.920
11766;11772;7.905
11757;11772;31.349
11772;11773;5.732
11774;11758;5.181
11775;11773;4.771
11776;11771;13.149
11773;11776;12.232
11777;11775;2.521
11776;11778;1.781
11775;11779;5.976
11778;11780;4.830
11778;11781;3.900
11715;11782;8.176
11782;11783;6.112
6262;11784;19.429
11783;11785;3.718
11785;11784;9.364
11785;11786;1.796
11784;11786;1.979
11786;11787;1.484
11784;11787;7.051
11786;11788;1.907
11787;11788;9.213
11789;11785;10.044
11789;11788;1.611
11789;11708;0.182
11787;11790;4.216
11765;11791;32.966
11790;6263;20.004
11709;11792;19.469
11792;11793;0.106
11794;11774;32.429
11791;11794;23.289
6266;11795;8.228
11793;11796;17.009
11796;11797;13.759
11797;11798;0.660
11799;11800;9.620
11798;11801;57.152
11802;11803;3.763
11802;11804;4.957
11805;11802;3.025
11799;11806;13.731
11807;11801;1.361
11808;11799;6.577
11808;11809;7.214
11805;11810;2.869
11811;11812;12.410
11811;11813;1.899
11806;11814;4.284
11814;11808;5.114
11815;11816;17.886
11817;11811;4.887
11818;11805;10.897
11816;11818;5.729
11807;11819;10.610
11819;11817;3.332
11820;11821;3.569
11821;11807;4.769
11819;11822;4.084
11816;11823;10.752
11823;11824;1.429
11819;11825;11.476
11826;11821;1.649
11818;11827;10.506
11822;11825;14.007
11827;11828;2.519
11828;11829;15.677
11823;11829;7.409
11829;11814;19.036
11826;11830;1.315
11825;11830;12.286
11827;11831;16.210
11828;11832;6.395
11833;11829;9.986
11814;11833;30.282
11832;11834;8.200
11834;11835;13.416
11835;11836;8.446
11832;11837;13.083
11835;11838;3.290
11838;11833;5.019
11838;11839;2.118
11830;11840;5.737
11839;11841;1.632
11841;11842;4.151
11843;11844;6.640
11844;11842;13.894
11845;11844;3.776
11844;11846;4.753
11845;11846;4.880
11846;11847;5.813
11846;11848;5.927
11847;11849;5.349
11850;11845;13.476
11847;11851;4.483
11840;11852;14.139
11851;11853;6.561
11852;11854;2.997
11854;11855;0.284
11856;11857;4.201
11857;11850;9.837
11857;11858;1.692
11858;11859;2.546
11859;11860;4.041
11860;11850;10.922
11861;11860;2.741
11861;11862;7.288
11863;11861;4.157
11859;11864;5.541
11858;11865;6.315
11863;11866;2.646
11866;11867;5.181
11868;11863;3.913
11842;11869;11.260
11851;11869;23.498
11866;11870;6.114
11871;11868;6.750
11868;11872;6.473
11871;11873;8.686
11855;11874;29.808
11869;11875;19.980
11873;11875;8.140
11875;11876;4.367
11874;11877;54.412
11878;11877;4.155
11878;11879;1.988
11877;11879;1.017
11876;11716;5.873
11879;11880;1.629
11717;11881;0.545
11881;11878;14.249
11882;11881;3.177
11880;11882;3.196
11883;11882;1.713
11880;11883;9.380
11882;11884;1.977
11884;1304;66.761
11885;11886;0.315
11887;11888;0.315
11889;11890;1.384
11891;11892;0.496
11893;11894;0.897
11895;11896;0.283
11897;11898;14.123
11899;11900;3.529
11900;11897;15.424
11900;11901;16.891
11901;11902;8.562
11901;11903;17.287
11898;11904;31.311
11904;11905;5.514
11905;11906;1.251
11906;11907;19.041
11907;11908;8.716
11909;11891;22.101
11892;11910;21.084
11910;11911;3.748
11911;11912;0.515
11912;11913;3.292
11913;11889;2.688
11911;11914;1.619
11914;11913;4.141
11890;11915;2.613
11915;11916;2.223
11916;11917;16.906
11916;11918;1.820
11917;11918;8.127
11918;11919;0.948
11919;11920;2.131
11920;11917;18.863
11921;11922;13.750
11921;11923;85.459
11918;11924;3.418
11919;11924;5.959
11925;11915;6.399
11920;11926;2.436
11927;11921;4.188
11914;11928;2.294
11926;11927;5.475
11925;11929;10.115
11929;11924;3.756
11929;11930;5.555
11926;11931;3.968
11932;11931;4.011
11930;11932;7.441
11931;11933;12.552
11933;11927;6.958
11934;11932;6.827
11934;11931;4.693
11935;11925;9.732
11935;11929;13.207
11933;11936;7.765
11936;11921;15.152
11929;11937;10.781
11937;11935;6.400
11938;11934;6.356
11938;11939;11.087
11939;11940;5.454
11940;11936;3.476
11940;11941;10.583
11942;11930;13.874
11942;11938;14.302
11938;11943;2.913
11937;11944;7.916
11944;11942;3.065
11939;11943;13.414
11945;11944;4.917
11946;11945;10.573
11945;11947;12.270
11947;11942;14.273
11948;11947;0.858
11943;11948;18.260
11949;11948;11.687
3123;11950;13.692
11951;11952;8.227
11952;11951;13.879
11952;11953;9.663
11928;11953;39.983
11951;11954;7.885
11950;11885;3.073
11954;11955;13.945
11953;11955;3.348
11954;11956;11.159
11956;11957;3.531
11957;11958;6.564
11955;11958;5.796
11959;11956;33.488
11960;11957;7.395
11960;11961;8.864
11958;11961;1.270
11962;11960;7.551
11959;11963;15.246
11963;11962;3.818
11962;11964;15.437
11961;11964;3.865
11959;11965;19.193
11963;11966;18.468
11964;11966;2.521
11966;11967;18.331
11965;11968;31.605
11966;11968;2.433
11968;11969;1.886
11969;11970;1.635
11970;11971;4.437
11971;11972;25.926
11972;11893;12.641
11973;11974;2.828
11975;11973;2.573
11976;11974;15.848
11975;11976;7.162
11974;11977;6.426
11894;11977;4.525
11978;11973;6.260
11977;11978;1.647
11979;11975;6.798
11978;11980;1.060
11981;11982;1.506
11976;11981;6.425
11983;11981;3.186
11983;11979;2.930
11982;11984;14.834
11979;11985;6.427
11980;11985;1.113
11886;11986;50.227
11980;11987;8.838
11988;11983;6.680
11985;11988;2.148
11989;11982;18.203
11988;11989;2.198
11989;11990;2.881
11990;11991;6.012
11986;11887;38.938
11991;11992;27.489
11992;11993;3.368
11993;11994;5.058
11994;11995;29.514
11995;11996;11.574
11996;11995;17.304
11995;11997;10.237
11997;11998;23.590
11997;11999;18.463
11888;12000;21.464
11994;12000;9.849
12000;11895;7.128
11896;12001;9.656
12001;12002;25.267
12002;12003;1.171
12002;12004;5.045
12003;12004;6.497
12003;12005;2.239
12006;12007;4.957
12005;12006;0.688
12006;12008;1.652
12005;12009;13.441
12004;12009;13.671
12009;12010;3.008
12008;12011;7.202
12007;12012;11.403
12008;12012;2.753
12013;12010;4.667
12012;12014;0.837
12010;12013;13.936
12014;12015;6.075
12011;12015;7.229
12011;12016;9.645
12016;12013;6.292
12015;12017;9.109
12016;12017;5.209
12017;12018;6.901
12019;12020;4.474
12018;12020;6.584
12020;12021;3.533
12018;12021;3.173
12014;12022;9.012
12022;12023;15.605
12021;12023;18.984
297;12022;34.804
12024;12025;0.630
12026;12027;4.578
12028;12029;0.649
12030;12031;0.472
12032;12033;4.687
12034;12035;1.076
12036;12037;0.314
12038;12039;0.491
12040;12041;1.702
12042;12043;1.163
12044;12045;9.153
12046;12047;51.743
12045;12048;65.289
12048;12046;48.087
12049;12046;29.715
12048;12050;28.962
12045;12050;54.875
12050;12049;49.051
3317;12052;49.950
12053;12052;2.838
12054;12051;42.520
12055;12056;36.806
12056;12057;3.053
12057;12058;9.177
12058;12059;7.867
12060;12057;3.954
12061;12062;6.348
12062;12063;3.779
12064;12053;43.502
12065;12064;3.794
12061;12066;4.852
12066;12062;6.919
12067;12060;5.251
12068;12060;11.332
12067;12068;6.613
12069;12064;3.682
12070;12067;1.300
12070;12056;11.326
12071;12069;3.066
12071;12072;14.041
12073;12058;9.705
12068;12073;3.243
12074;12075;11.529
12066;12076;4.593
12076;12074;4.315
12077;12076;1.585
12078;12061;15.241
12078;12077;3.680
12079;12071;3.758
12079;12078;2.198
12080;12070;4.130
12081;12080;5.763
12082;12073;3.915
12083;12082;4.327
12084;12077;3.027
12084;12085;5.683
12074;12085;3.521
12069;12086;6.016
12086;12079;5.451
12085;12087;1.473
12088;12064;10.361
12088;12086;3.904
12089;12090;7.776
12089;12059;24.433
12087;12091;13.389
12087;12092;6.467
12092;12091;9.581
12093;12089;18.525
12093;12082;8.979
12094;12093;6.205
12093;12095;2.096
12096;12095;6.130
12094;12096;1.370
12097;12094;3.350
12097;12080;11.964
12095;12098;4.896
12091;12099;7.139
12053;12100;16.926
12100;12088;31.442
12101;12097;6.738
12092;12102;5.836
12101;12103;2.342
12104;12055;36.199
12104;12105;19.194
12106;12101;15.092
12106;12104;14.423
12095;12107;13.420
12096;12108;11.864
12103;12108;8.173
12108;12109;1.471
12103;12110;10.387
12111;12112;4.606
12109;12111;3.458
12111;12113;1.176
12088;12114;25.991
12114;12084;26.426
12109;12115;5.222
12115;12110;11.183
12110;12116;8.767
12116;12117;10.176
12117;12106;14.959
12118;12116;3.056
12119;12100;49.994
12120;12117;6.464
12115;12121;12.913
12090;12122;20.834
12123;12119;17.124
12124;12119;17.614
12124;12125;14.799
12100;12126;18.697
12114;12127;37.460
12128;12123;20.973
12129;12124;21.309
12126;12129;6.543
12122;3487;27.248
12130;12128;18.512
12127;12131;6.056
12132;12129;13.340
12126;12132;36.320
12133;12128;17.439
12129;12133;6.721
12134;12120;14.026
12131;12135;15.542
12136;12054;42.453
12137;12132;7.753
12135;12136;12.691
12138;12133;10.061
12133;12033;10.474
12139;12138;5.289
12139;12137;17.020
12138;12140;16.652
12141;12139;9.121
12142;12141;7.792
12143;12137;20.576
12143;12144;6.379
12145;12141;11.182
12145;12143;17.366
12146;12145;4.833
12147;12143;13.920
12148;12134;16.195
12032;12148;8.032
12148;12149;44.312
3541;12150;10.222
12150;12024;9.498
12149;12151;15.802
12025;12152;26.519
12152;12153;11.788
12154;12155;7.754
12153;12156;7.351
12157;12158;8.238
12157;12159;4.644
12160;12157;4.358
12161;12160;7.744
12162;12163;3.523
12163;12161;8.118
12164;12160;4.936
12155;12164;30.021
12163;12165;2.904
12163;12165;5.890
12166;12167;23.293
12166;12168;10.532
12165;12169;4.566
12169;12161;4.572
12170;12166;13.458
12169;12171;6.410
12172;12160;8.116
12171;12173;1.437
12174;12172;0.830
12174;12164;8.743
12175;12169;4.251
12175;12172;5.672
12176;12175;2.316
12171;12177;4.496
12177;12176;4.359
3543;12178;13.090
12179;12174;9.707
12180;12179;10.864
12164;12180;18.334
12181;12180;3.173
12181;12166;16.625
12182;12176;11.623
12179;12182;4.471
12156;12183;12.387
12183;12177;63.548
12151;12034;31.977
12184;12185;15.788
12186;12181;16.201
12186;12185;11.698
12187;12182;19.154
12187;12186;5.659
12187;12185;19.166
12183;12188;4.464
12189;12188;19.129
12188;12190;10.265
12191;12189;15.293
12192;12193;9.080
12194;12193;5.530
12195;12189;13.991
12195;12187;19.550
12193;12196;3.245
12197;12198;2.432
12196;12197;24.129
12190;12199;7.515
12196;12200;5.798
12201;12191;24.235
12195;12201;7.657
12200;12202;6.630
12203;12195;9.165
12202;12204;2.998
12200;12205;9.017
12206;12207;2.100
12202;12207;3.134
12208;12191;25.889
12207;12209;2.407
12204;12210;5.810
12205;12210;2.925
12211;12201;21.258
12211;12203;5.241
12209;12212;2.405
12212;12204;6.535
12212;12213;4.794
12214;12213;1.365
12215;12210;6.482
12215;12216;1.422
12205;12218;12.650
12218;12219;2.058
12218;12220;3.496
12215;12221;5.951
12220;12221;5.343
12218;12222;2.722
12213;12223;5.773
12221;12223;3.177
12222;12224;1.883
12225;12047;32.169
12222;12226;7.474
12227;12226;5.965
12201;12228;25.497
12229;12220;7.006
12209;12230;23.067
12231;12211;29.161
12223;12232;15.682
12232;12233;1.303
12234;12232;2.111
12235;12234;0.870
12233;12235;1.097
12233;12236;2.602
12237;12235;1.276
12236;12237;0.704
12237;12238;0.321
12235;12239;1.351
12238;12239;0.389
12240;12234;2.726
12239;12240;0.704
12241;12236;11.204
12035;12242;16.998
12241;12243;1.325
12243;12226;22.036
12228;12244;25.489
12242;12245;1.272
12246;12217;14.781
12047;12246;10.775
12230;12247;25.047
12240;12247;9.908
12238;12248;12.636
12243;12249;15.711
12245;12250;1.426
12247;12251;5.294
12178;12252;24.266
12253;12203;48.437
12251;12254;12.751
12253;12255;10.600
12250;12256;9.104
12257;12258;3.460
12258;12225;29.617
12259;12256;3.691
12249;12260;50.078
12252;12260;6.801
12254;12253;29.236
12261;12262;14.423
12260;12263;3.456
12263;12264;0.720
12264;12261;1.705
12265;12262;28.594
12264;12266;3.216
12261;12266;3.665
12267;12263;6.692
12266;12267;1.849
12268;12269;17.369
12269;12270;24.539
12271;12257;12.313
12269;12272;2.514
12262;12273;12.904
12274;12273;9.192
12275;12259;29.356
12276;12259;10.937
12276;12275;9.170
12277;12265;35.803
12277;12273;7.533
12273;12278;5.996
12278;12272;16.790
12279;12280;8.897
12280;12271;6.772
12281;12282;17.081
12281;12265;25.575
12283;12281;31.799
12283;12277;8.146
12278;12284;5.037
12285;12283;3.542
12286;12287;19.702
12287;12280;6.390
12284;12288;3.892
12272;12288;21.083
12285;12284;34.283
12289;12287;4.347
12290;12289;5.740
12288;12291;3.193
12292;12293;3.885
12292;12280;15.323
12275;12294;27.494
12294;12289;36.889
12294;12290;6.302
12295;12294;2.799
12291;12296;5.196
12297;12276;8.704
12297;12295;6.507
12296;12297;3.202
12298;12292;5.514
12288;12299;9.518
12199;10966;85.617
12291;12300;11.261
12300;12296;7.885
12297;12301;7.635
12298;12302;9.876
12301;12303;4.251
12303;12295;16.011
12304;12285;29.440
12305;12298;19.578
12294;12306;17.457
12307;12305;9.687
12304;12308;27.842
12308;12300;23.449
12300;12309;15.130
12301;12309;15.274
12305;12310;4.370
12302;12310;20.943
12307;12311;4.178
12306;12312;15.943
12311;12313;4.729
12290;12314;23.507
12314;12307;7.558
12309;12315;3.404
12315;12316;4.840
12317;12318;4.454
12303;12318;15.756
12319;12314;4.466
12318;12320;2.737
12320;12321;5.557
12306;12321;7.033
12307;12322;6.136
12322;12323;3.237
12323;12311;4.865
12324;12317;8.219
12319;12325;8.644
12322;12325;1.815
12315;12326;4.230
12327;12323;7.235
12327;12310;8.139
12321;12328;11.412
12328;12319;5.235
12326;12329;2.160
12329;12324;6.412
12320;12330;5.723
12324;12331;6.328
12331;12317;9.188
12331;12330;12.491
12328;12332;9.636
12333;12326;8.605
12334;12335;2.442
12334;12331;4.289
12332;12336;2.575
12336;12325;6.732
12337;12329;6.069
12337;12334;2.891
12338;12339;8.045
12338;12333;8.223
12255;12340;26.055
12341;12337;3.179
12342;12334;3.955
12331;12342;4.893
12343;12338;6.329
12308;12343;23.471
12344;12304;68.984
12333;12345;6.372
12341;12345;6.047
12346;12347;2.884
12342;12347;2.978
12348;12254;29.122
12349;12338;6.473
12345;12349;5.921
12336;12350;11.636
12327;12350;15.334
12351;12341;6.458
12347;12351;4.764
12330;12352;21.047
12349;12353;5.827
12354;12351;4.733
12352;12354;5.553
12267;12355;23.430
12355;12344;5.797
12354;12356;2.172
12356;12353;13.799
12357;12358;17.884
12357;12359;14.885
12343;12360;19.071
12353;12360;12.954
12340;12361;21.186
12361;12357;4.763
12355;12040;2.199
12361;12362;4.578
12361;12363;3.163
12363;12364;7.959
12360;12365;7.977
12350;12366;20.808
12367;12352;21.050
12366;12042;0.782
12332;12368;36.626
12366;12369;9.189
12363;12370;17.187
12363;12370;15.884
12371;12356;26.454
12370;12372;5.832
12373;12372;8.069
12372;12374;2.284
12374;12375;3.898
12374;12376;5.624
12377;12348;13.604
12376;12378;8.288
12378;12379;2.605
12380;12379;23.253
12039;12377;0.925
12379;12381;2.327
12382;12381;3.704
12383;12378;6.449
12381;12384;2.266
12385;12384;6.246
12386;12038;2.135
12386;12387;3.795
12384;12388;3.010
12387;12388;7.842
12378;12389;6.729
12388;12389;4.165
12389;12390;5.354
12387;12390;5.377
12043;12391;11.156
12392;12376;29.093
12390;12392;5.694
12041;12393;20.526
12393;12365;17.559
12394;12393;1.475
12392;12395;5.831
12390;12396;22.900
12397;12395;8.191
12398;12397;7.460
12399;12394;16.102
12400;12401;6.562
12400;12402;8.554
12402;12403;5.750
12403;12404;7.404
12405;12400;7.482
12399;12405;13.272
12406;12403;2.970
12407;12402;15.780
12405;12407;3.540
12407;12408;10.835
12409;12408;0.833
12410;12398;37.871
12391;12411;44.163
12412;12410;7.079
12413;12414;17.497
12415;12416;10.297
12416;12413;5.983
12411;12417;11.081
12416;12418;6.928
12413;12418;5.298
12419;12412;8.445
12418;12420;4.332
12421;12420;2.392
12414;12422;11.272
12419;12422;12.257
12423;12424;6.408
12425;12423;5.091
12420;12425;5.394
12426;12425;11.852
12422;12426;10.081
12427;12409;22.470
12425;12428;9.123
12429;12423;9.756
12429;12428;1.504
12428;12430;3.182
12426;12430;6.798
12430;12419;12.435
12430;12431;2.580
12432;12431;3.113
12433;12434;6.738
12434;12424;15.300
12434;12429;5.059
12428;12435;4.582
12436;12435;3.358
12437;12436;6.398
12435;12438;6.246
12431;12438;3.879
12439;12434;1.990
12439;12440;1.342
12440;12437;10.721
12441;12436;7.195
12435;12441;6.452
12441;12442;2.355
12443;12437;8.889
12442;12443;5.842
12440;12444;6.539
12442;12445;2.398
12438;12445;10.610
12446;12443;10.225
12445;12447;4.401
12448;12447;2.889
12449;12427;6.015
12450;12449;0.843
12447;12451;4.952
12445;12452;18.211
12453;12439;10.726
12417;12454;18.098
12455;12453;2.934
12456;12455;2.356
12454;12457;27.369
12450;12458;37.024
12458;12459;11.341
12459;12460;5.035
12459;12461;3.915
12462;12463;10.926
12461;12463;5.950
12464;12456;32.626
12461;12465;11.624
12463;12466;2.067
12465;12466;4.764
12465;12467;4.239
12466;12468;5.030
12468;12467;2.065
12467;12469;6.779
12470;12471;11.671
12468;12471;4.935
12471;12469;11.304
12469;12472;5.934
12473;12472;11.443
12472;12474;5.630
12475;12464;3.081
12471;12476;2.975
12474;12476;9.465
12474;12477;4.199
12478;12479;52.298
12472;12480;6.276
12476;12481;13.524
12478;12482;6.556
12482;12483;1.052
12481;12484;5.398
12485;12478;10.307
12486;12483;3.281
12481;12487;6.409
12485;12488;3.856
12483;12488;8.201
12482;12489;8.665
12489;12486;6.428
12488;12490;4.080
12486;12490;11.249
12489;12491;4.943
12491;12492;4.836
12490;12493;12.982
12493;12491;6.989
12494;12495;5.710
12495;12496;3.581
12497;12475;13.035
12498;12491;14.568
12495;12498;6.216
11176;12499;53.213
12490;12499;37.192
12500;12498;2.559
12496;12500;8.582
12496;12501;8.853
12501;12497;2.898
12499;12502;16.096
12493;12502;16.244
12503;12500;3.832
12503;12501;4.683
12502;12503;2.348
12457;12504;35.235
12505;12503;5.547
12499;12506;13.419
12506;12507;8.826
12507;12508;12.520
12508;12505;34.826
12506;12509;12.808
12509;12507;12.545
12508;12510;13.212
12505;12511;29.000
12512;12513;9.165
12513;12514;15.597
12504;12515;26.901
12513;12515;4.025
12515;12516;10.427
12515;12517;12.659
12518;12450;140.633
12519;12518;1.411
12517;12520;22.937
12520;12521;1.174
12522;12523;8.599
12522;12523;12.248
12519;12524;27.235
12523;12525;3.830
12521;12526;10.436
12525;12527;5.867
12524;12528;8.081
12528;12529;6.034
12528;12530;8.731
12529;12530;5.827
12529;12531;9.404
12532;12531;3.407
12526;12533;3.042
12534;12522;42.577
12533;12534;12.881
12529;12535;10.047
12531;12535;3.190
12536;12527;17.515
12534;12537;20.821
12537;12525;29.756
12537;12536;18.791
12530;12538;11.818
12538;12539;10.188
12535;12539;11.384
12538;12540;10.207
12537;12541;16.844
12541;12536;16.738
12539;12542;5.579
12538;12543;10.266
12542;12543;7.246
12542;12544;4.139
12541;12545;7.863
12546;12545;13.065
12545;12547;18.910
12543;12548;19.752
12533;12549;10.685
12549;12550;4.269
12551;12546;9.620
12552;12546;7.375
12552;12553;3.634
12550;12554;10.243
12553;12554;8.711
12547;12555;12.469
12556;12551;8.134
12547;12556;17.248
12557;12553;6.343
12557;12552;10.814
12558;12557;3.480
12551;12558;10.884
12556;12558;12.116
12519;12559;50.146
12549;12560;22.119
12559;12561;25.293
12561;12562;1.373
12563;12564;4.259
12565;12563;13.272
12565;12563;3.266
12566;12565;1.693
12567;12568;7.259
12568;12566;5.891
12564;12569;9.151
12562;12569;14.577
12563;12570;9.787
12569;12570;4.799
12568;12571;7.911
12566;12572;9.069
12570;12572;2.557
12571;12573;4.294
12572;12573;2.764
12573;12574;3.577
12574;12575;9.135
12571;12576;18.243
12576;12574;12.569
12576;12577;4.528
12578;12579;3.568
12575;12579;2.388
12576;12580;3.164
12579;12581;7.094
12575;12582;18.670
12562;12582;10.823
12582;12583;4.702
12583;4904;7.402
12560;12584;40.292
12584;12585;0.406
12585;12036;16.177
12037;12586;2.653
12586;12587;12.687
12587;12588;2.345
12589;12590;8.939
12590;12591;4.321
12591;12592;20.092
12588;12593;6.824
12593;12590;7.674
12594;12595;2.209
12585;12596;28.463
12593;12597;7.032
12591;12597;5.322
12593;12598;10.487
12596;12599;0.358
12593;12600;3.634
12597;12601;4.189
12601;12594;5.536
12600;12602;5.231
12601;12603;5.953
12594;12603;11.277
12598;12604;10.683
12602;12604;2.475
12605;12606;7.806
12607;12605;4.020
12608;12607;4.485
12602;12609;7.164
12609;12600;12.275
12603;12610;4.116
12605;12610;12.750
12609;12611;5.657
12610;12611;5.604
12612;12607;10.661
12610;12613;5.651
12604;12614;12.936
12611;12614;10.830
12613;12615;13.307
12614;12616;15.441
12613;12616;21.395
12599;12617;14.127
12617;12028;8.070
12617;12618;15.568
12618;12619;3.466
11344;12620;4.228
12029;12621;6.420
12619;12622;13.628
12622;12623;1.965
12624;12625;3.122
12624;12622;6.634
12626;12624;1.848
12627;12628;2.537
12627;12629;5.184
12626;12630;2.992
12623;12630;6.572
12631;12632;3.269
12631;12626;3.208
12633;12627;6.919
12631;12634;4.439
12630;12634;3.589
12634;12635;2.396
12636;12633;3.755
12633;12637;8.650
12637;12631;12.059
12635;12638;4.337
12623;12638;12.945
12637;12639;2.967
12640;12636;6.793
12639;12640;5.261
12620;12641;6.352
12642;12639;2.358
12635;12642;6.529
12638;12643;4.475
12644;12642;4.397
12621;12645;9.850
12645;12646;0.575
12643;12647;12.426
12648;12636;11.508
12640;12648;13.679
12641;12649;1.384
12646;12648;8.188
12650;12651;4.588
12641;12651;26.976
12643;12652;13.332
12653;12654;18.765
12651;12655;9.579
12656;12657;24.171
12654;12657;7.525
12654;12658;10.242
12649;12659;38.251
12649;12660;4.215
12657;12660;9.680
12657;12661;27.411
12660;12662;5.514
12662;12661;12.993
12661;12663;11.269
12663;12664;39.686
12663;12665;29.246
12664;12665;16.299
12662;12666;14.533
12665;12666;13.702
12665;12667;11.918
12667;12664;44.166
12667;12668;3.914
12621;12669;30.442
12666;12670;4.983
12670;12667;14.865
12668;12671;9.554
12670;12672;1.744
12668;12672;15.383
12671;12673;6.714
12674;12673;18.311
12672;12675;3.124
12671;12675;17.316
12669;12676;7.738
12673;12677;11.935
12677;12678;12.482
12675;12679;2.485
12679;12673;18.761
12679;12680;4.203
12680;12677;21.835
12677;12681;14.510
12680;12682;3.827
12682;12681;20.998
12681;12683;18.973
12682;12684;6.905
12684;12683;13.305
12685;12686;19.588
12685;12687;6.233
12676;12688;19.139
12688;5113;22.974
12689;12690;2.980
12687;12691;13.494
12687;12692;5.077
12690;12693;1.596
12693;12685;7.308
12694;12690;9.406
12688;12695;2.420
12693;12696;2.004
12684;12697;7.706
12683;12697;22.340
12698;12685;14.574
12698;12699;11.024
12699;12691;10.765
12700;12701;6.564
12700;12702;20.391
12703;12700;2.251
12691;12704;39.285
12704;12705;3.115
12697;12706;1.715
12706;12703;3.148
12703;12707;20.126
12699;12708;26.532
12708;12704;3.247
12709;12698;11.937
12709;12699;12.892
12705;5155;22.274
12710;12708;1.703
12695;12711;19.509
12027;12709;29.396
12027;12710;11.552
12712;12713;9.239
12714;12712;12.353
12715;12026;3.601
12716;12706;58.265
12711;12717;39.224
12718;12716;5.137
12718;12719;25.710
12720;12715;29.550
12720;12715;5.486
12715;12721;16.529
12722;12712;18.526
12722;12720;0.801
12717;12723;4.822
12723;12724;3.837
12724;12725;4.223
12723;12726;4.788
12717;12727;10.101
12726;12728;4.861
12727;12729;3.240
12726;12729;7.849
12727;12730;5.776
12728;12731;5.896
12729;12732;4.777
12732;12728;5.980
12724;12733;36.577
12732;12734;7.590
12735;12734;17.902
12706;12736;34.040
12736;12722;11.525
12734;12737;17.097
12737;12733;24.079
12738;12718;42.629
12736;12738;35.545
12736;12739;8.192
12739;12740;16.335
12741;12738;22.135
12742;12743;5.336
12737;12744;30.930
12745;12742;4.779
12745;12742;9.684
12746;12741;3.154
12746;12745;4.017
12747;12741;11.505
12747;12748;7.380
12749;12748;3.493
12750;12746;9.678
12750;12747;4.246
12748;12751;10.673
12752;12750;5.078
12752;12753;6.305
12753;12754;1.682
12754;12748;7.175
12745;12755;10.966
12751;12756;7.627
12756;12754;2.256
12757;12755;1.247
12757;12758;5.682
12756;12759;4.500
12760;12751;10.316
12761;12762;1.567
12761;12752;6.545
12755;12763;6.234
12764;12761;3.265
12753;12764;6.704
12765;12764;1.498
12759;12765;5.281
12766;12757;8.294
12767;12759;9.202
12766;12768;3.378
12765;12768;4.829
12769;12759;5.271
12765;12770;5.850
12739;12771;15.323
12772;12771;24.099
12768;12773;4.339
12774;12768;25.439
12775;12760;50.089
12771;12775;12.188
12776;12775;11.696
12775;12777;5.604
12777;12778;10.657
12777;12779;13.310
12779;12030;5.129
12031;5319;27.326
12780;12781;3.310
12782;12784;46.761
12785;12783;39.915
12782;12786;28.490
12787;12783;26.984
12788;12789;3.025
12788;12790;4.429
12784;12788;6.663
12791;12792;5.517
12792;12793;1.899
12793;12784;4.795
12785;12794;5.227
12795;12796;4.245
12796;12797;4.292
12794;12798;3.142
12795;12797;3.326
12799;12795;6.397
12797;12785;5.196
12794;12800;2.471
12800;12799;4.571
12798;12801;9.238
12798;12800;2.921
12801;12793;2.444
12792;12801;2.576
12791;12786;45.518
12787;12799;46.950
12786;12802;162.102
12803;12787;162.047
12804;12805;35.692
12806;12804;4.261
12807;12808;4.178
12808;12780;55.058
12809;12810;2.318
12811;12809;2.653
12811;12810;2.358
12812;12813;6.077
12813;12814;2.609
12802;12814;39.606
12813;12803;42.675
12815;12816;1.185
12817;12818;0.871
12820;12821;0.815
12822;12823;8.736
12805;12823;7.256
12824;12825;2.686
12805;12822;1.930
12826;12812;6.952
12810;12826;6.566
12814;12811;4.705
12812;12827;32.518
12828;12809;48.793
12829;12830;27.448
12831;1527;43.442
12832;12831;17.811
12833;12832;67.077
12834;12833;1.682
12835;12836;9.723
12835;12834;2.560
12837;12838;6.135
12837;12835;0.563
12839;12837;0.655
12840;12841;1.705
12842;12840;5.877
12842;12839;1.107
12839;12843;10.951
12844;12842;1.204
12845;12846;11.061
12847;12848;2.534
12845;12848;10.025
12849;12844;4.694
12850;12844;3.641
12851;12840;18.328
12851;12850;0.787
12849;12852;8.897
12853;12854;6.519
12848;12854;6.450
12855;12845;9.296
12855;12851;1.319
12854;12856;3.798
12857;12849;9.920
12858;12850;8.756
12856;12859;3.083
12860;12855;2.447
12861;12855;7.162
12861;12858;6.793
12856;12862;6.555
12862;12860;1.521
12859;12863;5.665
12863;12862;0.467
12860;12864;5.926
12864;12861;6.058
12865;12863;1.280
12864;12866;3.446
12866;12858;19.646
12859;12867;14.750
12867;12865;2.366
12868;12865;5.479
12866;12869;4.388
12870;12867;2.373
12870;12871;2.191
12872;12867;1.727
12873;12866;4.290
12873;12874;4.450
12869;12875;2.242
12875;12873;2.709
12869;12870;13.416
12876;12873;4.709
12875;12877;5.448
12872;12878;8.090
12879;12872;4.135
12880;12879;3.398
12879;12881;6.486
12882;12880;1.030
12883;12882;7.609
12884;12882;4.953
12885;12884;36.880
12886;12885;70.141
4326;12887;86.736
12887;12817;0.668
12818;12888;1.076
12889;12886;61.285
12890;12889;0.590
12891;12890;12.106
12892;12891;0.342
12893;12892;3.481
12894;12895;21.867
12896;12894;1.306
12897;12893;26.703
12898;12894;5.398
12899;12900;3.918
12898;12900;2.642
12888;12901;36.026
12902;12898;6.932
12901;12897;4.186
12902;12903;6.647
12901;12904;2.002
12905;12902;10.324
12900;12906;10.768
12906;12905;3.303
12907;12905;1.459
12906;12908;15.227
12908;12909;6.338
12910;12911;7.018
12908;12912;2.837
12911;12912;3.080
12913;12914;2.818
12912;12915;6.959
12914;12916;2.319
12917;12916;8.620
12918;12914;7.466
12919;12911;4.639
12919;12918;2.487
12920;12919;1.175
12921;12918;4.746
12916;12921;8.277
12922;12920;4.186
12922;12921;4.914
12923;12920;7.725
12904;12924;22.088
12925;12926;6.909
12927;12925;5.119
12928;12925;6.430
12928;12929;1.820
12930;12927;8.444
12930;12928;5.185
12931;12930;3.028
12928;12932;6.195
12932;12933;1.794
12934;12927;15.169
12934;12931;2.984
12935;12933;2.767
12936;12932;5.277
12933;12937;8.483
12937;12938;2.569
12939;12934;4.485
12938;12939;2.669
12940;12937;2.522
12941;12939;5.442
12942;12940;2.476
12942;12943;2.019
12944;12940;7.695
12945;12946;9.903
12945;12941;6.344
12947;12945;2.795
12947;12948;7.362
12949;12947;2.237
12950;12949;4.539
12951;12941;15.800
12951;12942;19.285
12952;12953;2.731
12953;12949;7.008
12954;12953;10.755
12955;12954;7.048
12956;12955;3.358
12957;12955;6.933
12950;12958;8.996
12924;12959;35.292
12959;12960;10.688
12960;12961;1.205
12958;12962;18.224
12962;12963;0.861
12961;12964;3.384
12964;12965;9.032
12964;12966;0.347
12967;12966;3.332
12968;12961;11.647
12967;12969;7.946
12970;12967;5.005
12971;12968;0.624
12972;12970;3.301
12970;12973;5.846
12974;12971;1.806
12975;12972;5.936
12975;12976;12.646
12977;12975;2.243
12972;12978;10.630
12978;12977;3.998
12979;12974;2.742
12980;12977;4.839
12981;12978;7.272
12982;12980;6.640
12982;12983;7.274
12984;12981;2.464
12980;12984;8.796
12985;12984;1.986
12986;12985;1.663
12985;12987;3.049
12988;12982;9.215
12989;12979;26.860
12963;12990;41.756
12991;12989;46.034
12990;12992;31.257
12993;1788;10.779
12994;12993;1.323
12995;12994;11.490
12996;12995;3.415
12997;12996;1.718
12995;12997;10.855
12998;12996;10.933
12998;12996;3.339
12992;12999;9.736
13000;13001;9.036
13000;13002;3.657
13003;13000;0.847
13004;13003;2.985
13004;13005;2.038
13006;13003;5.025
13007;13004;1.118
13008;13004;1.259
13009;13010;7.955
13010;13006;1.809
13011;13010;1.569
12997;13012;15.549
13012;13009;11.002
13013;13006;5.320
13013;13014;1.990
13011;13015;6.655
13015;13013;3.155
13016;13011;8.755
13015;13017;2.210
13018;13012;6.921
13018;13016;3.799
13019;13018;5.518
13016;13019;7.962
13020;13019;3.682
13015;13020;12.490
13021;13022;2.530
13021;13018;12.870
13023;13024;4.042
13025;13023;1.724
13026;13023;4.577
13020;13026;6.102
13021;13026;15.114
13027;13021;10.544
13028;12998;36.729
12827;13028;11.906
12999;12826;20.198
12824;12828;0.567
13029;12819;13.226
12824;13030;1.377
12825;13030;3.850
12825;12820;2.240
13031;13029;5.779
13032;13031;0.609
13033;13034;12.377
13035;13033;12.588
13036;13037;2.113
13036;13038;2.248
13030;13039;43.658
13040;13033;8.235
13041;13039;2.007
13042;13040;2.123
13043;13036;3.935
13043;13035;9.253
13044;13045;4.080
13046;13035;6.926
13047;13044;8.014
12821;12807;11.782
12781;13043;6.933
13048;13041;8.900
13049;13050;7.385
13049;13051;11.468
13052;13053;5.851
13052;13048;2.064
13054;12781;4.169
13055;13044;9.056
13055;13052;0.998
13056;13049;4.324
13057;13046;9.434
13057;13040;17.944
13058;13056;5.894
12829;13055;5.305
12830;13041;9.004
13059;13054;7.578
13059;13046;18.149
13060;13057;6.201
13061;13055;4.638
13062;13060;2.407
13063;13064;7.151
13065;13063;7.707
13066;13062;3.844
13067;13056;8.206
13067;13061;1.200
13068;13059;3.468
13068;13066;3.124
13069;13067;0.701
13060;13070;4.147
13071;13068;6.979
13063;13072;5.638
13073;12829;8.837
13074;13065;9.650
13074;13069;3.303
13075;13072;5.765
13076;13074;1.515
13077;13068;3.905
13072;13078;4.484
13078;13076;1.590
13079;13061;11.612
13079;13069;11.631
13080;13075;4.602
13080;13078;2.233
13081;13077;13.948
13082;13079;8.187
13082;13083;4.097
13084;13085;11.548
13084;13080;10.933
13086;13087;2.927
13086;13076;16.681
13088;13082;7.568
13089;13086;8.419
12790;13032;22.207
12790;12789;4.337
13084;13090;28.189
13090;13091;7.805
13091;13092;3.459
12789;12791;5.309
13092;12806;12.521
12822;13093;0.600
13093;12816;9.104
13094;12815;11.048
13095;12796;5.986
13096;13097;5.355
13096;13098;8.232
13099;13100;3.847
13101;13102;8.915
13103;13096;3.916
13103;13099;1.872
13104;13103;0.571
13102;13104;10.017
12823;13105;59.686
13104;13106;13.873
13105;13107;1.307
13102;13108;17.547
13109;13108;2.937
13108;13110;2.360
13109;13110;4.364
13107;13111;34.188
13111;13099;20.977
13110;13112;1.640
13113;13109;10.246
13113;13106;9.778
13106;13114;12.363
13114;13115;11.859
13116;13113;1.570
13116;13117;1.635
13112;13118;6.617
13119;13117;7.284
13114;13119;3.163
13120;13119;1.833
13111;13121;3.018
13117;13122;5.470
13122;13120;3.889
13119;13123;10.277
13124;13125;3.041
13124;13122;2.568
13112;13126;12.496
13126;13116;8.640
13127;13124;4.577
13127;13120;4.250
13126;13128;4.758
13128;13129;3.630
13130;13128;3.151
13129;13130;7.761
13129;13131;4.550
13132;13127;7.893
13123;13132;16.131
13133;13130;5.442
13132;13133;3.336
13121;13134;6.471
13134;13135;0.210
13135;13136;5.678
13133;13136;11.946
13137;13138;0.614
13139;13140;0.618
13141;388;2.894
13142;13143;60.129
13144;13145;39.525
13145;13143;20.862
13143;13146;37.170
13147;13146;1.694
13148;13147;8.743
13148;13141;1.471
13149;13148;7.286
13147;13149;39.583
13150;13145;56.378
13150;13149;2.589
13151;13150;0.887
13140;13151;0.413
13152;13139;15.323
13153;13152;0.705
13151;13154;47.861
13155;13156;0.662
13157;13155;93.292
13158;13159;1.240
13157;13158;3.937
13158;13160;4.436
13161;13162;2.378
13161;13163;5.548
13164;13165;34.456
13166;13161;1.807
13166;13165;4.204
13167;13168;7.531
13169;13167;2.788
13167;13170;1.501
13170;13166;4.670
13165;13171;8.101
13172;13171;4.816
13173;13157;13.710
13174;13173;0.679
13174;13170;33.736
13175;13173;10.810
13176;13174;3.411
13177;13153;53.987
13178;13177;0.743
13176;13179;22.726
13180;13179;3.035
13171;13181;32.083
13179;13182;7.307
13182;13181;4.936
13183;13176;5.658
13184;13182;8.565
13154;13185;92.763
13181;13186;21.664
13185;13186;0.219
13186;13183;9.596
13187;13188;46.989
13183;13189;42.042
13189;13188;4.240
13190;13189;6.749
13188;13191;4.877
13192;13190;7.402
13190;13193;3.427
13194;13193;3.276
13192;13195;6.253
13193;13195;3.775
13195;13194;2.257
13194;13196;3.138
13196;13197;1.981
13195;13196;6.408
13198;13192;19.021
13156;13199;90.567
13200;13201;18.443
13202;13203;5.317
13204;13203;8.584
13205;13178;35.388
13203;13206;11.213
13207;13205;2.702
13138;13207;4.485
13208;13137;1.662
13209;13208;27.699
13210;13209;11.811
13211;13210;8.322
13211;13212;0.964
13212;13213;3.799
13213;13214;0.923
13214;13215;3.242
13215;13216;8.694
13159;13217;130.932
13216;13218;13.914
13216;13219;14.684
13219;13220;7.939
13221;13219;21.126
13222;13211;25.966
13223;13222;11.593
13224;13223;42.121
13225;13226;10.905
13227;13224;36.782
13217;13228;79.477
13229;13230;0.875
13231;13232;0.767
13233;13234;54.422
13234;13235;38.024
13235;13236;3.881
13237;13236;0.370
13238;13239;9.227
13240;13239;9.513
13240;13238;7.204
13241;13240;7.617
13242;13241;9.282
13241;13243;3.595
13244;13245;2.582
13246;13241;7.986
13247;13237;3.878
13239;13247;11.025
13240;13248;8.731
13248;13243;9.701
13249;13246;8.620
13245;13249;2.920
13250;13247;1.629
13251;13250;3.492
13248;13251;4.192
13252;13251;0.482
13253;13245;16.983
13254;13253;8.893
13255;13252;0.844
13247;13256;10.904
13257;13255;1.285
13258;13250;5.903
13259;13257;0.665
13243;13259;10.790
13256;13260;4.535
13261;13260;6.136
13256;13262;6.498
13263;13249;11.799
13263;13253;9.726
13264;13259;2.983
13246;13264;11.816
13260;13265;2.303
13258;13265;8.032
13266;13264;3.218
13249;13266;12.677
13267;13266;0.445
13267;13263;10.131
13268;13267;2.206
13252;13269;11.666
13255;13269;10.944
13265;13270;9.767
13270;13258;10.426
13266;13271;7.122
13257;13272;13.847
13270;13273;8.366
13269;13273;6.535
13274;13268;5.305
13271;13275;4.299
13275;13276;5.994
13271;13276;9.261
13272;13277;4.084
13278;13277;3.769
13264;13278;14.154
13275;13278;6.424
13276;13279;5.361
13279;13268;10.053
13279;13274;12.583
13273;13280;9.907
13272;13280;5.376
13280;13281;2.893
13277;13281;4.617
13282;13274;3.888
13232;1937;7.106
13281;13283;6.399
13283;13275;16.762
13279;13283;25.044
13282;13284;11.315
13284;13285;7.331
13285;13231;49.116
13285;13286;12.851
13286;13229;46.423
13230;2665;12.216
13284;8252;106.827
13287;13288;1.699
13289;2525;1.364
13290;13289;7.327
13291;13290;30.774
13292;13291;6.257
2526;13293;46.761
13293;13233;0.354
13294;13295;4.507
13294;13296;12.608
13294;13297;7.515
13298;13292;78.044
13299;13297;7.728
13300;13294;19.773
13301;13298;1.728
13302;13299;3.616
13303;13300;5.065
13299;13304;5.310
13301;13287;4.637
13287;13298;2.967
13302;13304;4.956
13297;13305;13.131
13305;13302;2.735
13306;13303;3.758
13305;13307;4.146
13308;13309;3.367
13310;13306;3.780
13304;13311;6.870
13308;13312;1.872
13312;13313;3.296
13303;13314;11.402
13315;13306;9.171
13312;13316;2.527
13316;13310;3.108
13311;13317;2.182
13307;13311;8.408
13310;13318;3.892
13288;13319;3.369
13319;13308;4.460
13315;13320;3.751
13321;13300;17.645
13321;13322;4.694
13323;13319;3.276
13316;13323;4.113
13324;13323;0.992
13320;13325;3.305
13326;13321;3.758
13307;13326;9.473
13320;13327;6.069
13328;13315;11.324
13324;13329;5.620
13328;13330;2.721
13326;13330;5.043
13326;13331;5.569
13317;13331;11.407
13332;13333;2.132
13328;13332;3.927
13334;13329;3.046
13329;13335;4.184
13335;13324;13.880
13334;13336;1.445
13335;13337;0.788
13330;13338;5.352
13331;13338;4.815
13332;13339;3.368
13334;13340;3.844
13341;13342;5.557
13336;13342;2.540
13336;13343;4.901
13342;13344;3.405
13342;13345;3.837
13344;13346;3.457
13344;13347;6.128
13348;13346;5.420
13346;13349;9.383
13338;13350;59.759
937;13301;50.660
5;13351;3.954
13352;13353;1.212
13354;13355;0.603
13355;13352;5.030
13356;13357;1.428
13358;13359;4.948
13360;13361;4.327
13360;13362;4.042
13362;13361;2.636
13361;13360;6.539
13363;13364;10.604
13363;13365;2.316
13365;13366;4.770
13366;13367;1.518
13367;13368;2.368
13367;13369;1.608
13368;13369;2.461
13369;13363;3.961
13370;13371;1.672
13370;13372;4.514
13372;13371;2.764
13371;13373;4.089
13373;13374;2.767
13374;13375;3.009
13373;13375;1.815
13375;13370;1.269
13376;13377;2.893
13378;13379;8.118
13380;13379;1.508
13380;13377;3.543
13377;13379;3.507
13381;13382;2.434
13383;13381;2.311
13379;13383;2.563
13383;13382;1.652
13382;13380;2.946
13384;13385;5.105
13386;13387;1.441
13388;13389;9.826
13390;13391;1.100
13392;13393;4.021
13394;13395;5.608
13396;13397;3.351
13398;13399;9.703
13400;13401;3.819
13402;13403;3.896
13404;13405;3.194
13406;13407;0.658
13408;13409;1.161
13410;13411;0.714
13412;13413;0.558
13414;13415;0.790
13416;13417;0.519
13418;13419;1.400
13420;13421;1.422
13422;13423;2.348
13424;13425;0.580
13426;13427;0.535
13428;13429;0.601
13430;13431;2.513
13432;13433;1.119
13434;13435;0.813
13436;13437;0.863
13438;13439;0.320
13440;13441;0.929
13442;13443;0.544
13444;13445;1.666
13446;13447;1.486
13448;13449;1.227
13450;13451;1.232
13452;13453;0.765
13454;13455;1.210
13456;13457;1.380
13458;13459;0.868
13460;13461;1.478
13462;13463;1.004
13464;13465;1.768
13466;13467;1.427
13468;13469;0.843
13470;13471;0.526
13472;13473;0.609
13474;13475;0.904
13476;13477;1.006
13478;13479;0.645
13480;13481;0.558
13482;13483;0.363
13484;13485;0.948
13486;13487;0.807
13488;13489;1.299
13490;13491;1.632
13492;13493;1.639
13494;13495;0.661
13496;13497;1.335
13498;13499;1.401
13500;13501;0.494
13502;13503;0.629
13504;13505;1.440
13506;13507;0.587
13508;13509;0.767
13510;13511;1.383
13512;13513;1.280
13515;13516;1.423
13517;13518;1.103
13519;13520;1.125
13521;13522;1.301
13523;13524;0.804
13525;13526;1.921
13527;13528;2.096
13529;13527;1.841
13526;13529;3.156
13524;13525;1.798
13528;13523;2.688
13529;13530;3.621
13531;13529;3.272
13526;13531;3.182
13532;13526;4.236
13524;13532;3.938
13533;13523;3.274
13528;13533;3.369
13530;13528;3.682
13527;13530;0.785
13525;13532;0.965
13527;13525;1.589
13534;13535;0.688
13536;13534;2.115
13537;13536;1.712
13538;13537;3.530
13535;13539;2.577
13539;13540;1.777
13540;13538;1.929
13541;13538;3.523
13539;13541;3.327
5;13542;4.518
13543;13539;2.443
13544;13537;2.725
13535;13543;2.248
13544;13534;3.194
13536;13540;1.548
13540;13541;0.754
13545;13544;3.546
13544;13536;0.518
7438;13546;47.194
10677;13547;13.612
10676;13548;22.823
13547;13548;2.948
13546;13378;15.256
13549;13550;1.685
13550;13551;1.055
13381;13549;27.701
13378;13376;28.847
10681;13552;28.047
13553;13552;0.956
13553;13554;12.872
13555;13556;9.633
13555;13557;9.966
13548;13558;24.731
10682;13558;71.041
13559;13560;8.260
13561;13559;20.068
13562;13555;16.357
13560;13562;15.525
13563;13562;5.632
13564;13559;19.736
13564;13565;32.768
13566;13563;9.241
13551;13567;31.458
13559;13568;16.716
13563;13569;9.013
13570;13564;1.498
13571;13566;6.301
13572;13571;5.065
13568;13572;6.784
13548;13426;27.999
13568;13573;9.883
13573;13570;12.209
13574;13553;18.044
13569;13574;12.437
13569;13575;9.443
13575;13566;14.017
13571;13576;5.947
13577;13572;9.388
13573;13577;5.140
13578;13579;23.377
13580;13576;4.652
13578;13548;54.183
13581;13574;4.828
13581;13575;10.999
13574;13582;8.145
13583;13584;10.886
13582;13584;4.507
13585;13577;3.467
13575;13586;5.145
13586;13580;7.711
13587;13570;13.896
13587;13578;7.224
13588;13589;9.715
13584;13588;3.593
13586;13590;4.636
13576;13591;10.474
13591;13585;8.258
13592;13581;7.708
13590;13592;5.013
13593;13585;2.634
13593;13587;12.290
13580;13594;9.009
13594;13591;9.043
13588;13595;7.812
13582;13596;9.795
13596;13592;13.369
13597;13590;5.082
13597;13594;8.778
13380;13598;12.056
13592;13599;9.394
13599;13597;4.881
13594;13600;7.409
13601;13602;2.425
13600;13603;4.971
13603;13593;16.967
13604;13600;5.762
13595;13605;16.444
13596;13606;11.882
13606;13599;15.738
13593;13607;6.789
13599;13608;10.629
13595;13609;17.335
13606;13610;3.334
13611;13612;8.639
13611;13603;11.152
13603;13613;10.991
13613;13607;16.844
13608;13614;8.732
13608;13615;8.331
13615;13611;4.843
13616;13617;3.388
13610;13616;10.015
13615;13618;1.841
13607;13619;4.166
13613;13620;7.068
13621;13613;9.034
13616;13622;1.797
13621;13620;11.041
13618;13623;7.481
13623;13621;2.776
13622;13624;3.497
13625;13622;13.597
13610;13625;11.490
13614;13625;6.430
13624;13626;16.029
13624;13627;2.095
13620;13628;9.332
13628;13619;11.373
13629;13618;9.991
13614;13630;8.966
13630;13629;2.031
13629;13631;2.017
13627;13632;6.627
13619;13633;51.957
13427;13633;11.992
13625;13634;6.575
13630;13634;8.442
13631;13635;3.152
13632;13636;7.678
13627;13636;7.635
13636;13637;13.492
13634;13637;1.939
13631;13638;13.646
13638;13623;9.933
13638;13639;3.652
13637;13640;2.656
13628;13641;21.665
13619;13641;6.806
13632;13642;7.821
13642;13643;3.411
13558;13644;24.620
13558;13645;25.453
13644;13646;0.347
13647;13648;3.484
13640;13647;12.115
13642;13649;4.642
13645;13633;43.407
13649;13650;1.709
13651;13652;8.668
13640;13653;9.907
13652;13653;10.059
13598;13654;22.359
13650;13655;11.460
13653;13656;7.226
13656;13652;13.399
13650;13657;11.633
13649;13658;15.251
13659;13657;7.183
13658;13659;1.071
13656;13660;3.915
13654;13661;2.550
13657;13662;2.405
13663;13658;2.849
13647;13663;17.519
13664;13665;7.960
13666;13665;7.994
13659;13667;3.162
13660;13668;5.682
13669;13663;5.945
13668;13669;6.968
13665;13670;3.097
13671;13670;14.724
13663;13672;3.589
13669;13672;5.806
13641;13673;6.927
13633;13673;8.069
13674;13668;5.714
13660;13674;4.566
13675;13676;1.042
13662;13677;8.460
13678;13661;12.892
13678;13675;8.091
13677;13679;6.290
13662;13679;11.856
13674;13680;22.940
13675;13681;12.441
13670;13681;9.120
13655;13682;22.859
13679;13683;3.867
13683;13684;3.914
13672;13684;13.003
13685;13683;7.596
13681;13686;5.004
13687;13688;11.954
13689;13687;4.064
13690;13686;15.343
13690;13689;8.243
13691;13682;8.293
13677;13691;12.903
13686;13690;13.723
13692;13693;4.428
13661;13694;9.882
13567;10846;42.007
13693;13694;7.463
13693;13695;2.430
13692;13695;4.642
13684;13696;8.104
13696;13691;13.153
13697;13692;16.870
13697;13678;13.440
13686;13697;12.469
13698;13697;9.201
13686;13698;10.861
13694;13699;4.547
13698;13700;21.510
13689;13700;16.548
13674;13701;29.311
13695;13702;16.589
13697;13702;18.822
13698;13703;10.550
13700;13704;14.358
13703;13704;16.990
13699;13705;19.548
13705;13702;10.690
13702;13703;20.690
13673;13706;7.704
13704;13707;3.128
13708;13705;5.725
13705;13708;17.560
13703;13709;9.234
13710;13709;8.224
13703;13711;10.382
13602;13712;65.333
13712;13713;8.920
13699;13713;10.224
13709;13714;18.326
13715;13716;6.318
13708;13715;19.738
13646;13717;35.704
13715;13718;68.048
13713;13719;60.403
13717;13720;42.334
13719;13486;18.901
13721;13722;2.778
13706;13428;48.651
13722;13723;14.663
13723;13724;4.398
13723;13725;3.992
13725;13724;2.252
13726;13727;35.291
13429;13728;3.528
13353;13729;13.361
13727;13729;0.215
13728;13730;0.293
13725;13731;12.450
13732;13733;2.724
13731;13732;7.651
13733;13734;11.015
13735;13354;3.223
13724;13736;16.509
13736;13735;0.533
13731;13737;5.877
13737;13738;2.637
13738;13736;4.739
13732;13739;9.270
13737;13739;5.326
13733;13740;10.535
13739;13740;3.913
13738;13741;3.277
13741;13742;9.688
13736;13742;6.631
13739;13743;9.703
13741;13743;2.194
13742;13744;8.656
13743;13745;7.565
13744;13745;17.402
13744;13746;9.307
13740;13747;28.137
13745;13748;5.786
13749;13747;37.547
13747;13748;12.202
13748;13750;14.068
13729;13751;8.631
13487;13371;15.870
13730;13752;10.201
13751;13753;3.164
13720;13754;61.509
13754;13755;1.031
13370;13756;19.672
13757;13758;10.331
13759;13757;5.831
13760;13759;6.827
13761;13759;13.053
13762;13757;21.714
13763;13762;4.314
13762;13764;6.216
13764;13761;3.286
13765;13760;9.291
13766;13765;2.303
13761;13767;4.899
13768;13764;5.008
13768;13767;1.668
13769;13760;9.536
13769;13766;3.917
13767;13770;10.787
13770;13769;2.697
13766;13771;2.345
13772;13763;6.737
13756;13366;12.078
13762;13773;9.147
13774;13770;2.215
13774;13769;2.933
13775;13768;4.300
13776;13775;1.481
13777;13772;7.985
13773;13777;1.852
13542;13390;0.726
13368;13763;33.879
13773;13778;4.085
13778;13775;4.388
13778;13779;1.563
13779;13776;4.332
13777;13780;3.907
13780;13779;3.472
13781;13776;7.567
13781;13774;8.138
13782;13772;9.685
13779;13783;6.607
13783;13781;5.158
13784;13772;13.080
13784;13782;6.025
13780;13785;6.099
13785;13783;5.462
13781;13786;8.017
13787;13785;3.416
13788;13782;8.911
13788;13787;4.233
13789;13781;11.840
13787;13790;5.771
13784;13791;24.358
13788;13790;7.910
13790;13792;1.904
13792;13789;11.562
13784;13793;13.677
13793;13788;12.860
13792;13794;3.546
13794;13795;10.274
13794;13796;9.170
13793;13797;15.287
13366;13363;1.551
13364;13798;0.191
13798;13799;0.930
13755;13800;55.838
13800;13408;19.054
13409;13801;35.531
13799;13802;46.977
13752;13431;79.643
13803;13430;8.780
13804;13803;5.423
13805;13806;12.550
13806;13807;5.361
13807;13808;3.123
13809;13808;15.329
13808;13810;7.070
13809;13811;10.271
13811;13810;4.367
13807;13812;27.376
13812;13398;4.310
13810;13813;8.895
13813;13814;4.042
13811;13815;6.885
13810;13815;5.751
13801;13410;23.212
13814;13816;3.080
13813;13816;4.152
13815;13817;1.695
13814;13817;3.382
13431;13399;7.467
13399;13818;4.418
13816;13819;6.078
13819;13812;13.256
13818;13820;0.910
13822;13817;10.215
13823;13819;3.597
13821;13824;5.313
13824;13809;18.374
13822;13824;3.504
13817;13825;9.964
13825;13823;3.780
13826;13822;5.599
13826;13825;8.539
13824;13827;4.603
13827;13828;5.553
13828;13826;4.607
13828;13829;6.862
13829;13830;6.748
13823;13831;15.736
13827;13832;12.504
13829;13833;6.337
13834;13831;4.372
13812;13834;38.849
13833;13835;8.568
13833;13836;2.458
13837;13836;3.341
13829;13838;5.347
13839;13834;3.811
13836;13838;7.863
13829;13840;14.661
13831;13840;5.887
13840;13841;6.239
13842;13841;2.710
13411;13843;13.483
13838;13844;11.634
13841;13844;4.251
13844;13845;14.411
13845;13846;7.193
13845;13847;5.027
13847;13848;8.531
13847;13849;5.830
13848;13849;5.427
13850;13848;8.826
13841;13850;13.669
13849;13851;17.518
13753;13852;92.802
13853;13850;15.679
13850;13854;10.588
13849;13854;10.817
13855;13853;11.650
13802;13361;24.336
13854;13856;24.085
13850;13857;26.517
13857;13853;15.052
13858;13852;9.203
13360;13858;6.947
13843;13412;23.936
13859;13858;3.479
13385;13860;41.086
13861;13859;97.785
13861;13862;2.712
13862;13859;2.592
13863;13384;10.041
13863;13864;18.476
13857;13865;45.219
13820;13866;50.419
13852;13359;89.673
13359;13861;2.866
13359;13867;47.432
13867;13868;30.422
13869;13863;40.697
13870;13868;3.584
13869;13871;5.275
13871;13872;10.000
13388;13870;1.801
13873;13413;34.100
13357;13873;3.485
13874;13358;6.908
13875;13356;0.496
13875;13869;7.152
13876;13875;2.961
13876;13871;5.395
13877;13876;4.165
13877;13874;5.518
13874;13878;7.008
13879;13877;6.114
13878;13879;4.824
13880;13402;39.592
13873;13880;8.171
13357;13881;11.845
13878;13882;10.378
13880;13883;1.418
13884;13875;12.005
13882;13885;1.118
13885;13867;41.834
13886;13884;24.642
13886;13879;6.751
13887;13886;2.938
13888;13887;4.029
13888;13889;24.584
13889;13882;6.370
13890;13884;6.481
13891;13389;16.883
13892;13887;2.353
13893;13889;3.689
13894;13888;7.195
13883;13895;7.603
13896;13894;9.964
13893;13896;9.386
13885;13897;10.107
13898;13894;3.779
13898;13896;4.997
13897;13899;2.337
13897;13900;2.024
13900;13891;8.256
13901;13389;23.448
13902;13890;11.555
13902;13886;19.891
13889;13903;26.835
13899;13903;5.253
13904;13901;3.998
13905;13893;10.335
13906;13902;4.078
13892;13906;17.794
13907;13905;4.296
13891;13908;16.430
13908;13904;7.256
13903;13909;9.212
13895;13488;4.358
13910;13883;33.361
13910;13881;25.344
13909;13907;9.422
13905;13911;6.793
13911;13907;3.676
13904;13912;9.765
13913;13898;17.094
13914;13911;4.729
13915;13906;7.397
13916;13890;20.122
13915;13916;10.167
13917;13913;2.921
13914;13917;2.384
13918;13892;21.000
13900;13919;6.087
13920;13915;5.338
13918;13920;11.818
13881;13910;45.229
13921;13918;3.283
13913;13921;14.557
13899;13922;19.519
13922;13919;3.163
13908;13923;10.050
13923;13912;8.561
13919;13924;1.069
13920;13925;2.415
13912;13926;11.546
13927;13921;2.758
13923;13928;3.783
13928;13926;14.000
13917;13929;6.343
13930;13914;10.970
13924;13928;12.090
13926;13931;2.787
13925;13932;8.321
13933;13909;15.855
13934;13933;3.829
13935;13916;8.021
13932;13935;4.708
13936;13933;3.142
13937;13901;29.478
13930;13929;12.415
13928;13938;4.648
13939;13930;6.778
13940;13934;5.850
13940;13922;10.630
13941;13910;17.509
13931;13938;17.623
13939;13942;3.236
13942;13936;8.144
13943;13925;11.885
13927;13943;9.999
13936;13934;11.803
13944;13927;13.511
13929;13944;9.349
13931;13945;11.217
13945;13937;6.307
13944;13946;6.367
13924;13947;5.186
13942;13948;7.435
13949;13932;15.268
13943;13949;9.554
13938;13950;8.828
13947;13950;7.255
13946;13951;3.962
13951;13939;12.762
13952;13949;3.740
13951;13953;4.566
13954;13950;7.491
13948;13955;6.632
13944;13956;11.035
13957;13953;6.333
13957;13948;12.078
13958;13952;5.297
13953;13959;4.072
13956;13960;4.143
13946;13960;11.429
13960;13961;1.114
13945;13962;19.536
13866;13466;71.508
13963;13952;12.564
13956;13963;7.686
13959;13964;3.674
13964;13957;6.100
13955;13965;7.723
13940;13965;19.286
13966;13964;1.892
13959;13961;12.719
13967;13954;13.928
13968;13963;4.550
13965;13969;5.654
13970;13941;37.099
13971;13968;3.596
13961;13971;9.004
13972;13955;19.622
13947;13973;8.469
13945;13974;23.734
13975;13971;5.098
13968;13975;11.868
13976;13977;2.634
13978;13954;21.607
13978;13974;8.147
13975;13979;5.710
13979;13972;21.275
13980;13950;27.019
13973;13981;4.819
13981;13980;3.057
13972;13982;13.572
13982;13983;3.294
13973;13983;8.110
13984;13970;47.587
13984;13941;47.426
13980;13985;12.025
13985;13978;13.395
13983;13986;0.962
13987;13976;13.716
13987;13988;17.698
13981;13989;4.296
13989;13985;6.068
13979;13990;16.218
13982;13990;20.341
13991;13935;69.894
13990;13991;3.312
13988;13992;14.695
13993;13994;13.571
13989;13995;6.412
13974;13995;27.890
13992;13996;7.346
13990;13997;9.674
13986;13997;7.182
13995;13998;0.722
13996;13999;4.808
13999;13993;2.686
14000;13987;13.369
14000;14001;16.609
14002;13996;3.383
14002;13999;4.592
14003;13987;17.835
13998;14004;3.219
14005;13991;13.023
13997;14005;2.613
14005;13386;0.854
13993;14006;16.850
14007;14006;14.393
14008;14009;19.957
13986;14010;31.735
14004;14011;4.218
14012;14010;2.103
13997;14012;39.856
14010;14013;7.388
14013;13998;25.470
14014;14006;5.581
14015;14014;5.927
14016;14017;7.998
14018;14012;3.940
14013;14018;3.953
14003;14019;30.126
14019;13992;15.028
14019;14020;3.133
14020;14002;10.778
14020;14016;8.826
14021;14000;15.711
14021;14003;10.202
14016;14022;3.069
14006;14022;10.847
14011;14023;16.277
14011;14023;7.691
14024;13984;51.180
13387;14024;14.095
14025;14020;5.412
14022;14025;8.831
14021;13396;39.060
14025;13396;4.210
13405;14021;9.572
13404;14026;5.766
14026;13397;29.754
14004;14027;13.275
14009;14027;24.423
13396;14028;6.339
14009;14029;32.930
14029;14030;1.392
13397;14031;3.744
14031;14028;6.610
14027;14032;10.558
14028;14033;12.928
14018;14034;38.232
14033;14035;7.959
14035;14014;23.998
14035;14036;0.542
14037;14032;4.731
14034;14038;5.448
14023;14038;21.109
14032;14038;21.853
14039;14040;3.355
14031;14040;11.207
13489;14041;41.968
14042;14040;3.413
14030;14043;28.180
13387;14044;6.226
14045;14026;21.426
14045;14042;7.362
13467;14046;50.592
14047;14045;7.086
14048;14047;7.223
14049;13404;21.130
14049;14048;6.779
14027;14050;12.420
14050;14029;24.043
13387;14034;90.007
14033;14051;14.894
14045;14052;6.975
14042;14052;10.077
14043;14053;15.180
14051;14054;6.274
14038;14055;18.508
14040;14056;5.649
14057;14049;12.350
14051;14058;6.315
14054;14058;4.758
14059;14048;9.016
14059;14047;9.822
14043;14060;40.633
14038;14061;19.856
14056;14062;7.291
14060;14063;3.713
14064;14059;4.108
14052;14065;9.219
14046;14066;7.827
14067;14065;2.753
14056;14067;1.857
14066;14068;2.340
14068;14069;2.403
14057;14069;13.679
14064;14070;6.509
14058;14071;10.329
14072;14073;5.934
14065;14072;3.010
14074;14064;7.153
14050;14075;11.058
14053;14075;15.104
14076;14071;7.134
14069;14077;2.647
14077;14078;1.660
14078;14057;12.533
14078;14057;18.978
14054;14079;17.213
14080;14059;15.616
14072;14080;0.852
14079;14081;1.393
14071;14082;4.270
14055;14083;17.676
14082;14084;1.304
14084;14079;8.221
14068;14085;9.521
14067;14086;4.906
14087;14078;2.662
14087;14074;8.486
14088;14077;7.087
14089;14087;0.635
14069;14090;8.659
14091;14080;7.188
14074;14092;11.609
14080;14092;3.440
14092;14089;4.716
14082;14086;24.646
14092;14093;1.367
14094;14078;12.924
14089;14094;3.841
14093;14095;3.282
14063;14096;53.917
14097;14090;7.270
14090;14098;5.791
14084;14099;8.831
14095;14100;3.139
14099;14101;9.316
14101;14102;6.035
14100;14103;2.476
14094;14103;7.920
14093;14104;10.439
14096;14105;8.808
14099;14106;4.560
14106;14101;8.013
14107;14103;8.821
14095;14108;10.310
14083;14109;25.545
14109;14083;68.737
14086;14110;8.807
14106;14110;14.485
14110;14111;0.494
14111;14112;1.314
14113;14100;43.789
14110;14113;14.382
14053;14114;97.275
14105;14114;30.449
14061;14115;47.709
14115;14109;28.068
14075;14116;35.742
14114;14116;28.301
14116;14114;30.352
14113;13471;11.990
14044;14117;22.661
14118;13470;5.787
14109;14119;110.522
14120;14121;4.998
14121;14122;5.564
14122;14123;5.011
14121;14124;16.822
14125;14126;2.181
14122;14126;8.085
14127;14124;5.722
14128;14127;1.855
14126;14129;4.574
14129;14128;11.760
14127;14130;3.127
14131;14118;8.905
14129;14132;8.469
14128;14132;9.736
14124;14133;12.994
14133;14134;5.240
14132;14135;3.079
14133;14136;4.061
14136;14134;5.785
14135;14137;4.197
14112;14138;39.915
14135;14139;7.726
14140;14141;26.930
14141;14139;9.404
14141;14142;1.692
14143;14142;6.267
14139;14144;3.952
14144;14136;21.453
14145;14146;11.962
14146;14147;7.191
14142;14147;8.766
14147;14148;2.214
14144;14148;9.462
14146;14149;8.458
14041;14150;81.592
14116;14151;36.056
14148;14152;9.647
13483;14153;4.805
14154;14152;3.241
14117;14155;20.955
14151;14156;10.374
14150;13490;32.102
14157;14158;40.595
14158;14159;3.813
14159;14160;2.838
14156;14161;36.095
14161;14158;11.669
14159;14162;10.902
13503;14154;25.837
14162;14163;2.261
14163;14164;3.245
14161;14165;2.311
14162;14166;8.088
14165;14167;27.009
14165;14168;2.497
14166;14168;2.553
14163;14169;6.892
14168;14170;0.716
14166;14171;9.066
14169;14171;6.923
14170;14172;7.678
14170;14173;2.686
14171;14173;1.860
14169;14174;9.329
14174;14175;11.471
14173;14176;2.622
14172;14177;14.558
14176;14178;0.887
14178;14174;9.898
14179;14176;5.585
14178;14180;2.022
14181;14179;2.947
14179;14180;9.424
14180;14182;1.752
14172;14183;17.415
14183;14181;3.961
14181;14182;19.445
13491;14184;13.223
14184;14185;7.478
14182;14186;4.840
14186;14187;1.657
14187;13502;25.558
14138;14188;68.633
14189;14188;2.761
14189;14190;3.456
14185;14190;6.648
14188;14191;3.033
14191;14189;2.405
14192;14191;1.686
14190;14192;1.580
14190;14192;6.996
14193;14194;29.735
14183;14193;35.993
13505;14185;19.196
14195;14115;86.194
14196;14195;0.980
13473;14131;58.519
14197;13504;16.624
14198;14197;7.711
14199;14198;23.512
14192;14200;42.461
3848;14201;19.153
14187;13414;50.714
13507;14199;16.667
14202;14196;40.098
14203;13506;8.613
13509;14203;5.144
14204;13508;1.922
14205;14202;6.769
14206;14204;6.957
14207;13542;0.617
13472;13533;47.889
13532;14200;26.425
14201;14208;23.695
14209;14210;0.871
14211;14209;7.784
13475;13531;13.905
14208;14212;23.184
14213;14214;1.264
14213;14215;5.576
14215;14216;5.800
14217;14218;5.532
14216;14219;4.701
14218;14219;2.771
14219;14220;2.250
14221;14220;3.244
14220;14222;0.680
14223;14206;35.558
14212;14221;15.976
14224;14213;12.301
14222;14224;1.358
14225;14205;25.214
14226;14227;10.793
14224;14226;2.157
14222;14228;8.704
14228;14229;6.578
14230;14231;5.618
14226;14230;6.368
14230;14232;4.415
14232;14233;1.585
14232;14234;4.239
14226;14234;3.749
14228;14235;10.095
14236;14237;4.817
14235;14237;2.852
13511;14223;7.588
14238;14239;6.176
14234;14239;3.298
13415;14240;53.742
14241;14211;18.414
14239;14242;1.093
14242;13432;0.592
14235;14243;16.341
14237;14242;40.571
13530;14244;39.112
13433;14245;6.401
14240;14246;8.863
14246;14245;3.915
14246;14247;1.716
14245;14247;4.119
14248;14246;4.341
14247;14248;3.714
13441;14248;1.600
14244;13492;5.832
14247;14249;3.740
14210;14250;83.335
14250;14251;2.213
13513;13510;33.380
14252;14253;3.920
14254;14252;0.966
13493;14255;13.380
14256;14254;15.712
14257;13512;7.524
14258;14259;4.611
14258;14256;5.521
14260;14254;13.473
14260;14261;6.235
14262;14258;2.495
13463;14241;24.985
14263;14257;8.002
14264;14256;9.880
14265;14264;3.245
14266;14263;4.781
14267;14262;7.472
14267;14264;2.621
14268;14262;4.516
14268;14269;2.464
14269;14266;8.180
14270;14268;9.433
14270;14267;2.435
14271;14260;7.749
14272;14270;7.030
14271;14272;6.562
14270;14273;7.755
14272;14274;5.021
14275;14271;10.497
14275;14276;18.938
14277;14275;1.759
14274;14278;3.993
14279;14277;2.671
14251;14280;11.181
14281;14274;4.989
14281;14278;6.564
14282;14281;11.943
14278;14283;5.452
14284;13462;3.453
14279;14285;5.652
14266;14286;17.152
14286;14287;7.969
14269;14287;15.159
14287;14282;4.414
14283;14288;2.236
14277;14288;5.965
14289;14286;4.075
14290;14281;5.800
14291;14290;2.388
14283;14292;9.359
14293;14225;36.198
14294;14284;3.568
14295;14282;12.426
14295;14296;6.289
14290;14296;5.723
14297;14294;3.119
14288;14298;9.880
14287;14299;13.791
14299;14295;1.639
14285;14300;15.824
14155;14300;118.476
14301;14297;6.190
14298;14302;3.484
14302;14303;9.550
14304;14293;1.264
14297;14301;8.370
14296;14305;5.334
14298;14305;9.369
14301;14306;5.673
14307;14306;3.120
14307;14308;0.820
14302;14309;5.406
14299;14310;7.908
14305;14310;8.287
14311;14312;2.511
14311;14294;4.462
14306;14311;12.013
14313;14312;2.236
14314;14307;6.309
14312;14315;15.464
14255;13494;15.865
14316;14314;3.817
14311;14317;10.991
14317;14314;10.251
14316;14318;5.099
14310;14319;12.025
14320;14304;5.205
14321;14311;5.020
14315;14321;14.697
14322;14317;6.982
14322;14316;11.880
14321;14323;17.837
14323;14322;8.215
14280;14324;12.562
14324;14325;0.533
14326;14321;5.546
14327;14328;20.623
14326;14323;22.628
14329;14326;1.547
14322;14330;29.352
14325;14331;4.634
14328;14331;8.619
14331;14332;2.372
14333;14334;1.513
14335;13474;56.842
13393;14333;1.016
14332;14336;1.332
14337;14336;3.952
14338;14325;26.213
14338;14332;7.336
14336;14339;2.836
14340;13392;2.870
14339;14341;0.950
14328;14342;32.674
14342;14340;2.541
14341;14343;0.819
14344;14343;11.744
14344;14342;2.164
14343;14345;2.982
14346;14338;6.000
14346;14339;11.759
14341;14347;4.139
14344;14348;5.914
14340;14348;5.079
14339;14349;10.231
13407;14350;4.219
14351;14352;19.171
14351;14353;8.971
14349;14354;7.934
14349;14354;1.894
14350;14355;9.378
14356;14355;7.322
14357;14346;7.227
14300;14358;13.105
14354;14357;6.583
14359;14351;3.942
14355;14360;2.041
14345;14361;13.092
14362;14363;3.544
14363;14360;2.527
14361;14364;6.264
14348;14365;12.601
14366;14365;3.805
14364;14366;5.662
14365;14367;3.237
14304;14368;19.096
14369;14320;13.322
14345;14370;18.915
14361;14370;7.915
14371;14363;2.483
14368;14372;0.942
14373;14371;3.596
14249;14374;45.427
14364;14375;6.425
14375;14366;3.669
14376;14375;1.516
14377;14374;4.319
13406;14377;9.678
14370;14378;6.587
14367;14379;6.488
14360;14380;5.553
14372;14381;8.869
14381;14382;20.327
14383;14359;19.781
14380;14383;2.766
14380;14384;1.384
14385;14371;7.101
14374;14386;4.222
14379;14387;4.241
14372;14388;7.952
14381;14388;6.919
14385;14389;4.115
14367;14390;15.642
14374;14391;1.729
14391;14377;3.574
14386;14391;3.875
14387;14392;1.802
14381;14393;4.206
14394;14393;1.035
14395;14385;8.908
14384;14395;5.305
14384;14396;6.730
14396;14383;5.836
14388;14397;3.796
14397;14394;8.755
14390;14398;7.880
14379;14399;8.154
14390;14399;8.985
14395;14400;3.367
14399;14401;1.830
14398;14402;4.734
14401;14387;13.801
14393;14403;5.086
14403;14404;1.621
14405;14396;4.746
14396;14406;4.260
14407;14394;6.269
14404;14407;5.096
14408;14369;4.036
14398;14409;5.070
14400;14410;4.597
14406;14400;16.587
14397;14411;8.053
14401;14412;9.818
14411;14413;2.023
14413;14407;7.494
14404;14414;7.995
14414;14413;8.318
14415;14414;5.248
14403;14415;9.872
14414;14416;2.740
14415;14416;6.257
14417;14408;3.449
14413;14418;8.271
14416;14418;7.880
13495;13545;27.889
14415;14419;11.117
14418;14420;8.026
14419;14420;16.826
14421;14422;6.489
14423;14421;4.694
14420;14423;22.316
14421;14424;3.847
14423;14424;4.606
14391;14425;10.310
14426;14417;6.542
14424;14427;3.995
14427;14428;3.231
14427;14429;1.177
14358;14430;14.903
13541;14431;8.621
14432;14426;5.311
14431;13496;5.427
13543;14433;9.450
14434;14335;29.495
14425;14435;8.808
14436;13440;70.980
14430;14437;6.933
13514;14438;103.844
13497;14439;10.807
14440;14432;8.891
14439;13498;0.620
14441;14436;8.915
14442;14443;19.243
13499;14444;7.283
14445;14442;39.892
3;14446;3.664
14447;14445;28.353
14444;14448;4.281
14445;14449;8.424
14443;14450;20.022
14450;14449;4.979
14451;14441;4.644
14450;14452;3.752
14452;14453;2.033
14449;14453;4.405
14454;14445;25.078
14454;14455;6.656
14456;14329;45.995
14443;14457;23.810
14454;14458;9.766
14458;14448;13.748
14457;14459;12.018
14459;14452;14.209
14458;14460;22.253
14453;14461;13.884
14462;14463;4.150
14458;14464;7.016
14459;14465;6.986
14465;14462;3.061
14462;14466;3.716
14466;14461;6.935
14461;14467;4.079
14466;14468;4.823
14464;14469;4.540
14468;14470;4.643
14467;14470;3.665
14465;14471;6.221
14471;14468;9.543
14470;14472;4.163
14467;14472;12.974
14472;14473;2.316
14473;14458;10.724
14474;14473;1.707
14469;14475;9.834
14457;14476;19.843
14477;14464;16.188
14478;14476;5.573
14478;14471;8.941
14479;14451;13.090
14480;14474;3.570
14473;14481;12.039
14481;14477;3.676
14479;14482;19.383
14483;14484;9.979
14475;14485;10.289
14486;14487;4.431
14476;14486;36.617
14485;14483;8.526
14488;14478;5.470
14488;14489;10.809
14487;14490;4.594
14490;14486;2.045
14489;14491;6.479
14491;14474;3.420
14477;14492;12.244
14469;14492;14.723
14492;14475;10.654
14493;14476;7.397
14493;14488;2.959
14494;14480;7.253
14494;14480;6.784
13443;14479;2.341
14485;14495;6.365
14495;14483;5.629
14496;14494;1.436
14437;13434;17.334
14496;14497;4.534
14497;14481;9.195
14498;14489;8.137
14498;14491;2.015
14499;14500;6.234
14499;14493;9.908
14433;14501;28.736
14495;14502;7.063
14503;14504;13.353
14503;13442;2.450
14501;14505;0.307
14506;14507;2.260
14492;14508;11.865
14508;14507;6.163
14507;14509;6.945
14502;14509;4.164
14510;14490;32.337
14510;14499;6.664
14488;14511;15.963
14511;14498;5.890
14512;14503;2.427
14513;14508;10.770
14514;14512;7.557
14508;14515;5.384
14515;14516;2.596
14517;14496;15.463
14518;14497;14.247
14517;14518;4.408
14516;14519;3.681
14509;14519;6.737
14497;14520;17.285
14520;14513;2.373
14521;14515;3.347
14522;14503;15.471
14511;14523;3.850
14523;14524;17.970
14522;14525;4.257
14526;14525;2.997
14513;14527;4.057
14527;14521;6.530
14528;14518;2.952
14529;14510;5.201
14529;14511;4.676
14528;14530;3.748
14520;14531;3.148
14531;14527;1.790
14532;14517;5.468
14530;14532;3.949
14503;14533;14.057
14534;14529;1.391
14535;14528;2.091
14535;14520;19.840
14533;14536;4.986
14537;14523;3.898
14532;14537;10.799
14519;14538;14.343
14538;14539;7.608
14502;14539;25.798
14540;14521;5.593
14540;14541;1.759
14541;14542;7.549
14516;14542;9.281
14543;14531;3.955
14544;14529;10.879
14537;14544;4.309
14533;14545;3.294
14525;14546;11.113
14546;14547;3.924
14548;14540;5.520
14543;14548;5.373
14549;14534;1.829
14522;14550;7.929
14546;14551;3.069
14536;14552;6.436
14550;14552;1.583
14538;14553;4.044
14539;14553;5.325
14542;14538;15.667
14550;14554;2.295
14554;14546;8.022
14553;14555;1.835
14555;13394;4.597
14556;14543;4.643
14537;14557;6.319
14557;14530;13.363
14558;14556;3.592
14544;14559;10.492
14534;14560;7.529
14559;14560;1.513
14561;14556;1.449
14536;14562;6.801
14552;14562;5.269
13395;14563;4.565
14560;14549;9.243
14555;14564;3.047
14565;14434;31.867
14566;14535;11.526
14567;14565;0.211
14568;14549;3.566
14554;14569;6.335
14570;14561;7.617
14571;14562;6.429
14572;14535;14.431
14572;14570;4.854
14557;14573;9.015
14573;14566;5.491
14566;14574;7.144
14574;14572;8.656
14559;14575;9.002
14576;14575;3.735
14573;14574;7.224
14575;14577;3.858
14575;14578;3.400
14578;14579;2.488
14580;14578;4.626
13445;14512;11.247
14581;14579;7.564
14581;14573;9.393
14580;14582;5.841
14583;14581;4.285
14580;14584;8.282
14579;14584;11.971
14574;14585;13.003
14570;14586;22.394
14584;14587;1.989
14587;14583;4.278
13444;14588;0.343
13435;14589;8.695
14568;14590;5.811
14564;14591;26.579
14583;14592;8.152
14592;14585;10.248
14590;14593;7.240
14590;14593;1.506
14594;14590;2.677
14568;14595;28.481
14595;14584;13.533
14585;14596;7.772
14597;14594;0.882
14593;14597;3.644
14592;14598;8.681
14599;14598;3.983
14596;14599;6.571
14598;14600;1.733
14601;14602;3.606
14600;14602;1.994
14587;14603;21.525
14602;14603;6.059
14599;14604;12.442
14591;14604;33.955
13477;14567;10.264
14435;14605;37.215
14603;14606;11.497
14600;14606;14.616
14604;14606;13.977
14597;14607;6.442
14593;14608;9.369
14607;14609;1.208
14605;13416;6.803
14588;14610;20.788
14610;14611;0.484
14606;14612;15.552
14611;14613;2.673
14603;14614;31.095
14615;13476;6.488
14615;14616;3.505
14615;14617;1.609
14617;14616;3.433
14617;14618;0.610
14618;14619;19.508
14620;14621;6.542
14616;14622;46.111
14623;14619;5.278
14622;14624;5.027
14619;14625;12.122
14622;14626;6.066
14624;14626;3.927
14627;14623;6.680
14627;14625;6.619
14628;14627;1.534
14618;14629;6.132
14630;14628;4.914
14629;14631;7.827
14623;14631;17.195
14631;14630;4.287
14632;14628;4.677
14626;14633;11.571
14634;14630;3.654
14625;14635;20.656
14636;14632;10.830
14636;14635;1.765
14629;14637;4.726
13417;13418;27.554
14632;14638;9.868
14638;14636;5.857
14635;14639;9.534
14637;14640;3.474
14631;14640;17.077
14613;13515;22.661
14639;14641;8.954
14638;14642;10.739
14642;14639;9.430
13516;14643;0.601
14644;14633;22.487
14645;14641;4.464
14641;14646;3.152
14646;14644;2.049
14640;14647;5.521
14647;14642;4.236
14645;14648;2.557
14642;14649;5.543
14649;14645;6.254
14650;14644;7.511
14647;14651;4.012
14649;14651;5.058
14505;14652;36.348
14651;14653;1.366
14646;14653;11.877
14650;14654;11.601
14654;14655;4.592
14655;14650;10.429
14655;14650;16.248
14653;14656;4.278
14656;14654;2.127
14655;14657;10.787
14656;14658;3.170
14659;14657;7.626
14658;14660;1.141
14660;14659;4.282
14659;14661;3.388
14637;14662;53.620
14663;14662;6.061
14658;14663;4.911
14633;14664;55.250
14657;14665;11.859
14665;14664;8.954
14660;14666;3.959
14643;14667;15.055
14666;14668;1.880
14662;14669;15.912
14663;14669;13.488
14665;14670;8.466
14668;14671;1.265
14671;14670;2.101
14666;14672;5.641
14672;14668;4.642
14672;14673;4.512
14671;14673;5.999
14664;14674;18.912
14669;14675;12.788
14673;14675;3.849
14676;14677;3.366
14670;14678;4.698
14674;14678;8.842
14679;14676;4.977
14678;14680;4.490
14681;14589;52.836
14682;14681;0.345
14683;14680;2.749
14675;14684;10.954
14684;14680;6.320
14685;14676;7.076
14678;14686;3.707
14687;14685;2.192
14609;14688;32.948
13419;14689;47.907
14689;14690;4.111
14689;14690;24.885
14690;14691;4.462
14691;14685;9.192
14691;14692;2.344
14692;14687;5.123
14692;14693;1.282
14693;14694;2.760
14694;14687;16.550
14694;14695;1.374
14695;14696;17.252
14684;14697;12.355
14697;14686;8.610
14695;14698;2.768
14698;14699;0.107
14699;14700;7.095
14695;14698;11.303
14693;14701;5.185
14701;14702;7.317
14694;14702;8.024
14697;14703;25.909
14686;14703;9.629
14674;14703;34.716
14700;14704;14.802
14701;14705;9.060
14706;14456;66.869
14705;14707;10.315
14702;14707;7.023
14688;14708;5.158
14703;13478;3.960
14705;14709;6.814
14589;14710;37.073
13479;14711;0.608
14588;14712;45.140
14713;14440;79.747
14714;14709;16.968
14707;14714;20.469
14667;14715;71.908
14715;14716;0.648
14712;14717;3.442
14718;14709;4.121
14716;14719;0.698
14720;14718;0.250
13465;14706;6.643
14721;14713;3.935
14719;13517;7.551
14711;14722;7.073
13520;14721;1.258
14700;14723;32.015
14724;13519;0.403
13518;14724;7.602
14725;13464;3.551
14446;7;0.880
14723;13420;12.799
14725;14726;2.077
14727;14682;44.182
13421;14728;10.965
14728;14729;0.740
14729;14725;23.053
14724;14730;8.419
13469;14727;9.298
14731;13468;7.822
14732;14730;11.574
14608;14733;91.597
14734;14735;12.210
14736;14734;8.176
14736;14732;1.387
14737;14732;2.189
14738;14737;2.624
14739;14737;6.363
14740;14739;5.650
14731;14741;1.868
14735;14741;11.731
14742;14736;7.013
14741;14743;1.315
14744;14742;6.608
14735;14744;9.886
14745;14742;8.777
14745;14738;4.304
14746;14745;4.924
14738;14746;7.264
14747;14746;3.200
14747;14739;8.597
14748;14745;3.047
14743;14749;1.896
14749;14750;4.176
14751;14745;7.237
14748;14752;6.730
14749;14753;1.387
14753;14744;13.149
14754;14744;8.853
14754;14742;8.795
14755;14747;8.504
14755;14756;2.252
13455;14720;20.731
14757;14754;4.150
14753;14758;2.023
14743;14759;15.570
14759;14758;1.997
14760;14759;3.339
14761;14757;5.462
14762;14756;6.724
14758;14763;5.414
14758;14763;9.686
14756;14764;14.724
14763;14765;5.713
14765;14757;11.414
14766;14748;19.151
14766;14755;12.886
14767;14766;2.113
14768;14765;2.343
14769;14770;14.077
14771;14772;10.520
14772;14773;3.157
14761;14774;21.257
14774;14767;8.838
14767;14775;9.484
14776;14777;14.716
14777;14772;7.452
14778;14761;19.884
14778;14774;7.596
14779;14780;15.810
14781;14779;11.545
14774;14782;5.981
14782;14775;5.535
14765;14783;16.340
14783;14778;1.596
14781;14784;9.276
14779;14785;1.420
14780;14785;15.182
14717;14786;26.933
14775;14787;5.617
14788;14770;6.405
14788;14777;5.684
14782;14789;4.530
14789;14787;3.783
14790;14788;1.744
14770;14788;21.045
14772;14791;14.985
14786;14792;1.465
14784;14793;9.416
14783;14794;9.338
14794;14789;8.125
14788;14795;8.504
14791;14795;1.293
14784;14796;8.557
14796;14793;6.683
14785;14797;12.660
14796;14797;3.172
14792;13500;3.735
14793;14798;6.415
14799;14800;8.883
14798;14801;3.195
14801;14790;11.467
14802;14768;7.971
14780;14803;22.696
14708;14804;35.207
14801;14805;5.600
14805;14790;10.861
14806;14802;0.583
14807;14808;9.579
14808;14803;2.987
14794;14809;9.904
14798;14810;3.687
14810;14805;7.636
14803;14811;3.230
14805;14812;5.049
14813;14809;13.052
14787;14813;15.486
14797;14814;11.765
14814;14810;5.451
14815;14800;6.363
14811;14816;3.007
14817;14799;6.912
14818;14814;4.251
14816;14818;6.737
14819;14815;2.509
14817;14820;1.175
14811;14821;3.639
14822;14819;0.867
14823;14799;6.708
14823;14817;6.418
14816;14824;3.129
14818;14825;2.576
14808;14826;6.826
14827;14825;4.043
14827;14810;7.719
14828;14824;2.008
14809;14829;10.335
14813;14829;6.857
14830;14828;4.444
14805;14831;10.616
14832;14833;1.533
14834;14815;9.063
14823;14834;7.048
14834;14832;8.513
14835;14827;10.974
14836;14835;1.272
14837;14838;0.933
14813;14839;16.581
14838;14840;1.499
14829;14840;9.883
14832;14841;3.557
14842;14822;10.106
14829;14843;7.913
14842;14844;3.289
14824;14845;13.235
14825;14845;9.906
14846;14834;5.020
14847;14842;6.389
14847;14846;1.898
14843;14848;4.009
14848;14839;10.315
14828;14849;14.983
14845;14849;2.639
14848;14850;0.904
14840;14851;11.573
14843;14851;4.542
14851;14848;3.709
14852;14844;3.691
14839;14853;8.170
14854;14847;3.752
14844;14855;14.783
14852;14856;3.385
14857;14854;1.760
14846;14858;7.214
14859;14852;4.177
14859;14854;4.911
13501;14860;22.786
14855;14860;4.849
14860;14861;4.330
14855;14861;9.509
14861;14859;2.600
14859;14862;3.376
14849;14863;3.382
14862;14864;5.609
14865;14861;3.565
14862;14866;3.990
14866;14867;1.079
14867;14868;3.227
14869;14865;5.819
14866;14865;18.860
14722;14870;42.431
14867;14871;8.274
14872;14806;17.554
14873;13454;40.709
14652;14874;75.463
13481;14872;15.497
14875;13480;9.970
13422;14726;46.532
14710;14876;52.938
13423;13424;7.264
14877;14875;16.465
14878;14769;84.395
13425;14879;4.109
14879;14880;8.979
14792;14881;43.972
14879;14882;1.987
14880;14882;5.147
14874;14883;20.499
14804;14884;40.216
14882;14885;1.672
14880;14885;6.572
14886;14885;14.731
14886;14887;2.394
14888;14886;5.261
14889;14888;11.692
14889;14888;4.584
14890;14889;4.804
14891;14892;3.525
14889;14893;8.947
14894;14895;13.290
14891;14896;6.699
14890;14896;4.992
14897;14895;4.533
14898;14890;8.435
14895;14899;4.750
14899;14891;8.041
14896;14900;4.218
14900;14898;4.132
14897;14901;5.832
14899;14902;4.037
14903;14897;9.026
14902;14904;7.227
14900;14904;4.374
14905;14902;3.113
14902;14906;4.673
14904;14906;2.373
14903;14907;4.000
14905;14907;5.945
14906;14908;1.162
14900;14909;7.025
14910;14905;4.274
14908;14910;2.460
14911;14912;1.696
14885;14912;17.928
14913;14908;3.419
14909;14913;5.882
14903;14914;12.543
14907;14915;6.374
14910;14915;3.674
14914;14916;2.985
14915;14917;4.077
14917;14913;7.489
14914;14916;7.315
14916;14918;3.199
14915;14918;4.555
14918;14919;4.423
14917;14919;2.907
14898;14920;21.236
14920;14921;4.741
14919;14922;11.924
14909;14922;11.101
14922;14920;11.699
14921;14923;8.774
14923;14924;2.190
14912;14924;4.536
14925;14924;6.970
14926;14927;5.690
14927;14928;2.604
14918;14928;10.296
14929;14926;4.589
14919;14930;5.368
14927;14931;2.073
14928;14931;2.563
14932;14922;4.558
14933;14926;4.018
14924;14934;10.500
14924;14935;3.581
14935;14936;2.303
14934;14936;7.200
14876;14937;20.542
14881;14938;20.149
14924;14939;8.162
14939;14940;1.357
14934;14941;7.720
14941;14939;9.821
14940;14942;0.340
14931;14943;17.004
14942;14878;42.526
14944;14941;5.347
14941;14945;5.906
14945;14940;7.617
14936;14946;12.805
14937;14947;2.461
14948;14873;48.665
14945;14949;6.947
14947;14950;0.508
14951;14945;11.320
14935;14952;9.190
14950;14953;8.663
14954;14877;61.875
14953;14955;1.038
14956;14954;3.488
14884;14957;36.115
14952;14958;12.519
14959;14956;15.402
14955;13436;10.055
14960;14959;4.160
13457;14948;25.751
14961;14955;16.971
14962;14961;1.140
14963;14960;7.661
14964;14962;5.767
14965;14963;2.963
14966;14964;16.562
14966;14962;30.642
14967;14965;5.627
14966;14967;1.171
14958;14968;10.510
14969;14966;1.982
14970;14964;21.363
14970;14969;1.366
13459;13456;5.838
14967;14971;19.310
14870;14972;108.943
14969;14621;14.440
14973;14970;1.929
14971;14974;0.518
14621;14971;5.940
13391;14973;0.332
13437;14153;10.028
14153;14975;9.255
14975;2;7.395
2;14976;4.975
14977;14207;2.124
7;14977;3.161
14978;13458;1.761
14207;14979;6.439
14973;14979;8.016
14978;14980;0.319
3;14981;9.136
14981;14982;5.061
14982;14446;6.618
14983;14984;3.292
14984;14977;5.233
14979;14985;3.779
14968;14986;6.546
14981;14987;4.710
14982;14988;2.753
7;14988;8.881
14989;14982;3.375
13485;13482;10.656
14990;14985;5.674
14988;14991;3.657
14980;14992;2.987
14972;13484;15.801
14991;14993;1.140
14993;14984;8.658
14980;14992;20.762
14992;14994;1.305
14994;14995;27.473
14985;14996;10.159
14984;14997;13.452
14996;14997;4.198
14994;14998;1.483
14999;14998;7.989
14993;15000;9.449
15000;15001;2.515
14991;15002;15.572
14153;13438;6.039
14997;15003;9.511
15004;15005;6.336
14998;15006;2.852
15006;15004;12.580
15000;15007;9.404
15003;15007;3.204
15006;15008;5.924
15004;15009;3.078
15008;15010;7.623
14883;15011;68.688
15008;15012;9.787
15012;15013;8.404
15006;15014;4.127
15015;15014;4.004
15012;15016;6.860
15017;15018;7.108
15014;15019;3.549
15020;15017;2.338
15016;15021;7.115
15019;15021;11.539
15018;15022;7.601
15022;15017;7.978
15016;15023;11.377
15023;15024;3.297
15021;15024;12.352
15025;15020;14.039
15024;15026;21.302
15020;15027;11.759
15027;15022;14.667
15028;15027;6.555
15029;15025;6.096
15029;15028;4.174
15030;15025;6.218
15030;15029;6.896
15031;15032;19.598
15030;15032;5.441
15028;15033;7.578
15032;15034;2.722
14938;15035;62.228
15036;15019;7.582
15035;13446;3.323
15037;15038;6.752
15038;15039;3.043
13447;15040;3.193
14986;15041;35.913
15039;15042;10.535
15043;15044;22.044
15045;15036;9.007
15011;15046;23.188
15041;15037;22.967
15047;15043;9.349
15043;15047;33.257
13439;15048;21.767
15042;15049;31.283
15049;15050;8.315
14957;15051;53.749
15040;15052;12.412
15052;15053;0.147
15054;15055;20.147
15056;15054;9.482
15056;15047;15.997
15050;15057;17.177
15058;15054;5.544
15058;15059;3.548
15060;15056;7.267
15053;15061;4.576
15062;15058;6.060
15062;15063;3.582
15064;15065;3.765
15065;15066;16.225
15067;15062;3.346
15067;15060;10.434
15068;15065;1.921
15068;15069;1.453
15065;15069;4.211
15067;15070;6.477
15070;15071;6.351
15072;15051;9.785
15073;15074;21.108
15071;15074;0.706
15075;15072;3.570
15074;15075;1.017
15076;15070;6.758
15076;15067;6.581
15053;15077;48.336
15077;15078;5.526
15071;15079;1.462
15075;15080;4.449
15069;15081;11.895
15082;15068;15.514
15046;15083;12.872
15083;15082;1.526
15057;15084;41.081
15079;15085;11.938
15085;15076;4.980
15077;15086;6.488
15082;15087;7.462
15081;15088;2.833
15072;15089;30.051
15087;15090;12.581
15090;15088;4.637
15086;15091;5.874
15086;15092;6.735
15093;15092;15.441
15094;15095;2.682
15079;15096;4.648
15085;15096;8.083
15060;15097;25.635
15097;15094;7.666
15092;15098;1.824
15087;15099;9.088
15099;15090;7.956
15088;15100;7.373
15091;15101;7.260
15095;15102;12.850
15103;15085;10.748
15103;15097;5.935
15104;15105;6.989
15091;15098;10.180
15106;15105;4.161
15088;15107;11.875
15107;15106;1.046
15105;15108;7.058
15109;15103;5.786
15084;11718;30.766
15092;15110;6.318
15096;15111;6.624
15111;15109;1.220
15110;15112;10.070
15110;15113;1.652
15106;15114;4.377
15114;15115;2.038
15113;15116;4.392
15061;15117;8.151
15117;15101;9.246
15083;15118;5.957
15118;15099;9.358
15107;15119;3.938
15119;15114;3.105
15113;15120;1.425
15121;15096;10.209
15100;15122;6.677
15122;15119;6.220
15123;15124;7.397
15101;15125;7.469
15125;15126;2.679
15127;15128;2.512
15124;15128;6.111
15100;15129;8.422
15122;15129;7.144
15128;15130;3.737
15131;15132;13.313
15132;15121;3.251
15133;15094;11.236
15119;15134;4.143
15134;15114;4.654
15124;15135;2.874
15136;15135;2.045
15117;15137;1.853
15137;15125;8.927
15121;15138;6.555
15138;15111;9.337
15139;15109;8.390
15097;15139;16.308
15129;15140;2.846
15141;15142;5.496
15142;13400;3.624
15143;15133;2.671
15134;15144;8.212
15144;15145;5.373
15143;15146;1.776
15133;15146;2.383
15147;15143;2.070
15118;15148;2.569
15129;15148;10.924
15123;15149;6.702
15139;15150;1.497
15134;15151;2.914
15125;15152;4.730
15150;15147;6.112
15153;15140;4.653
15098;15154;13.692
15149;15123;30.086
15152;15155;2.538
15154;15155;6.345
15137;15156;2.740
15156;15152;5.073
15157;15132;17.420
15135;15158;5.437
15158;15149;8.215
15120;15159;9.720
15159;15142;8.159
15089;15160;29.757
15160;15157;1.882
15147;15161;5.780
15156;15162;2.496
15155;15162;2.989
15156;15163;3.851
15120;15164;12.032
15164;15159;3.681
15150;15165;7.430
15161;15165;4.742
15151;15166;8.072
15149;15167;8.047
15162;15168;0.994
15169;15158;8.282
15151;15170;10.367
15144;15170;9.331
15146;15171;11.738
15172;15150;17.479
15161;15173;4.777
15173;15171;4.537
15174;15138;13.091
15174;15172;3.394
15157;15175;11.559
15175;15132;15.152
15176;15164;7.239
15164;15176;4.487
15175;15174;7.464
15160;15177;12.233
15177;15175;2.645
15168;15178;1.453
15154;15178;11.869
15176;15179;4.354
15140;15180;15.087
15166;15181;7.250
15170;15181;8.243
15166;15180;12.426
15182;13401;17.910
13401;15130;7.338
15130;15182;21.032
15182;15169;12.888
15178;15183;0.829
15179;15183;3.544
15165;15184;8.687
15173;15184;7.288
15180;15185;2.375
15168;15186;9.638
15181;15185;12.815
15148;15187;8.053
15185;15187;4.409
15169;15188;11.751
15187;15189;0.374
15159;15190;18.353
15190;15182;9.765
15191;15186;10.654
15190;15192;2.258
15176;15193;12.187
15179;15194;10.493
15194;15193;2.904
15193;15192;6.295
15195;15194;2.929
15186;15196;9.195
15183;15196;3.249
15196;15195;3.168
15171;15197;19.214
15193;15198;4.757
15199;15196;9.196
15184;15200;13.268
15172;15200;30.213
15189;15201;3.330
15202;15177;24.127
15196;15203;6.942
15195;15203;20.925
15200;15204;20.929
15203;15205;5.069
15192;15205;34.471
15205;15206;2.224
15207;15045;36.721
15206;15208;1.145
15048;15209;29.716
15208;15210;1.044
15211;15207;2.207
15210;15212;5.289
13461;15211;6.745
15213;13460;6.538
15214;15215;5.650
15216;15215;4.972
15215;15217;1.390
15218;15217;2.809
15219;15218;5.803
15217;15220;3.436
15218;15221;2.852
15212;15222;10.979
15220;15223;6.475
15223;15213;3.333
15220;15224;2.222
15225;15224;5.670
15226;15223;1.067
15224;15227;1.588
15226;15227;0.903
15228;15229;5.416
15230;15226;7.909
15229;15230;2.382
15227;15231;1.293
15232;15231;4.883
15226;15232;10.835
15233;15230;5.774
15201;15234;32.699
15232;15235;9.745
15236;15235;3.967
15237;15236;2.071
15235;15238;2.629
15238;15239;11.067
15231;15240;20.300
15240;15237;6.451
15241;15240;1.384
15238;15242;2.522
15243;15240;2.631
15244;15229;25.676
15245;15244;9.247
15237;15246;5.246
15247;15246;1.779
15236;15248;7.552
15242;15248;3.374
15248;15247;4.293
15249;15243;6.870
15250;15243;4.035
15246;15250;2.893
15242;15251;7.204
15248;15252;1.747
15252;15247;6.611
15251;15253;14.694
15253;15244;7.220
15250;15254;9.415
15252;15255;6.731
15256;15255;1.337
15256;15251;8.386
15255;15252;10.355
15257;15256;11.550
15222;15258;13.469
15234;15259;13.334
15259;15260;1.897
15260;15261;2.119
15261;15262;5.303
15261;15263;6.068
15264;15259;41.559
15258;15265;11.613
15263;15266;3.942
15263;15266;16.344
15266;15267;2.652
15267;15264;14.198
15267;15268;1.750
15269;15268;12.180
15268;15270;0.725
15270;15271;1.511
15271;15272;4.076
15270;15273;3.334
15271;15274;11.411
15274;15273;2.895
15273;15275;1.316
15275;15276;12.033
15277;15274;5.002
15275;15278;1.637
15274;15279;8.132
15278;15279;2.304
15278;15280;3.888
15279;15281;12.038
15281;15280;19.491
15280;15282;1.558
15281;15283;10.637
15283;15284;10.384
15283;15285;13.328
15282;15286;5.824
15265;15287;19.898
15209;15288;63.731
15287;13448;21.805
15289;13449;12.565
15288;15290;16.173
15290;4069;0.874
15291;15289;5.296
15292;15293;7.415
15294;15295;23.227
15293;15294;42.497
15294;15296;2.267
15296;15297;15.770
15298;15299;3.509
15298;15300;2.803
15296;15301;11.832
15301;15298;6.517
15301;15302;6.177
15303;15304;10.044
15302;15305;9.659
15305;15303;3.152
15302;15306;5.475
15305;15307;7.383
15303;15307;8.831
15308;15306;15.117
15306;15309;6.954
15309;15310;3.494
15307;15311;4.947
15312;15311;3.281
15309;15313;7.179
15313;15312;7.166
15312;15314;6.155
15313;15315;11.279
15311;15316;14.194
15317;15318;2.415
15315;15317;4.732
15291;15319;29.530
15313;15320;9.159
15316;15320;8.670
15315;15321;6.335
15320;15321;6.486
15317;15322;4.551
15321;15323;1.781
15324;15323;2.353
15323;15325;5.286
15326;15324;15.694
15325;15327;5.358
15324;15328;9.962
15325;15329;10.466
15320;15329;15.636
15316;15329;20.948
13450;15319;9.101
15328;15330;8.158
15328;15331;7.937
13451;15332;5.824
15332;15333;23.382
15334;4068;21.578
15335;15336;3.775
15286;15334;104.358
15337;15338;4.402
15339;15338;6.660
15339;15335;5.187
15338;15340;3.561
15335;15341;7.523
15341;15342;2.726
15343;15344;6.819
15340;15343;6.390
15345;15346;0.723
15343;15339;14.273
15347;15348;14.562
15348;15349;0.965
15343;15349;3.791
15349;15350;6.177
15350;15341;6.876
15350;15351;2.107
15351;15352;0.686
15353;15347;7.353
15354;15345;8.913
15355;15353;9.457
15329;15356;78.264
15356;15354;0.272
15333;15355;51.532
15346;13452;15.417
15357;15358;0.743
15329;15359;57.862
15359;15356;14.754
15360;15357;17.551
15352;15361;10.460
15362;15360;2.176
13453;15363;7.285
15361;15364;0.566
15364;15359;31.016
15358;15365;30.079
15363;15362;22.518
15365;15366;31.601
15366;1297;1.145
15367;15351;22.945
13522;15367;2.759
15368;13521;1.197
15369;15368;6.684
15370;15371;3.989
15371;15372;7.940
15373;15374;5.880
15374;15369;4.126
15375;15370;10.125
15376;15377;9.373
15372;15377;6.259
15378;15371;10.975
15378;15375;3.998
15377;15379;2.065
15372;15380;9.845
15380;15378;2.574
15381;15375;6.981
15379;15382;2.410
15380;15383;3.472
15382;15384;10.040
15379;15385;4.800
15385;15380;10.238
15383;15386;4.930
15383;15387;5.994
15387;15388;6.234
15374;15388;21.131
15382;15389;9.584
15385;15389;5.713
15390;15391;4.155
15389;15391;6.245
15387;15392;6.852
15392;15388;7.910
15389;15393;6.719
15389;15394;4.852
15393;15394;3.079
15395;15376;42.462
15396;15392;3.077
15397;15395;4.382
15391;15397;8.291
15393;15398;5.284
15398;15396;8.125
15394;15399;6.111
15399;15398;4.613
15400;15397;8.299
15401;15400;4.969
15401;15399;1.932
15402;15401;2.622
15397;15403;8.446
15400;15403;5.026
15404;15396;11.179
15405;15403;4.232
15402;15405;5.528
15406;15405;2.378
15399;15407;11.998
15407;15404;8.446
15408;15402;8.884
15407;15409;10.949
15409;15404;15.973
15410;15409;6.336
15411;15412;9.471
15413;15410;2.956
15412;15413;3.676
15414;15413;6.347
15413;15415;7.334
15409;15416;17.392
15410;15416;14.440
15416;15417;16.629
15418;15419;1.646
15420;15421;1.322
15422;15423;0.575
15424;15425;1.542
15426;15427;0.841
15428;15429;41.469
15429;15430;10.437
15430;15429;22.560
15431;15428;79.555
15431;15432;9.671
15433;15432;28.067
15433;15429;33.933
15432;15434;27.585
15434;15433;16.121
1253;15418;11.930
15435;15434;86.973
15419;15436;57.240
15436;15435;0.658
15436;15420;2.327
15437;15438;5.338
15421;15439;2.964
15438;15440;7.976
15441;15439;6.205
15442;15441;2.807
15443;15442;2.707
15440;15443;13.069
15444;15443;1.666
15440;15444;18.357
15444;15445;5.804
15445;15446;1.979
15447;15442;15.626
15446;15447;4.342
15448;15444;7.164
15448;15449;3.908
15445;15450;11.365
15446;15451;6.724
15447;15452;10.786
15451;15452;2.629
15453;15448;5.862
15454;15453;7.822
15451;15455;6.810
15455;15450;11.420
15452;15455;11.444
15450;15456;26.394
15457;15453;6.224
15458;15457;2.387
15456;15457;11.833
15456;15459;17.585
15458;15460;7.216
15460;15422;0.734
15461;15460;8.814
15462;15461;2.110
15425;15462;2.693
15463;15424;0.747
15423;761;32.551
9493;15463;8.561
9494;15426;4.181
15427;15464;10.179
15465;15466;19.556
15464;15467;11.564
15465;15468;2.744
15467;15469;6.073
15469;15468;8.560
15470;15465;9.041
15468;15471;7.949
15470;15471;2.867
15472;15469;13.642
15471;15473;14.651
15473;15474;7.942
15474;15470;19.084
15475;15474;2.146
15473;15472;36.450
15476;15475;7.942
15477;15478;11.453
15476;15478;5.339
15479;15476;11.597
15479;15475;20.196
15478;15480;17.842
15480;15479;8.689
15480;15481;1.622
15481;15482;2.240
15482;15483;9.268
15481;15484;5.192
15482;15485;13.898
15486;15487;1.129
15488;15489;1.062
15490;15491;0.309
15492;15493;0.379
15494;15495;0.467
15496;15497;0.785
15498;15499;0.549
15500;15501;0.379
15503;15504;20.108
15502;15504;33.424
15505;15506;31.135
15507;15505;15.966
15505;15508;21.724
15504;15509;6.785
15508;15486;6.682
15508;15510;3.833
15510;15507;16.984
15507;15511;5.638
15510;15512;11.745
15512;15511;7.308
15513;15509;7.623
15514;15515;18.348
15515;15513;19.299
15510;15512;22.877
15516;15509;38.454
15487;15516;24.478
15511;15517;15.245
15518;15515;15.636
15513;15519;13.970
15509;15519;7.272
15516;15519;11.300
15515;15520;15.388
15519;15520;15.078
15521;15518;13.629
15520;15521;3.621
15519;15522;2.600
15521;15523;8.850
15522;15523;14.219
15523;15524;5.833
15517;15525;22.673
15524;15526;8.844
15522;15527;7.036
15527;15516;30.324
15524;15528;10.911
15526;15528;7.511
15526;15529;6.732
15527;15529;1.982
15529;15530;1.986
15528;15531;9.023
15528;15532;8.075
15530;15532;9.145
15532;15531;6.239
15531;15533;10.108
15529;15534;16.704
15533;15535;1.731
15530;15536;6.721
15534;15536;7.345
15536;15537;1.532
15538;15533;17.112
15537;15538;3.819
15535;15539;23.458
15539;15538;15.665
15534;15540;30.172
15540;15541;7.194
15536;15542;8.429
15542;15540;1.500
15537;15543;24.505
15539;15544;10.117
15544;15543;4.653
15545;15535;36.763
15545;15544;9.780
15542;15546;8.693
15547;15537;45.738
15547;15546;1.138
15543;15548;21.315
15548;15547;0.972
15544;15549;20.077
15549;15548;3.271
15550;15551;8.912
15550;15545;16.813
15550;15549;11.170
15546;15552;1.014
15553;15554;23.938
15551;15553;15.069
15555;15550;8.268
15555;15552;14.988
15556;15555;23.746
15552;15556;8.529
15556;15557;2.212
15557;15558;9.516
15557;15559;1.635
15559;15560;16.049
15561;15562;4.552
15562;15560;5.957
15560;15563;9.030
15559;15563;6.996
15560;15564;17.170
15563;15564;6.233
15563;15488;15.173
15489;15565;3.335
15565;15566;2.002
15564;15490;8.802
15491;15567;10.178
15566;15568;23.358
15567;15492;17.470
15493;15569;3.141
15569;15570;5.750
15568;3206;47.193
15571;15572;4.641
15571;15573;2.028
15574;15575;35.569
15574;15571;7.252
15572;15500;9.984
15576;15574;2.856
15577;15576;3.336
15573;15578;12.239
15573;15576;25.621
15501;15579;28.022
15570;15579;46.325
15579;15580;0.465
15580;15494;1.847
15495;15581;2.901
15581;15496;17.948
15497;15582;4.272
15582;15498;11.453
15499;15583;7.954
15584;3239;5.610
11908;15585;19.897
15585;15586;18.261
15583;15586;19.227
11923;15584;57.220
15586;11909;1.592
15587;15588;2.800
15588;15589;0.254
15589;15590;2.090
15590;10659;10.190
15591;15592;1.763
15593;15594;0.290
15595;15596;0.279
15597;15598;0.618
15599;15600;0.406
15601;15602;0.734
15603;15604;0.330
15605;15606;3.810
15607;15605;14.199
15607;15591;6.455
15592;15608;1.092
15608;15609;1.919
15609;15610;8.178
15610;15611;41.551
15612;15609;8.468
15612;15610;4.769
15613;15607;40.641
15614;15613;8.381
15614;15612;46.546
15615;15613;7.112
15615;15614;6.282
15616;15614;38.959
15617;15615;40.000
15617;15616;20.613
15618;15617;11.793
15619;15618;2.163
3234;15620;30.352
15620;15619;12.751
15620;15621;1.907
15621;15619;7.840
15621;15622;0.755
15618;15622;10.048
15622;15623;8.712
15616;15623;41.183
15623;15593;15.589
15594;15595;22.916
15596;15624;3.929
15624;10896;8.511
15598;10904;1.004
15625;15597;20.559
15600;15625;0.500
15604;15599;9.509
15602;15603;17.233
15626;15601;10.308
15627;15626;28.481
3242;15627;11.334
15628;15629;1.002
15631;10071;27.051
15632;15630;14.087
15633;15632;23.301
15629;15633;18.508
15634;15628;6.787
4483;15634;0.416
15635;15636;6.893
15637;15638;2.084
15639;15640;2.419
15641;15642;2.021
15643;15644;1.925
15647;15646;9.777
15648;15645;45.091
15649;15648;0.258
15650;15649;26.872
15651;15650;15.810
15652;15647;62.021
15653;10113;1.037
15653;10102;2.712
15654;15651;28.294
15654;15653;9.085
15655;15654;3.056
10101;15655;6.535
10104;15655;18.928
15642;15637;38.056
15640;15643;38.386
15638;15656;17.013
15657;15652;16.367
15658;15639;22.767
15656;10165;46.593
15656;10250;13.813
10238;15658;6.461
10235;15658;21.139
15636;15657;11.969
15659;15635;10.278
7197;15641;142.219
15644;15660;115.825
15661;15659;51.927
15662;2574;5.448
15663;15662;34.576
15664;15663;7.151
15665;15664;12.320
15666;15665;0.740
15667;15666;17.250
15668;15669;0.514
15670;15667;19.776
15669;15671;8.614
15672;15670;4.097
15671;15673;18.548
15673;15674;2.112
15674;15667;18.514
15675;15674;5.717
15676;15677;7.176
15673;15678;47.920
15678;15679;8.007
15679;15680;7.514
15680;15681;22.476
15675;15682;9.029
15680;15683;2.770
15682;15684;4.587
15684;15685;33.230
15686;15672;24.635
15687;15686;0.374
15682;15688;2.864
15688;15684;7.167
15683;15689;8.998
15689;15688;1.896
15684;15690;6.646
15691;15690;1.401
15691;15689;8.844
15690;15692;3.732
15693;15683;22.620
15694;15691;19.487
15692;15694;19.410
15694;15695;5.831
15696;15697;1.351
15693;15698;9.316
15698;15689;21.390
15697;15699;6.139
15695;15700;8.163
15700;15701;8.694
15695;15701;19.022
15702;15700;12.966
15699;15703;13.989
15704;15705;14.013
15703;15705;2.169
15706;15694;18.018
15702;15706;10.239
15702;15707;5.242
15707;15708;3.836
15700;15708;14.029
15701;15709;16.432
15692;15709;32.623
15705;15710;4.282
15711;15687;13.281
15712;15693;35.639
15705;15713;8.419
15710;15714;6.752
15712;15714;7.299
15706;15715;14.669
15708;15716;3.523
15712;15717;1.210
15718;15717;10.619
15718;15698;31.768
15715;15718;10.064
15716;15719;17.943
15720;15715;4.867
15721;15707;18.339
15722;15720;3.649
15722;15721;3.298
15717;15723;6.801
15723;15718;9.944
15721;15724;3.381
15724;15716;17.491
15725;15720;7.216
15726;15722;3.482
15726;15724;3.180
15714;15727;11.432
15728;15725;4.680
15729;15725;4.696
15729;15726;6.938
15728;15730;5.116
15730;15729;5.187
15719;15731;18.264
15732;15728;17.361
15732;15730;9.104
15733;15723;17.366
15733;15732;8.242
15733;15734;17.622
15731;15735;22.365
4332;15711;21.707
15736;15737;2.664
15738;15739;3.676
15740;15741;0.664
15742;15743;1.299
15744;15745;0.871
15746;15747;1.862
10609;15748;24.325
15748;15749;7.420
10613;15750;26.201
15749;15751;34.616
15751;15752;22.967
15750;15753;36.191
15752;15754;16.159
15754;15755;9.575
15755;15744;15.162
15745;15756;0.207
15753;15757;34.848
15758;15759;24.756
15759;15760;5.627
15761;15762;1.773
15762;15763;2.815
15764;15761;4.109
15760;15765;15.270
15760;15766;3.712
15759;15767;8.216
15763;15768;4.137
15767;15766;7.763
15768;15769;12.182
15767;15738;14.363
15738;15770;2.951
15766;15770;14.405
15757;15740;12.928
15770;15771;1.932
15739;15771;2.077
15770;15772;14.019
15772;15765;19.205
15773;15739;9.482
15771;15774;13.340
15774;15772;2.253
15741;15775;0.551
15775;15773;14.431
15763;15776;27.176
15772;15736;17.913
15764;15736;26.547
15736;15776;6.209
15776;15777;2.264
15769;15778;19.960
15779;15778;2.258
15776;15780;4.680
15778;15780;9.175
15780;15781;1.203
15775;15782;3.764
15756;15783;22.017
15781;15784;12.610
15784;15779;7.383
15774;15785;16.048
15774;15737;17.626
15737;15786;12.333
15787;15786;3.354
15781;15787;11.629
15739;15788;21.808
15785;15788;4.799
15786;15789;6.487
15773;15790;20.234
15788;15791;3.644
15791;15790;9.314
15792;15785;6.530
15789;15792;3.183
15793;15791;3.318
15794;15792;9.477
15794;15793;8.502
15787;15795;8.260
15795;15789;13.578
15782;15796;6.826
15782;15797;20.017
15796;15797;4.023
15798;15793;5.976
15796;15799;0.681
15790;15799;11.514
15797;15800;12.024
15798;15801;7.706
15801;15794;6.770
15800;15802;0.734
15799;15803;1.330
15803;15798;9.909
15804;15801;6.505
15804;15805;11.439
15805;15795;13.688
15806;15804;4.997
15807;15806;1.948
15808;15807;4.237
15808;15805;2.955
15806;15809;7.671
15803;15810;6.346
15810;15809;6.985
15811;15808;9.815
15810;15812;2.598
15809;15812;6.998
15783;15813;10.520
15807;15814;24.935
15812;15815;6.239
15802;15816;9.003
15815;15817;1.752
15814;15818;12.197
15816;15819;6.483
15819;15820;2.420
15820;15746;0.212
15821;10678;8.654
15747;15822;5.802
15822;15823;0.989
15824;15821;22.837
15823;15825;7.045
15825;15826;7.053
15826;15827;12.522
15828;15829;1.060
15829;15830;8.233
15827;15831;3.018
15832;15817;12.632
15832;15828;17.131
15831;15833;1.153
15834;15824;92.952
15835;15834;25.344
15836;15835;15.357
15837;15836;0.358
15833;15837;17.881
15830;15838;21.354
15813;15838;28.997
15838;15839;28.320
15839;15840;2.458
15840;13601;31.452
15841;15832;58.569
15743;15841;1.457
13726;15742;6.961
3714;15842;76.872
15843;15844;3.051
15845;15846;9.315
15847;15848;0.384
15849;15850;0.889
15851;15852;0.603
15853;15854;0.687
15855;15856;0.483
15857;15858;0.556
15859;15860;0.744
15861;15862;0.875
15863;15864;0.349
15865;15866;0.559
15867;15868;0.530
15869;15870;0.379
15871;15872;0.619
15873;15874;1.942
15875;15876;0.378
15877;15878;1.029
15879;15880;1.937
15881;15882;1.245
7686;15883;0.899
15883;15884;12.185
15884;15869;0.306
15870;15871;20.426
15885;15886;106.637
15886;15848;7.852
15887;15847;1.807
15872;15888;58.277
15888;15889;0.571
15890;15887;3.060
15891;15892;9.296
15892;15893;0.996
15889;15893;6.522
15893;15894;0.914
15894;15895;13.627
15894;15896;2.520
15897;15892;6.709
15896;15898;1.974
15899;15897;3.558
15898;15900;1.148
15900;15901;10.935
15900;15902;0.779
15903;15897;4.824
15903;15896;5.539
15904;15890;5.731
15905;15904;12.197
15906;15903;1.759
15902;15907;4.721
15907;15905;3.183
15908;15898;5.429
15909;15910;13.353
15910;15899;6.807
15902;15908;6.798
15907;15911;1.132
15912;15899;6.202
15906;15913;4.196
15908;15913;2.981
15914;15912;1.440
15914;15906;3.743
15915;15912;3.637
15916;15911;4.831
15910;15917;4.098
15918;15914;3.554
15913;15918;5.288
15919;15911;4.464
15920;15915;4.374
15917;15921;2.334
15915;15921;6.234
15922;15920;0.722
15918;15922;2.243
15920;15923;3.350
15922;15924;4.341
15924;15919;3.796
15925;15916;8.422
15917;15926;13.379
15927;15921;8.188
15927;15924;3.943
15928;15927;0.946
15929;15916;19.045
15929;15930;8.899
15931;15919;21.156
15931;15929;5.759
15932;15931;3.063
15933;15928;6.629
15934;15933;1.255
15904;15935;47.077
15936;15937;1.934
15938;15934;11.396
15874;15936;16.498
15937;15938;29.126
15939;15938;6.520
15876;15873;11.285
15940;15941;7.644
15942;15943;5.594
15940;15942;12.127
15944;15940;3.031
15945;15946;6.194
15945;15947;8.541
15947;15948;11.029
15942;15948;6.247
15949;15950;2.955
15950;15875;13.663
15951;15952;5.154
15952;15945;7.906
15953;15954;3.385
15955;15952;0.979
15948;15955;10.441
15956;15949;8.252
15957;15944;14.436
15957;15956;3.421
15958;15953;9.188
15959;15958;0.921
15955;15959;5.927
15960;15953;6.133
15961;15959;11.801
15962;15961;3.986
15962;15957;16.732
15963;15962;2.388
15964;15957;10.018
15965;15963;7.835
15965;15964;0.725
15966;15963;5.588
15967;15958;14.291
15961;15967;8.027
15968;15965;7.614
15969;15970;2.713
15969;15967;4.840
15971;15958;21.505
15972;15969;7.828
15972;15968;16.545
15964;15973;20.591
15968;15974;13.870
15975;15971;17.107
15975;15972;4.455
15935;15976;45.010
15973;15977;7.361
15978;15977;5.386
15979;15973;8.866
15980;15979;2.045
15981;15980;13.849
15979;15982;10.187
15977;15982;4.112
15983;15975;18.207
15983;15980;15.243
15984;15982;7.414
15982;15985;7.187
15986;15983;10.646
15976;15845;7.906
15987;15939;32.057
15846;15988;4.876
15989;15987;4.738
15878;15989;11.485
15990;15989;14.143
15988;15991;27.524
15991;15992;1.519
15992;15851;1.885
15993;15994;35.634
15995;15996;1.486
15996;15993;9.421
15997;15998;2.136
15999;16000;2.372
15999;16001;3.003
15880;15877;22.444
16002;15998;10.643
16002;15999;5.515
15852;16003;8.619
16004;15999;8.588
16004;16005;7.032
15998;16006;12.132
16006;16002;9.904
16007;16004;5.523
16002;16008;12.535
16008;16007;4.183
16006;16009;5.800
16010;16009;6.629
16009;16010;6.848
16010;16011;3.361
16012;16013;4.512
16014;16008;13.407
16015;16011;5.153
16015;16014;1.991
16016;16017;4.407
16018;15995;63.884
16007;16019;12.315
16019;16012;4.741
15882;15879;8.309
16011;16020;4.244
16020;16015;2.612
16016;16021;5.260
16021;16018;2.164
16020;16022;1.436
16023;16022;3.192
16024;16012;5.279
16024;15881;7.774
16019;16025;5.047
16025;16024;1.783
16026;16027;2.850
16027;16023;3.720
16028;16021;2.311
16029;16016;7.866
16029;16028;1.156
16030;16031;4.406
16030;16025;2.891
16032;16033;7.347
16032;16029;1.428
16009;16034;17.482
16022;16035;5.900
16036;16023;5.187
16035;16036;3.371
16037;16032;1.821
16038;16014;10.839
16038;16030;1.719
16034;16039;1.290
16039;16027;5.306
16039;16040;0.737
16041;16037;3.286
16040;16042;2.187
16036;16042;2.239
16043;16034;5.057
16042;16044;2.190
16044;16035;3.590
16044;16038;2.338
16045;16046;8.122
16047;16037;4.665
16048;16040;3.791
16049;16041;5.529
16041;16050;5.386
16050;16047;8.608
16051;16049;3.020
16028;16052;10.551
16052;16045;6.423
16003;16053;19.331
16053;16054;1.378
16054;16051;9.894
16055;16056;2.545
16042;16057;8.214
16057;16044;12.766
16055;16050;5.665
16058;16059;2.274
16045;16060;9.563
16061;16055;4.549
16060;16062;2.217
16062;16058;1.894
16047;16063;7.855
16063;16052;14.210
16034;16064;14.495
16064;16057;7.400
16065;16063;4.691
16066;16043;6.642
16052;16067;8.362
16060;16067;4.249
16058;16068;4.646
16062;16069;3.539
16069;16068;2.811
16063;16070;8.040
16065;16071;5.917
16067;16071;8.180
16072;16066;1.865
16067;16073;3.906
16073;16069;3.354
16074;16073;0.892
16075;16065;8.784
16071;16074;13.666
16074;16076;5.871
16077;16078;19.968
16078;16079;1.498
16080;15990;32.403
16081;16082;19.165
16083;16082;0.695
16079;16084;3.232
16085;16081;9.139
16082;16085;4.142
16086;16081;7.724
16087;16085;0.556
16087;16088;4.970
16089;16086;4.666
16089;16088;3.860
16084;16090;1.881
16090;16086;4.275
16091;16077;7.111
16090;16092;0.649
16092;16089;3.719
16088;16093;7.026
16094;16087;10.138
16095;16089;6.931
16093;16096;1.956
16096;16094;2.816
16095;16093;4.783
16097;7745;59.572
16098;16094;5.952
16097;16099;8.196
16099;16100;12.175
16092;16101;5.089
16101;16095;11.263
15844;16097;4.602
16102;15843;1.058
16103;16102;8.795
16103;16102;3.054
16104;16103;0.564
16094;16105;16.591
16105;16104;0.626
16106;16105;1.791
16101;16107;1.987
16107;16096;12.069
16107;16106;4.259
16108;16107;3.190
15844;16109;16.549
16110;16106;4.185
16111;16112;18.941
16101;16111;10.393
16108;16111;10.134
16113;16108;1.530
16113;16110;8.134
16109;16114;27.625
16115;16113;1.438
16116;16115;3.091
16117;16116;1.207
16118;16115;6.742
16118;16119;2.494
16110;16120;8.855
16114;16121;8.731
16120;16122;1.482
16123;16120;4.482
16123;16104;12.654
16122;16119;3.598
16124;16109;9.185
16125;16118;3.853
16126;16123;4.133
16124;16127;6.860
16128;16121;18.071
16121;16129;5.433
16130;16131;1.957
16132;16131;5.957
16129;16133;1.916
16123;16134;5.180
16134;16126;5.858
16122;16135;6.397
16134;16135;5.390
16119;16136;8.591
16135;16136;1.082
16137;16129;4.544
16138;16137;9.071
16131;16139;3.424
16139;16138;4.310
16140;16124;12.149
16140;16139;2.136
16141;16140;0.918
16137;16142;3.130
16142;16143;8.921
16144;16145;1.672
16146;16141;6.977
16147;16138;6.659
16148;16144;36.272
16149;16148;16.810
16150;16142;7.799
16151;16149;16.144
16141;16152;7.734
16126;16153;21.299
16154;16151;45.083
16155;16146;13.052
16156;16154;20.639
16153;16157;3.710
16157;16155;4.705
16155;16158;3.348
16136;16159;15.822
16160;16146;10.197
16145;16161;41.651
16153;16162;8.588
16157;16163;16.121
16100;16156;61.838
16164;16091;21.626
16165;16080;23.090
16166;16164;14.039
16161;16167;13.798
16167;16072;71.535
16168;16166;52.582
16169;16168;25.086
16170;16165;3.470
10763;16169;18.615
16170;16171;4.889
16171;16172;4.630
16173;16174;14.741
16171;16174;3.708
16174;16175;5.648
16175;16176;30.799
16176;16175;9.610
16177;16178;7.848
16179;16177;6.793
16177;16180;22.713
16174;16180;7.698
16180;16181;1.235
16180;16182;14.180
16181;16183;8.059
16183;15853;12.573
15854;15855;5.397
15856;15857;2.806
15858;16184;2.098
16184;15859;0.479
15860;16185;3.352
16186;16185;10.826
16187;16186;2.556
16188;16187;6.257
16185;16189;15.545
16189;16190;0.312
16191;16188;22.257
16192;16191;33.198
16190;15862;34.556
16193;16192;28.841
16194;16195;34.377
16195;16196;4.310
16197;15861;9.786
16183;16198;89.484
16198;15849;0.145
16196;16199;87.819
16199;16200;12.918
16200;16201;42.220
15850;16202;10.702
16202;16203;2.017
16204;16197;14.166
16201;16205;44.840
16206;16207;4.747
16208;16209;6.626
16208;16206;3.762
16210;16208;1.588
16211;16206;3.690
16212;16213;11.106
16203;16214;10.154
16214;16210;9.486
16215;16216;18.277
16217;16214;0.769
16218;16217;5.085
16219;16210;7.307
16219;16220;2.232
16215;16221;4.661
16222;16217;2.014
16222;16219;11.347
16223;16222;0.459
16221;16224;5.978
16225;16212;10.937
16226;16227;12.102
16228;16215;9.336
16228;16224;3.900
16229;16212;21.825
16230;16226;35.403
16225;16231;2.091
16205;16231;37.338
16232;16233;5.178
16232;16230;1.712
16234;16230;13.985
16234;16228;2.195
16235;16223;1.430
16235;16229;8.018
16236;16234;4.800
16224;16236;3.231
16237;16229;3.975
16238;16236;9.108
16223;16238;16.116
16239;16235;1.684
16239;16237;9.397
16240;16237;6.863
16240;16225;29.953
16231;16241;9.445
16242;16232;10.231
16243;16240;6.604
16244;16239;2.472
16244;16243;4.215
16245;16242;3.366
16241;16246;5.990
16246;16247;14.214
16248;16244;1.055
16249;16248;2.316
16250;16241;7.518
16246;16250;7.457
16251;16226;21.296
16242;16251;8.717
16243;16252;6.817
16253;16251;2.695
16253;16245;6.779
16254;16248;1.569
16254;16252;5.200
16255;16238;16.443
16255;16249;20.488
16251;16256;9.293
16257;16255;1.894
16252;16258;23.078
16258;16250;10.267
16259;16253;9.406
16259;16245;10.376
16252;16260;12.644
16260;16258;8.807
16260;16261;4.544
16246;16261;24.000
16257;16262;21.161
16262;16257;12.425
16263;16259;11.999
16263;16262;4.019
16261;16264;3.582
16265;16254;5.801
16260;16265;10.408
16266;16255;16.458
16267;16266;5.094
16266;16268;3.122
16268;16249;22.162
16269;16263;6.189
16264;16270;12.559
16271;16263;7.517
16271;16267;13.287
16272;16270;1.891
16270;16273;10.184
16273;16274;4.541
16265;16275;7.342
16268;16276;6.488
16276;16277;4.887
16275;16277;1.825
16277;16278;2.056
16279;16271;8.750
16279;16267;9.161
16272;16280;7.113
16281;16276;6.867
16264;16282;12.629
16282;16272;10.827
16283;16193;53.945
16284;16265;5.218
16282;16285;1.574
16284;16285;11.365
16278;16286;6.005
16278;16281;11.633
16287;16284;0.721
16288;16279;11.585
16288;16281;6.682
16289;16275;15.392
16289;16287;1.647
16273;16290;14.752
16285;16291;8.432
16290;16291;10.410
16291;16292;1.252
16292;16290;14.759
16293;16204;21.821
15864;16293;0.476
16294;16289;22.971
16292;16295;21.683
16296;16283;8.639
16287;16297;12.245
16298;16296;21.820
16299;15863;6.059
16300;16299;0.673
16301;16300;1.442
16302;16296;7.679
16303;16298;29.477
16304;16302;0.844
16304;16305;10.945
16305;16306;1.691
16307;16302;1.615
16302;16308;15.209
16308;16307;5.943
16309;16305;2.164
16310;16309;1.388
16311;16312;5.728
16311;16308;4.412
16313;16303;6.667
16313;16314;2.026
16315;16304;5.990
16309;16315;10.032
16315;16316;1.980
16317;16299;7.601
16318;16319;10.308
16320;16311;2.080
16319;16321;4.187
16321;16322;4.602
16323;16317;0.177
16324;16320;7.567
16325;16313;2.629
16325;16324;2.901
16326;16327;17.682
16326;16301;6.961
16328;16303;9.269
16328;16325;4.331
16321;16329;9.141
16329;16328;0.792
16320;16330;8.853
16330;16307;2.308
16330;16316;5.110
16331;16329;1.348
16332;16333;2.689
16332;16334;5.377
16335;16324;3.822
16316;16336;6.962
16337;16338;5.393
16338;16331;8.698
16335;16339;2.471
16339;16335;7.012
16340;16338;2.001
16341;16326;2.384
16342;16332;6.409
16341;16343;3.002
16343;16344;6.730
16331;16345;7.141
16345;16339;6.231
16346;16342;10.055
16346;16341;1.240
16347;16345;1.619
16348;16347;14.840
16330;16348;14.512
16342;16349;6.225
16350;16351;14.361
16351;16349;7.129
16352;16353;7.862
16349;16354;3.449
16354;16346;3.382
16355;16352;8.202
16355;16351;2.684
16356;16355;7.159
16356;16354;0.746
16357;16352;4.001
16343;16358;12.540
16358;16359;4.256
16360;16356;1.541
16361;16354;9.254
16362;16361;1.554
16363;16358;5.455
16364;16355;6.854
16364;16360;1.918
16363;16361;13.812
16365;16363;3.283
16365;16366;3.667
16367;16364;3.073
16368;16360;8.338
16362;16368;6.590
16369;16365;5.022
16370;16362;9.192
16371;16323;9.304
16371;16372;0.708
16373;16368;7.337
16372;16367;6.376
16374;16371;25.316
16297;16375;58.727
16376;16374;30.218
15866;16376;6.727
16377;15865;1.661
16375;16378;15.610
15868;16377;17.801
16379;15867;7.477
16380;16379;91.058
16378;16381;45.506
16381;3855;1.616
16382;16380;63.911
16383;16382;40.738
16384;16383;3.728
16385;16384;3.090
16386;16387;14.856
16388;16385;4.721
16389;16390;7.370
16389;16391;4.901
16388;16391;2.442
16392;16393;6.120
16391;16393;0.318
16394;16388;32.444
16395;16394;6.244
16395;16386;24.765
16396;16397;4.528
16393;16398;7.548
16394;16399;4.178
16397;16400;10.144
16398;16400;0.381
16401;16395;4.750
16398;16402;14.440
16402;16399;2.383
16399;16401;7.340
16401;16403;4.700
16403;16404;2.366
16404;16405;6.572
16404;16406;3.259
16407;16403;3.846
16407;16408;2.242
16402;16409;9.048
16410;16409;6.180
16411;16407;1.692
16411;16412;4.899
16413;16411;5.171
16409;16413;12.200
16400;16414;3.270
16415;16413;3.693
16415;16416;3.108
16417;16415;6.032
16414;16418;2.267
16417;16419;1.693
16420;16417;9.520
16421;16420;5.210
16418;16422;3.107
16423;16420;11.847
16424;3732;5.273
16425;16424;18.385
16426;16425;3.219
16427;16426;48.853
3767;16424;4.410
16428;16427;23.649
16422;16429;18.422
16430;16428;26.266
16431;16430;10.628
16429;16432;11.594
16433;16431;18.045
16432;16433;21.342
16434;16435;41.608
16436;16437;0.917
16438;16439;2.446
16440;16441;1.911
16442;16443;0.973
16444;16445;1.070
16446;16447;0.985
16448;16449;0.912
16450;16451;0.870
16452;16453;0.685
16454;16455;0.351
16435;16456;0.765
16457;16458;0.509
16459;16460;0.688
16461;16462;0.503
16463;16464;1.092
16465;16466;0.613
16467;16468;0.488
16469;16470;1.189
16471;16472;1.291
16473;16474;0.438
16475;16476;0.540
16477;16478;0.576
16479;16480;0.594
16481;16482;3.166
16482;16483;16.218
16484;16485;7.103
16485;16486;60.611
16487;16488;34.643
16488;16484;10.229
16489;16490;17.183
16490;16491;8.982
16488;16492;53.723
16485;16493;52.777
16490;16494;30.667
16495;4380;14.169
16468;16495;5.196
16496;16497;11.174
16498;16497;5.910
16499;16498;2.955
16500;16501;19.141
16500;16502;4.957
16503;16500;1.599
16498;16504;25.271
16497;16505;26.949
16503;16505;10.786
16504;16506;6.923
16507;16508;15.018
16505;16508;9.738
16504;16509;6.405
16509;16510;5.556
16508;16510;3.964
16511;16512;9.686
16513;16511;4.551
16509;16513;2.198
16513;16514;3.974
16511;16515;6.177
16515;16514;4.350
16514;16516;3.060
16510;16516;8.664
16517;16515;11.193
16516;16518;3.912
16519;16516;5.631
16519;16518;1.182
16521;16519;0.219
16522;16517;10.838
16520;16523;2.462
16523;16521;0.252
16517;16524;6.380
16525;16523;1.376
16524;16526;4.818
16524;16527;5.514
16527;16525;2.189
16521;16528;9.757
16528;16529;4.281
16529;16518;5.105
16525;16530;9.730
16530;16528;4.704
16531;16530;4.320
16532;16527;3.548
16533;16532;3.284
16534;16532;0.900
16535;16529;4.319
16535;16536;18.607
16537;16467;52.010
16443;16535;12.421
16538;16442;4.344
16539;16538;33.228
16540;16534;34.328
16541;16537;21.419
16447;16540;17.094
16542;16448;0.247
16449;16543;4.766
16543;16446;15.298
16538;16544;24.596
16545;16542;28.625
16544;16546;1.717
16547;16545;9.817
16548;16541;23.799
16546;16549;18.921
16550;16548;13.716
16549;16551;8.202
16551;16552;2.839
16553;16550;28.091
16554;16553;2.841
16555;16554;4.729
16556;16555;7.986
16557;16554;14.244
16558;16556;24.801
16558;16556;22.173
16557;16558;4.516
16559;16557;3.065
16560;16561;20.498
16562;16563;9.070
16564;16562;4.335
16559;16565;4.550
16566;16562;10.648
16565;16567;11.665
16568;16566;4.081
16568;16559;23.454
16569;16560;16.890
16570;16566;10.793
16570;16568;7.334
16560;16571;43.188
16572;16573;8.546
16573;16569;4.714
16569;16574;8.926
16575;16570;4.019
16576;16573;4.997
16576;16577;13.736
16578;16577;10.378
16577;16578;4.607
16574;16579;8.673
16580;16574;4.730
16571;16581;6.633
16581;16578;4.199
16582;16579;1.345
16583;16584;10.821
16565;16584;7.097
16585;16586;13.675
16579;16587;14.900
16587;16588;3.097
16588;16589;6.387
16590;16585;1.305
16591;16592;5.309
16591;16593;3.673
16594;16582;2.995
16594;16595;4.480
16596;16591;1.215
16595;16576;20.918
16584;16597;1.030
16571;16597;17.666
16588;16596;3.948
16593;16598;0.889
16599;16575;8.081
16599;16575;11.445
16600;16576;13.851
16601;16600;5.513
16602;16603;7.871
16584;16603;9.468
16582;16604;6.653
16605;16590;9.593
16606;16599;1.141
16604;16594;9.862
16593;16607;9.150
16607;16605;2.187
16596;16608;4.372
16609;16568;29.164
16603;16609;7.191
16610;16609;8.998
16597;16611;2.357
16581;16611;17.529
16612;16609;2.551
16613;16604;11.633
16587;16613;8.345
16613;16614;8.759
16615;16607;9.566
16616;16606;6.727
16614;16615;2.411
16617;16613;1.581
16606;16618;7.917
16611;16619;4.003
16595;16617;27.902
16620;16621;2.026
16612;16620;9.293
16614;16622;3.480
16623;16619;1.761
16624;16612;5.957
16625;16624;2.748
16619;16625;9.319
16626;16612;4.563
16624;16626;2.958
16626;16627;3.595
16628;16620;4.426
16611;16629;3.734
16605;16630;10.338
16631;16616;4.333
16628;16631;8.739
16618;16632;3.275
16632;16618;7.311
16633;16623;1.579
16629;16633;9.094
16634;16616;6.522
16631;16634;3.814
16635;16628;5.259
16620;16635;3.189
16627;16635;4.566
16628;16636;1.512
16632;16637;1.238
16634;16637;4.245
16638;16625;2.286
16638;16623;9.411
16639;16638;2.456
16640;16636;3.565
16641;16617;11.575
16641;16615;11.320
16637;16642;20.037
16640;16631;14.055
16643;16640;3.124
16636;16644;10.387
16642;16645;5.545
16644;16646;3.703
16646;16627;8.913
16646;16647;6.027
16647;16624;9.370
16648;16644;21.441
16649;16633;11.263
16646;16650;7.984
16651;16642;7.787
16647;16652;9.316
16652;16649;6.789
16653;16641;16.142
16652;16654;7.603
16629;16655;8.765
16655;16656;9.376
16657;16649;17.248
16657;16656;8.549
16658;16657;1.902
16658;16656;11.811
16659;16658;10.977
16655;16660;5.755
16552;16661;49.363
16661;16662;0.441
16662;16663;0.689
16664;16660;1.617
16665;16664;7.708
16663;16666;30.176
16667;16665;24.275
16668;16667;5.965
16669;16668;23.490
16670;16669;1.903
16671;16672;8.196
16672;16673;4.834
16674;16675;4.481
16673;16674;9.589
16676;16674;1.785
16672;16677;12.454
16678;16676;2.634
16677;16679;0.782
16680;16678;0.665
16679;16680;4.035
16681;16677;4.420
16682;16675;4.208
16666;16450;31.471
16683;16676;4.321
16683;16678;7.204
16680;16684;7.817
16684;16679;3.766
16685;16683;2.715
16685;16686;0.489
16686;16687;0.996
16687;16688;1.593
16687;16686;7.655
16675;16689;37.382
16690;16684;5.433
16690;16691;3.387
16691;16681;9.005
16451;16692;1.037
16693;16694;14.584
16695;16681;19.171
16696;16697;3.737
16697;16685;6.751
16692;16438;0.708
16698;16699;5.518
16699;16690;5.836
16689;16700;14.966
16700;16697;4.592
16701;16699;3.120
16691;16701;7.408
16702;16695;5.812
16700;16703;2.178
16704;16699;4.061
16702;16705;7.191
16694;16706;51.594
16707;16708;7.238
16706;16709;3.103
16439;16710;0.611
16711;16709;1.575
16708;16712;2.646
16712;16702;4.554
16437;16711;12.516
16713;16437;48.666
16714;16436;2.441
16714;16689;13.064
16715;16714;2.206
16716;16715;0.216
16703;16716;10.558
16717;16701;8.903
16718;16717;2.411
16703;16719;15.149
16717;16719;0.758
16720;16718;2.940
16721;16720;0.171
16721;16708;4.410
16722;16723;5.148
16722;16695;21.573
16719;16724;1.624
16725;16717;1.084
16726;16721;0.751
16726;16712;4.106
16727;16716;3.495
16724;16727;2.488
16710;16728;1.994
16729;16724;1.840
16725;16729;6.776
16730;16726;3.383
16730;16731;9.218
16732;16730;1.099
16733;16732;4.132
16733;16722;3.458
16734;16732;1.300
16715;16735;4.661
16736;16720;4.433
16729;16737;6.246
16737;16725;4.114
16727;16738;6.469
16739;16734;6.752
16740;16739;0.537
16734;16739;9.301
16741;16733;4.509
16741;16742;4.633
16743;16741;0.411
16744;16736;6.669
16745;16736;7.750
16746;16718;10.195
16747;16748;4.326
16746;16747;3.099
16744;16749;1.571
16750;16729;11.005
16751;16743;1.670
16752;16751;1.127
16728;16752;36.879
16753;16752;0.572
16754;16755;4.699
16743;16754;4.802
16756;16744;5.607
16756;16740;8.241
16747;16757;3.464
16758;16737;9.123
16758;16757;4.961
16759;16753;1.273
16760;16759;4.600
16757;16761;2.128
16761;16746;4.100
16762;16761;1.036
16763;16760;18.115
16728;16763;5.508
16764;16759;1.745
16764;16760;4.356
16762;16765;4.097
16765;16745;7.153
16766;16740;11.913
16767;16768;7.325
16768;16758;2.982
16769;16764;0.936
16765;16745;14.800
16770;16771;6.959
16754;16770;5.652
16772;16756;13.494
16772;16766;4.421
16773;16766;8.364
16770;16774;3.292
16774;16773;3.302
16775;16774;3.705
16751;16775;12.561
16776;16775;0.558
16753;16776;13.318
16777;16772;2.947
16778;16777;5.493
16778;16773;2.928
16779;16778;3.471
16779;16774;2.924
16780;16769;5.201
16763;16780;3.493
16781;16768;8.091
16781;16782;4.188
16762;16782;10.180
16783;16779;8.205
16783;16776;5.907
16784;16769;9.837
16782;16785;30.969
16785;16777;7.938
16786;16783;4.958
16787;16786;2.316
16788;16784;11.633
16788;16780;6.875
16789;16779;6.057
16789;16783;11.536
16785;16790;5.124
16791;16786;6.687
16791;16784;6.983
16790;16792;1.274
16792;16793;5.507
16793;16794;3.015
16794;16789;6.273
16795;16793;5.810
16796;16791;11.037
16792;16797;8.949
16798;16796;9.172
16796;16799;4.320
16799;16798;6.506
16800;16798;1.791
16800;16788;15.621
16781;16801;21.344
16802;16803;4.940
16803;16791;14.491
16801;16804;24.301
16790;16804;20.403
16780;16805;19.434
16804;16806;8.884
16806;16794;18.248
16800;16805;46.656
16805;16807;5.457
16806;16808;22.988
16808;16803;9.893
16799;16809;12.387
16809;16810;8.880
16807;16811;2.929
16808;16809;17.780
16807;16812;4.399
16470;16670;69.860
16812;16813;3.237
16813;16452;19.159
16801;16814;39.208
16804;16814;38.331
16486;16811;43.303
16814;16815;1.961
16486;16816;14.910
16811;16816;27.513
16816;16487;15.347
16453;16454;28.879
16455;16817;0.931
16484;16487;42.220
16818;16469;28.023
16472;16818;8.434
16817;16434;11.103
16456;16457;29.615
16458;16819;0.438
16820;6074;4.810
16821;16820;26.942
16819;16822;41.012
16823;16471;50.367
16460;16823;13.764
16824;16459;1.622
16825;16826;21.824
16826;16827;0.558
16827;16828;6.775
16829;16826;1.507
16828;16830;8.426
16831;16825;16.593
16832;16829;9.528
16832;16828;6.072
16831;16833;4.659
16834;16831;8.689
16835;16834;1.935
16835;16829;10.826
16836;16823;21.967
16837;16832;4.754
16838;16839;43.082
16839;16834;7.238
16837;16840;8.559
16841;16835;5.885
16841;16842;3.340
16842;16837;9.035
16843;16842;1.617
16844;16840;20.731
16845;16843;3.478
16846;16841;4.919
16847;16839;10.582
16847;16846;0.714
16840;16848;7.683
16848;16849;3.588
16850;16846;4.093
16843;16850;5.146
16849;16851;1.721
16851;16848;2.182
16849;16852;0.766
16851;16853;0.928
16853;16854;2.386
16855;16852;2.455
16853;16856;4.351
16850;16857;8.624
16852;16857;2.252
16856;16858;5.533
16858;16854;4.186
16855;16859;6.063
16854;16860;4.186
16858;16861;4.135
16861;16860;4.604
16857;16862;0.580
16474;16836;4.915
16863;16855;5.914
16862;16864;1.107
16865;16821;32.787
16866;16864;1.314
16866;16862;8.051
16867;16865;0.681
16868;16847;15.745
16864;16868;3.771
16868;16869;0.736
16869;16870;21.118
16871;16866;8.553
16871;16856;14.930
16869;16872;2.106
16871;16861;24.059
16873;16473;1.628
16860;16874;12.240
16870;16875;5.320
16876;16872;10.740
16872;16876;9.601
16874;16877;6.531
16462;16875;1.471
16877;16878;10.903
16876;16879;10.397
16822;16463;46.318
16878;16824;80.531
16880;16461;8.663
16466;16880;5.586
16464;16881;10.888
16881;16465;9.539
16882;16867;31.855
16883;16882;22.278
16476;16873;29.591
16483;16883;5.527
16884;16885;7.208
16886;16887;9.778
16884;16886;4.028
16475;16888;5.074
16889;16884;8.827
16890;16891;8.931
16888;16892;22.467
16893;16481;5.591
16894;16893;0.231
16893;16890;11.129
16895;16896;6.178
16896;16894;0.916
16892;16897;5.144
16888;16898;3.345
16899;16900;9.978
16901;16902;8.082
16902;16892;6.709
16886;16903;20.118
16903;16899;2.968
16902;16904;3.911
16904;16897;5.549
16905;16896;4.670
16899;16906;12.023
16906;16905;1.003
16903;16907;2.473
16907;16908;0.588
16908;16899;4.499
16897;16909;10.406
16909;16910;4.150
16911;16894;11.576
16908;16912;2.982
16912;16906;1.467
16913;16907;19.371
16441;16913;0.538
16914;16902;10.177
16909;16915;5.822
16910;16916;12.556
16440;16916;0.357
16916;16917;0.441
16919;16915;4.333
16912;16920;6.556
16920;16918;3.007
16919;16921;1.943
16904;16921;15.244
16881;16922;30.210
16923;16905;10.757
16920;16924;2.592
16925;16921;2.454
16925;16919;4.445
16907;16926;11.270
16926;16924;10.593
16924;16927;1.734
16910;16928;18.186
16917;16928;2.520
16927;16929;5.247
16923;16929;5.158
16915;16930;12.899
16928;16930;0.889
16929;16931;6.681
16931;16932;1.522
16932;16923;8.406
16931;16933;3.659
16934;16925;10.376
16898;16935;7.747
16929;16936;10.505
16933;16936;4.647
16933;16936;3.674
16935;16477;1.070
16917;16494;29.024
16937;16932;12.864
16926;16938;15.395
16927;16938;16.000
16930;16939;15.590
16930;16489;4.936
16478;16940;4.360
16489;16940;2.883
16940;16491;5.784
16922;16941;11.153
16491;16942;15.277
16941;16444;15.317
16942;16943;36.496
16445;16944;25.703
16943;16945;6.879
16945;16946;0.631
16944;16947;6.168
16946;16948;14.854
16948;16949;1.635
16949;16950;29.258
16950;16479;21.266
16480;16951;0.453
16951;16952;21.085
16952;16953;1.014
16947;16954;73.294
16953;16955;12.521
16955;9163;0.141
16955;9166;2.145
16954;16956;14.431
16956;16957;35.436
9168;9165;22.967
16957;16958;29.842
16958;16959;18.039
16959;16960;23.818
16961;16960;11.010
16962;16961;16.126
16963;16962;9.139
16964;16963;9.923
16965;16964;1.226
16964;16966;4.857
16963;16966;6.691
16967;16962;9.291
16967;16968;7.343
16969;16967;9.626
16970;16965;8.869
16960;16971;4.356
16966;16972;8.073
16972;16969;6.526
16973;16967;5.311
16972;16974;0.650
16975;16965;9.135
16976;16973;1.056
16976;16977;3.882
16973;16969;14.123
16978;16974;2.481
16979;16978;5.046
16980;16976;2.912
16981;16979;1.318
16980;16982;8.088
16983;16975;7.027
16983;16981;4.338
16984;16980;2.814
16974;16985;7.680
16986;16983;2.194
16987;16984;3.218
16985;16988;4.997
16987;16988;4.516
16989;16986;3.199
16990;16984;2.383
16990;16991;1.683
16992;16981;5.024
16992;16979;6.227
16991;16993;7.039
16988;16987;6.638
16989;16994;1.353
16995;16990;2.736
16996;16975;11.439
16996;16989;5.018
16997;16992;2.681
16998;16991;3.646
16985;16999;6.249
16998;16995;5.854
17000;16997;3.638
16997;17000;3.394
17001;16999;5.123
17002;17000;0.751
17002;17003;5.530
16978;17003;13.097
17003;17001;3.926
17004;16995;6.685
17005;16986;9.032
17005;17002;2.983
16999;17006;3.127
17006;17004;2.299
17007;17006;0.801
16971;17008;6.543
17008;16996;6.273
17009;16998;4.805
17010;17004;6.326
17011;17001;3.109
17011;17007;4.313
17008;17005;12.519
17003;17012;3.414
17012;17011;3.102
17013;17002;4.635
17014;17013;2.025
17015;17012;2.237
17013;17016;2.801
17015;17016;3.538
17014;17017;2.592
17016;17017;5.177
17018;17008;2.203
17014;17018;14.117
17017;17019;2.503
17020;17015;8.239
17020;17021;13.305
17007;17022;13.457
17023;17020;7.317
17024;17018;6.267
17025;17024;3.093
17026;17025;1.038
9169;9170;41.028
17026;17027;3.868
17027;17028;11.048
17028;17029;10.755
17029;17030;8.741
17030;17031;2.415
17031;17032;52.273
17032;17033;99.406
17034;17033;5.505
17035;17034;8.069
17036;17034;6.308
17037;17036;1.221
17038;17037;1.944
17036;17037;17.403
17039;17038;7.523
17039;17038;1.953
17040;17041;3.978
17042;17041;5.670
17043;17039;1.823
17041;17043;4.862
17042;17044;2.227
17045;17046;2.186
17046;17044;4.048
17047;17043;2.071
17048;17047;0.302
17048;17046;4.307
17044;17049;6.990
17050;17048;2.492
17049;17050;2.386
17051;17050;2.228
17049;17051;8.055
17052;17053;9.842
17053;17054;26.715
17053;17055;1.310
17055;17056;3.176
17057;17051;6.052
17057;17055;3.715
17058;17056;2.337
17059;17057;1.093
17058;17059;0.879
17056;17060;16.131
17061;17060;3.475
17062;17061;5.346
17062;17058;3.523
17063;17062;0.933
17063;17061;0.963
17064;17063;0.692
17065;17064;4.088
17060;17065;11.519
17066;17059;7.255
17067;17065;2.355
17068;17066;15.047
17068;17064;17.808
17069;17068;1.324
17070;17071;3.572
17071;17072;16.031
17073;17074;23.342
17075;17076;1.478
17077;17078;4.856
17079;17080;0.660
17081;17082;0.528
17083;17084;0.526
17085;17086;0.342
17087;17088;0.898
17089;17090;0.859
17091;17092;0.989
17093;17094;0.516
17095;17096;0.363
17097;17098;0.444
17099;17100;0.665
17101;17102;0.655
17103;17104;0.431
17105;17106;0.462
17107;17108;2.087
17109;17110;0.435
17111;17112;0.513
17113;17114;0.555
17115;17116;1.385
17117;17118;0.986
17119;17120;1.285
17121;17122;2.244
17123;17124;0.509
17125;17126;35.611
17126;17127;3.584
17127;17128;10.996
17126;17128;3.630
17129;17130;6.115
17129;17131;6.390
17131;17129;6.593
17132;17129;5.681
17131;17130;1.757
17131;17130;2.196
17130;17133;23.205
17130;17133;29.006
11795;17134;7.496
17134;17135;3.133
17135;6274;8.163
6277;6267;6.409
17136;17137;2.124
17138;17136;32.326
17139;17138;0.777
17140;17139;127.331
17141;17140;8.996
17142;17141;24.504
17143;17142;1.362
17144;17143;2.643
17145;17146;15.421
17146;17147;12.486
17147;17148;4.815
17149;17147;6.553
17150;17149;9.406
17148;17150;6.468
17151;17150;2.074
17149;17152;4.221
17146;17153;18.751
17153;17152;5.157
17152;17154;4.329
17155;17151;8.086
17154;17155;12.217
17156;17153;5.164
17151;17157;12.596
17157;17144;17.888
17158;17159;17.822
17158;17160;4.786
17160;17156;28.990
17161;17156;1.459
17162;17160;2.235
17162;17158;3.857
17163;17161;1.085
17160;17164;3.677
17165;17163;3.425
17166;17155;5.426
17166;17157;3.146
17167;17166;0.389
17164;17165;10.546
17168;17167;0.210
17169;17165;3.202
17167;17170;7.783
17157;17170;7.912
17169;17171;6.838
17171;17163;6.046
17172;17164;6.702
17172;17173;1.568
17173;17169;6.108
17154;17174;14.213
17174;17168;3.538
17175;17174;0.438
17176;17162;10.492
17176;17172;4.788
17177;17171;5.907
17177;17175;0.736
17175;17178;1.560
17179;17177;0.949
17178;17180;7.505
17180;17168;9.231
17176;17181;7.842
17173;17181;5.598
17182;17179;3.093
17181;17183;2.527
17183;17182;0.440
17184;17180;4.926
17185;17184;4.182
17186;17179;3.409
17182;17187;4.984
17187;17186;2.341
17170;17188;12.216
17189;17184;6.100
17188;17189;1.865
17190;17189;4.613
17178;17191;13.461
17191;17190;2.967
17192;17187;6.618
17186;17191;17.267
17188;17193;6.479
17194;17190;3.802
17195;17183;10.967
17196;17195;2.566
17080;17196;16.069
17197;17131;0.945
17082;17079;52.514
17198;17081;95.239
17199;17198;4.203
17133;17200;26.068
17201;17199;5.028
17202;17201;145.833
17203;17204;12.452
17204;17205;8.843
17205;17203;8.360
17206;17202;7.991
17205;17207;4.282
17208;17203;4.048
17209;17208;13.179
17210;17211;20.885
17211;17206;1.357
17212;17209;8.129
17213;17208;4.137
17213;17212;9.401
17214;17212;1.650
17209;17215;14.814
17215;17211;2.118
17206;17216;9.009
17207;17217;7.793
17217;17218;6.165
17218;17213;4.448
17219;17207;11.438
17217;17219;5.442
17217;17220;5.894
17220;17218;6.550
17220;17221;1.021
17221;17222;6.382
17219;17223;12.460
17224;17215;7.450
17225;17221;20.734
17225;17224;0.732
17224;17226;9.342
17227;17225;5.833
17227;17228;8.135
17128;17129;18.997
17229;17125;0.441
17226;17230;9.007
17222;17231;16.689
17232;17227;7.950
17226;17232;18.890
17233;17229;0.774
17231;17234;5.136
17234;17232;4.370
17235;17234;6.903
17235;17236;6.604
17237;17235;8.661
17200;17238;82.946
17239;17233;44.745
17240;17241;18.693
17238;17083;54.370
17242;17239;19.869
17084;17243;2.344
17243;11389;1.976
17244;17240;34.680
17245;17244;0.457
17246;17245;19.205
17247;17242;44.845
17090;17247;0.243
17248;17089;47.779
17249;17246;76.188
17250;17249;2.673
17092;17248;31.251
17094;17091;13.924
17251;17250;26.762
17252;17251;0.927
17253;17252;3.804
17254;17255;4.846
17254;17256;5.803
17257;17254;4.586
17258;17257;9.303
17259;17257;9.164
17260;17259;2.498
17260;17261;14.855
17261;17260;10.846
17262;17261;3.207
17263;17262;3.588
17264;17265;9.394
17265;17263;1.953
17266;17262;7.132
17263;17266;9.814
17267;17260;13.213
17266;17268;4.524
17269;17267;0.990
17268;17270;8.170
17271;17253;14.758
17272;17269;16.510
17273;17093;32.295
17274;17272;62.599
17273;17123;4.707
17124;17274;39.996
17275;17271;54.022
17275;17276;3.565
17276;17277;4.136
17278;17277;12.714
17276;17279;4.640
17276;17280;5.787
17277;17280;6.147
17279;17281;3.184
17282;17283;5.171
17283;17281;23.034
17283;17284;6.032
17284;17285;6.626
17284;17286;5.088
17281;17286;2.845
17286;17287;0.662
17279;17288;15.102
17280;17288;11.843
17287;17289;2.741
17290;17291;0.905
17289;17292;3.411
17287;17293;2.135
17293;17294;0.244
17292;17295;8.496
17288;17295;4.968
17293;17289;8.973
17291;17294;13.672
17294;17296;0.874
17296;17297;6.649
17298;17297;4.774
17292;17298;7.252
17297;17299;2.305
17296;17300;2.147
17299;17301;1.975
17301;17300;5.219
17302;17298;7.047
17295;17302;10.359
17299;17303;4.773
17301;17304;5.758
17300;17305;3.352
17306;17305;0.193
17304;17307;9.710
17307;17302;8.562
17307;17308;2.061
17304;17309;9.655
17309;17308;3.053
17309;17310;2.137
17308;17310;1.745
17310;17311;15.508
17310;17312;24.402
17313;17273;63.115
17314;17306;156.578
17315;17314;0.552
17316;17315;3.224
17317;17316;5.231
17317;17318;2.007
17318;17319;3.494
17318;17320;5.273
17319;17321;44.857
17319;17322;8.724
17323;17324;0.192
17324;17325;7.221
17326;17325;6.383
17325;17327;9.802
17327;17328;1.019
17328;17317;22.752
17329;17328;3.337
17330;17327;10.465
17330;17329;9.317
17331;17332;13.744
17332;17330;32.829
17333;17332;4.295
17329;17334;103.022
17335;17336;20.083
17334;17335;15.448
17335;17337;11.260
17102;17323;111.737
17338;17313;37.229
17338;17101;6.342
396;398;28.033
17339;17338;47.996
17339;17340;0.882
17340;17341;0.507
17341;17342;2.671
17343;17344;3.496
17344;17340;12.931
17342;17345;5.937
17345;17344;7.800
17342;17346;5.325
17346;17345;3.425
17341;17347;6.868
17346;17348;2.492
17349;17348;7.750
17347;17350;4.951
17349;17350;8.346
17348;17351;5.607
17350;17352;14.379
17351;17353;3.107
17345;17353;9.817
17352;17354;11.889
17355;17349;7.380
17351;17355;7.586
17350;17356;5.850
17352;17357;6.032
17353;17358;4.358
17359;17358;3.096
17359;17360;4.853
17361;17355;4.545
17361;17353;8.311
17359;17362;14.497
17358;17361;23.131
17347;17363;31.956
17363;17364;5.169
17365;17366;3.056
17364;17367;10.546
17368;17369;7.404
17368;17365;12.777
17370;17365;9.036
17367;17370;17.928
17371;17368;11.317
17370;17371;1.380
17371;17372;2.075
17372;17076;0.573
17373;17075;0.839
17373;17374;3.620
17375;17376;12.452
17376;17373;3.061
17377;17376;6.506
17377;17378;9.337
17379;17380;3.585
17379;17377;1.483
17381;17380;13.516
17381;17379;4.362
17380;17382;20.848
17383;17382;1.984
17383;17381;0.478
17384;17113;46.057
17382;17385;9.465
17386;17384;12.117
17387;17383;11.987
17388;17389;13.457
17390;17388;4.555
17391;17390;8.829
17387;17392;1.094
17072;17390;10.277
17392;17393;16.203
17387;17394;17.971
17394;17392;4.274
17072;17395;3.661
17396;17070;3.364
17394;17396;11.890
17397;17386;20.764
17388;17398;41.968
17398;17399;3.871
17392;17400;9.872
17400;17397;10.471
17399;17401;6.929
17396;17402;37.716
17401;17402;9.589
17402;17403;12.588
17114;17404;55.398
17405;17406;10.668
17407;17406;6.567
17408;17407;1.306
17404;17409;19.118
17409;17410;1.956
17410;17408;6.596
17410;17411;2.357
17411;17412;0.354
17413;17414;9.043
17409;17414;7.372
17412;17415;2.771
17406;17415;14.433
17416;17411;8.499
17414;17417;5.339
17418;17416;3.260
17417;17419;3.010
17419;17418;2.802
17415;17420;6.596
17421;17422;9.668
17422;17417;5.110
17419;17422;4.102
17418;17423;6.182
17422;17424;4.855
17425;17424;2.272
17416;17426;16.381
17426;17427;1.393
17420;17427;17.975
17428;17423;7.323
17424;17429;8.647
17428;17429;0.998
17428;17430;6.275
17423;17430;9.175
17430;17431;1.948
17426;17431;7.604
17420;17432;6.952
17431;17433;20.116
17427;17433;15.378
17400;17434;35.991
17433;17435;12.117
17435;17432;15.252
17432;17436;9.336
17429;17437;25.197
17435;17438;12.425
17439;17434;22.958
17440;17441;3.631
17442;17439;16.124
17443;17440;13.310
17434;17443;15.375
17440;17444;21.104
17444;17445;6.193
17444;17446;7.291
17443;17446;4.142
17446;17447;1.200
17447;17448;7.777
17447;17449;1.650
17448;17450;6.582
17450;17451;6.794
17451;17452;1.012
17448;17453;4.623
17450;17454;4.224
17455;17449;15.623
17436;17456;71.794
17456;17115;2.147
17096;17455;2.414
17116;17117;7.653
17457;17095;2.876
17118;17458;1.351
17459;17457;1.018
17460;17459;13.777
11573;17097;27.787
17098;17460;47.934
17458;17461;19.459
17461;17119;10.464
17462;17460;22.748
17120;17463;2.555
17464;17465;2.671
17466;17467;10.360
17467;17468;7.528
17463;17464;44.814
17465;17121;65.800
17122;17469;10.989
17469;17470;5.062
17470;464;12.218
17471;17462;99.067
17100;17471;2.870
17472;17099;179.969
17473;17472;2.703
17474;17473;2.841
17475;17476;24.422
17474;17476;9.705
17476;17477;2.295
17477;17478;6.919
17477;17478;19.016
17478;17479;24.296
17480;17481;17.391
17481;17482;1.566
17483;17482;4.343
17482;17484;2.864
17485;11707;16.572
17486;17487;5.491
17487;17481;6.913
17484;17488;3.973
17487;17489;3.570
17484;17489;4.105
17489;17490;2.190
17490;17491;3.628
17492;17490;2.884
17493;17492;4.619
17494;17492;9.076
17491;17495;12.436
17496;17497;3.036
17498;17494;10.781
17497;17499;7.314
17499;17500;6.310
17501;17499;0.583
17502;17503;7.033
17503;17504;4.801
17497;17501;11.907
17501;17505;2.324
17505;17506;7.006
17503;17507;1.327
17508;17509;2.550
17491;17509;14.663
17507;17510;1.971
17510;17504;4.863
17504;17511;9.840
17511;17505;6.621
17512;17507;6.270
17509;17513;2.811
17510;17514;1.987
17514;17511;8.354
17513;17515;2.412
17516;17517;6.109
17517;17518;4.506
17513;17518;2.824
17512;17519;3.780
17519;17514;6.601
17517;17520;5.850
17518;17520;1.551
17512;17519;18.518
17518;17521;5.814
17520;17522;10.875
17523;17485;58.908
17523;17524;5.642
17525;17523;6.681
17522;17526;42.561
17524;17527;6.874
17527;17526;1.670
17528;17525;1.756
17524;17528;1.762
17528;17527;4.567
17529;17528;2.799
17526;17529;4.074
17530;17525;1.127
17530;17528;1.826
17528;17531;1.871
17529;17531;6.216
17532;17530;4.034
17531;17532;2.828
17533;17534;29.094
17535;17536;7.039
17537;17535;5.426
17538;17535;2.835
17538;17539;4.671
17540;17541;5.156
17533;17540;11.672
17535;17542;7.497
17543;17544;9.295
17545;17538;2.429
17544;17546;9.925
17540;17546;3.863
17547;17543;15.594
17546;17548;5.796
17549;3700;4.841
17548;17542;8.105
17550;17548;0.805
17544;17551;13.494
17551;17550;8.519
17551;17552;3.934
17552;17553;4.028
17553;17550;11.286
17554;17552;7.291
17553;17555;7.704
17532;17085;44.865
17556;17557;5.867
17558;17559;8.635
17104;17556;32.848
17560;17103;1.392
17561;17562;31.171
17562;17563;3.179
17563;583;3.442
17086;17564;62.875
17557;17565;226.657
17468;17549;7.643
17565;17561;45.047
17564;17566;1.453
17565;17567;15.768
17568;17569;11.122
17567;17570;12.058
17571;17569;7.080
17569;17572;20.532
17566;17572;8.302
17567;17573;19.271
17572;17574;12.068
17573;17575;3.159
17576;17573;9.834
17575;17576;6.439
17576;17577;3.680
17578;17577;4.265
17559;17579;234.454
17577;17580;15.763
17575;17580;14.839
17572;17581;7.149
17581;17582;2.385
17581;17583;19.354
17583;17582;5.114
17580;17584;11.517
17585;17584;0.131
17586;17587;4.296
17579;17587;5.969
17582;17588;2.877
17589;17590;1.542
17588;17590;3.175
17591;17592;8.480
17592;17593;3.309
17590;17594;1.698
17106;17560;33.549
17595;17596;10.329
17597;17596;3.420
17598;17599;2.628
17600;17598;2.394
17601;17598;2.881
17594;17601;7.210
17596;17602;16.447
17602;17592;5.088
17603;17604;7.832
17587;17604;3.676
17588;17605;3.686
17606;17605;2.331
17602;17607;8.917
17593;17607;7.844
17594;17608;8.112
17608;17606;1.417
17609;17610;7.043
17604;17610;1.093
17605;17077;2.232
17611;17609;2.943
17593;17612;20.075
17607;17613;10.782
17613;17612;0.636
17612;17614;2.154
17614;17615;1.379
17615;17609;14.449
17601;17616;12.346
17616;17608;17.193
17617;17618;4.653
17618;17616;1.676
17615;17619;1.578
17610;17620;2.887
17078;17621;1.214
17620;17622;9.824
17619;17623;4.964
17620;17623;0.919
17624;17613;2.784
17624;17625;3.364
17625;17614;8.347
17626;17618;4.445
17623;17627;1.700
17626;17628;1.168
17621;17629;1.095
17630;17105;9.707
17631;17626;2.320
17632;17633;9.587
17634;17633;8.609
17633;17635;0.890
17631;17636;3.237
17637;17636;2.817
17635;17638;1.642
17638;17631;2.263
17625;17639;6.440
17639;17619;13.101
17636;17640;1.850
17627;17641;9.869
17638;17642;1.599
17643;17624;2.824
17642;17644;4.125
17642;17645;2.293
17645;17640;4.067
17646;17635;6.691
17644;17646;1.869
17647;17643;0.387
17648;17641;3.774
17640;17645;5.405
17647;17107;0.437
17649;17646;6.700
17641;17650;7.910
17651;17644;11.950
17639;17652;10.162
17627;17653;13.123
17652;17654;1.079
17644;17655;6.535
17656;17649;4.956
17655;17651;8.648
17653;17657;3.528
17653;17658;1.889
17650;17659;4.959
17660;17656;3.573
17661;17649;5.781
17662;17651;5.036
17656;17663;3.462
17663;17661;3.401
17655;17664;4.269
17663;17665;2.938
17650;17666;12.689
17666;17667;8.436
17668;17661;11.171
17669;17661;10.041
17670;17668;4.132
17669;17671;6.947
17671;17668;3.192
17672;17669;2.603
17671;17673;6.713
17666;17674;9.439
17675;17670;10.794
17676;17585;24.621
17677;17676;10.011
17678;17630;40.413
17108;17678;40.042
17679;17677;38.916
17680;17678;21.078
17629;17681;2.296
17681;17682;38.069
17683;17558;86.674
17110;17683;1.514
17684;17109;5.171
17685;17682;9.002
17686;17685;5.361
17687;17688;4.774
17689;17684;57.664
17690;17688;4.341
17687;17691;10.804
17691;17690;10.420
17692;17690;5.530
17686;17692;5.479
17691;17693;11.826
17693;17694;2.255
17693;17695;13.302
17695;17696;4.703
17696;17695;12.922
17696;17697;3.797
17698;17697;8.405
17697;17699;15.800
17699;17698;10.889
17700;17698;2.403
17701;17702;10.294
17703;17702;10.120
17702;17704;2.256
17705;17706;2.687
17706;17704;3.668
17706;17707;4.868
17704;17707;5.380
17708;17709;11.581
17710;17705;10.235
17709;17710;5.995
17707;17711;8.958
17711;17712;1.123
17699;17712;18.709
17692;17713;18.413
17710;17714;3.121
17715;17709;6.457
17716;17705;7.157
17714;17717;2.500
17717;17716;5.402
17717;17718;1.087
17712;17719;6.061
17719;17713;13.086
17714;17720;4.182
17720;17721;6.168
17719;17722;2.129
17723;17716;8.550
17720;17724;4.004
17724;17723;1.323
17711;17725;9.139
17722;17725;2.834
17723;17726;3.996
17724;17727;11.141
17726;17727;3.988
17727;17728;0.276
17722;17729;6.298
17725;17730;5.145
17730;17729;3.587
17728;17731;7.337
17729;17732;5.517
17713;17732;5.918
17733;17726;10.174
17730;17733;5.294
17732;17733;3.909
17734;17735;15.725
17732;17734;12.411
17734;17736;9.265
17728;17737;19.889
663;17680;87.711
17682;17738;116.513
17738;17689;98.361
17738;17739;46.017
17740;17739;29.251
17741;17740;32.156
17742;17743;5.372
17742;17744;6.924
17744;17745;0.186
17746;17741;18.283
17747;17748;3.503
17748;17745;13.086
17748;17749;3.485
17750;17751;4.271
17751;17748;2.741
17752;17753;4.617
17753;17751;4.985
17754;17753;2.257
17749;17754;7.453
17755;17756;5.302
17756;17753;5.253
17757;17754;5.212
17757;17758;5.545
17759;17760;4.197
17760;17756;2.902
17761;17757;2.115
17761;17762;8.065
17763;17761;2.798
17763;17764;6.569
17765;17760;4.641
17765;17766;2.169
17767;17768;4.635
17763;17769;4.443
17770;17765;1.954
17768;17771;1.896
17771;17770;0.915
17772;17763;6.590
17773;17772;12.977
17772;17774;3.356
17770;17775;6.384
17775;17776;4.777
17742;17777;196.901
17778;17779;4.474
17780;17775;2.300
17774;17780;4.708
17780;17781;0.808
17779;17782;3.363
17782;17768;10.100
17782;17783;1.321
17783;17771;7.861
17783;17784;3.663
17784;17781;2.718
17774;17785;4.871
17786;17784;4.170
17787;17779;8.235
17781;17788;7.433
17789;17786;3.080
17784;17790;6.032
17790;17788;4.078
17791;17787;3.052
17791;17789;7.138
17790;17792;4.486
17786;17793;7.766
17793;17792;2.528
17794;17791;5.929
17789;17795;6.316
17793;17795;4.919
17796;17746;11.619
17797;17794;6.288
17797;17795;3.121
17792;17798;5.607
17799;17797;1.464
17799;17798;7.317
17800;17801;13.235
17802;17800;5.727
17800;17803;4.753
17804;17805;1.527
17798;17804;13.014
17799;17806;12.418
17798;17806;21.733
17803;17807;3.505
17807;17808;12.328
17805;17809;2.677
17802;17803;10.174
17802;17810;6.628
17807;17811;3.231
17810;17796;7.878
17794;17812;22.576
17806;17812;5.434
17813;17814;2.031
17805;17815;10.574
17815;17816;5.316
17814;17817;1.452
17814;17811;12.539
17806;17818;9.059
17811;17819;5.918
17804;17820;12.625
17815;17821;6.229
17819;17822;9.656
17821;17820;6.823
17810;17823;10.372
17812;17824;7.080
17824;17818;4.361
17825;17819;2.862
17826;17825;8.686
17827;17826;2.394
17821;17828;3.696
17823;17827;7.443
17818;17829;6.791
17828;17829;0.628
17828;17830;4.506
17831;17828;4.613
17826;17832;7.311
17820;17833;10.726
17825;17834;10.871
17831;17835;6.553
17833;17835;2.965
17836;17831;3.936
17835;17836;2.814
17837;17836;0.832
17829;17838;9.772
17824;17839;14.571
17838;17840;9.753
17839;17841;7.779
17838;17842;10.571
17842;17837;11.238
17842;17843;2.654
17844;17837;18.182
17743;17073;3.436
17074;17111;10.260
17112;17731;202.563
17739;17845;83.245
17845;17846;31.473
17846;17847;5.316
17847;17087;11.567
17088;17848;23.708
17846;17849;81.693
17849;17850;0.172
17850;13199;1.199
17848;17851;66.111
17851;17852;7.879
17852;17853;47.313
17854;17498;4.627
17854;17502;0.226
17855;17856;17.890
17857;17858;0.543
17859;17860;3.169
17861;17862;2.578
17863;17864;2.488
17856;17865;3.427
17866;17867;1.113
17868;17869;4.098
17870;17871;2.767
17872;17873;2.599
17874;17875;4.117
17876;17877;3.080
17878;17879;1.592
17880;17881;5.735
17882;17883;1.459
17884;17885;0.841
17886;17887;3.413
17888;17889;1.451
17890;17891;0.715
17892;17893;0.375
17894;17895;0.497
17896;17897;0.727
17898;17899;1.927
17900;17901;0.582
17902;17903;1.286
17904;17905;0.906
17906;17907;0.403
17908;17909;0.805
17910;17911;0.576
17912;17913;0.371
17914;17915;0.476
17916;17917;0.455
17918;17919;3.399
17920;17921;1.038
17922;17923;1.105
17924;17925;0.822
17926;17927;0.384
17928;17197;1.398
17928;17132;6.488
17929;17930;2.586
17931;17929;2.818
17931;17930;3.473
17932;17931;3.510
17933;17932;2.979
17930;17934;3.124
17934;17935;2.654
17935;17933;4.338
17933;17936;1.767
17936;17931;2.365
17930;17937;2.214
17937;17935;1.781
17937;17936;1.691
17934;17937;0.500
17938;17939;1.250
17940;17941;15.972
17939;17942;10.492
17943;17944;1.580
17944;17939;5.591
17940;17945;4.945
17945;17946;5.786
17947;17942;32.544
17942;17948;1.471
17948;17943;1.373
17943;17946;1.829
17946;17894;18.893
17949;17940;5.723
17942;17949;5.698
17944;17950;2.825
17950;17948;1.812
17949;17948;2.251
17945;17943;1.992
17949;17945;3.453
17951;10756;32.600
8941;17952;5.573
8940;17953;5.834
8944;17954;4.695
17955;17956;3.085
17957;17958;29.272
17957;17959;4.585
17953;17959;14.952
17960;17957;7.652
17959;17960;2.022
17961;17960;69.842
17962;17963;15.243
17964;17965;5.173
17964;17962;10.640
17966;17963;47.511
17960;17966;4.558
17967;17964;9.686
17968;17964;11.076
17969;17970;37.797
17971;17967;6.863
17972;17962;40.109
17966;17972;3.613
17973;17974;5.205
17975;17976;40.897
17977;17978;8.300
17977;17973;16.367
17979;17969;15.217
17980;17967;37.124
17972;17980;4.739
17980;8942;122.149
17981;17979;18.488
17982;17983;41.964
17980;17983;2.902
17984;17951;29.605
17954;17985;36.526
17986;17984;2.675
17983;17987;4.036
17988;17981;36.154
17986;17989;1.822
17989;17990;1.520
17987;17991;5.763
17992;17993;4.393
17992;17994;10.464
17993;17995;7.459
17991;17996;0.876
17995;17996;10.656
17997;17975;58.789
17987;17997;25.213
17991;17997;16.481
17998;17993;3.752
17999;17998;3.615
17999;17992;4.658
18000;17977;44.481
17973;18000;50.416
18001;17990;22.459
17990;18002;5.831
18003;17998;2.699
17995;18004;5.497
18003;18004;6.143
18002;18005;10.607
18005;18006;13.244
18007;17999;4.147
18007;18008;15.201
18003;18009;5.537
18009;18007;3.863
18000;18010;6.066
18011;18010;19.778
18002;18012;2.411
18012;18013;1.102
18013;18005;8.064
17996;18014;4.264
18015;18014;4.439
18010;18016;6.511
18004;18017;9.303
18017;18009;5.862
18018;18019;5.123
18018;18001;10.934
18020;18007;17.821
18016;18020;10.069
18021;18018;3.332
18012;18021;16.558
18022;18012;3.387
18023;17997;22.726
18014;18023;0.927
18020;18024;4.337
18021;18025;13.629
18025;18022;5.950
18023;18026;6.994
18026;18017;11.378
18025;18027;6.901
18022;18027;8.059
18028;18021;8.725
17985;16547;14.308
18013;18029;8.740
18006;18029;20.261
18030;18029;3.980
18019;18031;18.836
18023;18032;2.649
18019;18033;12.241
18034;17988;21.053
18035;18028;6.267
18035;18025;8.656
18028;18036;5.542
18037;18038;6.573
18006;18039;41.003
18031;18033;19.298
18029;18040;3.287
18039;18040;8.988
18041;18042;5.881
18042;18038;5.430
18039;18043;25.078
18043;18044;9.733
18040;18045;2.109
18045;18039;6.268
18044;18046;12.043
18046;18034;14.589
8;18047;8.092
18027;8;13.753
18026;18048;16.404
18048;18042;6.640
18032;18049;14.610
18032;18049;4.235
18045;17467;6.200
8;3699;2.323
18045;17466;2.600
18050;18035;12.688
9;18050;5.612
18046;18051;13.925
18050;18052;3.690
18043;18053;8.839
18054;18038;15.565
18009;18054;34.670
18054;18016;33.227
3700;18055;6.090
17549;18055;3.857
9;18056;6.104
17466;18057;3.233
17468;18058;6.659
17467;18058;7.258
18052;18059;8.130
18048;18060;12.560
18042;18060;16.767
18061;18057;4.195
18033;18062;24.886
18059;18062;14.078
18063;18059;7.073
18061;18064;8.132
3699;18065;16.113
18055;18065;7.237
18057;18066;3.850
18051;18067;21.792
18060;18068;10.197
18054;18068;8.217
18058;18069;7.181
18061;18070;5.918
18065;18071;5.851
17468;18071;15.812
18072;18066;5.935
18066;18073;2.748
18073;18046;32.440
18031;18074;36.124
18062;18074;23.908
18074;18075;12.864
18071;18076;15.204
18052;18077;36.003
18071;18077;11.067
18073;18078;5.781
18068;18079;27.695
18079;18080;20.929
18077;18081;11.146
18081;18082;7.864
18049;18083;14.998
18079;18084;10.634
18084;18085;14.045
18084;18086;10.511
18078;18087;5.443
18051;18087;43.756
18084;18088;8.792
18088;18086;8.070
8926;18089;25.830
18090;8925;26.084
18086;18091;15.206
18088;18092;26.298
18091;18092;14.060
18092;18091;26.838
18092;18093;5.446
18094;18095;5.517
18093;18096;5.987
17869;18094;5.667
18096;18097;8.508
18093;18098;10.187
18098;18099;6.071
18099;17868;5.978
18087;18100;15.102
18097;18101;4.886
18096;18097;13.716
18102;18098;4.175
18099;18103;10.123
18098;18104;7.968
18103;18105;12.032
18106;18103;3.398
18107;18101;11.674
18104;18108;6.990
18106;18108;8.563
18101;18107;16.254
18104;18109;8.381
18108;18109;4.111
18107;18110;7.073
18102;18111;17.927
18111;18102;13.063
18112;18111;4.469
18113;18112;5.991
18109;18114;8.333
18115;18116;21.664
18116;18113;6.907
18116;18117;2.895
18118;18116;7.543
18114;18119;4.972
18120;18119;11.625
18111;18121;15.683
18121;18114;6.522
18122;18106;30.301
18123;18122;17.499
18124;18118;6.138
18125;18112;17.447
18125;18121;3.846
18126;18124;3.445
18100;18127;12.918
18119;18128;5.229
18129;18126;3.448
18125;18128;11.590
18127;18130;0.734
18083;18131;30.198
18131;18129;27.461
18113;18125;31.609
18132;17955;67.773
18124;18133;14.737
18118;18133;18.128
18134;18132;0.184
18131;18134;16.440
8400;18090;13.741
18089;8401;14.255
18135;18128;48.928
18131;18136;16.937
18133;18137;45.891
18136;18138;66.012
18139;18140;5.901
18129;18139;96.325
18139;18141;17.815
18141;18142;11.969
18136;18143;16.263
18143;18144;1.979
18143;18145;5.363
18146;18141;33.180
18139;18146;59.730
18146;18147;4.263
18145;18148;5.168
18149;18148;5.250
18144;18149;16.412
18148;18150;4.489
18148;18151;3.004
18150;18151;4.231
18152;18150;6.630
18149;18152;7.954
18130;18153;41.562
18154;18145;16.841
18151;18154;8.763
18153;18155;3.783
18154;18156;3.338
18156;8405;0.942
18152;18157;6.144
18157;8404;3.318
18155;18158;36.058
18158;17907;4.284
18159;8446;2.240
17909;18159;1.068
18160;17908;5.013
18160;17900;3.010
17901;18161;9.995
18161;17902;9.812
17903;18162;10.731
18162;17904;7.591
17905;18163;15.501
18164;17906;26.803
18163;18165;28.246
18165;16693;1.058
18166;18167;4.923
18168;18164;6.407
18168;18166;71.375
18169;18170;7.980
18171;18172;7.336
18173;18168;12.332
18174;18173;4.934
18175;18171;18.682
18176;18169;20.016
15994;18175;6.346
18177;18169;30.505
18174;18178;7.741
18176;18179;10.168
18178;18179;1.595
18177;18176;17.113
18177;18180;3.777
18179;18180;5.981
18181;18180;3.136
18177;18182;20.082
18182;18181;1.729
18183;18184;6.561
18184;18182;10.321
18185;18182;9.465
18185;18186;8.944
18181;18186;11.696
18178;18187;19.230
18188;18184;16.837
18188;18185;10.072
18187;18189;4.047
18190;18191;3.872
18192;18190;8.633
18192;18187;5.317
18185;18193;9.541
18186;18193;5.365
18190;18194;4.019
18186;18195;10.310
18195;18194;5.388
18193;18196;3.828
18194;18197;6.320
18198;18199;4.488
18196;18200;6.753
18200;18195;3.719
18198;18201;3.989
18196;18201;3.682
18202;18203;7.384
18204;18203;4.595
18197;18205;4.735
18205;18192;7.728
18206;18204;6.728
18206;18188;11.826
18207;18206;7.952
18198;18207;8.472
18172;18183;41.773
18195;18208;9.218
18197;18208;6.499
18209;18207;11.195
18201;18209;4.421
18209;18210;9.436
18200;18210;5.525
18203;18211;5.330
18212;18211;8.360
18213;18205;5.342
18214;18209;3.492
18213;18215;15.152
18216;18204;8.475
18206;18216;6.416
18210;18217;6.911
18208;18217;5.130
18217;18213;10.397
18218;18214;4.258
18219;18211;10.835
18207;18220;11.733
18220;18221;6.743
18214;18221;9.277
18217;18222;9.435
18221;18223;7.000
18224;18225;5.059
18221;18225;8.080
18220;18226;13.603
18227;18226;12.231
18225;18227;6.418
18216;18228;22.873
18228;18226;10.666
18227;18229;3.941
18230;18229;22.538
18228;18231;20.642
18231;18232;21.165
18232;18233;15.152
18233;18229;42.710
18234;18233;9.756
18235;18160;45.983
18236;18235;3.353
18237;18236;3.979
18238;17870;35.572
18239;18237;64.347
18240;18236;26.988
18239;18241;10.340
18240;18241;11.076
18242;17871;34.402
17871;18240;7.198
18239;18243;31.766
18241;18244;11.256
18244;18245;5.028
18246;18243;8.101
18243;18247;9.649
18248;18249;6.658
18249;18245;6.613
18250;18244;14.693
17865;18251;1.576
18245;18252;8.024
18252;18250;6.145
18249;18253;11.111
18254;17855;1.091
18254;18242;32.623
18253;18246;32.433
18253;18255;4.951
18252;18255;5.868
18256;18250;9.831
18255;18256;9.066
18257;18240;16.949
18258;18256;8.309
18257;18258;7.204
18259;18254;10.933
18257;18260;15.044
18260;18259;2.587
18258;18261;3.832
18262;18260;19.304
18259;18262;25.910
18263;18257;13.674
18263;18262;11.737
18246;18264;61.840
18255;18264;35.887
18263;18265;13.221
18266;18263;4.655
18264;18267;26.258
18265;18267;17.567
18266;18268;9.118
18267;18269;8.219
18265;18270;25.803
18271;18266;11.270
18272;8487;1.581
18273;18271;2.289
18267;18274;29.168
18268;18275;7.967
18275;18276;4.249
18277;18273;13.466
18277;18275;34.421
17883;18272;18.804
18278;17882;6.221
18279;18277;53.331
18280;18279;3.127
18281;18280;13.895
18280;18282;5.673
18282;18283;0.680
17885;18284;26.777
18283;18285;27.494
18286;17884;19.317
18287;18286;24.706
18288;18287;0.417
18289;18288;15.934
18290;18289;1.542
18291;18290;3.634
18289;18291;16.696
18290;18292;22.535
18293;18294;28.291
18293;18292;4.193
18292;18295;7.580
18295;18291;1.573
18296;18297;16.166
18285;18298;79.655
18299;18300;29.866
18297;18301;21.087
18302;18303;11.992
18303;18297;24.138
18304;18305;5.943
18306;18307;57.375
18307;18299;15.019
18303;18308;20.914
18301;18308;23.112
18309;18304;16.631
18301;18310;31.670
18310;18307;14.104
18308;18311;6.421
18312;18309;9.496
17887;18295;10.683
18313;18299;42.250
18310;18314;15.479
18315;18313;3.758
18316;18313;4.865
18314;18317;11.326
18318;18316;5.617
18315;18318;4.341
18319;18314;12.239
18319;18316;5.987
18320;18321;120.339
18321;18293;25.406
18298;18322;12.379
18322;18323;0.214
18323;17910;0.136
18324;18321;0.919
17886;18325;0.330
18326;18319;6.541
18326;18318;7.056
18325;18327;0.797
18328;18326;3.158
18329;18315;19.112
18329;18324;3.119
18329;18330;4.324
18331;18328;7.182
18330;18331;4.614
18332;18312;71.506
18333;18332;2.877
18314;18333;22.806
18328;18333;9.150
18327;18334;1.735
18330;18335;5.523
18336;18329;9.546
18333;18337;8.008
18331;18337;13.559
18337;18338;5.248
18336;18339;33.130
18338;18340;9.873
18340;18336;15.923
18341;18340;6.646
18338;18342;15.071
18342;18343;7.326
18344;18345;37.129
18340;18346;5.527
18343;18344;32.418
18343;18347;2.380
18342;18348;3.643
17911;18349;16.667
18348;18350;14.526
18350;18346;5.596
18340;18351;12.995
18351;18352;2.975
18352;18353;4.130
18347;18354;10.284
18346;18355;6.456
18351;18355;5.571
18348;18356;5.961
18354;18357;2.961
18356;18358;10.058
18350;18358;6.995
18357;18359;11.885
18347;18359;8.989
18359;18360;9.612
18356;18360;2.779
18354;18361;17.203
18358;18362;9.240
18355;18362;7.260
18360;18363;20.053
18362;18363;5.549
18364;18352;16.504
18334;18364;54.274
18365;18364;3.520
18349;17912;4.452
18363;18365;11.490
18360;18366;14.327
18366;18367;5.400
18363;18368;8.363
18368;18365;15.993
18366;18369;4.163
18368;18369;15.812
18369;18370;5.021
18368;18371;7.255
18372;18370;4.567
18357;18373;28.150
18370;18373;15.806
18374;18371;5.360
18371;18375;13.189
18368;18376;21.139
18377;18376;4.257
18334;18378;15.464
18379;18373;16.973
18375;18380;9.035
18376;18380;9.767
18380;18381;5.989
18375;18382;23.032
17913;18383;9.971
18384;18379;37.144
18382;18384;38.813
18383;18385;6.435
18386;18387;3.840
18386;18388;7.841
18385;18388;12.215
18388;18389;1.026
18386;18390;10.498
18389;18391;2.191
18392;18391;8.243
18391;18393;4.107
18393;18394;2.948
18395;18396;2.631
18393;18397;1.011
18397;18395;4.906
18397;18398;1.600
18398;18399;5.543
18399;18395;5.673
18400;18401;1.898
18401;18402;2.997
18399;18403;6.749
18389;18403;30.327
18402;18404;1.748
18405;18406;32.407
18406;18398;10.999
18403;18407;3.334
18407;18400;9.371
18408;18407;9.145
18398;18409;3.551
18409;18408;2.828
18408;18410;4.571
18407;18411;9.349
18412;18411;7.806
18409;18413;2.914
18413;18412;4.428
18414;18415;1.099
18416;18414;2.480
18415;17861;3.114
17862;18413;6.216
18417;18412;5.036
18417;18418;4.188
18411;18419;8.399
18413;18420;2.942
18420;18417;4.928
18421;18417;4.428
18420;18422;5.690
18422;18423;9.319
18378;18424;45.939
18424;18425;12.275
18423;18426;13.999
18425;18427;4.793
18428;18425;6.289
18429;18430;47.929
18431;18430;58.178
18432;18429;12.897
18432;18433;28.314
18427;18434;13.572
18435;18429;13.742
18436;18428;9.629
18427;18436;4.544
18436;18434;3.949
18437;18431;9.099
18438;18436;4.804
18439;18428;5.016
18439;18436;5.768
18437;18440;10.838
18441;18440;12.802
17864;18442;13.234
18436;18443;2.766
18438;18443;8.238
18444;18432;18.627
18444;17863;3.682
17858;18439;0.993
18443;18445;0.168
18446;18440;21.771
18446;18432;37.565
18446;18447;12.197
18447;18444;28.368
17860;17857;3.065
18445;17859;0.510
18448;18438;22.741
18434;18448;24.773
18447;18449;8.614
18450;18449;12.367
18451;18437;34.842
18446;18452;22.708
18426;18453;16.146
18449;18454;7.963
18453;18455;0.294
18456;18452;4.429
18457;18451;6.519
18452;18457;13.829
18457;18458;14.736
18459;18448;8.268
18455;18460;36.848
18460;18461;11.866
17881;18459;31.622
18461;18462;33.209
18462;18463;70.875
18464;18462;4.158
18465;18464;0.837
18464;18466;10.729
18467;18465;3.381
18468;18467;2.878
18469;18470;10.862
18471;18472;12.235
18473;18472;3.722
18471;18473;7.600
18474;18468;3.331
18474;18471;6.878
18455;18475;29.215
18465;18476;18.308
18472;18477;5.644
18477;18469;17.665
18477;18478;10.098
18479;18474;2.527
18468;18480;8.811
18480;18474;9.085
18481;18466;17.270
18481;18476;6.849
18482;18479;2.349
18482;18473;7.103
18478;18483;8.118
18483;18469;12.091
18479;18484;4.786
18485;18482;0.994
18478;18483;12.473
18467;18486;21.127
18480;18486;5.848
18487;18485;1.935
18487;18477;9.334
18466;18488;30.738
18488;18481;14.267
18489;18487;1.544
18490;18488;5.560
18469;18491;21.028
18486;18492;4.511
18493;18489;5.461
18494;18485;8.550
18495;18489;6.326
18483;18495;10.012
18476;18496;21.409
18492;18496;5.949
17880;18497;5.562
18497;18498;0.383
18488;18481;37.161
18495;18499;4.095
18497;18500;1.508
18492;18501;13.602
18500;18502;4.033
18500;18503;2.329
18498;18503;13.202
18502;18504;7.885
18503;18504;0.966
18496;17872;36.794
18505;18506;2.322
18504;18507;6.436
18508;18509;14.505
18508;18505;18.879
18510;18508;1.878
18507;18511;14.776
18511;17916;0.324
18507;18512;4.597
18512;18511;2.704
18512;18513;1.545
18511;18513;5.100
18514;18510;26.689
18515;18512;19.896
18513;18515;3.915
18516;18514;30.414
18516;18514;13.510
17917;18517;41.703
18517;18518;37.836
18519;18520;9.378
18521;18516;49.931
18521;18519;13.074
18522;18523;4.740
18522;18521;15.339
18518;18524;19.427
18524;18522;17.024
18521;18525;5.555
18525;18526;2.802
18519;18526;10.124
18520;18527;10.858
18526;18528;9.206
18528;18529;2.431
18520;18529;12.555
18525;18530;7.092
18529;18531;5.820
18527;18531;6.208
18530;18532;6.898
18528;18533;6.066
18532;18534;1.985
18534;18533;2.876
18535;18502;84.973
18530;18536;18.836
18530;18537;8.593
18537;18532;4.212
18531;18538;14.767
18538;18539;0.525
18533;18540;4.276
18537;18534;12.107
17860;18541;113.488
18515;18542;28.129
18542;18543;1.036
18539;18544;59.750
18545;18535;50.673
18475;18546;85.471
18547;18545;12.255
18543;18548;37.053
18544;18549;29.297
18549;18550;3.687
18551;18552;10.828
18550;18553;9.030
18553;18552;4.412
18552;18554;2.862
18555;18553;3.305
18556;18555;3.308
18550;18557;16.597
18558;18546;47.860
18554;18559;7.235
18560;18558;3.207
18555;18561;10.045
18561;18559;5.851
18559;18562;3.700
18563;18564;15.786
18564;18561;3.214
18562;18560;22.891
18565;18564;3.171
18564;18565;10.897
18565;18562;17.341
18546;18566;17.958
18565;18567;14.471
18541;17896;55.219
17897;18568;1.376
18568;18569;1.439
18570;18571;5.599
18566;18572;14.437
18571;18573;14.126
18573;18570;7.146
18574;18573;2.409
18575;18574;15.939
18576;18577;5.076
18578;18579;4.240
18578;18575;1.383
18580;17874;17.584
18580;18578;3.557
17875;18577;8.425
18581;18574;33.021
18582;18575;22.827
18581;18582;9.063
18583;18581;6.484
18584;18580;16.688
18582;18584;5.407
18585;18584;1.826
18585;18586;6.287
18587;18585;3.073
18588;18587;10.259
18589;18576;24.783
18548;18590;40.975
18591;18589;48.253
18590;18592;1.173
18592;18593;0.855
18594;18595;0.358
18596;18597;12.818
18598;18596;1.848
18596;18594;29.859
18599;18600;6.451
18599;18598;5.717
18601;18599;3.357
18592;18602;21.725
18602;18601;3.203
18603;18602;10.860
18593;18604;6.477
18604;18603;9.764
18601;18605;8.788
18606;18547;72.064
18603;18607;10.886
18607;18605;4.709
18605;18608;3.596
18599;18608;10.715
18598;18608;14.096
18608;18609;3.691
18595;18610;16.364
18609;18611;5.806
18611;18612;10.903
18604;18613;3.494
18611;18614;7.502
18608;18615;7.688
18607;18616;8.884
18616;18615;3.101
18613;18617;16.212
18617;18616;9.449
18609;18618;6.053
18619;18591;81.582
18620;18621;9.467
18622;18620;11.264
18623;18622;2.618
18613;18624;9.614
18617;18624;39.252
18625;18622;9.565
18625;18620;11.351
18626;18606;17.593
18627;18625;7.885
18626;18627;1.322
18626;18628;11.860
18628;18629;4.957
18627;18630;8.867
18630;18628;9.657
18629;18631;6.521
18631;18632;24.832
18633;18627;4.378
18629;18634;6.494
18635;18633;5.939
18630;18635;6.965
18633;18636;2.305
18631;18637;9.330
18636;18638;2.208
18636;18639;5.158
18635;18640;5.611
18638;18641;7.997
18640;18642;9.582
18572;18643;40.106
18638;18644;28.698
18635;18644;36.069
18643;18619;56.643
18624;18645;15.000
18610;18646;34.718
18569;18647;64.500
18646;18648;22.348
18648;18649;1.314
18643;18650;17.645
18651;18652;7.701
18652;18653;5.112
18652;18653;17.135
18653;18654;3.891
18649;17918;9.521
18655;18654;16.370
18656;18655;28.256
18655;18657;3.328
17919;18658;3.393
18659;18660;3.993
18654;18659;18.821
18659;18655;11.301
18659;18661;5.306
18657;18662;6.644
18662;18663;3.126
18664;18659;10.722
18657;18664;8.966
18664;18665;5.254
18665;18662;6.071
18662;18666;6.964
18647;17898;18.334
18661;18667;26.340
18658;18668;5.765
18661;18669;11.410
18664;18669;7.420
18668;18667;9.384
18665;18670;5.184
18669;18671;11.428
18670;18671;3.741
18671;18672;4.628
18645;18673;25.623
18673;18674;5.125
18675;18676;23.628
18676;18677;9.751
18674;18678;0.295
18676;18679;16.925
18680;18676;9.243
18650;18681;20.886
18682;18680;4.116
18678;18683;1.678
18684;18685;2.829
18683;18684;5.008
18686;18682;4.702
18683;18687;1.224
18684;18687;5.800
18680;18688;11.654
18685;18689;31.726
18689;18682;23.545
18687;18690;2.752
18691;18689;6.227
18689;17876;17.169
18692;18691;10.009
18690;17888;8.364
18681;18693;21.415
17899;6093;72.120
18693;18694;45.368
18694;18695;1.114
18695;18696;2.062
18694;18696;4.045
18696;18697;1.403
18695;18698;1.148
18697;18698;4.818
18697;18699;4.212
17889;18700;64.666
18700;18701;0.991
18699;18702;49.770
18703;18704;13.612
18705;18703;8.291
18702;18705;107.143
18704;18706;27.942
18701;18707;27.536
18708;18709;9.966
18710;18711;9.514
18711;18712;10.340
18713;18708;17.064
18712;18714;4.288
18715;18713;4.276
18716;18715;3.977
18717;18716;2.072
18711;18718;24.353
18718;18717;1.493
18713;18719;7.118
18714;18720;8.705
18714;18721;8.901
18721;18720;3.862
18722;18712;13.510
18721;18723;1.098
18719;18724;14.779
18724;18708;28.636
18722;18723;6.758
18718;18725;11.355
18726;18715;13.445
18719;18726;8.360
18723;18727;5.309
18720;18727;6.898
18728;18722;4.769
18727;18728;9.060
18727;18729;4.760
18720;18729;8.147
18730;18724;8.929
17879;18726;5.251
18725;18731;8.011
18729;18732;4.367
18718;18733;19.923
18725;18733;7.573
18734;18728;6.770
18732;18735;3.422
18732;18736;2.106
18733;18736;7.236
18731;18737;4.498
18731;18738;8.264
18738;18739;3.049
18740;17878;13.813
17878;18730;6.612
18730;18740;12.200
18736;18741;7.559
18742;18741;4.047
18733;18742;10.117
18727;18743;16.237
18741;18743;7.818
18738;18742;17.350
18740;18744;7.829
18739;18745;10.485
18698;18746;45.568
18706;18747;29.845
17921;18743;18.802
18747;17920;5.955
18746;18748;1.933
18744;17922;2.918
18748;18749;2.975
18746;18749;6.744
18749;18750;2.354
18748;18751;1.481
18750;18751;7.589
18752;18748;10.402
18751;18752;1.742
18752;18753;1.967
18707;17890;26.212
18750;18754;9.959
17891;18755;2.276
18755;18756;4.256
18753;18757;9.661
18757;18758;1.007
18759;18760;3.621
18756;18760;3.719
18761;18762;1.090
18760;18763;0.556
18764;18765;24.480
18764;18754;11.820
18766;18764;1.745
18763;18767;4.026
18763;18768;4.298
18767;18768;7.836
18769;18761;19.372
18760;18770;11.436
18756;18770;14.779
18771;18772;7.658
18766;18772;29.982
18773;18769;2.714
18774;18766;2.045
18774;18769;9.534
18775;18774;1.442
18773;18775;9.620
18776;18767;8.603
18770;18776;9.285
18777;18759;12.633
18768;18777;4.199
18762;18778;16.548
18779;18773;6.046
18779;18778;13.819
18780;18768;10.550
18781;18775;2.338
18782;18779;6.619
17867;18783;38.364
18777;18783;4.935
18776;18784;17.745
18784;18785;16.006
18785;18786;3.600
18787;18783;5.554
18787;18780;13.563
18783;18788;1.804
18772;18789;30.946
18775;18789;21.025
18782;18790;17.252
18778;18790;16.546
18791;18781;5.102
18792;17866;20.608
18788;18792;3.061
18781;18793;15.594
18794;18787;17.019
18794;18780;15.417
18795;18782;12.032
18790;18795;3.519
18796;18793;2.997
18788;18797;6.434
18798;18797;7.010
18799;18798;4.913
18800;18799;3.884
18789;18801;6.591
18801;18796;4.149
18802;18784;21.705
18793;18803;3.546
18803;18791;5.381
18799;18798;6.812
18804;18800;9.839
18804;18794;4.038
18797;18805;4.498
18806;18791;2.747
18795;18806;7.152
18803;18796;10.211
18806;18807;1.527
18790;18808;10.687
18807;18808;10.185
18807;18809;0.694
18810;18803;10.047
18809;18810;1.803
18811;18792;12.009
18797;18811;10.917
18812;18804;8.630
18813;18812;7.673
18814;18812;4.830
18786;18815;38.458
18801;18816;15.915
18810;18816;11.824
18809;18817;2.909
18817;18818;3.199
18819;18785;40.367
18811;18820;6.802
18821;18800;17.736
18820;18822;3.257
18819;18815;51.070
18823;18821;12.107
18812;18823;6.352
18812;18824;10.769
18824;18819;8.030
18824;18823;10.746
18821;18825;5.614
18817;18826;1.416
18827;18826;3.514
18828;18826;0.762
18816;18829;14.486
18825;18830;6.196
18758;18831;12.171
18832;18828;4.499
18820;18833;6.708
18830;18833;7.111
18823;18834;6.816
18792;18835;14.718
18825;18836;8.405
18834;18836;10.307
18816;18837;11.166
18833;18838;3.794
18808;18839;18.098
18831;18840;0.876
18837;18841;13.310
18828;18841;2.152
18833;18835;34.827
18836;18842;4.991
18834;18843;5.243
18841;18844;1.659
18839;18844;5.287
18841;18845;4.477
18838;18846;5.066
18830;18847;9.374
18842;18847;6.075
18848;18846;7.313
18838;18848;7.541
18835;18849;2.232
18846;18850;15.271
18847;18848;7.359
18850;18851;13.685
18851;18849;7.122
18839;18852;9.899
18853;18852;10.207
18844;18854;2.432
18842;18855;20.835
18837;18854;23.940
18849;17892;3.798
18854;18856;12.292
18852;18856;11.471
18854;18857;4.644
18856;18857;4.514
17893;18858;5.894
18840;18859;11.280
18857;18860;10.727
18859;18861;0.919
18860;18862;5.676
18861;18863;4.830
18862;18864;1.624
18863;18864;8.431
18863;18865;2.052
18864;18865;5.013
18865;18866;1.036
18866;18864;6.176
18858;18867;10.635
17923;17924;66.159
18865;18868;13.773
18866;18868;3.163
17925;17926;0.781
17927;18869;3.861
18870;18869;3.407
18871;18872;1.101
18868;18873;4.057
18862;18873;12.157
18874;18870;8.112
18872;18874;6.646
18875;18874;2.859
18876;18875;4.393
18874;18877;27.928
18877;18876;10.496
18878;18877;20.626
18879;18875;5.234
18880;18876;10.700
18881;18879;5.325
18879;18882;10.062
18877;18883;11.719
18883;18884;4.868
18882;18885;14.124
18886;18887;16.503
18883;18887;7.322
18887;18888;6.922
18887;18889;8.091
18873;18890;37.425
18867;18891;79.578
18890;18892;31.205
18892;18893;0.355
18893;18894;5.874
18894;18895;18.835
18895;18896;0.685
18896;18897;33.242
18891;18898;68.463
18898;18899;5.890
18897;18900;12.280
18899;18901;4.646
18900;17914;3.009
17915;18902;8.513
18902;18903;17.430
18903;42;10.258
18903;45;4.284
18904;47;21.878
18905;18906;5.683
18906;18907;1.704
18907;18904;6.877
50;51;5.210
18901;18908;77.193
18908;17947;0.528
6280;17934;57.039
17936;17932;0.602
52;18909;45.019
18909;18910;9.160
18910;82;6.372
17137;17929;22.976
17932;17938;26.308
18909;18911;13.642
18912;18913;11.689
18914;18912;3.751
18915;18914;8.482
18916;18915;10.476
18917;18914;3.052
18914;18918;7.888
18919;18917;4.738
18918;18920;10.080
17941;18921;10.886
18922;18917;11.305
18922;18916;15.054
18923;18922;2.872
18924;18923;2.517
18925;18926;5.518
18918;18925;11.770
18925;18927;4.260
18922;18927;7.113
18928;18924;7.024
18928;18916;16.224
18928;18929;15.590
18929;18930;32.282
18931;18932;8.394
18933;18929;3.314
18933;18931;3.281
18924;18934;5.790
18935;18928;5.459
18936;18935;2.804
18921;18937;11.037
18927;18938;8.062
18923;18938;13.933
18939;18936;7.296
18939;18933;6.912
18937;18940;3.129
18941;18937;5.841
18940;18942;1.226
18941;18943;6.249
18943;18944;4.326
18944;18941;3.145
18945;18943;11.427
18940;18946;35.324
18946;18927;16.317
18938;18947;14.935
18947;18935;14.079
18947;18948;4.217
18948;18936;13.273
18942;18949;7.080
18950;18944;5.011
18949;18951;2.885
18946;18951;4.367
18950;18952;6.224
18940;18952;11.710
18948;18953;15.250
18953;18939;14.074
18951;18954;1.969
18947;18954;10.123
18952;18955;6.231
18942;18955;13.026
18954;18956;2.022
18956;18947;9.678
18957;18951;5.460
18953;18958;4.660
18959;18950;8.451
18955;18960;18.847
18949;18960;9.793
18960;18957;12.455
18956;18961;7.330
18958;18961;4.354
18962;18957;8.689
18962;18956;7.605
18961;18963;1.476
18958;18963;5.403
18962;18964;6.937
18963;18965;2.714
18960;18966;27.577
18966;18962;12.347
18966;18961;28.017
18967;18966;6.868
18965;18968;19.947
17895;18969;8.972
18911;18970;30.812
18968;18971;10.005
18970;18972;12.098
18969;18973;19.154
18971;18974;23.921
18974;18975;0.314
18975;18976;15.490
18972;18977;19.212
18977;18978;3.931
18979;18980;8.992
18976;18981;9.640
18981;18982;17.251
18983;18980;21.570
18984;18985;5.400
18985;18983;7.933
18986;18983;8.111
18985;18987;9.258
18985;18988;4.820
18988;18986;9.919
18988;18989;2.127
18973;18990;36.836
18989;18991;5.364
18989;18992;2.725
18992;18993;5.866
18990;18994;0.984
18992;18995;3.253
18995;18996;7.973
18997;18986;16.531
18995;18998;5.086
18998;18999;2.590
19000;18999;6.102
18998;19001;10.462
19002;18997;7.708
19003;19002;6.990
19003;18997;8.650
18999;19004;5.795
19004;19002;8.019
18980;19005;44.491
19001;19005;7.951
19004;19001;13.400
19006;19003;2.193
19006;19007;9.291
18978;19008;4.548
19008;19007;17.087
19004;19009;1.943
19009;19010;13.460
19010;19006;3.144
19010;19011;4.414
19007;19011;6.092
19005;19012;6.945
19013;19012;10.117
19014;19013;4.760
19010;19015;3.556
19011;19015;4.789
19015;19016;6.231
19017;19013;9.507
19009;19017;7.538
19016;19017;6.285
19015;19018;3.374
19019;19016;4.242
19019;19018;6.489
19017;19020;5.100
19020;19019;4.886
19018;19021;4.620
19012;19022;11.667
19023;19022;16.452
19020;19024;6.049
19021;19024;11.086
19024;19025;1.851
19025;19026;2.359
19026;19027;1.882
19007;19028;8.755
19026;19029;5.401
19025;19030;4.724
19027;19031;13.724
19027;19031;9.960
19030;19032;13.516
19021;19032;12.454
19028;19032;7.208
19031;19033;2.157
19030;19034;2.790
19012;19035;36.155
19022;19036;12.536
19033;19036;2.682
19037;19032;4.373
19034;19038;4.884
19032;19038;11.614
19036;19039;23.230
19038;19040;2.267
19039;19041;5.922
19040;19042;2.606
19034;19043;12.355
19042;19043;4.966
19043;19033;12.229
19035;19044;9.269
19041;19044;9.117
19038;19045;4.246
19046;19042;8.273
19040;19046;5.176
18994;17928;23.877
19047;19046;14.530
19028;19047;13.255
19047;19048;5.789
18982;19049;106.897
19049;19050;3.982
19050;19051;19.183
19051;19052;5.046
19052;19053;14.075
19048;19054;58.096
19055;19056;0.293
19054;19057;9.936
19056;19058;29.271
19059;19054;10.225
19060;19061;2.789
19062;19060;0.346
19057;19062;5.119
19061;19063;2.198
19057;19064;1.481
19064;19060;2.529
19065;19066;11.206
19064;19067;0.248
19063;19067;2.383
19068;19059;1.306
19068;19064;0.757
19069;19068;0.243
19070;19065;2.037
19069;19071;2.247
19072;19059;5.336
19072;19068;3.309
19071;19072;1.447
19058;19072;9.160
19067;19073;1.489
19063;19073;4.724
19074;19071;5.422
19074;19069;1.435
19053;19075;17.556
19066;19076;10.187
19076;19077;10.034
19078;19070;19.030
19079;19074;9.068
19073;19079;9.007
19077;19055;57.303
19075;19080;13.028
19080;19078;22.035
19061;19081;57.564
19081;122;27.184
19079;19082;18.235
19082;7954;5.246
17241;19078;32.972
19083;19084;1.807
19085;19086;0.537
19087;19088;0.619
19089;19090;0.507
19094;19096;9.186
19096;19097;20.794
19096;19098;9.386
19098;19099;19.790
19098;19100;3.456
19101;19102;6.767
19100;19103;5.905
19103;19104;18.404
19091;2579;56.024
19100;19105;5.872
19106;19100;13.264
2584;19092;56.109
19102;19107;15.230
19102;19108;14.354
19109;19107;12.131
19110;19106;12.579
19095;19111;11.006
19108;19112;5.533
19112;19109;5.314
19103;19113;28.563
19108;19113;8.463
19107;19114;14.320
19115;19106;17.365
19105;19115;14.648
19116;19110;12.464
19117;19113;4.597
19118;19109;15.032
19119;19118;2.613
19119;19114;9.954
19117;19120;6.179
19114;19121;10.562
19121;19111;24.965
19112;19122;15.538
19118;19122;6.640
19115;19123;9.057
19122;19124;3.279
19124;19119;6.010
19125;19116;12.553
19126;19120;6.551
19105;19127;34.144
19120;19127;7.973
19128;19121;7.472
19111;19128;11.469
19129;19117;15.496
19127;19130;3.514
19130;19126;6.400
19131;19129;3.735
19132;19129;2.458
19132;19124;11.473
19130;19133;2.201
19134;19126;9.286
19134;19131;3.022
19135;19132;3.236
19136;19110;34.904
19123;19136;11.214
19137;19134;3.890
19133;19138;9.486
19139;19131;5.632
19135;19139;4.362
19140;19123;18.728
19138;19140;2.345
19133;19141;5.802
19141;19137;4.582
19141;19142;7.116
19128;19143;9.187
19140;19144;3.443
19138;19145;2.333
19142;19145;4.467
19124;19146;15.152
19128;19146;5.076
19137;19147;5.647
19139;19147;6.177
19144;19148;4.285
19147;19149;1.781
19136;19150;6.673
19148;19150;2.593
19145;19151;4.786
19141;19152;7.000
19152;19149;6.279
19153;19144;5.863
19135;19154;11.875
19146;19154;3.282
19149;19155;6.151
19154;19155;11.657
19156;19116;40.710
19150;19156;8.671
19152;19157;3.861
19157;19155;7.782
19158;19142;10.547
19159;19157;6.385
19158;19159;6.333
19148;19158;20.043
19159;19160;5.038
19161;19157;8.015
19161;19162;10.325
19154;19162;4.774
19163;19161;2.607
19162;19164;0.568
19165;19166;27.315
19165;19095;86.331
19154;19167;16.719
19167;19168;4.114
19169;19160;8.674
19170;19125;44.574
19156;19170;13.046
19171;19163;5.607
19164;19171;0.754
19172;19165;4.720
19160;19173;8.095
19163;19173;7.189
19170;19174;4.926
19175;19172;9.596
19169;19176;11.121
19173;19176;4.516
19164;19177;13.443
19177;19167;8.639
19172;19178;5.441
19146;19179;30.671
19179;19175;2.708
19177;19180;2.797
19181;19174;6.729
19181;19169;15.320
19167;19182;13.165
19182;19179;5.307
19175;19183;4.740
19183;19178;6.933
19176;19184;8.623
19171;19184;4.135
19185;19180;5.393
19180;19186;6.138
19186;19187;3.781
19187;19182;4.248
19184;19188;0.668
19187;19189;6.266
19182;19189;4.395
19189;19183;7.566
19190;19186;9.404
19189;19191;4.392
19190;19188;18.733
19190;19192;1.449
19174;19193;9.424
19194;19181;8.840
19188;19194;4.525
19191;19195;11.023
19178;19195;15.054
19196;19197;9.967
19195;19198;3.359
19199;19193;6.071
19192;19200;16.316
19200;19191;17.150
19201;19202;13.600
19196;19201;8.583
19194;19203;16.896
19192;19203;22.284
19204;19201;3.633
19204;19196;9.245
19205;19204;4.157
19203;19206;10.148
19206;19200;21.597
19207;19199;30.658
19198;19208;18.380
19198;19209;21.550
19201;19210;25.524
19206;19208;36.505
19211;19210;22.676
19211;19205;12.245
19212;19211;6.596
19213;19214;4.795
19215;19213;12.430
19216;19212;3.211
19214;19216;4.562
19215;19217;2.157
19218;19219;7.938
19210;19218;26.356
19220;19215;6.835
19221;19214;5.855
19217;19221;4.102
19222;19216;5.891
19221;19222;1.553
19223;19212;7.410
19222;19223;1.425
19208;19224;15.778
19225;19220;46.881
19226;19211;11.321
19223;19226;4.655
19227;19218;16.244
19226;19227;26.251
19228;19220;6.568
19222;19229;6.109
19217;19230;11.893
19228;19230;6.450
19224;19231;17.327
19209;19231;19.639
19224;19232;6.291
19229;19233;10.580
19234;19227;27.128
19226;19234;7.610
19233;19234;8.442
19232;19235;3.777
19236;19228;6.885
19237;19238;9.820
19230;19239;6.796
19239;19236;7.168
19233;19240;6.279
19238;19241;8.251
19229;19242;10.996
19235;19243;17.468
19231;19243;8.657
19244;19239;11.250
19245;19239;6.240
19245;19236;6.574
19242;19246;1.952
19246;19244;2.525
19241;19247;19.447
19240;19248;9.006
19242;19248;5.460
19232;19249;23.634
19240;19250;7.315
19248;19251;2.110
19250;19251;7.032
19252;19245;5.967
19252;19253;3.284
19194;19254;14.914
19255;19244;7.253
19215;19237;53.244
19255;19252;13.695
19251;19256;4.387
19256;19255;5.740
19234;19257;16.035
19250;19257;6.598
19257;19258;2.935
19259;19256;8.140
19258;19259;4.338
19247;19260;8.168
19258;19261;6.065
19261;19259;5.502
19262;19207;25.550
19243;19263;25.305
19235;19264;31.056
19243;19264;39.488
19264;19265;6.210
19261;19266;14.804
19254;19267;11.910
19260;19268;22.543
19269;19262;16.637
19268;19269;9.691
19270;19271;16.611
19272;19093;141.099
19270;19273;87.408
19273;19270;30.483
19274;19275;49.263
19274;19273;9.685
19272;19276;6.305
19276;19274;4.597
19276;19277;5.145
19277;19278;6.771
19277;19279;1.616
19280;19279;3.520
19281;19282;9.055
19278;19282;2.851
19283;19284;21.926
19285;19283;4.741
19279;19286;2.227
19286;19287;4.864
19287;19288;9.812
19288;19285;9.445
19289;19278;11.339
19289;19286;2.657
19290;19289;2.029
19283;19291;7.341
19282;19292;13.598
19290;19293;3.618
19288;19294;9.002
19285;19294;13.267
19286;19295;3.231
19292;19296;8.381
19287;19297;11.922
19297;19298;1.973
19299;19290;9.900
19300;19298;9.858
19295;19301;1.487
19301;19297;3.937
19295;19302;7.731
19298;19300;3.718
19294;19303;6.350
19304;19303;8.087
19292;19305;15.804
19301;19306;1.689
19303;19307;5.343
19307;19308;2.982
19309;19310;5.183
19306;19309;3.959
19311;19300;7.724
19311;19312;2.185
19312;19313;4.799
19312;19307;13.356
19306;19314;1.824
19314;19311;6.016
19267;19315;38.966
19314;19316;3.310
19309;19317;12.234
19316;19318;18.188
19315;19319;13.201
19318;19320;4.582
19320;19321;34.712
19321;19322;2.580
19322;19323;8.011
19323;8759;4.282
19084;19323;5.999
10685;19083;1.856
19319;19085;66.186
19086;19324;7.096
19324;19325;15.827
19325;19326;1.519
19325;19327;3.634
19328;19329;0.630
19329;10732;0.535
19326;19330;17.114
19330;19331;5.984
19331;19328;64.185
19327;19332;11.400
19333;19334;25.285
19335;19336;5.582
19332;19336;1.063
19336;19337;1.504
19337;19326;43.073
19332;19338;19.248
19339;19333;8.795
19338;19339;7.400
19336;19340;2.912
19340;19341;5.532
19339;19342;10.900
19343;19339;10.092
19338;19343;13.554
19344;19343;10.224
19340;19344;3.266
19343;19345;2.712
19346;19342;8.278
19345;19346;5.812
19337;19347;26.015
19345;19348;4.268
19344;19349;3.188
19350;19351;6.520
19342;19351;11.370
19346;19352;10.742
19348;19353;7.689
19349;19353;1.363
19348;19354;7.606
19352;19355;2.767
19356;19357;37.066
19333;19356;37.670
19358;19356;2.288
19359;19358;7.076
19351;19359;5.539
19349;19360;9.018
19353;19361;1.410
19352;19362;6.129
19354;19362;3.192
19360;19363;22.249
19361;19360;15.470
19359;19364;3.466
19355;19364;8.379
19354;19365;9.432
19361;19365;1.397
19355;19366;9.252
19367;19358;11.888
19364;19367;5.298
19366;19367;2.801
19366;19368;8.990
19362;19368;10.872
19369;19367;12.421
19368;19369;7.241
19370;19369;7.688
19365;19370;7.496
19370;19371;10.366
19370;19372;3.991
19372;19373;0.497
19373;19374;7.696
7605;19375;12.931
19375;19376;0.458
19374;19377;40.308
19376;19378;24.926
19378;19379;3.675
19379;19380;0.495
19380;19381;1.091
19381;19382;0.819
19382;19383;19.185
19383;19384;10.881
19385;19386;9.253
19387;19385;8.197
19387;19388;6.448
19388;19389;3.269
19390;19387;10.524
19390;19389;6.322
19385;19391;18.059
19388;19392;10.347
19391;19392;4.388
19389;19393;4.353
19392;19393;3.089
19394;19395;14.849
19394;19390;10.189
19391;19396;8.932
19396;19397;8.744
19392;19398;8.123
19398;19396;2.693
19390;19399;15.662
19393;19399;9.971
19399;19400;10.166
19400;19401;4.899
19400;19402;4.899
19401;19402;3.459
19401;19403;5.932
19384;19404;26.999
19377;19404;64.652
19397;19405;30.852
19402;19406;5.566
19403;19406;8.268
19403;19407;4.248
19398;19407;25.108
19408;19394;31.175
19406;19408;2.963
19409;19408;16.229
19407;19409;4.662
19404;19410;5.253
19409;19411;1.910
19090;19412;6.037
19411;19413;1.167
19413;19089;1.675
19410;19414;6.530
19414;19415;0.269
19416;19415;2.305
19417;19416;18.286
19418;19417;1.701
19419;19418;4.715
19420;19419;15.899
19412;19420;35.637
19415;19421;11.005
19422;19423;4.123
19421;19087;41.526
19088;19424;0.479
19423;19425;6.390
19425;19426;4.516
19422;19424;33.116
19426;15885;26.408
19427;19428;2.172
19429;19427;1.359
19428;19430;5.528
19430;19431;0.648
19432;19433;0.724
19434;19435;46.049
19436;19437;60.670
19437;19438;24.615
19431;19439;5.644
19435;19429;18.302
19436;19440;3.823
19440;19441;11.254
19442;19443;16.922
19443;19444;11.918
19445;19446;12.514
19445;19443;11.260
19447;19445;5.635
19447;19448;22.778
19449;19450;4.627
19451;19452;15.051
19453;19454;1.912
19455;19456;1.903
19457;19458;15.541
19458;19459;2.772
19458;19460;8.249
19461;19460;4.157
19461;19462;3.306
19461;19463;22.901
19464;19460;10.545
19464;19462;11.314
19462;19465;14.840
19466;19464;7.208
19466;19467;8.195
19467;19468;14.904
19467;19449;19.058
19463;19458;14.300
19463;19469;22.923
19470;19466;7.100
19465;19470;8.653
19471;19472;3.501
19473;19474;23.276
19475;19476;16.089
19475;19474;2.173
19475;19477;6.451
19478;19473;8.297
19474;19479;17.405
19480;19481;3.166
19477;19480;1.339
19477;19482;12.436
19483;19484;8.597
19484;19485;4.737
19484;19486;9.586
19479;19487;11.505
19488;19489;4.840
19444;19441;11.046
19490;19491;5.850
19446;19442;12.549
19492;19450;8.608
19455;19493;14.121
19494;19432;34.516
19495;19496;9.727
19497;19498;3.558
19427;19429;1.438
19499;19495;1.209
19429;19500;8.420
19442;19429;2.912
19501;19442;2.537
19440;19501;5.753
19441;19502;7.501
19490;19501;13.560
19444;19490;2.944
19500;19447;16.151
19446;19500;3.559
19450;19503;20.902
19449;19470;8.039
19492;19465;6.731
19469;19492;2.659
19452;19504;8.403
19497;19505;9.858
19454;19497;2.193
19456;19506;12.379
19472;19473;8.299
19482;19479;8.340
19485;19480;6.386
19507;19508;12.662
19489;19507;4.209
19509;19459;4.789
19510;19509;3.451
19433;19510;22.549
19483;19481;1.319
19496;19483;12.909
19511;19499;44.311
19498;19511;3.539
19512;19453;8.684
19439;19512;49.191
19513;19514;14.045
19515;19516;22.571
19517;19516;12.581
19518;19519;11.310
19520;19521;15.685
19514;19522;2.191
19523;19524;111.564
19525;19526;13.304
19527;19525;13.420
19523;19528;7.268
19527;19526;1.893
19529;19530;6.452
19531;19529;3.625
19532;19533;10.930
19534;19533;3.365
19535;19536;20.704
19537;19538;3.201
19539;19540;5.751
19526;19537;10.262
19535;19527;4.603
19541;19542;11.587
19541;19543;8.653
19542;19515;27.566
19544;19543;10.313
19517;19515;11.990
19542;19517;8.924
19545;19546;8.216
19529;19547;14.910
19535;19523;13.324
19533;19548;10.409
19549;19531;15.396
19513;19549;3.379
19549;19545;4.984
19545;19532;15.107
19550;19531;8.810
19551;19552;7.217
19551;19553;9.402
19551;19532;1.971
19541;19525;3.223
19537;19554;2.238
19539;19555;6.392
19555;19556;11.062
19524;19555;17.122
19543;19542;9.023
19516;19539;11.298
19557;19516;53.952
19558;19557;11.834
19519;13095;0.243
19519;19559;6.323
19518;19519;3.373
13094;19518;11.507
19522;19520;0.681
19560;19522;34.278
19561;19560;6.368
19562;19561;2.133
19564;19563;96.348
19520;19514;2.858
19565;19566;33.412
19567;19568;14.012
19569;19570;21.729
19571;19572;8.609
19573;19571;19.797
19574;19569;4.322
19575;19571;2.500
19576;19574;17.449
19575;19576;11.307
19577;19569;16.633
19574;19577;12.516
19576;19578;15.704
19579;19575;21.425
19580;19581;10.519
19582;19580;1.831
19583;19584;9.577
19583;19585;3.121
19583;19586;0.675
19585;19586;3.372
19587;19588;5.833
19589;19590;26.236
19589;19591;13.510
19592;19593;4.020
19586;19594;0.647
19595;19589;7.500
19596;19597;6.816
19594;19598;4.858
19598;19599;2.394
19600;19594;5.070
19600;19598;3.775
19599;19601;4.618
19599;19602;7.510
19602;19601;7.272
19601;19603;1.632
19604;19600;5.144
19603;19604;3.516
19605;19591;28.656
19606;19604;5.070
19603;19606;5.620
19607;19565;17.095
19608;19609;171.616
19610;19608;16.150
19611;19612;92.654
19613;19567;25.990
19614;19567;14.525
19614;19615;1.126
19615;19616;0.749
19616;19617;0.943
19618;19615;2.009
19618;19616;1.559
19616;19619;1.537
19617;19619;3.287
19567;19566;5.041
19620;19618;1.457
19619;19620;1.542
19621;19622;2.695
19624;19625;7.023
19626;19627;18.173
19628;19629;9.023
19630;19627;9.470
19631;19632;31.457
19633;19630;3.618
19634;19631;6.938
19635;19628;10.882
19636;19634;4.350
19634;19636;4.704
19636;19631;1.015
19637;19633;6.199
19633;19638;3.826
19639;19630;7.119
19640;19641;10.830
19642;19640;3.748
19642;19637;6.029
19640;19621;5.190
19643;19636;1.309
19627;19644;12.401
19622;19634;21.124
19645;19646;7.511
19644;19646;2.701
19644;19647;8.285
19647;19637;9.519
19648;19634;14.584
19648;19643;1.305
19647;19649;2.519
19646;19650;6.927
19650;19649;2.921
19649;19651;7.808
19651;19642;15.751
19652;19653;10.966
19650;19652;4.650
19652;19654;2.206
19651;19655;2.638
19654;19656;4.730
19655;19656;3.189
19657;19655;6.402
19654;19658;8.119
19656;19658;7.023
19658;19659;7.539
19658;19660;20.595
19661;19662;24.433
19663;19664;1.231
19623;19648;23.338
19665;19434;58.169
19666;19667;20.467
19668;19666;8.904
19669;19668;8.709
19666;19670;5.049
19671;19672;3.822
19673;19668;10.013
19672;19673;11.600
19674;19607;14.748
19675;19673;12.238
19676;19677;0.440
19677;19678;0.230
19679;19680;4.954
19681;19682;4.903
19683;19684;1.791
19685;19686;6.199
19687;19688;7.135
19689;19690;8.586
19691;19692;1.029
19693;19694;13.890
19695;19696;1.497
19697;19698;1.764
19699;19700;0.741
19701;19702;4.442
19703;19704;0.409
19704;19705;0.266
19609;19706;3.335
19602;19592;3.658
19707;19708;1.224
19709;19710;5.219
19711;19712;2.403
19713;19714;2.318
19715;19716;1.073
19717;19718;3.350
19719;19720;0.639
19721;19722;0.482
19723;19724;2.250
19725;19726;3.071
19727;19728;1.212
19729;19730;7.714
19704;19731;1.394
19732;10020;0.633
19733;19732;5.429
19734;19733;2.920
19735;19734;28.965
19736;19735;6.000
19737;19738;11.335
19739;19738;8.573
19740;19739;4.968
19741;19738;6.560
19741;19740;6.118
19742;19740;8.527
19743;19742;9.687
19743;19744;15.638
19745;19746;7.480
19745;19747;3.956
19747;19741;8.305
19747;19748;5.135
19748;19742;5.607
19749;19745;13.418
19748;19750;5.199
19751;19747;6.967
19751;19752;18.020
19753;19736;40.349
19754;19753;18.257
19755;19754;6.052
19744;19756;29.067
19752;19757;13.341
19757;19758;0.390
19759;19760;4.811
19759;19761;8.219
19761;19762;10.330
19762;19763;25.181
19764;19765;6.276
19764;19766;7.915
19767;19768;9.362
19767;19764;0.621
19767;19769;9.060
19770;19771;9.287
19771;19759;24.902
19761;19772;12.780
19772;19762;9.686
19757;19773;45.056
19773;19744;27.468
19773;19756;16.253
19771;19772;17.383
19774;19771;5.403
19775;19776;23.463
19766;19777;8.133
19769;19778;7.103
19779;19766;7.868
19779;19777;3.017
19780;19762;11.849
19758;19775;30.943
19778;19781;8.382
19781;19779;0.978
19772;19782;4.968
19777;19783;2.847
19780;19782;7.580
19784;19780;9.881
19785;19778;5.422
19785;19781;1.605
19783;19786;0.627
19776;19786;4.199
19787;19782;6.169
19788;19785;6.412
19786;19789;3.109
19756;19790;51.033
19789;19791;3.644
19792;19755;24.229
19793;19794;19.674
19793;19795;29.440
19796;19797;13.102
19796;19795;2.055
19798;19795;7.198
19798;19793;29.150
19799;19796;8.306
19799;19798;4.988
19800;19801;31.208
19801;19799;11.134
19802;19799;1.075
19801;19803;5.511
19804;19792;9.994
19805;19802;2.115
19806;19805;8.620
19807;19806;9.735
19803;19808;10.884
19808;19809;1.839
19809;19802;12.127
19810;19806;9.646
19808;19811;5.982
19803;19812;32.734
19813;19791;20.437
19809;19814;15.402
19814;19805;6.672
19811;19815;43.073
19811;19816;11.322
19790;19817;23.244
19817;19818;1.552
19814;19819;6.001
19758;19820;39.100
19818;19821;6.135
19821;19822;7.774
19822;19823;2.813
19820;19824;7.671
19823;19825;8.921
19826;19827;14.964
19826;19823;21.740
19825;19826;6.374
19822;19828;19.625
19825;19829;11.382
19829;19828;3.254
19830;19826;11.784
19829;19830;7.632
19831;19832;6.509
19828;19833;14.418
19833;19831;3.192
19830;19834;5.370
19835;19834;0.889
19833;19835;1.904
19834;19836;15.275
19837;19836;34.805
19838;19835;12.741
19836;19839;12.757
19839;19838;7.820
19838;19840;9.750
19840;19831;30.923
19839;19840;11.844
19840;19841;7.055
19832;19842;28.812
19712;19842;7.356
19843;19804;55.640
19711;19844;9.916
19845;19846;0.343
19824;19847;50.312
19848;19843;18.954
19848;19849;7.479
19850;19849;10.330
19847;19851;9.519
19690;19852;32.121
19853;19689;3.926
19853;19723;1.074
19854;19855;13.788
19849;19856;42.158
19849;19857;19.299
19857;19858;23.343
19846;19859;55.370
19860;19690;33.733
19856;19861;11.497
19855;19862;12.842
19859;19863;8.587
19861;19857;19.477
19864;19865;14.685
19724;19866;40.765
19860;19867;7.728
19859;19868;3.772
19863;19868;6.671
19857;19869;3.633
19870;19871;4.010
19870;19867;6.729
19872;19869;15.861
19844;19873;33.115
19866;19873;2.298
19867;19874;14.485
19855;19874;17.291
19875;19861;11.847
19865;19876;34.913
19869;19875;25.303
19874;19877;6.918
19856;19878;19.056
19875;19878;12.549
19877;19879;10.280
19874;19880;7.227
19879;19881;14.044
19876;19882;10.791
19880;19883;5.080
19883;19877;7.332
19884;19870;19.771
19883;19885;12.422
19885;19879;6.267
19886;19885;15.170
19881;19886;3.593
19878;19887;28.187
19868;19888;8.167
19889;19886;14.927
19851;19890;16.571
19880;19891;7.312
19869;19892;7.735
19893;19865;40.997
19888;19893;13.685
19894;19890;4.878
19894;19895;2.078
19890;19895;5.587
19885;19896;30.223
19888;19897;3.105
19898;19893;19.752
19898;19897;9.056
19899;19894;9.795
19897;19900;1.640
19901;19813;98.360
19901;19899;3.125
19873;19902;9.808
19903;19898;7.192
19900;19903;9.627
19904;19902;1.482
19905;19494;49.284
19900;19703;2.073
19892;19906;31.171
19907;19903;5.537
19908;19845;28.570
19909;19907;1.895
19907;19910;15.768
19705;19910;0.290
19911;19901;3.904
19702;19911;1.602
19912;19909;11.505
19913;19914;8.630
19913;19904;6.417
19915;19912;6.050
19731;19916;10.025
19912;19917;11.635
19917;19909;7.528
19916;19918;1.351
19918;19701;2.327
19914;19919;11.718
19910;19920;3.022
19916;19920;3.089
19904;19921;7.253
19919;19922;0.540
19920;19923;1.169
19918;19923;3.843
19895;19924;15.620
19925;19913;6.521
19925;19921;5.392
19913;19926;8.758
19927;19925;1.034
19921;19927;7.293
19923;19928;3.075
19892;19929;20.188
19930;19917;15.060
19928;19930;14.861
19931;19927;3.040
19932;19933;18.926
19934;19932;18.327
19932;19935;13.533
19936;19931;5.974
19937;19931;16.439
19938;19939;8.563
19939;19932;5.538
19940;19939;12.819
19924;19727;7.770
19928;19941;8.478
19930;19941;34.700
19728;19942;6.113
19942;19943;3.692
19728;19943;26.622
19943;19932;24.025
19945;19942;9.673
19945;19943;6.128
19943;19946;2.091
19947;19945;2.999
19948;19946;10.003
19949;19947;29.705
19950;19947;15.746
19951;19945;19.846
19946;19951;5.240
19819;19952;113.694
19951;19953;2.734
19521;19722;22.801
19954;19955;21.495
19922;19956;18.990
19955;19721;19.758
19957;19954;5.393
19957;19958;3.322
19959;19957;3.814
19960;19956;3.567
19714;19960;0.852
19960;19961;1.673
19956;19961;1.085
19953;19713;11.267
19961;19714;2.501
19962;19957;6.959
19944;19562;62.127
19963;19714;8.283
19961;19963;2.474
19964;19962;11.512
19965;19962;27.762
19966;19965;21.591
19966;19965;13.765
19967;19966;23.320
19968;19967;17.317
19968;19969;19.398
19963;19970;7.906
19438;19908;34.680
19952;19971;20.317
19972;19967;18.711
19968;19973;19.916
19969;19973;22.660
19685;19974;17.283
19929;19685;41.222
19974;19975;29.055
19686;19976;1.693
19973;19977;18.485
19976;19687;1.294
19978;19675;36.857
19979;19675;9.277
19979;19980;4.364
19672;19980;21.794
19980;19981;17.257
19936;19706;54.118
19706;19982;0.549
19983;19984;55.978
19984;19977;17.633
19982;19609;2.845
19985;19986;26.517
19987;19905;56.602
19971;19988;12.082
19989;19979;9.094
19990;19941;36.806
19987;19991;3.182
19992;19984;26.247
19977;19992;24.493
19688;19993;9.576
19994;19995;19.064
19993;19994;1.901
19988;19700;3.103
19991;19996;14.565
19991;19997;3.913
19997;19996;10.698
19998;19699;0.621
19982;19999;10.806
20000;19959;86.236
20000;19998;3.090
20001;20000;0.966
19998;20001;3.251
20002;20003;5.336
19970;19990;42.507
19994;20004;7.509
19684;20005;0.031
20006;20007;2.768
19996;20006;41.436
20008;20006;16.931
20003;20001;18.739
19997;20009;7.886
20007;20009;25.076
20007;19697;2.250
20008;20010;16.177
19696;20009;0.367
19999;20011;23.118
20012;20002;12.548
19698;20013;1.091
19683;20014;9.194
20015;20016;27.374
20015;20012;6.719
20017;20015;1.046
20017;19695;0.793
20018;20015;2.774
20019;20017;1.696
20020;20013;24.750
20021;20020;7.420
20019;20022;26.228
20013;20022;6.726
20011;20023;6.743
20020;20024;15.268
20018;20025;11.678
20022;20026;2.922
20024;20026;5.843
20027;20019;2.972
20026;20028;2.163
20014;20029;15.937
20028;20030;5.106
20024;20030;6.398
20031;20018;14.724
20027;20031;5.912
20014;20032;17.278
20032;20033;9.138
20032;20034;0.646
20035;20027;6.906
20028;20035;8.565
20031;20036;7.473
20023;20037;27.272
20037;20038;40.749
20039;20040;21.742
20040;20037;59.081
20041;20035;9.242
20030;20041;21.039
20037;20042;4.046
20042;20043;1.905
20043;20044;14.589
20043;20045;1.699
20045;20046;0.811
20044;20046;8.590
20046;20047;4.815
20044;20047;17.886
20048;20039;4.853
20047;20049;1.786
20050;20049;16.645
20051;20052;38.942
20049;20053;1.919
20053;20051;2.044
20029;20054;4.129
20054;20055;21.419
20034;20056;18.186
20042;20057;5.742
20058;20029;23.758
20052;20059;16.731
20055;20059;1.955
20051;20059;13.430
20060;20045;6.201
20057;20060;9.133
20055;20061;4.553
20061;20058;68.001
20062;20063;1.713
20061;20064;2.477
20040;20048;59.762
20065;20058;11.234
20034;20065;38.346
20066;20048;14.663
20067;20068;75.263
19611;20064;18.864
20064;20069;20.554
20070;20065;16.266
20071;20041;14.514
20072;19665;21.836
19584;20071;2.418
20073;20060;20.626
20073;20053;31.811
20057;20074;21.708
20075;20072;28.197
20053;20076;25.452
20067;19674;7.852
20077;20005;77.414
19710;20078;2.853
20078;20075;2.103
20078;19593;0.531
19585;19709;5.981
20074;19588;9.713
19978;19593;3.324
20075;19978;7.191
19591;19611;50.417
19588;20066;84.250
20074;19596;17.432
19596;20073;25.214
20079;19985;80.462
19582;19620;20.122
19580;20080;6.157
20080;20081;15.671
20082;20081;7.202
20083;20079;8.468
20080;20084;3.361
20085;20086;5.540
20085;20084;2.050
20084;20087;3.313
20088;20085;5.621
20087;20088;6.734
19606;20089;68.674
20087;20090;1.753
20081;20090;12.045
20091;20092;4.651
20088;20091;4.760
20093;20089;2.142
20093;20094;1.272
20089;20094;0.798
20090;20095;2.701
20094;20096;2.016
20097;20091;4.745
20098;20093;3.726
20096;20098;1.929
20095;20099;2.783
20099;20100;5.175
20097;20101;9.475
20102;20095;8.600
20102;20103;4.992
20099;20103;1.535
20104;20105;2.260
20106;20102;3.371
20103;20107;0.961
20107;20104;7.845
20105;20108;1.843
20109;20097;12.513
20107;20110;5.203
20111;20096;11.523
20094;20111;3.897
19579;20112;25.715
20112;20113;0.548
20108;20114;17.346
20115;19610;37.925
20113;20116;5.670
20117;20118;7.311
20119;20115;4.672
20120;20119;6.072
20116;20121;35.110
20122;20123;12.774
20121;20124;2.428
20125;20122;1.915
20120;20125;5.256
20126;20127;7.858
20128;20119;2.427
20129;20122;8.294
20130;20127;18.945
20130;20117;15.303
19718;20113;10.350
20127;20131;8.726
20132;20133;16.376
20133;20131;1.300
20134;20133;2.299
20124;20134;9.514
20131;20135;3.408
20135;20130;14.234
20136;20125;30.631
20128;20136;13.229
20135;20137;1.342
20137;20138;0.728
20139;20140;7.224
20139;20137;4.560
19617;20141;57.312
20142;20139;3.976
20136;20143;14.616
20144;19717;4.523
20145;20144;1.140
20141;20145;9.259
20144;20146;2.583
20141;20147;3.185
20147;20145;2.225
20146;20147;0.781
20147;20148;0.487
20146;20148;1.252
20143;20149;17.897
20150;20151;14.430
20152;20150;13.577
20153;20149;8.846
20150;20154;4.991
20155;20153;1.350
20114;20156;26.409
20151;20157;11.660
20158;20083;80.189
20159;20158;2.948
20160;20159;9.348
20156;20161;13.638
20162;20163;5.126
20162;20164;14.882
20165;20162;12.871
20165;20166;5.817
20159;20167;29.433
20168;20160;24.638
20169;20167;16.592
20170;20160;31.098
20171;20169;18.124
20167;20172;17.877
20172;20168;16.329
20173;20171;23.014
20171;20174;8.714
20175;20174;13.770
20169;20175;13.349
20176;20170;12.821
20175;20177;2.486
20177;20172;12.163
20174;20178;7.286
20179;20180;9.410
20179;20165;27.838
20181;20179;4.692
20172;20182;11.155
20182;20168;26.299
20182;20176;32.132
20181;20183;12.060
20182;20184;6.899
20185;20186;7.769
20185;20187;7.896
20178;20188;11.370
20189;20185;20.485
20188;20189;20.582
20190;20188;2.460
20190;20177;25.538
20190;20184;22.538
20191;20181;20.011
20192;20193;8.255
20194;20195;4.454
20192;20194;8.152
20196;20197;6.798
20198;20191;17.198
20199;20198;14.659
20200;20176;42.221
20201;20202;4.535
20201;20197;3.346
20184;20203;24.878
20189;20204;22.706
20205;20192;8.419
20206;20200;12.973
20194;20207;8.648
20205;20207;6.520
20203;20206;9.294
20208;20209;5.414
20210;20201;6.458
20211;20198;14.634
20210;20212;2.223
20197;20212;7.055
20204;20213;7.142
20214;20211;18.818
20191;20215;15.263
20216;20210;5.084
20206;20200;18.213
20217;20205;10.850
20218;20217;9.507
20212;20219;5.052
20220;20204;15.479
20148;20221;30.990
20222;20209;8.000
20190;20220;39.016
20217;20223;5.645
20207;20223;19.840
20224;20222;12.689
20209;20225;29.656
20225;20226;5.159
20227;20221;10.366
20228;20222;10.030
20227;20229;6.007
20221;20229;11.267
20230;20228;2.208
20230;20225;8.287
19726;20228;0.460
20231;20211;10.319
20232;20230;5.331
20225;20232;6.514
20232;20233;4.870
20234;20227;9.975
20229;20235;8.084
20236;20234;3.739
20235;20237;3.419
20237;20236;2.291
20235;19691;4.017
19691;20237;3.936
20238;20234;9.438
20236;20238;9.942
20239;20231;3.949
20240;20238;0.665
20241;19725;0.836
20241;17777;92.506
20242;20243;14.039
20244;20239;31.264
20242;20244;34.808
20245;20244;16.612
20246;20247;7.305
20161;20248;31.217
20249;20246;29.784
20250;20251;20.671
20252;20253;6.379
20252;20242;31.643
20254;20255;11.176
20248;20256;3.693
20251;20257;18.261
19692;20257;16.423
20252;19693;2.854
20251;20258;8.705
20255;20259;15.554
20260;20254;23.347
20261;20260;6.868
20258;20261;2.881
20255;20262;16.146
20262;20254;8.304
20262;20263;4.850
20259;20264;20.244
20264;20262;9.406
20263;20265;10.117
20260;20265;8.325
20266;20263;1.576
20267;20266;3.003
20265;20267;6.981
20268;20246;38.357
20264;20269;10.640
20266;20269;6.406
20269;20270;6.952
20270;20267;3.368
20265;20271;10.710
20271;20261;9.273
20257;20272;19.231
20271;20273;6.058
20273;20258;12.731
20272;20274;3.008
19694;20275;6.245
20272;20276;16.356
20277;20275;16.873
20274;20278;4.519
20279;20273;20.808
20280;20279;45.747
20278;20280;7.642
20270;20279;44.412
20275;20281;35.326
20282;20280;28.536
20275;20283;19.816
20276;20284;34.885
20285;20240;27.573
20286;20283;11.960
20284;20287;4.213
20287;20288;34.411
20276;20289;8.051
20283;20290;12.182
20291;20285;2.655
20287;20292;3.986
20283;20293;24.656
20294;20293;7.419
20295;20296;20.749
20293;20297;4.317
20296;20298;1.867
20299;20241;66.227
20111;19676;74.720
20297;20300;28.754
20300;20299;8.375
20292;20286;91.878
20290;20301;20.105
20302;20291;19.763
20301;20303;18.021
20304;20305;8.055
20305;20306;21.336
20305;20307;15.095
20308;20309;10.324
20310;20308;5.144
20310;20311;9.965
20312;20303;18.056
20303;20313;14.257
20313;20308;8.712
20256;20314;59.268
20315;20313;9.803
20312;20315;10.069
20307;20316;17.783
20317;20318;10.408
20318;20305;8.490
20313;20319;5.004
20319;20315;15.916
20316;20320;8.926
20321;20318;6.904
20320;20321;17.187
20322;20301;20.355
20323;20312;18.446
19678;20324;32.383
20319;20325;16.782
20310;20325;30.272
20325;20326;19.581
20320;20316;54.660
20324;20327;0.824
20327;20328;1.449
20329;20324;4.219
20329;20327;3.279
20328;20329;1.244
20330;20328;6.668
20327;20330;2.321
20331;20322;14.645
20332;20314;8.832
20325;20333;19.555
20333;20334;19.092
20334;20333;12.859
20289;20335;48.358
20333;20336;38.564
20337;20332;9.081
20338;20336;5.106
20298;20339;110.397
20314;20340;21.717
20341;20337;6.683
20340;20341;2.912
20336;20342;10.454
20337;20343;9.663
20340;20344;0.858
20344;20345;12.526
20341;20345;4.318
20339;20346;4.142
20342;20347;16.836
20348;20342;4.835
20345;20349;4.433
20350;20343;11.397
20350;20351;18.278
20351;20352;6.476
20343;20353;12.676
20353;20350;12.182
20353;20354;6.767
20344;20355;4.773
20354;20356;13.134
20346;20357;27.738
20358;20359;21.338
20360;20358;5.424
20361;20359;27.920
20361;20362;9.882
20363;20354;19.902
20364;20331;32.175
20359;20365;15.644
20361;20366;6.305
20358;20365;7.515
20365;20367;2.013
20366;20367;3.911
20367;20368;0.608
20369;20360;3.676
20355;20370;5.226
20371;20369;2.837
20368;20372;24.990
20357;20371;29.987
20373;20374;11.868
20375;20373;14.762
20373;20376;8.386
20375;20376;8.458
20366;20377;25.734
20378;20375;17.312
20368;20378;8.103
20377;20378;2.609
20379;20380;46.425
20381;20377;10.297
20379;20382;4.895
20376;20383;11.366
20384;20379;5.298
20382;20385;8.626
20386;20387;10.713
20378;20388;5.157
20382;20389;12.567
20388;20390;2.100
20391;20386;26.260
20392;20393;9.285
20388;20394;23.888
20395;20364;16.050
20335;20396;29.049
20397;20396;3.929
20398;20397;6.190
20399;20400;4.685
20397;20400;8.732
20386;20401;35.875
20400;20402;7.854
20403;20398;20.206
20404;20397;8.330
20404;20398;7.975
20401;20405;29.766
20406;20404;15.975
20407;20395;19.300
20408;20407;19.436
20409;20408;1.296
20410;20411;50.284
20412;20409;11.993
20413;20412;1.724
336;20413;1.651
20414;20410;65.611
19716;20414;0.358
20415;19715;4.535
20411;20416;18.168
20417;20415;16.060
20418;20419;11.364
20419;20417;2.334
20420;20421;22.671
20420;20419;2.129
19682;20420;9.886
20330;20422;73.208
20422;20423;0.978
20422;19729;6.387
20416;20424;10.475
20423;19707;0.567
20423;20425;2.816
20425;19707;2.617
20426;20427;13.870
20425;20426;2.662
19680;20426;0.975
20428;19681;1.981
20429;20428;67.539
20430;19679;3.322
19708;20430;0.664
20426;20431;3.726
20432;20428;4.509
19730;20433;7.075
20424;20434;3.262
20433;20435;2.892
20435;20432;1.548
20435;20436;2.409
20437;20430;1.457
20437;20433;2.408
20436;20437;2.312
20434;20438;1.122
20439;20437;1.045
20436;20439;3.085
20438;20440;9.018
20438;20441;2.476
20440;20441;5.474
20441;20442;0.890
20443;20444;9.769
20443;20442;10.450
20440;20445;11.088
20432;20446;26.789
20445;20447;12.949
20447;20448;6.818
20449;20450;20.737
20449;20443;13.166
20442;20449;3.761
20449;20451;14.945
20451;20445;11.216
20451;20447;15.759
20448;20452;9.003
20452;20451;21.422
20450;20453;14.787
20454;20439;11.657
20455;20456;6.728
20457;20451;7.616
20452;20458;5.495
20449;20459;15.528
20460;20453;5.146
20456;20460;15.777
20459;20461;5.818
20461;20457;5.689
20458;20462;5.239
20463;20457;12.044
20463;20458;12.684
20453;20464;16.309
20459;20464;8.278
20464;20465;2.723
20466;20463;6.188
20465;20467;11.744
20467;20461;8.424
20467;20466;15.474
20466;20468;11.288
20469;20465;11.925
20470;20414;31.376
20471;20302;129.609
20472;20470;19.202
20471;354;4.398
19720;20472;6.317
19632;20454;42.276
19625;19719;23.772
19624;19662;89.611
19664;19661;25.657
20370;20473;162.890
20474;19663;14.220
20004;19684;6.565
20005;20062;1.495
20063;20067;29.756
20062;20004;4.967
20004;20063;7.184
20004;20062;5.050
18167;8474;4.012
20475;20476;2.414
17956;20477;0.584
20477;20476;15.272
20478;20475;1.702
20479;8926;19.251
8925;20480;19.904
17970;20478;11.191
7864;7857;9.912
7900;7904;23.520
9179;9177;44.592
9188;9192;15.662
9192;9194;23.352
9303;224;140.413
9302;9307;27.167
9307;9345;242.816
9342;9325;44.159
9325;9322;8.870
9711;9713;7.019
11413;11423;24.511
7384;7392;22.776
4090;4076;44.510
4100;4096;4.633
65;73;37.416
1638;1633;23.664
1631;1635;13.920
3643;3621;333.372
4140;4137;7.907
4377;4378;33.708
12899;12897;6.426
13204;13205;37.997
17537;17556;288.960
17479;20481;733.968
18442;18448;50.064
8875;20479;14.751
8488;18284;35.245
18284;8485;24.720
6191;18867;370.336
8438;8419;23.220
5044;20482;120.857
4916;20482;91.248
20482;12583;76.660
1889;3555;5.300
6519;1088;426.732
1088;1061;11.004
1885;1886;5.192
1886;1888;6.860
19986;20077;13.829
20233;20219;43.776
11492;11496;22.608
7240;7255;45.576
3338;3429;34.514
5170;5174;2.949
5174;5176;7.027
5181;5183;10.462
20391;20395;10.056
20405;20407;11.468
20380;20322;48.984
20393;20384;9.408
1;0;1.021
3;2;0.647
5;4;3.922
7;6;4.116
9;8;7.817
11;10;6.425
13;12;0.414
12;14;1.236
16;15;0.523
18;17;0.630
20;19;1.141
22;21;7.841
24;23;16.197
25;23;6.307
27;26;15.823
28;27;7.593
30;29;17.594
32;31;3.465
34;33;6.948
33;35;5.022
35;36;0.689
36;37;18.158
37;38;14.156
38;39;58.956
39;40;34.563
40;41;33.067
41;43;6.880
45;44;0.920
44;46;1.937
48;47;1.644
46;49;0.342
50;49;13.763
52;51;7.986
54;53;12.793
56;55;6.193
53;55;14.029
57;55;2.877
57;58;9.804
59;57;11.704
58;59;18.114
61;60;16.651
59;62;19.750
61;62;12.788
62;63;2.072
64;61;6.112
63;64;2.226
63;65;8.615
67;66;4.530
66;67;8.533
68;67;2.805
64;68;10.484
31;66;13.165
68;69;8.059
70;69;6.883
69;31;5.787
72;71;64.752
73;72;4.404
71;74;27.022
14;73;21.703
76;75;2.173
77;26;10.524
26;24;5.277
78;76;6.142
79;24;10.426
80;78;5.854
23;80;2.422
81;80;1.138
83;82;18.133
84;83;0.189
85;81;3.773
86;85;0.829
24;87;14.587
87;86;1.562
88;87;9.272
88;27;28.147
89;88;0.693
90;81;5.826
85;90;9.937
78;91;16.292
90;91;10.860
92;89;4.966
93;86;2.769
94;90;2.453
95;92;5.752
91;96;4.632
89;97;6.441
30;95;2.587
98;93;18.715
99;94;9.277
100;93;6.602
97;101;7.868
102;96;6.240
102;99;5.385
103;98;11.388
97;103;2.809
101;103;7.626
74;104;24.205
21;94;7.075
92;101;21.827
21;99;7.211
105;95;10.831
98;106;7.123
15;84;11.228
107;21;3.592
108;107;2.225
109;102;6.737
109;107;8.396
110;108;3.536
104;111;3.137
112;108;15.408
113;30;14.317
111;113;3.161
115;114;1.217
75;116;52.167
17;13;23.656
114;117;1.850
116;115;41.136
19;16;37.238
117;118;8.810
119;20;12.339
120;119;1.225
121;18;27.197
118;120;43.314
123;122;10.926
124;123;22.121
125;124;4.663
127;126;0.758
129;128;30.889
131;130;30.647
132;129;15.990
130;133;15.284
134;132;12.303
133;135;7.918
137;136;15.549
134;136;16.470
135;138;21.188
136;139;16.908
140;139;9.613
138;141;1.627
142;134;21.208
141;143;3.804
144;142;2.550
143;144;2.127
146;145;15.394
147;145;3.091
149;148;14.953
148;145;4.854
145;150;4.162
144;151;14.549
153;152;8.352
139;152;17.667
152;154;1.821
148;155;4.770
154;156;2.973
156;155;4.349
155;157;4.842
157;151;7.151
144;158;3.591
158;159;1.051
157;160;7.846
151;160;6.249
160;161;3.537
161;159;6.767
162;156;13.775
161;162;9.506
163;154;13.099
164;163;10.625
164;162;5.139
159;165;4.488
163;166;33.662
165;167;3.382
168;164;14.696
165;168;11.919
167;169;9.381
169;170;11.856
170;171;5.662
171;172;15.630
172;173;3.571
175;174;8.929
173;175;2.467
176;173;2.074
177;175;5.240
177;176;3.750
177;178;2.619
175;179;4.574
179;180;8.158
180;181;13.605
182;176;9.531
181;183;30.389
184;182;7.569
185;184;24.928
186;185;17.890
187;186;4.910
188;187;4.708
189;188;11.893
190;188;1.840
187;191;28.832
190;191;17.364
191;192;22.784
193;190;0.760
194;193;18.664
195;193;3.070
196;195;7.522
198;197;23.048
199;198;9.703
200;196;94.286
201;200;13.157
200;202;24.473
202;203;11.512
204;201;1.899
202;205;7.095
205;206;2.259
201;206;9.115
205;207;8.164
206;208;10.984
208;204;4.096
197;209;48.274
207;210;12.193
210;208;2.533
209;211;12.491
212;210;13.066
213;212;1.212
214;213;1.820
126;214;4.732
211;127;9.439
215;212;3.541
216;214;8.850
218;217;11.163
217;215;1.007
219;215;8.412
220;217;15.007
221;220;25.736
222;221;25.216
223;222;20.138
225;224;63.372
227;226;0.639
229;228;1.398
231;230;0.493
233;232;0.835
235;234;0.993
237;236;1.002
239;238;0.942
241;240;0.319
243;242;16.576
244;243;10.137
245;244;6.788
246;245;6.769
247;246;18.769
248;247;13.479
249;248;0.775
232;250;2.064
251;247;30.659
236;251;10.255
252;249;11.524
253;252;0.848
241;253;0.626
254;233;30.886
256;237;3.576
257;240;1.794
256;258;4.135
259;255;16.933
234;259;16.309
260;235;4.152
258;260;5.135
261;256;12.467
262;258;34.779
262;261;0.843
260;263;5.048
264;261;6.862
264;265;1.128
266;265;21.130
267;262;18.201
267;264;5.739
268;266;18.463
269;268;8.899
263;270;21.786
270;267;16.111
271;268;10.920
265;272;6.820
272;269;13.961
273;270;15.640
273;267;20.493
274;273;3.962
272;274;1.093
269;275;5.871
271;275;9.094
276;271;6.385
274;277;1.550
278;276;6.063
275;279;5.306
279;278;6.184
280;277;3.674
275;280;9.090
281;276;7.273
278;282;5.030
283;280;3.255
279;283;3.516
284;283;1.235
282;281;10.243
285;281;11.837
286;284;0.917
286;282;4.490
287;277;8.850
287;284;23.381
288;286;6.998
288;285;16.155
289;288;7.780
290;289;3.638
238;290;30.582
291;239;25.835
292;287;53.219
257;227;41.898
293;226;13.200
228;293;5.129
230;229;2.712
294;231;21.302
295;294;15.863
297;296;4.227
296;298;62.264
298;299;5.095
300;299;10.090
301;300;2.212
301;302;8.878
302;303;3.921
304;301;25.896
305;304;8.549
306;304;7.833
307;306;9.231
307;305;3.960
299;308;13.594
302;309;30.670
310;306;16.373
311;309;9.039
310;311;11.055
309;312;5.485
313;310;4.664
314;312;4.902
315;313;7.579
315;307;22.638
316;311;11.173
316;313;3.464
317;314;5.288
312;317;6.839
318;316;6.432
319;305;34.822
320;314;26.173
321;317;10.623
322;315;25.098
323;316;26.735
324;320;26.545
308;325;57.766
325;326;25.253
328;327;74.633
330;329;23.999
327;331;4.956
332;330;2.066
334;333;76.604
336;335;6.545
335;337;3.003
337;338;6.359
338;339;6.259
340;338;21.493
340;341;9.443
342;340;6.787
335;342;53.956
339;343;29.718
343;344;49.522
344;345;4.562
345;346;0.548
348;347;11.257
349;347;18.071
346;349;12.913
349;350;1.062
347;351;26.000
350;351;7.581
351;352;1.911
354;353;19.300
352;355;8.366
357;356;46.895
357;355;27.665
352;350;26.600
358;357;5.625
359;358;13.569
360;358;20.638
361;360;6.939
353;362;34.228
346;363;75.410
365;364;7.188
367;366;14.529
369;368;7.492
371;370;3.910
373;372;0.557
375;374;1.260
377;376;0.596
379;378;0.683
380;365;0.624
382;381;0.598
383;367;0.624
385;384;0.540
387;386;0.755
389;388;0.573
391;390;6.146
372;391;18.603
392;373;38.773
393;392;17.991
394;393;1.279
395;394;32.889
396;395;32.253
397;395;21.987
399;398;15.957
400;399;17.294
401;400;7.999
403;402;3.687
404;403;14.636
404;401;13.495
405;400;15.082
406;404;6.249
407;406;2.559
408;397;14.371
409;406;13.719
410;408;3.970
411;410;24.497
412;411;16.695
413;412;1.200
415;414;0.201
416;415;20.550
416;413;46.995
417;416;14.287
418;417;6.217
419;418;11.358
421;420;20.176
429;428;5.806
430;428;7.449
432;431;5.150
428;432;2.060
432;433;6.242
433;434;12.223
420;435;110.961
437;436;13.643
438;437;17.860
431;438;23.008
433;439;13.542
433;439;17.681
440;438;3.990
441;437;10.753
442;440;7.197
443;442;2.560
439;443;2.736
444;441;11.549
440;444;5.689
445;436;15.626
446;445;9.029
441;446;10.686
447;444;4.739
442;447;9.237
445;448;10.519
449;447;2.250
443;449;12.104
450;445;7.327
451;450;2.670
446;451;6.270
449;371;2.942
450;452;9.116
453;451;2.949
370;454;5.614
455;454;4.401
457;456;28.304
454;457;10.864
458;457;4.502
459;458;0.760
370;459;11.130
460;459;0.587
458;461;3.278
462;460;4.605
435;462;37.317
463;460;12.899
465;464;27.758
466;465;6.547
456;375;58.778
470;469;11.132
472;471;10.269
473;471;6.425
474;472;5.331
475;472;6.868
476;473;13.663
477;473;20.931
477;475;4.415
478;476;7.714
478;477;2.838
479;475;11.032
479;474;9.445
374;474;30.993
480;479;6.720
481;477;12.411
482;474;24.850
483;478;13.299
476;484;24.651
485;483;0.772
483;484;28.182
486;485;11.065
486;481;10.500
487;486;11.263
488;466;63.880
489;488;5.705
471;490;46.024
491;470;21.791
493;491;2.187
494;492;12.945
490;494;44.274
495;489;45.405
496;493;17.284
497;496;13.738
384;498;1.216
499;497;15.299
500;495;63.910
386;385;22.350
501;500;21.323
502;499;13.795
503;501;9.445
504;503;2.848
505;504;4.229
387;505;53.915
507;506;4.443
506;508;31.266
508;509;1.387
509;502;7.137
510;507;19.348
498;510;73.088
511;505;23.057
513;512;15.516
514;512;2.486
515;514;13.429
512;516;19.061
516;517;7.051
516;518;1.620
518;511;8.543
514;519;7.342
519;520;15.062
518;521;8.249
519;522;9.991
521;522;17.692
522;523;11.706
521;524;22.873
523;525;32.291
526;523;11.107
528;527;5.061
529;509;11.425
531;530;9.324
530;532;2.779
533;531;8.430
532;534;7.782
535;530;6.106
534;535;6.464
529;536;3.867
537;534;12.798
536;537;3.488
533;538;5.876
539;533;8.011
535;539;13.989
534;540;7.968
537;540;10.225
541;535;13.336
542;538;7.303
543;542;4.859
538;544;14.669
544;543;7.471
545;539;7.965
541;545;8.483
547;546;9.668
544;547;2.896
547;548;2.493
549;541;6.789
545;550;2.636
551;549;8.849
540;551;9.959
553;552;4.269
554;553;56.818
536;555;5.467
552;555;46.192
549;556;2.761
555;557;0.813
558;554;4.564
559;544;12.697
559;543;9.408
560;542;11.225
550;560;6.425
561;550;7.623
562;559;4.813
560;562;4.734
551;563;8.737
557;563;9.192
562;564;2.263
564;561;9.647
565;564;6.538
566;561;10.561
563;566;18.874
563;567;13.357
557;567;5.208
566;565;16.588
568;565;16.393
567;569;29.111
569;570;24.961
570;571;4.751
571;572;18.394
572;573;23.848
573;574;10.183
576;575;0.453
577;576;53.373
575;578;15.308
580;579;6.455
578;581;27.063
581;582;11.331
584;583;68.503
582;585;20.110
587;586;15.528
582;586;14.608
586;588;0.821
585;589;5.821
590;588;3.200
585;591;13.780
589;592;6.746
593;589;15.358
594;584;14.985
588;595;5.781
596;590;14.131
591;596;5.795
598;597;24.347
599;591;4.735
592;599;13.306
599;600;1.439
597;601;76.360
602;590;8.628
603;598;6.020
604;595;7.590
602;604;8.376
605;596;5.339
600;605;3.338
595;606;3.549
608;607;16.595
607;608;20.876
601;609;12.305
611;610;8.743
612;611;15.137
613;603;10.507
614;605;3.359
615;593;10.576
594;616;31.598
609;617;9.207
618;600;11.829
592;618;13.043
617;594;14.314
615;619;7.729
611;620;6.319
620;608;8.805
621;602;10.968
621;622;3.598
622;614;7.297
623;604;9.561
623;621;12.072
618;624;3.704
619;624;11.336
624;625;2.930
626;614;8.541
626;625;3.246
616;627;18.462
622;628;3.858
629;620;8.709
628;630;6.500
630;626;4.667
631;606;15.259
631;623;12.985
632;630;4.610
625;632;4.998
628;633;4.505
634;615;14.994
634;619;24.658
627;635;17.899
636;620;11.696
635;636;7.686
637;623;10.132
633;637;14.590
606;369;13.930
368;613;27.214
638;634;9.656
639;631;5.218
637;639;13.568
640;639;1.433
642;641;10.224
636;642;5.551
643;633;16.300
632;643;11.419
644;632;26.633
645;640;9.859
645;637;17.771
646;635;11.734
643;647;4.342
642;648;10.443
648;646;6.165
649;646;5.357
650;642;10.906
648;650;8.123
651;649;6.915
650;652;5.200
653;645;8.255
654;649;6.964
648;655;9.528
655;654;2.294
654;656;4.818
655;657;12.340
657;658;13.085
657;659;20.214
660;603;48.531
661;660;109.658
663;662;111.002
664;661;78.801
665;664;6.229
662;666;35.713
667;665;54.017
666;668;11.783
668;669;6.756
670;667;16.030
376;670;0.326
671;377;0.999
671;672;28.423
673;672;30.856
672;674;4.042
675;671;7.682
674;675;7.606
675;676;1.452
677;674;11.627
676;678;5.628
678;677;8.377
669;679;21.493
677;680;6.554
680;681;3.045
683;682;12.113
678;684;11.470
681;684;10.969
676;685;14.545
684;685;7.951
686;683;3.748
687;680;29.187
682;687;10.896
683;687;18.509
685;688;7.024
679;689;5.960
687;690;5.966
681;691;11.726
690;691;17.246
686;690;25.090
689;692;22.267
693;691;7.351
692;694;7.987
694;695;0.750
695;389;6.660
689;696;33.249
696;379;0.750
698;697;4.323
697;699;8.344
378;700;56.248
702;701;3.957
700;703;7.592
699;704;18.302
703;704;6.398
699;705;18.455
704;706;6.520
705;706;10.804
706;707;2.303
705;707;19.060
707;708;3.509
709;708;12.410
708;710;11.694
710;711;13.189
711;383;1.801
366;712;19.392
712;380;13.730
364;382;11.054
381;713;0.555
714;713;10.286
713;715;0.569
715;716;1.194
717;716;6.581
717;715;17.326
716;718;1.837
719;717;7.681
718;720;1.957
720;719;9.156
720;721;1.243
719;721;36.578
527;722;0.800
723;722;6.792
725;724;0.537
727;726;0.982
729;728;12.953
730;729;29.094
731;729;7.803
729;732;9.060
733;732;13.115
735;734;14.650
732;734;9.490
734;736;4.062
737;736;6.015
736;738;5.049
739;738;6.461
741;740;15.706
742;738;18.338
744;743;28.905
740;745;13.025
742;745;2.387
743;746;5.212
740;746;11.335
746;747;9.969
745;747;3.623
748;742;12.697
749;746;4.892
750;749;8.526
747;750;4.939
750;751;0.785
743;752;11.129
753;752;5.326
749;753;5.844
752;754;4.009
755;753;8.432
751;755;1.871
756;751;13.520
755;757;3.870
758;757;4.076
757;759;2.901
759;760;2.712
760;727;1.485
762;761;29.121
726;762;25.468
724;762;7.013
763;725;62.688
765;764;0.841
767;766;1.101
769;768;1.160
771;770;0.749
773;772;0.790
775;774;4.514
776;777;42.762
777;778;1.922
778;765;10.265
764;779;42.256
781;780;7.808
780;782;10.683
784;783;9.992
783;780;2.232
783;785;2.765
786;785;3.670
785;787;16.349
789;788;8.112
787;788;5.971
788;790;3.605
791;785;17.201
779;791;18.290
792;790;18.896
791;792;1.961
794;793;14.578
788;793;10.321
790;795;22.010
792;795;4.119
797;796;13.096
793;797;9.692
798;795;7.620
799;797;17.447
800;799;3.778
795;800;6.174
801;800;10.007
797;802;18.363
799;802;1.965
802;803;4.644
800;803;2.234
805;804;12.830
803;806;0.629
807;805;1.323
797;807;20.510
808;800;14.813
809;808;3.234
810;807;9.785
802;810;13.382
811;810;7.582
806;811;3.787
806;812;12.637
811;813;1.575
813;814;5.796
814;815;3.126
815;816;21.100
818;817;71.684
817;819;24.871
816;820;6.773
770;821;11.590
821;818;28.046
820;767;7.947
772;771;23.991
766;769;2.020
822;773;22.864
768;823;3.353
825;824;2.049
824;826;1.082
828;827;1.250
830;829;0.538
832;831;0.575
834;833;0.453
836;835;1.285
838;837;3.014
839;838;19.395
840;839;7.650
841;839;4.759
842;830;6.536
826;836;98.629
825;842;6.251
844;843;3.170
829;841;38.835
845;843;5.415
845;844;13.028
845;846;6.427
846;847;17.234
848;843;18.798
849;825;5.387
848;850;12.443
846;850;13.418
848;851;6.335
851;852;7.644
850;853;8.923
854;851;7.838
852;853;7.252
853;855;6.018
856;852;9.272
855;856;5.988
857;854;10.704
856;858;3.112
859;854;12.714
858;859;4.723
859;857;9.147
860;858;6.643
861;855;15.253
861;860;8.217
862;849;70.459
827;862;1.636
863;857;17.399
864;861;5.454
865;859;18.306
860;865;11.637
864;865;8.488
866;857;51.628
863;866;13.553
867;864;16.909
867;828;6.280
868;863;26.842
868;865;18.218
868;867;0.573
869;866;20.952
869;868;6.327
870;869;0.179
831;870;6.253
871;832;0.912
872;871;31.534
873;872;18.176
874;873;21.653
875;874;16.190
876;875;20.877
878;877;0.654
880;879;0.852
882;881;1.006
884;883;0.918
886;885;0.382
888;887;1.327
890;889;0.931
877;295;26.106
891;878;29.925
892;891;10.863
894;893;14.209
895;894;11.136
896;895;11.178
892;896;8.775
898;897;2.275
897;899;7.495
896;900;2.998
899;900;2.391
901;895;13.982
900;901;1.669
902;899;7.008
901;903;2.411
904;897;17.252
904;905;4.000
906;903;1.107
906;907;6.419
907;901;9.430
908;902;8.204
909;908;7.342
909;902;11.677
909;904;7.121
910;907;4.736
910;908;3.501
911;909;2.242
911;912;3.440
913;911;9.903
914;910;7.875
912;914;3.658
915;906;5.044
916;915;1.371
916;910;11.097
917;915;0.527
914;918;6.966
918;912;15.142
918;919;0.865
920;916;10.583
919;920;4.116
921;917;14.155
922;921;3.678
923;919;12.861
924;917;6.937
903;925;19.868
920;926;19.456
927;921;25.234
928;926;21.214
929;924;17.680
930;924;5.086
926;930;11.450
931;930;9.880
932;930;39.285
933;931;5.457
934;933;10.502
935;925;52.886
937;936;16.634
879;935;3.938
938;880;8.165
939;934;58.215
940;938;9.102
941;939;6.040
936;942;41.255
942;943;23.027
944;940;25.791
945;944;0.522
946;941;33.804
943;946;7.110
946;947;15.416
947;948;14.342
948;949;11.939
950;947;12.300
948;950;5.257
946;951;9.961
952;951;7.004
952;950;17.233
953;952;5.393
954;953;11.498
955;948;14.921
956;955;14.343
957;956;3.423
958;957;7.680
960;959;7.813
955;959;13.878
961;953;11.162
959;961;3.388
957;962;10.671
953;963;11.176
961;963;5.667
964;955;6.445
962;964;4.878
963;965;3.362
951;966;7.914
967;961;4.264
968;967;4.524
969;965;6.054
970;945;16.915
971;967;2.501
964;971;17.381
966;972;6.646
972;969;5.094
965;973;5.968
974;962;10.544
973;969;7.601
975;973;0.722
971;975;11.186
975;976;2.508
977;971;7.996
979;978;2.689
966;978;3.637
972;980;8.927
976;980;2.328
981;971;7.535
977;981;3.359
982;974;13.441
984;983;11.562
983;964;13.885
974;983;9.070
985;981;1.430
986;976;4.678
981;986;11.139
987;977;11.164
983;987;11.602
985;988;9.810
987;988;6.174
989;986;11.084
989;985;13.257
988;990;4.907
991;989;1.248
990;991;2.083
992;991;1.327
990;992;1.795
978;993;5.262
980;994;23.698
991;994;28.226
995;992;12.025
988;995;11.625
992;996;15.254
997;993;5.277
998;970;18.799
999;997;25.116
1000;998;17.514
881;1000;3.103
1001;999;20.230
1002;882;8.957
1002;1003;5.273
1003;1004;10.255
1005;1004;1.846
1004;1006;3.010
1007;1005;20.530
1006;1008;29.167
1008;1009;6.478
1010;1007;8.364
1008;1011;5.143
1012;1011;4.718
1013;1012;3.698
1006;1013;6.925
1011;1012;5.318
1009;1014;14.394
1015;1010;20.562
1016;1005;16.989
1009;1017;8.568
1018;1014;4.389
1017;1018;3.785
1016;1019;12.529
1020;1018;1.174
1019;1021;3.432
1022;1008;10.738
1013;1022;3.946
1021;1022;5.808
1023;1017;6.865
1022;1023;14.805
1024;1020;4.367
1023;1024;2.356
1025;1016;9.987
1025;1026;9.354
1027;1024;3.013
1022;1028;3.120
1029;1019;7.710
1030;1029;5.891
1014;1031;25.142
1033;1032;7.104
1031;1033;7.008
1020;1034;11.497
1021;1035;7.469
1036;1025;1.908
1035;1037;4.153
1038;1030;3.732
1036;1038;1.957
1037;1039;5.208
1039;1028;4.470
1040;1027;8.135
1028;1040;1.829
1034;1041;3.408
1042;1029;4.218
1038;1042;5.902
1043;1031;7.904
1034;1043;12.245
1040;1044;1.284
1045;1043;0.980
1042;1046;2.814
1047;1041;4.454
1027;1048;8.109
1044;1048;0.706
1049;1035;5.807
1046;1049;3.998
1048;1050;0.781
1049;1051;1.850
1052;1045;4.501
1053;1037;7.121
1051;1053;3.753
1053;1054;1.934
1055;1045;4.610
1041;1055;8.288
1056;1036;8.226
1057;1039;7.389
1054;1057;1.432
887;1001;27.011
1046;1058;6.309
1058;1051;5.848
1059;1044;9.727
1057;1059;4.499
1050;1060;4.641
1061;1056;3.540
1062;1050;5.847
1063;1058;3.378
1063;1056;13.354
1064;1055;9.172
1060;1064;1.462
1062;1065;4.894
1066;1062;4.608
1059;1066;7.437
1067;1033;18.736
1068;1065;4.608
1069;1054;10.117
1069;1063;5.427
1070;1067;9.984
1064;1070;1.444
1071;1060;6.991
1071;1068;1.104
1072;1066;2.564
1065;1073;5.153
1073;1068;6.889
1074;1069;5.871
1073;1072;11.659
1075;1074;3.252
1076;1072;7.014
1076;1069;13.438
1077;888;2.387
1078;1075;4.508
1079;1074;6.926
1080;1079;5.021
1081;1071;9.213
1082;1076;4.100
1083;1067;12.034
1070;1083;3.671
1083;1084;1.153
1085;1082;5.818
1086;1075;9.101
1082;1087;10.063
1088;1079;12.250
1089;1084;9.950
1087;1089;14.630
1084;1090;4.304
1091;1089;7.678
1093;1092;4.495
1094;1093;3.320
1095;1087;22.706
1096;1094;7.610
1097;1096;4.430
1098;1097;8.097
1098;1099;1.745
1100;1015;119.036
1101;1100;2.052
1093;1101;9.711
1094;1102;9.007
1096;1102;10.924
1090;1103;10.240
1104;1101;3.762
1102;1104;2.721
1105;1104;2.753
1106;1103;1.523
1097;1107;11.955
1108;1105;7.145
1107;1108;1.147
1109;1107;3.832
1110;1109;6.483
1112;1111;4.753
1112;1077;11.584
1113;1105;4.898
1114;1098;10.498
1115;1109;4.593
1114;1115;1.674
1111;1114;10.773
1113;1116;7.921
1117;1115;4.674
1117;1118;12.240
1118;1111;6.271
1118;1119;3.085
1120;1117;8.075
1121;1120;9.721
1121;1118;10.130
1122;1120;4.176
1123;1121;7.742
1123;1112;4.340
1108;1124;21.013
1125;1122;8.461
1125;1121;7.228
1124;1126;10.018
1126;1122;7.540
1127;1125;5.954
1126;1127;5.540
1128;1106;6.147
889;1123;2.446
883;1128;0.942
1129;884;0.302
1130;1129;11.057
885;1130;14.422
1133;886;0.834
1134;1133;0.604
1135;1134;2.154
1136;1131;46.464
1137;1136;31.339
1138;890;98.008
1139;1138;0.792
1141;1140;16.670
1140;1142;13.293
1143;1139;6.711
1142;1143;14.664
1144;1140;16.628
1145;1144;10.562
1146;1144;31.775
1143;1147;5.109
1142;1147;10.275
1149;1148;4.694
1148;1149;7.030
1150;1147;0.414
1144;1151;5.530
1148;1152;6.827
1153;1150;1.165
1152;1153;0.540
1150;1154;3.870
1156;1155;11.111
1156;1154;4.767
1157;1152;4.141
1157;1149;5.021
1151;1157;11.398
1154;1158;3.014
1158;1153;3.641
1159;1144;9.536
1160;1156;1.874
1161;1157;1.329
1162;1158;2.156
1163;1161;0.980
1164;1159;3.231
1165;1164;3.473
1159;1166;7.053
1166;1163;11.516
1167;1162;6.371
1168;1164;3.711
1169;1163;2.333
1170;1167;3.509
1171;1167;4.083
1172;1170;1.146
1172;1161;10.285
1166;1173;4.835
1173;1168;5.908
1174;1172;3.189
1175;1170;2.785
1169;1174;10.860
1162;1176;11.401
1177;1169;1.842
1177;1173;5.106
1178;1174;3.919
1179;1168;6.794
1180;1177;0.723
1181;1179;0.650
1182;1180;0.909
1179;1182;9.404
1180;1183;12.026
1184;1135;49.706
1185;1182;9.647
1186;1184;14.453
1187;1186;5.970
1188;1185;23.796
1189;1188;27.826
1196;1193;1.244
1199;1202;40.908
1202;1203;22.612
1203;1204;2.871
1206;1205;0.582
1208;1207;1.667
1209;1210;29.427
1210;1211;10.311
1211;1212;26.527
1212;1213;14.546
1213;1214;0.457
1216;1215;3.642
1218;1217;3.391
1215;1218;17.713
1218;1219;11.890
1205;1220;14.357
1215;1219;23.121
1220;1221;0.468
1222;1206;10.074
1219;1222;19.427
1223;1222;2.727
1225;1224;25.499
1214;1226;38.188
1221;1226;21.947
1226;1227;9.675
1227;1228;0.658
1228;1229;5.509
1231;1230;2.797
1232;1230;6.559
1233;1232;33.809
1229;1234;8.074
1235;1233;4.336
1234;1236;3.941
1237;1232;6.346
1233;1237;8.102
1236;1238;0.336
1238;1235;10.653
1230;1239;9.212
1237;1239;3.925
1239;1240;0.791
1240;1241;0.158
1229;1242;12.538
1242;1243;1.740
1228;1243;19.184
1244;1242;3.517
1245;1234;17.125
1244;1245;24.288
1246;1235;41.932
1246;1236;19.260
1246;1245;5.473
1247;1243;14.355
1248;1244;14.253
1250;1249;3.325
1249;1208;3.942
1207;1251;0.433
1251;819;1.782
1252;1250;48.180
1241;1252;45.274
1253;1223;65.796
1255;1254;4.152
1257;1256;2.937
1259;1258;1.506
1261;1260;0.672
1263;1262;0.631
1265;1264;0.313
1267;1266;0.469
1269;1268;0.532
1271;1270;1.438
1273;1272;1.523
1275;1274;1.480
1277;1276;1.393
1279;1278;2.199
1281;1280;1.805
1283;1282;1.791
1285;1284;1.281
1287;1286;1.733
1289;1288;1.347
1291;1290;1.153
1293;1292;5.616
1292;1294;21.820
1296;1295;25.363
1298;1297;21.799
1274;1298;6.595
1299;1275;52.878
1300;1299;15.577
1301;1300;13.477
1302;1301;8.879
1303;1302;1.928
1305;1304;11.772
1306;1303;6.959
1276;1306;1.407
1307;1277;3.342
1308;1307;0.337
1310;1309;1.727
1311;1310;4.235
1312;1311;3.730
1312;1309;6.261
1313;1312;5.312
1313;1308;5.784
1314;1313;2.573
1314;1308;34.438
1315;1311;13.401
1316;1315;4.971
1316;1312;13.193
1317;1316;2.187
1318;1317;4.060
1319;1314;3.299
1319;1318;3.976
1321;1320;4.612
1321;1315;7.678
1322;1319;3.434
1323;1317;10.371
1323;1318;8.046
1324;1323;3.323
1325;1321;9.875
1326;1322;2.315
1322;1326;22.845
1327;1321;7.835
1327;1325;5.831
1328;1325;1.003
1328;1324;5.830
1329;1327;2.400
1330;1326;1.315
1331;1305;34.824
1332;1329;5.351
1333;1332;12.453
1333;1332;5.413
1334;1333;5.187
1335;1330;2.160
1336;1330;8.305
1337;1324;10.709
1337;1336;1.605
1338;1337;2.738
1339;1328;9.871
1339;1338;4.051
1329;1340;9.500
1341;1340;0.837
1341;1339;7.508
1340;1342;4.096
1343;1339;2.544
1343;1338;6.035
1344;1279;0.757
1345;1335;7.234
1346;1335;3.586
1278;1346;1.577
1347;1333;9.294
1342;1347;12.113
1348;1345;2.997
1348;1346;4.320
1349;1336;9.985
1345;1349;10.611
1350;1347;6.373
1351;1349;5.719
1351;1348;11.741
1352;1351;2.763
1353;1343;13.499
1352;1353;3.084
1354;1341;16.849
1354;1355;1.136
1355;1353;5.033
1356;1344;3.986
1342;1354;26.604
1355;1352;20.804
1357;1331;15.053
1358;1357;0.922
1360;1358;2.637
1361;1356;14.752
1363;1360;3.854
1364;1363;27.363
1365;1364;31.995
1366;1365;5.990
1368;1367;3.301
1366;1369;16.321
1370;1366;1.451
1371;1369;12.163
1368;1371;12.087
1373;1372;13.008
1373;1370;3.653
1374;1368;5.525
1375;1374;1.753
1376;1373;2.929
1377;1375;4.763
1378;1370;12.088
1379;1376;1.372
1380;1373;7.976
1380;1378;14.150
1381;1378;5.049
1369;1381;16.139
1382;1374;12.200
1383;1371;11.346
1383;1382;4.173
1383;1384;7.903
1385;1382;4.884
1386;1381;4.006
1384;1386;4.122
1385;1387;9.366
1387;1375;20.679
1389;1388;9.581
1390;1380;8.983
1389;1391;2.611
1391;1392;3.612
1378;1393;7.331
1393;1386;5.568
1384;1383;14.637
1395;1394;16.337
1389;1395;10.540
1396;1386;7.629
1397;1390;6.367
1393;1397;6.261
1376;1398;18.694
1398;1397;10.713
1395;1399;5.885
1258;1379;7.109
1400;1397;5.043
1401;1385;21.358
1400;1402;3.785
1403;1400;9.650
1404;1397;12.375
1402;1405;4.210
1405;1404;1.670
1406;1391;19.176
1407;1405;8.131
1408;1407;3.058
1404;1408;19.368
1410;1409;28.051
1411;1406;19.541
1410;1411;14.392
1413;1412;7.441
1414;1410;11.600
1414;1412;5.169
1415;1414;9.788
1416;1412;16.902
1418;1417;9.700
1419;1411;26.673
1420;1417;5.958
1421;1420;4.589
1422;1421;5.997
1423;1419;1.312
1423;1424;6.100
1424;1414;15.767
1425;1421;7.747
1425;1422;5.792
1426;1423;7.240
1426;1424;3.824
1427;1425;3.371
1428;1427;14.134
1420;1429;6.506
1430;1426;1.828
1431;1427;2.045
1432;1419;9.649
1433;1417;9.787
1433;1429;7.581
1429;1434;7.141
1434;1431;10.295
1435;1432;2.274
1436;1434;3.107
1437;1431;8.739
1433;1438;13.624
1439;1437;2.010
1438;1440;9.238
1441;1436;6.119
1441;1439;9.429
1442;1440;3.530
1444;1443;6.396
1440;1443;12.800
1445;1441;4.078
1446;1433;18.209
1447;1438;10.736
1447;1446;0.893
1442;1448;11.188
1449;1446;6.307
1449;1436;18.733
1447;1450;7.097
1451;1445;6.931
1451;1437;18.570
1452;1442;8.489
1450;1452;3.715
1453;1448;3.245
1454;1448;7.561
1453;1454;7.028
1456;1455;5.009
1455;1451;5.579
1453;1457;1.918
1452;1457;6.126
1458;1443;14.534
1454;1458;5.516
1459;1450;5.126
1458;1460;1.888
1461;1449;7.380
1461;1449;14.217
1460;1462;13.694
1454;1463;14.141
1462;1464;15.273
1460;1464;8.539
1464;1463;2.707
1463;1465;11.787
1457;1465;14.853
1466;1465;4.166
1466;1461;18.287
1467;1455;31.690
1468;1467;3.129
1466;1469;6.350
1467;1469;3.611
1471;1470;0.390
1469;1257;12.269
1472;1471;2.380
1470;1473;41.108
1474;1472;14.134
1475;1435;37.913
1476;1475;0.221
1477;1474;13.576
1478;1477;4.488
1479;1478;0.601
1480;1479;1.192
1288;1476;19.058
1256;1481;125.765
1473;1256;6.862
1482;1289;7.066
1482;1259;82.946
1483;1482;0.842
1484;1480;34.413
1485;1484;7.521
1481;1486;53.977
1487;1485;5.436
1488;1483;27.441
1489;1487;12.335
1490;1489;3.114
1491;1488;32.339
1492;1491;1.734
1493;1490;33.347
1494;1493;9.183
1495;1494;2.624
1496;1495;0.369
1497;1491;42.782
1498;1496;15.122
1499;1498;13.353
1500;1499;3.906
1501;1500;1.567
1502;1492;70.134
1503;1497;33.062
1504;1503;2.242
1506;1505;12.883
1505;1507;8.707
1508;1505;5.020
1509;1508;2.389
1510;1509;6.747
1510;1504;15.858
1511;1507;6.997
1511;1508;6.793
1511;1512;3.174
1512;1509;9.167
1513;1507;17.095
1513;1514;3.215
1514;1511;8.000
1515;1513;7.903
1516;1512;7.362
1516;1510;13.859
1516;1517;4.327
1518;1514;12.099
1517;1518;7.356
1518;1519;1.527
1520;1501;20.005
1521;1502;30.123
1522;1521;0.170
1523;1522;0.577
1524;1523;0.912
1526;1525;41.420
1525;1527;1.579
1528;1524;25.035
1529;1296;7.862
1530;1529;0.487
1531;1530;5.224
1533;1532;17.032
1532;1534;8.191
1532;1535;5.140
1533;1535;9.118
1534;1536;3.311
1538;1537;4.685
1536;1538;0.694
1539;1535;5.421
1540;1533;13.077
1541;1526;54.877
1541;1538;8.845
1542;1539;2.236
1540;1542;7.030
1543;1536;7.512
1544;1534;11.280
1544;1539;4.910
1545;1541;2.290
1542;1546;7.154
1547;1544;8.199
1548;1545;2.371
1546;1549;6.226
1549;1540;9.950
1531;1550;6.064
1547;1548;1.756
1260;1528;32.578
1551;1550;3.301
1552;1548;5.384
1554;1553;2.062
1555;1554;2.760
1556;1551;7.968
1557;1546;11.339
1558;1551;12.903
1559;1558;7.219
1560;1549;13.991
1560;1555;12.965
1561;1547;7.031
1557;1561;0.259
1562;1558;4.584
1562;1559;6.131
1563;1557;0.959
1560;1563;10.645
1552;1564;10.982
1565;1531;9.704
1566;1563;0.964
1564;1552;16.640
1567;1559;11.765
1568;1567;0.523
1570;1569;6.003
1569;1562;5.263
1564;1571;3.009
1561;1571;14.577
1572;1562;10.055
1572;1568;5.196
1573;1566;10.684
1560;1574;12.521
1574;1555;17.146
1575;1572;2.204
1576;1569;7.480
1576;1575;6.450
1577;1576;0.895
1575;1578;8.984
1579;1574;9.509
1580;1577;8.910
1578;1581;1.672
1582;1574;8.822
1583;1565;4.355
1584;1571;19.666
1585;1565;23.530
1585;1586;9.733
1587;1585;1.963
1588;1577;7.034
1589;1584;8.657
1589;1566;7.097
1582;1589;7.203
1590;1580;6.498
1588;1590;3.856
1590;1591;1.597
1592;1588;6.780
1593;1592;1.377
1593;1581;11.168
1594;1587;7.674
1594;1580;17.785
1596;1595;4.599
1596;1587;10.280
1597;1595;15.179
1595;1597;3.244
1581;1598;16.167
1591;1592;12.180
1598;1593;5.547
1599;1582;15.193
1600;1583;14.723
1597;1600;4.519
1601;1594;6.717
1591;1601;16.314
1602;1589;4.339
1603;1261;24.790
1604;1596;15.291
1604;1601;6.938
1605;1583;6.430
1606;1604;20.548
1606;1605;1.064
1607;1602;12.590
1608;1603;69.040
1294;1608;27.592
1609;1607;51.090
1611;1610;2.834
1613;1612;4.024
1613;1611;4.441
1613;1614;5.336
1615;1613;4.206
1611;1615;6.679
1616;1614;4.604
1615;1616;5.768
1617;1615;8.807
1618;1617;11.092
1619;1617;2.531
1621;1620;11.040
1622;1619;0.777
1620;1623;6.152
1614;1623;13.397
1624;1616;7.016
1624;1622;5.684
1625;1622;0.920
1626;1621;1.298
1627;1624;1.172
1623;1628;4.227
1625;1629;2.640
1627;1630;6.013
1631;1626;4.811
1628;1631;4.358
1632;1627;4.484
1632;1629;5.485
1628;1630;14.653
1629;1625;15.238
1626;1631;22.599
1633;1632;7.348
1634;1609;40.062
1630;1633;17.801
1635;1281;2.479
1637;1636;12.760
1636;1638;4.205
1639;1636;1.716
1640;1637;11.079
1640;1641;6.858
1642;1639;12.298
1642;1640;2.647
1280;1643;14.278
1644;1642;4.184
1641;1640;15.992
1643;1645;42.782
1284;1634;20.782
1646;1285;0.544
1645;1647;26.591
1647;1648;11.702
1649;1293;38.251
1649;1650;20.562
1650;1651;2.731
1651;1652;1.429
1652;1653;3.173
1654;1653;0.843
1655;1649;7.366
1656;1650;8.514
1658;1657;8.948
1657;1654;2.268
1652;1651;16.468
1659;1646;29.340
1661;1660;5.156
1660;1657;3.970
1662;1659;14.768
1663;1662;4.183
1664;1654;18.609
1665;1663;6.095
1666;1665;6.230
1666;1660;4.124
1667;1664;2.502
1668;1663;13.620
1665;1668;6.330
1669;1664;11.394
1670;1665;2.252
1670;1666;2.307
1671;1655;6.691
1672;1669;5.197
1669;1667;18.480
1674;1673;8.563
1673;1672;2.396
1675;1668;8.033
1670;1675;7.421
1262;1671;0.965
1676;1673;8.273
1677;1675;4.269
1677;1670;3.101
1678;1677;8.625
1680;1679;5.878
1681;1670;4.856
1676;1681;4.332
1682;1678;5.690
1672;1676;30.109
1683;1263;2.303
1684;1680;6.677
1648;1685;49.462
1686;1682;3.014
1680;1684;13.247
1687;1677;3.195
1688;1684;5.448
1688;1687;1.120
1689;1682;5.295
1692;1688;0.764
1693;1683;1.879
1687;1696;8.634
1685;1697;5.696
1700;1697;4.702
1702;1693;1.766
1703;1696;4.654
1703;1678;19.987
1692;1705;7.101
1696;1705;8.281
1703;1705;13.912
1282;1700;8.250
1707;1702;2.232
1708;1707;0.489
1709;1692;9.055
1710;1705;11.591
1711;1709;0.492
1290;1711;6.580
1712;1283;10.320
1264;1708;10.271
1713;1265;0.270
1714;1712;10.246
1266;1713;9.575
1715;1291;33.536
1268;1267;8.166
1716;1715;8.530
1716;1269;4.038
1717;1714;15.175
1719;1718;34.416
1720;1716;7.702
1718;1719;4.161
1721;1718;17.677
1722;1719;5.349
1722;1723;31.350
1722;1724;6.863
1725;1724;29.102
1726;1723;3.306
1726;1723;4.590
1727;1726;1.661
1728;1727;2.686
1729;1727;2.652
1724;1729;5.635
1730;1717;7.895
1731;1729;9.234
1732;1731;33.170
1733;1732;16.022
1733;1731;4.856
1734;1732;10.977
1734;1735;8.462
1736;1734;4.810
1737;1733;4.573
1738;1720;22.820
1739;1735;3.033
1737;1739;0.410
1740;1737;2.711
1735;1742;6.096
1739;1742;1.710
1742;1745;1.301
1745;1746;0.669
1746;1287;1.823
1748;1751;14.966
1751;1752;3.984
1753;1730;14.288
1286;1754;129.488
1754;1730;34.396
1755;1750;26.856
1752;1756;19.118
1757;1753;17.512
1756;1271;9.791
1270;1758;1.600
1272;1759;6.194
1759;1755;28.442
1758;1760;0.799
1760;1273;1.979
1761;1755;19.311
1762;1757;15.292
1764;1763;4.020
1765;1764;6.199
1763;1766;2.222
1767;1766;5.346
1768;1765;5.684
1769;1764;2.832
1770;1768;5.293
1765;1769;8.190
1771;1767;7.558
1771;1767;17.288
1772;1769;4.555
1773;1770;5.296
1774;1772;4.639
1766;1775;8.089
1775;1771;6.015
1775;1776;1.764
1777;1770;24.118
1778;1772;4.644
1776;1778;3.157
1779;1777;1.008
1773;1780;3.676
1781;1777;12.000
1781;1773;11.738
1768;1782;11.974
1783;1782;3.674
1780;1782;8.936
1782;1784;3.528
1778;1784;10.705
1785;1781;5.737
1786;1785;7.654
1780;1786;6.184
1787;1786;1.638
1784;1787;8.771
1788;1760;41.256
1789;1779;13.746
1779;1790;10.487
1792;1791;2.784
1791;1789;2.375
1793;1790;8.342
1794;1789;8.854
1794;1790;3.922
1795;1785;13.396
1787;1795;16.723
1796;1794;6.490
1797;1762;44.381
1798;1796;3.747
1795;1798;7.972
1799;1796;4.392
1800;1791;12.915
1800;1794;14.351
1255;1800;7.804
1801;1255;0.792
1798;1801;18.204
1803;1802;1.461
1803;1761;45.875
1254;1797;57.748
1802;1804;25.760
1805;1804;4.076
1805;1803;11.570
1804;1806;11.679
1807;1805;8.175
1806;1808;2.570
1808;1807;1.280
1809;1808;3.660
1810;1801;8.310
1811;1806;22.575
1812;1807;4.805
1811;1813;9.814
1814;1812;11.847
1815;1811;15.385
1815;1812;2.817
1816;1814;4.827
1814;1816;12.472
1817;1816;6.725
1813;1818;6.497
1818;1819;2.685
1819;1813;4.276
1819;1820;1.689
1821;1815;5.980
1820;1822;12.471
1822;1821;11.733
1814;1823;9.697
1820;1824;4.289
1822;1824;9.964
1826;1825;13.131
1824;1826;5.681
1827;1825;10.343
1827;1825;4.215
1823;1821;10.781
1828;1827;3.837
1829;1826;2.851
1829;1830;1.289
1830;1828;11.681
1831;1829;7.756
1831;1824;4.672
1832;1823;13.608
1833;1828;3.764
1834;1832;2.305
1835;1831;9.035
1830;1829;11.196
1834;1835;34.890
1836;1834;10.178
1837;1810;41.594
1839;1838;1.100
1841;1840;32.566
1840;1839;49.710
1838;1842;32.385
1842;1837;67.718
1844;1843;28.143
1843;1845;12.139
1846;1844;24.792
1847;1846;19.297
1845;1848;30.591
1848;1849;29.931
1849;1850;7.398
1850;1851;17.382
1852;1850;17.450
1852;1853;24.565
1852;1854;14.234
1856;1855;13.856
834;1856;4.859
833;1857;10.524
1857;1858;0.412
1858;1859;15.706
1859;1860;4.855
1860;1861;27.082
1861;837;10.423
1862;840;9.086
1863;1862;8.069
1864;1863;70.608
1866;1865;0.800
1868;1867;0.305
1870;1869;2.157
1872;1871;1.265
1874;1873;0.940
1876;1875;0.805
1878;1877;0.526
1880;1879;0.475
1865;1881;3.737
1882;1866;14.907
1883;1882;1.417
1886;1870;1.341
1869;1887;0.485
1887;1872;0.695
1889;1883;20.969
1890;1891;1.024
1892;1871;46.275
1893;1892;4.783
1895;1894;19.612
1894;1893;11.445
1896;1894;0.832
1897;1896;4.498
1898;1895;22.712
1898;1897;4.750
1899;1898;0.781
1901;1900;3.003
1899;1902;2.415
1900;1903;11.352
1904;1903;0.686
1904;1905;4.991
1906;1902;11.830
1906;1897;31.484
1907;1906;7.442
1908;1906;7.898
1910;1909;11.038
1910;1899;30.488
1911;1907;10.098
1911;1904;12.601
1912;1911;4.143
1905;1912;11.086
1913;1907;4.916
1908;1914;6.202
1914;1913;7.736
1915;1910;7.636
1902;1915;8.878
1915;1908;7.534
1916;1912;20.061
1917;1914;4.621
1919;1918;2.785
1915;1920;3.573
1915;1921;9.431
1920;1921;6.607
1922;1910;13.696
1920;1922;0.818
1923;1915;26.062
1923;1913;12.611
1923;1911;17.825
1873;1919;21.157
1921;1924;15.401
1924;1923;5.134
1925;1922;1.968
1927;1926;15.279
1912;1928;27.077
1918;1928;19.173
1925;1929;18.557
1929;1924;4.761
1928;1929;2.709
1930;1874;6.952
1926;1930;1.192
1875;1931;5.938
1925;1932;4.329
1929;1932;4.098
1933;1876;3.237
1934;1933;0.397
1932;1934;2.465
1935;1934;0.347
1936;1935;2.851
1931;1878;39.564
1879;1936;31.708
1938;1937;1.124
1877;1938;40.655
1939;1880;16.015
1930;1939;21.818
1939;1868;35.541
1941;1940;0.953
1940;1942;0.905
1946;1945;76.269
1948;1947;7.624
1950;1949;11.142
1951;1950;14.479
1953;1952;4.821
1955;1954;1.863
1957;1956;2.813
1959;1958;1.099
1961;1960;0.286
1963;1962;0.707
1965;1964;2.551
1967;1966;0.708
1969;1968;1.344
1971;1970;0.573
1973;1972;0.638
1975;1974;1.691
1977;1976;0.790
1979;1978;5.315
1943;1980;1.277
1982;1981;0.624
2014;2013;3.136
2013;1943;0.904
2016;2015;31.474
2018;2017;0.831
2019;2018;13.967
2020;2018;11.499
2021;2020;33.127
2022;2020;30.782
1970;2026;1.254
2028;1971;21.947
2029;2028;25.965
2029;2030;0.882
2031;2029;12.343
2030;2032;5.504
2031;2033;16.231
2031;2034;38.488
2034;2033;8.911
2034;2035;19.742
2033;2036;10.452
2036;2032;19.119
2037;2032;22.154
2039;2038;36.041
876;2040;16.900
2042;2041;14.139
2046;2045;5.342
2047;2042;36.845
2048;2046;4.711
2045;2049;6.247
2049;2047;6.985
2050;2048;7.063
2051;2049;2.403
2051;2046;5.857
2052;2051;1.416
2048;2052;5.549
2053;2051;4.077
2054;2052;2.396
2054;2050;4.354
2057;2050;12.254
2058;2054;2.265
2059;2053;7.671
2053;2060;4.262
2058;2061;3.091
2061;2057;2.705
2062;2059;6.304
2058;2062;2.803
2063;2057;13.489
2064;2060;8.589
2064;2059;3.722
2065;2049;11.808
2060;2065;9.834
2060;2066;3.337
2067;2066;3.068
2067;2064;6.836
2068;2064;4.862
2062;2068;3.480
2069;2061;2.485
2070;2065;2.799
2071;2070;5.132
2066;2071;3.186
2072;2062;11.335
2073;2068;5.473
2067;2074;3.952
2075;2074;3.530
2075;2067;5.112
2076;2075;7.060
2073;2076;5.214
2074;2077;3.791
2078;2070;8.171
2071;2078;5.875
2079;2077;11.431
2079;2076;10.127
2078;2080;3.721
2080;2077;2.492
2081;2080;6.397
2079;2081;3.935
2082;2069;8.360
2084;2083;61.628
2086;2085;10.903
2085;2087;19.747
2088;2086;4.218
2087;2089;19.961
2089;2082;42.042
2040;2091;36.477
2092;2088;17.017
2091;2096;36.321
2099;2084;21.771
2107;2039;59.034
2096;2109;16.471
1973;2092;37.868
1972;2110;0.185
2110;2112;10.043
2112;2114;3.690
2109;2116;25.837
2117;2099;43.236
2116;2124;8.653
2128;2107;33.409
2131;2128;2.269
2132;2131;0.392
2133;2132;1.681
2130;2128;16.273
2129;2134;3.724
2134;2135;1.582
2135;2139;1.849
2124;2144;25.844
2145;2133;7.552
2139;2146;1.873
2148;2133;25.198
2146;1965;0.746
2152;2148;5.004
2155;2154;2.522
1964;2155;2.375
2154;2156;2.209
2156;1967;1.149
2157;2152;11.251
2114;2158;42.972
1966;2159;0.726
2160;2157;5.453
2161;2160;19.117
2162;2145;15.386
2162;2161;3.923
2158;2163;15.322
1954;2159;20.978
1955;2164;3.174
2164;2166;1.569
2163;2167;7.735
1945;2117;3.460
2169;2168;7.609
2170;1946;7.597
2168;2171;4.472
2172;2159;112.477
2171;2173;3.597
2166;2174;24.709
2167;2175;16.542
2173;2176;9.189
2176;2177;5.749
2178;2172;40.621
2179;2170;26.898
2172;2180;49.956
2181;2162;22.513
2182;2174;31.346
2183;2182;5.855
2184;2183;9.241
2174;2184;8.983
2185;2180;9.400
2184;2185;12.512
2186;2184;7.445
2187;2185;17.475
2180;2187;11.085
2186;2188;6.047
2184;2188;3.732
1958;2181;3.675
2189;2179;18.089
2190;2177;75.388
2191;2182;35.350
2191;2186;33.200
2177;2192;69.109
2190;2192;8.005
2193;1977;51.741
2194;2189;10.070
2188;2195;9.687
2196;2191;30.636
2197;2196;8.637
2198;2196;12.614
2198;2191;26.143
2198;2199;4.170
2199;2200;0.661
2192;2202;25.601
2202;2190;36.110
2197;2204;11.266
2200;2204;3.468
2205;2194;6.166
2207;2206;4.437
2208;2207;44.014
2209;2175;35.082
2210;2207;12.829
2195;2210;36.443
2202;2211;12.948
2211;2212;17.096
2213;2211;7.333
2214;2210;11.939
2215;2214;8.029
2195;2215;13.651
1976;2216;20.914
2217;2205;8.330
2218;1959;11.906
2220;2219;18.950
2213;2219;12.251
2221;2213;23.294
2221;2209;7.556
2216;2222;4.435
2215;1957;4.979
2219;2223;5.895
2224;2193;37.578
2214;2225;22.875
2226;2197;45.170
2204;2226;39.736
2223;2227;23.610
2227;2221;3.783
1960;2218;2.648
2210;2228;34.429
2207;2229;42.449
2230;1961;0.251
2232;2231;14.334
2232;2233;49.822
2232;2223;13.787
2234;2227;3.286
2226;2235;3.035
2238;2237;15.848
2239;2224;9.617
2240;2236;4.121
2241;2240;0.921
2242;2232;22.123
2243;2242;4.260
2227;2243;16.646
2244;2243;3.538
2241;2244;1.064
2245;2244;10.396
2246;2245;32.471
2232;2247;11.753
2248;2246;17.992
1956;2248;6.904
2249;2247;9.252
2247;2250;10.098
2251;2250;18.622
2237;2252;21.550
2248;2253;5.359
2254;2253;28.146
2252;2255;7.233
2250;2256;13.378
1947;2217;15.323
2257;2244;26.571
2242;2258;29.235
2258;2257;6.937
2260;2259;8.490
2259;2261;26.026
2256;2262;10.375
2258;2262;4.523
2264;2263;3.892
2259;2263;6.672
2263;2265;5.117
2265;2266;10.071
2256;2266;28.385
2253;2267;8.889
2268;2267;29.002
2246;2269;38.628
2267;2269;8.485
2269;2270;12.372
2245;2271;45.461
2270;2271;12.089
2261;2272;19.928
2273;2257;18.395
2271;2273;24.150
2262;2274;14.140
2273;2274;7.521
2274;2275;11.284
2266;2276;9.945
2275;2276;7.337
2277;2265;19.358
2276;2277;5.268
2278;2270;19.087
2278;2279;15.455
2255;2280;110.918
2272;2280;62.369
2281;2230;18.834
2222;2282;41.654
2283;2278;20.007
2279;2284;19.006
2284;2283;14.355
2279;2285;30.586
2285;2284;12.555
2273;2286;36.917
2286;2285;13.837
2274;2287;36.320
2287;2286;7.484
2288;2275;35.404
2288;2287;9.956
2277;2289;33.846
2289;2288;23.817
2282;1979;1.270
1949;1948;5.530
2280;2290;39.769
2290;2289;18.963
2285;2291;16.759
2292;2290;8.135
2290;2293;3.477
2289;2293;15.918
2286;2294;16.609
2291;2294;15.496
2295;2292;15.952
2296;2295;0.491
2297;2296;0.679
2294;2298;3.899
2299;2298;2.858
2293;2300;10.259
2300;2288;20.494
2300;2299;3.406
2267;2301;24.720
2301;2302;23.379
1978;2303;4.747
2304;2283;25.444
2304;2302;7.272
2284;2305;26.239
2305;2304;12.692
2306;2291;10.164
2307;1951;15.482
2306;2305;14.328
2308;2306;10.230
2297;2307;10.467
2298;2309;6.544
2309;2308;6.960
2310;2299;6.671
2310;2309;7.680
2301;2311;3.530
2312;2307;24.769
2313;2311;5.480
2314;2313;8.399
2315;2313;1.225
2316;2311;6.573
2303;2317;30.908
2302;2318;21.443
2316;2318;12.672
2319;2304;21.171
2318;2319;7.049
2305;2320;21.482
2319;2320;11.598
2317;2321;1.388
1944;2281;9.803
2322;2306;22.444
2320;2322;12.678
2323;2308;23.073
2322;2323;9.795
2309;2324;21.145
2323;2324;12.360
2325;2310;21.486
2324;2325;7.695
1953;2315;8.015
2326;2318;12.514
2326;2316;6.703
2327;2293;55.811
2327;2300;37.992
2320;2328;14.595
2329;2326;1.781
2330;2322;15.033
2328;2330;12.650
2331;2323;15.258
2330;2331;11.673
2332;2319;18.862
2332;2329;1.448
2324;2333;15.831
2331;2333;12.967
2334;2325;15.722
2333;2334;7.470
2336;2335;16.243
2328;2337;4.887
2337;2332;4.170
2335;2338;5.724
2292;2339;57.403
2339;2336;35.680
2338;2340;17.325
2340;2327;7.205
2340;2334;9.282
1952;2341;0.571
2342;2330;5.420
2342;2337;4.975
2333;2343;7.381
2343;2342;9.797
2344;2329;25.139
2344;2315;40.548
2338;2345;12.460
2312;2346;63.024
2321;2347;34.877
2347;2348;9.901
2349;2342;18.436
2350;2340;20.047
2350;2343;7.612
2336;2351;37.043
2335;2351;22.184
2352;2349;10.803
2353;2352;8.621
2346;2354;14.928
2339;2354;46.365
2355;2343;6.943
2353;2355;10.366
2351;2356;14.439
2350;2356;12.849
2348;2357;43.093
2332;2358;32.032
2358;2344;25.769
2356;2359;6.553
2359;2350;5.447
2360;2359;1.180
2337;2361;35.577
2361;2358;10.193
2357;2363;13.268
2364;2349;17.238
2364;2361;15.807
2360;2365;13.716
2363;2366;2.297
2367;2352;16.647
2367;2364;9.566
2369;2365;2.068
2370;2353;16.724
2370;2367;8.632
2365;2372;14.860
2372;2355;6.328
2372;2370;10.701
2376;2361;29.486
2373;2014;6.533
2377;2369;26.225
2341;2378;16.692
2379;2344;62.411
2380;2376;6.030
2379;2380;41.234
1980;2381;0.565
2382;2372;10.879
2382;2376;50.843
2354;2383;76.901
2384;2360;15.221
2383;2384;26.322
2385;2368;12.830
2386;2382;2.550
2377;2387;11.909
2388;2386;0.911
2389;2380;14.185
2390;2388;1.242
2391;2377;26.403
2391;2369;43.172
2386;2391;15.586
1942;2384;1.734
2392;2390;24.055
2389;2392;33.217
1941;2388;72.194
2393;2389;28.544
2393;2394;15.589
2395;2385;11.110
2394;2396;12.480
2392;2397;35.972
2396;2397;7.408
2398;1941;14.341
2397;2399;5.327
2400;2390;15.192
2401;2400;2.230
2399;2401;17.043
2402;2401;0.448
2398;2403;27.265
2404;1944;33.159
2015;2393;3.491
2405;2402;4.234
2406;2402;16.561
2407;2394;36.237
2407;2016;15.658
2408;2379;87.506
2409;2408;30.005
2410;2396;37.214
2410;2407;11.363
2411;2399;37.961
2411;2410;13.512
2403;2412;58.675
2412;2400;43.500
2413;2405;10.141
2413;2411;13.295
2414;2016;26.019
2408;2414;33.127
2415;2404;9.949
2416;2405;36.727
2417;2398;21.760
2418;2408;78.994
2419;2413;23.123
2420;2417;1.608
2421;2414;79.127
2418;2421;33.220
2422;2420;4.305
2423;2410;104.927
2421;2423;26.896
2424;2419;12.571
2419;2425;43.667
2425;2424;2.982
2426;2424;4.198
2423;2426;40.127
2427;2422;6.487
2428;2416;109.300
2428;2425;7.742
2429;2421;55.338
2429;2418;92.218
2430;2429;20.762
2431;2415;27.169
2017;2427;6.454
2432;2429;43.016
2433;2430;43.363
2432;2433;20.760
2435;2434;18.060
2436;2432;44.563
2437;2435;7.529
2426;2438;31.390
2439;2433;43.135
2439;2436;19.809
2440;2439;15.516
2441;2395;92.786
2442;2441;0.246
2019;2443;1.664
2443;2437;22.612
2438;2444;4.657
2445;2019;1.469
2446;2445;3.397
1969;2446;2.870
2448;2442;15.751
2450;2448;6.032
2444;2451;16.157
2453;2452;17.544
2454;2441;19.631
2455;2452;16.405
2457;2456;13.412
2458;2454;0.336
2457;2458;5.968
2459;2450;3.766
2455;2457;8.626
2453;1982;2.366
1981;2459;2.107
2452;2460;16.920
2453;2460;9.354
2457;2461;8.718
2461;2455;4.781
2462;2450;6.902
2460;2463;8.043
2463;2464;5.472
2465;2461;10.803
2465;2463;5.386
2464;2465;4.783
1968;2466;8.632
2453;2464;26.829
2451;2467;6.656
2458;2468;34.282
2468;2465;23.207
2469;2465;22.713
2469;2470;8.379
2471;2469;4.816
2470;2471;5.172
2472;2468;15.055
2470;2472;13.458
2473;2472;0.748
2474;2462;10.791
2466;2475;7.524
2476;2473;18.291
2475;2477;6.041
2477;242;2.969
2478;2436;234.744
2479;2474;31.207
1962;2431;84.032
2480;2479;60.347
2467;2481;60.921
2482;1963;7.439
2483;2482;1.069
2481;2484;11.155
2485;2483;24.592
2486;2485;19.059
2487;2486;16.034
2484;2488;71.071
2489;2487;16.397
2488;2491;2.919
2491;2492;3.581
2493;2489;5.632
2494;2492;28.325
2495;2494;4.886
2496;2495;5.994
2494;2497;7.588
2498;2497;6.581
2495;2498;7.394
2499;2498;8.494
2496;2499;5.474
2492;2500;24.451
2501;2492;8.885
2500;2501;5.585
2500;2502;5.365
2497;2502;12.158
2502;2503;7.116
2498;2503;11.838
2504;2503;3.252
2505;2504;6.715
2499;2505;10.746
2506;2501;2.791
2507;2506;2.542
2507;2502;9.024
2508;2507;2.709
2503;2508;8.647
2509;2508;1.755
2509;2504;8.034
2510;2509;1.351
2490;2511;13.705
2501;2511;9.781
2512;2510;1.491
2505;2512;10.121
2506;2513;10.280
2513;2507;8.142
2514;2513;9.070
2515;2514;1.262
2515;2508;7.758
2516;2515;6.214
2517;2516;5.081
2517;2510;10.571
2518;2517;4.091
2512;2518;10.390
2519;291;15.771
2511;2519;11.098
2520;2514;14.212
2516;2520;5.549
2521;2520;3.334
2517;2521;3.863
2521;2518;14.265
2522;2512;7.285
1974;2522;1.914
2523;1975;15.047
2524;2523;46.024
2511;2525;88.043
2526;2524;55.730
2236;2527;2.849
2235;2527;5.104
2539;2538;1.997
2547;2546;3.113
2548;2547;4.152
2559;2558;9.827
2558;2560;13.067
2562;2561;15.510
2538;2563;134.183
2568;2566;11.424
2567;2569;23.684
2569;2572;7.648
2572;2573;1.932
2573;2574;0.591
2575;2539;34.813
2577;2568;8.718
2589;2575;41.125
2591;2589;16.886
2595;2591;2.488
2598;2595;13.087
2599;2598;6.770
2546;2577;6.483
2599;2600;7.408
2601;2600;12.473
2600;2602;10.998
2603;2599;15.763
2602;2603;8.275
2604;2602;4.036
2605;2603;4.711
2605;2604;10.558
2606;2548;4.548
2607;2605;7.716
2607;2604;16.702
2608;2607;1.506
2609;2608;25.499
2610;2606;1.446
2611;2608;8.245
2612;2611;1.341
2613;2612;2.180
2613;2611;15.125
2614;2610;3.659
2615;2613;31.485
2618;2614;5.492
2623;2618;24.243
2624;2623;2.655
2627;2624;1.165
2629;2627;0.203
2632;2629;0.919
2642;2641;0.821
2644;2643;0.512
2646;2645;2.773
2648;2647;1.310
1867;2649;0.213
2651;2650;1.024
2653;2652;0.850
2655;2654;0.722
2657;2656;0.537
2659;2658;0.685
2649;2663;0.547
2663;2651;23.899
2650;2664;7.556
2664;2653;18.918
2666;2665;64.590
2652;2655;15.072
2654;2667;23.113
2667;2668;4.388
2669;2666;55.844
2668;2670;5.680
2673;2672;51.496
2674;2673;8.523
2676;2675;0.353
2677;2674;6.586
2678;2677;1.412
2679;2677;8.845
2680;2676;22.312
2681;2646;8.123
2682;2678;10.672
2680;2683;4.130
2675;2657;7.127
2682;2684;6.136
2685;2682;9.064
2685;2670;48.510
2683;2686;5.308
2688;2687;4.107
2690;2689;5.090
2689;2678;12.387
2691;2684;4.268
2687;2691;1.773
2692;2689;0.809
2684;2692;9.810
2687;2693;4.599
2693;2685;3.386
2670;2694;17.248
2694;2695;0.395
2645;2695;21.569
2697;2696;12.039
2694;2696;1.467
2647;2671;15.562
2693;2698;2.319
2699;2698;5.279
2700;2699;2.060
2700;2685;9.274
2701;2700;1.128
2702;2680;44.056
2702;2692;6.892
2704;2703;11.336
2703;2683;13.927
2705;2669;15.721
2558;2706;15.989
2656;2705;17.776
2699;2707;5.330
2708;2701;7.785
2709;2693;11.750
2702;2710;3.978
2709;2710;3.081
2698;2711;9.505
2708;2712;1.721
2696;2712;12.233
2711;2709;3.468
2713;2701;6.854
2686;2714;21.255
2714;2702;8.416
2715;2712;1.809
2716;2703;11.258
2716;2686;16.280
2713;2711;10.864
2717;2716;6.388
2718;2713;6.785
2718;2708;4.985
2719;2717;4.772
2714;2719;1.024
2720;2719;11.098
2721;2720;1.272
2722;2721;11.743
2723;2718;2.743
2715;2723;4.067
2720;2724;1.149
2725;2715;5.270
2726;2724;3.068
2726;2727;3.549
2719;2728;1.278
2727;2728;4.563
2730;2729;8.919
2717;2730;4.991
2732;2726;4.702
2732;2733;0.750
2731;2733;10.100
2733;2734;1.933
2735;2723;7.296
2736;2732;9.614
2729;2737;15.647
2737;2730;4.657
2728;2737;1.913
2737;2736;1.583
2738;2710;21.768
2739;2738;11.845
2739;2723;13.507
2740;2734;17.613
2741;2722;25.373
2738;2741;7.035
2742;2739;7.638
2743;2742;6.593
2744;2737;3.495
2736;2734;32.707
2745;2739;6.867
2746;2721;38.535
2740;2747;14.808
2748;2742;24.918
2695;2748;17.351
2749;2746;8.459
2749;2741;14.640
2750;2705;8.993
2751;2749;2.305
2752;2750;0.217
2753;2746;11.066
2751;2753;5.627
2641;2744;7.063
2747;2754;26.684
2755;2745;16.098
2756;2755;0.683
2757;2751;13.098
2755;2757;1.208
2758;2756;14.716
2758;2745;32.705
2759;2754;3.821
2747;2759;11.549
2760;2754;8.343
2643;2642;0.817
2748;2761;4.731
2761;2758;14.497
2762;2759;8.339
2762;2740;33.522
2763;2753;13.325
2764;2763;11.746
2764;2757;8.567
2765;2762;15.725
2765;2763;8.350
2766;2764;8.801
2767;2764;13.891
2767;2766;9.130
2768;2765;4.804
2768;2766;0.879
2769;2767;4.110
2771;2770;6.747
2770;2768;5.912
2772;2770;3.889
2769;2772;10.813
2761;2773;10.273
2773;2769;30.231
2774;2772;5.482
2775;2648;37.278
2776;2774;9.537
2777;2775;1.083
2778;2776;11.512
2774;2778;14.147
2779;2778;0.660
2779;2769;29.951
2783;2777;5.504
2786;2783;1.296
2773;2787;5.427
2787;2790;1.010
2790;2791;0.537
2791;2782;4.502
2786;2794;5.096
2796;2794;1.356
2793;2779;17.399
2797;2644;22.000
2662;2661;3.762
2553;2661;2.791
2560;2706;3.575
2798;2752;39.360
2800;2795;14.965
2808;2807;5.211
2809;2808;0.321
2810;2800;8.013
2658;2810;11.257
2811;2659;34.445
2812;2553;50.621
2813;2812;12.576
2814;2813;62.756
2816;2815;50.118
2818;2817;21.090
2817;2819;7.203
2819;2820;3.397
2820;2821;3.129
2821;2822;0.940
2823;2821;24.618
2823;2824;6.706
2825;2823;8.537
2822;2825;1.073
2825;2826;2.018
2826;2824;15.344
2827;2822;25.141
2829;2828;5.269
2826;2830;4.502
2831;2830;3.417
2831;2829;8.621
2833;2832;3.647
2832;2834;0.867
2830;2835;1.023
2836;2831;5.176
2837;2836;1.769
2829;2837;6.177
2838;2833;6.375
2839;2831;5.176
2840;2836;3.907
2835;2841;2.906
2842;2839;3.150
2842;2840;4.633
2841;2843;2.474
2844;2837;15.721
2845;2835;10.049
2839;2845;9.004
2846;2840;6.450
2847;2838;10.150
2846;2848;11.357
2848;2844;1.199
2849;2842;5.517
2849;2846;4.258
2843;2838;13.985
2850;2848;3.073
2851;2845;8.680
2851;2849;3.709
2852;2846;8.263
2850;2852;7.094
2853;2851;4.184
2854;2844;21.147
2834;2855;16.976
2856;2852;10.308
2857;2853;6.858
2857;2856;3.184
2858;2850;13.923
2858;2859;4.409
2860;2858;22.198
2855;199;24.073
2862;2861;2.097
2861;2863;7.428
2865;2864;3.422
2867;2866;9.862
2868;2867;24.660
2866;2869;25.702
2871;2870;0.981
2873;2872;1.050
2875;2874;3.691
2877;2876;0.999
2879;2878;0.805
2881;2880;1.415
2883;2882;1.114
2885;2884;0.701
2887;2886;1.454
2889;2888;2.128
2890;2889;31.279
2878;2890;0.738
2891;2879;68.849
2892;2891;2.366
2893;2892;5.923
2894;2893;3.275
2895;2894;1.626
2895;2896;15.010
2897;2895;0.514
2898;2893;6.365
2899;2894;3.593
2900;2897;2.489
2900;2901;5.745
2902;2900;2.075
2902;2903;8.819
2903;2897;15.334
2904;2902;4.182
2905;2904;10.678
2872;2904;2.001
2906;2905;6.181
2907;2873;3.993
2908;2907;6.413
2909;2907;0.203
2910;2909;7.203
2911;2910;0.679
2880;2911;10.144
2912;2881;0.332
2913;2912;27.840
2915;2914;8.841
2917;2916;14.230
2918;2915;47.956
2919;2918;0.682
2920;2919;1.659
2918;2921;29.253
2920;2921;18.271
2922;2917;49.128
2921;2922;13.278
2924;2923;6.661
2922;2924;2.513
2924;2925;3.363
2925;2926;3.163
2926;2927;2.987
2928;2925;8.238
2929;2928;5.997
2870;2920;9.095
2926;2930;7.199
2931;2927;8.177
2932;2928;10.217
2929;2933;7.727
2932;2933;3.982
2933;2934;1.493
2930;2935;9.141
2935;2932;0.876
2936;2930;4.735
2937;2936;8.295
2937;2935;1.314
2927;2938;16.681
2936;2938;12.562
2939;2929;15.477
2939;2871;2.712
2940;2937;3.191
2938;2941;3.544
2941;2942;29.681
2943;2939;13.855
2944;2943;2.010
2945;2944;50.826
2946;2945;13.873
2947;2945;33.470
2949;2948;2.178
2876;2947;22.962
2948;2950;23.960
2952;2951;8.613
2953;2951;3.454
2955;2954;2.354
2955;2951;3.973
2874;2952;16.367
2950;2956;12.070
2956;2955;4.046
2875;2957;18.250
2957;2958;8.411
2956;2959;8.454
2958;2959;2.381
2959;2960;0.704
2958;2957;16.880
2961;2875;14.041
2960;2962;6.025
2560;2562;9.842
2962;2960;7.945
2964;2963;21.648
2964;2961;9.734
2963;2965;3.862
2966;2962;8.417
2967;2966;1.510
2967;2965;14.036
2968;2965;3.242
2963;2969;6.065
2969;2970;1.200
2970;2968;3.829
2969;2964;15.665
2971;2967;2.757
2972;2883;5.469
2973;2971;12.562
2968;2973;6.377
2974;2971;7.110
2882;2961;13.246
2884;2946;67.319
2975;2885;0.335
2973;2976;12.335
2977;2972;19.460
2978;2975;50.226
2869;2877;1.478
2886;2977;96.478
2979;2887;30.531
2706;2980;6.594
2980;2981;13.318
2981;2561;16.460
2983;2982;11.108
2984;2983;1.578
2981;2985;3.014
2985;2986;26.383
2986;2561;20.352
2987;2986;7.172
2983;2987;20.091
2988;2987;4.003
2989;2988;5.743
2990;2988;24.373
2990;2989;11.373
2990;2991;14.837
2992;2990;22.803
2993;2989;70.598
835;2993;1.651
2994;2995;40.991
2814;2995;15.320
2995;2996;14.789
2996;2997;21.720
2997;2998;12.173
2998;2816;7.084
3000;2999;1.891
3002;3001;10.292
3004;3003;0.415
3006;3005;1.419
3008;3007;0.798
3010;3009;8.151
3015;3014;38.094
3011;3015;28.213
3017;3016;12.859
3003;3017;0.137
3018;3004;8.691
3020;3018;12.624
3022;3021;64.868
3025;3020;14.554
3026;3025;4.753
3025;3027;34.388
3028;3026;19.085
3030;3029;11.153
3031;3028;1.785
3032;3031;1.099
3029;3002;3.303
3005;3032;3.562
3031;3033;9.232
3027;3034;86.537
3035;3034;1.895
3033;3035;6.135
3036;3001;3.465
3037;3033;13.612
3037;3036;27.128
3038;3036;6.744
3039;3035;18.922
3039;3037;10.724
3040;3001;19.184
3038;3040;16.348
2999;3039;10.637
3041;3000;1.168
3041;3038;7.978
3042;3041;5.117
3043;3041;10.718
3044;3043;2.379
3040;3044;12.012
3042;3045;5.144
3046;3045;3.791
3047;3045;6.263
3043;3047;8.039
3048;3046;5.121
3047;3048;4.496
3049;3042;21.179
3049;3046;8.066
3050;3049;2.377
3048;3050;7.562
3050;3051;8.744
3053;3052;10.859
3051;3053;2.426
3054;3044;39.794
3054;3051;61.961
3055;3006;25.767
3056;3054;24.547
3010;3059;1.899
3060;3009;1.690
3063;3056;12.724
3058;3064;33.671
3064;326;12.442
3062;3065;33.387
3064;3066;31.901
3007;3055;38.652
3066;328;24.743
329;3008;6.134
3065;334;61.624
2037;3067;14.911
3067;3070;46.073
3070;3071;9.569
2;3072;3.632
3074;3073;0.374
3076;3075;9.661
3076;3077;7.256
3078;3076;2.253
3078;3077;8.163
3079;3077;11.150
3080;3078;11.352
3080;3079;7.039
3075;3081;41.741
3080;3082;4.820
3083;3079;15.617
3084;3080;13.719
3084;3083;1.511
3085;3084;0.962
3081;3086;20.288
3088;3087;4.641
3087;3089;6.199
3087;3090;19.671
3090;3091;24.250
3092;3090;14.297
3092;3093;7.170
3093;3094;9.267
3095;3093;7.775
3095;3096;32.159
3086;3096;19.823
3097;3092;12.104
3095;3097;16.763
3098;3097;5.598
3099;3098;8.081
3101;3100;25.933
3098;3101;5.656
3102;3101;3.500
3103;3102;5.289
3104;3102;4.935
3106;3105;4.852
3106;3104;4.864
3107;3104;12.724
3096;3108;9.832
3109;3108;14.863
3110;3106;13.070
3111;3110;2.823
3112;3110;4.515
3110;3113;5.425
3108;3113;5.266
3114;3111;8.670
3111;3115;8.819
3116;3115;12.102
3117;3115;11.581
3117;3111;31.479
3118;3117;2.151
3118;3116;12.160
3119;3118;10.384
3073;763;16.856
3120;3074;0.671
3112;3120;22.785
3121;3116;26.273
3122;3109;73.198
3123;3122;9.105
3125;3124;4.448
3124;3126;122.765
3128;3127;3.883
3130;3129;3.071
3132;3131;3.574
3134;3133;38.027
3135;3125;0.278
3136;3135;54.156
3127;3136;10.569
3137;3128;4.451
3139;3138;2.477
3140;3138;3.449
3141;3140;8.763
3142;3138;4.611
3143;3142;2.612
3144;3137;2.447
3145;3143;6.874
3145;3140;4.952
3146;3137;15.526
3146;3142;4.054
3147;3144;0.826
3148;3145;2.528
3148;3149;12.319
3150;3147;1.517
3144;3150;3.802
3151;3146;3.846
3143;3151;3.551
3152;3151;0.907
3154;3153;4.655
3154;3146;3.879
3155;3152;5.673
3156;3155;0.828
3156;3148;4.252
3157;3148;10.467
3150;3158;7.134
3147;3159;2.467
3158;3159;2.987
3160;3156;9.307
3159;3161;0.299
3162;3160;1.092
3162;3157;1.564
3163;3147;9.743
3161;3163;3.239
3164;3158;5.878
3165;3154;6.564
3164;3165;2.412
3166;3162;2.579
3165;3167;6.011
3167;3152;8.560
3133;3168;105.320
3168;3169;9.948
3169;3166;7.652
3170;3167;3.031
3155;3170;9.205
3171;3164;9.504
3167;3171;2.184
3163;3172;10.020
3172;3163;8.316
3173;3170;8.377
3174;3169;2.545
3175;3173;1.763
3175;3160;7.533
3174;3176;7.469
3177;3166;5.317
3176;3177;1.499
3177;3175;6.426
3178;3172;3.491
3179;3171;3.111
3161;3180;3.492
3181;3180;4.012
3179;3181;13.895
3182;3179;4.348
3173;3176;16.745
3180;3183;1.484
3183;3181;4.293
3184;3182;10.750
3183;3132;5.106
3185;3174;21.955
3186;3182;31.739
3188;3187;0.101
3190;3189;5.349
3192;3191;0.363
3126;3193;2.475
3193;3194;10.986
3194;3195;16.809
3196;3130;13.974
3195;3196;29.273
3198;3197;29.219
3198;3129;1.788
3199;3198;0.914
3201;3200;0.477
3203;3202;0.646
3205;3204;0.471
3207;3206;33.994
3200;3207;4.120
3208;3201;3.966
3209;3208;1.841
3210;3209;5.866
3211;3210;7.602
3212;3211;0.523
3213;3212;1.408
3202;3213;5.228
3215;3214;4.880
3216;3215;3.097
3217;3203;4.440
3218;3217;2.294
3219;3216;12.332
3220;3219;5.333
3221;3219;5.773
3222;3221;7.916
3221;3220;6.717
3220;3223;14.648
3216;3224;45.625
3225;3224;1.975
3223;3224;15.898
3226;3221;14.866
3204;3218;11.125
3223;3227;19.814
3227;3221;16.159
3228;3225;20.950
3229;3228;10.395
3229;3230;6.792
3230;3231;33.014
3230;3231;22.042
3232;3231;5.970
3232;3233;12.920
3233;3227;26.932
3205;3234;13.910
3233;3235;4.454
3235;3236;2.004
3236;3232;10.223
3238;3237;0.148
3237;3239;20.598
3240;3238;30.747
3242;3241;7.733
3241;3240;40.406
3244;3243;0.893
3246;3245;24.854
3245;3247;19.604
3248;3245;1.451
3250;3249;10.259
3251;3248;5.038
3251;3252;4.195
3253;3251;5.704
3248;3253;8.687
3252;3254;2.326
3255;3253;4.812
3255;3256;2.690
3257;3255;5.362
3256;3257;3.804
3258;3256;12.006
3259;3257;9.419
3254;3260;21.955
3260;3261;10.233
3262;3258;6.712
3263;3259;9.946
3263;3258;10.605
3264;3260;12.502
3264;3259;10.972
3260;3265;10.215
3266;3264;14.763
3266;3263;7.802
3261;3267;68.190
3267;3244;24.029
3269;3268;8.812
3243;3269;14.056
3275;3274;0.529
3276;3275;1.233
3278;3277;3.617
3280;3279;13.028
3282;3281;7.443
3284;3283;71.034
3283;3285;1.215
3287;3286;35.969
3289;3288;1.283
3290;3278;2.803
3292;3291;7.458
3294;3293;0.589
3296;3295;0.616
3298;3297;6.898
3285;3282;5.551
3281;3280;9.408
3277;3299;2.635
3301;3300;1.896
3300;3290;2.828
3279;3302;25.300
3300;3302;2.994
3303;3299;16.060
3304;3302;17.887
3305;3304;5.592
3306;3305;16.491
3307;3304;27.822
3307;3305;3.913
3280;3308;40.939
3309;3308;0.583
3309;3307;60.231
3310;3309;0.355
3297;3311;58.186
3312;3310;21.803
3313;3312;31.268
3311;3314;47.812
3314;3315;5.079
3315;3316;5.743
3317;3314;24.808
3318;3313;8.696
3316;3319;4.649
3321;3320;22.401
3323;3322;5.437
3324;3318;7.882
3325;3321;14.288
3325;3326;13.774
3326;3324;9.197
3328;3327;7.138
3327;3323;18.156
3329;3327;0.697
3330;3328;10.000
3330;3329;2.952
3331;3325;21.796
3332;3328;25.474
3333;3329;28.909
3334;3330;8.543
3335;3331;9.241
3336;3335;2.350
3337;3324;18.019
3334;3338;17.447
3338;3319;40.998
3339;3318;36.250
3340;3335;6.849
3342;3341;5.559
3343;3339;3.143
3340;3344;22.069
3344;3341;1.942
3341;3345;14.933
3346;3337;5.075
3340;3346;6.492
3343;3347;5.581
3348;3347;5.183
3347;3349;1.275
3349;3350;0.848
3351;3350;3.897
3337;3352;9.497
3353;3346;3.195
3350;3354;2.376
3355;3343;1.685
3356;3352;8.472
3346;3356;3.502
3357;3334;20.290
3357;3338;10.868
3354;3358;3.965
3359;3344;6.440
3360;3355;6.290
3349;3360;2.786
3354;3361;25.236
3352;3362;3.153
3364;3363;3.305
3363;3357;0.942
3365;3353;2.768
3366;3353;4.921
3367;3360;3.239
3345;3368;16.480
3370;3369;15.012
3369;3363;1.675
3371;3356;6.260
3371;3366;1.113
3372;3358;10.989
3362;3372;3.428
3373;3362;12.790
3373;3371;0.917
3358;3374;9.534
3374;3372;2.344
3288;3369;0.583
3367;3375;8.719
3375;3374;7.663
3374;3376;1.687
3377;3365;4.105
3378;3373;2.796
3367;3379;4.784
3372;3380;10.098
3380;3378;4.212
3381;3365;4.841
3381;3345;14.891
3382;3378;7.117
3383;3363;8.959
3368;3384;10.294
3384;3289;2.142
3368;3385;7.390
3375;3386;12.472
3376;3386;5.641
3387;3382;9.342
3387;3381;4.286
3388;3381;3.735
3385;3388;11.881
3390;3389;17.666
3390;3355;5.383
3391;3379;6.580
3391;3392;7.399
3379;3392;12.812
3393;3367;13.906
3393;3391;8.125
3394;3390;0.354
3394;3393;1.211
3395;3376;16.566
3392;3396;4.382
3397;3396;3.932
3398;3388;3.198
3385;3398;5.948
3398;3384;4.889
3384;3399;9.643
3399;3383;7.993
3386;3400;6.687
3401;3395;4.089
3401;3380;11.442
3402;3394;1.569
3396;3403;4.085
3404;3401;5.112
3404;3382;11.300
3403;3405;1.641
3406;3398;5.189
3408;3407;5.454
3400;3407;2.077
3405;3409;6.168
3410;3395;5.203
3386;3410;16.760
3403;3411;5.463
3412;3402;3.371
3413;3406;4.956
3414;3412;1.573
3415;3404;23.015
3415;3387;18.617
3416;3393;16.706
3417;3415;0.954
3418;3417;1.959
3419;3413;5.690
3419;3399;8.411
3420;3412;3.284
3418;3421;7.497
3422;3419;1.261
3423;3418;3.330
3423;3406;6.482
3424;3411;12.178
3407;3424;10.200
3424;3400;12.797
3425;3410;8.165
3421;3425;18.308
3425;3424;7.537
3383;3426;30.616
3427;3422;3.428
3429;3428;35.719
3430;3405;15.653
3431;3423;14.103
3413;3431;12.795
3432;3422;13.830
3399;3433;20.954
3432;3433;5.564
3434;3430;10.119
3435;3414;20.702
3436;3434;10.542
3436;3437;8.041
3437;3438;2.466
3439;3431;16.299
3439;3432;8.165
3441;3440;26.862
3442;3435;5.211
3443;3441;0.920
3443;3436;4.218
3437;3443;7.742
3438;3444;4.213
3444;3438;14.807
3445;3433;36.741
3446;3441;4.856
3444;3446;11.475
3446;3447;22.906
3448;3444;7.239
3449;3402;24.402
3450;3420;40.873
3421;3420;133.078
3451;3442;31.004
3452;3449;17.985
3452;3451;15.074
3453;3439;36.181
3414;3454;59.724
3455;3442;42.974
3457;3456;11.200
3458;3456;7.557
3460;3459;3.266
3461;3459;8.544
3462;3449;16.756
3462;3452;33.104
3459;3463;13.072
3456;3463;13.225
3453;3464;9.525
3465;3454;28.414
3463;3466;12.891
3462;3466;20.188
3466;3467;5.329
3467;3468;2.109
3468;3469;1.361
3469;3470;27.157
3465;3471;21.521
3467;3472;14.121
3472;3473;4.897
3474;3464;38.328
3475;3455;75.741
3476;3472;38.815
3477;3462;24.918
3477;3475;19.609
3478;3477;0.477
3479;3465;66.287
3480;3479;1.835
3464;3480;95.801
3478;3481;25.508
3483;3482;24.089
3482;3474;60.525
3484;3478;26.493
3475;3484;65.032
3485;3484;2.123
3486;3485;2.102
3479;3486;38.333
3293;3487;28.903
3489;3488;18.935
3488;3482;24.452
3490;3480;34.307
3490;3488;31.113
3491;3485;47.107
3492;3490;5.623
3291;3486;11.043
3492;3291;11.703
3286;3492;4.465
3491;3493;9.426
3493;3494;2.679
3494;3495;3.170
3481;3496;15.175
3495;3496;3.117
3496;3497;0.990
3497;3498;3.997
3500;3499;21.066
3501;3499;12.290
3498;3502;8.426
3502;3503;4.794
3504;3292;8.241
3287;3294;31.450
3504;3287;2.080
3505;3504;1.004
3507;3506;48.419
3509;3508;15.418
3499;3510;23.365
3508;3510;7.872
3510;3511;18.141
3512;3508;2.834
3513;3512;8.649
3506;3514;6.107
3515;3506;13.538
3515;3516;57.185
3511;3515;23.477
3514;3517;42.624
3503;3518;38.885
3517;3134;60.411
3519;3512;20.797
3520;3511;22.181
3520;3519;10.919
3518;3513;33.142
3521;3519;9.907
3522;3505;5.628
3523;3514;27.631
3504;3524;123.154
3525;3520;13.469
3525;3526;8.992
3528;3527;18.733
3525;3527;3.230
3530;3529;1.860
3527;3531;2.415
3532;3525;1.812
3529;3531;9.017
3533;3532;0.683
3533;3534;8.385
3531;3535;3.560
3535;3532;4.977
3529;3536;5.276
3537;3522;4.613
3535;3538;7.039
3539;3533;25.769
3540;3539;16.088
3274;3537;4.463
3295;3524;19.441
3541;3296;85.104
3542;3276;49.938
3543;3542;9.228
3546;3545;5.138
3547;3545;16.725
3548;3547;16.595
3550;3549;1.080
3551;1891;7.968
3552;3551;6.548
3553;3552;1.740
3555;3554;36.000
3547;3556;21.346
3557;3548;32.329
3556;3553;3.903
3557;3558;14.593
3545;3559;14.603
3548;3559;21.767
3544;3557;17.037
3557;3560;9.788
3559;3561;24.246
3560;3561;2.063
3562;3561;33.616
3563;3562;27.385
3564;3561;2.267
3565;3564;19.673
3567;3566;8.875
3567;3568;16.203
3568;1927;6.871
3549;3567;15.835
3569;3550;6.973
3571;3570;2.965
3572;3569;18.141
3574;3573;6.256
3575;3573;20.388
3573;3576;3.831
3576;3571;5.432
3577;3576;2.366
3578;3577;5.621
3571;3578;3.780
3579;3578;3.015
3579;3570;4.469
3570;3580;13.435
3580;3572;4.530
3581;3579;4.198
3580;3581;4.751
3583;3582;20.346
3581;3584;6.840
3585;3584;9.667
3585;3572;11.461
3586;3583;7.102
3586;3577;9.830
3587;3586;9.703
3587;3584;4.502
3588;3587;12.950
3588;3585;5.121
3589;3586;7.879
3590;3588;32.639
3592;3591;0.718
3594;3593;0.867
3596;3595;0.636
3598;3597;0.767
3600;3599;0.841
3602;3601;23.682
3601;3603;0.698
3604;3602;80.630
3591;3604;33.516
3606;3605;3.512
3605;3607;5.297
3605;3608;10.470
3609;3607;4.754
3610;3609;6.005
3611;3610;12.897
3607;3611;11.033
3612;3611;20.374
3613;3592;68.609
3609;3613;13.393
3614;3611;22.693
3610;3615;29.996
3616;3613;17.921
3617;3616;52.051
3618;3617;29.695
3619;3618;63.217
3620;3619;10.508
3621;3620;34.434
3623;3622;2.520
3622;3621;43.896
3624;3623;37.279
3625;3624;3.574
3626;3625;4.544
3626;3627;17.440
3627;3628;2.329
3629;3628;10.591
3628;3630;5.493
3630;3631;5.139
3629;3631;9.562
3630;3632;21.190
3631;3632;20.364
3627;3633;27.086
3632;3634;9.756
3635;3626;20.905
3633;3635;18.075
3633;3636;16.969
3634;3636;5.867
3636;3637;1.665
3594;3635;1.458
3593;3638;0.618
3638;3596;6.369
3640;3639;12.162
3639;3641;7.081
3640;3642;10.600
3642;3639;12.516
3643;3642;2.677
3595;3644;176.502
3644;3645;2.917
3645;3646;23.593
3646;3647;2.072
3645;3648;10.864
3647;3648;16.206
3647;3649;13.952
3648;3650;41.475
3650;3598;18.394
3597;3600;42.790
3599;3651;5.066
3653;3652;6.305
3654;3653;7.896
3656;3655;42.629
3655;3657;39.131
3657;3654;28.693
3652;3658;46.866
3660;3659;1.350
3665;3667;7.502
3661;3670;32.869
3670;3673;2.030
3679;2480;6.009
3681;3679;53.906
3682;3681;18.198
3683;3682;0.712
3687;3686;13.007
3687;3688;15.850
3690;3689;1.497
3688;3690;17.150
3691;3689;18.555
3692;3687;8.740
3692;3660;8.499
3659;3693;0.792
3694;3692;8.047
3695;3683;38.692
3691;3695;15.735
3696;3688;15.058
3696;3694;7.555
3698;3697;12.719
3695;3697;26.332
3700;3699;4.150
3701;3690;14.822
3701;3696;18.075
3702;3696;7.335
3694;3702;12.618
3703;3691;6.585
3703;3701;14.885
3695;3704;15.090
3703;3704;12.701
3705;3698;21.073
3705;3704;16.978
3706;3701;25.271
3702;3706;22.289
3707;3703;7.105
3707;3705;28.942
3708;3707;25.140
3706;3708;5.154
3707;3709;3.777
3710;2493;25.496
3711;3693;54.556
3712;3711;0.487
3713;3712;17.271
3714;3713;0.681
3709;3715;53.276
3716;3710;39.091
3715;3717;28.437
3673;3716;2.030
3717;3676;5.776
1881;3661;47.216
3719;3718;0.899
3721;3720;0.842
3723;3722;0.394
3725;3724;1.295
3727;3726;0.932
3729;3728;63.169
3724;3729;18.036
3726;3725;16.326
3731;3730;3.801
3732;3731;76.580
3734;3733;34.376
3733;3735;3.156
3736;3733;5.779
3738;3737;8.955
3739;3734;12.281
3741;3740;7.070
3742;3741;8.858
3743;3735;6.842
3744;3743;2.799
3737;3745;10.804
3734;3746;9.027
3745;3746;0.814
3747;3741;4.401
3748;3739;5.251
3746;3748;2.621
3750;3749;0.322
3751;3743;6.052
3748;3751;3.401
3753;3752;9.463
3753;3747;8.260
3755;3754;13.450
3757;3756;4.415
3758;3747;8.230
3743;3758;7.702
3751;3758;2.490
3758;3759;2.389
3756;3750;9.926
3761;3760;10.495
3760;3753;5.069
3759;3760;1.581
3749;3755;68.272
3760;3762;3.264
3754;3737;51.917
3730;3757;55.969
3763;3759;14.132
3764;3760;13.306
3765;3727;27.533
3762;3765;11.797
3767;3766;19.689
3765;3719;13.798
3766;3768;7.374
3769;3765;21.784
3770;3769;10.336
3718;3771;9.032
3771;3772;0.849
3774;3773;4.667
3775;3774;21.114
3776;3774;1.243
3772;3721;24.335
3777;3776;2.787
3720;3778;0.487
3779;3776;6.168
3780;3779;4.369
3781;3779;3.352
3782;3781;5.780
3783;3781;5.637
3784;3783;18.118
3786;3785;4.985
3788;3787;10.323
3789;3787;3.275
3790;3771;27.347
3783;3791;9.589
3793;3792;13.733
3792;3786;9.391
3794;3790;4.538
3787;3795;4.854
3795;3791;11.076
3791;3796;1.492
3797;3794;4.858
3798;3790;15.936
3786;3798;8.326
3792;3799;5.448
3800;3795;5.486
3796;3800;1.534
3778;3801;12.971
3802;3798;6.281
3799;3802;4.166
3803;3799;5.617
3804;3794;17.192
3798;3804;4.262
3801;3805;1.466
3806;3803;10.734
3806;3792;16.454
3807;3797;11.840
3808;3802;5.012
3803;3808;5.906
3809;3804;13.463
3809;3808;3.202
3810;3796;14.016
3811;3807;9.724
3804;3811;7.904
3812;3807;6.182
3800;3813;4.935
3814;3812;5.334
3815;3809;4.076
3813;3810;13.172
3816;3812;3.111
3811;3816;5.163
3813;3817;0.911
3818;3816;3.396
3819;3815;6.021
3820;3806;12.358
3820;3821;2.130
3821;3819;5.793
3822;3817;7.021
3823;3819;3.740
3821;3824;2.620
3825;3797;25.643
3826;3825;14.250
3816;3826;8.367
3827;3818;16.677
3827;3815;8.305
3828;3826;6.669
3828;3818;5.767
3829;3820;13.880
3830;3827;2.347
3830;3828;18.207
3831;3830;7.301
3824;3831;12.306
3832;3831;7.497
3832;3824;9.122
3833;3832;5.041
3817;3834;9.719
3835;3825;18.906
3834;3836;7.688
3768;3837;30.603
3836;3838;23.947
3838;3770;53.029
3805;3839;35.729
3839;3840;21.508
3842;3841;14.231
3841;3843;7.052
3844;3843;20.828
3845;3843;11.670
3837;3845;46.446
3846;3841;18.983
3847;3845;19.714
3840;3723;20.622
3722;3848;9.845
3850;3849;1.175
3852;3851;1.608
3854;3853;1.070
3856;3855;30.205
3857;3856;11.115
3858;3857;26.515
3859;3858;21.522
3860;3859;12.867
3861;3860;28.029
3862;3861;2.979
3863;3862;2.411
3864;3863;1.046
3865;3864;13.652
3867;3866;5.189
3866;3864;1.736
3863;3868;21.418
3870;3869;3.874
3869;3866;3.315
3868;3871;3.655
3872;3868;4.918
3873;3871;2.286
3874;3873;3.296
3874;3872;2.119
3872;3875;7.546
3876;3875;1.028
3877;3873;3.847
3878;3874;2.178
3879;3869;3.409
3871;3879;11.751
3875;3880;17.061
3880;3881;1.725
3882;3879;0.888
3883;3878;8.168
3884;3878;12.667
3885;3882;1.109
3884;3882;7.888
3886;3885;14.622
3887;3886;2.419
3888;3883;6.312
3888;3880;16.117
3881;3889;11.115
3889;3890;3.693
3891;3885;2.867
3890;3892;1.407
3893;3886;11.060
3894;3884;11.111
3893;3891;10.048
3883;3895;14.551
3896;3895;5.772
3896;3888;8.098
3895;3894;5.899
3897;3891;0.815
3897;3894;8.260
3898;3892;5.795
3899;3892;7.559
3900;3896;4.160
3892;3901;6.051
3902;3900;3.140
3903;3897;2.000
3903;3904;18.572
3900;3904;3.085
3905;3901;6.739
3901;3906;4.292
3908;3907;4.989
3907;3893;9.601
3909;3905;3.529
3910;3906;3.486
3911;3905;4.617
3912;3907;5.981
3912;3913;8.284
3913;3903;2.609
3906;3914;8.642
3904;3915;7.799
3914;3915;16.005
3916;3913;1.370
3916;3917;4.534
3918;3917;3.314
3919;3916;1.119
3920;3919;3.809
3917;3920;2.579
3915;3921;5.827
3921;3922;2.115
3922;3920;9.071
3921;3923;3.493
3915;3923;8.851
3924;3919;1.657
3925;3912;13.687
3926;3922;6.303
3923;3927;8.195
3914;3927;17.015
3928;3924;2.784
3928;3926;8.916
3929;3926;14.240
3927;3929;7.011
3930;3928;3.376
3931;3930;8.798
3932;3931;12.961
3933;3932;13.520
3934;3854;4.317
3934;3933;3.704
3853;3935;11.136
3935;3936;5.771
3936;3937;4.733
3939;3938;26.578
3937;3940;91.307
3940;3941;2.040
3941;3942;1.432
3942;3939;21.458
3938;3943;35.546
3945;3944;7.900
3945;3943;2.538
3947;3946;3.460
3944;3948;16.034
3948;3949;2.532
3950;3948;3.017
3951;3944;5.926
3951;3945;1.988
3949;3952;1.699
3953;3952;8.084
3946;3954;10.924
3954;3946;6.719
3952;3955;2.882
3956;3949;8.989
3956;3951;2.648
3957;3955;3.069
3954;3958;5.045
3953;3958;6.010
3954;3959;5.744
3958;3959;7.510
3958;3960;9.180
3955;3960;6.619
3960;3961;2.525
3961;3962;0.769
3962;3956;3.821
3959;3963;9.977
3963;3958;10.141
3963;3964;6.076
3964;3961;4.623
3964;3965;1.284
3965;3966;1.666
3967;3965;3.767
3966;3968;3.302
3967;3966;7.127
3969;3968;2.127
3970;3967;7.310
3968;3971;10.878
3971;3972;1.935
3973;3971;6.815
3974;3934;107.670
3975;3974;69.143
3976;3975;34.404
3977;3976;12.141
3977;3850;1.005
3849;3978;8.530
3978;3979;16.946
3979;3980;0.464
3981;3977;62.386
3982;3981;4.519
3984;3983;0.726
3985;3984;1.345
3987;3986;5.863
3983;3986;3.617
3986;3988;0.422
3851;3985;14.869
3990;3989;12.476
3991;3989;12.178
3988;3992;1.242
3980;3993;109.834
3993;3852;3.773
3989;3994;11.026
3992;3994;0.934
3996;3995;31.267
3988;3997;9.325
3997;3984;12.089
3990;3998;3.998
3994;3999;1.331
3998;4000;5.360
3999;4001;0.636
3997;4002;3.330
4003;3989;9.085
4001;4003;0.243
4004;3992;8.705
4002;4004;1.904
4005;3998;4.907
4000;4006;8.815
4003;4006;0.870
3999;4007;9.110
4007;4004;3.355
4008;4002;5.276
4006;4009;2.127
4010;4000;6.674
4009;4011;0.410
4011;4010;0.993
4010;4012;2.246
4013;4001;8.976
4007;4013;5.640
4012;3996;9.524
4014;4009;11.540
4014;4013;1.652
4011;4012;17.560
4014;4015;5.954
4015;4016;9.648
4016;4007;15.302
3995;4017;8.592
4017;4018;10.017
4019;4018;7.600
4020;4021;5.480
4022;4020;3.469
4018;4021;9.268
4024;4023;3.829
4022;4023;1.512
4026;4025;1.227
4024;4026;14.690
4028;4027;13.613
4025;4028;2.051
4023;4029;5.519
4021;4029;5.872
4028;4030;3.699
4030;4025;4.571
4029;4031;3.042
4031;4032;1.624
4030;4033;4.313
4032;4034;7.765
4034;4035;1.259
4032;4035;4.130
4033;4034;10.518
4036;4033;5.176
4037;4031;11.210
4038;4036;1.185
4035;4039;6.820
4037;4039;16.108
4041;4040;10.581
4040;4036;10.945
4043;4042;1.644
4045;4044;0.820
4047;4046;1.065
4049;4048;0.938
4051;4050;0.987
4053;4052;1.535
4055;4054;1.111
4057;4056;1.286
4059;4058;0.913
4061;4060;1.444
4063;4062;1.479
4065;4064;1.403
4067;4066;0.856
4058;4068;15.631
4070;4069;40.841
4071;4059;6.685
4072;4071;24.106
4072;4070;21.866
4073;4072;17.806
4045;4073;7.895
4074;4044;9.322
4075;4074;0.231
4076;4075;0.564
4077;4076;5.659
4079;4078;3.450
4080;4079;7.445
4081;4080;1.431
4080;4079;9.895
4083;4082;2.275
4084;4080;9.304
4085;4084;5.801
4083;4085;11.177
4086;4084;4.043
4087;4083;10.831
4088;4086;12.277
4088;4083;14.403
4090;4089;3.810
4091;4088;16.683
4093;4092;7.356
4093;4094;1.983
4095;4093;3.014
4095;4089;11.439
4064;4091;1.226
4096;4095;2.877
4089;4097;12.394
4097;4098;1.685
4100;4099;11.511
4098;4101;17.450
4102;4097;10.511
4102;4096;15.327
4101;4103;7.690
4098;4104;9.461
4101;4104;12.633
4103;4105;8.564
4106;4105;9.212
4104;4102;19.549
4105;4107;1.685
4104;4108;13.063
4109;4077;31.179
4110;4109;0.933
4111;4110;18.211
4112;4111;14.868
4113;4065;126.107
4114;4113;0.773
4115;4114;10.784
4116;4112;17.067
4118;4117;3.886
4119;4118;4.914
4121;4120;5.937
4122;4116;3.501
4123;4119;12.241
4120;4123;6.716
4124;4115;5.446
4125;4123;2.718
4126;4119;13.864
4127;4126;3.958
4128;4127;16.936
4129;4127;2.947
4130;4126;15.382
4125;4130;7.133
4131;4125;12.810
4132;4124;6.278
4133;4129;5.412
4134;4130;4.813
4135;4131;3.998
4131;4134;10.949
4136;4134;13.399
4136;4129;25.849
4066;4137;6.553
4138;4132;10.485
4122;4067;32.524
4138;4139;3.377
4136;4139;9.930
4139;4140;4.508
4141;4139;2.605
4142;4141;3.029
4143;4142;0.983
4143;4140;6.928
4144;4141;6.940
4145;4142;6.055
4146;4143;6.405
4140;4146;27.131
4046;4122;30.790
4147;4047;3.892
4148;4147;0.660
4149;4148;25.630
4151;4150;10.162
4150;4152;2.254
4154;4153;2.365
4154;4155;21.016
4152;4154;9.286
4156;4154;7.007
4157;4156;2.704
4048;4149;30.217
4158;4157;3.800
4159;4157;2.045
4160;4159;6.668
4161;4159;3.594
4162;4161;2.511
4163;4162;2.092
4153;4164;24.816
4165;4164;6.929
4166;4153;18.181
4161;4166;3.962
4164;4167;4.233
4166;4167;5.569
4167;4168;2.476
4169;4049;5.974
4168;4170;0.976
4170;4171;0.972
4172;4171;2.958
4173;4167;5.672
4174;4173;2.671
4173;4168;15.993
4172;4175;19.926
4176;4170;13.334
4177;4172;27.579
4178;4163;11.373
4179;4169;16.316
4181;4180;4.753
4183;4182;1.495
4180;4182;5.489
4185;4184;2.156
4180;4186;6.306
4187;4186;18.373
4182;4188;7.163
4186;4188;5.334
4188;4189;2.974
4190;4189;7.498
4191;4185;9.372
4192;4185;12.469
4189;4192;3.925
4191;4193;9.392
4195;4194;1.627
4196;4191;3.400
4197;4189;6.890
4198;4194;4.032
4199;4197;2.493
4194;4199;3.202
4200;4196;17.155
4201;4197;4.065
4203;4202;6.365
4202;4204;9.506
4205;4196;5.018
4205;4192;11.920
4202;4206;2.114
4207;4205;2.089
4206;4208;1.482
4209;4208;4.589
4210;4199;7.130
4211;4171;81.146
4208;4212;1.893
4213;4210;0.962
4213;4206;5.243
4214;4211;1.974
4215;4207;6.576
4216;4207;8.851
4217;4215;7.032
4216;4217;4.528
4217;4215;22.436
4218;4214;11.869
4219;4218;0.325
4220;4216;6.508
4221;4220;7.633
4222;4213;8.759
4222;4219;16.868
4223;4179;20.980
4224;4222;3.322
4225;4224;9.214
4226;4223;28.382
4227;4225;29.824
4228;4227;2.399
4054;4178;37.403
4229;4226;6.698
4230;4055;2.113
1486;4230;21.766
4231;4228;30.904
4232;4229;14.302
4233;4232;7.998
4234;4231;33.925
4060;4235;21.838
4235;4236;17.790
4236;4237;0.407
4237;4063;8.938
4238;4061;21.165
4062;4240;4.949
4239;4238;42.029
4056;4234;19.338
4240;4241;12.249
4241;4233;13.997
4242;4057;8.424
4244;4243;18.729
4245;4241;24.496
4246;4245;0.312
4247;4246;2.011
4243;4247;3.412
4249;4248;16.571
4248;4250;1.954
4251;4247;5.553
4252;4248;5.371
4249;4253;9.660
4253;4252;8.317
4254;4247;5.411
4255;4251;2.548
4251;4256;13.572
4254;4256;2.196
4258;4257;5.738
4257;4255;4.178
4259;4254;6.888
4259;4253;13.508
4256;4259;18.996
4260;4255;9.078
4261;4257;6.254
4245;4053;10.154
4262;4259;6.410
4262;4252;15.961
4263;4262;3.312
4265;4264;6.662
4266;4264;2.934
4256;4266;18.562
4267;4261;15.144
4268;4267;1.767
4264;4268;4.570
4269;4268;5.588
4266;4269;2.796
4262;4269;39.506
4270;4267;5.012
4263;4271;7.646
4052;4272;13.876
4271;4273;0.780
4272;4274;6.813
4275;4242;82.644
4276;4275;0.554
4277;4276;0.588
4273;4051;8.738
4278;4050;8.150
4279;4278;0.159
4279;4277;28.886
4274;4280;44.639
4280;4281;1.340
4281;4282;51.879
4282;4283;3.923
4283;4284;1.949
4284;4043;3.375
4043;4285;1.708
4042;4286;4.077
4288;4287;14.175
4286;4287;1.369
4287;4289;0.823
4289;4290;9.708
4291;4286;2.628
4292;4290;1.483
4289;4293;7.291
4293;4291;3.010
4294;4291;7.852
4295;4294;4.717
4285;4296;14.894
4297;4293;1.710
4292;4298;9.714
4299;4294;9.572
4300;4296;1.014
4298;4301;5.944
4303;4302;3.598
4304;4297;7.788
4302;4292;19.463
4305;4302;5.609
4304;4305;4.752
4306;4297;7.639
4296;4307;15.597
4307;4306;5.621
4308;4307;2.668
4309;4305;5.458
4310;4308;5.489
4311;4308;1.921
4312;4311;2.630
4313;4306;5.678
4314;4313;2.620
4290;4315;14.786
4316;4311;5.568
4317;4316;2.650
4318;4304;12.097
4319;4318;0.873
4318;4320;7.056
4320;4313;7.274
4321;4279;74.443
4320;4316;12.910
4315;4322;56.417
4323;4321;33.647
4324;4323;39.009
4325;4324;9.817
4326;4325;1.740
4328;4327;0.917
4330;4329;0.875
4328;4331;0.526
4332;4330;0.249
4329;4333;45.513
4333;4334;7.707
4335;4334;6.733
4337;4336;14.107
4338;4335;11.133
4339;4335;47.042
4336;4339;21.679
4340;4338;15.296
4339;4340;2.432
4341;4338;5.976
4342;4339;22.928
4343;4342;6.524
4343;4344;11.906
4345;4340;22.416
4345;4342;6.495
4341;4346;9.669
4346;4347;2.658
4348;4345;2.173
4349;4341;7.611
4349;4348;3.892
4350;4348;4.701
4352;4351;0.566
4354;4353;1.336
4354;4352;3.117
4355;4350;4.724
4355;4343;8.967
4352;4356;1.915
4356;4357;1.092
4347;4358;12.325
4358;4349;1.338
4359;4354;1.689
4360;4358;0.449
4361;4360;0.258
4361;4350;5.164
4362;4355;9.514
4359;4362;7.392
4363;4362;7.253
4363;4359;4.750
4364;4363;3.938
4356;4364;6.968
4365;4361;2.504
4365;4355;8.531
4366;4365;5.226
4364;4365;34.781
4367;4365;16.409
4327;4366;3.465
4331;4368;5.031
4370;4369;35.943
4369;4370;35.133
4371;4369;12.322
4372;4371;6.116
4373;4371;17.606
4374;4373;61.162
4376;4375;14.175
4373;4375;18.049
4375;4377;1.437
4368;4378;89.672
4378;4379;1.004
4379;4380;40.015
4382;4381;6.946
4388;4387;1.021
4389;4388;0.272
4390;4389;11.879
4392;4391;0.886
4394;4393;76.534
4393;4395;12.115
4395;4396;10.640
4396;4397;14.648
4399;4398;75.278
4400;4399;5.953
4401;4390;13.313
4402;4401;0.661
4387;4403;0.770
4404;4402;0.385
4406;4405;8.930
4406;4407;7.088
4408;4406;4.540
4410;4409;2.830
4411;4409;3.778
4412;4411;13.360
4409;4413;4.659
4414;4400;19.107
4403;4414;3.752
4413;4408;6.529
4397;4415;47.990
4408;4416;7.346
4415;4416;2.680
4418;4417;2.827
4414;4419;10.089
4420;4415;5.564
4421;4420;2.964
4417;4421;7.452
4422;4413;9.892
4416;4422;2.359
4423;4414;10.498
4424;4423;1.947
4426;4425;5.054
4420;4425;6.522
4427;4422;1.099
4428;4417;7.924
4423;4429;4.685
4419;4430;9.062
4431;4421;9.394
4433;4432;10.078
4419;4433;11.248
4434;4431;2.565
4430;4435;3.174
4429;4435;5.138
4429;4436;6.885
4425;4437;6.660
4437;4438;4.272
4438;4427;9.870
4439;4404;12.889
4411;4439;18.285
4440;4433;3.364
4430;4440;8.329
4441;4439;0.406
4441;4442;1.187
4435;4443;5.123
4438;4444;3.556
4445;4436;6.407
4442;4446;0.903
4446;4427;5.451
4447;4440;5.878
4448;4443;3.425
4436;4448;8.719
4443;4447;6.058
4449;4448;3.806
4437;4450;6.988
4431;4450;17.364
4451;4445;5.967
4453;4452;9.832
4446;4454;4.981
4455;4446;4.067
4445;4456;7.438
4457;4449;4.897
4458;4453;3.468
4442;4458;14.993
4459;4455;4.010
4450;4460;6.955
4461;4449;7.851
4462;4455;6.258
4462;4463;5.405
4464;4462;3.081
4465;4460;8.931
4460;4466;7.416
4467;4466;2.331
4468;4458;13.811
4468;4464;6.981
4469;4468;6.436
4466;4470;13.245
4464;4471;14.163
4470;4471;3.132
4471;4472;3.835
4474;4473;6.255
4474;4469;7.343
4475;4468;10.585
4472;4475;1.476
4476;4469;6.974
4470;4477;5.405
4478;4474;6.162
4475;4479;10.216
4479;4480;9.776
4472;4481;17.182
4483;4482;22.167
4482;4484;6.167
4484;4382;32.571
4381;4383;1.471
4486;4485;4.313
4488;4487;2.350
4487;4485;3.476
4489;4486;5.448
4383;4490;9.437
4492;4491;3.399
4492;4487;3.449
4485;4493;4.485
4493;4489;5.800
4489;4494;3.668
4489;4495;7.675
4495;4496;5.048
4495;4497;1.143
4498;4492;5.996
4496;4499;7.034
4499;4500;7.220
4497;4501;3.686
4502;4499;0.792
4501;4502;3.801
4498;4503;1.861
4504;4498;1.152
4505;4493;6.633
4497;4506;6.871
4506;4501;6.269
4501;4507;3.783
4508;4504;4.589
4505;4508;6.253
4509;4500;14.031
4507;4510;2.416
4502;4510;5.798
4511;4385;7.778
4500;4512;6.959
4512;4509;3.095
4490;4513;3.993
4507;4514;5.292
4511;4515;10.254
4504;4516;7.202
4508;4516;5.715
4517;4505;6.967
4517;4506;8.113
4510;4518;7.356
4512;4518;6.526
4520;4519;5.107
4516;4519;5.375
4522;4521;2.769
4515;4521;3.858
4523;4517;5.863
4516;4524;5.641
4524;4523;6.444
4518;4525;2.782
4525;4526;2.143
4527;4517;13.800
4523;4528;2.857
4529;4527;3.580
4530;4529;5.972
4519;4531;4.950
4531;4524;8.728
4533;4532;5.447
4521;4532;2.266
4525;4529;8.544
4531;4534;2.431
4536;4535;8.671
4534;4536;6.430
4527;4537;4.734
4509;4538;17.125
4513;4538;7.152
4532;4539;1.890
4528;4540;9.875
4538;4541;0.754
4542;4526;8.046
4540;4543;1.117
4543;4537;5.394
4544;4540;1.504
4536;4545;3.116
4526;4546;10.968
4541;4546;0.285
4547;4544;4.094
4548;4528;7.637
4548;4547;4.492
4549;4548;4.349
4534;4549;11.710
4537;4550;5.255
4550;4542;7.497
4543;4551;3.561
4539;4552;3.706
4552;4541;9.825
4547;4553;5.487
4552;4554;2.150
4544;4555;8.995
4549;4556;9.166
4557;4554;6.056
4542;4558;11.319
4546;4558;5.598
4550;4559;11.273
4558;4559;0.625
4559;4560;2.206
4554;4561;16.379
4561;4562;1.929
4563;4511;21.544
4564;4560;17.094
4565;4564;19.987
4566;4563;73.555
4567;4565;41.237
4568;4567;53.506
4569;4568;4.720
4570;4566;81.679
4391;4570;3.790
4571;4392;9.981
4572;4570;5.771
4573;4571;6.129
4574;4573;5.227
4576;4575;1.036
4577;4574;7.412
4579;4578;2.525
4580;4577;1.197
4581;4575;7.933
4575;4582;10.291
4578;4582;3.784
4578;4583;6.129
4583;4584;2.246
4582;4585;3.351
4583;4586;2.999
4585;4587;3.665
4588;4580;11.876
4589;4581;9.628
4585;4589;4.679
4590;4588;4.566
4589;4590;2.108
4580;4591;10.193
4588;4591;11.213
4592;4590;3.619
4587;4592;5.551
4591;4593;2.481
4594;4592;3.928
4593;4595;7.978
4597;4596;2.805
4587;4598;9.208
4598;4594;6.836
4584;4599;15.337
4599;4596;3.379
4596;4600;4.052
4593;4601;3.439
4602;4600;1.589
4603;4602;3.452
4601;4604;10.598
4605;4598;6.606
4605;4599;4.461
4602;4606;1.776
4607;4605;3.358
4608;4607;2.651
4600;4608;6.201
4601;4609;6.781
4607;4610;5.348
4594;4611;11.165
4609;4612;2.803
4612;4613;0.779
4609;4614;14.627
4611;4614;2.614
4615;4608;8.563
4616;4615;12.017
4617;4613;7.238
4618;4617;8.425
4614;4618;3.610
4613;4619;8.361
4620;4615;5.756
4619;4621;3.483
4617;4621;5.391
4622;4620;1.593
4619;4623;1.995
4625;4624;7.738
4612;4624;17.747
4618;4626;5.898
4627;4626;2.318
4624;4628;4.878
4611;4629;27.235
4629;4620;7.862
4628;4630;2.839
4624;4631;5.890
4630;4631;5.318
4628;4632;7.045
4621;4632;8.592
4626;4633;5.767
4632;4634;0.649
4635;4629;2.986
4636;4635;0.785
4630;4637;4.070
4634;4638;3.390
4639;4634;11.227
4633;4639;3.837
4631;4640;5.431
4639;4641;2.718
4642;4635;8.369
4644;4643;1.762
4641;4644;2.606
4633;4645;13.919
4641;4646;2.794
4645;4646;10.590
4645;4647;3.710
4636;4647;11.409
4647;4648;9.172
4648;4649;4.641
4649;4636;14.385
4649;4650;4.707
4651;4648;8.904
4652;4572;64.008
4653;4652;36.141
4655;4654;0.881
4657;4656;0.876
4659;4658;1.052
4661;4660;0.964
4663;4662;0.859
4665;4664;1.043
4664;4666;14.367
4667;4665;0.420
4669;4668;17.495
4670;4669;9.225
4656;4670;8.032
4672;4671;3.233
4674;4673;8.622
4673;4675;5.089
4676;4674;30.495
4671;4676;2.912
4677;4671;7.396
4677;4657;2.196
4673;4678;8.642
4676;4678;10.470
4679;4676;10.996
4679;4677;1.558
4678;4680;12.895
4680;4679;1.723
4681;4667;46.451
4682;4680;15.190
4683;4681;11.879
4684;4682;23.576
4685;4684;33.697
4686;4683;51.988
4687;4685;36.849
4688;4687;13.009
4658;4688;0.332
4689;4661;2.549
4691;4690;5.349
4660;4659;29.701
4690;4692;10.548
4690;4693;10.482
4692;4693;3.777
4695;4694;10.110
4693;4695;3.429
4696;4689;12.451
4696;4697;4.873
4692;4698;9.458
4697;4698;2.908
4698;4699;1.285
4701;4700;5.675
4702;4697;6.372
4699;4703;1.336
4704;4700;3.629
4695;4704;12.575
4705;4704;4.624
4703;4705;2.865
4706;4686;19.460
4700;4707;5.790
4705;4707;2.518
4708;4699;9.171
4709;4702;6.237
4710;4708;1.703
4702;4710;7.369
4703;4711;5.744
4707;4712;3.022
4713;4705;8.302
4711;4713;2.374
4714;4709;5.339
4696;4714;16.537
4715;4710;6.736
4715;4709;5.488
4714;4716;2.671
4716;4715;7.861
4717;4715;4.625
4712;4655;3.479
4718;4711;13.510
4719;4713;9.628
4718;4719;3.884
4719;4712;26.140
4720;4717;3.198
4721;4718;5.242
4721;4708;16.564
4721;4717;5.080
4722;4706;4.864
4654;4722;0.394
4721;4723;3.759
4716;4724;8.478
4725;4723;3.752
4724;4720;10.998
4723;4726;2.687
4720;4726;4.605
4724;4727;4.629
4727;4716;28.079
4726;4728;10.220
4727;4728;7.100
4729;4722;12.916
4730;4729;2.030
4728;4730;11.798
4731;4722;11.931
4732;4730;8.502
4733;4731;27.318
4734;4733;1.584
4735;4732;51.313
4736;4734;19.063
4737;4736;5.562
4738;4735;13.189
4739;4738;4.823
4662;4737;16.651
4740;4739;21.747
4741;4663;10.530
4743;4742;0.840
4744;4653;72.670
4745;4744;4.253
4747;4746;2.492
4748;4745;4.851
4746;4749;6.808
4749;4746;10.697
4749;4750;2.751
4752;4751;2.770
4751;4746;6.280
4750;4753;1.589
4754;4753;2.073
4751;4750;8.257
4756;4755;2.933
4758;4757;4.501
4748;4757;7.693
4759;4755;2.164
4760;4757;0.650
4753;4761;7.519
4762;4761;20.479
4755;4763;5.589
4764;4761;7.430
4764;4763;2.960
4765;4760;2.446
4766;4760;5.088
4767;4765;5.417
4763;4768;6.614
4758;4769;15.486
4769;4767;1.663
4768;4769;4.531
4770;4764;2.794
4771;4770;7.278
4768;4771;3.889
4772;4771;1.039
4773;4761;10.431
4774;4772;7.975
4767;4774;5.705
4773;4775;5.688
4775;4770;6.727
4776;4774;2.361
4776;4765;8.007
4775;4777;3.504
4778;4773;4.437
4779;4772;5.197
4780;4778;5.697
4781;4776;5.816
4782;4779;8.237
4782;4781;2.312
4783;4781;4.946
4784;4778;6.686
4785;4784;18.382
4785;4779;10.476
4786;4785;4.587
4786;4782;7.884
4787;4786;9.315
4788;4787;2.350
4789;4784;22.499
4790;4789;1.282
4791;4790;9.147
4792;4791;4.158
4793;4787;19.757
4794;4788;19.648
4790;4795;12.433
4796;4793;6.541
4794;4793;10.604
4795;4797;6.931
4791;4797;8.799
4797;4796;6.237
4798;4796;2.648
4799;4794;5.828
4800;4799;5.252
4801;4748;24.846
4802;4797;9.068
4803;4802;4.996
4804;4802;1.321
4805;4799;8.433
4742;4801;16.126
4806;4743;7.316
4807;4806;7.768
4810;4809;6.883
4809;4811;0.932
4813;4812;1.555
4815;4814;22.904
4816;4815;95.118
4818;4817;50.016
4820;4819;0.654
4823;4822;0.326
4825;4824;0.177
4827;4826;0.820
4829;4828;0.539
4831;4830;0.494
4833;4832;0.463
4835;4834;0.626
4837;4836;0.455
4840;4839;3.637
4842;4841;0.651
4844;4843;1.119
4846;4845;11.607
4845;4847;6.840
4847;4848;112.273
4848;4849;22.628
4851;4850;0.943
4850;4840;3.629
4853;4852;14.802
4852;4854;4.366
4849;4855;17.450
4852;4856;10.069
4857;4856;19.174
4859;4858;43.321
4860;4857;8.891
4862;4861;8.623
4856;4863;5.100
4861;4864;1.232
4864;4860;9.223
4865;4861;11.071
4863;4866;4.734
4868;4867;4.346
4867;4857;8.472
4870;4869;9.945
4859;4871;1.780
4867;4872;0.971
4873;4871;0.631
4873;4859;1.488
4874;4872;4.270
4875;4865;10.442
4876;4873;0.410
4876;4859;1.605
4869;4851;39.079
4877;4875;0.767
4863;4878;7.622
4879;4877;3.679
4839;4879;12.734
4871;4880;0.612
4882;4881;5.900
4880;4883;0.547
4883;4873;0.799
4884;4878;7.269
4882;4884;1.160
4885;4882;2.261
4885;4886;4.258
4872;4885;9.643
4883;4887;0.465
4887;4876;0.858
4860;4889;13.635
4890;4884;4.244
4889;4891;5.229
4890;4885;3.047
4880;4893;1.354
4893;4883;1.137
4893;4887;1.290
4894;4889;11.977
4894;4864;15.984
4878;4895;11.749
4896;4895;3.112
4896;4890;12.094
4895;4897;8.260
4898;4894;13.006
4898;4896;29.700
4899;4898;10.268
4900;4899;1.557
4892;4900;22.736
4901;4898;7.459
4901;4899;13.776
4900;4902;6.159
4902;4903;5.850
4841;4904;15.844
4905;4893;19.325
4906;4842;7.953
4907;4906;1.034
4908;4888;38.203
4909;4907;4.335
4910;4908;0.959
4911;4909;7.443
4909;4912;4.476
4913;4911;1.009
4907;4914;10.276
4915;4913;11.329
4916;4915;3.791
4913;4915;21.651
4917;4910;9.768
4918;4905;12.117
4919;4917;13.938
4920;4918;21.996
4920;4921;16.749
4922;4920;3.033
4923;4922;1.570
4924;4923;42.820
4925;4923;15.308
4925;4926;6.681
4927;4925;3.096
4929;4928;2.678
4930;4927;1.654
4929;4931;6.618
4931;4932;2.765
4934;4933;5.802
4933;4930;2.942
4935;4930;9.878
4935;4927;9.926
4936;4932;5.250
4936;4929;6.554
4938;4937;3.498
4938;4934;3.553
4937;4939;6.737
4940;4938;1.719
4937;4941;15.246
4939;4941;3.515
4942;4934;4.972
4942;4933;1.240
4939;4943;5.290
4943;4940;3.185
4944;4936;5.041
4941;4944;5.140
4944;4945;2.807
4946;4942;9.051
4947;4941;6.361
4947;4943;5.120
4948;4947;1.113
4949;4946;3.733
4949;4935;9.045
4950;4942;2.239
4940;4951;8.355
4950;4951;1.394
4952;4935;10.919
4953;4950;0.529
4954;4949;5.790
4955;4954;3.417
4952;4955;3.803
4956;4945;8.154
4956;4948;5.579
4957;4931;14.449
4945;4957;9.458
4958;4956;1.943
4953;4959;6.142
4948;4960;9.508
4951;4960;8.359
4961;4946;9.355
4962;4953;2.009
4958;4963;1.550
4954;4961;13.491
4964;4957;5.665
4964;4958;11.194
4965;4919;42.018
4966;4962;7.488
4967;4966;2.814
4967;4961;7.164
4968;4963;8.738
4960;4968;9.957
4969;4962;2.917
4968;4970;1.052
4955;4971;14.585
4966;4969;10.750
4971;4967;8.704
4972;4964;8.098
4963;4972;13.231
4973;4969;2.052
4974;4970;9.066
4974;4973;0.342
4975;4972;11.047
4970;4975;15.239
4976;4973;15.826
4971;4976;14.622
4978;4977;8.526
4978;4979;9.757
4980;4813;11.438
4812;4978;11.032
4981;4813;18.991
4975;4981;7.572
4982;4975;10.397
4982;4974;6.087
4983;4976;10.758
4984;4983;6.121
4985;4981;10.725
4985;4982;0.594
4976;4986;13.409
4988;4987;0.894
4989;4986;7.236
4986;4990;7.044
4991;4983;21.010
4988;4991;15.249
4992;4991;6.387
4992;4988;12.157
4993;4992;1.370
4811;4985;1.455
4993;4994;8.439
4996;4995;3.506
4997;4981;34.155
4997;4810;3.674
4998;4810;11.745
4999;4998;3.317
5000;4996;8.345
5000;5001;1.690
5001;5002;2.007
5003;5000;2.598
5004;4998;13.750
5005;5003;0.898
5005;4996;7.711
5006;4999;6.326
5006;5004;4.326
5007;5006;0.484
5002;5008;5.387
5009;4993;51.006
5010;5009;28.091
5011;5009;0.999
5004;5012;11.722
4986;5012;36.073
5013;4997;5.884
5014;5007;7.947
5001;5015;10.962
5016;4999;14.058
5007;5017;8.057
5003;5018;14.322
5019;5005;6.923
5013;5019;14.075
5020;5014;7.018
5012;5020;8.562
5021;5019;1.086
5023;5022;11.920
5014;5024;8.369
5025;5021;1.698
5025;5013;3.782
5027;5026;15.731
5028;4965;21.471
5029;5022;4.521
5026;5030;6.615
5032;5031;5.905
5022;5031;5.730
5030;5033;17.229
5031;5034;1.344
5033;5035;1.439
5037;5036;11.229
5018;5036;13.337
5038;5018;23.522
5038;5021;8.897
5026;5039;7.086
5034;5039;4.550
5040;5034;4.906
5029;5040;6.213
5035;5041;17.736
5041;5030;7.857
5039;5042;5.420
5044;5043;8.405
5042;5041;8.448
5028;5045;3.688
5046;5044;0.659
5047;5042;5.770
5040;5047;9.311
5049;5048;5.351
5036;5050;15.458
5048;5051;2.527
5052;5047;6.922
5053;5045;10.326
5048;5053;3.247
5054;5053;2.107
5051;5054;4.225
5056;5055;9.069
5056;5057;10.022
5008;5058;35.788
5060;5059;11.082
5054;5061;4.861
5062;5051;7.850
5063;5052;12.109
5063;5060;6.176
5052;5063;15.925
5060;5064;3.151
5050;5065;14.150
5067;5066;2.118
5068;5063;3.949
5064;5068;0.953
5069;5061;4.093
5070;5069;11.423
5071;5070;7.923
5061;5072;6.116
5072;5069;2.034
5073;4829;8.576
5075;5074;1.928
5076;5064;10.443
5074;5076;9.907
5077;5046;3.732
5074;5078;2.107
4828;5079;0.206
5080;5073;2.901
5080;5068;2.938
5082;5081;1.952
5076;5083;2.501
5084;5070;4.470
5083;5078;6.479
5050;5085;28.859
5085;5038;32.062
5078;5086;5.577
5087;5067;7.390
5081;5087;5.127
5088;5080;3.350
5088;5083;2.552
5072;5089;6.702
5090;5072;8.648
5087;5091;2.421
5093;5092;13.810
5094;5092;3.467
5095;5084;11.577
5096;5094;5.986
5097;5056;22.767
5098;5088;2.476
5098;5086;6.990
5099;5097;1.115
5101;5100;6.231
5092;5100;3.813
5020;5102;44.725
5067;5103;16.228
5103;5099;14.312
5104;5084;10.616
5086;5105;9.408
5100;5105;3.547
5106;5077;4.998
5107;5098;2.187
5105;5107;1.561
5091;5108;9.042
5109;5099;11.873
5103;5109;4.760
5110;5109;2.412
5111;5110;6.100
5102;4818;17.184
5113;5112;25.371
5065;5114;31.820
5114;5085;16.771
5115;5110;8.634
5116;5115;7.691
5117;5025;21.783
5119;5118;12.699
5091;5119;13.978
5058;5120;20.249
5119;5121;1.083
5081;5122;25.314
5122;5121;7.315
5121;5115;6.053
5123;5122;3.315
5124;5123;2.082
5112;4823;27.161
5125;5121;3.455
5126;5107;14.805
5123;5127;4.612
5128;5106;29.677
5129;5128;1.488
5129;5097;17.898
5130;5129;1.678
5131;5130;5.532
5132;5130;2.151
5127;5133;3.388
5134;5133;5.936
5135;5132;9.950
5136;5135;8.319
5133;5137;2.918
5138;5125;3.222
5139;5135;10.509
5115;5139;6.482
5139;5125;6.975
5140;5137;3.869
5141;5114;10.866
5128;5142;4.569
5138;5143;9.249
5144;5141;2.220
5144;5117;3.951
5138;5139;11.636
5043;5145;40.443
5146;5096;17.953
5147;5140;5.208
5148;5143;2.660
5127;5148;6.498
5149;5138;5.375
5143;5149;5.730
5142;5150;4.895
5151;5148;4.944
5137;5151;8.378
5132;5152;7.933
5154;5106;8.458
5154;5142;14.418
5145;5155;2.977
5156;5148;4.117
5157;5154;6.357
5140;5158;10.132
5159;5157;6.196
5151;5160;8.957
5161;5149;10.117
5160;5161;0.828
5162;5160;3.083
5163;5154;4.195
5164;5162;2.412
5166;5165;5.639
5162;5167;2.701
5168;5163;1.871
5168;5169;4.108
5165;5146;38.000
5153;5170;12.851
4822;5171;5.420
5171;5172;0.108
5172;4825;0.307
5163;5173;10.247
5174;5139;27.149
5175;5168;6.161
5176;5175;0.452
5120;5177;12.633
5178;5166;9.585
5161;5179;26.049
5079;4831;24.939
4826;5176;4.001
5179;5180;15.973
5181;5179;9.914
5141;5182;76.104
5183;4827;5.373
5182;5184;3.227
5185;5183;1.826
4824;5185;11.663
5184;5186;10.162
5184;5187;14.367
5188;5187;10.910
5187;5189;14.062
4817;4816;128.256
5190;5189;10.245
5189;5191;12.744
5191;5192;2.421
5193;5191;9.953
5194;5144;48.690
4830;4833;61.579
4814;5195;39.714
5196;5185;36.435
5197;5195;2.965
5198;5197;7.543
5195;5199;8.396
5199;5198;8.010
5200;5194;32.077
5199;5201;20.893
4832;5202;9.270
5203;5200;2.835
5204;5203;0.226
5207;5204;1.092
5202;5208;2.811
5201;5209;14.757
5210;5207;1.935
5212;5211;4.633
5211;5213;4.873
5214;5212;11.345
5212;5215;6.181
5215;5211;6.228
5216;5214;2.722
5211;5217;5.133
5217;5218;7.559
5217;5219;1.524
5219;5209;14.210
5215;5220;3.305
5221;5219;2.437
5222;5221;3.958
5223;5214;5.590
5220;5223;6.318
5224;5220;2.063
5224;5222;4.377
5225;5216;8.158
5216;5226;5.785
5223;5226;2.813
5227;5225;3.518
5221;5228;4.623
5229;5224;5.303
5230;5224;3.143
5231;5225;8.663
5226;5232;2.806
5232;5231;2.420
5229;5232;3.711
5233;5229;2.495
5235;5234;7.504
5235;5227;13.028
5234;5236;1.569
5237;5227;5.439
5237;5231;7.955
5236;5238;3.566
5222;5239;10.401
5240;5233;5.768
5241;5237;3.017
5241;5240;6.817
5242;5235;6.163
5243;5239;11.164
5244;5243;10.998
5245;5233;7.590
5239;5245;8.959
5246;5242;2.052
5247;5210;5.057
5236;5246;10.572
5248;5242;6.580
5248;5241;7.017
5249;5198;121.070
5250;5245;4.643
5251;5196;15.570
5201;5252;43.290
5253;5246;12.803
5253;5248;10.962
5254;5253;3.529
5255;5254;8.182
5240;5255;30.497
5255;5256;0.892
5208;5257;44.961
4843;5251;11.665
5258;4844;1.131
5257;5259;16.262
5259;4835;3.444
4834;5260;5.016
5260;5261;0.556
5262;5206;44.420
5263;5262;13.145
5264;5258;16.101
5265;5264;4.110
5267;5266;9.222
5261;5268;8.818
5269;5263;11.018
5266;5270;17.145
5266;5271;11.098
5272;5269;4.656
5273;5270;1.294
5271;5273;7.360
5271;5274;2.822
5276;5275;10.314
5275;5269;5.246
5277;5272;5.114
5278;5271;9.821
5270;5277;4.221
5274;5273;9.361
5275;5279;2.949
5279;5272;7.647
5280;5274;5.062
5280;5281;2.398
5279;5282;7.165
5277;5282;9.628
5283;5281;3.547
5283;5280;3.988
5284;5283;2.100
5285;5284;3.844
5287;5286;2.565
5286;5288;0.994
5290;5289;4.307
5291;5288;3.527
5281;5291;5.594
5282;5286;9.061
5292;5290;5.529
5292;5282;4.452
5293;5291;3.024
5284;5293;9.540
5294;5247;28.964
5288;5295;5.722
5293;5295;2.314
5296;5290;8.741
5296;5292;5.061
5295;5297;5.563
5297;5292;11.971
5298;5296;2.466
5299;5297;16.211
5300;5299;4.156
5298;5301;11.034
5302;5299;3.067
5304;5303;5.338
5303;5305;3.386
5306;5303;11.468
5268;4837;17.481
5307;5306;1.488
5305;5308;5.015
5305;5308;7.509
5309;5298;29.175
5311;5310;4.184
5308;5310;4.483
5312;5249;177.268
5313;5265;20.762
5314;5313;0.910
5310;5315;14.560
5316;5294;11.870
4819;5316;1.733
5317;5312;25.809
5315;5317;14.101
5318;5317;3.355
4836;4838;21.043
5320;5319;35.206
5321;5314;62.222
4821;4820;31.891
4808;5318;157.747
5177;5322;1.670
5322;5178;2.603
5324;5323;78.203
5326;5325;6.319
5325;5327;2.707
5329;5328;2.412
5330;5329;9.982
5332;5331;1.884
5333;5332;13.325
5335;5334;1.807
5334;5336;18.816
5338;5337;1.925
5337;5339;23.468
5341;5340;47.838
5343;5342;1.083
5345;5344;1.140
5347;5346;0.443
5349;5348;0.525
5351;5350;0.457
5353;5352;2.558
5355;5354;5.136
5357;5356;0.631
5359;5358;0.358
5360;5324;3.373
5362;5361;0.464
5364;5363;0.759
5365;5335;0.660
5367;5366;0.662
5369;5368;1.953
5371;5370;0.558
5373;5372;0.655
5375;5374;4.483
5377;5376;37.351
5379;5378;84.994
5361;5380;12.878
5382;5381;2.273
5383;5382;5.248
5385;5384;8.474
5387;5386;49.351
5323;5388;2.677
5389;5360;15.669
5390;574;37.656
5391;5390;5.641
5392;5387;75.458
5394;5393;11.857
5393;5395;7.139
5397;5396;7.370
5398;5389;45.466
5399;5391;10.216
5395;5400;9.289
5396;5401;10.638
5395;5402;12.441
5403;5400;17.904
5404;577;0.770
5404;5399;1.363
5402;5396;24.900
5405;5402;8.857
5400;5405;9.754
5406;5403;7.693
5407;5401;23.152
5408;5398;4.417
5409;5407;5.856
5401;5410;18.057
5407;5410;5.462
5405;5409;21.734
5410;5408;21.398
5411;5409;8.126
579;5404;8.787
5412;5408;83.208
5413;5412;11.871
5376;5413;8.018
5415;5414;1.179
5392;5346;78.178
5416;5347;8.468
5417;5416;3.080
5419;5418;9.770
5417;5420;19.040
5421;5419;13.711
5423;5422;20.583
5420;5418;21.385
5424;5421;2.558
5422;5425;4.691
5421;5425;11.448
5426;5424;2.854
5418;5426;18.375
5425;5427;3.295
5428;5427;4.207
5427;5429;4.680
5424;5429;12.788
5430;5426;4.978
5420;5430;37.750
5430;5431;2.828
5431;5432;5.446
5429;5433;7.710
5434;5433;2.030
5432;5434;10.035
5432;5435;8.402
5437;5436;4.305
5433;5438;32.803
5439;5437;6.985
5438;5439;1.048
5434;5440;14.360
5431;5440;24.354
5440;5441;8.268
5441;5442;3.004
5443;5441;1.167
5445;5444;5.108
5446;5438;13.275
5447;5446;12.988
5442;5446;16.350
5448;5443;8.262
5417;5448;31.897
5449;5439;16.014
5446;5449;13.200
5450;5445;9.572
5449;5450;2.422
5451;5443;12.843
5448;5451;4.443
5453;5452;6.582
5453;5445;9.786
5454;5446;9.735
5442;5454;23.433
5455;5453;1.231
5455;5456;6.307
5457;5455;2.044
5450;5457;13.358
5456;5458;13.668
5458;5459;1.628
5460;5459;1.381
5461;5448;21.035
5462;5460;9.544
5462;5456;7.496
5449;5463;19.983
5464;5454;10.307
5451;5464;9.110
5465;5457;8.847
5463;5465;2.556
5465;5462;6.421
5466;5463;4.849
5454;5466;24.704
5467;5458;10.992
5468;5462;8.670
5466;5468;2.864
5469;5467;3.639
5467;5470;4.567
5470;5460;10.032
5471;5468;3.788
5471;5466;4.178
5464;5471;6.673
5469;5472;4.698
5472;5467;3.328
5470;5473;2.000
5468;5474;11.869
5472;5475;4.520
5473;5475;2.515
5476;5471;7.774
5474;5473;8.926
5477;5474;3.346
5471;5477;4.637
5476;5478;6.739
5479;5478;5.061
5477;5480;12.336
5478;5480;6.641
5479;5481;2.097
5482;5479;4.234
5483;5476;34.739
5480;5484;13.162
5475;5485;36.463
5477;5485;14.489
5486;580;44.016
5377;5487;0.665
5488;5486;7.686
5489;5486;32.728
5490;5489;27.408
5492;5491;4.201
5487;5493;17.816
5494;5493;7.026
5493;5495;1.585
5496;5495;0.911
5497;5495;5.811
5498;5490;20.591
5491;5499;15.172
5499;5496;6.652
5496;5500;24.038
5348;5485;42.234
5500;5501;4.375
5502;5500;6.086
5502;5503;7.862
5499;5504;21.248
5505;5502;4.399
5506;5349;4.212
5505;5507;10.818
5506;5355;0.628
5508;5505;2.832
5492;5362;28.838
5508;5509;7.038
5510;5508;5.030
5511;5510;2.753
5511;5509;0.534
5510;5512;0.636
5513;5512;9.527
5504;5514;11.414
5516;5515;4.256
5512;5515;3.396
5517;5511;7.550
5518;5509;17.792
5518;5519;6.309
5515;5517;6.780
5520;5514;8.036
5517;5521;4.686
5521;5520;19.499
5354;5522;0.520
5523;5518;10.451
5504;5341;25.106
5520;5341;6.856
5524;5523;3.483
5525;5524;3.237
5341;5526;7.092
5521;5527;14.198
5527;5525;1.944
5527;5528;6.583
5524;5528;7.478
5526;5529;6.890
5522;5530;3.074
5528;5531;1.855
5532;5526;12.687
5530;5533;4.252
5535;5534;20.655
5414;5536;182.539
5536;5537;2.713
5533;5357;19.055
5356;5538;0.247
5340;5539;46.020
5540;5535;27.814
5541;5356;24.808
5380;5542;40.508
5543;5541;3.909
5545;5544;9.840
5546;5544;3.115
5547;5543;3.292
5542;5364;0.683
5538;5548;22.209
5363;5546;3.265
5549;5546;2.147
5551;5550;11.589
5544;5550;1.635
5550;5552;0.271
5543;5553;8.768
5541;5553;16.120
5554;5544;4.919
5552;5555;1.327
5556;5554;2.020
5549;5556;6.972
5557;5555;3.188
5552;5557;5.797
5555;5558;1.159
5559;5549;7.255
5538;5560;8.947
5561;5560;16.246
5557;5562;5.894
5562;5554;8.474
5563;5556;8.689
5559;5563;5.401
5564;5563;1.148
5565;5562;2.533
5564;5562;11.560
5566;5564;1.537
5566;5559;7.473
5553;5567;13.175
5568;5558;7.422
5565;5568;4.151
5570;5569;12.270
5571;5566;3.064
5572;5567;7.125
5569;5572;7.499
5573;5565;4.623
5548;5574;19.310
5575;5571;7.638
5558;5576;8.110
5568;5576;19.562
5577;5540;9.158
5577;5576;0.249
5574;5578;3.564
5560;5578;4.686
5579;5569;18.404
5574;5580;9.047
5581;5572;10.875
5567;5582;37.386
5582;5583;6.026
5584;5583;7.907
5585;5584;8.582
5578;5586;12.235
5583;5586;22.654
5586;5587;2.138
5586;5588;12.198
5589;5579;47.490
5587;5590;4.910
5588;5591;4.924
5592;5588;3.972
5590;5592;2.152
5590;5593;2.819
5587;5593;1.830
5592;5594;4.329
5596;5595;3.177
5597;5506;117.517
5598;5597;2.962
5593;5599;8.362
5600;5598;7.163
5601;5595;13.762
5597;5601;3.568
5599;5602;1.287
5601;5603;1.356
5339;5577;4.708
5604;5603;2.714
5605;5604;2.544
5603;5606;2.251
5607;5604;4.406
5607;5598;20.666
5608;5607;1.321
5537;5609;57.866
5610;5606;6.985
5611;5608;8.963
5327;5539;46.143
5612;5326;0.727
5613;5595;30.608
5613;5610;5.008
5614;5606;1.440
5614;5608;5.984
5616;5615;19.770
5599;5615;27.725
5615;5617;14.601
5602;5618;7.950
5619;5613;11.223
5619;5610;11.532
5602;5620;24.079
5621;5619;6.910
5621;5614;2.700
5609;5622;12.729
5624;5623;13.033
5625;5622;10.479
5626;5612;33.831
5626;5625;2.751
5618;5624;14.454
5625;5627;13.370
5627;5628;10.073
5629;5627;4.945
5631;5630;1.150
5630;5632;2.942
5632;5629;6.187
5633;5626;13.702
5633;5630;4.366
5634;5632;2.099
5634;5629;3.481
5635;5633;8.012
5635;5634;5.238
5636;5635;5.470
5637;5635;6.437
5638;5637;2.174
5639;5636;6.261
5637;5639;8.257
5641;5640;4.930
5640;5639;8.070
5643;5642;18.457
5645;5644;74.740
5645;5642;2.605
5646;5645;0.282
5646;5647;8.381
5642;5647;11.623
5336;5338;18.531
5642;5365;6.271
5647;5648;4.964
5649;5648;4.996
5650;5646;20.161
5650;5651;14.276
5648;5652;14.842
5653;5652;2.690
5654;5621;39.849
5652;5655;3.502
5655;5656;4.869
5657;5650;15.773
5650;5658;25.871
5655;5659;13.103
5623;5660;35.279
5651;5661;18.277
5661;5662;1.827
5664;5663;5.711
5664;5665;7.554
5659;5666;11.279
5659;5667;14.361
5668;5664;1.484
5667;5666;12.865
5662;5367;1.332
5666;5669;12.078
5667;5670;8.391
5671;5670;8.364
5672;5654;17.892
5670;5673;4.285
5673;5674;5.016
5675;5668;25.833
5672;5675;3.743
5676;5668;21.855
5675;5676;5.934
5676;5677;8.542
5366;5678;9.012
5677;5679;7.352
5678;5680;1.862
5681;5679;1.576
5673;5682;29.115
5683;5682;18.061
5685;5684;11.141
5675;5686;34.753
5686;5684;3.912
5688;5687;1.639
5690;5689;3.696
5692;5691;11.605
5693;5691;0.256
5682;5694;24.308
5691;5695;5.825
5697;5696;7.347
5686;5696;19.393
5684;5698;18.619
5699;5689;15.424
5700;5677;28.304
5695;5699;6.316
5700;5701;4.233
5702;5693;4.909
5680;5702;12.442
5695;5703;7.009
5705;5704;7.890
5696;5704;10.151
5707;5706;11.798
5703;5708;1.242
5693;5708;14.705
5709;5700;8.252
5711;5710;42.085
5712;5711;6.941
5713;5709;7.105
5704;5713;16.034
5709;5714;7.215
5488;5379;21.819
5716;5715;4.501
5715;5711;28.517
5718;5717;1.560
5719;5688;33.608
5720;5378;5.043
5722;5721;9.520
5723;5682;46.632
5724;5719;5.918
5726;5725;3.448
5726;5724;8.449
5727;5706;24.076
5721;5727;6.397
5728;5715;43.194
5706;5728;50.263
5729;5726;1.897
5730;5689;57.490
5730;5703;35.238
5708;5731;34.410
5717;5731;45.524
5732;5727;6.240
5733;5729;7.050
5734;5733;5.078
5734;5724;9.538
5735;5728;16.390
5737;5736;10.056
5732;5737;4.103
5736;5735;22.270
5738;5732;2.872
5738;5737;2.833
5740;5739;4.916
5741;5738;9.970
5741;5721;13.552
5742;5730;11.286
5739;5742;7.120
5743;5734;3.371
5744;5733;6.791
5743;5744;4.653
5746;5745;4.518
5747;5690;32.516
5731;5748;10.250
5736;5749;8.984
5750;5743;4.551
5751;5744;4.291
5750;5751;4.926
5752;5742;6.554
5745;5753;10.511
5753;5754;0.606
5752;5755;3.693
5748;5756;5.093
5757;5741;51.215
5729;5757;72.766
5754;5747;16.493
5758;5752;17.835
5756;5758;12.197
5748;5759;11.128
5756;5759;13.080
5717;5760;49.170
5758;5761;22.369
5762;5723;46.539
5763;5757;20.286
5760;5764;11.512
5765;5760;10.917
5759;5766;17.475
5764;5766;9.358
5767;5764;6.370
5768;5766;9.743
5766;5769;6.075
5767;5769;6.396
5770;5767;5.562
5771;5750;55.187
5771;5681;44.322
5769;5772;4.302
5770;5772;5.302
5773;5720;127.311
5774;5770;4.064
5772;5775;4.149
5774;5775;5.477
5775;5776;0.885
5776;5777;3.551
5778;5774;8.367
5779;5778;7.140
5776;5780;7.369
5778;5780;4.727
5781;5771;7.636
5780;5782;5.235
5783;5778;12.585
5782;5784;3.050
5783;5784;9.277
5785;5782;15.305
5368;5746;38.988
5786;5784;11.782
5787;5786;8.096
5788;5763;60.255
5789;5786;3.609
5790;5788;6.776
5790;5781;10.928
5791;5789;23.704
5792;5791;6.742
5793;5369;10.572
5358;5773;11.120
5794;5791;18.260
5795;5793;9.994
5370;5795;16.931
5372;5371;12.948
5797;5796;5.914
5798;5383;5.526
5796;5799;3.271
5800;5796;4.885
5383;5801;7.551
5799;5801;6.787
5381;5802;13.841
5799;5803;6.248
5802;5804;4.175
5805;5803;11.468
5801;5806;13.207
5803;5806;6.793
5807;5359;60.398
5808;5790;31.747
5350;5808;0.315
5809;5351;0.919
5810;5806;24.724
5812;5811;11.009
5813;5812;12.793
5810;5812;5.165
5811;5814;13.836
5816;5815;2.813
5812;5815;6.268
5812;5817;5.284
5817;5818;4.180
5818;5810;9.452
5819;5807;11.510
5374;5820;1.945
5821;5811;11.228
5815;5821;8.708
5821;5822;15.741
5823;5808;22.762
5824;5815;8.683
5824;5825;3.770
5825;5817;8.737
5826;5373;34.611
5825;5827;4.636
5827;5818;8.616
5375;5826;4.931
5828;5375;1.546
5829;5828;0.986
5830;5828;2.601
5829;5830;2.442
5820;5831;14.852
5832;5824;17.837
5832;5833;3.446
5831;5823;18.779
5834;5832;4.130
5835;5827;21.822
5836;5835;25.987
5837;5821;27.001
5834;5837;2.352
5830;5838;16.388
5838;5839;5.365
5840;5835;4.365
5841;5834;7.317
5840;5841;4.835
5842;5838;5.992
5843;5837;7.930
5845;5844;3.501
5844;5829;12.104
5846;5845;24.587
5847;5846;1.112
5848;5847;0.471
5849;5843;11.626
5850;5841;12.606
5850;5840;12.107
5851;5828;62.274
5853;5852;16.103
5851;5854;17.170
5855;5850;7.010
5856;5853;18.805
5854;5856;6.215
5857;5851;8.149
5856;5858;2.875
5858;5859;6.055
5843;5860;18.985
5861;5853;7.891
5859;5861;9.440
5862;5858;5.757
5862;5854;14.478
5863;5855;10.629
5864;5863;29.041
5865;5852;17.081
5861;5865;15.886
5866;5862;3.048
5867;5866;3.220
5869;5868;7.120
5865;5868;3.117
5870;5866;4.465
5855;5871;18.537
5872;5859;10.750
5872;5866;9.606
5852;5873;123.035
5873;5874;2.025
5868;5875;32.296
5876;5863;15.039
5877;5865;14.384
5857;5878;31.046
5879;5857;27.274
5880;5877;5.333
5881;5876;5.828
5882;5872;17.077
5883;5877;7.549
5875;5884;49.357
5885;5883;15.113
5886;5876;23.063
5887;5819;28.164
5888;5881;47.545
5888;5809;27.928
5889;5888;14.131
5887;5890;4.852
5891;5890;8.631
5892;5891;11.630
5890;5893;5.157
5894;5891;7.277
5895;5891;5.797
5895;5894;5.807
5894;5896;15.842
5896;5897;1.240
5898;5895;3.145
5897;5899;12.194
5900;5899;1.895
5899;5901;0.495
5901;5902;3.019
5903;5901;2.553
5896;5898;21.399
5902;5904;1.788
5897;5905;4.670
5902;5906;2.243
5904;5907;4.023
5908;5907;15.862
5907;5909;7.110
5904;5910;8.789
5909;5910;3.725
5910;5911;11.920
5890;5912;11.811
5898;5912;21.898
5909;5913;25.632
5888;5914;25.083
5914;5915;12.251
5915;5916;3.914
5916;5917;0.461
5915;5917;13.993
5917;5345;0.902
5918;5913;76.881
5920;5919;0.741
5921;5918;11.673
5344;5921;2.016
5919;5921;13.187
5913;5333;63.326
5918;5333;48.356
5333;5330;25.715
5331;5922;11.867
5923;5922;3.394
5912;5924;34.681
5330;5924;40.674
5922;5925;9.890
5925;5926;11.710
5328;5927;8.932
5926;5927;5.663
5925;5928;5.678
5923;5929;12.111
5930;5923;32.649
5921;5930;17.771
5931;5928;3.427
5926;5932;7.593
5928;5932;4.496
5932;5933;5.000
5934;5927;6.435
5933;5934;0.979
5935;5932;6.047
5924;5936;10.047
5936;5934;44.780
5930;5937;8.040
5937;5938;1.209
5936;5939;22.883
5939;5343;0.238
5342;5940;15.204
5940;5938;14.883
5940;5941;26.802
5941;5942;25.444
5942;5943;2.777
5943;5944;18.303
5944;5353;1.375
5352;5945;1.460
5945;5946;42.506
5950;5949;2.042
5952;5951;0.519
5954;5953;2.090
5956;5955;0.413
5976;5975;17.329
5977;5976;4.353
5979;5977;19.612
5988;5987;9.583
5990;5992;23.920
5992;5985;18.346
5994;5979;44.463
5996;5994;2.294
5998;5996;70.697
5999;5998;2.181
6000;5999;21.501
6001;6000;16.711
6002;6001;2.327
6003;6002;0.569
6004;6003;1.724
6005;6004;4.921
6006;6003;4.109
6007;6004;14.914
6009;6008;16.546
6010;6007;6.432
6010;6005;20.359
6008;6011;27.841
6012;6005;13.010
6012;6013;2.475
6005;6014;16.796
6014;6015;27.518
6016;6006;8.741
6017;6009;7.992
6018;6014;6.108
6019;6006;22.234
6019;6007;18.746
6020;6018;28.950
6020;6015;3.384
6021;6015;16.252
6021;6012;6.469
6019;6022;3.425
6018;6023;16.446
6024;6010;17.961
6023;6024;5.789
6022;6025;7.721
6024;6025;2.206
6026;6022;3.753
6027;6026;1.109
6025;6027;7.939
6028;6021;6.665
6029;6017;15.103
6025;6030;5.492
6030;6023;12.916
6031;6020;26.971
6032;6027;6.765
6032;6030;6.206
6033;6031;3.544
6034;6028;5.582
6035;6016;10.203
6031;6028;19.853
6036;6029;9.925
6035;6037;10.442
6037;6019;25.449
6038;6029;4.394
6039;6032;15.851
6040;6035;4.245
6041;6026;21.263
6041;6039;4.640
6042;6037;5.183
6042;6041;1.865
6043;6038;1.509
6044;6040;2.062
6045;6044;0.454
6046;6044;20.579
6046;6042;6.541
6047;6039;6.272
6045;6048;2.890
6049;6046;17.341
6050;6034;13.965
6051;6043;10.611
6048;6052;9.549
6053;6051;8.252
6054;5954;0.968
6051;6055;8.529
6056;6050;15.076
6057;6053;11.072
6052;6058;9.062
6059;6057;12.197
6060;6057;8.233
6061;6053;42.415
6059;6061;3.755
6062;6059;10.742
6060;6062;4.371
6063;6060;6.261
6064;6036;28.986
6065;5952;0.357
6066;6063;0.427
6067;6055;41.034
6061;6067;3.571
6011;6065;42.656
6068;6061;19.933
6068;6062;14.079
6068;6063;14.724
6069;6067;19.844
6069;6068;3.134
6071;6070;16.190
6071;6069;1.392
6072;6066;9.999
5953;6073;6.060
6058;6072;21.598
5951;6074;72.655
6075;6064;5.723
6076;6071;16.231
6077;6056;26.780
6073;5956;3.970
5949;6077;14.759
5955;6078;5.100
6079;5950;6.740
6085;6077;31.715
6087;6086;0.304
6089;6088;1.073
6091;6090;1.170
6092;3982;15.851
6094;6093;82.073
6095;6092;3.910
6096;6094;2.221
6097;6096;0.659
6098;6095;6.027
6099;6097;6.701
6100;6099;2.495
6101;6100;8.521
6102;6098;20.271
6103;6102;3.339
6105;6101;6.952
6107;6105;1.301
6107;6108;0.701
6109;6108;1.215
6110;6109;2.846
6111;6110;2.268
6112;6111;14.762
6113;6112;45.003
6117;6116;4.601
6116;6118;4.846
6121;6122;1.436
6122;6089;4.452
6088;6124;4.794
6124;6125;10.172
6127;6126;6.082
6126;6128;14.955
6125;6129;10.625
6130;6128;5.093
6131;6126;26.416
6131;6130;3.436
6128;6132;4.572
6133;6132;8.016
6132;6134;6.845
6135;6134;3.068
6129;6136;1.183
6136;6131;3.433
6134;6137;7.264
6138;6130;8.202
6137;6138;5.675
6140;6139;21.444
6138;6141;1.694
6142;6139;5.373
6136;6143;2.639
6143;6141;5.549
6145;6144;3.817
6144;6142;2.283
6147;6146;1.186
6148;6144;3.923
6150;6149;4.274
6149;6148;2.041
6143;6151;0.585
6153;6152;8.684
6154;6152;6.052
6155;6149;2.457
6146;6156;5.831
6152;6156;1.881
6157;6146;6.329
6156;6158;1.438
6158;6155;9.934
6160;6159;2.666
6160;6137;11.666
6141;6161;11.121
6160;6161;2.114
6162;6160;2.846
6139;6163;12.267
6164;6151;12.792
6161;6164;3.421
6166;6165;2.072
6165;6167;5.106
6167;6158;7.372
6168;6155;11.566
6169;6165;16.258
6169;6170;3.057
6171;6142;17.530
6172;6171;1.742
6151;6172;6.053
6173;6168;5.507
6171;6173;2.257
6169;6174;3.306
6174;6167;9.342
6175;6168;9.045
6176;6175;1.526
6177;6167;7.570
6176;6177;9.008
6178;6176;1.181
6179;6177;4.853
6180;6175;6.717
6180;6173;5.872
6181;6164;13.403
6182;6181;0.768
6183;6182;9.471
6174;6184;5.381
6184;6179;4.012
6185;6178;3.802
6186;6184;4.159
6185;6178;12.995
6187;6177;8.710
6180;6188;5.468
6172;6188;4.088
6181;6189;14.762
6189;6188;9.351
6188;6190;1.193
6192;6191;9.495
6193;6185;5.512
6191;6182;35.601
6194;6193;0.699
6190;6194;0.727
6190;6195;3.163
6179;6196;11.714
6193;6196;15.993
6194;6197;3.455
6198;6195;5.624
6197;6199;0.458
6199;6200;0.332
6196;6201;6.232
6197;6201;4.779
6201;6202;1.593
6200;6202;0.896
6196;6203;13.029
6204;6203;13.238
6205;6200;7.740
6195;6205;12.849
6203;6206;6.409
6201;6206;13.335
6206;6207;1.280
6202;6207;5.028
6203;6208;12.191
6209;6208;6.064
6205;6210;8.872
6212;6211;3.153
6208;6213;7.915
6208;6214;6.347
6206;6214;11.854
6210;6215;3.836
6214;6216;1.137
6207;6216;4.420
6210;6217;4.242
6211;6217;5.437
6215;6218;4.772
6219;6211;6.542
6220;6215;3.990
6217;6221;3.761
6218;6222;5.262
6222;6218;8.563
6223;6221;4.926
6214;6224;15.440
6225;6223;4.139
6222;6226;4.923
6221;6227;11.360
6228;6227;4.751
6229;6228;3.745
6226;6230;6.245
6230;6223;16.347
6231;6229;1.304
6232;6231;2.888
6233;6231;1.049
6234;6233;2.066
6235;6234;3.875
6236;6234;7.321
6230;6237;5.049
6238;6237;4.124
6239;6229;3.773
6228;6240;6.156
6216;6241;13.705
6242;6233;6.942
6242;6243;4.191
6244;6242;5.008
6237;6245;16.473
6227;6245;12.162
6247;6246;3.033
6246;6244;2.744
6245;6246;5.637
6244;6248;9.953
6248;6249;1.539
6250;6248;4.106
6251;6250;3.022
6246;6250;14.684
6241;6252;4.104
6252;6253;6.000
6253;6254;6.973
6123;6087;63.006
6254;6091;29.862
6086;6255;16.812
6090;6256;19.357
6255;6258;3.405
6258;6261;5.385
6261;6262;29.538
6264;6263;4.015
6265;6264;0.463
6266;6265;0.872
6268;6267;11.331
6270;6268;1.609
6272;6270;0.974
6273;6272;3.062
6275;6274;30.780
6277;6276;38.230
6276;6275;20.623
6278;6273;24.725
6279;6278;8.921
6280;6279;18.717
6286;6285;14.969
6285;6290;8.983
6292;6291;20.242
6293;6292;25.219
6294;6293;7.801
6295;6294;1.396
6296;6295;0.867
6297;6296;3.082
6297;6298;4.847
6298;6299;0.827
6299;6300;3.377
6299;6301;16.234
6300;6302;1.343
6302;6303;6.689
6304;6301;16.368
6306;6305;4.468
6307;6300;15.946
6308;6301;12.749
6308;6307;8.086
6309;6308;1.329
6310;6309;2.886
6304;6311;13.864
6311;6310;9.502
6307;6312;11.259
6302;6312;4.684
6312;6313;5.950
6305;6313;14.214
6314;6309;7.352
6314;6310;15.315
6315;6314;3.457
6313;6315;16.843
6316;6315;7.193
6311;6317;18.999
6317;6316;5.858
6318;6313;18.148
6318;6319;17.148
6316;6320;5.089
6320;6318;12.617
6320;6321;7.606
6322;6317;23.351
6323;6318;25.828
6325;6324;2.236
6324;6326;1.005
6328;6327;9.106
6330;6329;0.976
6332;6331;10.348
6334;6333;7.795
6336;6335;0.931
6338;6337;1.634
6340;6339;4.661
6342;6341;3.333
6344;6343;4.113
6346;6345;0.251
6348;6347;1.275
6350;6349;3.945
6352;6351;1.583
6354;6353;0.620
6356;6355;2.169
6358;6357;0.722
6360;6359;0.776
6362;6361;0.618
6364;6363;0.954
6366;6365;0.963
6368;6367;0.624
6370;6369;0.656
6372;6371;0.398
6374;6373;1.627
6376;6375;0.881
6378;6377;1.468
6380;6379;0.916
6382;6381;1.071
6386;6385;6.069
6387;6386;41.722
6385;6338;5.068
6388;6385;118.468
6389;6386;19.861
4740;6390;0.510
6390;6391;66.197
6391;6392;31.272
6392;6393;32.332
6393;6394;6.516
6395;6394;4.636
6396;6395;0.666
6397;1137;5.060
6396;6398;9.000
6400;6399;10.212
6398;6400;2.261
6401;6400;12.359
6402;6401;9.412
6402;6398;7.471
6404;6403;10.120
6403;6401;4.842
6403;6405;3.218
6405;6406;5.889
6406;6402;6.596
6407;6406;0.986
6408;6407;5.255
6408;6396;7.072
6409;6408;6.865
6411;6410;11.059
6411;6405;5.811
6412;6397;13.272
6413;6407;9.221
6413;6408;2.950
6414;6411;7.358
6414;6413;11.263
6415;6413;1.583
6416;6414;8.173
6417;6414;16.540
6418;6416;7.129
6418;6415;2.228
6419;6415;7.771
6420;6416;8.878
6421;6419;7.158
6422;6416;10.414
6422;6423;5.795
6423;6418;3.977
6424;6422;15.153
6424;6425;6.804
6426;6425;2.996
6427;6423;3.195
6425;6428;6.619
6428;6423;10.980
6429;6427;3.229
6429;6421;17.770
6430;6428;6.039
6430;6431;3.805
6431;6432;3.915
6432;6427;7.537
6433;6429;3.980
6435;6434;21.845
6403;6434;66.311
6433;6436;3.517
6436;6372;0.298
6437;6434;3.358
6437;6424;16.517
6438;6431;8.380
6438;6432;6.783
6439;6412;40.779
6371;6374;3.153
6440;6430;17.193
6441;6438;9.978
6441;6442;9.097
6373;6443;0.677
6444;6441;3.190
6445;6437;14.027
6445;6440;12.189
6443;6446;1.097
6446;6439;29.554
6448;6444;3.592
6449;6429;27.575
6449;6444;12.427
6451;6449;3.344
6452;6440;17.058
6453;6452;10.329
6448;6452;9.761
6452;6454;1.788
6455;6451;6.621
6456;6448;10.622
6456;6455;4.119
6454;6456;6.487
6457;6445;14.202
6454;6458;4.545
6459;6457;2.670
6460;6456;2.877
6458;6459;13.646
6461;6458;3.608
6455;6460;18.537
6461;6460;13.079
6457;6462;10.570
6463;6459;16.190
6463;6461;6.738
6463;6451;35.533
6462;6464;15.010
6465;6463;20.581
6466;6462;31.092
6379;6464;18.186
6467;6380;9.547
6363;6450;41.296
6468;6467;30.021
6469;1187;28.157
6470;6468;34.472
6471;6469;7.037
6472;6364;39.888
6473;1204;7.921
6475;6474;7.857
6475;6470;39.975
6476;6471;34.324
6478;6477;3.187
6479;6477;6.303
6480;6478;11.225
6478;6481;3.198
6481;6480;10.597
6482;6477;9.393
6482;6479;22.200
6481;6483;8.380
6483;6484;4.800
6484;6482;2.319
6365;6472;23.426
6485;6484;0.849
6486;6485;2.629
6483;6480;25.243
6487;6485;7.633
6487;6488;14.476
6490;6489;8.738
6489;6487;7.377
6491;6475;35.046
6492;6489;2.051
6493;6492;10.495
6494;6492;16.002
6495;6491;11.716
6496;6493;13.103
6497;6496;36.236
6498;6495;18.566
6499;6493;24.083
6500;6499;3.640
6501;6496;13.605
6499;6501;3.379
6502;6476;18.178
6503;6501;7.417
6503;6499;7.567
6505;6504;13.654
6501;6506;11.293
6507;6496;16.042
6506;6507;4.325
6508;6507;4.780
6504;6509;5.801
6510;6503;31.808
6512;6511;1.756
6511;6507;6.895
6514;6513;4.430
6515;6511;2.058
6515;6506;17.967
6516;6504;12.427
6517;6513;7.526
6518;6473;86.592
6519;6518;0.729
6520;6517;8.280
6509;6520;11.928
6521;6520;3.768
6521;6516;5.749
6516;6522;18.307
6513;6523;5.620
6517;6523;6.084
6524;6522;7.438
6525;6521;2.947
6526;6515;9.171
6527;6525;6.174
6529;6528;3.630
6520;6528;8.600
6530;6527;5.338
6528;6531;2.172
6531;6527;7.016
6532;6526;6.130
6523;6533;10.416
6531;6533;2.936
6534;6531;5.703
6535;6525;8.991
6535;6516;17.521
6534;6535;9.314
6533;6536;24.551
6537;6519;7.934
6522;6538;11.711
6539;6538;6.117
6540;6535;4.074
6541;6531;6.731
6542;6526;13.466
6543;6541;10.027
6540;6543;8.411
6544;6510;34.894
6545;6543;1.362
6546;6540;6.031
6547;6546;4.619
6548;6545;7.370
6549;6541;8.193
6551;6550;7.632
6549;6551;7.668
6538;6552;12.685
6553;6552;19.932
6554;6549;4.426
6554;6545;8.662
6555;6544;26.610
6551;6555;4.829
6556;6548;4.939
6556;6546;5.598
6557;6498;23.059
6552;6558;3.155
6559;6558;14.747
6560;6556;2.799
6561;6556;12.005
6562;6549;5.625
6562;6555;14.058
6563;6554;10.497
6563;6548;8.070
6558;6564;4.906
6564;6537;13.293
6566;6565;3.252
6566;6562;3.233
6567;6563;3.554
6568;6560;10.915
6568;6564;1.854
6569;6567;4.961
6569;6560;7.439
6570;6569;2.168
6570;6568;3.871
6571;6564;20.881
6567;6572;11.383
6572;6570;4.222
6573;6572;3.681
6554;6574;17.364
6574;6573;0.818
6575;6502;15.498
6576;6566;13.190
6576;6574;2.946
6577;6568;11.108
6578;6366;28.935
6579;6573;9.219
6580;6572;14.305
6582;6575;2.492
6583;6576;13.811
6584;6542;10.413
6585;6582;1.770
6576;6586;20.465
6587;6584;0.915
6587;6583;4.746
6588;6585;4.442
6589;6587;21.006
6590;6588;7.283
6592;6591;4.750
6593;6589;15.593
6594;6593;8.770
6595;6557;23.186
6596;6590;6.151
6355;6595;2.809
6592;6597;28.236
6598;6597;5.011
6599;6598;7.940
6599;6592;29.428
6600;6599;4.945
6598;6601;6.249
6600;6601;9.623
6603;6602;16.923
6604;6602;20.984
6605;6600;2.208
6602;6605;6.845
6606;6594;32.853
6607;6596;11.199
6597;6608;13.631
6609;6605;4.553
6610;6608;7.905
6601;6610;6.083
6611;6609;3.610
6610;6612;2.805
6612;6611;5.291
6608;6607;8.309
6613;6606;7.247
6614;6356;5.741
6615;6609;6.374
6615;6616;8.978
6616;6602;13.582
6617;6616;28.157
6611;6618;8.374
6619;6618;4.279
6619;6615;2.178
6620;6612;8.434
6618;6620;5.248
6610;6621;8.647
6620;6621;2.721
6622;6608;10.175
6621;6622;8.474
6623;6619;4.242
6622;6624;3.980
6616;6625;9.237
6621;6626;6.184
6626;6618;9.869
6627;6613;7.423
6624;6629;11.092
6629;6626;3.299
6629;6623;14.199
6630;6623;5.045
6631;6624;6.067
6632;6630;4.149
6632;6630;10.335
6633;6631;4.101
6633;6629;5.686
6635;6634;4.334
6635;6631;7.599
6635;6636;3.668
6636;6633;5.658
6637;6614;3.837
6637;6607;9.174
6638;6616;16.776
6381;6617;20.486
6639;6632;3.725
6639;6638;3.506
6636;6641;4.660
6644;6638;9.971
6642;6382;11.583
6645;6639;5.114
6646;6635;7.846
6647;6646;6.985
6648;6647;3.539
6649;6648;2.108
6649;6633;10.056
6645;6649;13.404
6650;6635;12.508
6649;6653;5.124
6654;6646;6.386
6647;6655;6.615
6648;6655;6.758
6655;6653;4.775
6656;6654;5.860
6656;6655;3.480
6653;6657;2.877
6658;6657;10.855
6658;6645;9.579
6659;6637;6.417
6659;6650;9.546
6661;6660;15.188
6660;6658;5.601
6657;6663;1.719
6663;6656;18.362
6665;6660;5.112
6666;6650;13.400
6667;6654;9.315
6668;6665;5.852
6669;6665;2.377
6663;6670;6.184
6670;6658;11.795
6671;6659;3.510
6673;6670;9.676
6671;6674;4.538
6675;6672;19.240
6674;6676;8.184
6677;6675;8.825
6678;6677;3.125
6681;6678;6.713
6682;6681;7.314
2815;6683;20.726
6684;6682;28.131
6345;6684;9.113
6685;6346;1.983
6683;6358;123.499
6357;6360;5.509
6687;6686;3.035
6686;6688;10.678
6689;6688;8.579
6691;6689;4.913
6693;6692;4.004
6691;6694;4.389
6359;6695;15.783
6695;6691;4.371
6697;6696;31.871
6698;6694;5.377
6692;6698;3.574
6699;6689;12.630
6699;6700;11.619
6694;6701;4.889
6702;6701;3.654
6698;6702;2.437
6703;6692;7.219
6699;6703;4.474
6704;6702;3.914
6703;6704;4.464
6690;6697;74.525
6696;6705;27.625
6695;6706;1.288
6701;6706;11.149
6707;6701;6.348
6708;6699;5.610
6709;6685;46.550
6710;6699;12.857
6700;6710;16.218
6708;6711;2.511
6712;6701;9.389
6712;6704;7.171
6713;6710;1.863
6714;6713;3.527
6715;6712;3.577
6716;6705;4.530
6712;6717;5.222
6719;6718;8.141
6720;6708;7.042
6721;6709;1.389
6722;6713;6.122
6723;6716;3.481
6724;6687;28.281
6725;6719;2.683
6726;6723;1.645
6727;6725;1.636
6728;6726;1.185
6719;6729;7.034
6729;6727;3.866
6724;6730;2.209
6731;6730;6.222
6732;6729;8.568
6727;6733;2.350
6734;6733;1.622
6735;6716;12.090
6730;6736;1.075
6736;6732;3.362
6738;6737;7.567
6739;6725;16.883
6739;6728;5.072
6733;6740;3.456
6740;6739;0.847
6736;6741;2.206
6732;6741;4.794
6728;6742;7.881
6734;6743;4.221
6743;6740;0.445
6741;6744;0.740
6726;6745;9.858
6745;6723;13.437
6744;6746;1.454
6746;6734;10.266
6746;6743;1.780
6748;6747;2.412
6747;6738;5.342
6749;6746;1.207
6750;6748;5.030
6752;6751;45.427
6749;6753;8.057
6740;6753;6.183
6754;6750;3.118
6754;6748;3.417
6755;6745;7.835
6744;6756;4.621
6756;6757;4.394
6757;6749;3.165
6759;6758;8.566
6753;6760;5.164
6761;6756;5.659
6762;6754;8.672
6762;6747;7.034
6738;6762;14.027
6758;6762;4.093
6764;6763;6.878
6763;6721;6.706
6329;6763;0.373
6765;6762;1.777
6766;6757;3.163
6767;6765;4.093
6758;6767;2.933
6760;6766;13.153
6760;6768;4.711
6769;6750;6.310
6769;6765;11.605
6766;6770;2.542
6771;6767;2.807
6772;6771;18.495
6774;6773;3.862
6776;6775;4.100
6773;6777;1.352
6778;6776;6.702
6778;6330;0.791
6779;6769;4.967
6752;6780;5.873
6779;6781;7.065
6781;6782;2.089
6782;6765;9.539
6765;6783;9.443
6782;6783;6.630
6780;6784;1.400
6784;6779;3.396
6786;6785;4.858
6773;6786;9.900
6777;6787;7.280
6787;6776;8.409
6783;6788;2.558
6788;6771;8.302
6788;6789;4.112
6789;6336;0.744
6784;6790;2.810
6781;6790;6.687
6791;6786;9.374
6791;6787;5.527
6335;6792;0.806
6790;6789;6.056
6793;6792;7.155
6795;6794;10.125
6796;6795;2.579
6797;6795;3.449
6798;6796;7.308
6791;6798;7.126
6799;6791;11.137
6800;6798;1.902
6799;6800;7.111
6801;6799;0.767
6802;6793;3.316
6803;6801;3.101
6803;6778;7.218
6804;6803;3.434
6805;6804;7.354
6805;6806;5.739
6807;6797;3.906
6808;6803;1.118
6808;6809;1.566
6810;6808;1.659
6810;6804;5.056
6811;6801;4.343
6809;6811;1.349
6812;6809;2.468
6812;6808;0.637
6813;6805;5.621
6814;6800;6.889
6811;6814;7.343
6815;6796;12.111
6814;6815;5.825
6816;6812;0.973
6816;6810;4.141
6817;6810;9.316
6813;6817;5.171
6818;6813;7.556
6819;6816;6.175
6817;6819;4.810
6820;6815;7.145
6821;6818;13.041
6822;6797;23.206
6823;6821;11.560
6825;6824;10.629
6824;6816;3.826
6818;6826;11.587
6826;6827;5.055
6821;6826;15.095
6828;6819;12.075
6829;6824;1.597
6828;6829;6.065
6827;6828;6.763
6830;6827;2.700
6831;6829;2.845
6706;6362;60.065
6695;6832;104.439
6832;6833;27.446
6833;6834;6.715
6361;6835;11.360
6835;6836;1.224
6834;6837;45.232
6837;6838;19.795
6838;6839;16.219
6841;6840;7.131
6843;6842;15.752
6842;6839;8.157
6842;6844;4.767
6840;6845;9.705
6845;6842;3.229
6840;6846;9.670
6846;6845;2.340
6848;6847;2.353
6849;6848;7.747
6848;6850;3.148
6851;6846;5.309
6853;6852;2.993
6851;6854;1.638
6846;6855;8.329
6857;6856;4.318
6856;6853;2.534
6858;6848;10.227
6858;6851;3.108
6859;6854;6.339
6859;6858;4.138
6860;6856;1.324
6852;6861;7.515
6862;6859;3.615
6854;6862;5.426
6862;6855;14.300
6861;6858;2.002
6863;6860;1.178
6864;6853;8.191
6861;6865;2.581
6866;6865;3.961
6855;6867;9.205
6868;6862;4.578
6869;6859;7.659
6869;6868;2.824
6865;6870;4.512
6870;6869;4.492
6871;6868;3.592
6867;6871;14.082
6872;6863;5.777
6873;6802;55.229
6863;6874;8.921
6875;6852;20.219
6872;6876;4.756
6874;6876;9.504
6877;6870;7.228
6879;6878;11.909
6878;6872;10.111
6867;6880;11.834
6881;6876;10.405
6882;6868;11.154
6883;6880;8.855
6884;6874;10.132
6885;6871;15.176
6886;6881;4.705
6880;6887;8.675
6889;6888;9.876
6890;6881;10.663
6891;6874;13.018
6888;6892;5.066
6892;6878;7.772
6892;6890;6.968
6893;6884;6.458
6886;6894;4.013
6894;6891;8.150
6890;6886;13.156
6891;6895;8.719
6895;6884;5.753
6896;6894;5.804
6897;6888;7.384
6897;6890;13.262
6879;6898;20.026
6899;6895;4.415
6900;6897;16.238
6896;6901;9.240
6899;6901;5.370
6902;6899;6.387
6902;6903;5.685
6901;6904;3.985
6906;6905;5.705
6905;6896;8.718
6905;6901;10.077
6907;6894;18.783
6907;6905;7.106
6897;6908;11.420
6908;6907;11.219
6909;6908;2.401
6910;6902;10.613
6911;6909;13.594
6912;6909;3.038
6913;6911;5.178
6911;6914;6.449
6915;6873;18.747
6831;6916;76.545
6917;6915;26.824
6898;6918;119.072
6919;6917;4.054
6921;6920;8.375
6922;6920;4.806
6920;6923;4.594
6923;6919;5.849
6925;6924;5.511
6367;6919;2.406
6926;6925;4.517
6926;6927;1.613
6928;6925;15.026
6927;6929;11.206
6929;6923;5.399
6930;6926;5.440
6929;6931;5.715
6932;6927;6.980
6932;6929;2.331
6933;6932;2.703
6935;6934;6.249
6934;6933;2.948
6936;6934;2.714
6937;6928;18.281
6937;6936;9.025
6938;6937;2.120
6933;6939;10.287
6940;6939;3.419
6939;6941;1.718
6941;6929;22.351
6942;6938;6.556
6943;6942;10.604
6942;6944;3.133
6944;6938;7.265
6944;6936;6.430
6941;6945;5.071
6946;6945;2.546
6947;6946;9.094
6948;6942;6.203
6949;6946;3.999
6945;6950;12.975
6951;6368;10.155
6952;6947;10.978
6954;6953;4.348
6953;6947;9.781
6956;6955;1.149
6955;6953;5.489
6957;6944;7.391
6958;6955;11.933
6916;6959;35.994
6957;6960;11.040
6918;6961;35.313
6959;6370;9.482
6369;6962;3.671
6963;6951;18.352
6962;6963;0.254
6960;6964;6.854
6966;6965;5.353
6965;6967;7.934
6964;6967;21.986
6966;6968;7.624
6966;6969;8.608
6967;6969;10.182
6970;6968;8.364
6970;6971;7.967
6969;6972;9.867
6973;6970;6.770
6970;6974;5.208
6974;6972;6.243
6975;6972;2.741
6976;6974;1.772
6977;6974;5.649
6975;6978;6.174
6978;6964;15.215
6979;6975;13.635
6979;6980;5.932
6980;6978;5.925
6981;6979;12.962
6981;6980;4.929
6982;6981;3.318
6984;6983;8.252
6982;6354;8.400
6983;6985;11.042
6983;6986;11.977
6988;6987;5.162
6987;6989;16.287
6987;6986;3.340
6991;6990;6.727
6992;6985;3.765
6990;6993;5.394
6985;6993;3.937
6993;6994;6.250
6990;6995;7.432
6994;6995;1.768
6997;6996;9.202
6996;6995;17.574
6986;6998;14.442
6998;6987;17.401
6994;6999;16.747
6999;7000;5.545
6998;7000;3.469
7000;7001;5.513
6959;7002;24.346
7004;7003;3.797
7000;7005;4.898
7003;7005;7.866
7006;7003;3.515
6961;7007;63.768
6353;7008;8.891
7010;7009;4.265
7005;7010;10.325
7011;7010;2.189
7012;7010;3.331
7013;7012;2.210
7014;7013;1.871
7015;7014;1.048
7007;7015;11.727
7009;7016;17.927
7008;2818;28.180
7016;7017;23.671
7017;7018;11.160
7020;7019;10.678
7019;7021;14.914
7023;7022;8.218
7024;7022;12.862
7025;7019;19.746
7025;7026;10.196
7022;7026;7.796
7027;7025;8.594
7026;7028;7.809
7027;7028;10.788
7019;7029;28.721
7029;7030;30.795
7030;7027;6.911
7031;7030;11.227
7028;7031;6.285
7029;7032;12.194
7030;7033;3.610
7034;7033;4.181
7031;7034;8.443
7035;7032;13.837
6327;7035;4.724
6388;7036;9.050
7032;7037;20.711
7038;7037;13.848
7033;7038;12.031
7039;7038;4.807
7040;7039;4.168
7040;7034;7.973
7040;7041;6.530
7041;7036;9.039
7042;7036;8.415
7042;6388;11.725
7044;7043;12.362
6331;7043;10.760
7035;6331;5.149
7045;7042;2.427
7041;7046;16.875
7046;7042;3.386
7041;7047;5.294
7048;7037;20.988
7039;7048;7.469
7047;7048;7.472
7046;7049;7.871
7049;7050;5.061
7047;7051;14.959
7051;7049;7.544
7050;7052;3.764
7053;7050;1.308
7052;7054;16.853
7049;7055;2.845
7018;7056;92.087
7052;7057;1.870
7043;7058;19.557
7055;7051;16.320
7059;6332;17.284
7059;7060;7.912
7055;7061;16.317
7060;7062;13.238
7064;7063;10.390
7065;7035;25.532
7066;7065;7.344
7067;7066;8.452
7063;7058;18.461
7061;7068;11.419
7069;7066;3.413
7061;7069;11.226
7068;7070;5.241
7062;7071;39.743
6328;7072;78.426
7060;6328;16.828
7002;7064;65.067
6337;7073;3.964
7074;7059;65.080
7076;7073;4.013
7074;7077;2.473
7056;7076;60.070
7079;7078;26.740
7080;7078;38.737
7081;7069;11.844
7081;7068;24.804
7082;7081;5.598
7083;7081;2.439
7078;7084;10.533
6333;7083;5.310
7084;7085;8.795
7075;6334;42.722
7085;7086;5.739
7088;7087;27.461
7085;7088;6.749
6326;7083;1.871
7073;6325;16.104
7090;7089;8.799
6334;7089;6.705
7092;7091;21.754
7086;7093;18.373
7089;7062;117.536
7094;7091;7.263
7077;7094;16.879
7089;7095;9.689
7089;7096;15.483
7097;7092;34.766
7093;7098;21.089
7099;7097;89.263
7100;7099;1.261
7093;7101;53.271
7101;7100;16.148
7098;7102;5.574
7103;6325;17.228
7105;7104;9.106
7104;7106;11.700
7102;7106;14.312
7106;7107;2.772
7107;7108;4.812
7109;7107;2.270
7097;7110;37.008
7102;7111;23.085
7111;7112;4.792
7112;7113;5.268
7101;7113;24.253
7113;7114;13.038
7104;7115;14.640
7106;7115;6.783
7115;7111;12.165
7116;7115;8.208
7116;7112;13.812
7117;7113;9.677
7118;7116;2.067
7119;7115;11.881
7110;7120;14.676
7121;7118;10.527
7122;7119;5.195
7121;7119;7.660
7121;7123;7.271
7123;7118;10.743
7124;7123;8.496
7087;7125;71.355
7125;7126;10.510
6339;7103;37.373
7126;7127;91.547
6347;6340;9.718
7127;7128;15.156
6341;6348;2.573
7128;2862;21.316
6349;6342;1.811
7129;6350;0.337
6343;7129;2.099
2864;225;1.385
2863;7130;19.565
7130;2865;6.975
7132;7131;3.811
7133;7131;12.864
7134;6344;2.946
7131;7135;7.781
7131;7136;14.499
7135;7137;11.143
7138;7137;11.125
7136;7139;15.031
7136;7139;9.933
7141;7140;6.746
7139;7140;6.990
7140;7142;7.406
7142;7135;14.420
7137;7142;12.968
7142;7143;7.427
7144;7143;5.518
7142;7144;7.016
7145;7134;7.207
7139;7146;7.961
7143;7146;8.129
7148;7147;9.743
6377;7145;0.724
7146;7149;4.827
7149;7150;2.906
6375;6378;7.675
7151;7144;4.009
7153;7152;14.982
7150;7153;3.365
7146;7154;6.841
7155;7148;61.545
7156;7145;3.668
7157;6376;12.266
7152;7155;78.659
7158;7157;41.602
7159;7156;32.049
7147;7158;169.990
7160;7159;91.049
7161;7160;4.469
7165;7161;3.310
7166;7164;31.157
6351;7166;3.185
7167;6352;2.984
7168;7167;3.243
7169;7165;63.996
7170;7169;73.512
7171;7170;1.018
7172;7171;6.995
7173;7168;81.405
7174;7172;5.258
7176;7175;9.419
7175;7177;2.344
7178;7177;2.435
7179;7174;4.640
7177;7180;4.869
7181;7180;4.768
7180;7182;4.444
7182;7183;6.685
7185;7184;8.345
7184;7181;5.217
7186;7181;3.694
7186;7182;7.330
7182;7187;5.888
7187;7179;4.958
7187;7188;5.328
7186;7189;3.413
7188;7189;3.489
7184;7189;8.273
7190;7187;1.087
7188;7190;6.788
7191;7190;2.518
7192;7190;5.554
7193;7190;14.919
7194;7191;8.315
7195;7194;2.330
5388;7195;14.449
3187;7196;0.702
7192;5384;108.834
7199;7198;1.052
7201;7200;1.755
7203;7202;2.473
7205;7204;28.604
7207;7206;21.854
7207;7205;7.000
7208;7207;7.289
7209;7205;11.415
7210;7208;5.651
7210;7209;11.751
7212;7211;39.260
7212;7213;5.000
7214;7212;2.507
7215;7211;18.060
7215;7213;5.016
7208;7216;13.621
7213;7214;5.277
7216;7201;1.720
7214;7217;3.366
7217;7200;6.029
7218;7217;2.013
7219;7210;10.552
7220;7215;5.085
7218;7220;4.991
7221;7219;5.474
7222;7219;5.714
7222;7209;4.989
7216;7223;5.809
7223;7221;4.500
7224;7218;4.898
7220;7225;11.262
7198;7222;4.808
7223;7221;25.960
7224;7225;23.665
7226;7199;0.354
7227;7226;4.323
7202;7224;20.892
7228;7203;4.076
7228;7226;32.250
7229;7228;7.754
7230;7229;4.161
7231;7227;14.258
7232;7231;13.563
128;7232;71.962
7234;7233;26.017
7234;11;5.765
6836;7235;121.289
7237;7236;3.165
7238;7237;1.022
7235;7239;2.933
7240;7239;0.315
7241;7238;4.081
7241;7240;0.670
7242;7241;2.458
7244;7243;10.709
7243;7237;18.330
7245;7243;2.285
7246;7242;9.030
7248;7247;2.176
7247;7245;5.512
7245;7249;5.559
7249;7242;5.694
7250;7249;0.288
7252;7251;5.159
7247;7251;3.274
7251;7253;3.029
7255;7254;3.643
7256;7255;2.694
7257;7256;1.695
7258;7257;6.672
7259;7253;13.815
7259;7253;7.840
7260;7250;6.695
7261;7254;3.933
7256;7261;3.134
7263;7262;1.743
7264;7250;4.178
7262;7265;2.560
7265;7259;3.937
7266;7265;2.010
7267;7254;12.049
7268;7264;4.791
7269;7266;1.840
7257;7270;6.962
7271;7262;8.780
7270;7261;8.901
7272;7264;3.537
7270;7273;1.792
7273;7274;4.042
7275;7272;0.546
7276;7266;5.989
7276;7275;0.282
7277;7276;0.805
7278;7272;6.471
7279;7273;5.734
7280;7275;16.580
7282;7281;10.531
7284;7283;6.513
7281;7283;2.204
7282;7285;8.320
7286;7285;9.317
7287;7281;4.938
7285;7287;4.211
7283;7288;4.671
7287;7289;5.326
7289;7290;3.107
7291;7289;2.759
7292;7291;8.974
7288;7293;3.335
7290;7293;1.726
7294;7288;16.589
7291;7295;3.553
7290;7296;4.232
7295;7296;0.644
7298;7297;9.783
7293;7299;2.696
7300;7295;3.989
7297;7300;4.150
7297;7301;6.112
7302;7299;4.391
7296;7302;9.645
7300;7303;4.497
7302;7304;1.081
7305;7303;3.439
7304;7306;2.961
7303;7306;6.688
7308;7307;4.296
7310;7309;3.423
7299;7309;4.662
7312;7311;4.365
7307;7311;3.854
7313;7308;4.604
7309;7313;1.038
7313;7314;0.748
7304;7315;8.630
7306;7315;8.477
7316;7308;4.545
7314;7316;0.496
7311;7317;3.064
7317;7318;2.634
7315;7319;6.439
7319;7314;6.380
7320;7317;5.015
7316;7320;1.217
7321;7315;5.842
7306;7321;15.028
7319;7322;3.782
7322;7321;5.955
7320;7322;15.483
7320;7323;7.890
7323;7324;6.746
7325;7324;8.555
7326;7325;3.338
7327;7325;2.025
7324;7328;12.188
7328;7329;3.752
7329;7330;5.388
7331;7329;8.532
7330;7331;6.749
7277;7332;65.950
7330;7333;8.196
7331;7334;8.110
7335;7328;35.402
7333;7336;3.411
7334;7337;7.120
7337;7338;2.816
7338;7336;3.069
7334;7339;6.008
7340;7337;4.848
7336;7341;8.317
7342;7339;4.810
7339;7343;5.214
7344;7343;7.836
7323;7345;13.896
7346;7345;1.429
7343;7346;5.541
7347;7346;7.757
7332;7348;8.938
7348;7349;3.832
7345;7350;7.349
7349;3284;1.603
7350;7351;17.776
7351;7352;9.190
7352;7353;46.025
7353;3298;30.376
7354;7234;3.883
7355;7354;1.562
7357;7356;12.117
7358;7356;10.802
4569;7359;14.628
7360;7359;2.053
7358;7360;30.331
7362;7361;74.895
7362;7357;23.672
7364;7363;2.271
7366;7365;4.613
7363;7365;6.700
7367;7363;19.317
7368;7367;9.023
7370;7369;9.890
7371;7370;5.601
7365;7371;7.264
7370;7372;3.081
7373;7371;10.267
7374;7367;8.245
7376;7375;6.078
7372;7375;6.172
7377;7373;6.612
7374;7377;9.269
7378;7374;1.073
7375;7379;1.640
7380;7372;6.299
7381;7378;11.490
7379;7380;7.910
7382;7381;5.950
7383;7382;5.808
7384;7379;4.105
7385;7378;2.882
7380;7386;8.700
7386;7373;8.178
7386;7387;1.784
7388;7382;6.025
7389;7388;12.669
7390;7381;5.015
7377;7391;11.108
7391;7385;3.380
7392;7362;15.369
7393;7388;1.281
7390;7394;4.046
7394;7382;7.423
7395;7384;9.842
7385;7396;8.525
7396;7390;4.814
7397;7387;5.521
7387;7398;6.599
7400;7399;2.126
7399;7397;2.443
7391;7401;5.958
7402;7397;5.675
7398;7402;1.944
7403;7396;5.013
7394;7403;5.977
7393;7404;6.683
7405;7399;1.872
7398;7406;4.975
7407;7402;1.631
7406;7408;7.582
7408;7401;4.183
7409;7404;8.245
7409;7393;10.282
7411;7410;1.830
7410;7406;3.129
7409;7412;4.832
7412;7389;14.130
7413;7403;6.032
7404;7414;6.730
7415;7408;4.659
7401;7416;11.757
7416;7413;1.545
7413;7417;3.522
7414;7417;2.185
7418;7414;2.980
7419;7412;7.149
7420;7410;18.930
7417;7421;9.446
7421;7422;3.030
7423;7419;10.335
7424;7423;5.477
7424;7419;3.677
7425;7424;4.960
7425;7419;6.962
7426;7425;1.882
7421;7416;24.269
7427;7421;5.617
7423;7427;6.020
7428;7426;5.125
7429;7427;1.690
7430;7429;3.170
7431;7429;4.588
7432;7431;5.285
7432;7426;12.380
7433;7431;2.876
7434;7392;10.812
7435;7434;9.061
7436;7435;7.685
7437;7436;45.116
7438;7437;30.465
7440;7439;38.305
7442;7441;22.340
7444;7443;0.502
7446;7445;1.620
7448;7447;3.002
7450;7449;0.917
7452;7451;0.889
7454;7453;2.125
7449;7455;9.733
7456;7450;29.342
7457;7456;8.775
7451;7457;23.733
7459;7458;6.500
7461;7460;1.844
7458;7461;19.162
7463;7462;11.441
7464;7452;23.954
7463;7465;7.006
7466;7463;9.087
7467;7466;4.458
7469;7468;5.546
7470;7468;8.497
7470;7466;10.872
7472;7471;5.112
7468;7472;3.006
7473;7470;0.832
7473;7474;23.758
7476;7475;6.798
7478;7477;12.034
7475;7477;9.915
7477;7479;3.420
7471;7479;9.976
7480;7479;2.054
7482;7481;7.856
7482;7475;5.225
7472;7483;10.572
7483;7473;12.679
7484;7482;1.425
7479;7485;9.146
7480;7486;7.466
7483;7486;1.422
7487;7484;6.649
7444;7487;0.514
7488;7459;38.636
7484;7489;5.074
7486;7490;2.520
7443;7491;3.918
7493;7492;7.466
7493;7480;12.067
7494;7493;2.008
7491;7495;1.598
7489;7496;4.768
7497;7496;7.286
7497;7494;3.437
7495;7498;0.758
7499;7494;12.367
7486;7499;15.930
7490;7500;3.690
7487;7501;9.024
7489;7501;6.800
7501;7502;1.150
7499;7503;4.043
7490;7503;8.898
7504;7500;4.213
7500;7505;2.222
7506;7502;4.626
7496;7506;7.206
7507;7497;5.995
7505;7503;13.214
7503;7508;6.983
7508;7507;12.285
7510;7509;3.525
7502;7509;5.945
7511;7508;1.951
7509;7512;5.296
7506;7512;6.411
7512;7513;4.624
7513;7514;0.686
7514;7507;10.439
7505;7515;14.529
7516;7514;3.901
7517;7513;6.771
7517;7518;2.681
7509;7519;10.452
7518;7519;2.940
7519;7520;3.947
7521;7504;10.296
7519;7522;9.652
7523;7464;20.388
7522;7524;2.651
7525;7488;14.607
7498;7525;9.880
7526;7523;4.980
7527;7526;5.153
7528;7527;14.620
7529;7527;1.465
7530;7529;10.420
7531;7529;0.381
7532;7531;3.035
7533;7532;6.521
7529;7534;10.913
7535;7532;5.258
7536;7535;1.435
7535;7536;12.460
7538;7537;7.351
7539;7536;1.496
7539;7537;7.978
7540;7537;6.550
7541;7540;11.783
7531;7542;32.718
7542;7543;5.466
7544;7539;2.926
7545;7540;10.178
7539;7546;12.689
7544;7546;3.205
7547;7544;1.263
7540;7547;13.419
7460;7548;78.311
7546;7549;2.875
7542;7550;6.637
7549;7550;6.716
7548;7551;1.143
7545;7552;11.086
7550;7553;7.112
7549;7553;8.037
7554;7547;4.788
7552;7554;3.771
7555;7521;24.847
7551;7556;5.933
7556;7446;0.904
7553;7557;3.168
7558;7545;17.976
7552;7559;9.668
7561;7560;9.593
7557;7560;7.431
7562;7558;3.134
7558;7559;11.297
7563;7554;3.160
7559;7563;5.990
7564;7563;0.640
7565;7557;9.182
7554;7565;5.913
7566;7565;0.586
7567;7562;8.165
7562;7568;8.328
7567;7568;8.443
7560;7569;10.646
7566;7569;2.245
7570;7566;5.700
7571;7570;3.766
7564;7571;13.597
7568;7572;5.884
7573;7564;4.068
7573;7572;8.013
7569;7574;4.256
7570;7574;7.279
7575;7573;0.524
7445;7576;10.791
7575;7571;19.919
7572;7577;12.462
7577;7567;11.907
7578;7577;13.581
7577;7579;2.963
7579;7576;13.493
7580;7575;2.687
7580;7581;10.021
7574;7582;12.474
7569;7583;6.909
7584;7580;2.044
7585;7584;0.800
7583;7586;9.467
7587;7584;0.835
7588;7587;0.465
7590;7589;12.509
7583;7589;9.877
7592;7591;8.554
7589;7591;3.581
7591;7593;4.791
7594;7593;4.917
7595;7555;14.620
7596;7595;18.140
7597;7596;1.800
7598;7597;2.754
7599;7598;34.110
7600;7599;1.201
7601;7594;26.439
7602;7600;20.607
7603;7602;0.318
7604;7601;23.082
7605;7603;22.050
7606;7604;19.521
7607;7606;59.491
7608;7607;2.315
7609;7608;14.411
7610;7609;56.613
7611;7610;2.849
7612;7610;3.241
7614;7613;0.812
7614;7588;120.689
7615;7614;1.985
7617;7616;7.146
7618;7613;9.940
7616;7619;8.578
7616;7620;3.752
7621;7618;5.400
7619;7622;6.494
7623;7622;16.284
7622;7624;1.066
7624;7621;2.466
7626;7625;3.481
7627;7625;13.598
7619;7628;9.784
7628;7624;1.294
7629;7628;0.682
7453;7615;22.831
7631;7630;6.578
7625;7632;7.164
7630;7632;6.308
7634;7633;13.800
7633;7629;2.148
7635;7633;1.930
7621;7636;12.087
7638;7637;12.483
7639;7454;14.244
7640;7630;10.025
7641;7629;9.663
7642;7641;2.522
7637;7643;7.090
7644;7635;3.824
7645;7641;13.645
7646;7643;0.563
7647;7646;5.679
7649;7648;3.973
7648;7644;1.747
7632;7650;18.353
7652;7651;2.381
7652;7650;0.861
7640;7653;10.828
7650;7653;8.163
7643;7654;1.827
7642;7655;4.803
7653;7656;4.016
7637;7656;12.870
7657;7646;3.395
7658;7657;7.471
7656;7659;1.593
7659;7654;2.907
7660;7642;12.718
7661;7648;2.684
7662;7635;8.632
7662;7660;3.744
7663;7657;1.475
7659;7664;1.404
7661;7663;2.162
7654;7665;2.253
7660;7666;6.057
7664;7667;6.932
7665;7667;1.877
7667;7668;1.862
7669;7661;6.702
7669;7670;2.424
7644;7671;16.945
7671;7662;9.801
7672;7611;22.085
7668;7673;8.958
7665;7673;13.273
7664;7674;12.088
7673;7675;1.796
7663;7675;11.844
7662;7676;10.011
7677;7671;3.707
7677;7678;4.130
7676;7678;7.752
7676;7679;1.406
7680;7669;5.041
7680;7677;7.020
7678;7679;7.379
7675;7680;13.255
7675;7681;19.590
7680;7681;7.908
7681;7682;0.582
7668;7683;22.360
7684;7672;6.634
7679;7685;17.743
7686;7639;25.411
7687;7684;9.607
7688;7612;32.551
7689;7687;11.576
7651;7690;98.694
7691;7689;6.143
7690;7692;16.192
7692;7693;0.818
7693;7691;16.531
7694;7688;12.820
7441;7694;70.690
7695;7442;1.160
7696;7448;6.208
7698;7697;16.044
7697;7699;3.168
7700;7695;11.697
7447;7701;21.332
7699;7701;9.676
7700;7702;1.633
7699;7703;9.295
7703;7704;3.684
7701;7705;2.807
7704;7705;0.595
7706;7702;4.449
7703;7707;0.954
7707;7697;16.610
7708;7702;1.739
7707;7709;8.235
7709;7708;1.276
7708;7710;17.595
7711;7709;3.525
7713;7712;11.581
7714;7712;4.228
7711;7715;11.156
7716;7711;4.848
7715;7716;4.964
7717;7714;15.633
7717;7716;1.096
7718;7717;1.144
7720;7719;13.738
7712;7720;14.112
7718;7720;14.609
7721;7715;17.500
7722;7721;6.400
7722;7723;6.017
7724;7718;3.991
7723;7724;7.664
7725;7724;0.515
7725;7726;5.331
7726;7727;3.281
7723;7727;5.170
7727;7728;8.760
7728;7722;7.082
7726;7729;3.055
7730;7729;1.524
7729;7731;1.503
7732;7725;8.325
7728;7733;7.110
7734;7733;8.016
7733;7735;1.833
7737;7736;14.141
7738;7736;10.777
7736;7735;2.174
7736;7739;4.167
7740;7739;2.439
7739;7741;3.377
7735;7742;20.524
7741;7743;12.274
7742;7744;5.602
7732;7745;43.275
7233;7746;12.541
7747;7233;10.979
7749;7748;0.917
7751;7750;0.871
7753;7752;1.712
7754;7753;4.397
7755;7754;17.862
7756;7755;12.646
7757;7756;6.867
7758;7757;2.242
7759;7758;1.591
7758;7760;3.871
7760;7759;3.115
7761;7759;3.989
7761;7762;20.750
7764;7763;6.593
7764;7765;4.603
7766;7761;0.734
7760;7767;4.499
7768;7766;4.669
7764;7768;5.889
7769;7768;2.605
7769;7770;4.663
7772;7771;29.376
7772;7773;12.472
7774;7767;13.461
7768;7775;4.537
7776;7767;9.311
7777;7774;2.082
7766;7777;10.398
7776;7760;20.327
7778;7769;4.207
7779;7777;2.610
7779;7775;9.926
7780;7778;1.496
7781;7780;11.965
7774;7782;4.512
7782;7779;1.673
7780;7783;2.535
7783;7772;10.607
7784;7782;9.387
7785;7784;5.504
7785;7779;11.976
7786;7785;3.238
7775;7786;14.730
7778;7786;20.955
7787;7784;2.562
7788;7776;21.640
7788;7787;1.660
7789;7786;4.074
7790;7787;7.032
7790;7786;4.307
7791;7788;3.549
7792;7789;3.597
7793;7791;7.446
7793;7790;6.157
7792;7794;4.315
7795;7793;2.268
7789;7795;9.036
7796;7791;6.256
7797;7792;11.194
7799;7798;8.937
7798;7800;2.982
7802;7801;14.365
7800;7783;70.979
7803;7800;9.631
7804;7803;29.503
7805;7804;21.103
7806;7805;0.998
7807;7806;22.501
7748;7807;0.164
7808;7749;5.321
7809;7808;30.170
7750;7809;2.711
7810;7751;4.577
7811;7810;10.515
7812;7811;19.109
4668;7812;0.924
7813;7801;4.103
10;7813;2.172
7801;7814;4.148
7814;7813;5.485
7816;7815;28.033
7818;7817;19.890
7820;7819;2.209
7822;7821;2.050
7824;7823;6.078
7826;7825;0.899
7828;7827;1.579
7830;7829;0.825
7832;7831;0.882
7834;7833;0.731
7836;7835;0.524
7838;7837;2.008
7840;7839;0.771
7746;7841;1.496
7843;7842;0.493
7845;7844;1.460
7847;7846;1.267
7849;7848;0.851
7850;2868;27.273
7850;2979;5.433
7851;7850;2.991
7852;7851;61.879
7817;7852;41.683
7837;121;10.606
7853;7818;5.396
7854;7853;8.985
7846;7854;1.184
7848;7847;3.873
7855;7854;4.431
7856;7849;0.905
7823;7855;0.781
7857;7856;2.341
7859;7858;2.587
7858;7860;6.169
7860;7859;4.555
7861;7859;3.194
7862;7860;2.630
7862;7861;5.105
7863;7838;22.125
7865;7864;8.547
7866;7865;1.449
7868;7867;9.133
7865;7868;7.784
7869;7868;1.251
7871;7870;4.517
7872;7861;11.597
7872;7869;3.722
7874;7873;7.020
7874;7870;5.494
7875;7869;6.680
7876;7862;15.935
7876;7872;12.151
7877;7824;1.887
7866;7878;20.025
7879;7877;0.282
7880;7878;11.231
7881;7874;10.642
7881;7876;12.229
7882;7872;12.083
7875;7882;8.454
7870;7883;15.822
7882;7884;4.181
7884;7875;16.751
7885;7863;6.356
7886;7866;25.107
7887;7881;8.749
7888;7884;4.854
7886;7888;8.411
7884;7889;5.971
7887;7883;16.932
7889;7890;2.317
7890;7888;5.831
7891;7876;17.508
7889;7891;6.033
7883;7892;12.123
7893;7886;4.642
7878;7893;15.141
7895;7894;7.324
7891;7894;10.289
7896;7893;1.362
7897;7887;6.310
7894;7897;2.736
7898;7896;3.075
7896;7898;14.133
7899;7890;10.595
7900;7898;4.900
7901;7899;12.890
7902;7879;8.603
7903;7902;1.080
7903;7904;4.511
7905;7885;23.937
7904;7906;32.699
7907;7903;24.543
7908;7907;0.173
7910;7909;59.264
7911;7910;55.379
7912;7911;10.355
7906;7440;40.726
7913;7905;27.531
7915;7914;2.166
7839;7915;0.583
7914;7912;13.241
7916;4741;3.508
7841;7913;3.001
7909;7747;14.508
7917;7908;25.884
7439;7840;22.289
7918;11;6.985
7918;7354;6.319
7919;10;13.335
7918;7919;0.768
7920;7814;14.570
7919;7920;5.609
7920;7921;2.448
7922;7355;13.830
7923;7921;7.588
7355;7923;13.668
7922;7924;4.829
7925;7923;2.331
7924;7925;10.342
7921;7926;15.606
7927;7925;4.979
7928;7922;9.561
7929;7924;8.478
7929;7928;0.832
7930;7927;13.270
7930;7929;3.809
7931;7930;9.061
7927;7932;35.681
7933;7917;31.056
7825;7933;1.519
7934;7826;21.820
7935;7916;78.726
7936;7934;43.405
7937;7935;36.873
7827;7936;5.694
7938;7937;12.881
7939;7938;18.435
7829;7828;16.496
7842;7940;0.439
7940;7845;2.019
7844;7941;0.520
7941;7939;21.820
7942;7843;2.124
7943;7942;8.973
7944;125;5.880
7945;7943;3.546
7946;7830;28.718
7947;7946;0.512
7948;7947;5.646
7948;7945;26.191
7949;7948;0.694
7950;7944;52.270
7952;7951;28.129
7953;7952;37.788
7955;7954;29.663
7956;7950;26.078
7957;7953;21.304
7959;7958;57.207
7960;7956;5.846
7951;7961;41.884
7961;7953;10.039
7962;7960;0.638
7964;7963;29.451
7965;7959;9.072
7966;7965;39.228
7965;7963;12.091
7959;7967;11.650
7967;7965;11.477
7961;7968;15.601
7969;7968;18.477
7970;7962;14.643
7971;7970;1.993
7972;7949;60.413
7968;7973;14.284
7967;7974;40.436
7975;7971;14.257
7976;7975;0.635
7974;7977;8.287
7978;7973;19.522
7977;7978;1.819
7972;7979;17.910
7977;7980;4.719
7980;7974;8.808
7979;7981;5.041
7982;7965;44.504
7978;7980;9.765
7983;7963;49.050
7984;7983;22.877
7986;7985;4.276
7987;7973;36.197
7985;7987;13.745
7988;7985;3.799
7989;7980;20.582
7990;7972;25.023
7987;7991;3.198
7982;7992;20.446
7993;7989;5.625
7993;7982;13.438
7992;7993;0.789
7988;7994;9.580
7995;7990;1.848
7996;7986;11.799
7997;7983;19.634
7997;7995;1.257
7991;7998;4.178
7983;7999;17.878
7994;8000;8.378
8000;7988;5.918
7996;8001;5.257
7989;8001;11.797
8000;8002;3.504
7986;8002;9.076
8002;8003;3.918
8003;7996;3.317
7998;8004;1.576
7994;8004;9.359
7992;8005;8.497
7999;8005;4.219
8006;8000;2.719
8004;8007;2.032
8007;8006;11.773
8008;7976;20.000
8006;8009;3.732
8010;7999;7.328
8009;8011;1.389
8007;8012;2.434
8012;8013;1.058
8011;8013;6.254
8015;8014;15.097
8014;8015;5.841
8016;8003;7.146
8017;8015;1.778
8005;8018;8.488
8018;8010;4.512
8019;8006;5.988
8016;8019;7.012
8021;8020;4.680
8022;8016;1.513
8021;8022;3.812
8001;8023;9.788
7990;8024;12.675
7981;8024;32.826
8023;8021;5.951
8023;8025;1.199
8014;8025;6.521
8026;8017;7.828
8026;8027;2.764
8027;8018;3.429
8025;8028;1.694
8028;8014;5.892
8029;8009;6.751
8029;8030;1.632
8030;8019;2.533
8011;8031;6.790
8013;8032;5.371
8031;8032;3.660
8033;8010;9.021
8033;7997;9.240
8035;8034;22.468
8034;7831;3.178
8017;8036;4.667
8037;8029;1.773
8038;8035;9.616
8031;8039;1.978
8039;8037;4.818
8040;8028;7.212
8040;8036;4.002
8030;8041;5.728
8042;8036;6.457
8042;8026;7.232
8024;8043;5.521
8043;7832;23.549
8044;8008;10.848
8045;8040;5.173
8046;8045;0.741
8046;8042;2.056
8041;8047;4.152
8047;8022;9.971
8048;8046;1.995
8048;8027;10.753
8049;8028;11.657
8050;8033;6.598
8051;8048;3.349
8051;8050;0.390
8052;7995;28.812
8032;8053;12.137
8053;8054;3.335
8039;8054;11.508
8055;8052;3.164
8024;8055;28.631
8056;8049;4.904
8056;8057;2.717
8057;8040;12.690
8058;8047;7.970
8057;8059;2.101
8045;8059;13.006
8041;8058;15.286
8053;8060;4.503
8061;8060;2.913
8054;8061;4.292
8062;8037;16.461
8052;8050;52.474
8063;8061;4.970
8063;8062;2.891
8064;8058;4.115
8064;8049;10.712
8056;8064;8.283
8065;8044;11.335
8066;8064;3.080
8067;8066;1.987
8059;8067;11.564
7821;8055;13.988
8068;8062;8.379
8068;8066;10.429
8060;8069;9.696
8069;8063;11.889
8067;8070;2.679
8071;8070;0.600
8071;8051;10.208
8072;7822;6.545
8073;8069;10.338
8074;8038;11.979
8075;8068;23.065
8070;8075;9.571
8075;8076;1.702
8072;8077;39.507
8077;8078;1.310
8078;8079;13.714
8079;8080;4.096
7819;8071;29.688
8081;8080;2.293
8082;7820;1.599
8080;8082;14.303
8083;8077;16.048
8084;8065;25.903
8085;8083;2.512
8076;8086;5.111
8078;8087;9.632
8085;8087;16.958
8088;8083;22.661
8089;8072;18.038
8090;8079;15.068
8090;8087;9.508
8091;8081;10.353
8091;8081;32.670
8091;8092;3.226
8092;8090;8.358
8093;8092;7.154
8086;8094;10.219
8096;8095;7.237
8097;8085;27.963
8098;8084;46.979
8099;8098;0.999
8101;8100;55.636
8100;8102;2.278
8103;8099;5.604
8094;8101;61.956
8095;7834;26.560
7833;8104;4.608
8105;8074;13.041
8104;8105;5.224
8102;7836;14.707
8105;8089;90.210
8105;8106;15.981
8107;8096;40.978
7835;7816;26.838
8106;8108;41.126
7815;8103;63.692
8109;7955;98.004
8110;8109;7.816
390;8110;1.785
2038;8111;19.246
8113;8112;0.899
8115;8114;1.158
8117;8116;4.907
8112;332;14.633
331;8118;95.641
8121;8117;1.649
8122;8116;1.857
333;8123;94.015
8115;8126;0.699
8127;8113;34.374
8128;8114;53.726
8129;8127;33.733
8128;8130;53.706
8131;8128;2.376
8132;8130;6.287
8133;8131;9.225
8134;8131;14.799
8132;8134;8.882
8135;8134;3.337
8136;8133;33.870
8137;8131;4.237
8137;8135;4.485
8130;8138;18.938
8139;8132;14.119
8138;8139;7.272
8140;8129;4.365
8141;8133;12.582
8137;8141;10.465
8142;8137;2.887
8142;8135;12.803
8139;8143;5.804
8143;8144;7.756
8145;8140;0.872
8144;8146;2.189
8144;8147;7.443
8143;8147;3.716
8148;8142;1.712
8149;8143;13.616
8138;8149;12.205
8150;8141;11.384
8150;8148;7.648
8151;8148;1.811
8146;8151;10.401
8152;8149;7.908
8152;8153;7.078
8154;8146;8.658
8147;8154;4.851
8155;8151;4.291
8155;8156;4.197
8157;8155;1.533
8157;8154;12.102
8158;8157;0.492
8150;8159;18.847
8160;8156;6.314
8158;8160;4.996
8161;8136;46.445
8162;8158;4.245
8163;8162;1.466
8164;8163;0.628
8164;8152;26.385
8156;8165;19.340
8165;8160;15.027
8166;8162;10.165
8165;8167;4.368
8167;8166;4.043
8166;8168;4.400
8163;8169;9.124
8168;8170;2.553
8169;8170;3.589
8171;8167;5.936
8172;8171;6.522
8168;8172;7.427
8172;8173;1.913
8173;8170;6.451
8170;8174;6.275
8174;8169;6.489
8159;8175;25.911
8171;8175;15.199
8169;8176;16.675
8176;8164;7.244
8177;8173;5.591
8177;8174;5.775
8175;8177;32.908
8178;8176;5.810
8179;8145;15.832
8180;8178;42.891
8111;8179;32.940
8182;8181;1.068
8184;8183;0.959
8186;8185;0.841
8188;8187;0.654
8190;8189;0.811
8192;8191;0.703
8194;8193;4.121
8195;8194;6.522
8197;8196;3.706
8199;8198;13.334
8199;8200;19.293
8201;8199;3.962
8202;8197;4.309
8199;8203;4.276
250;8195;20.791
8204;8197;10.661
8205;8204;19.329
8206;8201;10.182
8203;8206;6.388
8193;8184;28.089
8206;8207;3.519
8207;8208;9.888
8209;8207;12.658
8209;8208;4.583
8210;8203;25.851
8211;8209;5.836
8183;8212;16.317
8208;8213;8.501
8210;8213;10.188
8214;8192;1.768
8215;8211;11.943
8216;8214;0.592
8215;8216;0.659
8217;8210;4.786
8217;8218;23.316
8213;8219;2.363
8220;8211;5.219
8220;8219;6.917
8221;8216;1.738
8212;8222;8.219
8222;8223;4.964
8204;8224;26.766
8223;8225;3.024
8225;8224;2.473
8224;8182;2.101
8226;8217;4.789
8181;8226;0.341
8191;8227;3.158
8228;8220;3.474
8229;8221;3.813
8228;8229;0.481
8230;8221;3.772
8219;8231;3.928
8226;8231;3.562
8231;8228;3.002
8227;8232;3.192
8232;8233;6.231
8234;8230;7.297
8229;8234;10.448
8235;8230;9.472
8234;8235;4.073
8236;8226;19.937
8233;8237;22.077
8237;8186;6.562
8185;8238;8.034
8238;8239;13.213
8239;8188;1.435
8187;8240;2.064
8189;8241;5.111
8240;8242;34.510
8242;8190;16.959
8241;8243;11.795
8243;7799;10.607
2807;8244;0.947
8248;8247;1.291
8253;8252;39.845
8244;8254;7.906
2809;8255;0.788
8267;8265;17.835
8276;8277;3.986
8279;8278;19.560
8280;8279;5.211
8277;8281;4.371
8281;8282;1.715
8282;8283;0.443
8283;8284;2.548
8285;8279;3.252
8284;8285;3.447
8285;8286;1.708
8286;8287;8.083
8287;8288;1.468
8287;8289;6.673
8288;8290;8.028
8290;8291;4.177
8291;8290;11.171
8292;8288;7.659
8289;8293;10.301
8293;8245;1.875
8294;8286;23.894
8245;8295;1.092
8296;8292;10.858
8296;8294;4.475
8297;8266;22.539
8298;8292;6.987
8299;8289;14.696
8298;8299;15.790
8300;8298;1.167
8300;8296;7.391
8295;8246;1.952
8294;8301;5.257
8302;8300;1.238
8301;8302;12.293
8246;8293;2.995
8303;8301;5.549
8303;8304;1.527
8305;8303;8.104
8306;8305;2.523
8307;8306;10.619
8308;8297;2.160
8249;8251;1.244
8295;8248;10.319
8309;8302;6.364
8304;8309;9.872
8310;8306;40.624
8305;8312;4.565
8313;8299;10.478
8309;8313;16.558
8312;8314;5.816
8314;8304;9.242
8315;8313;8.649
8316;8309;11.221
8317;8314;7.167
8317;8312;13.341
8274;8318;70.841
8319;8315;14.911
8319;8316;7.033
8320;8319;1.929
8321;8320;3.339
8321;8316;10.878
8322;8321;9.843
8322;8317;10.030
8324;8323;19.602
8324;8308;6.537
8325;8322;9.815
8327;8326;12.198
8318;8328;15.887
8329;8327;12.464
8329;8324;7.438
8330;8329;1.478
8331;8327;7.091
8330;8331;9.642
8330;8332;3.292
8333;8331;2.124
8332;8333;8.230
8334;8330;4.910
8335;8332;3.561
8335;8334;5.336
8336;8335;1.358
8337;8333;7.255
8337;8336;6.537
8338;8334;6.374
8336;8338;9.146
8311;6286;51.468
8339;8337;8.065
8340;8338;8.924
8341;8339;3.544
8328;8342;28.260
8343;8342;13.853
8342;8344;9.043
8345;8341;13.841
8346;8344;4.736
8343;8346;11.312
8347;8346;5.538
8344;8348;6.571
8349;8343;14.280
8350;8345;12.215
8351;8345;16.520
8351;8350;12.093
8352;8350;9.620
8353;8351;4.869
8348;8354;36.390
8348;8354;33.591
8355;8325;88.568
8356;8355;60.001
8357;8356;22.648
8358;8356;6.081
8359;8358;4.539
8358;8360;13.655
8360;8361;10.519
8362;8359;3.200
8362;8360;6.791
8363;8362;2.487
8364;8362;2.671
8363;8364;0.848
8365;8359;25.337
8366;8363;13.304
8365;8366;13.000
8364;8367;10.058
8366;8368;8.587
8369;8367;7.967
8369;8364;8.704
8368;8369;4.002
8367;8370;11.061
8371;8368;11.493
8372;8371;13.608
8373;8371;12.233
8375;8374;0.863
8385;8384;0.359
8387;8386;0.394
8389;8388;0.779
8391;8390;0.708
8393;8392;0.414
8404;8403;3.104
8406;8405;14.905
8403;8407;27.642
8409;8408;19.746
8410;8408;3.746
8408;8411;4.648
8411;8412;3.872
8412;8413;7.445
8414;8410;18.914
8415;8413;6.422
8416;8412;12.432
8374;8406;31.427
8417;8415;5.970
8418;8415;5.037
8416;8418;4.857
8420;8419;12.951
8421;8411;22.715
8423;8422;15.635
8413;8422;14.354
8407;8424;12.962
8425;8421;3.289
8424;8420;13.036
8426;8416;9.764
8421;8426;7.960
8422;8427;9.390
8428;8426;6.136
8428;8425;6.951
8429;8425;8.758
8430;8427;17.121
8430;8418;10.467
8427;8431;1.810
8431;8432;23.579
8433;8428;7.528
8429;8433;7.140
8434;8430;18.215
8433;8434;5.221
8424;8393;3.836
8436;8435;4.305
8437;8375;8.939
8437;8438;23.677
8439;8434;4.769
8440;8439;4.248
8440;8429;28.573
8441;8437;0.965
8442;8440;1.341
8444;8431;27.893
8439;8444;3.477
8445;8441;2.394
8392;8446;2.372
8436;8447;17.858
8448;8444;16.193
8450;8449;17.972
8444;8449;12.047
8448;8451;3.510
8444;8452;15.292
8454;8453;8.997
8453;8455;1.287
8455;8451;5.155
8452;8453;13.599
8456;8436;26.672
8457;8448;15.904
8457;8439;29.141
8457;8445;5.136
8447;8458;19.713
8458;8459;1.679
8460;8459;10.439
8461;8451;15.196
8462;8447;19.006
8463;8457;2.996
8464;8463;0.489
8464;8385;0.367
8459;8465;13.597
8449;8465;10.092
8466;8456;37.617
8466;8458;29.387
8467;8466;15.224
8465;8467;11.395
8467;8468;0.873
8468;8469;2.380
8384;8470;6.461
8469;8471;14.091
8472;8389;3.610
8471;8473;1.284
8388;8474;22.685
8473;8475;2.632
8475;8391;15.734
8390;8472;25.633
8470;8387;39.883
8386;8397;13.838
8395;8483;11.101
8483;8486;8.262
8486;8487;3.464
8490;8489;0.633
8492;8491;2.547
8494;8493;0.558
8496;8495;1.704
8498;8497;0.529
8500;8499;1.646
8502;8501;0.538
8504;8503;0.603
8506;8505;0.461
8527;8529;5.249
8530;8527;11.276
822;8531;0.254
8531;8532;2.109
823;8533;1.282
8532;8534;16.208
8491;8530;30.283
8493;8492;6.119
8535;8500;10.394
8534;8535;11.833
8499;8524;2.948
8525;8494;7.489
8536;8525;0.286
8526;8536;1.463
8552;8526;19.657
8554;8552;2.340
8555;8554;1.615
8556;8555;0.989
8558;8557;1.000
8559;8556;11.836
8560;8558;10.954
8561;8559;13.846
8562;8560;1.255
8563;8562;4.335
8564;8563;0.930
8561;8565;7.849
8566;8564;6.832
8567;8566;1.392
8565;8567;18.371
8568;8561;10.321
8569;8567;4.590
8568;8570;3.698
8563;8571;18.485
8571;8572;4.711
8572;8573;4.141
8574;8566;20.727
8574;8569;10.808
8575;8571;5.063
8574;8572;20.214
8576;8569;5.479
8576;8565;29.255
8562;8577;28.619
8577;8575;1.879
8578;8577;3.471
8574;8579;7.615
8573;8580;12.108
8580;8579;1.982
8581;8570;18.147
8582;8581;4.422
8582;8568;8.508
8573;8583;10.851
8583;8584;4.235
8584;8580;3.165
8585;8579;9.523
8584;8586;2.272
8587;8576;4.628
8570;8588;22.721
8588;8581;8.809
8586;8589;8.358
8585;8589;3.631
8590;8574;24.347
8587;8590;4.520
8591;8575;19.139
8591;8583;6.120
8593;8592;12.956
8588;8592;6.034
8594;8585;14.950
8590;8594;3.527
8589;8595;5.014
8586;8596;8.230
8595;8596;2.622
8594;8597;2.764
8598;8595;4.055
8596;8591;12.470
8598;8599;15.331
8597;8599;2.684
8600;8587;5.135
8592;8600;6.093
8599;8598;14.609
8601;8590;15.954
8597;8602;9.797
8603;8582;11.318
8604;8600;6.645
8505;8603;12.623
8605;8604;18.769
8608;8506;8.358
8609;8605;12.113
8610;8608;1.856
8495;8610;20.074
8497;8496;43.545
8611;8498;0.197
8612;8611;8.564
8501;8614;1.039
8503;8502;9.044
8489;8612;12.626
8614;8615;0.783
3268;8504;1.771
8615;8616;6.675
8617;8490;8.441
8618;8617;9.214
8619;8618;6.760
8620;8619;7.516
8621;8620;4.806
5975;8621;7.970
8623;8622;3.001
8624;8623;3.495
8626;8625;0.567
8628;8627;5.486
8630;8629;10.212
8632;8631;24.892
8633;8632;29.513
8634;8633;1.090
8630;8638;2.157
8639;8629;1.668
8622;8626;2.205
8625;8642;1.903
8643;8634;57.398
8644;8641;128.871
8645;8637;144.879
3014;8645;30.428
3016;8643;16.698
8646;8644;18.671
3021;8646;29.600
8648;8647;21.461
8651;8648;12.927
8653;8652;13.725
8642;8628;10.254
8654;8652;15.244
8655;8654;3.773
8652;8655;26.289
8656;8654;2.932
8657;8655;12.218
8658;8657;0.690
8659;8653;21.114
8660;8656;15.234
8660;8658;7.539
8661;8660;0.772
8652;8662;14.541
8662;8656;18.267
8663;8651;13.574
8663;8659;13.632
8664;8661;11.461
8665;8663;5.009
8659;8665;13.696
8666;8653;24.077
8667;8666;0.294
8668;8667;3.578
8662;8668;9.740
8661;8669;11.307
8666;8665;4.469
8670;8668;3.554
8670;8662;15.013
8671;8670;4.097
8669;8671;10.645
8672;8668;14.979
8671;8673;2.806
8673;8672;6.781
8674;8671;4.112
8674;8669;13.556
8675;8667;13.462
8677;8676;14.346
8677;8663;19.038
8675;8677;19.892
8678;8673;7.428
8672;8679;5.064
8678;8680;6.093
8680;8674;3.440
8681;8675;4.270
8680;8682;12.544
8683;8675;10.794
8679;8683;15.789
8684;8681;11.264
8684;8683;1.474
8685;8658;52.277
8627;8685;5.932
8686;8674;17.131
8685;8686;0.859
8687;8684;7.681
8688;8686;0.743
8689;8681;16.336
8690;8679;21.689
8684;8689;33.233
2026;8688;60.120
8678;8692;71.119
8694;8693;0.466
8696;8695;13.044
8696;8697;11.773
8698;8696;1.168
8699;8698;7.855
8700;8698;3.018
8701;8696;11.783
8700;8701;3.647
8702;8700;2.475
8703;8701;9.341
8703;8702;6.543
8705;8704;2.769
8704;8703;4.356
8707;8706;6.186
8706;8704;5.712
8708;8703;9.467
8708;8702;3.332
8709;8706;3.280
8710;8709;1.929
8711;8703;10.247
8712;8708;2.491
8709;8713;7.609
8714;8711;7.069
8714;8712;4.268
8715;8711;10.028
8715;8714;5.530
8716;8715;7.525
8716;8717;8.502
8717;8714;18.354
8717;8718;6.529
8718;8712;9.113
8713;8719;23.954
8719;8716;9.558
8720;8716;15.445
8720;8717;12.785
8721;8719;10.482
8721;8720;7.430
8722;8718;8.582
8722;8720;18.000
8723;8722;0.744
8693;8723;0.319
7455;8694;30.261
8724;2239;105.620
8726;8725;57.801
8725;8727;21.945
8729;8728;12.362
8728;8730;7.322
8736;8735;7.618
8738;8737;4.691
8735;8738;19.043
8740;8739;15.107
8738;8740;28.637
8741;8735;34.191
8739;8741;3.836
8742;8739;16.390
8743;8740;11.851
8744;8741;8.584
8746;2632;0.860
8747;8746;3.060
8748;8747;7.769
8745;8749;26.968
8750;8748;3.706
8749;8751;16.703
8751;8752;5.304
8752;8753;7.937
8754;8750;18.249
8755;8754;0.870
8756;8755;0.792
8753;8757;25.908
8757;8758;12.552
8758;8759;7.821
8765;8756;54.873
8767;8765;3.221
8768;8767;1.437
8769;8768;2.255
8770;8736;4.569
8769;8771;18.414
8772;8769;6.166
8737;8769;30.980
8772;8773;12.412
8774;8772;4.314
8774;8775;108.885
8776;8774;2.984
8778;8777;34.417
8742;8778;10.573
8779;8776;7.046
8780;8779;14.630
8781;8737;32.954
8781;8779;4.068
8782;8778;11.236
8742;8782;13.409
8783;8742;20.948
8784;8783;11.371
8785;8783;10.051
8786;8784;4.149
8787;8782;11.200
8784;8788;3.431
8788;8781;7.336
8789;8785;2.795
8786;8790;3.345
8790;8788;1.612
8791;8785;4.574
8792;8786;5.899
8792;8790;0.690
8793;8787;6.161
8787;8794;6.713
8794;8793;1.553
8795;8793;1.615
8795;8791;3.025
8791;8796;13.220
8796;8792;1.206
8797;8796;1.897
8798;8794;10.239
8799;8797;6.271
8800;8797;1.647
8801;8795;14.287
8801;8800;0.518
8802;8781;30.571
8803;8788;21.737
8803;8802;3.708
8800;8804;5.783
8804;8799;4.618
8805;8799;10.565
8806;8803;4.236
8806;8802;5.127
8804;8807;6.782
8808;8805;3.910
8807;8809;3.488
8805;8809;4.490
8810;8807;4.234
8811;8801;9.365
8809;8812;3.665
8812;8808;4.357
8813;8808;4.871
8813;8806;5.918
8814;8813;31.530
8815;8811;4.733
8816;8810;8.664
8816;8810;10.145
8817;8813;5.996
8812;8818;7.162
8815;8819;8.309
8818;8820;2.456
8820;8817;4.642
8821;8816;7.052
8822;8818;9.708
8824;8823;13.512
8822;8820;11.774
8825;8817;6.787
8824;8819;24.037
8826;8822;9.201
8826;8821;10.737
8827;8776;31.468
8828;8825;13.111
8830;8828;66.334
8830;8827;6.497
8831;8828;16.491
8825;8831;31.661
8819;8824;61.343
8832;8811;40.774
8834;8815;36.926
8835;8830;2.282
8837;8836;11.608
8838;8832;8.181
8834;8832;27.926
8839;8837;11.742
8840;8839;12.227
8841;8834;34.201
8842;8831;35.011
8842;8840;21.169
8843;8836;36.754
8844;8837;33.532
8844;8843;11.687
8845;8839;30.273
8845;8844;11.691
8846;8840;26.902
8846;8845;11.461
8847;8842;23.087
8847;8846;12.022
8848;8843;18.218
8849;8844;18.361
8849;8848;11.884
8850;8849;11.710
8851;8835;23.499
8852;8847;20.313
8852;8850;15.748
8853;8848;28.131
8854;8849;28.015
8854;8853;10.964
8855;8850;27.946
8855;8854;11.040
8852;8856;28.355
8856;8855;11.464
8858;8857;30.648
8857;8859;83.421
8860;8851;50.501
8861;8835;143.869
8861;8862;37.191
8863;8860;32.045
8864;8863;0.772
8865;8861;27.677
8865;8857;39.830
8866;8864;7.867
8867;8865;0.985
8868;8851;28.275
8869;8860;30.852
8869;8866;2.776
8870;8867;22.436
8864;8866;21.443
8871;8863;23.351
8873;8869;12.859
8876;8868;5.597
8878;8876;0.248
8879;8878;0.553
8880;8873;4.489
8881;8879;2.301
8882;8867;24.824
8883;8882;11.681
8884;8883;3.708
8885;8880;0.891
8886;8885;6.244
8887;8882;7.177
8882;8887;10.007
8888;8880;15.879
8889;8885;2.062
8890;8883;10.756
8891;8889;0.770
8892;8891;3.194
8892;8893;32.964
8894;8892;4.881
8895;8894;1.532
8896;8895;3.472
8896;8887;7.615
8891;8897;14.872
8897;8898;1.432
8898;8894;6.249
8899;8896;0.318
8890;8899;13.268
8900;8897;3.871
8901;8899;6.102
8901;8890;8.874
8902;8901;1.141
8904;8903;3.470
8905;8902;11.945
8894;8898;11.536
8906;8881;7.816
8907;8902;3.234
8905;8907;4.456
8902;8908;4.212
8909;8889;15.771
8909;8900;21.719
8910;8908;2.110
8911;8900;8.838
8912;8896;12.752
8908;8912;15.496
8913;8907;4.455
8913;8905;11.755
8914;8913;0.918
8914;8904;100.608
8915;8912;0.855
8911;8916;9.090
8917;8895;20.218
8917;8915;7.809
8917;8918;1.752
8918;8911;19.825
8918;8916;16.667
8916;8919;15.237
8920;8915;15.612
8920;8917;15.193
8921;8914;10.329
8922;8921;8.808
8923;8922;6.853
8924;8921;47.892
8730;8906;2.371
8927;8920;50.326
8928;8729;4.361
8929;8729;42.046
8928;8726;10.639
8727;8909;4.607
8930;8928;9.212
8932;8931;4.541
8726;8932;22.306
8933;8930;6.905
8934;8933;10.905
8934;8930;6.399
8931;8934;5.385
8935;8923;23.237
8936;8935;2.917
8937;8934;7.075
8938;8937;1.532
8939;8938;2.254
8940;8939;0.699
8941;8931;41.197
8943;8942;23.590
8944;8936;15.283
8946;8945;10.451
8948;8947;1.101
8950;8949;0.824
8951;3071;12.053
8952;8951;28.835
8953;8952;6.454
8954;8953;29.465
8955;8954;5.286
8957;8956;8.335
8955;8957;5.231
8959;8958;10.616
8956;8959;9.847
8960;8959;3.217
8961;8960;2.166
8957;8961;8.261
8961;8962;10.401
8963;8955;5.415
8964;8960;18.109
8962;8964;6.176
8965;8962;14.227
8965;8963;1.641
8966;8964;34.069
8947;8965;47.530
8949;8948;2.024
2041;8950;65.099
8968;8967;2.962
8970;8969;0.702
8972;8971;1.094
8973;2913;31.155
8974;8973;1.971
8975;8974;15.507
8975;8976;12.322
8976;8977;4.955
8979;8978;6.823
8980;8978;1.514
8976;8981;2.482
8982;8980;4.427
8981;8983;3.693
8977;8983;3.317
8984;8982;10.440
8985;8978;9.582
8986;8985;5.611
8980;8986;3.992
8988;8987;6.095
8989;8987;11.353
8982;8990;4.489
8984;8990;6.923
8986;8991;2.409
8990;8991;5.179
8984;8992;7.543
8987;8992;9.584
8993;8975;6.349
8993;8981;9.910
8983;8994;10.564
8991;8995;3.795
8992;8996;4.446
8985;8997;7.814
8995;8997;2.426
8997;8998;2.251
8999;8994;2.848
9000;8985;15.702
8998;9000;9.094
9001;9000;3.461
8995;9002;3.818
8996;9002;4.436
8977;9003;29.925
9003;9001;1.955
8994;9004;5.083
9004;9005;5.865
9005;9003;7.814
8998;9006;4.413
9002;9006;2.299
8999;9007;4.458
9007;9004;2.609
9008;8993;3.445
9008;8999;8.646
9007;9009;2.497
9009;9005;7.585
9001;9010;8.692
9006;9010;4.357
9011;9008;1.944
9009;9011;8.541
8969;8996;4.659
9010;9012;4.295
9009;9013;13.486
9012;9013;0.900
9014;9006;10.781
9015;8970;1.033
9016;9011;3.128
9013;9016;4.184
9017;9012;6.756
9016;9018;10.574
9020;9019;3.214
9021;9020;8.018
9008;9021;51.739
9022;9015;6.204
9020;9023;9.389
9024;9018;10.478
9025;9021;9.469
9018;9025;37.992
9026;9023;7.122
9021;9026;11.078
9027;9022;2.879
9026;9028;6.039
9025;9028;13.548
9023;9029;15.731
9030;9029;7.741
9028;9030;8.024
9031;9027;25.653
9032;9031;46.984
9033;9032;2.730
7752;9033;14.119
9034;9032;25.947
9035;9034;0.583
9036;9035;21.531
8971;9036;19.276
9037;8972;5.650
9037;8968;2.746
9039;9038;22.060
9041;9040;10.740
8967;9041;13.553
9042;9039;3.834
9043;9039;2.736
9041;9043;1.957
9038;9044;9.325
9044;9042;4.710
9042;9045;3.870
9043;9045;4.812
9044;9046;3.753
9048;9047;7.234
9049;9043;7.772
9050;9049;3.896
9048;9050;5.070
9051;9045;7.535
9049;9051;7.552
9052;9050;3.299
9052;9048;7.220
9053;9051;4.140
9054;9052;4.282
9055;9053;8.443
9054;9055;6.242
9056;9055;9.029
9056;9054;8.386
9057;2978;0.895
4666;9057;15.857
9059;9058;8.574
9060;8946;3.741
9062;9061;1.938
9064;9063;1.177
9082;9081;4.792
0;9084;24.872
9089;9082;0.344
9091;9090;2.134
9090;9092;1.016
9092;9093;2.130
9093;9086;37.711
9094;9090;1.272
9094;9091;1.725
9094;9095;0.265
9093;9096;2.187
9092;9096;1.642
9097;9096;0.382
9098;9095;1.538
9097;9098;1.291
9097;9099;1.309
9099;9098;1.412
9081;9062;18.496
9100;9091;14.628
9099;9101;4.467
9102;9081;25.288
9102;9101;1.589
9103;9100;5.216
9104;9103;2.413
9105;9102;3.630
9105;9101;4.078
9061;9064;15.734
9064;9095;20.708
9107;9105;2.061
9108;9106;2.781
9109;9107;8.190
9108;9110;20.666
9108;9084;21.008
9111;9104;13.539
9112;9108;14.628
9084;9112;3.518
9113;9109;12.271
9110;9113;3.886
9114;9109;15.698
9115;9113;3.062
9110;9115;12.235
9116;9114;1.033
9117;9115;1.816
9117;8945;17.420
9118;9117;1.261
9119;9118;0.459
9112;9119;9.525
9059;9116;11.488
8945;9059;7.777
0;9119;2.648
9058;8946;14.625
9120;9060;6.431
9118;9120;13.789
9120;9121;2.502
9122;1;7.176
9123;9058;9.498
9060;9124;18.106
9124;9123;9.952
9125;9122;4.938
9121;9124;19.735
9121;9126;12.423
9126;1;22.550
9127;9125;6.704
9126;9128;6.038
9129;9128;8.022
9123;9130;33.695
9128;9130;3.404
9130;9131;7.581
9131;9132;8.183
9133;9132;3.993
9134;9125;56.486
9135;9132;8.445
9136;9127;12.819
9136;9063;24.852
9137;9136;0.988
9131;9138;24.173
9139;9137;28.260
9140;9139;9.870
9141;9140;4.818
9142;9141;12.333
9143;9142;1.035
8529;9143;4.031
9146;9145;6.996
9148;9147;0.828
9150;9149;1.345
9152;9151;1.807
9154;9153;0.830
9155;9146;0.862
9157;9156;1.169
9159;9158;0.825
9161;9160;0.584
3603;9162;1.640
9164;9163;6.409
9147;9164;15.146
9162;9148;16.915
9166;9165;18.570
9168;9167;7.682
9167;9169;4.572
9171;9170;8.743
9172;9171;24.042
9173;9172;29.641
9174;9173;9.047
9175;9174;6.596
9149;9175;0.728
9151;9150;28.844
9153;9152;36.555
9176;9154;37.825
9177;9176;13.671
9179;9178;7.882
9180;9177;7.679
9179;9181;10.761
9181;9182;3.216
9181;9183;3.630
9183;9184;1.570
9184;9185;7.306
9185;9184;13.995
9185;9186;9.398
9186;9183;38.494
9186;9187;23.849
9187;9188;5.011
9189;9187;44.040
9190;9189;7.237
9191;9189;6.563
9192;9191;37.445
9191;9193;27.847
9194;9180;23.835
9195;9194;6.352
9196;9195;2.283
9197;9196;0.661
9198;9197;18.735
9145;9198;10.581
9199;9155;55.603
9200;9199;1.525
9202;9201;7.934
9203;9202;26.707
9204;9200;11.870
9205;9203;5.054
9205;9206;7.814
9208;9207;9.648
9207;9204;5.973
9209;9204;3.582
9207;9209;5.988
9210;9207;3.180
9211;9209;0.884
9211;9205;9.399
9212;9211;1.471
9213;9212;20.725
9214;9213;1.276
9215;9212;2.587
9216;9215;2.224
9216;9215;15.435
9217;9216;0.549
9218;9217;21.435
9219;9217;8.239
9219;9220;13.377
9221;9218;8.815
9222;9219;4.121
9223;9218;14.077
9223;9222;7.097
9224;9223;5.900
9224;9225;8.957
9225;9226;2.923
9227;9224;10.633
9228;9227;5.772
9228;9225;6.600
9226;9228;10.190
9229;9222;11.007
9229;9226;18.019
9230;9229;4.150
9231;9230;1.595
9232;9231;7.551
9156;9159;38.113
9160;9157;22.855
9233;9161;2.022
2888;9233;4.677
9234;9232;20.792
9158;9231;67.725
9235;9234;5.361
9236;9235;57.430
2914;9236;5.117
9238;9237;0.745
9240;9239;0.837
183;9241;9.187
9241;9242;14.500
9237;9243;16.387
9245;9244;13.176
9239;9245;0.655
9243;9240;16.281
9242;9238;34.481
9247;9246;9.787
9248;9247;11.789
9249;9247;13.015
9245;9249;10.468
9249;9250;6.173
9250;9251;4.320
9251;9252;2.285
9253;9252;29.669
9252;9254;14.408
9254;9255;9.730
9255;9256;0.940
9256;9257;2.991
9257;9258;11.082
9258;421;103.333
9256;9259;64.156
9259;9260;5.273
9260;9261;51.278
9261;9262;8.819
9262;9263;13.142
9263;9264;12.033
9264;9265;3.876
9265;9266;6.055
9266;9267;3.688
9267;9268;13.219
9270;9269;1.275
9268;9270;9.932
9268;9271;7.460
9270;9272;12.924
9272;9271;15.287
9273;9272;11.092
9271;9274;8.111
9271;9275;17.765
9267;9275;9.010
9275;9276;0.543
9277;9274;20.707
9276;9277;10.739
223;9278;12.827
9279;9277;11.402
9278;9280;16.036
9282;9281;21.953
9283;9282;2.041
9284;9282;5.466
9286;9285;1.642
9283;9286;6.445
9287;9284;14.669
9286;9288;2.150
9289;9283;4.534
9290;9284;3.771
9291;9287;5.805
9292;9287;35.365
9280;9292;2.858
9293;9279;12.588
9294;9292;9.090
9295;9293;2.843
9296;9295;58.945
9297;9294;92.015
9298;9296;12.900
9299;9298;36.475
9299;9300;16.790
9301;9297;40.744
9300;9301;24.560
9303;9302;36.007
9305;9304;5.045
9306;9302;17.934
9304;9306;0.530
9308;9307;25.112
9306;9308;5.137
9309;9305;3.684
9308;9310;8.981
9311;9305;20.837
9311;9309;18.845
9312;9310;11.404
9313;9299;38.093
9314;9313;0.484
9315;9314;6.503
9316;9315;3.440
9316;9317;7.155
9318;9316;6.146
9319;9318;7.459
9320;9317;9.886
9321;9320;6.043
9322;9318;7.729
9317;9323;6.256
9324;9320;7.675
9325;9324;5.000
9327;9326;6.266
9328;9324;13.144
9330;9329;17.182
9326;9330;12.789
9323;9331;33.066
9330;9332;2.463
9334;9333;13.906
9332;9334;2.022
9333;9335;11.473
9334;9336;13.052
9337;9332;24.608
9338;9337;12.841
9339;9338;5.260
9337;9340;5.452
9341;9339;3.829
9331;9341;46.338
9343;9342;8.140
9345;9344;14.973
9346;9343;13.097
9347;9346;3.887
9344;9347;15.057
9346;9342;22.205
9349;9348;2.223
9351;9350;0.336
6474;8107;7.227
8108;9352;0.991
9352;9353;51.623
9353;9354;2.262
9354;9351;6.034
9350;9355;5.005
9355;9356;5.408
9356;9357;5.481
9357;9358;2.212
9358;9359;14.587
9359;9360;13.369
9348;9361;4.537
9359;9362;16.141
9358;9363;8.161
9364;9363;6.899
9363;9365;2.251
9366;9365;15.670
9365;9367;3.265
9367;9368;3.529
9368;9369;22.241
9370;9349;23.428
9371;9370;11.946
9369;9371;11.614
9372;9369;27.587
9372;9368;21.494
9373;9370;8.943
9371;9373;10.344
9374;9372;3.763
9375;9371;19.921
9375;9374;3.978
9373;9376;19.574
9367;9377;33.178
9367;9378;12.018
9377;9378;9.711
9379;9377;9.864
9380;9374;19.516
9378;9380;3.687
9380;9381;1.915
9382;9375;15.617
9381;9382;1.271
9383;9378;3.063
9379;9383;10.710
9384;9379;8.938
9385;9381;5.597
9382;9386;2.480
9387;9383;1.748
9387;9384;13.910
9385;9388;2.623
9389;9384;9.978
9390;9386;3.537
9390;9385;10.341
9392;9391;7.693
9386;9392;1.540
9393;9390;2.333
9388;9394;7.215
9394;9393;7.478
9395;9373;35.171
9392;9395;1.606
9396;9394;2.681
9396;9388;10.235
9398;9397;8.924
9395;9398;11.148
9400;9399;7.760
9400;9401;5.640
9398;9400;12.756
9402;9387;5.272
9393;9403;14.154
9403;9396;13.144
9404;9403;4.368
9405;9402;3.499
9406;9405;9.625
9407;9405;3.303
9395;9408;10.604
9409;9407;5.804
9409;9410;10.292
9411;9409;10.233
9412;9411;2.829
9408;9413;20.416
9413;9414;0.219
9414;9415;21.596
6751;9412;53.670
9415;9416;24.949
9416;9417;12.846
9417;9418;42.279
9418;9419;18.127
9419;131;18.623
9421;9420;0.888
9423;9422;0.840
9425;9424;0.844
9427;9426;0.786
9428;9425;5.599
9424;9429;1.837
9431;9430;5.644
9430;9432;31.168
9433;9432;9.661
9434;9433;1.598
9435;9434;1.677
9436;9431;51.235
9437;9432;18.719
9438;9437;7.963
9438;9433;8.766
9439;9436;11.365
9436;9437;25.183
9440;9438;17.471
527;9441;10.138
9440;9435;22.542
9426;9428;45.392
9442;9440;23.387
9443;9427;13.858
9444;9443;3.714
9445;9442;22.526
9446;9445;4.690
9447;9446;2.914
9429;9448;49.065
9448;9449;3.080
9451;9450;23.630
9453;9452;10.901
9453;9450;10.235
9454;9453;9.584
9455;9453;21.577
9451;9455;6.104
9456;9447;32.703
9457;9456;1.859
9451;9458;21.946
9449;9458;20.753
9458;9459;0.588
9460;9447;17.746
3651;9461;5.182
9461;9462;36.439
9462;9421;7.760
9420;9463;0.630
9463;9464;21.590
9464;9455;11.351
9465;9457;45.680
9466;9465;15.486
9467;9460;17.738
9468;9466;37.085
9469;9467;4.241
9470;9468;13.324
9471;9468;12.731
9472;9471;15.266
9473;9470;4.452
9473;9472;35.975
9474;9471;6.897
9472;9474;13.484
9474;9475;33.185
9476;9473;16.070
9477;9476;18.399
9459;9478;46.570
9422;9477;12.264
9479;9469;21.470
9480;9479;21.263
9478;9481;12.527
9481;9480;23.919
2434;9423;37.660
722;9482;2.192
775;9483;6.352
9485;9484;0.888
9487;9486;0.764
9489;9488;0.594
9491;9490;0.306
9493;9492;34.053
9492;9485;3.108
9494;9492;3.492
9484;9495;2.301
9495;9496;22.784
9498;9497;5.767
9499;9498;18.105
9499;9500;3.080
9501;9499;14.563
9502;9498;7.867
9502;9503;3.661
9504;9501;9.821
9500;9505;13.736
9505;9502;6.963
9500;9506;11.823
9507;9506;4.575
9505;9507;3.498
9508;9505;4.740
9503;9509;8.055
9510;9509;4.213
9506;9511;5.566
9511;9507;4.557
9512;9508;6.697
9512;9513;7.712
9509;9513;5.634
9496;9514;10.449
9514;9515;0.287
9511;9516;4.751
9516;9512;12.454
9517;9516;2.286
9515;9518;0.408
9519;9517;6.712
9521;9520;13.685
9520;9519;9.955
9521;9522;13.103
9519;9523;6.311
9523;9524;3.911
9524;9517;14.039
9520;9523;17.602
9525;9524;4.812
9518;9526;8.015
9527;9525;16.458
9528;9525;14.845
9526;9528;5.283
9529;9528;10.943
9488;9529;5.830
9487;9489;9.740
9530;9486;17.042
9531;9530;16.283
9532;9531;3.965
9533;9532;12.447
9534;9533;7.651
9535;9532;6.787
9534;9536;5.621
9533;9537;9.427
9535;9537;8.254
9538;9537;5.457
9538;9534;7.532
9538;9539;5.948
9537;9540;7.678
9541;9535;4.152
9539;9542;6.080
9543;9540;6.876
9543;9538;7.317
9541;9544;8.545
9540;9544;3.204
9545;9539;8.730
9544;9546;3.688
9547;9545;7.074
9542;9547;5.554
9548;9546;7.269
9548;9543;6.786
9545;9549;4.101
9550;9549;8.406
9547;9550;3.000
9551;9546;4.423
9552;9541;4.160
9551;9552;9.782
9553;9548;5.058
9549;9553;1.283
9554;9551;6.082
9548;9554;4.544
9553;9555;2.312
9556;9550;8.182
9557;9556;9.236
9558;9557;1.161
9554;9559;4.254
9560;9555;10.892
9560;9556;6.347
9561;9559;3.126
9555;9561;2.934
9562;9556;7.848
9559;9563;3.982
9561;9563;7.718
9564;9552;4.480
9554;9565;15.508
9565;9566;2.309
9566;9563;10.147
9567;9564;9.717
9567;9565;3.186
9568;9560;13.550
9569;9564;2.425
9566;9570;13.687
9570;9568;5.027
9571;9569;0.667
9572;9569;4.623
9572;9567;8.727
9573;9570;1.701
9568;9574;14.914
9576;9575;2.897
9575;9572;9.029
9571;9577;2.280
9578;9575;4.548
9577;9579;9.026
9579;9580;13.733
9580;9491;10.928
9490;9581;19.166
8631;9582;0.344
9584;9583;2.222
9586;9585;0.634
9588;9587;0.611
9590;9589;1.967
9581;9599;3.030
9599;6054;35.371
6078;9600;7.891
9601;6079;7.599
9601;9600;0.842
9602;9601;1.211
9600;9602;1.074
9603;9602;2.354
9604;9603;11.834
9589;9604;3.601
9605;9590;3.232
9606;9604;2.939
9583;9606;0.744
9607;9584;6.651
9607;9605;7.338
9582;9607;25.234
9610;6085;34.042
9585;9610;18.756
9612;9586;14.500
9613;9612;9.659
9612;9614;30.191
9615;9614;19.764
9614;9616;4.770
9616;9617;10.448
9618;9617;11.540
9616;9619;11.726
9619;9620;4.193
9617;9619;9.316
9621;9617;3.143
9619;9622;2.699
9624;9623;8.791
9624;9621;3.498
9621;9625;8.233
9622;9625;4.892
9625;9626;1.411
9627;9624;6.239
9627;9628;6.571
9626;9628;4.583
9626;9629;11.177
9622;9629;17.683
9620;9629;24.935
9631;9630;3.744
9631;9627;6.208
9629;9632;10.369
9628;9633;8.507
9633;9632;1.347
9634;9633;1.461
9587;9613;20.600
9635;9631;6.982
9634;9635;4.395
9632;9636;5.439
9637;9634;7.170
9636;9637;3.869
9639;9638;15.131
9638;9635;8.119
9640;9637;8.610
9641;9636;14.814
9642;9638;6.584
9642;9643;5.051
9644;9641;4.597
9643;9640;9.999
9645;9640;5.244
9645;9641;3.125
8647;9588;7.430
9646;9642;2.765
9647;9643;3.978
9648;9646;8.064
9649;9648;11.570
9650;9645;15.836
9651;9650;5.366
9652;9650;8.535
9652;9651;4.171
9653;9646;25.430
9654;9652;6.819
9655;9651;11.784
9656;775;9.699
9657;9482;5.383
9659;9658;1.511
9661;9660;26.028
9663;9662;3.273
9665;9664;2.642
9667;9666;2.833
9666;9668;1.458
9662;9668;5.047
9669;9662;9.295
9664;9669;1.879
9671;9670;3.467
9670;9666;7.026
9669;9672;3.012
9673;9664;13.520
9672;9674;1.780
9675;9670;2.181
9668;9676;6.307
9674;9676;6.310
9675;9677;2.333
9672;9678;3.978
9679;9675;2.547
9680;9678;4.391
9681;9680;1.796
9682;9674;3.548
9683;9679;3.033
9683;9684;7.141
9676;9684;4.770
9678;9685;5.200
9686;9685;1.486
9680;9686;3.150
9687;9686;2.843
9679;9688;8.090
9690;9689;1.265
9688;9691;3.704
9694;9693;0.764
9695;9690;5.957
9693;9695;4.078
9689;9696;1.162
9697;9688;2.464
9482;9698;1.834
9697;9683;8.510
9699;9689;2.126
9700;9699;3.286
9692;9701;4.120
9696;9701;1.709
9702;9693;3.244
9704;9703;4.468
9684;9704;7.202
9705;9697;5.256
9703;9705;4.689
9706;9699;2.119
9701;9707;3.875
9708;9695;4.873
9704;9709;2.450
9709;9685;19.763
9710;9705;2.445
9709;9711;1.253
9703;9712;3.820
9714;9713;53.553
9716;9715;14.621
9715;9717;4.999
9717;9718;1.410
9696;9718;15.416
9719;9715;4.186
9721;9720;3.162
9720;9722;2.363
9723;9720;1.782
9718;9723;8.897
9717;9724;5.581
9725;9723;5.905
9713;9690;127.869
9727;9726;4.451
9728;9726;9.173
9730;9729;8.490
9726;9729;9.541
9732;9731;12.952
9729;9731;4.980
9734;9733;21.726
9733;9734;14.549
9734;9735;4.972
9731;9736;8.655
9735;9736;3.708
9736;9737;11.108
9739;9738;5.906
9738;9740;0.710
9737;9740;6.388
9735;9741;8.627
9737;9742;1.612
9742;9743;6.867
9741;9743;1.406
9742;9744;1.921
9743;9744;5.089
9744;9745;3.552
9740;9746;6.928
9747;9741;10.240
9744;9748;2.610
9745;9749;2.294
9746;9750;5.862
9752;9751;9.228
9745;9753;10.777
9751;9754;2.912
9746;9754;21.332
9751;9755;5.263
9755;9756;2.551
9754;9756;5.189
9750;9757;2.569
9756;9758;4.407
9758;9759;2.854
9755;9760;7.570
9759;9760;0.721
9761;9758;5.566
9760;9762;6.926
9759;9763;6.545
9762;9764;2.917
9757;9765;13.403
9765;9766;3.213
9766;9767;98.143
9767;9768;0.126
9769;1841;2.850
9770;9769;1.198
9771;9770;0.699
9772;9771;35.847
9768;9773;16.762
9774;9772;99.333
9773;9774;57.906
9775;9774;3.813
9774;9776;27.462
9777;9775;38.518
9779;9778;3.818
9778;9780;1.281
9781;9780;3.851
9780;9782;5.454
9783;9782;6.233
9778;9784;9.453
9782;9784;2.697
9784;9785;4.081
9785;9786;0.685
9785;9787;10.141
9787;9788;3.260
9776;9788;11.199
9790;9789;8.909
9786;9789;5.402
9792;9791;9.895
9793;9792;4.095
9794;9792;5.949
9789;9794;1.072
9786;9795;4.012
9788;9796;9.735
9797;9794;6.485
9795;9797;2.282
9796;9798;1.512
9798;9799;5.903
9800;9795;6.545
9787;9801;7.074
9799;9801;4.209
9801;9800;7.019
9800;9802;1.528
9799;9803;2.792
9804;9796;10.327
9801;9805;2.504
9807;9806;5.387
9798;9806;7.416
9797;9808;7.502
9809;9805;6.369
9811;9810;4.433
9812;9810;3.443
9814;9813;1.917
9810;9813;6.685
9806;9815;1.709
9816;9808;8.911
9805;9816;8.025
9808;9817;19.182
9818;9777;7.760
9819;9815;5.734
9813;9819;4.576
9820;9816;4.064
9821;9820;7.154
9822;9821;0.896
9815;9822;6.135
9816;9823;5.309
9821;9824;3.985
9817;9825;12.858
9827;9826;16.142
9828;9822;12.329
9820;9829;12.999
9829;9830;1.521
9831;9828;8.744
9831;9819;15.924
9832;9831;2.123
9834;9833;14.589
9835;9832;3.108
9833;9835;0.776
9836;9828;3.699
9829;9836;7.951
9832;9837;3.630
9838;9833;5.101
9837;9839;2.616
9839;9835;4.398
9840;9827;3.689
9841;9839;1.108
9837;9842;3.981
9843;9841;6.476
9841;9843;7.303
9844;9843;4.835
9845;9844;2.188
9846;9844;4.033
9848;9847;2.716
9847;9846;3.421
9849;9846;2.242
9850;9840;9.957
9851;9850;1.321
9852;9847;9.186
9853;9818;15.836
9826;9854;21.124
9854;9855;0.955
9856;9851;20.472
9857;9856;2.811
9858;9857;11.413
9859;9853;11.975
9855;9859;16.664
9860;9858;15.167
9861;9860;1.900
9862;9861;0.800
9863;9862;2.859
9865;9864;2.208
9867;9866;10.825
9864;9866;0.892
9866;9868;2.285
9864;9869;1.204
9870;9869;7.279
9869;9871;1.486
9872;9871;5.485
9871;9873;2.449
9874;9863;6.206
9876;9875;1.381
9873;9875;4.151
9873;9877;1.959
9877;9878;1.549
9879;9878;4.665
9875;9880;2.296
9877;9880;3.538
9878;9881;2.416
9880;9882;5.760
9881;9883;3.638
9881;9884;12.746
9882;9885;4.619
9886;9883;4.558
9884;9886;1.343
9882;9887;7.107
9885;9887;3.008
9884;9888;5.394
9889;9859;16.861
9885;9890;5.446
9886;9891;5.630
9887;9892;5.498
9892;9890;7.515
9892;9893;2.086
9890;9894;2.276
9883;9894;7.587
9894;9895;2.363
9896;9895;4.623
9895;9897;3.332
9898;9889;2.382
9899;9874;9.169
9900;9898;1.373
9901;9899;1.070
9902;9897;15.531
9897;9903;12.420
9904;9901;1.255
9905;9868;15.064
9906;9905;2.389
9907;9906;5.407
9908;9904;21.467
9909;9900;28.358
9910;9909;4.092
9911;9907;16.255
9912;9911;1.651
9913;9912;14.757
9914;9908;14.251
9915;9910;15.660
9916;9914;13.772
9917;9913;17.877
9918;9917;0.303
9919;9916;2.671
9919;9918;2.099
9920;9919;2.569
9921;9915;16.655
9922;9921;0.733
9922;9923;18.394
9923;9924;3.126
9925;9920;35.518
9924;9926;38.656
9926;9927;62.271
9928;9925;20.754
9930;9929;14.172
9931;9922;98.921
9927;9932;28.686
9933;9931;9.478
9933;9928;11.755
9934;9933;0.887
9932;9935;9.767
9658;9934;7.156
9936;9659;9.210
9938;9937;8.274
9937;9936;4.257
9940;9939;7.998
9941;9939;4.581
9937;9941;6.654
9943;9942;4.344
9939;9943;2.714
9929;9944;200.568
9936;9945;3.108
9943;9946;4.289
9947;9941;10.810
9945;9948;8.078
9945;528;4.233
9949;9946;15.840
9951;9950;4.723
528;9950;6.937
9936;723;34.852
9952;723;2.683
9953;9952;3.856
9946;9656;15.605
9950;702;2.919
9935;9661;37.605
9954;9952;1.642
9656;9955;17.246
774;9956;6.377
9955;9957;5.591
9958;9957;4.270
9960;9959;4.690
9955;9960;2.805
9957;9961;3.222
702;9961;16.760
774;9962;1.363
9944;9963;71.571
9961;9964;1.546
9965;9962;4.071
9965;9960;2.986
9698;9966;3.497
9967;9966;14.035
9963;9968;8.630
9970;9969;4.342
9964;9970;4.033
9966;9971;1.288
9972;9968;6.905
9973;9972;2.533
9971;9974;1.545
9974;9973;2.267
9698;9975;12.706
9964;9976;20.114
9976;9975;3.265
9978;9977;6.202
9962;9977;8.364
9977;9979;0.761
9975;9980;9.918
9971;9980;7.239
9965;9981;12.341
9970;9981;5.905
9980;9982;11.936
9982;9974;4.453
9983;9982;2.348
9984;9970;10.620
9984;9976;13.123
9986;9985;11.821
9985;9987;19.479
9975;9988;5.389
9989;9983;3.350
9989;9973;6.685
9990;9989;1.202
9991;9988;6.665
9980;9991;6.795
9979;9992;6.885
9993;9992;3.641
9992;9994;5.464
9981;9994;7.147
9660;9995;41.207
9988;9996;4.496
9997;9980;8.393
9994;9998;3.545
9984;9998;12.525
9979;9999;9.477
10000;9999;10.059
9990;10001;8.178
9991;10002;9.873
9998;10003;5.171
10004;10003;6.861
9995;10005;17.376
10007;10006;2.739
9999;10006;7.563
9983;10008;16.418
10005;10009;2.849
10003;10010;3.652
10006;10011;2.264
10010;10012;0.915
10011;10013;2.453
10010;10014;6.197
10015;10014;4.322
10016;10012;8.158
10018;10017;1.601
10017;10016;1.739
10011;10019;5.968
10019;10017;5.079
10013;10019;5.460
10009;10020;3.730
10021;9984;21.818
10016;10022;5.137
10012;10022;8.133
10021;10023;6.470
10013;10024;6.940
10026;10025;1.994
10022;10026;1.253
10026;10027;1.086
10014;10028;9.047
10028;10021;3.502
10024;10029;2.968
10030;10029;2.067
10027;10031;6.934
10023;10032;3.295
10031;10033;8.857
10033;10028;2.426
10029;10034;2.950
10035;10034;3.356
10032;10036;4.804
10038;10037;3.161
10024;10037;4.387
10032;10039;3.722
10040;10031;4.220
10041;10040;2.740
10042;10040;1.808
10034;10043;7.257
10027;10043;8.682
10037;10044;4.834
10023;10039;23.316
10033;10045;10.326
10039;10045;4.029
10043;10046;3.845
10047;10046;8.220
10046;10048;2.926
10045;10049;8.654
10048;10044;17.099
10051;10050;0.621
10052;10051;2.396
10054;10053;1.395
10050;10054;23.052
10056;10055;4.493
10058;10057;1.219
10060;10059;3.651
10062;10061;3.261
10064;10063;7.652
10072;10071;0.612
10073;10072;2.325
10074;10070;29.276
10075;10069;49.230
10076;10074;13.438
10063;10076;7.204
10077;10075;13.118
10078;10073;49.365
10080;10078;34.194
10082;10080;1.171
10083;10082;1.665
10085;10083;1.236
10087;10077;8.197
10088;10087;2.024
10078;10090;50.200
10091;10085;21.862
10088;10092;50.398
10093;10091;24.759
10095;10094;18.395
10088;10096;21.235
10097;10096;1.898
10099;10098;26.618
10092;10106;70.347
10107;10097;24.623
10098;10107;18.790
10110;10109;7.136
10096;10109;4.166
10111;10095;22.750
10106;10111;10.742
10115;10114;18.480
10114;10089;25.668
10109;10116;16.762
10117;10111;9.877
10118;10114;1.263
10119;10117;2.534
10118;10120;2.593
10121;10118;1.318
10121;10120;4.839
10120;10122;6.005
10109;10123;4.201
10126;10125;12.302
10127;10091;123.329
10127;10125;3.452
10128;10108;4.224
10116;10123;23.387
10125;10121;27.374
10129;10121;3.333
10129;10122;11.863
10122;10130;13.092
10131;10130;4.650
10128;10132;1.509
10134;10133;15.206
10135;10131;2.823
10136;10128;1.585
10137;10107;39.026
10135;10138;2.454
10139;10137;0.843
10140;10119;18.778
10133;10140;17.645
10130;10141;4.605
10135;10141;4.140
10143;10129;2.106
10138;10144;17.264
10134;10145;4.515
10146;10134;13.178
10123;10146;5.917
10143;10148;4.404
10148;10129;7.970
10148;10130;15.010
10150;10149;4.927
10150;10143;2.816
10141;10151;3.141
10138;10151;4.695
10152;10150;1.388
10153;10139;5.055
10140;10155;5.725
10133;10156;9.363
10145;10156;11.445
10156;10157;5.670
10157;10155;12.560
10158;10146;7.745
10160;10159;4.453
10127;10162;20.231
10162;10152;2.981
10153;10163;12.955
10164;10162;1.706
10166;10148;6.351
10166;10167;9.972
10168;10143;11.286
10169;10152;7.642
10169;10168;2.651
10170;10153;11.864
10171;10164;4.649
10163;10172;8.857
10173;10166;5.250
10172;10174;1.060
10175;10168;7.922
10175;10173;2.152
10156;10176;11.174
10145;10176;13.132
10177;10176;15.446
10146;10177;4.744
10158;10178;8.089
10178;10177;7.603
10180;10158;12.089
10182;10181;14.878
10183;10169;6.700
10183;10175;6.768
10184;10140;29.060
10185;10173;8.128
10151;10185;19.876
10177;10186;1.714
10187;10186;4.443
10188;10171;24.223
10189;10093;50.383
10159;10189;34.464
10190;10185;4.396
10157;10191;14.766
10176;10191;14.249
10192;10182;4.484
10174;10192;11.568
10193;10183;5.317
10194;10191;4.727
10186;10195;1.590
10193;10164;25.929
10196;10184;24.654
10197;10170;33.615
10198;10190;5.809
10199;10193;5.774
10185;10199;15.406
10155;10200;22.227
10200;10201;0.960
10202;10190;6.915
10203;10200;16.476
10191;10203;5.878
10204;10184;16.643
10201;10204;7.458
10195;10205;2.674
10207;10206;2.575
10203;10206;2.863
10208;10180;14.588
10195;10209;14.147
10205;10209;0.644
10210;10205;9.091
10211;10188;13.067
10212;10197;8.812
10206;10213;1.918
10209;10213;18.881
10214;10178;20.111
10214;10208;7.848
10215;10202;7.543
10216;10199;8.016
10217;10208;4.284
10202;10218;10.878
10219;10217;25.904
10219;10192;15.509
10220;10214;4.743
10217;10220;8.513
10213;10221;4.920
10222;10199;13.337
10222;10215;4.483
10223;10204;11.297
10201;10223;11.269
10209;10224;2.805
10225;10219;12.937
10225;10172;28.449
10212;10225;38.703
10224;10226;1.554
10224;10227;9.025
10227;10230;4.209
10220;10230;9.384
10221;10231;16.322
10232;10212;5.925
10221;10233;12.484
10233;10226;1.488
10236;10232;0.539
10240;10227;5.645
10241;10240;3.087
10230;10241;6.906
10242;10233;1.833
10225;10243;26.920
10244;10242;4.789
10226;10244;7.136
10247;10242;0.771
10248;10247;6.727
10231;10252;10.962
10252;10248;7.969
10253;10244;2.866
10056;10255;15.497
10256;10240;4.363
10243;10257;12.440
10217;10258;16.785
10257;10258;5.326
10256;10259;6.367
10259;10253;4.521
10261;10179;25.412
10231;10262;9.607
10262;10252;8.404
10223;10263;13.995
10055;10160;31.206
10255;10264;1.515
10263;10265;1.801
10262;10265;2.299
10243;10266;6.720
10267;10266;15.368
10264;10268;1.183
10269;10241;8.693
10268;10270;0.709
10271;10256;5.382
10269;10271;2.166
10274;10253;6.612
10275;10257;6.677
10266;10275;11.893
10276;10274;2.732
10276;10259;7.170
10248;10277;9.102
10277;10247;3.420
10270;10278;1.194
10274;10279;1.943
10280;10215;42.324
10271;10276;9.278
10281;10269;4.446
10258;10281;15.725
10277;10283;13.448
10265;10284;8.355
10283;10284;6.216
10285;10281;3.718
10275;10285;19.896
10286;10283;11.248
10286;10277;2.982
10281;10287;19.242
10288;10286;6.020
10287;10288;3.747
10289;10286;0.786
10290;10289;8.473
10290;10288;4.783
10291;10261;27.493
10293;10292;8.137
10293;10290;20.132
10294;10291;18.787
10284;10295;29.104
10295;10289;9.273
10296;10294;2.945
10278;10297;19.125
10297;10298;0.935
10298;10299;0.306
10300;10282;7.750
10263;10301;67.037
10295;10302;6.752
10302;10303;1.824
10299;10304;10.586
10305;10302;11.515
10304;10305;1.387
10305;10307;0.561
10307;10309;0.641
10309;10313;1.085
10313;10314;1.322
10053;10296;18.355
10315;10052;0.887
10316;10315;0.550
10314;10316;0.603
10326;10211;35.822
10325;10327;4.570
10338;10300;23.064
10339;10340;2.046
10347;10348;2.600
10349;10326;25.739
10350;10349;31.332
10351;10350;24.349
10352;10338;57.791
10353;10352;0.414
10348;10354;36.100
10354;10355;19.566
10356;10351;47.464
10357;10353;42.765
10358;10356;9.776
10359;10357;0.742
10361;10360;24.143
10363;10362;82.113
10362;10356;10.269
10364;10359;7.735
10355;10365;31.428
10361;10365;20.482
10366;10364;1.294
10367;10363;32.889
10368;10367;19.053
10369;10366;2.020
10371;10370;175.252
10372;10371;3.935
10369;10373;5.528
10375;10374;22.113
10376;10374;34.281
10377;10361;41.177
10378;10377;22.248
10374;10379;6.552
10380;10379;33.930
10365;10380;7.341
10379;10381;2.037
10373;10382;14.032
10381;10382;5.295
10383;10380;31.560
10383;10377;24.242
10382;10384;3.418
10381;10385;31.350
10380;10385;3.768
10370;10386;83.648
10382;10387;9.750
10385;10387;6.532
10386;10388;12.368
10387;10389;2.351
10385;10389;17.011
10384;10390;25.659
10387;10390;1.545
10391;10368;21.872
10392;10383;26.332
10391;10392;21.164
10384;10393;23.679
10392;10385;59.770
10394;10393;13.709
10382;10395;48.575
10389;10396;10.416
10389;10397;6.322
10395;10398;5.053
10393;10399;23.807
10390;10399;5.405
10397;10400;1.310
10401;10395;12.063
10401;10394;9.109
10396;10402;8.633
10402;10397;10.359
10400;10403;2.414
10399;10404;3.553
10398;10405;9.795
10395;10406;16.136
10398;10406;9.091
10408;10407;2.117
10403;10408;4.040
10409;10400;16.496
10410;10409;8.799
10412;10411;1.964
10404;10412;0.869
10405;10413;2.309
10414;10413;1.716
10411;10415;11.181
10411;10415;4.646
10406;10416;3.576
10405;10416;5.607
10417;10402;10.324
10408;10417;8.689
10394;10418;27.578
10415;10418;6.924
10403;10419;3.834
10409;10419;9.252
10418;10420;4.237
10421;10404;13.071
10396;10421;22.045
10422;10418;3.377
10412;10422;3.922
10388;10423;146.550
10423;10372;77.186
10419;10424;6.686
10425;10358;36.889
10417;10426;10.727
10427;10421;4.000
10427;10426;4.299
10428;10425;0.517
10422;10429;3.929
10430;10401;25.493
10429;10430;0.273
10432;10431;3.761
10424;10433;15.155
10426;10434;6.785
10413;10435;18.447
10430;10435;3.910
10421;10436;13.077
10437;10434;2.162
10424;10437;16.432
10438;10427;6.991
10434;10438;4.780
10439;10433;7.271
10439;10419;7.166
10431;10439;15.013
10436;10440;3.820
10435;10441;4.461
10416;10442;20.426
10441;10442;1.804
10443;10439;3.102
10431;10443;12.960
10423;10444;35.376
10442;10444;1.012
10438;10445;13.828
10391;10446;19.152
10436;10447;13.689
10447;10445;8.239
10445;10448;3.346
10449;10447;2.858
10450;10448;18.102
10450;10437;13.921
10429;10451;18.673
10451;10449;6.128
10441;10452;8.102
10452;10451;26.030
10448;10453;2.999
10439;10454;16.323
10455;10444;10.839
10455;10452;3.637
10454;10456;7.056
10456;10457;0.953
10458;10450;4.963
10458;10457;22.030
10459;10458;8.483
10457;10459;2.981
10460;10453;5.052
10461;10454;6.052
10463;10462;22.089
10462;10444;8.583
10464;10456;3.103
10449;10465;8.238
10453;10465;8.025
10466;10443;6.019
10461;10467;3.713
10458;10468;6.430
10459;10468;4.980
10469;10455;10.657
10470;10466;1.726
10471;10465;11.478
10472;10471;3.483
10473;10461;15.301
10466;10473;7.673
10470;10473;7.754
10474;10470;1.200
10446;10474;7.898
10475;10474;1.087
10471;10476;8.039
10477;10462;7.632
10468;10478;12.583
10479;10478;2.348
10473;10479;21.595
10480;10455;16.388
10481;10458;14.921
10478;10481;14.233
10476;10481;13.063
10465;10482;15.437
10483;10469;20.066
10482;10484;8.332
10476;10485;7.675
10486;10481;4.453
10487;10480;21.999
10488;10487;3.528
10488;10482;3.674
10489;10475;22.626
10490;10489;0.498
10490;10446;28.758
10491;10490;3.625
10492;10479;11.332
10493;10484;9.373
10494;10486;5.840
10495;10494;2.385
10486;10493;20.215
10493;10496;4.702
10483;10497;28.747
10497;10469;24.649
10498;10477;16.274
10498;10483;21.302
10499;10480;16.762
10500;10428;16.398
10499;10501;12.353
10501;10488;11.665
10497;10502;5.569
10502;10499;8.315
10503;10498;5.482
10504;10500;1.583
10503;10502;50.896
10505;10490;49.441
10501;10506;54.740
10506;10494;19.935
10506;10474;17.463
10507;10506;53.592
10507;10475;18.366
10508;10507;2.034
10477;10509;22.541
10510;10508;29.443
10511;10501;59.758
10511;10506;10.882
10512;10510;4.994
10513;10507;17.392
10514;10511;9.118
10515;10514;2.387
10516;10507;14.931
10509;10517;15.696
10517;10062;3.163
10518;10503;74.776
10519;10504;26.558
10520;10515;10.470
10521;10519;0.715
10522;10515;28.144
10523;3656;22.726
10524;10523;70.424
10525;10524;18.700
10526;10525;1.039
10527;10526;15.714
10061;10527;31.456
10528;10521;24.443
10529;10520;23.232
10527;10530;18.296
10531;10516;31.212
10532;10512;49.761
10057;10529;11.284
10533;10528;52.590
10534;10058;0.168
10535;10534;7.957
10523;10536;39.325
10536;10537;0.264
7361;10533;21.813
10530;10538;32.149
10539;10532;24.674
10540;10535;12.762
10541;10540;6.725
10542;10531;34.912
10543;10542;3.153
10537;10544;33.701
10545;10541;15.472
10538;10546;38.777
10544;10547;7.457
10547;10548;3.668
10546;10549;8.499
10549;10550;0.910
10551;10549;3.645
10552;10551;5.729
10550;10553;3.883
10553;10554;8.166
10555;10554;5.264
10556;10555;4.251
10553;10557;16.432
10558;10557;4.890
10559;10558;0.939
10560;10555;9.744
10557;10560;13.665
10561;10559;2.805
10562;10559;9.477
10562;10563;4.595
10564;10561;5.853
10562;10564;4.841
10565;10563;6.479
10561;10566;8.288
10560;10567;9.477
10568;10562;7.670
10565;10568;4.732
10548;10569;13.835
10554;10569;11.809
10570;10566;4.530
10564;10570;8.095
10571;10567;3.921
10572;10564;9.153
10568;10572;4.817
10571;10573;9.088
10574;10573;3.404
10574;10571;5.769
10575;10570;8.141
10575;10572;6.754
10576;10565;14.004
10567;10577;11.498
10566;10577;14.348
10578;10572;6.342
10579;10575;3.817
10580;10571;9.168
10573;10581;7.357
10569;10582;12.751
10582;10581;2.227
10583;10580;1.974
10581;10584;5.595
10574;10584;6.404
10584;10580;10.286
10577;10585;11.906
10585;10579;10.754
10586;10579;10.299
10578;10586;7.467
10583;10581;19.768
10582;10587;6.149
10588;10582;10.470
10589;10583;8.684
10585;10589;6.211
10590;10589;1.200
10586;10591;7.573
10590;10592;4.005
10593;10590;4.645
10594;10578;19.547
10595;10539;53.233
10596;10592;7.275
10591;10596;6.753
10597;10592;4.762
10598;10591;5.918
10599;10596;14.031
10600;10543;25.809
10601;10594;6.585
10587;10599;50.533
10601;10602;3.200
10603;10545;39.684
10604;10600;14.161
10605;10603;8.649
10606;10595;26.536
10607;10606;6.680
10602;10608;47.509
10608;10605;23.222
10609;10607;20.159
10610;10604;31.303
10611;10608;12.361
10612;10610;0.926
10613;10612;7.185
10614;10611;20.985
10615;10614;0.495
10616;10615;15.190
10617;10616;20.314
10618;10617;21.136
10619;10618;20.899
10621;10620;9.262
10623;10622;7.709
10620;10623;8.855
10623;10624;9.548
10625;10620;7.060
10626;10624;4.690
10624;10627;18.048
10628;10623;5.941
10627;10629;1.283
10630;10628;3.807
10631;10630;39.847
10632;10631;25.968
10634;10633;4.082
10633;10635;2.325
10636;10632;3.492
10635;10637;7.952
10638;10637;1.418
10639;10636;0.539
10641;10640;9.501
10637;10641;9.378
10642;10641;1.355
10643;10639;3.033
10640;10643;5.610
10644;10643;1.091
10646;10645;9.883
10647;10645;1.800
10640;10648;5.630
10650;10649;4.350
10645;10651;2.409
10651;10644;5.530
10652;10644;2.536
10651;10652;9.447
10653;10651;11.110
10654;10652;3.615
10649;10655;19.206
10655;10656;4.996
10657;10651;18.963
10657;10654;7.717
10658;10654;0.978
10656;10658;3.870
10660;10659;0.199
10661;10657;2.922
10662;10661;6.940
10663;10656;7.076
10664;10658;2.585
10663;10664;5.027
10661;10665;15.179
10666;10663;12.384
10665;10667;9.533
10667;10664;4.239
10668;10667;2.175
10669;10619;9.788
10670;10668;7.042
10671;10660;15.918
10672;10671;0.263
10673;10669;7.365
10674;10672;8.798
10674;10670;7.219
10675;10673;9.525
10676;10674;46.676
10677;10675;31.784
10679;10678;5.449
10680;10679;0.254
10681;10674;41.260
10682;10680;57.297
10684;10683;0.454
10685;10684;10.938
10683;10686;10.941
10686;10687;4.248
10688;10687;4.020
10690;10689;42.250
10691;10688;0.884
10692;10691;9.794
10693;10690;15.982
10693;10691;5.378
10694;10693;1.720
10695;10692;20.706
10696;10694;4.233
10697;10695;6.586
10698;10694;2.347
10698;10690;22.150
10699;10693;12.738
10692;10699;18.945
10700;10696;5.925
10700;10696;13.914
10701;10699;6.033
10702;10697;15.175
10703;10695;18.595
10704;10700;7.508
10701;10704;5.622
10706;10705;15.829
10706;10698;4.399
10707;10706;1.668
10708;10701;9.712
10708;10703;7.464
10709;10708;1.205
10710;10704;6.175
10711;10706;5.896
10704;10711;13.484
10712;10703;8.785
10712;10697;22.856
10714;10713;12.704
10713;10707;1.311
10715;10705;22.209
10716;10715;2.187
10717;10712;3.788
10718;10716;17.098
10718;10713;0.640
10719;10709;5.311
10720;10710;6.994
10709;10720;6.590
10721;10710;5.740
10722;10720;1.385
10719;10722;6.545
10723;10707;8.153
10724;10719;5.613
10717;10724;9.506
10725;10717;11.663
10725;10726;15.416
10727;10723;6.705
10728;10711;12.932
10728;10721;7.018
10729;10722;6.173
10730;10728;1.159
10727;10723;10.794
10730;10727;7.006
10731;10725;4.890
10715;10732;85.491
10733;10724;11.257
10731;10733;9.883
10734;10730;12.444
10733;10735;10.919
10736;10721;22.629
10735;10736;1.950
10737;10734;5.709
10736;10737;3.981
10738;10731;35.806
10740;10739;9.939
10740;10734;7.637
10741;10737;5.673
10741;10735;7.674
10742;10738;2.797
10743;10718;15.053
10743;10744;0.211
10740;10745;8.830
10746;10738;9.116
10747;10740;14.084
10748;10733;22.629
10746;10748;36.778
10749;10741;29.388
10749;10750;19.795
10751;10748;20.696
10751;10749;9.802
10752;10746;44.423
10753;10751;12.909
10753;10752;1.947
10754;10753;2.083
10753;10743;102.487
10744;10755;79.644
10755;10756;10.996
10758;10757;0.571
10759;10758;3.130
10761;10760;0.666
10763;10762;7.054
10762;10764;8.040
10765;4807;12.744
10764;10766;28.800
10766;10767;5.193
10760;10765;16.449
10768;10761;5.014
10769;10768;1.083
10767;10770;42.827
10770;10771;1.234
10772;10769;8.766
10773;10768;29.577
10771;10759;21.191
10774;10773;18.086
10757;10775;2.551
10776;10774;3.191
10776;10777;20.350
10778;10775;0.470
10779;10776;1.617
10778;10780;1.224
10781;10778;4.540
10782;10779;3.456
10780;10782;1.580
10779;10783;5.048
10782;10784;1.681
10783;10785;2.490
10785;10784;4.314
10786;10784;2.810
10786;10780;5.178
10787;10776;8.842
10787;10783;4.085
10788;10786;4.087
10789;10788;0.994
10789;10781;6.989
10790;10785;3.684
10791;10787;2.759
10792;10789;3.994
10793;10781;14.941
10790;10791;8.069
10794;10790;7.589
10794;10788;7.229
10795;10793;4.483
10792;10796;5.864
10793;10797;5.183
10796;10798;1.054
10798;10792;7.553
10799;10795;4.669
10800;10798;3.949
10801;10797;4.243
10801;10795;4.195
10802;10800;2.760
10797;10802;3.195
10803;10794;9.055
10803;10796;4.601
10804;10800;1.777
10805;10799;3.582
10806;10801;4.273
10806;10799;4.242
10806;10802;9.628
10807;10805;4.157
10808;10806;6.912
10808;10807;4.025
10809;10807;7.140
10810;10803;27.888
10811;10810;2.370
10811;10808;5.144
10812;10811;2.874
10809;10812;4.652
10813;10809;4.925
10810;10814;3.683
10814;10812;7.941
10815;10812;4.265
10813;10815;6.001
10816;10791;42.679
10817;10815;4.082
10818;10817;3.863
10819;10813;12.925
10820;10818;3.904
10821;10820;3.002
10819;10821;2.919
10822;10819;3.176
10823;10822;6.462
10824;10816;15.350
10824;10817;11.449
10825;10824;2.089
10825;10818;8.491
10826;10822;2.484
10827;10821;5.102
10827;10826;3.764
10828;10820;6.430
10828;10827;1.304
10829;10826;5.972
10830;10828;6.589
10830;10829;4.325
10831;10825;16.719
10830;10831;2.055
10832;10830;7.275
10831;10833;13.716
10834;10829;14.118
10835;10834;2.816
10836;10832;5.522
10837;10832;6.094
10837;10834;3.792
10838;10837;7.002
10838;10834;13.263
10839;10838;13.966
10841;10840;1.609
10843;10842;0.635
10844;10772;23.147
10845;10844;45.325
10847;10846;6.022
10848;10847;53.919
10849;10845;32.376
10851;10850;19.423
10851;10849;3.407
10853;10852;14.661
10854;10851;1.433
10852;10854;10.153
10855;10854;1.466
10856;10855;7.934
10857;10854;11.269
10853;10857;8.018
10840;10855;1.066
10858;10857;6.115
10858;10853;10.215
10859;10858;4.103
10860;10841;1.826
10861;10848;22.693
10862;10860;7.572
10864;10863;6.870
10863;10860;1.872
10862;10865;4.014
10865;10863;5.121
10866;10862;8.069
10867;10863;2.006
10868;10865;3.692
10866;10868;7.025
10869;10866;7.446
10870;10867;1.868
10871;10867;6.475
10871;10868;5.570
10872;10866;6.899
10873;10861;5.564
10871;10874;2.656
10875;10873;4.370
10842;10875;0.347
10874;10870;4.340
10876;10843;4.499
10877;10872;7.840
10878;10876;1.499
10878;10870;2.093
10879;10872;3.919
10874;10878;9.701
10880;10871;6.233
10880;10879;6.735
10876;10881;7.074
10881;10878;1.743
10882;10881;0.966
10883;10880;12.000
10883;10879;8.712
10884;10882;5.450
10880;10884;11.867
10885;10884;1.659
10886;10885;6.202
10886;10880;10.565
10888;10887;7.161
10888;10882;2.014
10889;10885;3.178
10890;10883;5.584
10890;10886;12.705
10891;10888;0.889
10892;10890;11.602
10893;10891;10.763
10893;10886;9.038
10893;10894;1.575
10890;10894;17.226
10895;10891;2.557
10894;10895;13.290
3728;10895;129.013
10897;10896;3.890
10898;10897;0.690
10899;10898;0.246
10901;10899;1.850
10903;10904;3.828
3197;10905;7.732
10907;10906;1.091
10909;10908;15.440
10911;10910;6.921
10913;10912;0.830
10915;10914;0.377
10917;10916;2.170
10919;10918;4.562
3131;10920;2.448
10924;10923;4.482
10926;10925;16.981
10928;10927;11.234
10930;10929;18.002
10932;10931;17.685
10931;10929;10.854
10925;10931;21.289
10933;10923;1.172
10935;10934;14.773
10923;10935;8.430
10932;10935;29.237
10936;10924;16.971
10929;10924;4.259
10928;10932;17.784
10938;10937;12.116
10927;10932;7.391
10937;10927;4.752
10927;10925;4.813
7196;7173;53.622
10940;10939;15.341
10941;10940;2.952
10920;10942;33.412
10944;10943;10.945
10945;10944;4.471
10945;10946;4.235
10947;10940;12.598
10943;10947;3.746
10947;10948;7.429
10949;10943;4.843
10950;10945;7.260
10942;10950;16.820
10951;3188;17.625
10950;10952;6.911
10950;10953;14.166
10953;10952;6.018
3189;10951;5.767
10954;10947;11.104
10955;10954;4.517
10944;10955;15.743
10952;10917;3.620
10956;10916;0.402
3191;3190;4.261
10957;10954;13.217
10957;10953;6.384
10958;10956;29.308
10959;10957;1.771
10960;10959;21.115
10961;10958;13.074
10962;10960;8.692
10963;3192;17.507
10951;10964;45.731
10964;10965;19.510
10966;10961;18.432
10967;10962;16.745
10965;10968;23.800
10969;10968;1.799
10968;10970;23.430
10965;10971;9.715
10969;10972;16.950
10971;10972;8.942
10972;10973;8.800
10973;10969;10.275
10974;10973;4.304
10975;10967;5.552
10905;10963;10.859
10976;3199;8.370
10977;10976;19.191
10978;10977;4.630
10979;10978;1.904
10980;10979;18.730
10977;10981;17.468
10981;10978;11.841
10983;10982;9.146
10981;10982;14.975
10910;10979;29.443
10984;10982;59.142
10985;10981;59.022
10986;10911;4.069
10908;10985;3.462
10911;10987;8.152
10988;10986;15.621
10987;10989;6.332
10990;10989;9.513
10991;10988;1.883
10987;10991;8.240
10991;10992;1.731
10993;10992;10.746
10909;10994;11.705
10992;10995;2.227
10993;10995;8.738
10996;10993;6.004
10997;10996;2.764
10989;10997;18.758
10998;10997;2.227
10999;10998;1.386
10999;11000;4.465
10996;11001;5.494
10995;11002;2.162
11002;11001;8.010
11003;10988;22.486
11003;11002;6.157
10994;11003;53.360
10998;11004;7.005
11004;10999;8.777
11002;11005;2.234
11001;11006;9.576
11006;11004;2.649
11008;11007;21.072
11005;11009;1.790
11006;11010;4.495
11011;11010;2.185
11011;11004;6.407
11007;11012;81.149
11009;11013;10.979
11010;11013;6.105
11014;11011;5.016
11015;10975;67.218
11017;11016;15.434
11016;11015;28.349
11012;11018;6.291
11019;11015;1.157
11013;11020;5.467
11020;11014;7.234
11021;11014;4.664
11012;11021;12.710
11007;11022;17.470
11019;11022;2.025
11024;11023;14.801
11022;11024;2.011
11025;11005;16.877
11009;11026;5.309
11026;11020;4.036
10984;11027;22.696
11024;11028;3.332
11030;11029;14.417
11028;11029;2.185
11032;11031;12.602
11033;11021;6.657
11034;11025;7.963
11035;11025;5.779
11034;11036;3.365
11037;11033;17.153
11029;11037;7.352
11034;11038;5.310
11038;11035;5.018
11035;11039;3.678
11039;11026;12.876
11026;11040;3.370
11036;11041;4.762
11027;11042;2.248
11016;11043;16.878
11031;11043;42.742
11040;11044;1.052
11044;11033;10.587
11045;11038;3.928
11045;11039;4.734
11044;11046;1.076
11037;11046;8.671
11036;11047;13.191
11049;11048;1.834
11049;11047;7.368
11028;11050;19.137
11051;11028;24.670
11043;11052;19.800
11052;11051;8.536
11053;11047;4.795
11054;11049;3.216
11055;11045;10.682
11040;11046;22.289
11047;11056;7.905
11056;11055;5.742
11057;11053;15.772
11058;11056;4.946
11053;11059;6.724
11059;11058;4.257
11060;11059;11.963
11061;11050;17.803
11062;11046;9.629
11050;11062;19.668
11063;11058;10.579
11065;11064;4.731
11064;11063;3.559
11066;11060;18.751
11067;11061;14.292
11051;11067;24.880
11068;11064;19.888
11069;11067;4.759
11070;11063;17.833
11070;11055;25.414
11071;11060;15.687
11072;11062;7.249
11061;11072;19.617
11074;11073;23.367
11074;11066;17.808
11075;11071;6.041
11076;11070;6.411
11077;11072;5.466
11067;11077;19.810
11079;11078;8.484
11042;11080;13.520
11081;11077;2.340
10933;11082;16.125
11082;11083;20.394
11082;11074;31.554
11080;11084;4.423
11085;11082;5.628
11086;11081;10.360
11087;11085;20.933
11088;11066;42.369
11089;11081;3.681
11086;11089;3.737
11090;11086;9.644
11091;11089;1.537
11092;11090;4.681
11078;11092;13.352
11093;11032;90.884
11095;11094;8.831
11094;11077;21.109
11096;11092;14.082
11097;11096;3.045
11098;11094;3.561
11099;11098;3.763
11100;11091;10.428
11102;11101;7.073
11101;11098;11.770
11103;11097;25.765
11104;11103;23.905
11105;11103;12.951
11106;11090;44.935
11107;11091;16.095
11108;11070;62.649
11108;11046;31.482
11108;11101;23.833
11084;11109;12.202
11110;11105;32.358
11110;11093;46.162
11107;11111;9.992
11112;11110;12.796
11113;11112;5.754
11114;11113;6.095
11115;11106;19.661
11116;11107;6.730
11117;11108;3.944
11118;11114;23.506
10974;5415;175.115
11116;11119;10.927
11120;11115;26.667
11110;11120;23.799
11121;11116;8.776
11121;11115;17.950
11122;11120;6.751
11123;11120;13.386
11112;11123;27.305
11124;11117;9.148
11125;11123;5.835
11125;11113;29.419
11126;11121;5.009
11126;11122;8.139
11127;11125;5.438
11127;11114;30.954
11128;11122;12.431
11129;11126;6.178
11129;11125;18.325
11130;11129;0.920
11131;11127;24.640
11132;11124;10.055
11133;11130;4.006
11134;11117;14.807
11135;11134;33.840
11136;11132;2.271
11138;11133;1.869
11146;11135;16.788
11147;11136;3.886
11149;11146;52.491
11150;11121;47.573
11141;11151;23.413
11151;11135;24.717
11152;11146;38.198
11153;11147;16.829
11154;11148;46.226
11156;11155;6.903
11158;11157;28.106
11157;11159;8.420
11161;11160;25.886
11155;11160;3.985
11162;11152;3.092
11163;11162;1.642
11164;11155;10.628
11165;11164;8.324
11160;11166;10.415
11164;11166;3.933
11157;11167;11.068
11167;11168;5.076
11154;11169;32.426
11169;11151;57.026
11109;4846;33.235
11166;11170;4.671
11168;11171;7.426
11168;11171;11.504
11171;11170;5.151
11170;11172;2.103
11167;11173;13.780
11171;11173;3.948
11173;11174;1.554
11172;11174;4.173
11176;11175;12.540
11174;11177;3.303
11177;11178;2.015
11172;11178;10.402
11179;11177;5.554
11175;11180;9.713
11178;11181;9.957
11180;11181;10.476
11183;11182;7.185
11181;11182;2.420
11182;11184;1.675
11185;11184;11.893
11186;11154;37.675
11184;11187;7.328
11169;11188;57.188
11187;10919;9.056
11189;11138;57.148
10918;11190;51.139
11190;11191;11.055
11193;11192;17.336
11191;11192;4.963
11194;11191;19.704
11195;11192;4.767
11195;11196;2.827
11192;11197;5.551
11198;11189;7.919
11197;11199;4.936
11199;11200;1.527
11201;11200;2.026
11202;11201;4.664
11203;11202;1.510
11204;11203;5.047
11204;11197;17.451
11200;11205;4.862
11206;11195;18.966
11206;11204;17.267
11205;11207;1.246
11198;11208;39.986
11207;11208;0.734
11209;11206;5.839
11210;11205;5.376
11201;11211;6.762
11212;11202;10.646
11213;11198;5.356
11214;11213;0.429
11208;11214;7.179
11215;11209;22.063
11212;11216;26.762
11216;11212;7.245
11217;11214;4.120
11218;11207;18.564
11218;11217;9.225
11219;11216;7.597
11220;11217;3.077
11220;11218;7.875
11221;11213;16.273
11222;11220;25.996
11223;11153;74.288
11224;11223;7.815
4858;11224;1.599
11225;11220;61.793
11221;11226;77.899
11228;11227;15.859
11229;11228;8.948
11231;11230;8.113
11231;11228;9.074
11229;11232;8.232
11233;11163;139.274
11234;11229;11.480
11235;11231;11.346
11232;11235;4.606
11236;11234;2.279
11237;11232;7.797
11237;11236;7.034
11239;11238;11.988
11240;11234;15.759
11242;11241;1.624
11238;11243;8.152
11244;11243;5.391
11235;11245;6.973
11238;11246;6.108
11247;11245;8.096
11247;11235;10.279
11241;11248;4.568
11236;11249;11.927
11249;11240;5.282
11250;11247;2.784
11250;11237;6.554
11251;11225;16.428
11252;11250;6.074
11252;11236;9.661
11253;11252;6.416
11253;11249;3.943
11254;11240;12.432
11245;11255;8.772
11256;11250;3.132
11257;11255;11.954
11258;11243;9.929
11241;11258;8.444
11256;11255;19.595
11259;11254;8.265
11258;11260;2.708
11260;11259;17.071
11261;11260;35.965
11262;11253;6.390
11263;11252;7.464
11264;11256;7.523
11264;11263;4.528
11265;11264;8.716
11266;11263;7.134
11266;11254;25.849
11267;11259;13.447
11268;11261;19.769
11269;11266;8.127
11270;11260;30.935
11261;11270;21.374
11271;11233;10.033
11272;11269;6.768
11273;11251;8.666
11274;11269;25.113
11251;11275;66.061
11276;11272;8.047
11276;11267;38.440
11277;11270;28.590
11226;11278;27.242
11279;11272;29.145
11280;11279;12.269
11281;11280;13.188
11282;11279;23.379
11283;11280;30.952
11284;11276;48.019
11285;11271;15.664
11286;11273;15.445
11275;11287;33.329
11289;11288;40.167
11278;11288;14.297
11290;11286;1.954
11290;11283;9.516
11288;11291;3.566
11287;11292;9.462
11291;11292;23.291
11293;11285;5.049
11291;11294;7.418
11296;11295;14.062
11294;11295;1.243
11293;11297;16.970
11297;11298;3.767
11295;11299;4.461
11297;11300;9.835
11299;11300;3.765
11301;11299;5.350
11302;11301;7.783
11300;11303;2.102
11304;11301;3.179
11304;11302;6.613
11301;11305;8.949
11306;11303;4.283
11305;11306;7.256
11307;11302;9.375
11308;11306;4.357
11303;11309;4.375
11310;11304;6.001
11311;11294;23.740
11307;11310;10.935
11312;11306;4.032
11312;11308;6.802
11313;11307;4.320
11311;11313;5.276
11314;11309;5.119
11314;11308;5.890
11315;11305;9.267
11310;11315;9.458
11316;11310;4.199
11317;11312;4.769
11315;11317;5.357
11318;11290;33.020
11319;11313;2.721
11320;11314;4.385
11321;11311;7.838
11322;11319;2.935
11323;11316;5.349
11319;11323;9.558
11324;11322;2.233
11316;11325;9.281
11326;11315;8.353
11325;11326;2.958
11327;11323;3.066
11322;11327;10.260
11309;10907;21.098
11328;11324;2.767
11329;11321;9.194
11330;11329;8.907
11331;11328;3.013
11332;11327;3.553
11328;11332;11.785
11333;11320;14.726
11333;11317;11.464
11326;11333;7.627
11331;11332;11.966
11334;11325;8.684
11332;11334;2.587
11329;11331;11.532
10912;11318;3.226
11335;11330;4.223
11336;11326;10.132
11334;11336;2.361
11337;11331;4.201
11338;11320;21.487
11339;11333;11.567
11336;11339;8.996
11339;11338;19.010
11340;11339;15.323
11341;10913;8.685
11342;11341;2.642
10922;11342;2.443
11343;10922;12.884
10914;11343;0.160
11344;10915;0.584
11346;11345;3.634
11348;11347;5.547
11350;11349;0.582
11352;11351;0.307
11354;11353;0.553
11356;11355;0.301
11358;11357;0.433
11360;11359;0.337
11362;11361;0.496
11364;11363;1.142
11366;11365;0.576
11368;11367;0.617
11370;11369;0.540
11372;11371;0.529
11374;11373;0.653
11376;11375;0.829
11378;11377;0.730
11380;11379;2.684
11382;11381;0.374
11384;11383;0.624
11386;11385;0.573
11388;11387;0.660
11390;11389;2.314
11391;11390;27.274
11392;11391;26.103
11393;11392;13.414
11394;11393;8.415
11395;11394;5.900
11396;11395;4.866
11397;11396;56.224
11351;11397;8.169
11398;11352;2.307
11353;11398;17.896
11400;11399;2.756
11401;11400;7.078
11402;11401;10.187
11401;11403;1.935
11404;11403;17.813
11405;11404;4.299
11405;11406;13.512
11407;11406;5.604
11406;11408;2.375
11409;11405;6.608
11410;11408;4.690
11408;11411;24.403
11403;11412;21.687
11411;11412;8.230
11412;11413;7.890
11413;11414;10.931
11416;11415;2.699
11414;11416;7.472
11414;11417;6.020
11419;11418;3.282
11416;11418;19.271
11421;11420;3.688
11422;11416;5.182
11418;11421;15.947
11423;9714;60.725
11424;11354;19.538
11355;11424;1.722
11375;11423;21.191
11425;11356;8.672
11426;11425;9.242
11357;11426;14.592
11359;11358;20.823
11427;11360;22.307
11428;11427;3.649
11429;11428;11.683
11430;11429;2.075
11429;11431;12.811
11430;11432;1.515
11431;11433;6.748
11433;11432;1.059
11434;11431;5.654
11435;11433;2.700
11435;11436;0.562
11432;11437;2.119
11437;11438;0.519
11436;11439;1.691
11441;11440;6.052
11439;11378;41.791
11438;11442;3.962
11442;11437;20.795
11442;11443;3.262
11442;11444;0.326
11445;11444;7.553
11446;11440;15.005
11440;11447;10.442
11444;11448;1.147
11450;11449;3.955
11451;11449;6.515
11447;11452;3.313
11453;11447;6.202
11438;11454;21.990
11448;11454;5.500
11456;11455;1.739
11448;11457;2.884
11454;11458;4.056
11449;11459;8.175
11458;11459;1.748
11458;11457;12.548
11452;11460;6.644
11461;11449;8.759
11459;11461;3.689
11462;11456;5.930
11461;11462;2.393
11463;11460;4.772
11464;11452;11.644
11462;11465;4.251
11457;11466;3.971
11466;11464;10.492
11467;11464;4.506
11469;11468;1.397
11465;11470;4.883
11471;11470;4.442
11472;11469;3.877
11473;11472;4.854
11474;11472;7.355
11475;11474;7.446
11470;11476;3.034
11477;11476;6.492
11466;11478;4.419
11460;11478;26.333
11478;11479;0.407
11472;11480;7.137
11379;11481;5.027
11482;11474;9.083
11476;11482;18.113
11483;11482;6.649
11483;11346;2.537
11485;11484;5.623
11480;11485;12.480
11345;11485;1.465
11480;11486;12.517
11485;11486;7.841
11377;11487;29.294
11488;11380;13.197
11487;11488;7.740
11489;11479;3.849
11486;11490;10.078
11486;11491;28.206
11491;11492;1.879
11494;11493;8.113
11496;11495;6.584
11495;11493;8.933
11493;11497;6.460
11497;11498;3.728
11499;11493;5.798
11497;11500;5.177
11499;11500;3.816
11501;11489;6.448
11500;11502;3.379
11495;11499;22.498
11503;11501;5.717
11381;11376;169.373
11504;11503;17.966
11505;11504;7.301
11361;11505;24.572
11383;11382;51.839
11506;11362;1.261
11507;11506;4.648
11508;11384;9.082
11509;11508;6.299
11510;11507;8.856
11511;11509;1.924
11512;11511;3.989
11513;11511;1.759
11514;11513;6.254
11516;11515;2.764
11518;11517;3.180
11519;11518;5.622
11520;11515;0.996
11521;11513;4.628
11515;11522;3.493
11523;11522;1.574
11522;11524;2.624
11524;11521;6.878
11525;11518;10.479
11526;11521;2.643
11527;11519;12.559
11528;11526;1.255
11529;11525;5.248
11529;11527;0.893
11530;11528;4.725
11531;11525;4.831
11533;11532;3.509
11534;11529;4.594
11535;11533;4.749
11536;11526;3.684
11535;11536;0.277
11537;11524;10.705
11538;11535;1.121
11539;11538;1.891
11540;11539;0.512
11541;11540;2.535
11542;11540;1.018
11542;11534;6.523
11543;11542;1.296
11543;11534;8.654
11544;11539;5.303
11545;11536;12.955
11546;11528;15.396
11546;11545;3.235
11548;11547;0.608
11385;11548;0.670
11527;11549;23.274
11549;11543;5.878
11550;11549;0.765
11550;11551;7.496
11553;11552;7.472
11548;11552;1.110
11481;11388;175.859
11552;11550;7.778
11555;11554;4.601
11557;11556;6.222
11557;11546;5.158
11558;11557;0.946
11554;11558;5.228
11559;11548;5.457
11560;11557;6.415
11545;11560;8.247
11562;11561;6.311
11538;11561;13.649
11387;11386;40.414
11563;11558;5.754
11563;11560;4.055
11564;11554;5.705
11561;11565;4.385
11565;11542;18.678
11565;11566;3.929
11567;11563;7.565
11566;11567;8.118
11568;11566;3.373
11569;11568;3.739
11570;11568;2.004
11571;11570;1.612
11572;11570;3.146
11573;11368;5.278
11574;11510;22.190
11367;11370;59.471
11575;11574;2.078
11371;11576;1.487
11369;11372;30.403
11576;11577;19.579
11578;11575;34.373
11579;11578;1.365
11577;11580;7.610
11582;11581;6.800
11584;11583;6.541
11585;11584;6.036
11581;11584;5.790
11586;11579;0.916
11587;11584;7.236
11583;11588;5.753
11588;11587;3.809
11589;11581;4.971
11588;11590;2.814
11591;11587;4.615
11592;11591;6.083
11363;11586;1.602
11593;11590;5.987
11593;11591;10.600
11590;11594;10.835
11593;11594;12.472
11593;11595;7.272
11594;11596;6.770
11596;11597;5.235
11595;11597;7.238
11597;11598;1.866
11595;11598;6.342
11598;11599;2.206
11600;11599;2.883
11601;11364;3.341
11596;11602;13.632
11602;11603;4.878
11599;11603;9.895
11604;11600;21.180
11603;11605;7.242
11600;11605;16.252
11605;11606;12.151
11607;11601;9.270
11608;11607;0.600
11348;11609;2.141
11606;11348;26.181
11611;11610;5.195
11608;11610;6.252
11349;11608;4.366
11349;11612;3.338
11610;11349;17.273
11613;11350;3.676
11613;11347;8.174
11614;11350;7.919
11614;11615;8.500
11615;11613;3.022
11616;11615;1.895
11618;11617;5.478
11618;11614;4.555
11619;11613;3.191
11620;11616;4.928
11621;11620;1.909
11622;11618;6.668
11623;11620;2.764
11624;11618;12.214
11625;11624;7.495
11626;11616;9.179
11627;11626;3.600
11628;11626;3.747
11629;11627;1.597
11629;11619;1.454
11627;11630;12.663
11631;11629;8.578
11632;11631;102.845
11634;11633;2.437
11635;11633;1.034
11635;11636;1.957
11637;11635;4.729
11639;11638;10.261
11640;11634;5.511
11641;11640;1.829
11633;11641;5.210
11642;11634;9.333
11640;11642;2.630
11644;11643;3.538
11643;11645;5.811
11646;11637;2.835
11638;11646;1.068
11643;11642;2.499
11647;11641;1.593
11647;11637;1.320
11648;11632;8.451
11649;11646;2.352
11649;11638;3.346
11650;11649;1.606
11651;11650;17.642
11652;11647;3.313
11652;11653;4.445
11649;11653;2.531
11654;11652;1.615
11655;11643;7.324
11654;11655;5.896
11656;11655;5.089
11657;11654;3.563
11653;11657;4.648
11650;11658;9.721
11657;11658;6.067
11655;11659;6.269
11660;11659;3.060
11662;11661;3.705
11661;11655;7.205
11661;11660;0.818
11663;11661;4.167
11658;11664;5.475
11665;11657;9.953
11664;11665;4.320
11666;11660;10.079
11659;11667;6.214
11667;11668;1.771
11669;11666;1.890
11670;11669;4.684
11667;11671;5.437
11671;11665;2.931
11672;11668;2.506
11666;11673;13.926
11674;11673;4.611
11675;11671;3.162
11676;11675;2.020
11668;11677;7.183
11678;11669;4.545
11677;11678;4.498
11676;11677;9.009
11675;11679;5.722
11664;11679;10.039
11677;11680;4.434
11681;11678;4.210
11680;11681;3.134
11682;11681;0.887
11683;11682;1.713
11684;11682;2.660
11686;11685;7.089
11673;11686;12.434
11687;11680;8.525
11679;11688;12.735
11689;11686;1.313
11690;11676;16.866
11690;11688;6.024
11691;11689;0.526
11692;11687;27.862
11692;11690;20.742
11693;11691;8.120
11693;11692;6.742
11688;11694;33.697
11695;11648;31.891
11696;11693;5.563
11698;11695;2.520
11365;11698;28.077
11365;11699;14.883
11699;11700;12.248
11701;11699;21.370
11685;11702;157.235
11702;11374;72.235
11373;9930;1.516
11703;11366;51.077
11704;11703;8.106
11705;11704;13.374
11706;11705;13.781
11707;11706;7.376
11709;11708;1.030
11711;11710;1.021
11713;11712;1.246
11715;11714;0.724
11717;11716;1.047
11719;11718;2.114
11720;11719;3.906
11721;11720;32.846
11710;11721;39.714
11723;11722;5.910
11712;11723;2.846
11722;11724;9.388
11726;11725;10.289
11728;11727;6.566
11729;11725;7.012
11725;11730;10.821
11730;11731;1.813
11732;11728;1.556
11732;11730;11.299
11734;11733;2.899
11731;11734;4.098
11728;11735;5.642
11736;11711;47.447
11730;11737;5.458
11738;11713;6.122
11739;11734;2.782
11740;11739;15.391
11741;11732;3.561
11737;11741;5.522
11742;11731;4.644
11739;11742;4.374
11724;11743;7.575
11744;11737;4.896
11742;11744;4.948
11743;11745;1.587
11746;11741;6.461
11744;11746;4.841
11746;11747;2.701
11745;11748;0.994
11735;11749;10.671
11747;11749;5.186
11751;11750;5.766
11749;11751;3.919
11735;11752;21.306
11751;11753;5.766
11755;11754;2.434
11753;11756;1.105
11755;11757;8.484
11757;11745;25.476
11748;11758;2.020
11759;11751;5.112
11759;11747;10.564
11760;11758;38.774
11761;11755;7.089
11754;11761;3.732
11762;11738;3.567
11761;11763;1.768
11764;11753;6.721
11764;11759;3.480
11763;11754;6.627
11765;11736;3.871
11714;11762;0.587
11766;11756;9.063
11766;11764;3.476
11763;11767;6.138
11756;11768;11.208
11768;11769;2.630
11770;11769;2.416
11768;11771;4.445
11769;11771;4.920
11772;11766;7.905
11772;11757;31.349
11773;11772;5.732
11758;11774;5.181
11773;11775;4.771
11771;11776;13.149
11776;11773;12.232
11775;11777;2.521
11778;11776;1.781
11779;11775;5.976
11780;11778;4.830
11781;11778;3.900
11782;11715;8.176
11783;11782;6.112
11784;6262;19.429
11785;11783;3.718
11786;11785;1.796
11786;11784;1.979
11787;11786;1.484
11788;11786;1.907
11788;11789;1.611
11708;11789;0.182
11790;11787;4.216
11791;11765;32.966
6263;11790;20.004
11792;11709;19.469
11793;11792;0.106
11774;11794;32.429
11794;11791;23.289
11795;6266;8.228
11796;11793;17.009
11797;11796;13.759
11798;11797;0.660
11800;11799;9.620
11801;11798;57.152
11803;11802;3.763
11804;11802;4.957
11802;11805;3.025
11806;11799;13.731
11801;11807;1.361
11799;11808;6.577
11809;11808;7.214
11810;11805;2.869
11812;11811;12.410
11813;11811;1.899
11814;11806;4.284
11808;11814;5.114
11816;11815;17.886
11811;11817;4.887
11805;11818;10.897
11818;11816;5.729
11819;11807;10.610
11817;11819;3.332
11821;11820;3.569
11807;11821;4.769
11822;11819;4.084
11823;11816;10.752
11824;11823;1.429
11825;11819;11.476
11821;11826;1.649
11827;11818;10.506
11825;11822;14.007
11828;11827;2.519
11829;11828;15.677
11829;11823;7.409
11814;11829;19.036
11830;11826;1.315
11830;11825;12.286
11831;11827;16.210
11832;11828;6.395
11829;11833;9.986
11833;11814;30.282
11834;11832;8.200
11835;11834;13.416
11836;11835;8.446
11837;11832;13.083
11838;11835;3.290
11833;11838;5.019
11839;11838;2.118
11840;11830;5.737
11841;11839;1.632
11842;11841;4.151
11844;11843;6.640
11842;11844;13.894
11844;11845;3.776
11846;11844;4.753
11846;11845;4.880
11847;11846;5.813
11848;11846;5.927
11849;11847;5.349
11845;11850;13.476
11851;11847;4.483
11852;11840;14.139
11853;11851;6.561
11854;11852;2.997
11855;11854;0.284
11857;11856;4.201
11850;11857;9.837
11858;11857;1.692
11859;11858;2.546
11860;11859;4.041
11850;11860;10.922
11860;11861;2.741
11862;11861;7.288
11861;11863;4.157
11864;11859;5.541
11865;11858;6.315
11866;11863;2.646
11867;11866;5.181
11863;11868;3.913
11869;11842;11.260
11869;11851;23.498
11870;11866;6.114
11868;11871;6.750
11872;11868;6.473
11873;11871;8.686
11874;11855;29.808
11875;11869;19.980
11875;11873;8.140
11876;11875;4.367
11877;11874;54.412
11879;11877;1.017
11716;11876;5.873
11880;11879;1.629
11881;11717;0.545
11882;11880;3.196
11884;11882;1.977
1304;11884;66.761
11886;11885;0.315
11888;11887;0.315
11890;11889;1.384
11892;11891;0.496
11894;11893;0.897
11896;11895;0.283
11898;11897;14.123
11900;11899;3.529
11897;11900;15.424
11901;11900;16.891
11902;11901;8.562
11903;11901;17.287
11904;11898;31.311
11905;11904;5.514
11906;11905;1.251
11907;11906;19.041
11908;11907;8.716
11891;11909;22.101
11910;11892;21.084
11911;11910;3.748
11889;11913;2.688
11914;11911;1.619
11915;11890;2.613
11916;11915;2.223
11917;11916;16.906
11918;11916;1.820
11918;11917;8.127
11919;11918;0.948
11920;11919;2.131
11917;11920;18.863
11922;11921;13.750
11923;11921;85.459
11924;11918;3.418
11924;11919;5.959
11915;11925;6.399
11926;11920;2.436
11921;11927;4.188
11928;11914;2.294
11927;11926;5.475
11929;11925;10.115
11924;11929;3.756
11930;11929;5.555
11931;11926;3.968
11931;11932;4.011
11932;11930;7.441
11933;11931;12.552
11927;11933;6.958
11932;11934;6.827
11931;11934;4.693
11925;11935;9.732
11929;11935;13.207
11936;11933;7.765
11921;11936;15.152
11937;11929;10.781
11935;11937;6.400
11934;11938;6.356
11939;11938;11.087
11940;11939;5.454
11936;11940;3.476
11941;11940;10.583
11930;11942;13.874
11938;11942;14.302
11943;11938;2.913
11944;11937;7.916
11942;11944;3.065
11943;11939;13.414
11944;11945;4.917
11945;11946;10.573
11947;11945;12.270
11942;11947;14.273
11947;11948;0.858
11948;11943;18.260
11948;11949;11.687
11950;3123;13.692
11952;11951;8.227
11951;11952;13.879
11953;11952;9.663
11953;11928;39.983
11954;11951;7.885
11885;11950;3.073
11955;11954;13.945
11955;11953;3.348
11956;11954;11.159
11957;11956;3.531
11958;11957;6.564
11958;11955;5.796
11956;11959;33.488
11957;11960;7.395
11961;11960;8.864
11961;11958;1.270
11960;11962;7.551
11963;11959;15.246
11962;11963;3.818
11964;11962;15.437
11964;11961;3.865
11965;11959;19.193
11966;11963;18.468
11966;11964;2.521
11967;11966;18.331
11968;11965;31.605
11968;11966;2.433
11969;11968;1.886
11970;11969;1.635
11971;11970;4.437
11972;11971;25.926
11893;11972;12.641
11974;11973;2.828
11973;11975;2.573
11974;11976;15.848
11976;11975;7.162
11977;11974;6.426
11977;11894;4.525
11973;11978;6.260
11978;11977;1.647
11975;11979;6.798
11980;11978;1.060
11982;11981;1.506
11981;11976;6.425
11981;11983;3.186
11979;11983;2.930
11984;11982;14.834
11985;11979;6.427
11985;11980;1.113
11986;11886;50.227
11987;11980;8.838
11983;11988;6.680
11988;11985;2.148
11982;11989;18.203
11989;11988;2.198
11990;11989;2.881
11991;11990;6.012
11887;11986;38.938
11992;11991;27.489
11993;11992;3.368
11994;11993;5.058
11995;11994;29.514
11996;11995;11.574
11995;11996;17.304
11997;11995;10.237
11998;11997;23.590
11999;11997;18.463
12000;11888;21.464
12000;11994;9.849
11895;12000;7.128
12001;11896;9.656
12002;12001;25.267
12003;12002;1.171
12004;12002;5.045
12004;12003;6.497
12005;12003;2.239
12007;12006;4.957
12006;12005;0.688
12008;12006;1.652
12009;12005;13.441
12009;12004;13.671
12010;12009;3.008
12011;12008;7.202
12012;12007;11.403
12012;12008;2.753
12010;12013;4.667
12014;12012;0.837
12013;12010;13.936
12015;12014;6.075
12015;12011;7.229
12016;12011;9.645
12013;12016;6.292
12017;12015;9.109
12017;12016;5.209
12018;12017;6.901
12020;12019;4.474
12020;12018;6.584
12021;12020;3.533
12021;12018;3.173
12022;12014;9.012
12023;12022;15.605
12023;12021;18.984
12022;297;34.804
12025;12024;0.630
12027;12026;4.578
12029;12028;0.649
12031;12030;0.472
12033;12032;4.687
12035;12034;1.076
12037;12036;0.314
12039;12038;0.491
12041;12040;1.702
12043;12042;1.163
12045;12044;9.153
12047;12046;51.743
12048;12045;65.289
12046;12048;48.087
12046;12049;29.715
12050;12048;28.962
12050;12045;54.875
12049;12050;49.051
12052;3317;49.950
12052;12053;2.838
12051;12054;42.520
12056;12055;36.806
12057;12056;3.053
12058;12057;9.177
12059;12058;7.867
12057;12060;3.954
12062;12061;6.348
12063;12062;3.779
12053;12064;43.502
12064;12065;3.794
12066;12061;4.852
12062;12066;6.919
12060;12067;5.251
12060;12068;11.332
12068;12067;6.613
12064;12069;3.682
12067;12070;1.300
12056;12070;11.326
12069;12071;3.066
12072;12071;14.041
12058;12073;9.705
12073;12068;3.243
12075;12074;11.529
12076;12066;4.593
12074;12076;4.315
12076;12077;1.585
12061;12078;15.241
12077;12078;3.680
12071;12079;3.758
12078;12079;2.198
12070;12080;4.130
12080;12081;5.763
12073;12082;3.915
12082;12083;4.327
12077;12084;3.027
12085;12084;5.683
12085;12074;3.521
12086;12069;6.016
12079;12086;5.451
12087;12085;1.473
12064;12088;10.361
12086;12088;3.904
12090;12089;7.776
12059;12089;24.433
12091;12087;13.389
12092;12087;6.467
12091;12092;9.581
12089;12093;18.525
12082;12093;8.979
12093;12094;6.205
12095;12093;2.096
12095;12096;6.130
12096;12094;1.370
12094;12097;3.350
12080;12097;11.964
12098;12095;4.896
12099;12091;7.139
12100;12053;16.926
12088;12100;31.442
12097;12101;6.738
12102;12092;5.836
12103;12101;2.342
12055;12104;36.199
12105;12104;19.194
12101;12106;15.092
12104;12106;14.423
12107;12095;13.420
12108;12096;11.864
12108;12103;8.173
12109;12108;1.471
12110;12103;10.387
12112;12111;4.606
12111;12109;3.458
12113;12111;1.176
12114;12088;25.991
12084;12114;26.426
12115;12109;5.222
12110;12115;11.183
12116;12110;8.767
12117;12116;10.176
12106;12117;14.959
12116;12118;3.056
12100;12119;49.994
12117;12120;6.464
12121;12115;12.913
12122;12090;20.834
12119;12123;17.124
12119;12124;17.614
12125;12124;14.799
12126;12100;18.697
12127;12114;37.460
12123;12128;20.973
12124;12129;21.309
12129;12126;6.543
3487;12122;27.248
12128;12130;18.512
12131;12127;6.056
12129;12132;13.340
12132;12126;36.320
12128;12133;17.439
12133;12129;6.721
12120;12134;14.026
12135;12131;15.542
12054;12136;42.453
12132;12137;7.753
12136;12135;12.691
12133;12138;10.061
12033;12133;10.474
12138;12139;5.289
12137;12139;17.020
12140;12138;16.652
12139;12141;9.121
12141;12142;7.792
12137;12143;20.576
12144;12143;6.379
12141;12145;11.182
12143;12145;17.366
12145;12146;4.833
12143;12147;13.920
12134;12148;16.195
12148;12032;8.032
12149;12148;44.312
12150;3541;10.222
12024;12150;9.498
12151;12149;15.802
12152;12025;26.519
12153;12152;11.788
12155;12154;7.754
12156;12153;7.351
12158;12157;8.238
12159;12157;4.644
12157;12160;4.358
12160;12161;7.744
12163;12162;3.523
12161;12163;8.118
12160;12164;4.936
12164;12155;30.021
12165;12163;2.904
12165;12163;5.890
12167;12166;23.293
12168;12166;10.532
12169;12165;4.566
12161;12169;4.572
12166;12170;13.458
12171;12169;6.410
12160;12172;8.116
12173;12171;1.437
12172;12174;0.830
12164;12174;8.743
12169;12175;4.251
12172;12175;5.672
12175;12176;2.316
12177;12171;4.496
12176;12177;4.359
12178;3543;13.090
12174;12179;9.707
12179;12180;10.864
12180;12164;18.334
12180;12181;3.173
12166;12181;16.625
12176;12182;11.623
12182;12179;4.471
12183;12156;12.387
12177;12183;63.548
12034;12151;31.977
12185;12184;15.788
12181;12186;16.201
12185;12186;11.698
12182;12187;19.154
12186;12187;5.659
12185;12187;19.166
12188;12183;4.464
12188;12189;19.129
12190;12188;10.265
12189;12191;15.293
12193;12192;9.080
12193;12194;5.530
12189;12195;13.991
12187;12195;19.550
12196;12193;3.245
12198;12197;2.432
12197;12196;24.129
12199;12190;7.515
12200;12196;5.798
12191;12201;24.235
12201;12195;7.657
12202;12200;6.630
12195;12203;9.165
12204;12202;2.998
12205;12200;9.017
12207;12206;2.100
12207;12202;3.134
12191;12208;25.889
12209;12207;2.407
12210;12204;5.810
12210;12205;2.925
12201;12211;21.258
12203;12211;5.241
12212;12209;2.405
12204;12212;6.535
12213;12212;4.794
12213;12214;1.365
12210;12215;6.482
12216;12215;1.422
12218;12205;12.650
12219;12218;2.058
12220;12218;3.496
12221;12215;5.951
12221;12220;5.343
12222;12218;2.722
12223;12213;5.773
12223;12221;3.177
12224;12222;1.883
12047;12225;32.169
12226;12222;7.474
12226;12227;5.965
12228;12201;25.497
12220;12229;7.006
12230;12209;23.067
12211;12231;29.161
12232;12223;15.682
12237;12236;0.704
12238;12237;0.321
12239;12238;0.389
12240;12239;0.704
12236;12241;11.204
12242;12035;16.998
12243;12241;1.325
12226;12243;22.036
12244;12228;25.489
12245;12242;1.272
12217;12246;14.781
12246;12047;10.775
12247;12230;25.047
12247;12240;9.908
12248;12238;12.636
12249;12243;15.711
12250;12245;1.426
12251;12247;5.294
12252;12178;24.266
12203;12253;48.437
12254;12251;12.751
12255;12253;10.600
12256;12250;9.104
12258;12257;3.460
12225;12258;29.617
12256;12259;3.691
12260;12249;50.078
12260;12252;6.801
12253;12254;29.236
12262;12261;14.423
12263;12260;3.456
12264;12263;0.720
12261;12264;1.705
12262;12265;28.594
12269;12268;17.369
12270;12269;24.539
12257;12271;12.313
12272;12269;2.514
12273;12262;12.904
12273;12274;9.192
12259;12275;29.356
12259;12276;10.937
12275;12276;9.170
12265;12277;35.803
12273;12277;7.533
12278;12273;5.996
12272;12278;16.790
12280;12279;8.897
12271;12280;6.772
12282;12281;17.081
12265;12281;25.575
12281;12283;31.799
12277;12283;8.146
12284;12278;5.037
12283;12285;3.542
12287;12286;19.702
12280;12287;6.390
12288;12284;3.892
12288;12272;21.083
12284;12285;34.283
12287;12289;4.347
12289;12290;5.740
12291;12288;3.193
12293;12292;3.885
12280;12292;15.323
12294;12275;27.494
12289;12294;36.889
12290;12294;6.302
12294;12295;2.799
12296;12291;5.196
12276;12297;8.704
12295;12297;6.507
12297;12296;3.202
12292;12298;5.514
12299;12288;9.518
10966;12199;85.617
12300;12291;11.261
12296;12300;7.885
12301;12297;7.635
12302;12298;9.876
12303;12301;4.251
12295;12303;16.011
12285;12304;29.440
12298;12305;19.578
12306;12294;17.457
12305;12307;9.687
12308;12304;27.842
12300;12308;23.449
12309;12300;15.130
12309;12301;15.274
12310;12305;4.370
12310;12302;20.943
12311;12307;4.178
12312;12306;15.943
12313;12311;4.729
12314;12290;23.507
12307;12314;7.558
12315;12309;3.404
12316;12315;4.840
12318;12317;4.454
12318;12303;15.756
12314;12319;4.466
12320;12318;2.737
12321;12320;5.557
12321;12306;7.033
12322;12307;6.136
12323;12322;3.237
12311;12323;4.865
12317;12324;8.219
12325;12319;8.644
12325;12322;1.815
12326;12315;4.230
12323;12327;7.235
12310;12327;8.139
12328;12321;11.412
12319;12328;5.235
12329;12326;2.160
12324;12329;6.412
12330;12320;5.723
12331;12324;6.328
12317;12331;9.188
12330;12331;12.491
12332;12328;9.636
12326;12333;8.605
12335;12334;2.442
12331;12334;4.289
12336;12332;2.575
12325;12336;6.732
12329;12337;6.069
12334;12337;2.891
12339;12338;8.045
12333;12338;8.223
12340;12255;26.055
12337;12341;3.179
12334;12342;3.955
12342;12331;4.893
12338;12343;6.329
12343;12308;23.471
12304;12344;68.984
12345;12333;6.372
12345;12341;6.047
12347;12346;2.884
12347;12342;2.978
12254;12348;29.122
12338;12349;6.473
12349;12345;5.921
12350;12336;11.636
12350;12327;15.334
12341;12351;6.458
12351;12347;4.764
12352;12330;21.047
12353;12349;5.827
12351;12354;4.733
12354;12352;5.553
12355;12267;23.430
12344;12355;5.797
12356;12354;2.172
12353;12356;13.799
12358;12357;17.884
12359;12357;14.885
12360;12343;19.071
12360;12353;12.954
12361;12340;21.186
12357;12361;4.763
12040;12355;2.199
12362;12361;4.578
12363;12361;3.163
12364;12363;7.959
12365;12360;7.977
12366;12350;20.808
12352;12367;21.050
12042;12366;0.782
12368;12332;36.626
12369;12366;9.189
12370;12363;17.187
12370;12363;15.884
12356;12371;26.454
12372;12370;5.832
12372;12373;8.069
12374;12372;2.284
12375;12374;3.898
12376;12374;5.624
12348;12377;13.604
12378;12376;8.288
12379;12378;2.605
12379;12380;23.253
12377;12039;0.925
12381;12379;2.327
12381;12382;3.704
12378;12383;6.449
12384;12381;2.266
12384;12385;6.246
12038;12386;2.135
12387;12386;3.795
12388;12384;3.010
12388;12387;7.842
12389;12378;6.729
12389;12388;4.165
12390;12389;5.354
12390;12387;5.377
12391;12043;11.156
12376;12392;29.093
12392;12390;5.694
12393;12041;20.526
12365;12393;17.559
12393;12394;1.475
12395;12392;5.831
12396;12390;22.900
12395;12397;8.191
12397;12398;7.460
12394;12399;16.102
12401;12400;6.562
12402;12400;8.554
12403;12402;5.750
12404;12403;7.404
12400;12405;7.482
12405;12399;13.272
12403;12406;2.970
12402;12407;15.780
12407;12405;3.540
12408;12407;10.835
12408;12409;0.833
12398;12410;37.871
12411;12391;44.163
12410;12412;7.079
12414;12413;17.497
12416;12415;10.297
12413;12416;5.983
12417;12411;11.081
12418;12416;6.928
12418;12413;5.298
12412;12419;8.445
12420;12418;4.332
12420;12421;2.392
12422;12414;11.272
12422;12419;12.257
12424;12423;6.408
12423;12425;5.091
12425;12420;5.394
12425;12426;11.852
12426;12422;10.081
12409;12427;22.470
12428;12425;9.123
12423;12429;9.756
12428;12429;1.504
12430;12428;3.182
12430;12426;6.798
12419;12430;12.435
12431;12430;2.580
12431;12432;3.113
12434;12433;6.738
12424;12434;15.300
12429;12434;5.059
12435;12428;4.582
12435;12436;3.358
12436;12437;6.398
12438;12435;6.246
12438;12431;3.879
12434;12439;1.990
12440;12439;1.342
12437;12440;10.721
12436;12441;7.195
12441;12435;6.452
12442;12441;2.355
12437;12443;8.889
12443;12442;5.842
12444;12440;6.539
12445;12442;2.398
12445;12438;10.610
12443;12446;10.225
12447;12445;4.401
12447;12448;2.889
12427;12449;6.015
12449;12450;0.843
12451;12447;4.952
12452;12445;18.211
12439;12453;10.726
12454;12417;18.098
12453;12455;2.934
12455;12456;2.356
12457;12454;27.369
12458;12450;37.024
12459;12458;11.341
12460;12459;5.035
12461;12459;3.915
12463;12462;10.926
12463;12461;5.950
12456;12464;32.626
12465;12461;11.624
12466;12463;2.067
12466;12465;4.764
12467;12465;4.239
12468;12466;5.030
12467;12468;2.065
12469;12467;6.779
12471;12470;11.671
12471;12468;4.935
12469;12471;11.304
12472;12469;5.934
12472;12473;11.443
12474;12472;5.630
12464;12475;3.081
12476;12471;2.975
12476;12474;9.465
12477;12474;4.199
12479;12478;52.298
12480;12472;6.276
12481;12476;13.524
12482;12478;6.556
12483;12482;1.052
12484;12481;5.398
12478;12485;10.307
12483;12486;3.281
12487;12481;6.409
12488;12485;3.856
12488;12483;8.201
12489;12482;8.665
12486;12489;6.428
12490;12488;4.080
12490;12486;11.249
12491;12489;4.943
12492;12491;4.836
12493;12490;12.982
12491;12493;6.989
12495;12494;5.710
12496;12495;3.581
12475;12497;13.035
12491;12498;14.568
12498;12495;6.216
12499;11176;53.213
12499;12490;37.192
12498;12500;2.559
12500;12496;8.582
12501;12496;8.853
12497;12501;2.898
12502;12499;16.096
12502;12493;16.244
12500;12503;3.832
12501;12503;4.683
12503;12502;2.348
12504;12457;35.235
12503;12505;5.547
12506;12499;13.419
12507;12506;8.826
12508;12507;12.520
12505;12508;34.826
12509;12506;12.808
12507;12509;12.545
12510;12508;13.212
12511;12505;29.000
12513;12512;9.165
12514;12513;15.597
12515;12504;26.901
12515;12513;4.025
12516;12515;10.427
12517;12515;12.659
12450;12518;140.633
12518;12519;1.411
12520;12517;22.937
12521;12520;1.174
12523;12522;8.599
12523;12522;12.248
12524;12519;27.235
12525;12523;3.830
12526;12521;10.436
12527;12525;5.867
12528;12524;8.081
12529;12528;6.034
12530;12528;8.731
12530;12529;5.827
12531;12529;9.404
12531;12532;3.407
12533;12526;3.042
12522;12534;42.577
12534;12533;12.881
12535;12529;10.047
12535;12531;3.190
12527;12536;17.515
12537;12534;20.821
12525;12537;29.756
12536;12537;18.791
12538;12530;11.818
12539;12538;10.188
12539;12535;11.384
12540;12538;10.207
12541;12537;16.844
12536;12541;16.738
12542;12539;5.579
12543;12538;10.266
12543;12542;7.246
12544;12542;4.139
12545;12541;7.863
12545;12546;13.065
12547;12545;18.910
12548;12543;19.752
12549;12533;10.685
12550;12549;4.269
12546;12551;9.620
12546;12552;7.375
12553;12552;3.634
12554;12550;10.243
12554;12553;8.711
12555;12547;12.469
12551;12556;8.134
12556;12547;17.248
12553;12557;6.343
12552;12557;10.814
12557;12558;3.480
12558;12551;10.884
12558;12556;12.116
12559;12519;50.146
12560;12549;22.119
12561;12559;25.293
12562;12561;1.373
12564;12563;4.259
12563;12565;13.272
12563;12565;3.266
12565;12566;1.693
12568;12567;7.259
12566;12568;5.891
12569;12564;9.151
12569;12562;14.577
12570;12563;9.787
12570;12569;4.799
12571;12568;7.911
12572;12566;9.069
12572;12570;2.557
12573;12571;4.294
12573;12572;2.764
12574;12573;3.577
12575;12574;9.135
12576;12571;18.243
12574;12576;12.569
12577;12576;4.528
12579;12578;3.568
12579;12575;2.388
12580;12576;3.164
12581;12579;7.094
12582;12575;18.670
12582;12562;10.823
12583;12582;4.702
4904;12583;7.402
12584;12560;40.292
12585;12584;0.406
12036;12585;16.177
12586;12037;2.653
12587;12586;12.687
12588;12587;2.345
12590;12589;8.939
12591;12590;4.321
12592;12591;20.092
12593;12588;6.824
12590;12593;7.674
12595;12594;2.209
12596;12585;28.463
12597;12593;7.032
12597;12591;5.322
12598;12593;10.487
12599;12596;0.358
12600;12593;3.634
12601;12597;4.189
12594;12601;5.536
12602;12600;5.231
12603;12601;5.953
12603;12594;11.277
12604;12598;10.683
12604;12602;2.475
12606;12605;7.806
12605;12607;4.020
12607;12608;4.485
12609;12602;7.164
12600;12609;12.275
12610;12603;4.116
12610;12605;12.750
12611;12609;5.657
12611;12610;5.604
12607;12612;10.661
12613;12610;5.651
12614;12604;12.936
12614;12611;10.830
12615;12613;13.307
12616;12614;15.441
12616;12613;21.395
12617;12599;14.127
12028;12617;8.070
12618;12617;15.568
12619;12618;3.466
12620;11344;4.228
12621;12029;6.420
12622;12619;13.628
12623;12622;1.965
12625;12624;3.122
12622;12624;6.634
12624;12626;1.848
12628;12627;2.537
12629;12627;5.184
12630;12626;2.992
12630;12623;6.572
12632;12631;3.269
12626;12631;3.208
12627;12633;6.919
12634;12631;4.439
12634;12630;3.589
12635;12634;2.396
12633;12636;3.755
12637;12633;8.650
12631;12637;12.059
12638;12635;4.337
12638;12623;12.945
12639;12637;2.967
12636;12640;6.793
12640;12639;5.261
12641;12620;6.352
12639;12642;2.358
12642;12635;6.529
12643;12638;4.475
12642;12644;4.397
12645;12621;9.850
12646;12645;0.575
12647;12643;12.426
12636;12648;11.508
12648;12640;13.679
12649;12641;1.384
12648;12646;8.188
12651;12650;4.588
12651;12641;26.976
12652;12643;13.332
12654;12653;18.765
12655;12651;9.579
12657;12656;24.171
12657;12654;7.525
12658;12654;10.242
12659;12649;38.251
12660;12649;4.215
12660;12657;9.680
12661;12657;27.411
12662;12660;5.514
12661;12662;12.993
12663;12661;11.269
12664;12663;39.686
12665;12663;29.246
12665;12664;16.299
12666;12662;14.533
12666;12665;13.702
12667;12665;11.918
12664;12667;44.166
12668;12667;3.914
12669;12621;30.442
12670;12666;4.983
12667;12670;14.865
12671;12668;9.554
12672;12670;1.744
12672;12668;15.383
12673;12671;6.714
12673;12674;18.311
12675;12672;3.124
12675;12671;17.316
12676;12669;7.738
12677;12673;11.935
12678;12677;12.482
12679;12675;2.485
12673;12679;18.761
12680;12679;4.203
12677;12680;21.835
12681;12677;14.510
12682;12680;3.827
12681;12682;20.998
12683;12681;18.973
12684;12682;6.905
12683;12684;13.305
12686;12685;19.588
12687;12685;6.233
12688;12676;19.139
5113;12688;22.974
12690;12689;2.980
12691;12687;13.494
12692;12687;5.077
12693;12690;1.596
12685;12693;7.308
12690;12694;9.406
12695;12688;2.420
12696;12693;2.004
12697;12684;7.706
12697;12683;22.340
12685;12698;14.574
12699;12698;11.024
12691;12699;10.765
12701;12700;6.564
12702;12700;20.391
12700;12703;2.251
12704;12691;39.285
12705;12704;3.115
12706;12697;1.715
12703;12706;3.148
12707;12703;20.126
12708;12699;26.532
12704;12708;3.247
12698;12709;11.937
12699;12709;12.892
5155;12705;22.274
12708;12710;1.703
12711;12695;19.509
12709;12027;29.396
12710;12027;11.552
12713;12712;9.239
12712;12714;12.353
12026;12715;3.601
12706;12716;58.265
12717;12711;39.224
12716;12718;5.137
12719;12718;25.710
12715;12720;29.550
12715;12720;5.486
12721;12715;16.529
12712;12722;18.526
12720;12722;0.801
12723;12717;4.822
12724;12723;3.837
12725;12724;4.223
12726;12723;4.788
12727;12717;10.101
12728;12726;4.861
12729;12727;3.240
12729;12726;7.849
12730;12727;5.776
12731;12728;5.896
12732;12729;4.777
12728;12732;5.980
12733;12724;36.577
12734;12732;7.590
12734;12735;17.902
12736;12706;34.040
12722;12736;11.525
12737;12734;17.097
12733;12737;24.079
12718;12738;42.629
12738;12736;35.545
12739;12736;8.192
12740;12739;16.335
12738;12741;22.135
12743;12742;5.336
12744;12737;30.930
12742;12745;4.779
12742;12745;9.684
12741;12746;3.154
12745;12746;4.017
12741;12747;11.505
12748;12747;7.380
12748;12749;3.493
12746;12750;9.678
12747;12750;4.246
12751;12748;10.673
12750;12752;5.078
12753;12752;6.305
12754;12753;1.682
12748;12754;7.175
12755;12745;10.966
12756;12751;7.627
12754;12756;2.256
12755;12757;1.247
12758;12757;5.682
12759;12756;4.500
12751;12760;10.316
12762;12761;1.567
12752;12761;6.545
12763;12755;6.234
12761;12764;3.265
12764;12753;6.704
12764;12765;1.498
12765;12759;5.281
12757;12766;8.294
12759;12767;9.202
12768;12766;3.378
12768;12765;4.829
12759;12769;5.271
12770;12765;5.850
12771;12739;15.323
12771;12772;24.099
12773;12768;4.339
12768;12774;25.439
12760;12775;50.089
12775;12771;12.188
12775;12776;11.696
12777;12775;5.604
12778;12777;10.657
12779;12777;13.310
12030;12779;5.129
5319;12031;27.326
12781;12780;3.310
12789;12788;3.025
12790;12788;4.429
12788;12784;6.663
12792;12791;5.517
12793;12792;1.899
12784;12793;4.795
12794;12785;5.227
12796;12795;4.245
12797;12796;4.292
12798;12794;3.142
12797;12795;3.326
12795;12799;6.397
12785;12797;5.196
12800;12794;2.471
12799;12800;4.571
12801;12798;9.238
12800;12798;2.921
12793;12801;2.444
12801;12792;2.576
12805;12804;35.692
12804;12806;4.261
12808;12807;4.178
12780;12808;55.058
12810;12809;2.318
12809;12811;2.653
12810;12811;2.358
12813;12812;6.077
12814;12813;2.609
12816;12815;1.185
12818;12817;0.871
12821;12820;0.815
12822;12805;1.930
12812;12826;6.952
12826;12810;6.566
12811;12814;4.705
12827;12812;32.518
12809;12828;48.793
12830;12829;27.448
1527;12831;43.442
12831;12832;17.811
12832;12833;67.077
12833;12834;1.682
12836;12835;9.723
12834;12835;2.560
12838;12837;6.135
12835;12837;0.563
12837;12839;0.655
12841;12840;1.705
12840;12842;5.877
12839;12842;1.107
12843;12839;10.951
12842;12844;1.204
12846;12845;11.061
12848;12847;2.534
12848;12845;10.025
12844;12849;4.694
12844;12850;3.641
12840;12851;18.328
12850;12851;0.787
12852;12849;8.897
12854;12853;6.519
12854;12848;6.450
12845;12855;9.296
12851;12855;1.319
12856;12854;3.798
12849;12857;9.920
12850;12858;8.756
12859;12856;3.083
12855;12860;2.447
12855;12861;7.162
12858;12861;6.793
12862;12856;6.555
12860;12862;1.521
12863;12859;5.665
12862;12863;0.467
12864;12860;5.926
12861;12864;6.058
12863;12865;1.280
12866;12864;3.446
12858;12866;19.646
12867;12859;14.750
12865;12867;2.366
12865;12868;5.479
12869;12866;4.388
12867;12870;2.373
12871;12870;2.191
12867;12872;1.727
12866;12873;4.290
12874;12873;4.450
12875;12869;2.242
12873;12875;2.709
12870;12869;13.416
12873;12876;4.709
12877;12875;5.448
12878;12872;8.090
12872;12879;4.135
12879;12880;3.398
12881;12879;6.486
12880;12882;1.030
12882;12883;7.609
12882;12884;4.953
12884;12885;36.880
12885;12886;70.141
12887;4326;86.736
12817;12887;0.668
12888;12818;1.076
12886;12889;61.285
12889;12890;0.590
12890;12891;12.106
12891;12892;0.342
12892;12893;3.481
12895;12894;21.867
12894;12896;1.306
12893;12897;26.703
12894;12898;5.398
12900;12899;3.918
12900;12898;2.642
12901;12888;36.026
12898;12902;6.932
12897;12901;4.186
12903;12902;6.647
12904;12901;2.002
12902;12905;10.324
12906;12900;10.768
12905;12906;3.303
12905;12907;1.459
12908;12906;15.227
12909;12908;6.338
12911;12910;7.018
12912;12908;2.837
12912;12911;3.080
12914;12913;2.818
12915;12912;6.959
12916;12914;2.319
12916;12917;8.620
12914;12918;7.466
12911;12919;4.639
12918;12919;2.487
12919;12920;1.175
12918;12921;4.746
12921;12916;8.277
12920;12922;4.186
12921;12922;4.914
12920;12923;7.725
12924;12904;22.088
12926;12925;6.909
12925;12927;5.119
12925;12928;6.430
12929;12928;1.820
12927;12930;8.444
12928;12930;5.185
12930;12931;3.028
12932;12928;6.195
12933;12932;1.794
12927;12934;15.169
12931;12934;2.984
12933;12935;2.767
12932;12936;5.277
12937;12933;8.483
12938;12937;2.569
12934;12939;4.485
12939;12938;2.669
12937;12940;2.522
12939;12941;5.442
12940;12942;2.476
12943;12942;2.019
12940;12944;7.695
12946;12945;9.903
12941;12945;6.344
12945;12947;2.795
12948;12947;7.362
12947;12949;2.237
12949;12950;4.539
12941;12951;15.800
12942;12951;19.285
12953;12952;2.731
12949;12953;7.008
12953;12954;10.755
12954;12955;7.048
12955;12956;3.358
12955;12957;6.933
12958;12950;8.996
12959;12924;35.292
12960;12959;10.688
12961;12960;1.205
12962;12958;18.224
12963;12962;0.861
12964;12961;3.384
12965;12964;9.032
12966;12964;0.347
12966;12967;3.332
12961;12968;11.647
12969;12967;7.946
12967;12970;5.005
12968;12971;0.624
12970;12972;3.301
12973;12970;5.846
12971;12974;1.806
12972;12975;5.936
12976;12975;12.646
12975;12977;2.243
12978;12972;10.630
12977;12978;3.998
12974;12979;2.742
12977;12980;4.839
12978;12981;7.272
12980;12982;6.640
12983;12982;7.274
12981;12984;2.464
12984;12980;8.796
12984;12985;1.986
12985;12986;1.663
12987;12985;3.049
12982;12988;9.215
12979;12989;26.860
12990;12963;41.756
12989;12991;46.034
12992;12990;31.257
1788;12993;10.779
12993;12994;1.323
12994;12995;11.490
12995;12996;3.415
12996;12998;3.339
12999;12992;9.736
13001;13000;9.036
13002;13000;3.657
13000;13003;0.847
13003;13004;2.985
13005;13004;2.038
13003;13006;5.025
13004;13007;1.118
13004;13008;1.259
13010;13009;7.955
13006;13010;1.809
13010;13011;1.569
13009;13012;11.002
13006;13013;5.320
13014;13013;1.990
13015;13011;6.655
13013;13015;3.155
13011;13016;8.755
13017;13015;2.210
13012;13018;6.921
13016;13018;3.799
13018;13019;5.518
13019;13016;7.962
13019;13020;3.682
13020;13015;12.490
13022;13021;2.530
13018;13021;12.870
13024;13023;4.042
13023;13025;1.724
13023;13026;4.577
13026;13020;6.102
13026;13021;15.114
13021;13027;10.544
12998;13028;36.729
13028;12827;11.906
12826;12999;20.198
12828;12824;0.567
12819;13029;13.226
13030;12824;1.377
12820;12825;2.240
13029;13031;5.779
13031;13032;0.609
13034;13033;12.377
13033;13035;12.588
13037;13036;2.113
13038;13036;2.248
13039;13030;43.658
13033;13040;8.235
13039;13041;2.007
13040;13042;2.123
13036;13043;3.935
13035;13043;9.253
13045;13044;4.080
13035;13046;6.926
13044;13047;8.014
12807;12821;11.782
13043;12781;6.933
13041;13048;8.900
13050;13049;7.385
13051;13049;11.468
13053;13052;5.851
13048;13052;2.064
12781;13054;4.169
13044;13055;9.056
13052;13055;0.998
13049;13056;4.324
13046;13057;9.434
13040;13057;17.944
13056;13058;5.894
13055;12829;5.305
13041;12830;9.004
13054;13059;7.578
13046;13059;18.149
13057;13060;6.201
13055;13061;4.638
13060;13062;2.407
13064;13063;7.151
13063;13065;7.707
13062;13066;3.844
13056;13067;8.206
13061;13067;1.200
13059;13068;3.468
13066;13068;3.124
13067;13069;0.701
13070;13060;4.147
13068;13071;6.979
13072;13063;5.638
12829;13073;8.837
13065;13074;9.650
13069;13074;3.303
13072;13075;5.765
13074;13076;1.515
13068;13077;3.905
13078;13072;4.484
13076;13078;1.590
13061;13079;11.612
13069;13079;11.631
13075;13080;4.602
13078;13080;2.233
13077;13081;13.948
13079;13082;8.187
13083;13082;4.097
13085;13084;11.548
13080;13084;10.933
13087;13086;2.927
13076;13086;16.681
13082;13088;7.568
13086;13089;8.419
13032;12790;22.207
12789;12790;4.337
13090;13084;28.189
13091;13090;7.805
13092;13091;3.459
12791;12789;5.309
12806;13092;12.521
13093;12822;0.600
12816;13093;9.104
12815;13094;11.048
12796;13095;5.986
13097;13096;5.355
13098;13096;8.232
13100;13099;3.847
13102;13101;8.915
13096;13103;3.916
13099;13103;1.872
13103;13104;0.571
13104;13102;10.017
13105;12823;59.686
13106;13104;13.873
13107;13105;1.307
13108;13102;17.547
13108;13109;2.937
13110;13108;2.360
13110;13109;4.364
13111;13107;34.188
13099;13111;20.977
13112;13110;1.640
13109;13113;10.246
13106;13113;9.778
13114;13106;12.363
13115;13114;11.859
13113;13116;1.570
13117;13116;1.635
13118;13112;6.617
13117;13119;7.284
13119;13114;3.163
13119;13120;1.833
13121;13111;3.018
13122;13117;5.470
13120;13122;3.889
13123;13119;10.277
13125;13124;3.041
13122;13124;2.568
13126;13112;12.496
13116;13126;8.640
13124;13127;4.577
13120;13127;4.250
13128;13126;4.758
13129;13128;3.630
13128;13130;3.151
13130;13129;7.761
13131;13129;4.550
13127;13132;7.893
13132;13123;16.131
13130;13133;5.442
13133;13132;3.336
13134;13121;6.471
13135;13134;0.210
13136;13135;5.678
13136;13133;11.946
13138;13137;0.614
13140;13139;0.618
388;13141;2.894
13143;13142;60.129
13145;13144;39.525
13143;13145;20.862
13146;13143;37.170
13146;13147;1.694
13147;13148;8.743
13141;13148;1.471
13148;13149;7.286
13149;13147;39.583
13145;13150;56.378
13149;13150;2.589
13150;13151;0.887
13151;13140;0.413
13139;13152;15.323
13152;13153;0.705
13154;13151;47.861
13156;13155;0.662
13155;13157;93.292
13159;13158;1.240
13158;13157;3.937
13160;13158;4.436
13162;13161;2.378
13163;13161;5.548
13165;13164;34.456
13161;13166;1.807
13165;13166;4.204
13168;13167;7.531
13167;13169;2.788
13170;13167;1.501
13166;13170;4.670
13171;13165;8.101
13171;13172;4.816
13157;13173;13.710
13173;13174;0.679
13170;13174;33.736
13173;13175;10.810
13174;13176;3.411
13153;13177;53.987
13177;13178;0.743
13179;13176;22.726
13179;13180;3.035
13181;13171;32.083
13182;13179;7.307
13181;13182;4.936
13176;13183;5.658
13182;13184;8.565
13185;13154;92.763
13186;13181;21.664
13186;13185;0.219
13183;13186;9.596
13188;13187;46.989
13189;13183;42.042
13188;13189;4.240
13189;13190;6.749
13191;13188;4.877
13190;13192;7.402
13193;13190;3.427
13193;13194;3.276
13195;13192;6.253
13195;13193;3.775
13194;13195;2.257
13196;13194;3.138
13197;13196;1.981
13196;13195;6.408
13192;13198;19.021
13199;13156;90.567
13201;13200;18.443
13203;13202;5.317
13203;13204;8.584
13178;13205;35.388
13206;13203;11.213
13205;13207;2.702
13207;13138;4.485
13137;13208;1.662
13208;13209;27.699
13209;13210;11.811
13210;13211;8.322
13212;13211;0.964
13213;13212;3.799
13214;13213;0.923
13215;13214;3.242
13216;13215;8.694
13217;13159;130.932
13218;13216;13.914
13219;13216;14.684
13220;13219;7.939
13219;13221;21.126
13211;13222;25.966
13222;13223;11.593
13223;13224;42.121
13226;13225;10.905
13224;13227;36.782
13228;13217;79.477
13230;13229;0.875
13232;13231;0.767
13234;13233;54.422
13235;13234;38.024
13236;13235;3.881
13236;13237;0.370
13239;13238;9.227
13239;13240;9.513
13238;13240;7.204
13240;13241;7.617
13241;13242;9.282
13243;13241;3.595
13245;13244;2.582
13241;13246;7.986
13237;13247;3.878
13247;13239;11.025
13248;13240;8.731
13243;13248;9.701
13246;13249;8.620
13249;13245;2.920
13247;13250;1.629
13250;13251;3.492
13251;13248;4.192
13251;13252;0.482
13245;13253;16.983
13253;13254;8.893
13252;13255;0.844
13256;13247;10.904
13255;13257;1.285
13250;13258;5.903
13257;13259;0.665
13259;13243;10.790
13260;13256;4.535
13260;13261;6.136
13262;13256;6.498
13249;13263;11.799
13253;13263;9.726
13259;13264;2.983
13264;13246;11.816
13265;13260;2.303
13265;13258;8.032
13264;13266;3.218
13266;13249;12.677
13266;13267;0.445
13263;13267;10.131
13267;13268;2.206
13269;13252;11.666
13269;13255;10.944
13270;13265;9.767
13258;13270;10.426
13271;13266;7.122
13272;13257;13.847
13273;13270;8.366
13273;13269;6.535
13268;13274;5.305
13275;13271;4.299
13276;13275;5.994
13276;13271;9.261
13277;13272;4.084
13277;13278;3.769
13278;13264;14.154
13278;13275;6.424
13279;13276;5.361
13268;13279;10.053
13274;13279;12.583
13280;13273;9.907
13280;13272;5.376
13281;13280;2.893
13281;13277;4.617
13274;13282;3.888
1937;13232;7.106
13283;13281;6.399
13275;13283;16.762
13283;13279;25.044
13284;13282;11.315
13285;13284;7.331
13231;13285;49.116
13286;13285;12.851
13229;13286;46.423
2665;13230;12.216
8252;13284;106.827
13288;13287;1.699
2525;13289;1.364
13289;13290;7.327
13290;13291;30.774
13291;13292;6.257
13293;2526;46.761
13233;13293;0.354
13295;13294;4.507
13296;13294;12.608
13297;13294;7.515
13292;13298;78.044
13297;13299;7.728
13294;13300;19.773
13298;13301;1.728
13299;13302;3.616
13300;13303;5.065
13304;13299;5.310
13304;13302;4.956
13305;13297;13.131
13302;13305;2.735
13303;13306;3.758
13307;13305;4.146
13309;13308;3.367
13306;13310;3.780
13311;13304;6.870
13312;13308;1.872
13313;13312;3.296
13314;13303;11.402
13306;13315;9.171
13316;13312;2.527
13310;13316;3.108
13317;13311;2.182
13311;13307;8.408
13318;13310;3.892
13319;13288;3.369
13308;13319;4.460
13320;13315;3.751
13300;13321;17.645
13322;13321;4.694
13319;13323;3.276
13323;13316;4.113
13323;13324;0.992
13325;13320;3.305
13321;13326;3.758
13326;13307;9.473
13327;13320;6.069
13315;13328;11.324
13329;13324;5.620
13330;13328;2.721
13330;13326;5.043
13331;13326;5.569
13331;13317;11.407
13333;13332;2.132
13332;13328;3.927
13329;13334;3.046
13335;13329;4.184
13324;13335;13.880
13336;13334;1.445
13337;13335;0.788
13338;13330;5.352
13338;13331;4.815
13339;13332;3.368
13340;13334;3.844
13342;13341;5.557
13342;13336;2.540
13343;13336;4.901
13344;13342;3.405
13345;13342;3.837
13346;13344;3.457
13347;13344;6.128
13346;13348;5.420
13349;13346;9.383
13350;13338;59.759
13301;937;50.660
13351;5;3.954
13353;13352;1.212
13355;13354;0.603
13352;13355;5.030
13357;13356;1.428
13359;13358;4.948
13364;13363;10.604
13371;13370;1.672
13377;13376;2.893
13379;13378;8.118
13379;13380;1.508
13385;13384;5.105
13387;13386;1.441
13389;13388;9.826
13391;13390;1.100
13393;13392;4.021
13395;13394;5.608
13397;13396;3.351
13399;13398;9.703
13401;13400;3.819
13403;13402;3.896
13405;13404;3.194
13407;13406;0.658
13409;13408;1.161
13411;13410;0.714
13413;13412;0.558
13415;13414;0.790
13417;13416;0.519
13419;13418;1.400
13421;13420;1.422
13423;13422;2.348
13425;13424;0.580
13427;13426;0.535
13429;13428;0.601
13431;13430;2.513
13433;13432;1.119
13435;13434;0.813
13437;13436;0.863
13439;13438;0.320
13441;13440;0.929
13443;13442;0.544
13445;13444;1.666
13447;13446;1.486
13449;13448;1.227
13451;13450;1.232
13453;13452;0.765
13455;13454;1.210
13457;13456;1.380
13459;13458;0.868
13461;13460;1.478
13463;13462;1.004
13465;13464;1.768
13467;13466;1.427
13469;13468;0.843
13471;13470;0.526
13473;13472;0.609
13475;13474;0.904
13477;13476;1.006
13479;13478;0.645
13481;13480;0.558
13483;13482;0.363
13485;13484;0.948
13487;13486;0.807
13489;13488;1.299
13491;13490;1.632
13493;13492;1.639
13495;13494;0.661
13497;13496;1.335
13499;13498;1.401
13501;13500;0.494
13503;13502;0.629
13505;13504;1.440
13507;13506;0.587
13509;13508;0.767
13511;13510;1.383
13513;13512;1.280
13516;13515;1.423
13518;13517;1.103
13520;13519;1.125
13522;13521;1.301
13530;13527;0.785
13532;13525;0.965
13525;13527;1.589
13542;5;4.518
13540;13536;1.548
13541;13540;0.754
13544;13545;3.546
13536;13544;0.518
13546;7438;47.194
13547;10677;13.612
13548;10676;22.823
13548;13547;2.948
13378;13546;15.256
13550;13549;1.685
13551;13550;1.055
13549;13381;27.701
13376;13378;28.847
13552;10681;28.047
13552;13553;0.956
13554;13553;12.872
13556;13555;9.633
13557;13555;9.966
13558;13548;24.731
13558;10682;71.041
13560;13559;8.260
13559;13561;20.068
13555;13562;16.357
13562;13560;15.525
13562;13563;5.632
13559;13564;19.736
13565;13564;32.768
13563;13566;9.241
13567;13551;31.458
13568;13559;16.716
13569;13563;9.013
13564;13570;1.498
13566;13571;6.301
13571;13572;5.065
13572;13568;6.784
13426;13548;27.999
13573;13568;9.883
13570;13573;12.209
13553;13574;18.044
13574;13569;12.437
13575;13569;9.443
13566;13575;14.017
13576;13571;5.947
13572;13577;9.388
13577;13573;5.140
13579;13578;23.377
13576;13580;4.652
13548;13578;54.183
13574;13581;4.828
13575;13581;10.999
13582;13574;8.145
13584;13583;10.886
13584;13582;4.507
13577;13585;3.467
13586;13575;5.145
13580;13586;7.711
13570;13587;13.896
13578;13587;7.224
13589;13588;9.715
13588;13584;3.593
13590;13586;4.636
13591;13576;10.474
13585;13591;8.258
13581;13592;7.708
13592;13590;5.013
13585;13593;2.634
13587;13593;12.290
13594;13580;9.009
13591;13594;9.043
13595;13588;7.812
13596;13582;9.795
13592;13596;13.369
13590;13597;5.082
13594;13597;8.778
13598;13380;12.056
13599;13592;9.394
13597;13599;4.881
13600;13594;7.409
13602;13601;2.425
13603;13600;4.971
13593;13603;16.967
13600;13604;5.762
13605;13595;16.444
13606;13596;11.882
13599;13606;15.738
13607;13593;6.789
13608;13599;10.629
13609;13595;17.335
13610;13606;3.334
13612;13611;8.639
13603;13611;11.152
13613;13603;10.991
13607;13613;16.844
13614;13608;8.732
13615;13608;8.331
13611;13615;4.843
13617;13616;3.388
13616;13610;10.015
13618;13615;1.841
13619;13607;4.166
13620;13613;7.068
13613;13621;9.034
13622;13616;1.797
13620;13621;11.041
13623;13618;7.481
13621;13623;2.776
13624;13622;3.497
13622;13625;13.597
13625;13610;11.490
13625;13614;6.430
13626;13624;16.029
13627;13624;2.095
13628;13620;9.332
13619;13628;11.373
13618;13629;9.991
13630;13614;8.966
13629;13630;2.031
13631;13629;2.017
13632;13627;6.627
13633;13619;51.957
13633;13427;11.992
13634;13625;6.575
13634;13630;8.442
13635;13631;3.152
13636;13632;7.678
13636;13627;7.635
13637;13636;13.492
13637;13634;1.939
13638;13631;13.646
13623;13638;9.933
13639;13638;3.652
13640;13637;2.656
13641;13628;21.665
13641;13619;6.806
13642;13632;7.821
13643;13642;3.411
13644;13558;24.620
13645;13558;25.453
13646;13644;0.347
13648;13647;3.484
13647;13640;12.115
13649;13642;4.642
13633;13645;43.407
13650;13649;1.709
13652;13651;8.668
13653;13640;9.907
13653;13652;10.059
13654;13598;22.359
13655;13650;11.460
13656;13653;7.226
13652;13656;13.399
13657;13650;11.633
13658;13649;15.251
13657;13659;7.183
13659;13658;1.071
13660;13656;3.915
13661;13654;2.550
13662;13657;2.405
13658;13663;2.849
13663;13647;17.519
13665;13664;7.960
13665;13666;7.994
13667;13659;3.162
13668;13660;5.682
13663;13669;5.945
13669;13668;6.968
13670;13665;3.097
13670;13671;14.724
13672;13663;3.589
13672;13669;5.806
13673;13641;6.927
13673;13633;8.069
13668;13674;5.714
13674;13660;4.566
13676;13675;1.042
13677;13662;8.460
13661;13678;12.892
13675;13678;8.091
13679;13677;6.290
13679;13662;11.856
13680;13674;22.940
13681;13675;12.441
13681;13670;9.120
13682;13655;22.859
13683;13679;3.867
13684;13683;3.914
13684;13672;13.003
13683;13685;7.596
13686;13681;5.004
13688;13687;11.954
13687;13689;4.064
13686;13690;15.343
13689;13690;8.243
13682;13691;8.293
13691;13677;12.903
13690;13686;13.723
13693;13692;4.428
13694;13661;9.882
10846;13567;42.007
13694;13693;7.463
13695;13693;2.430
13695;13692;4.642
13696;13684;8.104
13691;13696;13.153
13692;13697;16.870
13678;13697;13.440
13697;13686;12.469
13697;13698;9.201
13698;13686;10.861
13699;13694;4.547
13700;13698;21.510
13700;13689;16.548
13701;13674;29.311
13702;13695;16.589
13702;13697;18.822
13703;13698;10.550
13704;13700;14.358
13704;13703;16.990
13705;13699;19.548
13702;13705;10.690
13703;13702;20.690
13706;13673;7.704
13707;13704;3.128
13705;13708;5.725
13708;13705;17.560
13709;13703;9.234
13709;13710;8.224
13711;13703;10.382
13712;13602;65.333
13713;13712;8.920
13713;13699;10.224
13714;13709;18.326
13716;13715;6.318
13715;13708;19.738
13717;13646;35.704
13718;13715;68.048
13719;13713;60.403
13720;13717;42.334
13486;13719;18.901
13722;13721;2.778
13428;13706;48.651
13723;13722;14.663
13724;13723;4.398
13725;13723;3.992
13724;13725;2.252
13727;13726;35.291
13728;13429;3.528
13729;13353;13.361
13729;13727;0.215
13730;13728;0.293
13731;13725;12.450
13733;13732;2.724
13732;13731;7.651
13734;13733;11.015
13354;13735;3.223
13736;13724;16.509
13735;13736;0.533
13737;13731;5.877
13738;13737;2.637
13736;13738;4.739
13739;13732;9.270
13739;13737;5.326
13740;13733;10.535
13740;13739;3.913
13741;13738;3.277
13742;13741;9.688
13742;13736;6.631
13743;13739;9.703
13743;13741;2.194
13744;13742;8.656
13745;13743;7.565
13745;13744;17.402
13746;13744;9.307
13747;13740;28.137
13748;13745;5.786
13747;13749;37.547
13748;13747;12.202
13750;13748;14.068
13751;13729;8.631
13371;13487;15.870
13752;13730;10.201
13753;13751;3.164
13754;13720;61.509
13755;13754;1.031
13756;13370;19.672
13758;13757;10.331
13757;13759;5.831
13759;13760;6.827
13759;13761;13.053
13757;13762;21.714
13762;13763;4.314
13764;13762;6.216
13761;13764;3.286
13760;13765;9.291
13765;13766;2.303
13767;13761;4.899
13764;13768;5.008
13767;13768;1.668
13760;13769;9.536
13766;13769;3.917
13770;13767;10.787
13769;13770;2.697
13771;13766;2.345
13763;13772;6.737
13366;13756;12.078
13773;13762;9.147
13770;13774;2.215
13769;13774;2.933
13768;13775;4.300
13775;13776;1.481
13772;13777;7.985
13777;13773;1.852
13390;13542;0.726
13763;13368;33.879
13778;13773;4.085
13775;13778;4.388
13779;13778;1.563
13776;13779;4.332
13780;13777;3.907
13779;13780;3.472
13776;13781;7.567
13774;13781;8.138
13772;13782;9.685
13783;13779;6.607
13781;13783;5.158
13772;13784;13.080
13782;13784;6.025
13785;13780;6.099
13783;13785;5.462
13786;13781;8.017
13785;13787;3.416
13782;13788;8.911
13787;13788;4.233
13781;13789;11.840
13790;13787;5.771
13791;13784;24.358
13790;13788;7.910
13792;13790;1.904
13789;13792;11.562
13793;13784;13.677
13788;13793;12.860
13794;13792;3.546
13795;13794;10.274
13796;13794;9.170
13797;13793;15.287
13363;13366;1.551
13798;13364;0.191
13799;13798;0.930
13800;13755;55.838
13408;13800;19.054
13801;13409;35.531
13802;13799;46.977
13431;13752;79.643
13430;13803;8.780
13803;13804;5.423
13806;13805;12.550
13807;13806;5.361
13808;13807;3.123
13808;13809;15.329
13810;13808;7.070
13811;13809;10.271
13810;13811;4.367
13812;13807;27.376
13398;13812;4.310
13813;13810;8.895
13814;13813;4.042
13815;13811;6.885
13815;13810;5.751
13410;13801;23.212
13816;13814;3.080
13816;13813;4.152
13817;13815;1.695
13817;13814;3.382
13399;13431;7.467
13818;13399;4.418
13819;13816;6.078
13812;13819;13.256
13820;13818;0.910
13817;13822;10.215
13819;13823;3.597
13824;13821;5.313
13809;13824;18.374
13824;13822;3.504
13825;13817;9.964
13823;13825;3.780
13822;13826;5.599
13825;13826;8.539
13827;13824;4.603
13828;13827;5.553
13826;13828;4.607
13829;13828;6.862
13830;13829;6.748
13831;13823;15.736
13832;13827;12.504
13833;13829;6.337
13831;13834;4.372
13834;13812;38.849
13835;13833;8.568
13836;13833;2.458
13836;13837;3.341
13838;13829;5.347
13834;13839;3.811
13838;13836;7.863
13840;13829;14.661
13840;13831;5.887
13841;13840;6.239
13841;13842;2.710
13843;13411;13.483
13844;13838;11.634
13844;13841;4.251
13845;13844;14.411
13846;13845;7.193
13847;13845;5.027
13848;13847;8.531
13849;13847;5.830
13849;13848;5.427
13848;13850;8.826
13850;13841;13.669
13851;13849;17.518
13852;13753;92.802
13850;13853;15.679
13854;13850;10.588
13854;13849;10.817
13853;13855;11.650
13361;13802;24.336
13856;13854;24.085
13857;13850;26.517
13853;13857;15.052
13852;13858;9.203
13858;13360;6.947
13412;13843;23.936
13858;13859;3.479
13860;13385;41.086
13859;13861;97.785
13862;13861;2.712
13859;13862;2.592
13384;13863;10.041
13864;13863;18.476
13865;13857;45.219
13866;13820;50.419
13359;13852;89.673
13861;13359;2.866
13867;13359;47.432
13868;13867;30.422
13863;13869;40.697
13868;13870;3.584
13871;13869;5.275
13872;13871;10.000
13870;13388;1.801
13413;13873;34.100
13873;13357;3.485
13358;13874;6.908
13356;13875;0.496
13869;13875;7.152
13875;13876;2.961
13871;13876;5.395
13876;13877;4.165
13402;13880;39.592
13880;13873;8.171
13881;13357;11.845
13882;13878;10.378
13883;13880;1.418
13875;13884;12.005
13885;13882;1.118
13867;13885;41.834
13884;13886;24.642
13879;13886;6.751
13886;13887;2.938
13887;13888;4.029
13889;13888;24.584
13882;13889;6.370
13884;13890;6.481
13389;13891;16.883
13887;13892;2.353
13889;13893;3.689
13888;13894;7.195
13895;13883;7.603
13894;13896;9.964
13896;13893;9.386
13897;13885;10.107
13894;13898;3.779
13896;13898;4.997
13899;13897;2.337
13900;13897;2.024
13891;13900;8.256
13389;13901;23.448
13890;13902;11.555
13886;13902;19.891
13903;13889;26.835
13903;13899;5.253
13901;13904;3.998
13893;13905;10.335
13902;13906;4.078
13906;13892;17.794
13905;13907;4.296
13908;13891;16.430
13904;13908;7.256
13909;13903;9.212
13488;13895;4.358
13883;13910;33.361
13881;13910;25.344
13907;13909;9.422
13911;13905;6.793
13907;13911;3.676
13912;13904;9.765
13898;13913;17.094
13911;13914;4.729
13906;13915;7.397
13890;13916;20.122
13916;13915;10.167
13913;13917;2.921
13917;13914;2.384
13892;13918;21.000
13919;13900;6.087
13915;13920;5.338
13920;13918;11.818
13910;13881;45.229
13918;13921;3.283
13921;13913;14.557
13922;13899;19.519
13919;13922;3.163
13923;13908;10.050
13912;13923;8.561
13924;13919;1.069
13925;13920;2.415
13926;13912;11.546
13921;13927;2.758
13928;13923;3.783
13926;13928;14.000
13929;13917;6.343
13914;13930;10.970
13928;13924;12.090
13931;13926;2.787
13932;13925;8.321
13909;13933;15.855
13933;13934;3.829
13916;13935;8.021
13935;13932;4.708
13933;13936;3.142
13901;13937;29.478
13929;13930;12.415
13938;13928;4.648
13930;13939;6.778
13934;13940;5.850
13922;13940;10.630
13910;13941;17.509
13938;13931;17.623
13942;13939;3.236
13936;13942;8.144
13925;13943;11.885
13943;13927;9.999
13934;13936;11.803
13927;13944;13.511
13944;13929;9.349
13945;13931;11.217
13937;13945;6.307
13946;13944;6.367
13947;13924;5.186
13948;13942;7.435
13932;13949;15.268
13949;13943;9.554
13950;13938;8.828
13950;13947;7.255
13951;13946;3.962
13939;13951;12.762
13949;13952;3.740
13953;13951;4.566
13950;13954;7.491
13955;13948;6.632
13956;13944;11.035
13953;13957;6.333
13948;13957;12.078
13952;13958;5.297
13959;13953;4.072
13960;13956;4.143
13960;13946;11.429
13961;13960;1.114
13962;13945;19.536
13466;13866;71.508
13952;13963;12.564
13963;13956;7.686
13964;13959;3.674
13957;13964;6.100
13965;13955;7.723
13965;13940;19.286
13964;13966;1.892
13961;13959;12.719
13954;13967;13.928
13963;13968;4.550
13969;13965;5.654
13941;13970;37.099
13968;13971;3.596
13971;13961;9.004
13955;13972;19.622
13973;13947;8.469
13974;13945;23.734
13971;13975;5.098
13975;13968;11.868
13977;13976;2.634
13954;13978;21.607
13974;13978;8.147
13979;13975;5.710
13972;13979;21.275
13950;13980;27.019
13981;13973;4.819
13980;13981;3.057
13982;13972;13.572
13983;13982;3.294
13983;13973;8.110
13970;13984;47.587
13941;13984;47.426
13985;13980;12.025
13978;13985;13.395
13986;13983;0.962
13976;13987;13.716
13988;13987;17.698
13989;13981;4.296
13985;13989;6.068
13990;13979;16.218
13990;13982;20.341
13935;13991;69.894
13991;13990;3.312
13992;13988;14.695
13994;13993;13.571
13995;13989;6.412
13995;13974;27.890
13996;13992;7.346
13997;13990;9.674
13997;13986;7.182
13998;13995;0.722
13999;13996;4.808
13993;13999;2.686
13987;14000;13.369
14001;14000;16.609
13996;14002;3.383
13999;14002;4.592
13987;14003;17.835
14004;13998;3.219
13991;14005;13.023
14005;13997;2.613
13386;14005;0.854
14006;13993;16.850
14006;14007;14.393
14009;14008;19.957
14010;13986;31.735
14011;14004;4.218
14012;13997;39.856
13998;14013;25.470
14006;14014;5.581
14014;14015;5.927
14017;14016;7.998
14019;14003;30.126
13992;14019;15.028
14020;14019;3.133
14002;14020;10.778
14016;14020;8.826
14000;14021;15.711
14003;14021;10.202
14022;14016;3.069
14022;14006;10.847
14023;14011;16.277
14023;14011;7.691
13984;14024;51.180
14024;13387;14.095
14020;14025;5.412
14025;14022;8.831
13396;14021;39.060
13396;14025;4.210
14021;13405;9.572
14026;13404;5.766
13397;14026;29.754
14027;14004;13.275
14027;14009;24.423
14028;13396;6.339
14029;14009;32.930
14030;14029;1.392
14031;13397;3.744
14028;14031;6.610
14032;14027;10.558
14033;14028;12.928
14034;14018;38.232
14035;14033;7.959
14014;14035;23.998
14036;14035;0.542
14032;14037;4.731
14038;14034;5.448
14038;14023;21.109
14038;14032;21.853
14040;14039;3.355
14040;14031;11.207
14041;13489;41.968
14040;14042;3.413
14043;14030;28.180
14044;13387;6.226
14026;14045;21.426
14042;14045;7.362
14046;13467;50.592
14045;14047;7.086
14047;14048;7.223
13404;14049;21.130
14048;14049;6.779
14050;14027;12.420
14029;14050;24.043
14034;13387;90.007
14051;14033;14.894
14052;14045;6.975
14052;14042;10.077
14053;14043;15.180
14054;14051;6.274
14055;14038;18.508
14056;14040;5.649
14049;14057;12.350
14058;14051;6.315
14058;14054;4.758
14048;14059;9.016
14047;14059;9.822
14060;14043;40.633
14061;14038;19.856
14062;14056;7.291
14063;14060;3.713
14059;14064;4.108
14065;14052;9.219
14066;14046;7.827
14065;14067;2.753
14067;14056;1.857
14068;14066;2.340
14069;14068;2.403
14069;14057;13.679
14070;14064;6.509
14071;14058;10.329
14073;14072;5.934
14072;14065;3.010
14064;14074;7.153
14075;14050;11.058
14075;14053;15.104
14071;14076;7.134
14077;14069;2.647
14078;14077;1.660
14057;14078;12.533
14057;14078;18.978
14079;14054;17.213
14059;14080;15.616
14080;14072;0.852
14081;14079;1.393
14082;14071;4.270
14083;14055;17.676
14084;14082;1.304
14079;14084;8.221
14085;14068;9.521
14086;14067;4.906
14078;14087;2.662
14074;14087;8.486
14077;14088;7.087
14087;14089;0.635
14090;14069;8.659
14080;14091;7.188
14092;14074;11.609
14092;14080;3.440
14089;14092;4.716
14086;14082;24.646
14093;14092;1.367
14078;14094;12.924
14094;14089;3.841
14095;14093;3.282
14096;14063;53.917
14090;14097;7.270
14098;14090;5.791
14099;14084;8.831
14100;14095;3.139
14101;14099;9.316
14102;14101;6.035
14103;14100;2.476
14103;14094;7.920
14104;14093;10.439
14105;14096;8.808
14106;14099;4.560
14101;14106;8.013
14103;14107;8.821
14108;14095;10.310
14109;14083;25.545
14083;14109;68.737
14110;14086;8.807
14110;14106;14.485
14111;14110;0.494
14112;14111;1.314
14100;14113;43.789
14113;14110;14.382
14114;14053;97.275
14114;14105;30.449
14115;14061;47.709
14109;14115;28.068
14116;14075;35.742
14116;14114;28.301
14114;14116;30.352
13471;14113;11.990
14117;14044;22.661
13470;14118;5.787
14119;14109;110.522
14121;14120;4.998
14122;14121;5.564
14123;14122;5.011
14124;14121;16.822
14126;14125;2.181
14126;14122;8.085
14124;14127;5.722
14127;14128;1.855
14129;14126;4.574
14128;14129;11.760
14130;14127;3.127
14118;14131;8.905
14132;14129;8.469
14132;14128;9.736
14133;14124;12.994
14134;14133;5.240
14135;14132;3.079
14136;14133;4.061
14134;14136;5.785
14137;14135;4.197
14138;14112;39.915
14139;14135;7.726
14141;14140;26.930
14139;14141;9.404
14142;14141;1.692
14142;14143;6.267
14144;14139;3.952
14136;14144;21.453
14146;14145;11.962
14147;14146;7.191
14147;14142;8.766
14148;14147;2.214
14148;14144;9.462
14149;14146;8.458
14150;14041;81.592
14151;14116;36.056
14152;14148;9.647
14153;13483;4.805
14152;14154;3.241
14155;14117;20.955
14156;14151;10.374
13490;14150;32.102
14158;14157;40.595
14159;14158;3.813
14160;14159;2.838
14161;14156;36.095
14158;14161;11.669
14162;14159;10.902
14154;13503;25.837
14163;14162;2.261
14164;14163;3.245
14165;14161;2.311
14166;14162;8.088
14167;14165;27.009
14168;14165;2.497
14168;14166;2.553
14169;14163;6.892
14170;14168;0.716
14171;14166;9.066
14171;14169;6.923
14172;14170;7.678
14173;14170;2.686
14173;14171;1.860
14174;14169;9.329
14175;14174;11.471
14176;14173;2.622
14177;14172;14.558
14178;14176;0.887
14174;14178;9.898
14176;14179;5.585
14180;14178;2.022
14179;14181;2.947
14180;14179;9.424
14182;14180;1.752
14183;14172;17.415
14181;14183;3.961
14182;14181;19.445
14184;13491;13.223
14185;14184;7.478
14186;14182;4.840
14187;14186;1.657
13502;14187;25.558
14188;14138;68.633
14190;14185;6.648
14192;14190;1.580
14194;14193;29.735
14193;14183;35.993
14185;13505;19.196
14115;14195;86.194
14195;14196;0.980
14131;13473;58.519
13504;14197;16.624
14197;14198;7.711
14198;14199;23.512
14200;14192;42.461
14201;3848;19.153
13414;14187;50.714
14199;13507;16.667
14196;14202;40.098
13506;14203;8.613
14203;13509;5.144
13508;14204;1.922
14202;14205;6.769
14204;14206;6.957
13542;14207;0.617
13533;13472;47.889
14200;13532;26.425
14208;14201;23.695
14210;14209;0.871
14209;14211;7.784
13531;13475;13.905
14212;14208;23.184
14214;14213;1.264
14215;14213;5.576
14216;14215;5.800
14218;14217;5.532
14219;14216;4.701
14219;14218;2.771
14220;14219;2.250
14220;14221;3.244
14222;14220;0.680
14206;14223;35.558
14221;14212;15.976
14213;14224;12.301
14224;14222;1.358
14205;14225;25.214
14227;14226;10.793
14226;14224;2.157
14228;14222;8.704
14229;14228;6.578
14231;14230;5.618
14230;14226;6.368
14232;14230;4.415
14233;14232;1.585
14234;14232;4.239
14234;14226;3.749
14235;14228;10.095
14237;14236;4.817
14237;14235;2.852
14223;13511;7.588
14239;14238;6.176
14239;14234;3.298
14240;13415;53.742
14211;14241;18.414
14242;14239;1.093
13432;14242;0.592
14243;14235;16.341
14242;14237;40.571
14244;13530;39.112
14245;13433;6.401
14246;14240;8.863
14247;14246;1.716
14248;13441;1.600
13492;14244;5.832
14249;14247;3.740
14250;14210;83.335
14251;14250;2.213
13510;13513;33.380
14253;14252;3.920
14252;14254;0.966
14255;13493;13.380
14254;14256;15.712
13512;14257;7.524
14259;14258;4.611
14256;14258;5.521
14254;14260;13.473
14261;14260;6.235
14258;14262;2.495
14241;13463;24.985
14257;14263;8.002
14256;14264;9.880
14264;14265;3.245
14263;14266;4.781
14262;14267;7.472
14264;14267;2.621
14262;14268;4.516
14269;14268;2.464
14266;14269;8.180
14268;14270;9.433
14267;14270;2.435
14260;14271;7.749
14270;14272;7.030
14272;14271;6.562
14273;14270;7.755
14274;14272;5.021
14271;14275;10.497
14276;14275;18.938
14275;14277;1.759
14278;14274;3.993
14277;14279;2.671
14280;14251;11.181
14274;14281;4.989
14278;14281;6.564
14281;14282;11.943
14283;14278;5.452
13462;14284;3.453
14285;14279;5.652
14286;14266;17.152
14287;14286;7.969
14287;14269;15.159
14282;14287;4.414
14288;14283;2.236
14288;14277;5.965
14286;14289;4.075
14281;14290;5.800
14290;14291;2.388
14292;14283;9.359
14225;14293;36.198
14284;14294;3.568
14282;14295;12.426
14296;14295;6.289
14296;14290;5.723
14294;14297;3.119
14298;14288;9.880
14299;14287;13.791
14295;14299;1.639
14300;14285;15.824
14300;14155;118.476
14297;14301;6.190
14302;14298;3.484
14303;14302;9.550
14293;14304;1.264
14301;14297;8.370
14305;14296;5.334
14305;14298;9.369
14306;14301;5.673
14306;14307;3.120
14308;14307;0.820
14309;14302;5.406
14310;14299;7.908
14310;14305;8.287
14312;14311;2.511
14294;14311;4.462
14311;14306;12.013
14312;14313;2.236
14307;14314;6.309
14315;14312;15.464
13494;14255;15.865
14314;14316;3.817
14317;14311;10.991
14314;14317;10.251
14318;14316;5.099
14319;14310;12.025
14304;14320;5.205
14311;14321;5.020
14321;14315;14.697
14317;14322;6.982
14316;14322;11.880
14323;14321;17.837
14322;14323;8.215
14324;14280;12.562
14325;14324;0.533
14321;14326;5.546
14328;14327;20.623
14323;14326;22.628
14326;14329;1.547
14330;14322;29.352
14331;14325;4.634
14331;14328;8.619
14332;14331;2.372
14334;14333;1.513
13474;14335;56.842
14333;13393;1.016
14336;14332;1.332
14336;14337;3.952
14325;14338;26.213
14332;14338;7.336
14339;14336;2.836
13392;14340;2.870
14341;14339;0.950
14342;14328;32.674
14340;14342;2.541
14343;14341;0.819
14343;14344;11.744
14342;14344;2.164
14345;14343;2.982
14338;14346;6.000
14339;14346;11.759
14347;14341;4.139
14348;14344;5.914
14348;14340;5.079
14349;14339;10.231
14350;13407;4.219
14352;14351;19.171
14353;14351;8.971
14354;14349;7.934
14354;14349;1.894
14355;14350;9.378
14355;14356;7.322
14346;14357;7.227
14358;14300;13.105
14357;14354;6.583
14351;14359;3.942
14360;14355;2.041
14361;14345;13.092
14363;14362;3.544
14360;14363;2.527
14364;14361;6.264
14365;14348;12.601
14365;14366;3.805
14366;14364;5.662
14367;14365;3.237
14368;14304;19.096
14320;14369;13.322
14370;14345;18.915
14370;14361;7.915
14363;14371;2.483
14372;14368;0.942
14371;14373;3.596
14374;14249;45.427
14375;14364;6.425
14366;14375;3.669
14375;14376;1.516
14377;13406;9.678
14378;14370;6.587
14379;14367;6.488
14380;14360;5.553
14381;14372;8.869
14382;14381;20.327
14359;14383;19.781
14383;14380;2.766
14384;14380;1.384
14371;14385;7.101
14387;14379;4.241
14388;14372;7.952
14388;14381;6.919
14389;14385;4.115
14390;14367;15.642
14391;14374;1.729
14392;14387;1.802
14393;14381;4.206
14393;14394;1.035
14385;14395;8.908
14395;14384;5.305
14396;14384;6.730
14383;14396;5.836
14397;14388;3.796
14394;14397;8.755
14398;14390;7.880
14399;14379;8.154
14399;14390;8.985
14400;14395;3.367
14401;14399;1.830
14402;14398;4.734
14387;14401;13.801
14403;14393;5.086
14404;14403;1.621
14396;14405;4.746
14406;14396;4.260
14394;14407;6.269
14407;14404;5.096
14369;14408;4.036
14409;14398;5.070
14410;14400;4.597
14400;14406;16.587
14411;14397;8.053
14412;14401;9.818
14413;14411;2.023
14407;14413;7.494
14414;14404;7.995
14413;14414;8.318
14414;14415;5.248
14415;14403;9.872
14416;14414;2.740
14416;14415;6.257
14408;14417;3.449
14418;14413;8.271
14418;14416;7.880
13545;13495;27.889
14419;14415;11.117
14420;14418;8.026
14420;14419;16.826
14422;14421;6.489
14421;14423;4.694
14423;14420;22.316
14424;14421;3.847
14424;14423;4.606
14425;14391;10.310
14417;14426;6.542
14427;14424;3.995
14428;14427;3.231
14429;14427;1.177
14430;14358;14.903
14431;13541;8.621
14426;14432;5.311
13496;14431;5.427
14433;13543;9.450
14335;14434;29.495
14435;14425;8.808
13440;14436;70.980
14437;14430;6.933
14438;13514;103.844
14439;13497;10.807
14432;14440;8.891
13498;14439;0.620
14436;14441;8.915
14443;14442;19.243
14444;13499;7.283
14442;14445;39.892
14446;3;3.664
14445;14447;28.353
14448;14444;4.281
14449;14445;8.424
14450;14443;20.022
14449;14450;4.979
14441;14451;4.644
14452;14450;3.752
14453;14452;2.033
14453;14449;4.405
14445;14454;25.078
14455;14454;6.656
14329;14456;45.995
14457;14443;23.810
14458;14454;9.766
14448;14458;13.748
14459;14457;12.018
14452;14459;14.209
14460;14458;22.253
14461;14453;13.884
14463;14462;4.150
14464;14458;7.016
14465;14459;6.986
14462;14465;3.061
14466;14462;3.716
14461;14466;6.935
14467;14461;4.079
14468;14466;4.823
14469;14464;4.540
14470;14468;4.643
14470;14467;3.665
14471;14465;6.221
14468;14471;9.543
14472;14470;4.163
14472;14467;12.974
14473;14472;2.316
14458;14473;10.724
14473;14474;1.707
14475;14469;9.834
14476;14457;19.843
14464;14477;16.188
14476;14478;5.573
14471;14478;8.941
14451;14479;13.090
14474;14480;3.570
14481;14473;12.039
14477;14481;3.676
14482;14479;19.383
14484;14483;9.979
14485;14475;10.289
14487;14486;4.431
14486;14476;36.617
14483;14485;8.526
14478;14488;5.470
14489;14488;10.809
14490;14487;4.594
14486;14490;2.045
14491;14489;6.479
14474;14491;3.420
14492;14477;12.244
14492;14469;14.723
14475;14492;10.654
14476;14493;7.397
14488;14493;2.959
14480;14494;7.253
14480;14494;6.784
14479;13443;2.341
14495;14485;6.365
14483;14495;5.629
14494;14496;1.436
13434;14437;17.334
14497;14496;4.534
14481;14497;9.195
14489;14498;8.137
14491;14498;2.015
14500;14499;6.234
14493;14499;9.908
14501;14433;28.736
14502;14495;7.063
14504;14503;13.353
13442;14503;2.450
14505;14501;0.307
14507;14506;2.260
14508;14492;11.865
14507;14508;6.163
14509;14507;6.945
14509;14502;4.164
14490;14510;32.337
14499;14510;6.664
14511;14488;15.963
14498;14511;5.890
14503;14512;2.427
14508;14513;10.770
14512;14514;7.557
14515;14508;5.384
14516;14515;2.596
14496;14517;15.463
14497;14518;14.247
14518;14517;4.408
14519;14516;3.681
14519;14509;6.737
14520;14497;17.285
14513;14520;2.373
14515;14521;3.347
14503;14522;15.471
14523;14511;3.850
14524;14523;17.970
14525;14522;4.257
14525;14526;2.997
14527;14513;4.057
14521;14527;6.530
14518;14528;2.952
14510;14529;5.201
14511;14529;4.676
14530;14528;3.748
14531;14520;3.148
14527;14531;1.790
14517;14532;5.468
14532;14530;3.949
14533;14503;14.057
14529;14534;1.391
14528;14535;2.091
14520;14535;19.840
14536;14533;4.986
14523;14537;3.898
14537;14532;10.799
14538;14519;14.343
14539;14538;7.608
14539;14502;25.798
14521;14540;5.593
14541;14540;1.759
14542;14541;7.549
14542;14516;9.281
14531;14543;3.955
14529;14544;10.879
14544;14537;4.309
14545;14533;3.294
14546;14525;11.113
14547;14546;3.924
14540;14548;5.520
14548;14543;5.373
14534;14549;1.829
14550;14522;7.929
14551;14546;3.069
14552;14536;6.436
14552;14550;1.583
14553;14538;4.044
14553;14539;5.325
14538;14542;15.667
14554;14550;2.295
14546;14554;8.022
14555;14553;1.835
13394;14555;4.597
14543;14556;4.643
14557;14537;6.319
14530;14557;13.363
14556;14558;3.592
14559;14544;10.492
14560;14534;7.529
14560;14559;1.513
14556;14561;1.449
14562;14536;6.801
14562;14552;5.269
14563;13395;4.565
14549;14560;9.243
14564;14555;3.047
14434;14565;31.867
14535;14566;11.526
14565;14567;0.211
14549;14568;3.566
14569;14554;6.335
14561;14570;7.617
14562;14571;6.429
14535;14572;14.431
14570;14572;4.854
14573;14557;9.015
14566;14573;5.491
14574;14566;7.144
14572;14574;8.656
14575;14559;9.002
14575;14576;3.735
14574;14573;7.224
14577;14575;3.858
14578;14575;3.400
14579;14578;2.488
14578;14580;4.626
14512;13445;11.247
14579;14581;7.564
14573;14581;9.393
14582;14580;5.841
14581;14583;4.285
14584;14580;8.282
14584;14579;11.971
14585;14574;13.003
14586;14570;22.394
14587;14584;1.989
14583;14587;4.278
14588;13444;0.343
14589;13435;8.695
14590;14568;5.811
14591;14564;26.579
14592;14583;8.152
14585;14592;10.248
14593;14590;1.506
14595;14568;28.481
14584;14595;13.533
14596;14585;7.772
14598;14592;8.681
14598;14599;3.983
14599;14596;6.571
14600;14598;1.733
14602;14601;3.606
14602;14600;1.994
14603;14587;21.525
14603;14602;6.059
14604;14599;12.442
14604;14591;33.955
14567;13477;10.264
14605;14435;37.215
14606;14603;11.497
14606;14600;14.616
14606;14604;13.977
14607;14597;6.442
14608;14593;9.369
14609;14607;1.208
13416;14605;6.803
14610;14588;20.788
14611;14610;0.484
14612;14606;15.552
14613;14611;2.673
14614;14603;31.095
13476;14615;6.488
14616;14615;3.505
14617;14615;1.609
14616;14617;3.433
14618;14617;0.610
14619;14618;19.508
14621;14620;6.542
14622;14616;46.111
14619;14623;5.278
14625;14619;12.122
14626;14622;6.066
14623;14627;6.680
14625;14627;6.619
14627;14628;1.534
14629;14618;6.132
14628;14630;4.914
14631;14629;7.827
14631;14623;17.195
14630;14631;4.287
14628;14632;4.677
14633;14626;11.571
14630;14634;3.654
14635;14625;20.656
14632;14636;10.830
14635;14636;1.765
14637;14629;4.726
13418;13417;27.554
14638;14632;9.868
14636;14638;5.857
14639;14635;9.534
14640;14637;3.474
14640;14631;17.077
13515;14613;22.661
14641;14639;8.954
14642;14638;10.739
14639;14642;9.430
14643;13516;0.601
14633;14644;22.487
14641;14645;4.464
14646;14641;3.152
14644;14646;2.049
14647;14640;5.521
14642;14647;4.236
14648;14645;2.557
14649;14642;5.543
14645;14649;6.254
14644;14650;7.511
14651;14647;4.012
14651;14649;5.058
14652;14505;36.348
14653;14651;1.366
14653;14646;11.877
14654;14650;11.601
14655;14654;4.592
14650;14655;10.429
14650;14655;16.248
14656;14653;4.278
14654;14656;2.127
14657;14655;10.787
14658;14656;3.170
14657;14659;7.626
14660;14658;1.141
14659;14660;4.282
14661;14659;3.388
14662;14637;53.620
14662;14663;6.061
14663;14658;4.911
14664;14633;55.250
14665;14657;11.859
14664;14665;8.954
14666;14660;3.959
14667;14643;15.055
14668;14666;1.880
14669;14662;15.912
14669;14663;13.488
14670;14665;8.466
14671;14668;1.265
14670;14671;2.101
14672;14666;5.641
14668;14672;4.642
14673;14672;4.512
14673;14671;5.999
14674;14664;18.912
14675;14669;12.788
14675;14673;3.849
14677;14676;3.366
14678;14670;4.698
14678;14674;8.842
14676;14679;4.977
14680;14678;4.490
14589;14681;52.836
14681;14682;0.345
14680;14683;2.749
14684;14675;10.954
14680;14684;6.320
14676;14685;7.076
14686;14678;3.707
14685;14687;2.192
14688;14609;32.948
14689;13419;47.907
14690;14689;4.111
14690;14689;24.885
14691;14690;4.462
14685;14691;9.192
14692;14691;2.344
14687;14692;5.123
14693;14692;1.282
14694;14693;2.760
14687;14694;16.550
14695;14694;1.374
14696;14695;17.252
14697;14684;12.355
14686;14697;8.610
14698;14695;2.768
14699;14698;0.107
14700;14699;7.095
14698;14695;11.303
14701;14693;5.185
14702;14701;7.317
14702;14694;8.024
14703;14697;25.909
14703;14686;9.629
14703;14674;34.716
14704;14700;14.802
14705;14701;9.060
14456;14706;66.869
14707;14705;10.315
14707;14702;7.023
14708;14688;5.158
13478;14703;3.960
14709;14705;6.814
14710;14589;37.073
14711;13479;0.608
14712;14588;45.140
14440;14713;79.747
14709;14714;16.968
14714;14707;20.469
14715;14667;71.908
14716;14715;0.648
14717;14712;3.442
14709;14718;4.121
14719;14716;0.698
14718;14720;0.250
14706;13465;6.643
14713;14721;3.935
13517;14719;7.551
14722;14711;7.073
14721;13520;1.258
14723;14700;32.015
13519;14724;0.403
14724;13518;7.602
13464;14725;3.551
7;14446;0.880
13420;14723;12.799
14726;14725;2.077
14682;14727;44.182
14728;13421;10.965
14729;14728;0.740
14725;14729;23.053
14730;14724;8.419
14727;13469;9.298
13468;14731;7.822
14730;14732;11.574
14733;14608;91.597
14735;14734;12.210
14734;14736;8.176
14732;14736;1.387
14732;14737;2.189
14737;14738;2.624
14737;14739;6.363
14739;14740;5.650
14741;14731;1.868
14741;14735;11.731
14736;14742;7.013
14743;14741;1.315
14742;14744;6.608
14744;14735;9.886
14742;14745;8.777
14738;14745;4.304
14745;14746;4.924
14746;14738;7.264
14746;14747;3.200
14739;14747;8.597
14745;14748;3.047
14749;14743;1.896
14750;14749;4.176
14745;14751;7.237
14752;14748;6.730
14753;14749;1.387
14744;14753;13.149
14744;14754;8.853
14742;14754;8.795
14747;14755;8.504
14756;14755;2.252
14720;13455;20.731
14754;14757;4.150
14758;14753;2.023
14759;14743;15.570
14758;14759;1.997
14759;14760;3.339
14757;14761;5.462
14756;14762;6.724
14763;14758;5.414
14763;14758;9.686
14764;14756;14.724
14765;14763;5.713
14757;14765;11.414
14748;14766;19.151
14755;14766;12.886
14766;14767;2.113
14765;14768;2.343
14770;14769;14.077
14772;14771;10.520
14773;14772;3.157
14774;14761;21.257
14767;14774;8.838
14775;14767;9.484
14777;14776;14.716
14772;14777;7.452
14761;14778;19.884
14774;14778;7.596
14780;14779;15.810
14779;14781;11.545
14782;14774;5.981
14775;14782;5.535
14783;14765;16.340
14778;14783;1.596
14784;14781;9.276
14785;14779;1.420
14785;14780;15.182
14786;14717;26.933
14787;14775;5.617
14770;14788;6.405
14777;14788;5.684
14789;14782;4.530
14787;14789;3.783
14788;14790;1.744
14788;14770;21.045
14791;14772;14.985
14792;14786;1.465
14793;14784;9.416
14794;14783;9.338
14789;14794;8.125
14795;14788;8.504
14795;14791;1.293
14796;14784;8.557
14793;14796;6.683
14797;14785;12.660
14797;14796;3.172
13500;14792;3.735
14798;14793;6.415
14800;14799;8.883
14801;14798;3.195
14790;14801;11.467
14768;14802;7.971
14803;14780;22.696
14804;14708;35.207
14805;14801;5.600
14790;14805;10.861
14802;14806;0.583
14808;14807;9.579
14803;14808;2.987
14809;14794;9.904
14810;14798;3.687
14805;14810;7.636
14811;14803;3.230
14812;14805;5.049
14809;14813;13.052
14813;14787;15.486
14814;14797;11.765
14810;14814;5.451
14800;14815;6.363
14816;14811;3.007
14799;14817;6.912
14814;14818;4.251
14818;14816;6.737
14815;14819;2.509
14820;14817;1.175
14821;14811;3.639
14819;14822;0.867
14799;14823;6.708
14817;14823;6.418
14824;14816;3.129
14825;14818;2.576
14826;14808;6.826
14825;14827;4.043
14810;14827;7.719
14824;14828;2.008
14829;14809;10.335
14829;14813;6.857
14828;14830;4.444
14831;14805;10.616
14833;14832;1.533
14815;14834;9.063
14834;14823;7.048
14832;14834;8.513
14827;14835;10.974
14835;14836;1.272
14838;14837;0.933
14839;14813;16.581
14840;14838;1.499
14840;14829;9.883
14841;14832;3.557
14822;14842;10.106
14843;14829;7.913
14844;14842;3.289
14845;14824;13.235
14845;14825;9.906
14834;14846;5.020
14842;14847;6.389
14846;14847;1.898
14848;14843;4.009
14839;14848;10.315
14849;14828;14.983
14849;14845;2.639
14850;14848;0.904
14851;14840;11.573
14851;14843;4.542
14848;14851;3.709
14844;14852;3.691
14853;14839;8.170
14847;14854;3.752
14855;14844;14.783
14856;14852;3.385
14854;14857;1.760
14858;14846;7.214
14852;14859;4.177
14854;14859;4.911
14860;13501;22.786
14860;14855;4.849
14861;14860;4.330
14861;14855;9.509
14859;14861;2.600
14862;14859;3.376
14863;14849;3.382
14864;14862;5.609
14861;14865;3.565
14866;14862;3.990
14867;14866;1.079
14868;14867;3.227
14865;14869;5.819
14865;14866;18.860
14870;14722;42.431
14871;14867;8.274
14806;14872;17.554
13454;14873;40.709
14874;14652;75.463
14872;13481;15.497
13480;14875;9.970
14726;13422;46.532
14876;14710;52.938
13424;13423;7.264
14875;14877;16.465
14769;14878;84.395
14879;13425;4.109
14881;14792;43.972
14882;14879;1.987
14883;14874;20.499
14884;14804;40.216
14885;14882;1.672
14885;14886;14.731
14887;14886;2.394
14886;14888;5.261
14888;14889;11.692
14888;14889;4.584
14889;14890;4.804
14892;14891;3.525
14893;14889;8.947
14895;14894;13.290
14896;14891;6.699
14896;14890;4.992
14895;14897;4.533
14890;14898;8.435
14899;14895;4.750
14891;14899;8.041
14900;14896;4.218
14898;14900;4.132
14901;14897;5.832
14902;14899;4.037
14897;14903;9.026
14904;14902;7.227
14904;14900;4.374
14902;14905;3.113
14906;14902;4.673
14906;14904;2.373
14907;14903;4.000
14907;14905;5.945
14908;14906;1.162
14909;14900;7.025
14905;14910;4.274
14910;14908;2.460
14912;14911;1.696
14912;14885;17.928
14908;14913;3.419
14913;14909;5.882
14914;14903;12.543
14915;14907;6.374
14915;14910;3.674
14916;14914;2.985
14917;14915;4.077
14913;14917;7.489
14916;14914;7.315
14918;14916;3.199
14918;14915;4.555
14919;14918;4.423
14919;14917;2.907
14920;14898;21.236
14921;14920;4.741
14922;14919;11.924
14922;14909;11.101
14920;14922;11.699
14923;14921;8.774
14924;14923;2.190
14924;14912;4.536
14924;14925;6.970
14927;14926;5.690
14928;14927;2.604
14928;14918;10.296
14926;14929;4.589
14930;14919;5.368
14931;14927;2.073
14931;14928;2.563
14922;14932;4.558
14926;14933;4.018
14934;14924;10.500
14935;14924;3.581
14936;14935;2.303
14936;14934;7.200
14937;14876;20.542
14938;14881;20.149
14939;14924;8.162
14940;14939;1.357
14941;14934;7.720
14939;14941;9.821
14942;14940;0.340
14943;14931;17.004
14878;14942;42.526
14941;14944;5.347
14945;14941;5.906
14940;14945;7.617
14946;14936;12.805
14947;14937;2.461
14873;14948;48.665
14949;14945;6.947
14950;14947;0.508
14945;14951;11.320
14952;14935;9.190
14953;14950;8.663
14877;14954;61.875
14955;14953;1.038
14954;14956;3.488
14957;14884;36.115
14958;14952;12.519
14956;14959;15.402
13436;14955;10.055
14959;14960;4.160
14948;13457;25.751
14955;14961;16.971
14961;14962;1.140
14960;14963;7.661
14962;14964;5.767
14963;14965;2.963
14964;14966;16.562
14962;14966;30.642
14965;14967;5.627
14967;14966;1.171
14968;14958;10.510
14966;14969;1.982
14964;14970;21.363
14969;14970;1.366
13456;13459;5.838
14971;14967;19.310
14972;14870;108.943
14621;14969;14.440
14970;14973;1.929
14974;14971;0.518
14971;14621;5.940
14973;13391;0.332
14153;13437;10.028
14975;14153;9.255
2;14975;7.395
14976;2;4.975
14207;14977;2.124
14977;7;3.161
13458;14978;1.761
14979;14207;6.439
14979;14973;8.016
14980;14978;0.319
14981;3;9.136
14982;14981;5.061
14446;14982;6.618
14984;14983;3.292
14977;14984;5.233
14985;14979;3.779
14986;14968;6.546
14987;14981;4.710
14988;14982;2.753
14988;7;8.881
14982;14989;3.375
13482;13485;10.656
14985;14990;5.674
14991;14988;3.657
14992;14980;2.987
13484;14972;15.801
14993;14991;1.140
14984;14993;8.658
14992;14980;20.762
14994;14992;1.305
14995;14994;27.473
14996;14985;10.159
14997;14984;13.452
14997;14996;4.198
14998;14994;1.483
14998;14999;7.989
15000;14993;9.449
15001;15000;2.515
15002;14991;15.572
13438;14153;6.039
15003;14997;9.511
15005;15004;6.336
15006;14998;2.852
15004;15006;12.580
15007;15000;9.404
15007;15003;3.204
15008;15006;5.924
15009;15004;3.078
15010;15008;7.623
15011;14883;68.688
15012;15008;9.787
15013;15012;8.404
15014;15006;4.127
15014;15015;4.004
15016;15012;6.860
15018;15017;7.108
15019;15014;3.549
15017;15020;2.338
15021;15016;7.115
15021;15019;11.539
15022;15018;7.601
15017;15022;7.978
15023;15016;11.377
15024;15023;3.297
15024;15021;12.352
15020;15025;14.039
15026;15024;21.302
15027;15020;11.759
15022;15027;14.667
15027;15028;6.555
15025;15029;6.096
15028;15029;4.174
15025;15030;6.218
15029;15030;6.896
15032;15031;19.598
15032;15030;5.441
15033;15028;7.578
15034;15032;2.722
15035;14938;62.228
15019;15036;7.582
13446;15035;3.323
15038;15037;6.752
15039;15038;3.043
15040;13447;3.193
15041;14986;35.913
15042;15039;10.535
15044;15043;22.044
15036;15045;9.007
15046;15011;23.188
15037;15041;22.967
15043;15047;9.349
15047;15043;33.257
15048;13439;21.767
15049;15042;31.283
15050;15049;8.315
15051;14957;53.749
15052;15040;12.412
15053;15052;0.147
15055;15054;20.147
15054;15056;9.482
15047;15056;15.997
15057;15050;17.177
15054;15058;5.544
15059;15058;3.548
15056;15060;7.267
15061;15053;4.576
15058;15062;6.060
15063;15062;3.582
15065;15064;3.765
15066;15065;16.225
15062;15067;3.346
15060;15067;10.434
15065;15068;1.921
15069;15068;1.453
15069;15065;4.211
15070;15067;6.477
15071;15070;6.351
15051;15072;9.785
15074;15073;21.108
15074;15071;0.706
15072;15075;3.570
15075;15074;1.017
15070;15076;6.758
15067;15076;6.581
15077;15053;48.336
15078;15077;5.526
15079;15071;1.462
15080;15075;4.449
15081;15069;11.895
15068;15082;15.514
15083;15046;12.872
15082;15083;1.526
15084;15057;41.081
15085;15079;11.938
15076;15085;4.980
15086;15077;6.488
15087;15082;7.462
15088;15081;2.833
15089;15072;30.051
15090;15087;12.581
15088;15090;4.637
15091;15086;5.874
15092;15086;6.735
15092;15093;15.441
15095;15094;2.682
15096;15079;4.648
15096;15085;8.083
15097;15060;25.635
15094;15097;7.666
15098;15092;1.824
15099;15087;9.088
15090;15099;7.956
15100;15088;7.373
15101;15091;7.260
15102;15095;12.850
15085;15103;10.748
15097;15103;5.935
15105;15104;6.989
15098;15091;10.180
15105;15106;4.161
15107;15088;11.875
15106;15107;1.046
15108;15105;7.058
15103;15109;5.786
11718;15084;30.766
15110;15092;6.318
15111;15096;6.624
15109;15111;1.220
15112;15110;10.070
15113;15110;1.652
15114;15106;4.377
15115;15114;2.038
15116;15113;4.392
15117;15061;8.151
15101;15117;9.246
15118;15083;5.957
15099;15118;9.358
15119;15107;3.938
15114;15119;3.105
15120;15113;1.425
15096;15121;10.209
15122;15100;6.677
15119;15122;6.220
15124;15123;7.397
15125;15101;7.469
15126;15125;2.679
15128;15127;2.512
15128;15124;6.111
15129;15100;8.422
15129;15122;7.144
15130;15128;3.737
15132;15131;13.313
15121;15132;3.251
15094;15133;11.236
15134;15119;4.143
15114;15134;4.654
15135;15124;2.874
15135;15136;2.045
15137;15117;1.853
15125;15137;8.927
15138;15121;6.555
15111;15138;9.337
15109;15139;8.390
15139;15097;16.308
15140;15129;2.846
15142;15141;5.496
13400;15142;3.624
15133;15143;2.671
15144;15134;8.212
15145;15144;5.373
15146;15143;1.776
15146;15133;2.383
15143;15147;2.070
15148;15118;2.569
15148;15129;10.924
15149;15123;6.702
15150;15139;1.497
15151;15134;2.914
15152;15125;4.730
15147;15150;6.112
15140;15153;4.653
15154;15098;13.692
15123;15149;30.086
15155;15152;2.538
15155;15154;6.345
15156;15137;2.740
15152;15156;5.073
15132;15157;17.420
15158;15135;5.437
15149;15158;8.215
15159;15120;9.720
15142;15159;8.159
15160;15089;29.757
15157;15160;1.882
15161;15147;5.780
15162;15156;2.496
15162;15155;2.989
15163;15156;3.851
15164;15120;12.032
15159;15164;3.681
15165;15150;7.430
15165;15161;4.742
15166;15151;8.072
15167;15149;8.047
15168;15162;0.994
15158;15169;8.282
15170;15151;10.367
15170;15144;9.331
15171;15146;11.738
15150;15172;17.479
15173;15161;4.777
15171;15173;4.537
15138;15174;13.091
15172;15174;3.394
15175;15157;11.559
15132;15175;15.152
15164;15176;7.239
15176;15164;4.487
15174;15175;7.464
15177;15160;12.233
15175;15177;2.645
15178;15168;1.453
15178;15154;11.869
15179;15176;4.354
15180;15140;15.087
15181;15166;7.250
15181;15170;8.243
15180;15166;12.426
13401;15182;17.910
15130;13401;7.338
15182;15130;21.032
15169;15182;12.888
15183;15178;0.829
15183;15179;3.544
15184;15165;8.687
15184;15173;7.288
15185;15180;2.375
15186;15168;9.638
15185;15181;12.815
15187;15148;8.053
15187;15185;4.409
15188;15169;11.751
15189;15187;0.374
15190;15159;18.353
15182;15190;9.765
15186;15191;10.654
15192;15190;2.258
15193;15176;12.187
15194;15179;10.493
15193;15194;2.904
15192;15193;6.295
15194;15195;2.929
15196;15186;9.195
15196;15183;3.249
15195;15196;3.168
15197;15171;19.214
15198;15193;4.757
15196;15199;9.196
15200;15184;13.268
15200;15172;30.213
15201;15189;3.330
15177;15202;24.127
15203;15196;6.942
15203;15195;20.925
15204;15200;20.929
15205;15203;5.069
15205;15192;34.471
15206;15205;2.224
15045;15207;36.721
15208;15206;1.145
15209;15048;29.716
15210;15208;1.044
15207;15211;2.207
15212;15210;5.289
15211;13461;6.745
13460;15213;6.538
15215;15214;5.650
15215;15216;4.972
15217;15215;1.390
15217;15218;2.809
15218;15219;5.803
15220;15217;3.436
15221;15218;2.852
15222;15212;10.979
15223;15220;6.475
15213;15223;3.333
15224;15220;2.222
15224;15225;5.670
15223;15226;1.067
15227;15224;1.588
15227;15226;0.903
15229;15228;5.416
15226;15230;7.909
15230;15229;2.382
15231;15227;1.293
15231;15232;4.883
15232;15226;10.835
15230;15233;5.774
15234;15201;32.699
15235;15232;9.745
15235;15236;3.967
15236;15237;2.071
15238;15235;2.629
15239;15238;11.067
15240;15231;20.300
15237;15240;6.451
15240;15241;1.384
15242;15238;2.522
15240;15243;2.631
15229;15244;25.676
15244;15245;9.247
15246;15237;5.246
15246;15247;1.779
15248;15236;7.552
15248;15242;3.374
15247;15248;4.293
15243;15249;6.870
15243;15250;4.035
15250;15246;2.893
15251;15242;7.204
15252;15248;1.747
15247;15252;6.611
15253;15251;14.694
15244;15253;7.220
15254;15250;9.415
15255;15252;6.731
15255;15256;1.337
15251;15256;8.386
15252;15255;10.355
15256;15257;11.550
15258;15222;13.469
15259;15234;13.334
15260;15259;1.897
15261;15260;2.119
15262;15261;5.303
15263;15261;6.068
15259;15264;41.559
15265;15258;11.613
15266;15263;3.942
15266;15263;16.344
15267;15266;2.652
15264;15267;14.198
15268;15267;1.750
15268;15269;12.180
15270;15268;0.725
15271;15270;1.511
15272;15271;4.076
15273;15270;3.334
15274;15271;11.411
15273;15274;2.895
15275;15273;1.316
15276;15275;12.033
15274;15277;5.002
15278;15275;1.637
15279;15274;8.132
15279;15278;2.304
15280;15278;3.888
15281;15279;12.038
15280;15281;19.491
15282;15280;1.558
15283;15281;10.637
15284;15283;10.384
15285;15283;13.328
15286;15282;5.824
15287;15265;19.898
15288;15209;63.731
13448;15287;21.805
13449;15289;12.565
15290;15288;16.173
4069;15290;0.874
15289;15291;5.296
15293;15292;7.415
15295;15294;23.227
15294;15293;42.497
15296;15294;2.267
15297;15296;15.770
15299;15298;3.509
15300;15298;2.803
15301;15296;11.832
15298;15301;6.517
15302;15301;6.177
15304;15303;10.044
15305;15302;9.659
15303;15305;3.152
15306;15302;5.475
15307;15305;7.383
15307;15303;8.831
15306;15308;15.117
15309;15306;6.954
15310;15309;3.494
15311;15307;4.947
15311;15312;3.281
15313;15309;7.179
15312;15313;7.166
15314;15312;6.155
15315;15313;11.279
15316;15311;14.194
15318;15317;2.415
15317;15315;4.732
15319;15291;29.530
15320;15313;9.159
15320;15316;8.670
15321;15315;6.335
15321;15320;6.486
15322;15317;4.551
15323;15321;1.781
15323;15324;2.353
15325;15323;5.286
15324;15326;15.694
15327;15325;5.358
15328;15324;9.962
15329;15325;10.466
15329;15320;15.636
15329;15316;20.948
15319;13450;9.101
15330;15328;8.158
15331;15328;7.937
15332;13451;5.824
15333;15332;23.382
4068;15334;21.578
15336;15335;3.775
15334;15286;104.358
15338;15337;4.402
15338;15339;6.660
15335;15339;5.187
15340;15338;3.561
15341;15335;7.523
15342;15341;2.726
15344;15343;6.819
15343;15340;6.390
15346;15345;0.723
15339;15343;14.273
15348;15347;14.562
15349;15348;0.965
15349;15343;3.791
15350;15349;6.177
15341;15350;6.876
15351;15350;2.107
15352;15351;0.686
15347;15353;7.353
15345;15354;8.913
15353;15355;9.457
15356;15329;78.264
15354;15356;0.272
15355;15333;51.532
13452;15346;15.417
15358;15357;0.743
15359;15329;57.862
15356;15359;14.754
15357;15360;17.551
15361;15352;10.460
15360;15362;2.176
15363;13453;7.285
15364;15361;0.566
15359;15364;31.016
15365;15358;30.079
15362;15363;22.518
15366;15365;31.601
1297;15366;1.145
15351;15367;22.945
15367;13522;2.759
13521;15368;1.197
15368;15369;6.684
15371;15370;3.989
15372;15371;7.940
15374;15373;5.880
15369;15374;4.126
15370;15375;10.125
15377;15376;9.373
15377;15372;6.259
15371;15378;10.975
15375;15378;3.998
15379;15377;2.065
15380;15372;9.845
15378;15380;2.574
15375;15381;6.981
15382;15379;2.410
15383;15380;3.472
15384;15382;10.040
15385;15379;4.800
15380;15385;10.238
15386;15383;4.930
15387;15383;5.994
15388;15387;6.234
15388;15374;21.131
15389;15382;9.584
15389;15385;5.713
15391;15390;4.155
15391;15389;6.245
15392;15387;6.852
15388;15392;7.910
15393;15389;6.719
15394;15389;4.852
15394;15393;3.079
15376;15395;42.462
15392;15396;3.077
15395;15397;4.382
15397;15391;8.291
15398;15393;5.284
15396;15398;8.125
15399;15394;6.111
15398;15399;4.613
15397;15400;8.299
15400;15401;4.969
15399;15401;1.932
15401;15402;2.622
15403;15397;8.446
15403;15400;5.026
15396;15404;11.179
15403;15405;4.232
15405;15402;5.528
15405;15406;2.378
15407;15399;11.998
15404;15407;8.446
15402;15408;8.884
15409;15407;10.949
15404;15409;15.973
15409;15410;6.336
15412;15411;9.471
15410;15413;2.956
15413;15412;3.676
15413;15414;6.347
15415;15413;7.334
15416;15409;17.392
15416;15410;14.440
15417;15416;16.629
15419;15418;1.646
15421;15420;1.322
15423;15422;0.575
15425;15424;1.542
15427;15426;0.841
15429;15428;41.469
15430;15429;10.437
15429;15430;22.560
15428;15431;79.555
15432;15431;9.671
15432;15433;28.067
15429;15433;33.933
15434;15432;27.585
15433;15434;16.121
15418;1253;11.930
15434;15435;86.973
15436;15419;57.240
15435;15436;0.658
15420;15436;2.327
15438;15437;5.338
15439;15421;2.964
15440;15438;7.976
15439;15441;6.205
15441;15442;2.807
15442;15443;2.707
15443;15440;13.069
15443;15444;1.666
15444;15440;18.357
15445;15444;5.804
15446;15445;1.979
15442;15447;15.626
15447;15446;4.342
15444;15448;7.164
15449;15448;3.908
15450;15445;11.365
15451;15446;6.724
15452;15447;10.786
15452;15451;2.629
15448;15453;5.862
15453;15454;7.822
15455;15451;6.810
15450;15455;11.420
15455;15452;11.444
15456;15450;26.394
15453;15457;6.224
15457;15458;2.387
15457;15456;11.833
15459;15456;17.585
15460;15458;7.216
15422;15460;0.734
15460;15461;8.814
15461;15462;2.110
15462;15425;2.693
15424;15463;0.747
761;15423;32.551
15463;9493;8.561
15426;9494;4.181
15464;15427;10.179
15466;15465;19.556
15467;15464;11.564
15468;15465;2.744
15469;15467;6.073
15468;15469;8.560
15465;15470;9.041
15471;15468;7.949
15471;15470;2.867
15469;15472;13.642
15473;15471;14.651
15474;15473;7.942
15470;15474;19.084
15474;15475;2.146
15472;15473;36.450
15475;15476;7.942
15478;15477;11.453
15478;15476;5.339
15476;15479;11.597
15475;15479;20.196
15480;15478;17.842
15479;15480;8.689
15481;15480;1.622
15482;15481;2.240
15483;15482;9.268
15484;15481;5.192
15485;15482;13.898
15487;15486;1.129
15489;15488;1.062
15491;15490;0.309
15493;15492;0.379
15495;15494;0.467
15497;15496;0.785
15499;15498;0.549
15501;15500;0.379
15504;15503;20.108
15504;15502;33.424
15506;15505;31.135
15505;15507;15.966
15508;15505;21.724
15509;15504;6.785
15486;15508;6.682
15510;15508;3.833
15507;15510;16.984
15511;15507;5.638
15512;15510;11.745
15511;15512;7.308
15509;15513;7.623
15515;15514;18.348
15513;15515;19.299
15512;15510;22.877
15509;15516;38.454
15516;15487;24.478
15517;15511;15.245
15515;15518;15.636
15519;15513;13.970
15519;15509;7.272
15519;15516;11.300
15520;15515;15.388
15520;15519;15.078
15518;15521;13.629
15521;15520;3.621
15522;15519;2.600
15523;15521;8.850
15523;15522;14.219
15524;15523;5.833
15525;15517;22.673
15526;15524;8.844
15527;15522;7.036
15516;15527;30.324
15528;15524;10.911
15528;15526;7.511
15529;15526;6.732
15529;15527;1.982
15530;15529;1.986
15531;15528;9.023
15532;15528;8.075
15532;15530;9.145
15531;15532;6.239
15533;15531;10.108
15534;15529;16.704
15535;15533;1.731
15536;15530;6.721
15536;15534;7.345
15537;15536;1.532
15533;15538;17.112
15538;15537;3.819
15539;15535;23.458
15538;15539;15.665
15540;15534;30.172
15541;15540;7.194
15542;15536;8.429
15540;15542;1.500
15543;15537;24.505
15544;15539;10.117
15543;15544;4.653
15535;15545;36.763
15544;15545;9.780
15546;15542;8.693
15537;15547;45.738
15546;15547;1.138
15548;15543;21.315
15547;15548;0.972
15549;15544;20.077
15548;15549;3.271
15551;15550;8.912
15545;15550;16.813
15549;15550;11.170
15552;15546;1.014
15554;15553;23.938
15553;15551;15.069
15550;15555;8.268
15552;15555;14.988
15555;15556;23.746
15556;15552;8.529
15557;15556;2.212
15558;15557;9.516
15559;15557;1.635
15560;15559;16.049
15562;15561;4.552
15560;15562;5.957
15563;15560;9.030
15563;15559;6.996
15564;15560;17.170
15564;15563;6.233
15488;15563;15.173
15565;15489;3.335
15566;15565;2.002
15490;15564;8.802
15567;15491;10.178
15568;15566;23.358
15492;15567;17.470
15569;15493;3.141
15570;15569;5.750
3206;15568;47.193
15572;15571;4.641
15573;15571;2.028
15575;15574;35.569
15571;15574;7.252
15500;15572;9.984
15574;15576;2.856
15576;15577;3.336
15578;15573;12.239
15576;15573;25.621
15579;15501;28.022
15579;15570;46.325
15580;15579;0.465
15494;15580;1.847
15581;15495;2.901
15496;15581;17.948
15582;15497;4.272
15498;15582;11.453
15583;15499;7.954
3239;15584;5.610
15585;11908;19.897
15586;15585;18.261
15586;15583;19.227
15584;11923;57.220
11909;15586;1.592
15588;15587;2.800
15589;15588;0.254
15590;15589;2.090
10659;15590;10.190
15592;15591;1.763
15594;15593;0.290
15596;15595;0.279
15598;15597;0.618
15600;15599;0.406
15602;15601;0.734
15604;15603;0.330
15606;15605;3.810
15605;15607;14.199
15591;15607;6.455
15608;15592;1.092
15609;15608;1.919
15610;15609;8.178
15611;15610;41.551
15609;15612;8.468
15610;15612;4.769
15607;15613;40.641
15613;15614;8.381
15612;15614;46.546
15613;15615;7.112
15614;15615;6.282
15614;15616;38.959
15615;15617;40.000
15616;15617;20.613
15617;15618;11.793
15618;15619;2.163
15620;3234;30.352
15621;15620;1.907
15622;15621;0.755
15623;15622;8.712
15623;15616;41.183
15593;15623;15.589
15595;15594;22.916
15624;15596;3.929
10896;15624;8.511
10904;15598;1.004
15597;15625;20.559
15625;15600;0.500
15599;15604;9.509
15603;15602;17.233
15601;15626;10.308
15626;15627;28.481
15627;3242;11.334
15629;15628;1.002
10071;15631;27.051
15630;15632;14.087
15632;15633;23.301
15633;15629;18.508
15628;15634;6.787
15634;4483;0.416
15636;15635;6.893
15646;15647;9.777
15645;15648;45.091
15648;15649;0.258
15649;15650;26.872
15650;15651;15.810
15647;15652;62.021
15651;15654;28.294
15652;15657;16.367
15657;15636;11.969
15635;15659;10.278
15659;15661;51.927
2574;15662;5.448
15662;15663;34.576
15663;15664;7.151
15664;15665;12.320
15665;15666;0.740
15666;15667;17.250
15669;15668;0.514
15667;15670;19.776
15671;15669;8.614
15670;15672;4.097
15673;15671;18.548
15674;15673;2.112
15667;15674;18.514
15674;15675;5.717
15677;15676;7.176
15678;15673;47.920
15679;15678;8.007
15680;15679;7.514
15681;15680;22.476
15682;15675;9.029
15683;15680;2.770
15684;15682;4.587
15685;15684;33.230
15672;15686;24.635
15686;15687;0.374
15688;15682;2.864
15684;15688;7.167
15689;15683;8.998
15688;15689;1.896
15690;15684;6.646
15690;15691;1.401
15689;15691;8.844
15692;15690;3.732
15683;15693;22.620
15691;15694;19.487
15694;15692;19.410
15695;15694;5.831
15697;15696;1.351
15698;15693;9.316
15689;15698;21.390
15699;15697;6.139
15700;15695;8.163
15701;15700;8.694
15701;15695;19.022
15700;15702;12.966
15703;15699;13.989
15705;15704;14.013
15705;15703;2.169
15694;15706;18.018
15706;15702;10.239
15707;15702;5.242
15708;15707;3.836
15708;15700;14.029
15709;15701;16.432
15709;15692;32.623
15710;15705;4.282
15687;15711;13.281
15693;15712;35.639
15713;15705;8.419
15714;15710;6.752
15714;15712;7.299
15715;15706;14.669
15716;15708;3.523
15717;15712;1.210
15717;15718;10.619
15698;15718;31.768
15718;15715;10.064
15719;15716;17.943
15715;15720;4.867
15707;15721;18.339
15720;15722;3.649
15721;15722;3.298
15723;15717;6.801
15718;15723;9.944
15724;15721;3.381
15716;15724;17.491
15720;15725;7.216
15722;15726;3.482
15724;15726;3.180
15727;15714;11.432
15725;15728;4.680
15725;15729;4.696
15726;15729;6.938
15730;15728;5.116
15729;15730;5.187
15731;15719;18.264
15728;15732;17.361
15730;15732;9.104
15723;15733;17.366
15732;15733;8.242
15734;15733;17.622
15735;15731;22.365
15711;4332;21.707
15737;15736;2.664
15739;15738;3.676
15741;15740;0.664
15743;15742;1.299
15745;15744;0.871
15747;15746;1.862
15748;10609;24.325
15749;15748;7.420
15750;10613;26.201
15751;15749;34.616
15752;15751;22.967
15753;15750;36.191
15754;15752;16.159
15755;15754;9.575
15744;15755;15.162
15756;15745;0.207
15757;15753;34.848
15759;15758;24.756
15760;15759;5.627
15762;15761;1.773
15763;15762;2.815
15761;15764;4.109
15765;15760;15.270
15766;15760;3.712
15767;15759;8.216
15768;15763;4.137
15766;15767;7.763
15769;15768;12.182
15738;15767;14.363
15770;15738;2.951
15770;15766;14.405
15740;15757;12.928
15771;15770;1.932
15771;15739;2.077
15772;15770;14.019
15765;15772;19.205
15739;15773;9.482
15774;15771;13.340
15772;15774;2.253
15775;15741;0.551
15773;15775;14.431
15776;15763;27.176
15736;15772;17.913
15736;15764;26.547
15776;15736;6.209
15777;15776;2.264
15778;15769;19.960
15778;15779;2.258
15780;15776;4.680
15780;15778;9.175
15781;15780;1.203
15782;15775;3.764
15783;15756;22.017
15784;15781;12.610
15779;15784;7.383
15785;15774;16.048
15737;15774;17.626
15786;15737;12.333
15786;15787;3.354
15787;15781;11.629
15788;15739;21.808
15788;15785;4.799
15789;15786;6.487
15790;15773;20.234
15791;15788;3.644
15790;15791;9.314
15785;15792;6.530
15792;15789;3.183
15791;15793;3.318
15792;15794;9.477
15793;15794;8.502
15795;15787;8.260
15789;15795;13.578
15796;15782;6.826
15797;15782;20.017
15797;15796;4.023
15793;15798;5.976
15799;15796;0.681
15799;15790;11.514
15800;15797;12.024
15801;15798;7.706
15794;15801;6.770
15802;15800;0.734
15803;15799;1.330
15798;15803;9.909
15801;15804;6.505
15805;15804;11.439
15795;15805;13.688
15804;15806;4.997
15806;15807;1.948
15807;15808;4.237
15805;15808;2.955
15809;15806;7.671
15810;15803;6.346
15808;15811;9.815
15812;15810;2.598
15813;15783;10.520
15814;15807;24.935
15815;15812;6.239
15816;15802;9.003
15817;15815;1.752
15818;15814;12.197
15819;15816;6.483
15820;15819;2.420
15746;15820;0.212
10678;15821;8.654
15822;15747;5.802
15823;15822;0.989
15821;15824;22.837
15825;15823;7.045
15826;15825;7.053
15827;15826;12.522
15829;15828;1.060
15830;15829;8.233
15831;15827;3.018
15817;15832;12.632
15828;15832;17.131
15833;15831;1.153
15824;15834;92.952
15834;15835;25.344
15835;15836;15.357
15836;15837;0.358
15837;15833;17.881
15838;15830;21.354
15838;15813;28.997
15839;15838;28.320
15840;15839;2.458
13601;15840;31.452
15832;15841;58.569
15841;15743;1.457
15742;13726;6.961
15842;3714;76.872
15844;15843;3.051
15846;15845;9.315
15848;15847;0.384
15850;15849;0.889
15852;15851;0.603
15854;15853;0.687
15856;15855;0.483
15858;15857;0.556
15860;15859;0.744
15862;15861;0.875
15864;15863;0.349
15866;15865;0.559
15868;15867;0.530
15870;15869;0.379
15872;15871;0.619
15874;15873;1.942
15876;15875;0.378
15878;15877;1.029
15880;15879;1.937
15882;15881;1.245
15883;7686;0.899
15884;15883;12.185
15869;15884;0.306
15871;15870;20.426
15886;15885;106.637
15848;15886;7.852
15847;15887;1.807
15888;15872;58.277
15889;15888;0.571
15887;15890;3.060
15892;15891;9.296
15893;15892;0.996
15893;15889;6.522
15894;15893;0.914
15895;15894;13.627
15896;15894;2.520
15892;15897;6.709
15898;15896;1.974
15897;15899;3.558
15900;15898;1.148
15901;15900;10.935
15902;15900;0.779
15897;15903;4.824
15896;15903;5.539
15890;15904;5.731
15904;15905;12.197
15903;15906;1.759
15907;15902;4.721
15905;15907;3.183
15898;15908;5.429
15910;15909;13.353
15899;15910;6.807
15908;15902;6.798
15911;15907;1.132
15899;15912;6.202
15913;15906;4.196
15913;15908;2.981
15912;15914;1.440
15906;15914;3.743
15912;15915;3.637
15911;15916;4.831
15917;15910;4.098
15914;15918;3.554
15918;15913;5.288
15911;15919;4.464
15915;15920;4.374
15921;15917;2.334
15921;15915;6.234
15920;15922;0.722
15922;15918;2.243
15923;15920;3.350
15924;15922;4.341
15919;15924;3.796
15916;15925;8.422
15926;15917;13.379
15921;15927;8.188
15924;15927;3.943
15927;15928;0.946
15916;15929;19.045
15930;15929;8.899
15919;15931;21.156
15929;15931;5.759
15931;15932;3.063
15928;15933;6.629
15933;15934;1.255
15935;15904;47.077
15937;15936;1.934
15934;15938;11.396
15936;15874;16.498
15938;15937;29.126
15938;15939;6.520
15873;15876;11.285
15941;15940;7.644
15943;15942;5.594
15942;15940;12.127
15940;15944;3.031
15946;15945;6.194
15947;15945;8.541
15948;15947;11.029
15948;15942;6.247
15950;15949;2.955
15875;15950;13.663
15952;15951;5.154
15945;15952;7.906
15954;15953;3.385
15952;15955;0.979
15955;15948;10.441
15949;15956;8.252
15944;15957;14.436
15956;15957;3.421
15953;15958;9.188
15958;15959;0.921
15959;15955;5.927
15953;15960;6.133
15959;15961;11.801
15961;15962;3.986
15957;15962;16.732
15962;15963;2.388
15957;15964;10.018
15963;15965;7.835
15964;15965;0.725
15963;15966;5.588
15958;15967;14.291
15967;15961;8.027
15965;15968;7.614
15970;15969;2.713
15967;15969;4.840
15958;15971;21.505
15969;15972;7.828
15968;15972;16.545
15973;15964;20.591
15974;15968;13.870
15971;15975;17.107
15972;15975;4.455
15976;15935;45.010
15977;15973;7.361
15977;15978;5.386
15973;15979;8.866
15979;15980;2.045
15980;15981;13.849
15982;15979;10.187
15982;15977;4.112
15975;15983;18.207
15980;15983;15.243
15982;15984;7.414
15985;15982;7.187
15983;15986;10.646
15845;15976;7.906
15939;15987;32.057
15988;15846;4.876
15987;15989;4.738
15989;15878;11.485
15989;15990;14.143
15991;15988;27.524
15992;15991;1.519
15851;15992;1.885
15994;15993;35.634
15996;15995;1.486
15993;15996;9.421
15998;15997;2.136
16000;15999;2.372
16001;15999;3.003
15877;15880;22.444
15998;16002;10.643
15999;16002;5.515
16003;15852;8.619
15999;16004;8.588
16005;16004;7.032
16006;15998;12.132
16002;16006;9.904
16004;16007;5.523
16008;16002;12.535
16007;16008;4.183
16009;16006;5.800
16009;16010;6.629
16010;16009;6.848
16011;16010;3.361
16013;16012;4.512
16008;16014;13.407
16011;16015;5.153
16014;16015;1.991
16017;16016;4.407
15995;16018;63.884
16019;16007;12.315
16012;16019;4.741
15879;15882;8.309
16020;16011;4.244
16015;16020;2.612
16021;16016;5.260
16018;16021;2.164
16022;16020;1.436
16022;16023;3.192
16012;16024;5.279
15881;16024;7.774
16025;16019;5.047
16024;16025;1.783
16027;16026;2.850
16023;16027;3.720
16021;16028;2.311
16016;16029;7.866
16028;16029;1.156
16031;16030;4.406
16025;16030;2.891
16033;16032;7.347
16029;16032;1.428
16034;16009;17.482
16035;16022;5.900
16023;16036;5.187
16036;16035;3.371
16032;16037;1.821
16014;16038;10.839
16030;16038;1.719
16039;16034;1.290
16027;16039;5.306
16040;16039;0.737
16037;16041;3.286
16042;16040;2.187
16042;16036;2.239
16034;16043;5.057
16044;16042;2.190
16035;16044;3.590
16038;16044;2.338
16046;16045;8.122
16037;16047;4.665
16040;16048;3.791
16041;16049;5.529
16050;16041;5.386
16047;16050;8.608
16049;16051;3.020
16052;16028;10.551
16045;16052;6.423
16053;16003;19.331
16054;16053;1.378
16051;16054;9.894
16056;16055;2.545
16057;16042;8.214
16044;16057;12.766
16050;16055;5.665
16059;16058;2.274
16060;16045;9.563
16055;16061;4.549
16062;16060;2.217
16058;16062;1.894
16063;16047;7.855
16052;16063;14.210
16064;16034;14.495
16057;16064;7.400
16063;16065;4.691
16043;16066;6.642
16067;16052;8.362
16067;16060;4.249
16068;16058;4.646
16069;16062;3.539
16068;16069;2.811
16070;16063;8.040
16071;16065;5.917
16071;16067;8.180
16066;16072;1.865
16073;16067;3.906
16069;16073;3.354
16073;16074;0.892
16065;16075;8.784
16074;16071;13.666
16076;16074;5.871
16078;16077;19.968
16079;16078;1.498
15990;16080;32.403
16082;16081;19.165
16082;16083;0.695
16084;16079;3.232
16081;16085;9.139
16085;16082;4.142
16081;16086;7.724
16085;16087;0.556
16088;16087;4.970
16086;16089;4.666
16088;16089;3.860
16090;16084;1.881
16086;16090;4.275
16077;16091;7.111
16092;16090;0.649
16089;16092;3.719
16093;16088;7.026
16087;16094;10.138
16089;16095;6.931
16096;16093;1.956
16094;16096;2.816
16093;16095;4.783
7745;16097;59.572
16094;16098;5.952
16099;16097;8.196
16100;16099;12.175
16101;16092;5.089
16095;16101;11.263
16097;15844;4.602
15843;16102;1.058
16102;16103;8.795
16102;16103;3.054
16103;16104;0.564
16105;16094;16.591
16104;16105;0.626
16105;16106;1.791
16107;16101;1.987
16096;16107;12.069
16106;16107;4.259
16107;16108;3.190
16109;15844;16.549
16106;16110;4.185
16112;16111;18.941
16111;16101;10.393
16111;16108;10.134
16108;16113;1.530
16110;16113;8.134
16114;16109;27.625
16113;16115;1.438
16115;16116;3.091
16116;16117;1.207
16115;16118;6.742
16119;16118;2.494
16120;16110;8.855
16121;16114;8.731
16122;16120;1.482
16120;16123;4.482
16104;16123;12.654
16119;16122;3.598
16109;16124;9.185
16118;16125;3.853
16123;16126;4.133
16127;16124;6.860
16121;16128;18.071
16129;16121;5.433
16131;16130;1.957
16131;16132;5.957
16133;16129;1.916
16134;16123;5.180
16126;16134;5.858
16135;16122;6.397
16135;16134;5.390
16136;16119;8.591
16136;16135;1.082
16129;16137;4.544
16137;16138;9.071
16139;16131;3.424
16138;16139;4.310
16124;16140;12.149
16139;16140;2.136
16140;16141;0.918
16142;16137;3.130
16143;16142;8.921
16145;16144;1.672
16141;16146;6.977
16138;16147;6.659
16144;16148;36.272
16148;16149;16.810
16142;16150;7.799
16149;16151;16.144
16152;16141;7.734
16153;16126;21.299
16151;16154;45.083
16146;16155;13.052
16154;16156;20.639
16157;16153;3.710
16155;16157;4.705
16158;16155;3.348
16159;16136;15.822
16146;16160;10.197
16161;16145;41.651
16162;16153;8.588
16163;16157;16.121
16156;16100;61.838
16091;16164;21.626
16080;16165;23.090
16164;16166;14.039
16167;16161;13.798
16072;16167;71.535
16166;16168;52.582
16168;16169;25.086
16165;16170;3.470
16169;10763;18.615
16171;16170;4.889
16172;16171;4.630
16174;16173;14.741
16174;16171;3.708
16175;16174;5.648
16176;16175;30.799
16175;16176;9.610
16178;16177;7.848
16177;16179;6.793
16180;16177;22.713
16180;16174;7.698
16181;16180;1.235
16182;16180;14.180
16183;16181;8.059
15853;16183;12.573
15855;15854;5.397
15857;15856;2.806
16184;15858;2.098
15859;16184;0.479
16185;15860;3.352
16185;16186;10.826
16186;16187;2.556
16187;16188;6.257
16189;16185;15.545
16190;16189;0.312
16188;16191;22.257
16191;16192;33.198
15862;16190;34.556
16192;16193;28.841
16195;16194;34.377
16196;16195;4.310
15861;16197;9.786
16198;16183;89.484
15849;16198;0.145
16199;16196;87.819
16200;16199;12.918
16201;16200;42.220
16202;15850;10.702
16203;16202;2.017
16197;16204;14.166
16205;16201;44.840
16207;16206;4.747
16209;16208;6.626
16206;16208;3.762
16208;16210;1.588
16206;16211;3.690
16213;16212;11.106
16214;16203;10.154
16210;16214;9.486
16216;16215;18.277
16214;16217;0.769
16217;16218;5.085
16210;16219;7.307
16220;16219;2.232
16221;16215;4.661
16217;16222;2.014
16219;16222;11.347
16222;16223;0.459
16224;16221;5.978
16212;16225;10.937
16227;16226;12.102
16215;16228;9.336
16224;16228;3.900
16212;16229;21.825
16226;16230;35.403
16231;16225;2.091
16231;16205;37.338
16233;16232;5.178
16230;16232;1.712
16230;16234;13.985
16228;16234;2.195
16223;16235;1.430
16229;16235;8.018
16234;16236;4.800
16236;16224;3.231
16229;16237;3.975
16236;16238;9.108
16238;16223;16.116
16235;16239;1.684
16237;16239;9.397
16237;16240;6.863
16225;16240;29.953
16241;16231;9.445
16232;16242;10.231
16240;16243;6.604
16239;16244;2.472
16243;16244;4.215
16242;16245;3.366
16246;16241;5.990
16247;16246;14.214
16244;16248;1.055
16248;16249;2.316
16241;16250;7.518
16250;16246;7.457
16226;16251;21.296
16251;16242;8.717
16252;16243;6.817
16251;16253;2.695
16245;16253;6.779
16248;16254;1.569
16252;16254;5.200
16238;16255;16.443
16249;16255;20.488
16256;16251;9.293
16255;16257;1.894
16258;16252;23.078
16250;16258;10.267
16253;16259;9.406
16245;16259;10.376
16260;16252;12.644
16258;16260;8.807
16261;16260;4.544
16261;16246;24.000
16262;16257;21.161
16257;16262;12.425
16259;16263;11.999
16262;16263;4.019
16264;16261;3.582
16254;16265;5.801
16265;16260;10.408
16255;16266;16.458
16266;16267;5.094
16268;16266;3.122
16249;16268;22.162
16263;16269;6.189
16270;16264;12.559
16263;16271;7.517
16267;16271;13.287
16270;16272;1.891
16273;16270;10.184
16274;16273;4.541
16275;16265;7.342
16276;16268;6.488
16277;16276;4.887
16277;16275;1.825
16278;16277;2.056
16271;16279;8.750
16267;16279;9.161
16280;16272;7.113
16276;16281;6.867
16282;16264;12.629
16272;16282;10.827
16193;16283;53.945
16265;16284;5.218
16285;16282;1.574
16285;16284;11.365
16286;16278;6.005
16281;16278;11.633
16284;16287;0.721
16279;16288;11.585
16281;16288;6.682
16275;16289;15.392
16287;16289;1.647
16290;16273;14.752
16291;16285;8.432
16291;16290;10.410
16292;16291;1.252
16290;16292;14.759
16204;16293;21.821
16293;15864;0.476
16289;16294;22.971
16295;16292;21.683
16283;16296;8.639
16297;16287;12.245
16296;16298;21.820
15863;16299;6.059
16299;16300;0.673
16300;16301;1.442
16296;16302;7.679
16298;16303;29.477
16302;16304;0.844
16305;16304;10.945
16306;16305;1.691
16302;16307;1.615
16308;16302;15.209
16307;16308;5.943
16305;16309;2.164
16309;16310;1.388
16312;16311;5.728
16308;16311;4.412
16303;16313;6.667
16314;16313;2.026
16304;16315;5.990
16315;16309;10.032
16316;16315;1.980
16299;16317;7.601
16319;16318;10.308
16311;16320;2.080
16321;16319;4.187
16322;16321;4.602
16317;16323;0.177
16320;16324;7.567
16313;16325;2.629
16324;16325;2.901
16327;16326;17.682
16301;16326;6.961
16303;16328;9.269
16325;16328;4.331
16329;16321;9.141
16328;16329;0.792
16330;16320;8.853
16307;16330;2.308
16316;16330;5.110
16329;16331;1.348
16333;16332;2.689
16334;16332;5.377
16324;16335;3.822
16336;16316;6.962
16338;16337;5.393
16331;16338;8.698
16339;16335;2.471
16335;16339;7.012
16338;16340;2.001
16326;16341;2.384
16332;16342;6.409
16343;16341;3.002
16344;16343;6.730
16345;16331;7.141
16339;16345;6.231
16342;16346;10.055
16341;16346;1.240
16345;16347;1.619
16347;16348;14.840
16348;16330;14.512
16349;16342;6.225
16351;16350;14.361
16349;16351;7.129
16353;16352;7.862
16354;16349;3.449
16346;16354;3.382
16352;16355;8.202
16351;16355;2.684
16355;16356;7.159
16354;16356;0.746
16352;16357;4.001
16358;16343;12.540
16359;16358;4.256
16356;16360;1.541
16354;16361;9.254
16361;16362;1.554
16358;16363;5.455
16355;16364;6.854
16360;16364;1.918
16361;16363;13.812
16363;16365;3.283
16366;16365;3.667
16364;16367;3.073
16360;16368;8.338
16368;16362;6.590
16365;16369;5.022
16362;16370;9.192
16323;16371;9.304
16372;16371;0.708
16368;16373;7.337
16367;16372;6.376
16371;16374;25.316
16375;16297;58.727
16374;16376;30.218
16376;15866;6.727
15865;16377;1.661
16378;16375;15.610
16377;15868;17.801
15867;16379;7.477
16379;16380;91.058
16381;16378;45.506
3855;16381;1.616
16380;16382;63.911
16382;16383;40.738
16383;16384;3.728
16384;16385;3.090
16387;16386;14.856
16385;16388;4.721
16390;16389;7.370
16391;16389;4.901
16391;16388;2.442
16393;16392;6.120
16393;16391;0.318
16388;16394;32.444
16394;16395;6.244
16386;16395;24.765
16397;16396;4.528
16398;16393;7.548
16399;16394;4.178
16400;16397;10.144
16400;16398;0.381
16395;16401;4.750
16402;16398;14.440
16399;16402;2.383
16401;16399;7.340
16403;16401;4.700
16404;16403;2.366
16405;16404;6.572
16406;16404;3.259
16403;16407;3.846
16408;16407;2.242
16409;16402;9.048
16409;16410;6.180
16407;16411;1.692
16412;16411;4.899
16411;16413;5.171
16413;16409;12.200
16414;16400;3.270
16413;16415;3.693
16416;16415;3.108
16415;16417;6.032
16418;16414;2.267
16419;16417;1.693
16417;16420;9.520
16420;16421;5.210
16422;16418;3.107
16420;16423;11.847
3732;16424;5.273
16424;16425;18.385
16425;16426;3.219
16426;16427;48.853
16424;3767;4.410
16427;16428;23.649
16429;16422;18.422
16428;16430;26.266
16430;16431;10.628
16432;16429;11.594
16431;16433;18.045
16433;16432;21.342
16435;16434;41.608
16437;16436;0.917
16439;16438;2.446
16441;16440;1.911
16443;16442;0.973
16445;16444;1.070
16447;16446;0.985
16449;16448;0.912
16451;16450;0.870
16453;16452;0.685
16455;16454;0.351
16456;16435;0.765
16458;16457;0.509
16460;16459;0.688
16462;16461;0.503
16464;16463;1.092
16466;16465;0.613
16468;16467;0.488
16470;16469;1.189
16472;16471;1.291
16474;16473;0.438
16476;16475;0.540
16478;16477;0.576
16480;16479;0.594
16482;16481;3.166
16483;16482;16.218
16485;16484;7.103
16486;16485;60.611
16488;16487;34.643
16484;16488;10.229
16490;16489;17.183
16491;16490;8.982
16492;16488;53.723
16493;16485;52.777
16494;16490;30.667
4380;16495;14.169
16495;16468;5.196
16497;16496;11.174
16497;16498;5.910
16498;16499;2.955
16501;16500;19.141
16502;16500;4.957
16500;16503;1.599
16504;16498;25.271
16505;16497;26.949
16505;16503;10.786
16506;16504;6.923
16508;16507;15.018
16508;16505;9.738
16509;16504;6.405
16510;16509;5.556
16510;16508;3.964
16512;16511;9.686
16511;16513;4.551
16513;16509;2.198
16514;16513;3.974
16515;16511;6.177
16514;16515;4.350
16516;16514;3.060
16516;16510;8.664
16515;16517;11.193
16518;16516;3.912
16516;16519;5.631
16518;16519;1.182
16519;16521;0.219
16517;16522;10.838
16523;16520;2.462
16521;16523;0.252
16524;16517;6.380
16523;16525;1.376
16526;16524;4.818
16527;16524;5.514
16525;16527;2.189
16528;16521;9.757
16529;16528;4.281
16518;16529;5.105
16530;16525;9.730
16528;16530;4.704
16530;16531;4.320
16527;16532;3.548
16532;16533;3.284
16532;16534;0.900
16529;16535;4.319
16536;16535;18.607
16467;16537;52.010
16535;16443;12.421
16442;16538;4.344
16538;16539;33.228
16534;16540;34.328
16537;16541;21.419
16540;16447;17.094
16448;16542;0.247
16543;16449;4.766
16446;16543;15.298
16544;16538;24.596
16542;16545;28.625
16546;16544;1.717
16545;16547;9.817
16541;16548;23.799
16549;16546;18.921
16548;16550;13.716
16551;16549;8.202
16552;16551;2.839
16550;16553;28.091
16553;16554;2.841
16554;16555;4.729
16555;16556;7.986
16554;16557;14.244
16556;16558;24.801
16556;16558;22.173
16558;16557;4.516
16557;16559;3.065
16561;16560;20.498
16563;16562;9.070
16562;16564;4.335
16565;16559;4.550
16562;16566;10.648
16567;16565;11.665
16566;16568;4.081
16559;16568;23.454
16560;16569;16.890
16566;16570;10.793
16568;16570;7.334
16571;16560;43.188
16573;16572;8.546
16569;16573;4.714
16574;16569;8.926
16570;16575;4.019
16573;16576;4.997
16577;16576;13.736
16577;16578;10.378
16578;16577;4.607
16579;16574;8.673
16574;16580;4.730
16581;16571;6.633
16578;16581;4.199
16579;16582;1.345
16584;16583;10.821
16584;16565;7.097
16586;16585;13.675
16587;16579;14.900
16588;16587;3.097
16589;16588;6.387
16585;16590;1.305
16592;16591;5.309
16593;16591;3.673
16582;16594;2.995
16595;16594;4.480
16591;16596;1.215
16576;16595;20.918
16597;16584;1.030
16597;16571;17.666
16596;16588;3.948
16598;16593;0.889
16575;16599;8.081
16575;16599;11.445
16576;16600;13.851
16600;16601;5.513
16603;16602;7.871
16603;16584;9.468
16604;16582;6.653
16590;16605;9.593
16599;16606;1.141
16594;16604;9.862
16607;16593;9.150
16605;16607;2.187
16608;16596;4.372
16568;16609;29.164
16609;16603;7.191
16609;16610;8.998
16611;16597;2.357
16611;16581;17.529
16609;16612;2.551
16604;16613;11.633
16613;16587;8.345
16614;16613;8.759
16607;16615;9.566
16606;16616;6.727
16615;16614;2.411
16613;16617;1.581
16618;16606;7.917
16619;16611;4.003
16617;16595;27.902
16621;16620;2.026
16620;16612;9.293
16622;16614;3.480
16619;16623;1.761
16612;16624;5.957
16624;16625;2.748
16625;16619;9.319
16612;16626;4.563
16626;16624;2.958
16627;16626;3.595
16620;16628;4.426
16629;16611;3.734
16630;16605;10.338
16616;16631;4.333
16631;16628;8.739
16632;16618;3.275
16618;16632;7.311
16623;16633;1.579
16633;16629;9.094
16616;16634;6.522
16634;16631;3.814
16628;16635;5.259
16635;16620;3.189
16635;16627;4.566
16636;16628;1.512
16637;16632;1.238
16637;16634;4.245
16625;16638;2.286
16623;16638;9.411
16638;16639;2.456
16636;16640;3.565
16617;16641;11.575
16615;16641;11.320
16642;16637;20.037
16631;16640;14.055
16640;16643;3.124
16644;16636;10.387
16645;16642;5.545
16646;16644;3.703
16627;16646;8.913
16647;16646;6.027
16624;16647;9.370
16644;16648;21.441
16633;16649;11.263
16650;16646;7.984
16642;16651;7.787
16652;16647;9.316
16649;16652;6.789
16641;16653;16.142
16654;16652;7.603
16655;16629;8.765
16656;16655;9.376
16649;16657;17.248
16656;16657;8.549
16657;16658;1.902
16656;16658;11.811
16658;16659;10.977
16660;16655;5.755
16661;16552;49.363
16662;16661;0.441
16663;16662;0.689
16660;16664;1.617
16664;16665;7.708
16666;16663;30.176
16665;16667;24.275
16667;16668;5.965
16668;16669;23.490
16669;16670;1.903
16672;16671;8.196
16673;16672;4.834
16675;16674;4.481
16674;16673;9.589
16674;16676;1.785
16677;16672;12.454
16676;16678;2.634
16679;16677;0.782
16678;16680;0.665
16680;16679;4.035
16677;16681;4.420
16675;16682;4.208
16450;16666;31.471
16676;16683;4.321
16678;16683;7.204
16684;16680;7.817
16679;16684;3.766
16683;16685;2.715
16686;16685;0.489
16687;16686;0.996
16688;16687;1.593
16686;16687;7.655
16689;16675;37.382
16684;16690;5.433
16691;16690;3.387
16681;16691;9.005
16692;16451;1.037
16694;16693;14.584
16681;16695;19.171
16697;16696;3.737
16685;16697;6.751
16438;16692;0.708
16699;16698;5.518
16690;16699;5.836
16700;16689;14.966
16697;16700;4.592
16699;16701;3.120
16701;16691;7.408
16695;16702;5.812
16703;16700;2.178
16699;16704;4.061
16705;16702;7.191
16706;16694;51.594
16708;16707;7.238
16709;16706;3.103
16710;16439;0.611
16709;16711;1.575
16712;16708;2.646
16702;16712;4.554
16711;16437;12.516
16437;16713;48.666
16436;16714;2.441
16689;16714;13.064
16714;16715;2.206
16715;16716;0.216
16716;16703;10.558
16701;16717;8.903
16717;16718;2.411
16719;16703;15.149
16719;16717;0.758
16718;16720;2.940
16720;16721;0.171
16708;16721;4.410
16723;16722;5.148
16695;16722;21.573
16724;16719;1.624
16717;16725;1.084
16721;16726;0.751
16712;16726;4.106
16716;16727;3.495
16727;16724;2.488
16728;16710;1.994
16724;16729;1.840
16729;16725;6.776
16726;16730;3.383
16731;16730;9.218
16730;16732;1.099
16732;16733;4.132
16722;16733;3.458
16732;16734;1.300
16735;16715;4.661
16720;16736;4.433
16737;16729;6.246
16725;16737;4.114
16738;16727;6.469
16734;16739;6.752
16739;16740;0.537
16739;16734;9.301
16733;16741;4.509
16742;16741;4.633
16741;16743;0.411
16736;16744;6.669
16736;16745;7.750
16718;16746;10.195
16748;16747;4.326
16747;16746;3.099
16749;16744;1.571
16729;16750;11.005
16743;16751;1.670
16751;16752;1.127
16752;16728;36.879
16752;16753;0.572
16755;16754;4.699
16754;16743;4.802
16744;16756;5.607
16740;16756;8.241
16757;16747;3.464
16737;16758;9.123
16757;16758;4.961
16753;16759;1.273
16759;16760;4.600
16761;16757;2.128
16746;16761;4.100
16761;16762;1.036
16760;16763;18.115
16763;16728;5.508
16759;16764;1.745
16760;16764;4.356
16765;16762;4.097
16745;16765;7.153
16740;16766;11.913
16768;16767;7.325
16758;16768;2.982
16764;16769;0.936
16745;16765;14.800
16771;16770;6.959
16770;16754;5.652
16756;16772;13.494
16766;16772;4.421
16766;16773;8.364
16774;16770;3.292
16773;16774;3.302
16774;16775;3.705
16775;16751;12.561
16775;16776;0.558
16776;16753;13.318
16772;16777;2.947
16777;16778;5.493
16773;16778;2.928
16778;16779;3.471
16774;16779;2.924
16769;16780;5.201
16780;16763;3.493
16768;16781;8.091
16782;16781;4.188
16782;16762;10.180
16779;16783;8.205
16776;16783;5.907
16769;16784;9.837
16785;16782;30.969
16777;16785;7.938
16783;16786;4.958
16786;16787;2.316
16784;16788;11.633
16780;16788;6.875
16779;16789;6.057
16783;16789;11.536
16790;16785;5.124
16786;16791;6.687
16784;16791;6.983
16792;16790;1.274
16793;16792;5.507
16794;16793;3.015
16789;16794;6.273
16793;16795;5.810
16791;16796;11.037
16797;16792;8.949
16796;16798;9.172
16799;16796;4.320
16798;16799;6.506
16798;16800;1.791
16788;16800;15.621
16801;16781;21.344
16803;16802;4.940
16791;16803;14.491
16804;16801;24.301
16804;16790;20.403
16805;16780;19.434
16806;16804;8.884
16794;16806;18.248
16805;16800;46.656
16807;16805;5.457
16808;16806;22.988
16803;16808;9.893
16809;16799;12.387
16810;16809;8.880
16811;16807;2.929
16809;16808;17.780
16812;16807;4.399
16670;16470;69.860
16813;16812;3.237
16452;16813;19.159
16814;16801;39.208
16814;16804;38.331
16811;16486;43.303
16815;16814;1.961
16816;16486;14.910
16816;16811;27.513
16487;16816;15.347
16454;16453;28.879
16817;16455;0.931
16487;16484;42.220
16469;16818;28.023
16818;16472;8.434
16434;16817;11.103
16457;16456;29.615
16819;16458;0.438
6074;16820;4.810
16820;16821;26.942
16822;16819;41.012
16471;16823;50.367
16823;16460;13.764
16459;16824;1.622
16826;16825;21.824
16827;16826;0.558
16828;16827;6.775
16826;16829;1.507
16830;16828;8.426
16825;16831;16.593
16829;16832;9.528
16828;16832;6.072
16833;16831;4.659
16831;16834;8.689
16834;16835;1.935
16829;16835;10.826
16823;16836;21.967
16832;16837;4.754
16839;16838;43.082
16834;16839;7.238
16840;16837;8.559
16835;16841;5.885
16842;16841;3.340
16837;16842;9.035
16842;16843;1.617
16840;16844;20.731
16843;16845;3.478
16841;16846;4.919
16839;16847;10.582
16846;16847;0.714
16848;16840;7.683
16849;16848;3.588
16846;16850;4.093
16850;16843;5.146
16851;16849;1.721
16848;16851;2.182
16852;16849;0.766
16853;16851;0.928
16854;16853;2.386
16852;16855;2.455
16856;16853;4.351
16857;16850;8.624
16857;16852;2.252
16858;16856;5.533
16854;16858;4.186
16859;16855;6.063
16860;16854;4.186
16861;16858;4.135
16860;16861;4.604
16862;16857;0.580
16836;16474;4.915
16855;16863;5.914
16864;16862;1.107
16821;16865;32.787
16864;16866;1.314
16862;16866;8.051
16865;16867;0.681
16847;16868;15.745
16868;16864;3.771
16869;16868;0.736
16870;16869;21.118
16866;16871;8.553
16856;16871;14.930
16872;16869;2.106
16861;16871;24.059
16473;16873;1.628
16874;16860;12.240
16875;16870;5.320
16872;16876;10.740
16876;16872;9.601
16877;16874;6.531
16875;16462;1.471
16878;16877;10.903
16879;16876;10.397
16463;16822;46.318
16824;16878;80.531
16461;16880;8.663
16880;16466;5.586
16881;16464;10.888
16465;16881;9.539
16867;16882;31.855
16882;16883;22.278
16873;16476;29.591
16883;16483;5.527
16885;16884;7.208
16887;16886;9.778
16886;16884;4.028
16888;16475;5.074
16884;16889;8.827
16891;16890;8.931
16892;16888;22.467
16481;16893;5.591
16893;16894;0.231
16890;16893;11.129
16896;16895;6.178
16894;16896;0.916
16897;16892;5.144
16898;16888;3.345
16900;16899;9.978
16902;16901;8.082
16892;16902;6.709
16903;16886;20.118
16899;16903;2.968
16904;16902;3.911
16897;16904;5.549
16896;16905;4.670
16906;16899;12.023
16905;16906;1.003
16907;16903;2.473
16908;16907;0.588
16899;16908;4.499
16909;16897;10.406
16910;16909;4.150
16894;16911;11.576
16912;16908;2.982
16906;16912;1.467
16907;16913;19.371
16913;16441;0.538
16902;16914;10.177
16915;16909;5.822
16916;16910;12.556
16916;16440;0.357
16917;16916;0.441
16915;16919;4.333
16920;16912;6.556
16918;16920;3.007
16921;16919;1.943
16921;16904;15.244
16922;16881;30.210
16905;16923;10.757
16924;16920;2.592
16921;16925;2.454
16919;16925;4.445
16926;16907;11.270
16924;16926;10.593
16927;16924;1.734
16928;16910;18.186
16928;16917;2.520
16929;16927;5.247
16929;16923;5.158
16930;16915;12.899
16930;16928;0.889
16931;16929;6.681
16932;16931;1.522
16923;16932;8.406
16933;16931;3.659
16925;16934;10.376
16935;16898;7.747
16936;16929;10.505
16936;16933;4.647
16936;16933;3.674
16477;16935;1.070
16494;16917;29.024
16932;16937;12.864
16938;16926;15.395
16938;16927;16.000
16939;16930;15.590
16489;16930;4.936
16940;16478;4.360
16940;16489;2.883
16491;16940;5.784
16941;16922;11.153
16942;16491;15.277
16444;16941;15.317
16943;16942;36.496
16944;16445;25.703
16945;16943;6.879
16946;16945;0.631
16947;16944;6.168
16948;16946;14.854
16949;16948;1.635
16950;16949;29.258
16479;16950;21.266
16951;16480;0.453
16952;16951;21.085
16953;16952;1.014
16954;16947;73.294
16955;16953;12.521
9163;16955;0.141
9166;16955;2.145
16956;16954;14.431
16957;16956;35.436
9165;9168;22.967
16958;16957;29.842
16959;16958;18.039
16960;16959;23.818
16960;16961;11.010
16961;16962;16.126
16962;16963;9.139
16963;16964;9.923
16964;16965;1.226
16966;16964;4.857
16966;16963;6.691
16962;16967;9.291
16968;16967;7.343
16967;16969;9.626
16965;16970;8.869
16971;16960;4.356
16972;16966;8.073
16969;16972;6.526
16967;16973;5.311
16974;16972;0.650
16965;16975;9.135
16973;16976;1.056
16977;16976;3.882
16969;16973;14.123
16974;16978;2.481
16978;16979;5.046
16976;16980;2.912
16979;16981;1.318
16982;16980;8.088
16975;16983;7.027
16981;16983;4.338
16980;16984;2.814
16985;16974;7.680
16983;16986;2.194
16984;16987;3.218
16988;16985;4.997
16988;16987;4.516
16986;16989;3.199
16984;16990;2.383
16991;16990;1.683
16981;16992;5.024
16979;16992;6.227
16993;16991;7.039
16987;16988;6.638
16994;16989;1.353
16990;16995;2.736
16975;16996;11.439
16989;16996;5.018
16992;16997;2.681
16991;16998;3.646
16999;16985;6.249
16995;16998;5.854
16997;17000;3.638
17000;16997;3.394
16999;17001;5.123
17000;17002;0.751
17003;17002;5.530
17003;16978;13.097
17001;17003;3.926
16995;17004;6.685
16986;17005;9.032
17002;17005;2.983
17006;16999;3.127
17004;17006;2.299
17006;17007;0.801
17008;16971;6.543
16996;17008;6.273
16998;17009;4.805
17004;17010;6.326
17001;17011;3.109
17007;17011;4.313
17005;17008;12.519
17012;17003;3.414
17011;17012;3.102
17002;17013;4.635
17013;17014;2.025
17012;17015;2.237
17016;17013;2.801
17016;17015;3.538
17017;17014;2.592
17017;17016;5.177
17008;17018;2.203
17018;17014;14.117
17019;17017;2.503
17015;17020;8.239
17021;17020;13.305
17022;17007;13.457
17020;17023;7.317
17018;17024;6.267
17024;17025;3.093
17025;17026;1.038
9170;9169;41.028
17027;17026;3.868
17028;17027;11.048
17029;17028;10.755
17030;17029;8.741
17031;17030;2.415
17032;17031;52.273
17033;17032;99.406
17033;17034;5.505
17034;17035;8.069
17034;17036;6.308
17036;17037;1.221
17037;17038;1.944
17037;17036;17.403
17038;17039;7.523
17038;17039;1.953
17041;17040;3.978
17041;17042;5.670
17039;17043;1.823
17043;17041;4.862
17044;17042;2.227
17046;17045;2.186
17044;17046;4.048
17043;17047;2.071
17047;17048;0.302
17046;17048;4.307
17049;17044;6.990
17048;17050;2.492
17050;17049;2.386
17050;17051;2.228
17051;17049;8.055
17053;17052;9.842
17054;17053;26.715
17055;17053;1.310
17056;17055;3.176
17051;17057;6.052
17055;17057;3.715
17056;17058;2.337
17057;17059;1.093
17059;17058;0.879
17060;17056;16.131
17060;17061;3.475
17061;17062;5.346
17058;17062;3.523
17062;17063;0.933
17061;17063;0.963
17063;17064;0.692
17064;17065;4.088
17065;17060;11.519
17059;17066;7.255
17065;17067;2.355
17066;17068;15.047
17064;17068;17.808
17068;17069;1.324
17071;17070;3.572
17072;17071;16.031
17074;17073;23.342
17076;17075;1.478
17078;17077;4.856
17080;17079;0.660
17082;17081;0.528
17084;17083;0.526
17086;17085;0.342
17088;17087;0.898
17090;17089;0.859
17092;17091;0.989
17094;17093;0.516
17096;17095;0.363
17098;17097;0.444
17100;17099;0.665
17102;17101;0.655
17104;17103;0.431
17106;17105;0.462
17108;17107;2.087
17110;17109;0.435
17112;17111;0.513
17114;17113;0.555
17116;17115;1.385
17118;17117;0.986
17120;17119;1.285
17122;17121;2.244
17124;17123;0.509
17126;17125;35.611
17128;17126;3.630
17130;17131;1.757
17130;17131;2.196
17133;17130;23.205
17133;17130;29.006
17134;11795;7.496
17135;17134;3.133
6274;17135;8.163
6267;6277;6.409
17137;17136;2.124
17136;17138;32.326
17138;17139;0.777
17139;17140;127.331
17140;17141;8.996
17141;17142;24.504
17142;17143;1.362
17143;17144;2.643
17146;17145;15.421
17147;17146;12.486
17148;17147;4.815
17147;17149;6.553
17149;17150;9.406
17150;17148;6.468
17150;17151;2.074
17152;17149;4.221
17153;17146;18.751
17152;17153;5.157
17154;17152;4.329
17151;17155;8.086
17155;17154;12.217
17153;17156;5.164
17157;17151;12.596
17144;17157;17.888
17159;17158;17.822
17160;17158;4.786
17156;17160;28.990
17156;17161;1.459
17160;17162;2.235
17158;17162;3.857
17161;17163;1.085
17164;17160;3.677
17163;17165;3.425
17155;17166;5.426
17157;17166;3.146
17166;17167;0.389
17165;17164;10.546
17167;17168;0.210
17165;17169;3.202
17170;17167;7.783
17170;17157;7.912
17171;17169;6.838
17163;17171;6.046
17164;17172;6.702
17173;17172;1.568
17169;17173;6.108
17174;17154;14.213
17168;17174;3.538
17174;17175;0.438
17162;17176;10.492
17172;17176;4.788
17171;17177;5.907
17175;17177;0.736
17178;17175;1.560
17177;17179;0.949
17180;17178;7.505
17168;17180;9.231
17181;17176;7.842
17181;17173;5.598
17179;17182;3.093
17183;17181;2.527
17182;17183;0.440
17180;17184;4.926
17184;17185;4.182
17179;17186;3.409
17187;17182;4.984
17186;17187;2.341
17188;17170;12.216
17184;17189;6.100
17189;17188;1.865
17189;17190;4.613
17191;17178;13.461
17190;17191;2.967
17187;17192;6.618
17191;17186;17.267
17193;17188;6.479
17190;17194;3.802
17183;17195;10.967
17195;17196;2.566
17196;17080;16.069
17131;17197;0.945
17079;17082;52.514
17081;17198;95.239
17198;17199;4.203
17200;17133;26.068
17199;17201;5.028
17201;17202;145.833
17204;17203;12.452
17205;17204;8.843
17203;17205;8.360
17202;17206;7.991
17207;17205;4.282
17203;17208;4.048
17208;17209;13.179
17211;17210;20.885
17206;17211;1.357
17209;17212;8.129
17208;17213;4.137
17212;17213;9.401
17212;17214;1.650
17215;17209;14.814
17211;17215;2.118
17216;17206;9.009
17217;17207;7.793
17218;17217;6.165
17213;17218;4.448
17207;17219;11.438
17219;17217;5.442
17220;17217;5.894
17218;17220;6.550
17221;17220;1.021
17222;17221;6.382
17223;17219;12.460
17215;17224;7.450
17221;17225;20.734
17224;17225;0.732
17226;17224;9.342
17225;17227;5.833
17228;17227;8.135
17129;17128;18.997
17125;17229;0.441
17230;17226;9.007
17231;17222;16.689
17227;17232;7.950
17232;17226;18.890
17229;17233;0.774
17234;17231;5.136
17232;17234;4.370
17234;17235;6.903
17236;17235;6.604
17235;17237;8.661
17238;17200;82.946
17233;17239;44.745
17241;17240;18.693
17083;17238;54.370
17239;17242;19.869
17243;17084;2.344
11389;17243;1.976
17240;17244;34.680
17244;17245;0.457
17245;17246;19.205
17242;17247;44.845
17247;17090;0.243
17089;17248;47.779
17246;17249;76.188
17249;17250;2.673
17248;17092;31.251
17091;17094;13.924
17250;17251;26.762
17251;17252;0.927
17252;17253;3.804
17255;17254;4.846
17256;17254;5.803
17254;17257;4.586
17257;17258;9.303
17257;17259;9.164
17259;17260;2.498
17261;17260;14.855
17260;17261;10.846
17261;17262;3.207
17262;17263;3.588
17265;17264;9.394
17263;17265;1.953
17262;17266;7.132
17266;17263;9.814
17260;17267;13.213
17268;17266;4.524
17267;17269;0.990
17270;17268;8.170
17253;17271;14.758
17269;17272;16.510
17093;17273;32.295
17272;17274;62.599
17123;17273;4.707
17274;17124;39.996
17271;17275;54.022
17276;17275;3.565
17277;17278;12.714
17279;17276;4.640
17280;17276;5.787
17281;17279;3.184
17283;17282;5.171
17281;17283;23.034
17284;17283;6.032
17285;17284;6.626
17286;17284;5.088
17286;17281;2.845
17287;17286;0.662
17288;17279;15.102
17288;17280;11.843
17289;17287;2.741
17291;17290;0.905
17292;17289;3.411
17293;17287;2.135
17294;17293;0.244
17295;17292;8.496
17295;17288;4.968
17289;17293;8.973
17294;17291;13.672
17296;17294;0.874
17297;17296;6.649
17297;17298;4.774
17298;17292;7.252
17299;17297;2.305
17300;17296;2.147
17301;17299;1.975
17300;17301;5.219
17298;17302;7.047
17302;17295;10.359
17303;17299;4.773
17304;17301;5.758
17305;17300;3.352
17305;17306;0.193
17307;17304;9.710
17302;17307;8.562
17308;17307;2.061
17309;17304;9.655
17308;17309;3.053
17310;17309;2.137
17310;17308;1.745
17311;17310;15.508
17312;17310;24.402
17273;17313;63.115
17306;17314;156.578
17314;17315;0.552
17315;17316;3.224
17316;17317;5.231
17318;17317;2.007
17319;17318;3.494
17320;17318;5.273
17321;17319;44.857
17322;17319;8.724
17324;17323;0.192
17325;17324;7.221
17325;17326;6.383
17327;17325;9.802
17328;17327;1.019
17317;17328;22.752
17328;17329;3.337
17327;17330;10.465
17329;17330;9.317
17332;17331;13.744
17330;17332;32.829
17332;17333;4.295
17334;17329;103.022
17336;17335;20.083
17335;17334;15.448
17337;17335;11.260
17323;17102;111.737
17313;17338;37.229
17101;17338;6.342
398;396;28.033
17338;17339;47.996
17340;17339;0.882
17341;17340;0.507
17342;17341;2.671
17344;17343;3.496
17340;17344;12.931
17345;17342;5.937
17344;17345;7.800
17346;17342;5.325
17345;17346;3.425
17347;17341;6.868
17348;17346;2.492
17348;17349;7.750
17350;17347;4.951
17350;17349;8.346
17351;17348;5.607
17352;17350;14.379
17353;17351;3.107
17353;17345;9.817
17354;17352;11.889
17349;17355;7.380
17355;17351;7.586
17356;17350;5.850
17357;17352;6.032
17358;17353;4.358
17358;17359;3.096
17360;17359;4.853
17355;17361;4.545
17353;17361;8.311
17362;17359;14.497
17361;17358;23.131
17363;17347;31.956
17364;17363;5.169
17366;17365;3.056
17367;17364;10.546
17369;17368;7.404
17365;17368;12.777
17365;17370;9.036
17370;17367;17.928
17368;17371;11.317
17371;17370;1.380
17372;17371;2.075
17076;17372;0.573
17075;17373;0.839
17374;17373;3.620
17376;17375;12.452
17373;17376;3.061
17376;17377;6.506
17378;17377;9.337
17380;17379;3.585
17377;17379;1.483
17380;17381;13.516
17379;17381;4.362
17382;17380;20.848
17382;17383;1.984
17381;17383;0.478
17113;17384;46.057
17385;17382;9.465
17384;17386;12.117
17383;17387;11.987
17389;17388;13.457
17388;17390;4.555
17390;17391;8.829
17392;17387;1.094
17390;17072;10.277
17393;17392;16.203
17394;17387;17.971
17392;17394;4.274
17395;17072;3.661
17070;17396;3.364
17396;17394;11.890
17386;17397;20.764
17398;17388;41.968
17399;17398;3.871
17400;17392;9.872
17397;17400;10.471
17401;17399;6.929
17402;17396;37.716
17402;17401;9.589
17403;17402;12.588
17404;17114;55.398
17406;17405;10.668
17406;17407;6.567
17407;17408;1.306
17409;17404;19.118
17410;17409;1.956
17408;17410;6.596
17411;17410;2.357
17412;17411;0.354
17414;17413;9.043
17414;17409;7.372
17415;17412;2.771
17415;17406;14.433
17411;17416;8.499
17417;17414;5.339
17416;17418;3.260
17419;17417;3.010
17418;17419;2.802
17420;17415;6.596
17422;17421;9.668
17417;17422;5.110
17422;17419;4.102
17423;17418;6.182
17424;17422;4.855
17424;17425;2.272
17426;17416;16.381
17427;17426;1.393
17427;17420;17.975
17423;17428;7.323
17429;17424;8.647
17429;17428;0.998
17430;17428;6.275
17430;17423;9.175
17431;17430;1.948
17431;17426;7.604
17432;17420;6.952
17433;17431;20.116
17433;17427;15.378
17434;17400;35.991
17435;17433;12.117
17432;17435;15.252
17436;17432;9.336
17437;17429;25.197
17438;17435;12.425
17434;17439;22.958
17441;17440;3.631
17439;17442;16.124
17440;17443;13.310
17443;17434;15.375
17444;17440;21.104
17445;17444;6.193
17446;17444;7.291
17446;17443;4.142
17447;17446;1.200
17448;17447;7.777
17449;17447;1.650
17450;17448;6.582
17451;17450;6.794
17452;17451;1.012
17453;17448;4.623
17454;17450;4.224
17449;17455;15.623
17456;17436;71.794
17115;17456;2.147
17455;17096;2.414
17117;17116;7.653
17095;17457;2.876
17458;17118;1.351
17457;17459;1.018
17459;17460;13.777
17097;11573;27.787
17460;17098;47.934
17461;17458;19.459
17119;17461;10.464
17460;17462;22.748
17463;17120;2.555
17465;17464;2.671
17467;17466;10.360
17468;17467;7.528
17464;17463;44.814
17121;17465;65.800
17469;17122;10.989
17470;17469;5.062
464;17470;12.218
17462;17471;99.067
17471;17100;2.870
17099;17472;179.969
17472;17473;2.703
17473;17474;2.841
17476;17475;24.422
17476;17474;9.705
17477;17476;2.295
17478;17477;6.919
17478;17477;19.016
17479;17478;24.296
17481;17480;17.391
17482;17481;1.566
17482;17483;4.343
17484;17482;2.864
11707;17485;16.572
17487;17486;5.491
17481;17487;6.913
17488;17484;3.973
17489;17487;3.570
17489;17484;4.105
17490;17489;2.190
17491;17490;3.628
17490;17492;2.884
17492;17493;4.619
17492;17494;9.076
17495;17491;12.436
17497;17496;3.036
17494;17498;10.781
17499;17497;7.314
17500;17499;6.310
17499;17501;0.583
17503;17502;7.033
17504;17503;4.801
17501;17497;11.907
17505;17501;2.324
17506;17505;7.006
17507;17503;1.327
17509;17508;2.550
17509;17491;14.663
17510;17507;1.971
17504;17510;4.863
17511;17504;9.840
17505;17511;6.621
17507;17512;6.270
17513;17509;2.811
17514;17510;1.987
17511;17514;8.354
17515;17513;2.412
17517;17516;6.109
17518;17517;4.506
17518;17513;2.824
17519;17512;3.780
17514;17519;6.601
17520;17517;5.850
17520;17518;1.551
17519;17512;18.518
17521;17518;5.814
17522;17520;10.875
17485;17523;58.908
17526;17522;42.561
17534;17533;29.094
17536;17535;7.039
17535;17537;5.426
17535;17538;2.835
17539;17538;4.671
17541;17540;5.156
17540;17533;11.672
17542;17535;7.497
17544;17543;9.295
17538;17545;2.429
17546;17544;9.925
17546;17540;3.863
17543;17547;15.594
17548;17546;5.796
3700;17549;4.841
17542;17548;8.105
17548;17550;0.805
17551;17544;13.494
17550;17551;8.519
17552;17551;3.934
17553;17552;4.028
17550;17553;11.286
17552;17554;7.291
17555;17553;7.704
17085;17532;44.865
17557;17556;5.867
17559;17558;8.635
17556;17104;32.848
17103;17560;1.392
17562;17561;31.171
17563;17562;3.179
583;17563;3.442
17564;17086;62.875
17565;17557;226.657
17549;17468;7.643
17561;17565;45.047
17566;17564;1.453
17567;17565;15.768
17569;17568;11.122
17570;17567;12.058
17569;17571;7.080
17572;17569;20.532
17572;17566;8.302
17573;17567;19.271
17574;17572;12.068
17575;17573;3.159
17573;17576;9.834
17576;17575;6.439
17577;17576;3.680
17577;17578;4.265
17579;17559;234.454
17580;17577;15.763
17580;17575;14.839
17581;17572;7.149
17582;17581;2.385
17583;17581;19.354
17582;17583;5.114
17584;17580;11.517
17584;17585;0.131
17587;17586;4.296
17587;17579;5.969
17588;17582;2.877
17590;17589;1.542
17590;17588;3.175
17592;17591;8.480
17593;17592;3.309
17594;17590;1.698
17560;17106;33.549
17596;17595;10.329
17596;17597;3.420
17599;17598;2.628
17598;17600;2.394
17598;17601;2.881
17601;17594;7.210
17602;17596;16.447
17592;17602;5.088
17604;17603;7.832
17604;17587;3.676
17605;17588;3.686
17605;17606;2.331
17607;17602;8.917
17607;17593;7.844
17608;17594;8.112
17606;17608;1.417
17610;17609;7.043
17610;17604;1.093
17077;17605;2.232
17609;17611;2.943
17612;17593;20.075
17613;17607;10.782
17612;17613;0.636
17614;17612;2.154
17615;17614;1.379
17609;17615;14.449
17616;17601;12.346
17608;17616;17.193
17618;17617;4.653
17616;17618;1.676
17619;17615;1.578
17620;17610;2.887
17621;17078;1.214
17622;17620;9.824
17623;17619;4.964
17623;17620;0.919
17613;17624;2.784
17625;17624;3.364
17614;17625;8.347
17618;17626;4.445
17627;17623;1.700
17628;17626;1.168
17629;17621;1.095
17105;17630;9.707
17626;17631;2.320
17633;17632;9.587
17633;17634;8.609
17635;17633;0.890
17636;17631;3.237
17636;17637;2.817
17638;17635;1.642
17631;17638;2.263
17639;17625;6.440
17619;17639;13.101
17640;17636;1.850
17641;17627;9.869
17642;17638;1.599
17624;17643;2.824
17644;17642;4.125
17645;17642;2.293
17640;17645;4.067
17635;17646;6.691
17646;17644;1.869
17643;17647;0.387
17641;17648;3.774
17645;17640;5.405
17107;17647;0.437
17646;17649;6.700
17650;17641;7.910
17644;17651;11.950
17652;17639;10.162
17653;17627;13.123
17654;17652;1.079
17655;17644;6.535
17649;17656;4.956
17651;17655;8.648
17657;17653;3.528
17658;17653;1.889
17659;17650;4.959
17656;17660;3.573
17649;17661;5.781
17651;17662;5.036
17663;17656;3.462
17661;17663;3.401
17664;17655;4.269
17665;17663;2.938
17666;17650;12.689
17667;17666;8.436
17661;17668;11.171
17661;17669;10.041
17668;17670;4.132
17671;17669;6.947
17668;17671;3.192
17669;17672;2.603
17673;17671;6.713
17674;17666;9.439
17670;17675;10.794
17585;17676;24.621
17676;17677;10.011
17630;17678;40.413
17678;17108;40.042
17677;17679;38.916
17678;17680;21.078
17681;17629;2.296
17682;17681;38.069
17558;17683;86.674
17683;17110;1.514
17109;17684;5.171
17682;17685;9.002
17685;17686;5.361
17688;17687;4.774
17684;17689;57.664
17688;17690;4.341
17691;17687;10.804
17690;17691;10.420
17690;17692;5.530
17692;17686;5.479
17693;17691;11.826
17694;17693;2.255
17695;17693;13.302
17696;17695;4.703
17695;17696;12.922
17697;17696;3.797
17697;17698;8.405
17699;17697;15.800
17698;17699;10.889
17698;17700;2.403
17702;17701;10.294
17702;17703;10.120
17704;17702;2.256
17706;17705;2.687
17704;17706;3.668
17707;17706;4.868
17707;17704;5.380
17709;17708;11.581
17705;17710;10.235
17710;17709;5.995
17711;17707;8.958
17712;17711;1.123
17712;17699;18.709
17713;17692;18.413
17714;17710;3.121
17709;17715;6.457
17705;17716;7.157
17717;17714;2.500
17716;17717;5.402
17718;17717;1.087
17719;17712;6.061
17713;17719;13.086
17720;17714;4.182
17721;17720;6.168
17722;17719;2.129
17716;17723;8.550
17724;17720;4.004
17723;17724;1.323
17725;17711;9.139
17725;17722;2.834
17726;17723;3.996
17727;17724;11.141
17727;17726;3.988
17728;17727;0.276
17729;17722;6.298
17730;17725;5.145
17729;17730;3.587
17731;17728;7.337
17732;17729;5.517
17732;17713;5.918
17726;17733;10.174
17733;17730;5.294
17733;17732;3.909
17735;17734;15.725
17734;17732;12.411
17736;17734;9.265
17737;17728;19.889
17680;663;87.711
17738;17682;116.513
17689;17738;98.361
17739;17738;46.017
17739;17740;29.251
17740;17741;32.156
17743;17742;5.372
17744;17742;6.924
17745;17744;0.186
17741;17746;18.283
17748;17747;3.503
17745;17748;13.086
17749;17748;3.485
17751;17750;4.271
17748;17751;2.741
17753;17752;4.617
17751;17753;4.985
17753;17754;2.257
17754;17749;7.453
17756;17755;5.302
17753;17756;5.253
17754;17757;5.212
17758;17757;5.545
17760;17759;4.197
17756;17760;2.902
17757;17761;2.115
17762;17761;8.065
17761;17763;2.798
17764;17763;6.569
17760;17765;4.641
17766;17765;2.169
17768;17767;4.635
17769;17763;4.443
17765;17770;1.954
17771;17768;1.896
17770;17771;0.915
17763;17772;6.590
17772;17773;12.977
17774;17772;3.356
17775;17770;6.384
17776;17775;4.777
17777;17742;196.901
17779;17778;4.474
17775;17780;2.300
17780;17774;4.708
17781;17780;0.808
17782;17779;3.363
17768;17782;10.100
17783;17782;1.321
17771;17783;7.861
17784;17783;3.663
17781;17784;2.718
17785;17774;4.871
17784;17786;4.170
17779;17787;8.235
17788;17781;7.433
17786;17789;3.080
17790;17784;6.032
17788;17790;4.078
17787;17791;3.052
17789;17791;7.138
17792;17790;4.486
17793;17786;7.766
17792;17793;2.528
17791;17794;5.929
17795;17789;6.316
17795;17793;4.919
17746;17796;11.619
17794;17797;6.288
17795;17797;3.121
17798;17792;5.607
17797;17799;1.464
17798;17799;7.317
17801;17800;13.235
17800;17802;5.727
17803;17800;4.753
17805;17804;1.527
17804;17798;13.014
17806;17799;12.418
17806;17798;21.733
17807;17803;3.505
17808;17807;12.328
17809;17805;2.677
17803;17802;10.174
17810;17802;6.628
17811;17807;3.231
17796;17810;7.878
17812;17794;22.576
17812;17806;5.434
17814;17813;2.031
17815;17805;10.574
17816;17815;5.316
17817;17814;1.452
17811;17814;12.539
17818;17806;9.059
17819;17811;5.918
17820;17804;12.625
17821;17815;6.229
17822;17819;9.656
17820;17821;6.823
17823;17810;10.372
17824;17812;7.080
17818;17824;4.361
17819;17825;2.862
17825;17826;8.686
17826;17827;2.394
17828;17821;3.696
17827;17823;7.443
17829;17818;6.791
17829;17828;0.628
17830;17828;4.506
17828;17831;4.613
17832;17826;7.311
17833;17820;10.726
17834;17825;10.871
17835;17831;6.553
17835;17833;2.965
17831;17836;3.936
17836;17835;2.814
17836;17837;0.832
17838;17829;9.772
17839;17824;14.571
17840;17838;9.753
17841;17839;7.779
17842;17838;10.571
17837;17842;11.238
17843;17842;2.654
17837;17844;18.182
17073;17743;3.436
17111;17074;10.260
17731;17112;202.563
17845;17739;83.245
17846;17845;31.473
17847;17846;5.316
17087;17847;11.567
17848;17088;23.708
17849;17846;81.693
17850;17849;0.172
13199;17850;1.199
17851;17848;66.111
17852;17851;7.879
17853;17852;47.313
17498;17854;4.627
17502;17854;0.226
17856;17855;17.890
17862;17861;2.578
17864;17863;2.488
17865;17856;3.427
17867;17866;1.113
17869;17868;4.098
17871;17870;2.767
17873;17872;2.599
17875;17874;4.117
17877;17876;3.080
17879;17878;1.592
17881;17880;5.735
17883;17882;1.459
17885;17884;0.841
17887;17886;3.413
17889;17888;1.451
17891;17890;0.715
17893;17892;0.375
17895;17894;0.497
17897;17896;0.727
17899;17898;1.927
17901;17900;0.582
17903;17902;1.286
17905;17904;0.906
17907;17906;0.403
17909;17908;0.805
17911;17910;0.576
17913;17912;0.371
17915;17914;0.476
17917;17916;0.455
17919;17918;3.399
17921;17920;1.038
17923;17922;1.105
17925;17924;0.822
17927;17926;0.384
17197;17928;1.398
17936;17937;1.691
17937;17934;0.500
17939;17938;1.250
17941;17940;15.972
17942;17947;32.544
17948;17942;1.471
17943;17948;1.373
17946;17943;1.829
17894;17946;18.893
10756;17951;32.600
17952;8941;5.573
17953;8940;5.834
17954;8944;4.695
17956;17955;3.085
17958;17957;29.272
17959;17957;4.585
17959;17953;14.952
17957;17960;7.652
17960;17959;2.022
17960;17961;69.842
17963;17962;15.243
17965;17964;5.173
17962;17964;10.640
17963;17966;47.511
17966;17960;4.558
17964;17967;9.686
17964;17968;11.076
17970;17969;37.797
17967;17971;6.863
17962;17972;40.109
17972;17966;3.613
17974;17973;5.205
17976;17975;40.897
17978;17977;8.300
17973;17977;16.367
17969;17979;15.217
17967;17980;37.124
17980;17972;4.739
8942;17980;122.149
17979;17981;18.488
17983;17982;41.964
17983;17980;2.902
17951;17984;29.605
17985;17954;36.526
17984;17986;2.675
17987;17983;4.036
17981;17988;36.154
17989;17986;1.822
17990;17989;1.520
17991;17987;5.763
17993;17992;4.393
17994;17992;10.464
17995;17993;7.459
17996;17991;0.876
17996;17995;10.656
17975;17997;58.789
17997;17987;25.213
17997;17991;16.481
17993;17998;3.752
17998;17999;3.615
17992;17999;4.658
17977;18000;44.481
18000;17973;50.416
17990;18001;22.459
18002;17990;5.831
17998;18003;2.699
18004;17995;5.497
18004;18003;6.143
18005;18002;10.607
18006;18005;13.244
17999;18007;4.147
18008;18007;15.201
18009;18003;5.537
18007;18009;3.863
18010;18000;6.066
18010;18011;19.778
18012;18002;2.411
18013;18012;1.102
18005;18013;8.064
18014;17996;4.264
18014;18015;4.439
18016;18010;6.511
18017;18004;9.303
18009;18017;5.862
18019;18018;5.123
18001;18018;10.934
18007;18020;17.821
18020;18016;10.069
18018;18021;3.332
18021;18012;16.558
18012;18022;3.387
17997;18023;22.726
18023;18014;0.927
18024;18020;4.337
18025;18021;13.629
18022;18025;5.950
18026;18023;6.994
18017;18026;11.378
18027;18025;6.901
18027;18022;8.059
18021;18028;8.725
16547;17985;14.308
18029;18013;8.740
18029;18006;20.261
18029;18030;3.980
18031;18019;18.836
18032;18023;2.649
18033;18019;12.241
17988;18034;21.053
18028;18035;6.267
18025;18035;8.656
18036;18028;5.542
18038;18037;6.573
18039;18006;41.003
18033;18031;19.298
18040;18029;3.287
18040;18039;8.988
18042;18041;5.881
18038;18042;5.430
18043;18039;25.078
18044;18043;9.733
18045;18040;2.109
18039;18045;6.268
18046;18044;12.043
18034;18046;14.589
18047;8;8.092
8;18027;13.753
18048;18026;16.404
18042;18048;6.640
18049;18032;14.610
18049;18032;4.235
17467;18045;6.200
3699;8;2.323
17466;18045;2.600
18035;18050;12.688
18050;9;5.612
18051;18046;13.925
18052;18050;3.690
18053;18043;8.839
18038;18054;15.565
18054;18009;34.670
18016;18054;33.227
18055;3700;6.090
18055;17549;3.857
18056;9;6.104
18057;17466;3.233
18058;17468;6.659
18058;17467;7.258
18059;18052;8.130
18060;18048;12.560
18060;18042;16.767
18057;18061;4.195
18062;18033;24.886
18062;18059;14.078
18059;18063;7.073
18064;18061;8.132
18065;3699;16.113
18065;18055;7.237
18066;18057;3.850
18067;18051;21.792
18068;18060;10.197
18068;18054;8.217
18069;18058;7.181
18070;18061;5.918
18071;18065;5.851
18071;17468;15.812
18066;18072;5.935
18073;18066;2.748
18046;18073;32.440
18074;18031;36.124
18074;18062;23.908
18075;18074;12.864
18076;18071;15.204
18077;18052;36.003
18077;18071;11.067
18078;18073;5.781
18079;18068;27.695
18080;18079;20.929
18081;18077;11.146
18082;18081;7.864
18083;18049;14.998
18084;18079;10.634
18085;18084;14.045
18086;18084;10.511
18087;18078;5.443
18087;18051;43.756
18088;18084;8.792
18086;18088;8.070
18091;18086;15.206
18092;18088;26.298
18092;18091;14.060
18091;18092;26.838
18093;18092;5.446
18095;18094;5.517
18096;18093;5.987
18094;17869;5.667
18097;18096;8.508
18098;18093;10.187
18099;18098;6.071
17868;18099;5.978
18100;18087;15.102
18101;18097;4.886
18097;18096;13.716
18098;18102;4.175
18103;18099;10.123
18104;18098;7.968
18105;18103;12.032
18103;18106;3.398
18101;18107;11.674
18108;18104;6.990
18108;18106;8.563
18107;18101;16.254
18109;18104;8.381
18109;18108;4.111
18110;18107;7.073
18111;18102;17.927
18102;18111;13.063
18111;18112;4.469
18112;18113;5.991
18114;18109;8.333
18116;18115;21.664
18113;18116;6.907
18117;18116;2.895
18116;18118;7.543
18119;18114;4.972
18119;18120;11.625
18121;18111;15.683
18114;18121;6.522
18106;18122;30.301
18122;18123;17.499
18118;18124;6.138
18112;18125;17.447
18121;18125;3.846
18124;18126;3.445
18127;18100;12.918
18128;18119;5.229
18126;18129;3.448
18128;18125;11.590
18130;18127;0.734
18131;18083;30.198
18129;18131;27.461
18125;18113;31.609
17955;18132;67.773
18133;18124;14.737
18133;18118;18.128
18132;18134;0.184
18134;18131;16.440
18128;18135;48.928
18136;18131;16.937
18137;18133;45.891
18138;18136;66.012
18140;18139;5.901
18139;18129;96.325
18141;18139;17.815
18142;18141;11.969
18143;18136;16.263
18145;18143;5.363
18141;18146;33.180
18146;18139;59.730
18147;18146;4.263
18153;18130;41.562
18155;18153;3.783
18156;18154;3.338
8405;18156;0.942
18157;18152;6.144
8404;18157;3.318
18158;18155;36.058
17907;18158;4.284
8446;18159;2.240
18159;17909;1.068
17908;18160;5.013
17900;18160;3.010
18161;17901;9.995
17902;18161;9.812
18162;17903;10.731
17904;18162;7.591
18163;17905;15.501
17906;18164;26.803
18165;18163;28.246
16693;18165;1.058
18167;18166;4.923
18164;18168;6.407
18166;18168;71.375
18170;18169;7.980
18172;18171;7.336
18168;18173;12.332
18173;18174;4.934
18171;18175;18.682
18169;18176;20.016
18175;15994;6.346
18169;18177;30.505
18178;18174;7.741
18179;18176;10.168
18179;18178;1.595
18176;18177;17.113
18180;18177;3.777
18180;18179;5.981
18180;18181;3.136
18182;18177;20.082
18181;18182;1.729
18184;18183;6.561
18182;18184;10.321
18182;18185;9.465
18186;18185;8.944
18186;18181;11.696
18187;18178;19.230
18184;18188;16.837
18185;18188;10.072
18189;18187;4.047
18191;18190;3.872
18190;18192;8.633
18187;18192;5.317
18193;18185;9.541
18193;18186;5.365
18194;18190;4.019
18195;18186;10.310
18194;18195;5.388
18196;18193;3.828
18197;18194;6.320
18199;18198;4.488
18200;18196;6.753
18195;18200;3.719
18201;18198;3.989
18201;18196;3.682
18203;18202;7.384
18203;18204;4.595
18205;18197;4.735
18192;18205;7.728
18204;18206;6.728
18188;18206;11.826
18206;18207;7.952
18207;18198;8.472
18183;18172;41.773
18208;18195;9.218
18208;18197;6.499
18207;18209;11.195
18209;18201;4.421
18210;18209;9.436
18210;18200;5.525
18211;18203;5.330
18211;18212;8.360
18205;18213;5.342
18209;18214;3.492
18215;18213;15.152
18204;18216;8.475
18216;18206;6.416
18217;18210;6.911
18217;18208;5.130
18213;18217;10.397
18214;18218;4.258
18211;18219;10.835
18220;18207;11.733
18221;18220;6.743
18221;18214;9.277
18222;18217;9.435
18223;18221;7.000
18225;18224;5.059
18225;18221;8.080
18226;18220;13.603
18226;18227;12.231
18227;18225;6.418
18228;18216;22.873
18226;18228;10.666
18229;18227;3.941
18229;18230;22.538
18231;18228;20.642
18232;18231;21.165
18233;18232;15.152
18229;18233;42.710
18233;18234;9.756
18160;18235;45.983
18235;18236;3.353
18236;18237;3.979
17870;18238;35.572
18237;18239;64.347
18236;18240;26.988
18241;18239;10.340
18241;18240;11.076
17871;18242;34.402
18240;17871;7.198
18243;18239;31.766
18244;18241;11.256
18245;18244;5.028
18243;18246;8.101
18247;18243;9.649
18249;18248;6.658
18245;18249;6.613
18244;18250;14.693
18251;17865;1.576
18252;18245;8.024
18250;18252;6.145
18253;18249;11.111
17855;18254;1.091
18242;18254;32.623
18246;18253;32.433
18255;18253;4.951
18255;18252;5.868
18250;18256;9.831
18256;18255;9.066
18240;18257;16.949
18256;18258;8.309
18258;18257;7.204
18254;18259;10.933
18260;18257;15.044
18259;18260;2.587
18261;18258;3.832
18260;18262;19.304
18262;18259;25.910
18257;18263;13.674
18262;18263;11.737
18264;18246;61.840
18264;18255;35.887
18265;18263;13.221
18263;18266;4.655
18267;18264;26.258
18267;18265;17.567
18268;18266;9.118
18269;18267;8.219
18270;18265;25.803
18266;18271;11.270
8487;18272;1.581
18271;18273;2.289
18274;18267;29.168
18275;18268;7.967
18276;18275;4.249
18273;18277;13.466
18275;18277;34.421
18272;17883;18.804
17882;18278;6.221
18277;18279;53.331
18279;18280;3.127
18280;18281;13.895
18282;18280;5.673
18283;18282;0.680
18284;17885;26.777
18285;18283;27.494
17884;18286;19.317
18286;18287;24.706
18287;18288;0.417
18288;18289;15.934
18289;18290;1.542
18290;18291;3.634
18294;18293;28.291
18292;18293;4.193
18291;18295;1.573
18297;18296;16.166
18298;18285;79.655
18300;18299;29.866
18301;18297;21.087
18303;18302;11.992
18297;18303;24.138
18305;18304;5.943
18307;18306;57.375
18299;18307;15.019
18308;18303;20.914
18308;18301;23.112
18304;18309;16.631
18310;18301;31.670
18307;18310;14.104
18311;18308;6.421
18309;18312;9.496
18295;17887;10.683
18299;18313;42.250
18314;18310;15.479
18313;18315;3.758
18313;18316;4.865
18317;18314;11.326
18316;18318;5.617
18318;18315;4.341
18314;18319;12.239
18316;18319;5.987
18321;18320;120.339
18293;18321;25.406
18322;18298;12.379
18323;18322;0.214
17910;18323;0.136
18321;18324;0.919
18325;17886;0.330
18319;18326;6.541
18318;18326;7.056
18327;18325;0.797
18326;18328;3.158
18315;18329;19.112
18324;18329;3.119
18330;18329;4.324
18328;18331;7.182
18331;18330;4.614
18312;18332;71.506
18332;18333;2.877
18333;18314;22.806
18333;18328;9.150
18334;18327;1.735
18335;18330;5.523
18329;18336;9.546
18337;18333;8.008
18337;18331;13.559
18338;18337;5.248
18339;18336;33.130
18340;18338;9.873
18336;18340;15.923
18340;18341;6.646
18342;18338;15.071
18343;18342;7.326
18345;18344;37.129
18346;18340;5.527
18344;18343;32.418
18347;18343;2.380
18348;18342;3.643
18349;17911;16.667
18350;18348;14.526
18346;18350;5.596
18351;18340;12.995
18352;18351;2.975
18353;18352;4.130
18354;18347;10.284
18355;18346;6.456
18355;18351;5.571
18356;18348;5.961
18357;18354;2.961
18358;18356;10.058
18358;18350;6.995
18359;18357;11.885
18359;18347;8.989
18360;18359;9.612
18360;18356;2.779
18361;18354;17.203
18362;18358;9.240
18362;18355;7.260
18363;18360;20.053
18363;18362;5.549
18352;18364;16.504
18364;18334;54.274
18364;18365;3.520
17912;18349;4.452
18365;18363;11.490
18366;18360;14.327
18367;18366;5.400
18368;18363;8.363
18365;18368;15.993
18369;18366;4.163
18369;18368;15.812
18370;18369;5.021
18371;18368;7.255
18370;18372;4.567
18373;18357;28.150
18373;18370;15.806
18371;18374;5.360
18375;18371;13.189
18376;18368;21.139
18376;18377;4.257
18378;18334;15.464
18373;18379;16.973
18380;18375;9.035
18380;18376;9.767
18381;18380;5.989
18382;18375;23.032
18383;17913;9.971
18379;18384;37.144
18384;18382;38.813
18385;18383;6.435
18387;18386;3.840
18388;18386;7.841
18388;18385;12.215
18389;18388;1.026
18390;18386;10.498
18391;18389;2.191
18391;18392;8.243
18393;18391;4.107
18394;18393;2.948
18396;18395;2.631
18397;18393;1.011
18395;18397;4.906
18398;18397;1.600
18399;18398;5.543
18395;18399;5.673
18401;18400;1.898
18402;18401;2.997
18403;18399;6.749
18403;18389;30.327
18404;18402;1.748
18406;18405;32.407
18398;18406;10.999
18407;18403;3.334
18400;18407;9.371
18407;18408;9.145
18409;18398;3.551
18408;18409;2.828
18410;18408;4.571
18411;18407;9.349
18411;18412;7.806
18413;18409;2.914
18412;18413;4.428
18415;18414;1.099
18414;18416;2.480
17861;18415;3.114
18413;17862;6.216
18412;18417;5.036
18418;18417;4.188
18419;18411;8.399
18420;18413;2.942
18417;18420;4.928
18417;18421;4.428
18422;18420;5.690
18423;18422;9.319
18424;18378;45.939
18425;18424;12.275
18426;18423;13.999
18430;18429;47.929
18430;18431;58.178
18429;18432;12.897
18433;18432;28.314
18429;18435;13.742
18431;18437;9.099
18440;18437;10.838
18440;18441;12.802
18442;17864;13.234
18432;18444;18.627
17863;18444;3.682
18440;18446;21.771
18432;18446;37.565
18447;18446;12.197
18444;18447;28.368
18449;18447;8.614
18449;18450;12.367
18437;18451;34.842
18452;18446;22.708
18453;18426;16.146
18454;18449;7.963
18455;18453;0.294
18452;18456;4.429
18451;18457;6.519
18457;18452;13.829
18458;18457;14.736
18448;18459;8.268
18460;18455;36.848
18461;18460;11.866
18459;17881;31.622
18462;18461;33.209
18463;18462;70.875
18462;18464;4.158
18464;18465;0.837
18466;18464;10.729
18465;18467;3.381
18467;18468;2.878
18470;18469;10.862
18472;18471;12.235
18472;18473;3.722
18473;18471;7.600
18468;18474;3.331
18471;18474;6.878
18475;18455;29.215
18476;18465;18.308
18477;18472;5.644
18469;18477;17.665
18478;18477;10.098
18474;18479;2.527
18480;18468;8.811
18474;18480;9.085
18466;18481;17.270
18476;18481;6.849
18479;18482;2.349
18473;18482;7.103
18483;18478;8.118
18469;18483;12.091
18484;18479;4.786
18482;18485;0.994
18483;18478;12.473
18486;18467;21.127
18486;18480;5.848
18485;18487;1.935
18477;18487;9.334
18488;18466;30.738
18481;18488;14.267
18487;18489;1.544
18488;18490;5.560
18491;18469;21.028
18492;18486;4.511
18489;18493;5.461
18485;18494;8.550
18489;18495;6.326
18495;18483;10.012
18496;18476;21.409
18496;18492;5.949
18497;17880;5.562
18481;18488;37.161
18499;18495;4.095
18500;18497;1.508
18501;18492;13.602
18503;18500;2.329
18504;18503;0.966
17872;18496;36.794
18506;18505;2.322
18507;18504;6.436
18509;18508;14.505
18505;18508;18.879
18508;18510;1.878
17916;18511;0.324
18512;18507;4.597
18513;18512;1.545
18510;18514;26.689
18515;18513;3.915
18514;18516;30.414
18514;18516;13.510
18517;17917;41.703
18518;18517;37.836
18520;18519;9.378
18516;18521;49.931
18519;18521;13.074
18523;18522;4.740
18521;18522;15.339
18524;18518;19.427
18522;18524;17.024
18525;18521;5.555
18526;18525;2.802
18526;18519;10.124
18527;18520;10.858
18528;18526;9.206
18529;18528;2.431
18529;18520;12.555
18530;18525;7.092
18531;18529;5.820
18531;18527;6.208
18532;18530;6.898
18533;18528;6.066
18534;18532;1.985
18533;18534;2.876
18502;18535;84.973
18536;18530;18.836
18537;18530;8.593
18532;18537;4.212
18538;18531;14.767
18539;18538;0.525
18540;18533;4.276
18534;18537;12.107
18541;17860;113.488
18542;18515;28.129
18543;18542;1.036
18544;18539;59.750
18535;18545;50.673
18546;18475;85.471
18545;18547;12.255
18548;18543;37.053
18549;18544;29.297
18550;18549;3.687
18552;18551;10.828
18553;18550;9.030
18552;18553;4.412
18554;18552;2.862
18553;18555;3.305
18555;18556;3.308
18557;18550;16.597
18546;18558;47.860
18559;18554;7.235
18558;18560;3.207
18561;18555;10.045
18559;18561;5.851
18562;18559;3.700
18564;18563;15.786
18561;18564;3.214
18560;18562;22.891
18564;18565;3.171
18565;18564;10.897
18562;18565;17.341
18566;18546;17.958
18567;18565;14.471
17896;18541;55.219
18568;17897;1.376
18569;18568;1.439
18571;18570;5.599
18572;18566;14.437
18573;18571;14.126
18570;18573;7.146
18573;18574;2.409
18574;18575;15.939
18577;18576;5.076
18579;18578;4.240
18575;18578;1.383
17874;18580;17.584
18578;18580;3.557
18577;17875;8.425
18574;18581;33.021
18575;18582;22.827
18582;18581;9.063
18581;18583;6.484
18580;18584;16.688
18584;18582;5.407
18584;18585;1.826
18586;18585;6.287
18585;18587;3.073
18587;18588;10.259
18576;18589;24.783
18590;18548;40.975
18589;18591;48.253
18592;18590;1.173
18593;18592;0.855
18595;18594;0.358
18597;18596;12.818
18596;18598;1.848
18594;18596;29.859
18600;18599;6.451
18598;18599;5.717
18599;18601;3.357
18602;18592;21.725
18601;18602;3.203
18602;18603;10.860
18604;18593;6.477
18603;18604;9.764
18605;18601;8.788
18547;18606;72.064
18607;18603;10.886
18605;18607;4.709
18608;18605;3.596
18608;18599;10.715
18608;18598;14.096
18609;18608;3.691
18610;18595;16.364
18611;18609;5.806
18612;18611;10.903
18613;18604;3.494
18614;18611;7.502
18615;18608;7.688
18616;18607;8.884
18615;18616;3.101
18617;18613;16.212
18616;18617;9.449
18618;18609;6.053
18591;18619;81.582
18621;18620;9.467
18620;18622;11.264
18622;18623;2.618
18624;18613;9.614
18624;18617;39.252
18622;18625;9.565
18620;18625;11.351
18606;18626;17.593
18625;18627;7.885
18627;18626;1.322
18628;18626;11.860
18629;18628;4.957
18630;18627;8.867
18628;18630;9.657
18631;18629;6.521
18632;18631;24.832
18627;18633;4.378
18634;18629;6.494
18633;18635;5.939
18635;18630;6.965
18636;18633;2.305
18637;18631;9.330
18638;18636;2.208
18639;18636;5.158
18640;18635;5.611
18641;18638;7.997
18642;18640;9.582
18643;18572;40.106
18644;18638;28.698
18644;18635;36.069
18619;18643;56.643
18645;18624;15.000
18646;18610;34.718
18647;18569;64.500
18648;18646;22.348
18649;18648;1.314
18650;18643;17.645
18652;18651;7.701
18653;18652;5.112
18653;18652;17.135
18654;18653;3.891
17918;18649;9.521
18654;18655;16.370
18655;18656;28.256
18657;18655;3.328
18658;17919;3.393
18660;18659;3.993
18659;18654;18.821
18655;18659;11.301
18661;18659;5.306
18662;18657;6.644
18663;18662;3.126
18659;18664;10.722
18664;18657;8.966
18665;18664;5.254
18662;18665;6.071
18666;18662;6.964
17898;18647;18.334
18667;18661;26.340
18668;18658;5.765
18669;18661;11.410
18669;18664;7.420
18667;18668;9.384
18670;18665;5.184
18671;18669;11.428
18671;18670;3.741
18672;18671;4.628
18673;18645;25.623
18674;18673;5.125
18676;18675;23.628
18677;18676;9.751
18678;18674;0.295
18679;18676;16.925
18676;18680;9.243
18681;18650;20.886
18680;18682;4.116
18683;18678;1.678
18685;18684;2.829
18682;18686;4.702
18687;18683;1.224
18688;18680;11.654
18689;18685;31.726
18682;18689;23.545
18690;18687;2.752
18689;18691;6.227
17876;18689;17.169
18691;18692;10.009
17888;18690;8.364
18693;18681;21.415
6093;17899;72.120
18694;18693;45.368
18695;18694;1.114
18698;18695;1.148
18699;18697;4.212
18700;17889;64.666
18701;18700;0.991
18702;18699;49.770
18704;18703;13.612
18703;18705;8.291
18705;18702;107.143
18706;18704;27.942
18707;18701;27.536
18709;18708;9.966
18711;18710;9.514
18712;18711;10.340
18708;18713;17.064
18714;18712;4.288
18713;18715;4.276
18715;18716;3.977
18716;18717;2.072
18718;18711;24.353
18717;18718;1.493
18719;18713;7.118
18720;18714;8.705
18721;18714;8.901
18720;18721;3.862
18712;18722;13.510
18723;18721;1.098
18724;18719;14.779
18708;18724;28.636
18723;18722;6.758
18725;18718;11.355
18715;18726;13.445
18726;18719;8.360
18727;18723;5.309
18727;18720;6.898
18722;18728;4.769
18728;18727;9.060
18729;18727;4.760
18729;18720;8.147
18724;18730;8.929
18726;17879;5.251
18731;18725;8.011
18732;18729;4.367
18733;18718;19.923
18733;18725;7.573
18728;18734;6.770
18735;18732;3.422
18736;18732;2.106
18736;18733;7.236
18737;18731;4.498
18738;18731;8.264
18739;18738;3.049
17878;18740;13.813
18730;17878;6.612
18740;18730;12.200
18741;18736;7.559
18741;18742;4.047
18742;18733;10.117
18743;18727;16.237
18743;18741;7.818
18742;18738;17.350
18744;18740;7.829
18745;18739;10.485
18746;18698;45.568
18747;18706;29.845
18743;17921;18.802
17920;18747;5.955
18748;18746;1.933
17922;18744;2.918
18751;18748;1.481
18752;18751;1.742
18753;18752;1.967
17890;18707;26.212
18754;18750;9.959
18755;17891;2.276
18756;18755;4.256
18757;18753;9.661
18758;18757;1.007
18760;18756;3.719
18762;18761;1.090
18763;18760;0.556
18765;18764;24.480
18754;18764;11.820
18764;18766;1.745
18768;18763;4.298
18761;18769;19.372
18772;18771;7.658
18772;18766;29.982
18769;18773;2.714
18766;18774;2.045
18769;18774;9.534
18774;18775;1.442
18775;18773;9.620
18777;18768;4.199
18778;18762;16.548
18773;18779;6.046
18778;18779;13.819
18768;18780;10.550
18775;18781;2.338
18779;18782;6.619
18783;17867;38.364
18783;18777;4.935
18784;18776;17.745
18785;18784;16.006
18786;18785;3.600
18783;18787;5.554
18780;18787;13.563
18788;18783;1.804
18789;18772;30.946
18789;18775;21.025
18790;18782;17.252
18790;18778;16.546
18781;18791;5.102
17866;18792;20.608
18792;18788;3.061
18793;18781;15.594
18787;18794;17.019
18780;18794;15.417
18782;18795;12.032
18795;18790;3.519
18793;18796;2.997
18797;18788;6.434
18797;18798;7.010
18798;18799;4.913
18799;18800;3.884
18801;18789;6.591
18796;18801;4.149
18784;18802;21.705
18803;18793;3.546
18791;18803;5.381
18798;18799;6.812
18800;18804;9.839
18794;18804;4.038
18805;18797;4.498
18791;18806;2.747
18806;18795;7.152
18796;18803;10.211
18807;18806;1.527
18808;18790;10.687
18808;18807;10.185
18809;18807;0.694
18803;18810;10.047
18810;18809;1.803
18792;18811;12.009
18811;18797;10.917
18804;18812;8.630
18812;18813;7.673
18812;18814;4.830
18815;18786;38.458
18816;18801;15.915
18816;18810;11.824
18817;18809;2.909
18818;18817;3.199
18785;18819;40.367
18820;18811;6.802
18800;18821;17.736
18822;18820;3.257
18815;18819;51.070
18821;18823;12.107
18823;18812;6.352
18824;18812;10.769
18819;18824;8.030
18823;18824;10.746
18825;18821;5.614
18826;18817;1.416
18826;18827;3.514
18826;18828;0.762
18829;18816;14.486
18830;18825;6.196
18831;18758;12.171
18828;18832;4.499
18833;18820;6.708
18833;18830;7.111
18834;18823;6.816
18835;18792;14.718
18836;18825;8.405
18836;18834;10.307
18837;18816;11.166
18838;18833;3.794
18839;18808;18.098
18840;18831;0.876
18841;18837;13.310
18841;18828;2.152
18835;18833;34.827
18842;18836;4.991
18843;18834;5.243
18844;18841;1.659
18844;18839;5.287
18845;18841;4.477
18846;18838;5.066
18847;18830;9.374
18847;18842;6.075
18846;18848;7.313
18848;18838;7.541
18849;18835;2.232
18850;18846;15.271
18848;18847;7.359
18851;18850;13.685
18849;18851;7.122
18852;18839;9.899
18852;18853;10.207
18854;18844;2.432
18855;18842;20.835
18854;18837;23.940
17892;18849;3.798
18856;18854;12.292
18856;18852;11.471
18857;18854;4.644
18857;18856;4.514
18858;17893;5.894
18859;18840;11.280
18860;18857;10.727
18861;18859;0.919
18862;18860;5.676
18863;18861;4.830
18864;18862;1.624
18865;18863;2.052
18866;18865;1.036
18867;18858;10.635
17924;17923;66.159
18868;18866;3.163
17926;17925;0.781
18869;17927;3.861
18869;18870;3.407
18872;18871;1.101
18873;18868;4.057
18873;18862;12.157
18870;18874;8.112
18874;18872;6.646
18874;18875;2.859
18875;18876;4.393
18877;18874;27.928
18876;18877;10.496
18877;18878;20.626
18875;18879;5.234
18876;18880;10.700
18879;18881;5.325
18882;18879;10.062
18883;18877;11.719
18884;18883;4.868
18885;18882;14.124
18887;18886;16.503
18887;18883;7.322
18888;18887;6.922
18889;18887;8.091
18890;18873;37.425
18891;18867;79.578
18892;18890;31.205
18893;18892;0.355
18894;18893;5.874
18895;18894;18.835
18896;18895;0.685
18897;18896;33.242
18898;18891;68.463
18899;18898;5.890
18900;18897;12.280
18901;18899;4.646
17914;18900;3.009
18902;17915;8.513
18903;18902;17.430
45;18903;4.284
47;18904;21.878
18906;18905;5.683
18907;18906;1.704
18904;18907;6.877
51;50;5.210
18908;18901;77.193
17947;18908;0.528
17934;6280;57.039
17932;17936;0.602
18909;52;45.019
18910;18909;9.160
82;18910;6.372
17929;17137;22.976
17938;17932;26.308
18911;18909;13.642
18913;18912;11.689
18912;18914;3.751
18914;18915;8.482
18915;18916;10.476
18914;18917;3.052
18918;18914;7.888
18917;18919;4.738
18920;18918;10.080
18921;17941;10.886
18917;18922;11.305
18916;18922;15.054
18922;18923;2.872
18923;18924;2.517
18926;18925;5.518
18925;18918;11.770
18927;18925;4.260
18927;18922;7.113
18924;18928;7.024
18916;18928;16.224
18929;18928;15.590
18930;18929;32.282
18932;18931;8.394
18929;18933;3.314
18931;18933;3.281
18934;18924;5.790
18928;18935;5.459
18935;18936;2.804
18937;18921;11.037
18938;18927;8.062
18938;18923;13.933
18936;18939;7.296
18933;18939;6.912
18940;18937;3.129
18937;18941;5.841
18942;18940;1.226
18943;18941;6.249
18944;18943;4.326
18941;18944;3.145
18943;18945;11.427
18946;18940;35.324
18927;18946;16.317
18947;18938;14.935
18935;18947;14.079
18948;18947;4.217
18936;18948;13.273
18949;18942;7.080
18944;18950;5.011
18951;18949;2.885
18951;18946;4.367
18952;18950;6.224
18952;18940;11.710
18953;18948;15.250
18939;18953;14.074
18954;18951;1.969
18954;18947;10.123
18955;18952;6.231
18955;18942;13.026
18956;18954;2.022
18947;18956;9.678
18951;18957;5.460
18958;18953;4.660
18950;18959;8.451
18960;18955;18.847
18960;18949;9.793
18957;18960;12.455
18961;18956;7.330
18961;18958;4.354
18957;18962;8.689
18956;18962;7.605
18963;18961;1.476
18963;18958;5.403
18964;18962;6.937
18965;18963;2.714
18966;18960;27.577
18962;18966;12.347
18961;18966;28.017
18966;18967;6.868
18968;18965;19.947
18969;17895;8.972
18970;18911;30.812
18971;18968;10.005
18972;18970;12.098
18973;18969;19.154
18974;18971;23.921
18975;18974;0.314
18976;18975;15.490
18977;18972;19.212
18978;18977;3.931
18980;18979;8.992
18981;18976;9.640
18982;18981;17.251
18980;18983;21.570
18985;18984;5.400
18983;18985;7.933
18983;18986;8.111
18987;18985;9.258
18988;18985;4.820
18986;18988;9.919
18989;18988;2.127
18990;18973;36.836
18991;18989;5.364
18992;18989;2.725
18993;18992;5.866
18994;18990;0.984
18995;18992;3.253
18996;18995;7.973
18986;18997;16.531
18998;18995;5.086
18999;18998;2.590
18999;19000;6.102
19001;18998;10.462
18997;19002;7.708
19002;19003;6.990
18997;19003;8.650
19004;18999;5.795
19002;19004;8.019
19005;18980;44.491
19005;19001;7.951
19001;19004;13.400
19003;19006;2.193
19007;19006;9.291
19008;18978;4.548
19007;19008;17.087
19009;19004;1.943
19010;19009;13.460
19006;19010;3.144
19011;19010;4.414
19011;19007;6.092
19012;19005;6.945
19012;19013;10.117
19013;19014;4.760
19015;19010;3.556
19015;19011;4.789
19016;19015;6.231
19013;19017;9.507
19017;19009;7.538
19017;19016;6.285
19018;19015;3.374
19016;19019;4.242
19018;19019;6.489
19020;19017;5.100
19019;19020;4.886
19021;19018;4.620
19022;19012;11.667
19022;19023;16.452
19024;19020;6.049
19024;19021;11.086
19025;19024;1.851
19026;19025;2.359
19027;19026;1.882
19028;19007;8.755
19029;19026;5.401
19030;19025;4.724
19031;19027;13.724
19031;19027;9.960
19032;19030;13.516
19032;19021;12.454
19032;19028;7.208
19033;19031;2.157
19034;19030;2.790
19035;19012;36.155
19036;19022;12.536
19036;19033;2.682
19032;19037;4.373
19038;19034;4.884
19038;19032;11.614
19039;19036;23.230
19040;19038;2.267
19041;19039;5.922
19042;19040;2.606
19043;19034;12.355
19043;19042;4.966
19033;19043;12.229
19044;19035;9.269
19044;19041;9.117
19045;19038;4.246
19042;19046;8.273
19046;19040;5.176
17928;18994;23.877
19046;19047;14.530
19047;19028;13.255
19048;19047;5.789
19049;18982;106.897
19050;19049;3.982
19051;19050;19.183
19052;19051;5.046
19053;19052;14.075
19054;19048;58.096
19056;19055;0.293
19058;19056;29.271
19066;19065;11.206
19065;19070;2.037
19072;19058;9.160
19075;19053;17.556
19076;19066;10.187
19077;19076;10.034
19070;19078;19.030
19055;19077;57.303
19080;19075;13.028
19078;19080;22.035
19081;19061;57.564
122;19081;27.184
19082;19079;18.235
7954;19082;5.246
19078;17241;32.972
19084;19083;1.807
19086;19085;0.537
19088;19087;0.619
19090;19089;0.507
19096;19094;9.186
19097;19096;20.794
19098;19096;9.386
19099;19098;19.790
19100;19098;3.456
19102;19101;6.767
19103;19100;5.905
19104;19103;18.404
19105;19100;5.872
19100;19106;13.264
19107;19102;15.230
19108;19102;14.354
19107;19109;12.131
19106;19110;12.579
19111;19095;11.006
19112;19108;5.533
19109;19112;5.314
19113;19103;28.563
19113;19108;8.463
19114;19107;14.320
19106;19115;17.365
19115;19105;14.648
19110;19116;12.464
19113;19117;4.597
19109;19118;15.032
19118;19119;2.613
19114;19119;9.954
19120;19117;6.179
19121;19114;10.562
19111;19121;24.965
19122;19112;15.538
19122;19118;6.640
19123;19115;9.057
19124;19122;3.279
19119;19124;6.010
19116;19125;12.553
19120;19126;6.551
19127;19105;34.144
19127;19120;7.973
19121;19128;7.472
19128;19111;11.469
19117;19129;15.496
19130;19127;3.514
19126;19130;6.400
19129;19131;3.735
19129;19132;2.458
19124;19132;11.473
19133;19130;2.201
19126;19134;9.286
19131;19134;3.022
19132;19135;3.236
19110;19136;34.904
19136;19123;11.214
19134;19137;3.890
19138;19133;9.486
19131;19139;5.632
19139;19135;4.362
19123;19140;18.728
19140;19138;2.345
19141;19133;5.802
19137;19141;4.582
19142;19141;7.116
19143;19128;9.187
19144;19140;3.443
19145;19138;2.333
19145;19142;4.467
19146;19124;15.152
19146;19128;5.076
19147;19137;5.647
19147;19139;6.177
19148;19144;4.285
19149;19147;1.781
19150;19136;6.673
19150;19148;2.593
19151;19145;4.786
19152;19141;7.000
19149;19152;6.279
19144;19153;5.863
19154;19135;11.875
19154;19146;3.282
19155;19149;6.151
19155;19154;11.657
19116;19156;40.710
19156;19150;8.671
19157;19152;3.861
19155;19157;7.782
19142;19158;10.547
19157;19159;6.385
19159;19158;6.333
19158;19148;20.043
19160;19159;5.038
19157;19161;8.015
19162;19161;10.325
19162;19154;4.774
19161;19163;2.607
19164;19162;0.568
19166;19165;27.315
19095;19165;86.331
19167;19154;16.719
19168;19167;4.114
19160;19169;8.674
19125;19170;44.574
19170;19156;13.046
19163;19171;5.607
19171;19164;0.754
19165;19172;4.720
19173;19160;8.095
19173;19163;7.189
19174;19170;4.926
19172;19175;9.596
19176;19169;11.121
19176;19173;4.516
19177;19164;13.443
19167;19177;8.639
19178;19172;5.441
19179;19146;30.671
19175;19179;2.708
19180;19177;2.797
19174;19181;6.729
19169;19181;15.320
19182;19167;13.165
19179;19182;5.307
19183;19175;4.740
19178;19183;6.933
19184;19176;8.623
19184;19171;4.135
19180;19185;5.393
19186;19180;6.138
19187;19186;3.781
19182;19187;4.248
19188;19184;0.668
19189;19187;6.266
19189;19182;4.395
19183;19189;7.566
19186;19190;9.404
19191;19189;4.392
19188;19190;18.733
19192;19190;1.449
19193;19174;9.424
19181;19194;8.840
19194;19188;4.525
19195;19191;11.023
19195;19178;15.054
19197;19196;9.967
19198;19195;3.359
19193;19199;6.071
19200;19192;16.316
19191;19200;17.150
19202;19201;13.600
19201;19196;8.583
19203;19194;16.896
19203;19192;22.284
19201;19204;3.633
19196;19204;9.245
19204;19205;4.157
19206;19203;10.148
19200;19206;21.597
19199;19207;30.658
19208;19198;18.380
19209;19198;21.550
19210;19201;25.524
19208;19206;36.505
19210;19211;22.676
19205;19211;12.245
19211;19212;6.596
19214;19213;4.795
19213;19215;12.430
19212;19216;3.211
19216;19214;4.562
19217;19215;2.157
19219;19218;7.938
19218;19210;26.356
19215;19220;6.835
19214;19221;5.855
19221;19217;4.102
19216;19222;5.891
19222;19221;1.553
19212;19223;7.410
19223;19222;1.425
19224;19208;15.778
19220;19225;46.881
19211;19226;11.321
19226;19223;4.655
19218;19227;16.244
19227;19226;26.251
19220;19228;6.568
19229;19222;6.109
19230;19217;11.893
19230;19228;6.450
19231;19224;17.327
19231;19209;19.639
19232;19224;6.291
19233;19229;10.580
19227;19234;27.128
19234;19226;7.610
19234;19233;8.442
19235;19232;3.777
19228;19236;6.885
19238;19237;9.820
19239;19230;6.796
19236;19239;7.168
19240;19233;6.279
19241;19238;8.251
19242;19229;10.996
19243;19235;17.468
19243;19231;8.657
19239;19244;11.250
19239;19245;6.240
19236;19245;6.574
19246;19242;1.952
19244;19246;2.525
19247;19241;19.447
19248;19240;9.006
19248;19242;5.460
19249;19232;23.634
19250;19240;7.315
19251;19248;2.110
19251;19250;7.032
19245;19252;5.967
19253;19252;3.284
19254;19194;14.914
19244;19255;7.253
19237;19215;53.244
19252;19255;13.695
19256;19251;4.387
19255;19256;5.740
19257;19234;16.035
19257;19250;6.598
19258;19257;2.935
19256;19259;8.140
19259;19258;4.338
19260;19247;8.168
19261;19258;6.065
19259;19261;5.502
19207;19262;25.550
19263;19243;25.305
19264;19235;31.056
19264;19243;39.488
19265;19264;6.210
19266;19261;14.804
19267;19254;11.910
19268;19260;22.543
19262;19269;16.637
19269;19268;9.691
19271;19270;16.611
19093;19272;141.099
19273;19270;87.408
19270;19273;30.483
19275;19274;49.263
19273;19274;9.685
19276;19272;6.305
19274;19276;4.597
19277;19276;5.145
19278;19277;6.771
19279;19277;1.616
19279;19280;3.520
19282;19281;9.055
19282;19278;2.851
19284;19283;21.926
19283;19285;4.741
19286;19279;2.227
19287;19286;4.864
19288;19287;9.812
19285;19288;9.445
19278;19289;11.339
19286;19289;2.657
19289;19290;2.029
19291;19283;7.341
19292;19282;13.598
19293;19290;3.618
19294;19288;9.002
19294;19285;13.267
19295;19286;3.231
19296;19292;8.381
19297;19287;11.922
19298;19297;1.973
19290;19299;9.900
19298;19300;9.858
19301;19295;1.487
19297;19301;3.937
19302;19295;7.731
19300;19298;3.718
19303;19294;6.350
19303;19304;8.087
19305;19292;15.804
19306;19301;1.689
19307;19303;5.343
19308;19307;2.982
19310;19309;5.183
19309;19306;3.959
19300;19311;7.724
19312;19311;2.185
19313;19312;4.799
19307;19312;13.356
19314;19306;1.824
19311;19314;6.016
19315;19267;38.966
19316;19314;3.310
19317;19309;12.234
19318;19316;18.188
19319;19315;13.201
19320;19318;4.582
19321;19320;34.712
19322;19321;2.580
19323;19322;8.011
8759;19323;4.282
19323;19084;5.999
19083;10685;1.856
19085;19319;66.186
19324;19086;7.096
19325;19324;15.827
19326;19325;1.519
19327;19325;3.634
19329;19328;0.630
10732;19329;0.535
19330;19326;17.114
19331;19330;5.984
19328;19331;64.185
19332;19327;11.400
19334;19333;25.285
19336;19335;5.582
19336;19332;1.063
19337;19336;1.504
19326;19337;43.073
19338;19332;19.248
19333;19339;8.795
19339;19338;7.400
19340;19336;2.912
19341;19340;5.532
19342;19339;10.900
19339;19343;10.092
19343;19338;13.554
19343;19344;10.224
19344;19340;3.266
19345;19343;2.712
19342;19346;8.278
19346;19345;5.812
19347;19337;26.015
19348;19345;4.268
19349;19344;3.188
19351;19350;6.520
19351;19342;11.370
19352;19346;10.742
19353;19348;7.689
19353;19349;1.363
19354;19348;7.606
19355;19352;2.767
19357;19356;37.066
19356;19333;37.670
19356;19358;2.288
19358;19359;7.076
19359;19351;5.539
19360;19349;9.018
19361;19353;1.410
19362;19352;6.129
19362;19354;3.192
19363;19360;22.249
19360;19361;15.470
19364;19359;3.466
19364;19355;8.379
19365;19354;9.432
19365;19361;1.397
19366;19355;9.252
19358;19367;11.888
19367;19364;5.298
19367;19366;2.801
19368;19366;8.990
19368;19362;10.872
19367;19369;12.421
19369;19368;7.241
19369;19370;7.688
19370;19365;7.496
19371;19370;10.366
19372;19370;3.991
19373;19372;0.497
19374;19373;7.696
19375;7605;12.931
19376;19375;0.458
19377;19374;40.308
19378;19376;24.926
19379;19378;3.675
19380;19379;0.495
19381;19380;1.091
19382;19381;0.819
19383;19382;19.185
19384;19383;10.881
19386;19385;9.253
19385;19387;8.197
19388;19387;6.448
19389;19388;3.269
19387;19390;10.524
19389;19390;6.322
19391;19385;18.059
19392;19388;10.347
19392;19391;4.388
19393;19389;4.353
19393;19392;3.089
19395;19394;14.849
19390;19394;10.189
19396;19391;8.932
19397;19396;8.744
19398;19392;8.123
19396;19398;2.693
19399;19390;15.662
19399;19393;9.971
19400;19399;10.166
19401;19400;4.899
19402;19400;4.899
19402;19401;3.459
19403;19401;5.932
19404;19384;26.999
19404;19377;64.652
19405;19397;30.852
19406;19402;5.566
19406;19403;8.268
19407;19403;4.248
19407;19398;25.108
19394;19408;31.175
19408;19406;2.963
19408;19409;16.229
19409;19407;4.662
19410;19404;5.253
19411;19409;1.910
19412;19090;6.037
19413;19411;1.167
19089;19413;1.675
19414;19410;6.530
19415;19414;0.269
19415;19416;2.305
19416;19417;18.286
19417;19418;1.701
19418;19419;4.715
19419;19420;15.899
19420;19412;35.637
19421;19415;11.005
19423;19422;4.123
19087;19421;41.526
19424;19088;0.479
19425;19423;6.390
19426;19425;4.516
19424;19422;33.116
15885;19426;26.408
19428;19427;2.172
19430;19428;5.528
19431;19430;0.648
19433;19432;0.724
19435;19434;46.049
19437;19436;60.670
19438;19437;24.615
19439;19431;5.644
19429;19435;18.302
19440;19436;3.823
19441;19440;11.254
19443;19442;16.922
19444;19443;11.918
19446;19445;12.514
19443;19445;11.260
19445;19447;5.635
19448;19447;22.778
19450;19449;4.627
19452;19451;15.051
19454;19453;1.912
19456;19455;1.903
19458;19457;15.541
19459;19458;2.772
19460;19458;8.249
19460;19461;4.157
19462;19461;3.306
19463;19461;22.901
19460;19464;10.545
19462;19464;11.314
19465;19462;14.840
19464;19466;7.208
19467;19466;8.195
19468;19467;14.904
19449;19467;19.058
19458;19463;14.300
19469;19463;22.923
19466;19470;7.100
19470;19465;8.653
19472;19471;3.501
19474;19473;23.276
19476;19475;16.089
19474;19475;2.173
19477;19475;6.451
19473;19478;8.297
19479;19474;17.405
19481;19480;3.166
19480;19477;1.339
19482;19477;12.436
19484;19483;8.597
19485;19484;4.737
19486;19484;9.586
19487;19479;11.505
19489;19488;4.840
19441;19444;11.046
19491;19490;5.850
19442;19446;12.549
19450;19492;8.608
19493;19455;14.121
19432;19494;34.516
19496;19495;9.727
19498;19497;3.558
19495;19499;1.209
19500;19429;8.420
19429;19442;2.912
19442;19501;2.537
19501;19440;5.753
19502;19441;7.501
19501;19490;13.560
19490;19444;2.944
19447;19500;16.151
19500;19446;3.559
19503;19450;20.902
19470;19449;8.039
19465;19492;6.731
19492;19469;2.659
19504;19452;8.403
19505;19497;9.858
19497;19454;2.193
19506;19456;12.379
19473;19472;8.299
19479;19482;8.340
19480;19485;6.386
19508;19507;12.662
19507;19489;4.209
19459;19509;4.789
19509;19510;3.451
19510;19433;22.549
19481;19483;1.319
19483;19496;12.909
19499;19511;44.311
19511;19498;3.539
19453;19512;8.684
19512;19439;49.191
19514;19513;14.045
19516;19515;22.571
19516;19517;12.581
19521;19520;15.685
19524;19523;111.564
19526;19525;13.304
19525;19527;13.420
19528;19523;7.268
19526;19527;1.893
19530;19529;6.452
19529;19531;3.625
19533;19532;10.930
19533;19534;3.365
19536;19535;20.704
19538;19537;3.201
19540;19539;5.751
19537;19526;10.262
19527;19535;4.603
19542;19541;11.587
19543;19541;8.653
19515;19542;27.566
19543;19544;10.313
19515;19517;11.990
19517;19542;8.924
19546;19545;8.216
19547;19529;14.910
19523;19535;13.324
19548;19533;10.409
19531;19549;15.396
19549;19513;3.379
19545;19549;4.984
19532;19545;15.107
19531;19550;8.810
19552;19551;7.217
19553;19551;9.402
19532;19551;1.971
19525;19541;3.223
19554;19537;2.238
19555;19539;6.392
19556;19555;11.062
19555;19524;17.122
19542;19543;9.023
19539;19516;11.298
19516;19557;53.952
19557;19558;11.834
13095;19519;0.243
19559;19519;6.323
19519;19518;3.373
19518;13094;11.507
19520;19522;0.681
19522;19560;34.278
19560;19561;6.368
19561;19562;2.133
19563;19564;96.348
19566;19565;33.412
19568;19567;14.012
19570;19569;21.729
19572;19571;8.609
19571;19573;19.797
19569;19574;4.322
19571;19575;2.500
19574;19576;17.449
19576;19575;11.307
19569;19577;16.633
19577;19574;12.516
19578;19576;15.704
19575;19579;21.425
19581;19580;10.519
19580;19582;1.831
19584;19583;9.577
19586;19583;0.675
19588;19587;5.833
19590;19589;26.236
19591;19589;13.510
19593;19592;4.020
19594;19586;0.647
19589;19595;7.500
19597;19596;6.816
19591;19605;28.656
19565;19607;17.095
19609;19608;171.616
19608;19610;16.150
19612;19611;92.654
19567;19613;25.990
19567;19614;14.525
19615;19614;1.126
19616;19615;0.749
19617;19616;0.943
19566;19567;5.041
19622;19621;2.695
19625;19624;7.023
19627;19626;18.173
19629;19628;9.023
19627;19630;9.470
19632;19631;31.457
19630;19633;3.618
19628;19635;10.882
19631;19636;1.015
19633;19637;6.199
19638;19633;3.826
19630;19639;7.119
19641;19640;10.830
19640;19642;3.748
19637;19642;6.029
19621;19640;5.190
19636;19643;1.309
19644;19627;12.401
19634;19622;21.124
19646;19645;7.511
19646;19644;2.701
19647;19644;8.285
19637;19647;9.519
19643;19648;1.305
19649;19647;2.519
19650;19646;6.927
19649;19650;2.921
19651;19649;7.808
19642;19651;15.751
19653;19652;10.966
19652;19650;4.650
19654;19652;2.206
19655;19651;2.638
19656;19654;4.730
19656;19655;3.189
19655;19657;6.402
19658;19654;8.119
19658;19656;7.023
19659;19658;7.539
19660;19658;20.595
19662;19661;24.433
19664;19663;1.231
19648;19623;23.338
19434;19665;58.169
19667;19666;20.467
19666;19668;8.904
19668;19669;8.709
19670;19666;5.049
19672;19671;3.822
19668;19673;10.013
19673;19672;11.600
19607;19674;14.748
19673;19675;12.238
19677;19676;0.440
19678;19677;0.230
19680;19679;4.954
19682;19681;4.903
19684;19683;1.791
19686;19685;6.199
19688;19687;7.135
19690;19689;8.586
19692;19691;1.029
19694;19693;13.890
19696;19695;1.497
19698;19697;1.764
19700;19699;0.741
19702;19701;4.442
19704;19703;0.409
19705;19704;0.266
19706;19609;3.335
19592;19602;3.658
19708;19707;1.224
19710;19709;5.219
19712;19711;2.403
19714;19713;2.318
19716;19715;1.073
19718;19717;3.350
19720;19719;0.639
19722;19721;0.482
19724;19723;2.250
19726;19725;3.071
19728;19727;1.212
10020;19732;0.633
19732;19733;5.429
19733;19734;2.920
19734;19735;28.965
19735;19736;6.000
19738;19737;11.335
19738;19739;8.573
19739;19740;4.968
19738;19741;6.560
19740;19741;6.118
19740;19742;8.527
19742;19743;9.687
19744;19743;15.638
19746;19745;7.480
19747;19745;3.956
19741;19747;8.305
19748;19747;5.135
19742;19748;5.607
19745;19749;13.418
19750;19748;5.199
19747;19751;6.967
19752;19751;18.020
19736;19753;40.349
19753;19754;18.257
19754;19755;6.052
19756;19744;29.067
19757;19752;13.341
19758;19757;0.390
19760;19759;4.811
19761;19759;8.219
19762;19761;10.330
19763;19762;25.181
19765;19764;6.276
19766;19764;7.915
19768;19767;9.362
19764;19767;0.621
19769;19767;9.060
19771;19770;9.287
19759;19771;24.902
19772;19761;12.780
19762;19772;9.686
19773;19757;45.056
19744;19773;27.468
19756;19773;16.253
19772;19771;17.383
19771;19774;5.403
19776;19775;23.463
19777;19766;8.133
19778;19769;7.103
19766;19779;7.868
19777;19779;3.017
19762;19780;11.849
19775;19758;30.943
19781;19778;8.382
19779;19781;0.978
19782;19772;4.968
19783;19777;2.847
19782;19780;7.580
19780;19784;9.881
19778;19785;5.422
19781;19785;1.605
19786;19783;0.627
19786;19776;4.199
19782;19787;6.169
19785;19788;6.412
19789;19786;3.109
19790;19756;51.033
19791;19789;3.644
19755;19792;24.229
19794;19793;19.674
19795;19793;29.440
19797;19796;13.102
19795;19796;2.055
19795;19798;7.198
19793;19798;29.150
19796;19799;8.306
19798;19799;4.988
19801;19800;31.208
19799;19801;11.134
19799;19802;1.075
19803;19801;5.511
19792;19804;9.994
19802;19805;2.115
19805;19806;8.620
19806;19807;9.735
19808;19803;10.884
19809;19808;1.839
19802;19809;12.127
19806;19810;9.646
19811;19808;5.982
19812;19803;32.734
19791;19813;20.437
19814;19809;15.402
19805;19814;6.672
19815;19811;43.073
19816;19811;11.322
19817;19790;23.244
19818;19817;1.552
19819;19814;6.001
19820;19758;39.100
19821;19818;6.135
19822;19821;7.774
19823;19822;2.813
19824;19820;7.671
19825;19823;8.921
19827;19826;14.964
19823;19826;21.740
19826;19825;6.374
19828;19822;19.625
19829;19825;11.382
19828;19829;3.254
19826;19830;11.784
19830;19829;7.632
19832;19831;6.509
19833;19828;14.418
19831;19833;3.192
19834;19830;5.370
19834;19835;0.889
19835;19833;1.904
19836;19834;15.275
19836;19837;34.805
19835;19838;12.741
19839;19836;12.757
19838;19839;7.820
19840;19838;9.750
19831;19840;30.923
19840;19839;11.844
19841;19840;7.055
19842;19832;28.812
19842;19712;7.356
19804;19843;55.640
19844;19711;9.916
19846;19845;0.343
19847;19824;50.312
19843;19848;18.954
19849;19848;7.479
19849;19850;10.330
19851;19847;9.519
19852;19690;32.121
19689;19853;3.926
19723;19853;1.074
19855;19854;13.788
19856;19849;42.158
19857;19849;19.299
19858;19857;23.343
19859;19846;55.370
19690;19860;33.733
19861;19856;11.497
19862;19855;12.842
19857;19861;19.477
19865;19864;14.685
19866;19724;40.765
19867;19860;7.728
19868;19859;3.772
19869;19857;3.633
19871;19870;4.010
19867;19870;6.729
19869;19872;15.861
19873;19844;33.115
19873;19866;2.298
19874;19867;14.485
19874;19855;17.291
19861;19875;11.847
19876;19865;34.913
19875;19869;25.303
19877;19874;6.918
19878;19856;19.056
19878;19875;12.549
19879;19877;10.280
19880;19874;7.227
19881;19879;14.044
19882;19876;10.791
19883;19880;5.080
19877;19883;7.332
19870;19884;19.771
19885;19883;12.422
19879;19885;6.267
19885;19886;15.170
19886;19881;3.593
19887;19878;28.187
19888;19868;8.167
19886;19889;14.927
19890;19851;16.571
19891;19880;7.312
19892;19869;7.735
19865;19893;40.997
19893;19888;13.685
19895;19894;2.078
19896;19885;30.223
19897;19888;3.105
19893;19898;19.752
19897;19898;9.056
19894;19899;9.795
19900;19897;1.640
19813;19901;98.360
19899;19901;3.125
19902;19873;9.808
19898;19903;7.192
19903;19900;9.627
19902;19904;1.482
19494;19905;49.284
19703;19900;2.073
19906;19892;31.171
19903;19907;5.537
19845;19908;28.570
19907;19909;1.895
19910;19907;15.768
19910;19705;0.290
19901;19911;3.904
19911;19702;1.602
19909;19912;11.505
19914;19913;8.630
19904;19913;6.417
19912;19915;6.050
19917;19912;11.635
19909;19917;7.528
19701;19918;2.327
19919;19914;11.718
19920;19910;3.022
19921;19904;7.253
19922;19919;0.540
19923;19920;1.169
19924;19895;15.620
19913;19925;6.521
19926;19913;8.758
19925;19927;1.034
19928;19923;3.075
19929;19892;20.188
19917;19930;15.060
19930;19928;14.861
19927;19931;3.040
19933;19932;18.926
19932;19934;18.327
19935;19932;13.533
19931;19936;5.974
19931;19937;16.439
19939;19938;8.563
19932;19939;5.538
19939;19940;12.819
19727;19924;7.770
19941;19928;8.478
19941;19930;34.700
19942;19728;6.113
19943;19942;3.692
19943;19728;26.622
19932;19943;24.025
19942;19945;9.673
19943;19945;6.128
19946;19943;2.091
19945;19947;2.999
19946;19948;10.003
19947;19949;29.705
19947;19950;15.746
19945;19951;19.846
19951;19946;5.240
19952;19819;113.694
19953;19951;2.734
19722;19521;22.801
19955;19954;21.495
19956;19922;18.990
19721;19955;19.758
19954;19957;5.393
19958;19957;3.322
19957;19959;3.814
19961;19956;1.085
19713;19953;11.267
19957;19962;6.959
19562;19944;62.127
19963;19961;2.474
19962;19964;11.512
19962;19965;27.762
19965;19966;21.591
19965;19966;13.765
19966;19967;23.320
19967;19968;17.317
19969;19968;19.398
19970;19963;7.906
19908;19438;34.680
19971;19952;20.317
19967;19972;18.711
19973;19968;19.916
19973;19969;22.660
19974;19685;17.283
19685;19929;41.222
19975;19974;29.055
19976;19686;1.693
19977;19973;18.485
19687;19976;1.294
19675;19978;36.857
19675;19979;9.277
19980;19979;4.364
19980;19672;21.794
19981;19980;17.257
19706;19936;54.118
19982;19706;0.549
19984;19983;55.978
19977;19984;17.633
19609;19982;2.845
19986;19985;26.517
19905;19987;56.602
19988;19971;12.082
19979;19989;9.094
19941;19990;36.806
19991;19987;3.182
19984;19992;26.247
19992;19977;24.493
19993;19688;9.576
19995;19994;19.064
19994;19993;1.901
19700;19988;3.103
19996;19991;14.565
19997;19991;3.913
19996;19997;10.698
19699;19998;0.621
19999;19982;10.806
19959;20000;86.236
20000;20001;0.966
20003;20002;5.336
19990;19970;42.507
20004;19994;7.509
20005;19684;0.031
20007;20006;2.768
20006;19996;41.436
20006;20008;16.931
20001;20003;18.739
20009;19997;7.886
20009;20007;25.076
19697;20007;2.250
20010;20008;16.177
20009;19696;0.367
20011;19999;23.118
20002;20012;12.548
20013;19698;1.091
20014;19683;9.194
20016;20015;27.374
20012;20015;6.719
20015;20017;1.046
19695;20017;0.793
20015;20018;2.774
20017;20019;1.696
20013;20020;24.750
20020;20021;7.420
20022;20019;26.228
20022;20013;6.726
20023;20011;6.743
20024;20020;15.268
20025;20018;11.678
20026;20022;2.922
20026;20024;5.843
20019;20027;2.972
20028;20026;2.163
20029;20014;15.937
20030;20028;5.106
20030;20024;6.398
20018;20031;14.724
20031;20027;5.912
20032;20014;17.278
20033;20032;9.138
20034;20032;0.646
20027;20035;6.906
20035;20028;8.565
20036;20031;7.473
20037;20023;27.272
20038;20037;40.749
20040;20039;21.742
20037;20040;59.081
20035;20041;9.242
20041;20030;21.039
20042;20037;4.046
20043;20042;1.905
20044;20043;14.589
20045;20043;1.699
20046;20045;0.811
20046;20044;8.590
20047;20046;4.815
20047;20044;17.886
20039;20048;4.853
20049;20047;1.786
20049;20050;16.645
20052;20051;38.942
20053;20049;1.919
20051;20053;2.044
20054;20029;4.129
20055;20054;21.419
20056;20034;18.186
20057;20042;5.742
20029;20058;23.758
20059;20052;16.731
20059;20055;1.955
20059;20051;13.430
20045;20060;6.201
20060;20057;9.133
20061;20055;4.553
20058;20061;68.001
20063;20062;1.713
20064;20061;2.477
20048;20040;59.762
20058;20065;11.234
20065;20034;38.346
20048;20066;14.663
20068;20067;75.263
20064;19611;18.864
20069;20064;20.554
20065;20070;16.266
20041;20071;14.514
19665;20072;21.836
20071;19584;2.418
20060;20073;20.626
20053;20073;31.811
20074;20057;21.708
20072;20075;28.197
20076;20053;25.452
19674;20067;7.852
20005;20077;77.414
20078;19710;2.853
20075;20078;2.103
19593;20078;0.531
19709;19585;5.981
19588;20074;9.713
19611;19591;50.417
20066;19588;84.250
19596;20074;17.432
20073;19596;25.214
19985;20079;80.462
19620;19582;20.122
20080;19580;6.157
20081;20080;15.671
20081;20082;7.202
20079;20083;8.468
20084;20080;3.361
20086;20085;5.540
20084;20085;2.050
20087;20084;3.313
20085;20088;5.621
20088;20087;6.734
20089;19606;68.674
20090;20087;1.753
20090;20081;12.045
20092;20091;4.651
20091;20088;4.760
20094;20089;0.798
20095;20090;2.701
20091;20097;4.745
20099;20095;2.783
20100;20099;5.175
20101;20097;9.475
20095;20102;8.600
20103;20102;4.992
20103;20099;1.535
20105;20104;2.260
20102;20106;3.371
20107;20103;0.961
20104;20107;7.845
20108;20105;1.843
20097;20109;12.513
20110;20107;5.203
20111;20094;3.897
20112;19579;25.715
20113;20112;0.548
20114;20108;17.346
19610;20115;37.925
20116;20113;5.670
20118;20117;7.311
20115;20119;4.672
20119;20120;6.072
20121;20116;35.110
20123;20122;12.774
20124;20121;2.428
20122;20125;1.915
20125;20120;5.256
20127;20126;7.858
20119;20128;2.427
20122;20129;8.294
20127;20130;18.945
20117;20130;15.303
20113;19718;10.350
20131;20127;8.726
20133;20132;16.376
20131;20133;1.300
20133;20134;2.299
20134;20124;9.514
20135;20131;3.408
20130;20135;14.234
20125;20136;30.631
20136;20128;13.229
20137;20135;1.342
20138;20137;0.728
20140;20139;7.224
20137;20139;4.560
20141;19617;57.312
20139;20142;3.976
20143;20136;14.616
19717;20144;4.523
20147;20141;3.185
20148;20147;0.487
20149;20143;17.897
20151;20150;14.430
20150;20152;13.577
20149;20153;8.846
20154;20150;4.991
20153;20155;1.350
20156;20114;26.409
20157;20151;11.660
20083;20158;80.189
20158;20159;2.948
20159;20160;9.348
20161;20156;13.638
20163;20162;5.126
20164;20162;14.882
20162;20165;12.871
20166;20165;5.817
20167;20159;29.433
20160;20168;24.638
20167;20169;16.592
20160;20170;31.098
20169;20171;18.124
20172;20167;17.877
20168;20172;16.329
20171;20173;23.014
20174;20171;8.714
20174;20175;13.770
20175;20169;13.349
20170;20176;12.821
20177;20175;2.486
20172;20177;12.163
20178;20174;7.286
20180;20179;9.410
20165;20179;27.838
20179;20181;4.692
20182;20172;11.155
20168;20182;26.299
20176;20182;32.132
20183;20181;12.060
20184;20182;6.899
20186;20185;7.769
20187;20185;7.896
20188;20178;11.370
20185;20189;20.485
20189;20188;20.582
20188;20190;2.460
20177;20190;25.538
20184;20190;22.538
20181;20191;20.011
20193;20192;8.255
20195;20194;4.454
20194;20192;8.152
20197;20196;6.798
20191;20198;17.198
20198;20199;14.659
20176;20200;42.221
20202;20201;4.535
20197;20201;3.346
20203;20184;24.878
20204;20189;22.706
20192;20205;8.419
20200;20206;12.973
20207;20194;8.648
20207;20205;6.520
20206;20203;9.294
20209;20208;5.414
20201;20210;6.458
20198;20211;14.634
20212;20210;2.223
20212;20197;7.055
20213;20204;7.142
20211;20214;18.818
20215;20191;15.263
20210;20216;5.084
20200;20206;18.213
20205;20217;10.850
20217;20218;9.507
20219;20212;5.052
20204;20220;15.479
20221;20148;30.990
20209;20222;8.000
20220;20190;39.016
20223;20217;5.645
20223;20207;19.840
20222;20224;12.689
20225;20209;29.656
20226;20225;5.159
20222;20228;10.030
20228;20230;2.208
20225;20230;8.287
20228;19726;0.460
20211;20231;10.319
20230;20232;5.331
20232;20225;6.514
20233;20232;4.870
20231;20239;3.949
20238;20240;0.665
19725;20241;0.836
17777;20241;92.506
20243;20242;14.039
20239;20244;31.264
20244;20242;34.808
20244;20245;16.612
20247;20246;7.305
20248;20161;31.217
20246;20249;29.784
20251;20250;20.671
20253;20252;6.379
20242;20252;31.643
20255;20254;11.176
20256;20248;3.693
20257;20251;18.261
20257;19692;16.423
19693;20252;2.854
20258;20251;8.705
20259;20255;15.554
20254;20260;23.347
20260;20261;6.868
20261;20258;2.881
20262;20255;16.146
20254;20262;8.304
20263;20262;4.850
20264;20259;20.244
20262;20264;9.406
20265;20263;10.117
20265;20260;8.325
20263;20266;1.576
20266;20267;3.003
20267;20265;6.981
20246;20268;38.357
20269;20264;10.640
20269;20266;6.406
20270;20269;6.952
20267;20270;3.368
20271;20265;10.710
20261;20271;9.273
20272;20257;19.231
20273;20271;6.058
20258;20273;12.731
20274;20272;3.008
20275;19694;6.245
20276;20272;16.356
20275;20277;16.873
20278;20274;4.519
20273;20279;20.808
20279;20280;45.747
20280;20278;7.642
20279;20270;44.412
20281;20275;35.326
20280;20282;28.536
20283;20275;19.816
20284;20276;34.885
20240;20285;27.573
20283;20286;11.960
20287;20284;4.213
20288;20287;34.411
20289;20276;8.051
20290;20283;12.182
20285;20291;2.655
20292;20287;3.986
20293;20283;24.656
20293;20294;7.419
20296;20295;20.749
20297;20293;4.317
20298;20296;1.867
20241;20299;66.227
19676;20111;74.720
20300;20297;28.754
20299;20300;8.375
20286;20292;91.878
20301;20290;20.105
20291;20302;19.763
20303;20301;18.021
20305;20304;8.055
20306;20305;21.336
20307;20305;15.095
20309;20308;10.324
20308;20310;5.144
20311;20310;9.965
20303;20312;18.056
20313;20303;14.257
20308;20313;8.712
20314;20256;59.268
20313;20315;9.803
20315;20312;10.069
20316;20307;17.783
20318;20317;10.408
20305;20318;8.490
20319;20313;5.004
20315;20319;15.916
20320;20316;8.926
20318;20321;6.904
20321;20320;17.187
20301;20322;20.355
20312;20323;18.446
20324;19678;32.383
20325;20319;16.782
20325;20310;30.272
20326;20325;19.581
20316;20320;54.660
20327;20324;0.824
20330;20327;2.321
20322;20331;14.645
20314;20332;8.832
20333;20325;19.555
20334;20333;19.092
20333;20334;12.859
20335;20289;48.358
20336;20333;38.564
20332;20337;9.081
20336;20338;5.106
20339;20298;110.397
20340;20314;21.717
20337;20341;6.683
20341;20340;2.912
20342;20336;10.454
20343;20337;9.663
20344;20340;0.858
20345;20344;12.526
20345;20341;4.318
20346;20339;4.142
20347;20342;16.836
20342;20348;4.835
20349;20345;4.433
20343;20350;11.397
20351;20350;18.278
20352;20351;6.476
20353;20343;12.676
20350;20353;12.182
20354;20353;6.767
20355;20344;4.773
20356;20354;13.134
20357;20346;27.738
20359;20358;21.338
20358;20360;5.424
20359;20361;27.920
20362;20361;9.882
20354;20363;19.902
20331;20364;32.175
20365;20359;15.644
20366;20361;6.305
20365;20358;7.515
20367;20365;2.013
20367;20366;3.911
20368;20367;0.608
20360;20369;3.676
20370;20355;5.226
20369;20371;2.837
20372;20368;24.990
20371;20357;29.987
20374;20373;11.868
20373;20375;14.762
20376;20373;8.386
20376;20375;8.458
20377;20366;25.734
20375;20378;17.312
20378;20368;8.103
20378;20377;2.609
20380;20379;46.425
20377;20381;10.297
20382;20379;4.895
20383;20376;11.366
20379;20384;5.298
20385;20382;8.626
20387;20386;10.713
20388;20378;5.157
20389;20382;12.567
20390;20388;2.100
20386;20391;26.260
20393;20392;9.285
20394;20388;23.888
20364;20395;16.050
20396;20335;29.049
20396;20397;3.929
20397;20398;6.190
20400;20399;4.685
20400;20397;8.732
20401;20386;35.875
20402;20400;7.854
20398;20403;20.206
20397;20404;8.330
20398;20404;7.975
20405;20401;29.766
20404;20406;15.975
20395;20407;19.300
20407;20408;19.436
20408;20409;1.296
20411;20410;50.284
20409;20412;11.993
20412;20413;1.724
20413;336;1.651
20410;20414;65.611
20414;19716;0.358
19715;20415;4.535
20416;20411;18.168
20415;20417;16.060
20419;20418;11.364
20417;20419;2.334
20421;20420;22.671
20419;20420;2.129
20420;19682;9.886
20422;20330;73.208
20423;20422;0.978
20424;20416;10.475
19707;20423;0.567
20427;20426;13.870
20426;20425;2.662
20426;19680;0.975
19681;20428;1.981
20428;20429;67.539
19679;20430;3.322
20430;19708;0.664
20431;20426;3.726
20428;20432;4.509
20434;20424;3.262
20432;20435;1.548
20430;20437;1.457
20438;20434;1.122
20437;20439;1.045
20440;20438;9.018
20441;20438;2.476
20441;20440;5.474
20442;20441;0.890
20444;20443;9.769
20442;20443;10.450
20445;20440;11.088
20446;20432;26.789
20447;20445;12.949
20448;20447;6.818
20450;20449;20.737
20443;20449;13.166
20449;20442;3.761
20451;20449;14.945
20445;20451;11.216
20447;20451;15.759
20452;20448;9.003
20451;20452;21.422
20453;20450;14.787
20439;20454;11.657
20456;20455;6.728
20451;20457;7.616
20458;20452;5.495
20459;20449;15.528
20453;20460;5.146
20460;20456;15.777
20461;20459;5.818
20457;20461;5.689
20462;20458;5.239
20457;20463;12.044
20458;20463;12.684
20464;20453;16.309
20464;20459;8.278
20465;20464;2.723
20463;20466;6.188
20467;20465;11.744
20461;20467;8.424
20466;20467;15.474
20468;20466;11.288
20465;20469;11.925
20414;20470;31.376
20302;20471;129.609
20470;20472;19.202
354;20471;4.398
20472;19720;6.317
20454;19632;42.276
19719;19625;23.772
19662;19624;89.611
19661;19664;25.657
20473;20370;162.890
19663;20474;14.220
19684;20004;6.565
20062;20005;1.495
20067;20063;29.756
20004;20062;4.967
20063;20004;7.184
20062;20004;5.050
8474;18167;4.012
20476;20475;2.414
20477;17956;0.584
20476;20477;15.272
20475;20478;1.702
20478;17970;11.191
7857;7864;9.912
7904;7900;23.520
9177;9179;44.592
9192;9188;15.662
9194;9192;23.352
224;9303;140.413
9307;9302;27.167
9345;9307;242.816
9325;9342;44.159
9322;9325;8.870
9713;9711;7.019
11423;11413;24.511
7392;7384;22.776
4076;4090;44.510
4096;4100;4.633
73;65;37.416
1633;1638;23.664
1635;1631;13.920
3621;3643;333.372
4137;4140;7.907
4378;4377;33.708
12897;12899;6.426
13205;13204;37.997
17556;17537;288.960
20481;17479;733.968
18448;18442;50.064
18867;6191;370.336
8419;8438;23.220
20482;5044;120.857
20482;4916;91.248
12583;20482;76.660
3555;1889;5.300
1088;6519;426.732
1061;1088;11.004
1886;1885;5.192
1888;1886;6.860
20077;19986;13.829
20219;20233;43.776
11496;11492;22.608
7255;7240;45.576
3429;3338;34.514
5174;5170;2.949
5176;5174;7.027
5183;5181;10.462
20395;20391;10.056
20407;20405;11.468
20322;20380;48.984
20384;20393;9.408
