-2.9907939;42.9679108
-2.9908440;42.9680901
-2.9901402;42.9678955
-2.9893386;42.9683266
-2.9898546;42.9680901
-2.9884346;42.9695168
-2.9882400;42.9695015
-2.9880340;42.9690475
-2.9870036;42.9697800
-2.9930274;42.9720421
-2.9909713;42.9712868
-2.9908054;42.9717216
-2.9902537;42.9710693
-3.0192549;42.9750710
-3.0186100;42.9745293
-3.0181983;42.9743538
-3.0181313;42.9743004
-3.0179904;42.9730911
-3.0207767;42.9727516
-3.0168936;42.9690666
-3.0212090;42.9571838
-3.0227752;42.9782104
-3.0237470;42.9783516
-3.0222714;42.9785843
-3.0219979;42.9780388
-3.0228124;42.9778214
-3.0164578;42.9772415
-3.0225291;42.9765587
-3.0047085;42.9826584
-2.9990218;42.9756775
-2.9972849;42.9749794
-2.9945035;42.9727364
-2.9872582;42.9702072
-2.9938843;42.9723854
-2.9934027;42.9721870
-3.0156894;42.9798508
-2.9988856;42.9756241
-2.9935677;42.9722557
-2.9891055;42.9697456
-2.9893017;42.9696693
-3.0229270;42.9765053
-3.0555027;42.8746719
-3.0548959;42.8748436
-2.9896965;42.9684067
-2.9894936;42.9696541
-3.5851049;43.0704918
-3.5851662;43.0705452
-3.0220027;42.9788437
-3.0230787;42.9766006
-2.9890337;42.9697990
-2.9881895;42.9686432
-2.9898825;42.9680557
-2.9908781;42.9721680
-3.0222518;42.9776421
-3.1354096;43.1227493
-3.1359532;43.1233253
-3.1362526;43.1231117
-3.1349056;43.1241341
-3.1358819;43.1225624
-3.1301072;43.1233673
-3.1301465;43.1236343
-3.1303265;43.1234627
-3.1297228;43.1233978
-3.1295636;43.1225662
-3.1334512;43.1240692
-3.1330171;43.1239319
-3.1322436;43.1227493
-3.1312256;43.1236115
-3.1164727;43.1311913
-3.1167879;43.1314278
-3.1160052;43.1320305
-3.1162202;43.1321449
-3.1216652;43.1261940
-3.1231482;43.1262703
-3.1295688;43.1260109
-3.1339366;43.1261787
-3.1190355;43.1259575
-3.1199324;43.1262016
-3.1190860;43.1258659
-3.1185036;43.1252480
-3.1198387;43.1246071
-3.1196222;43.1243210
-3.1197009;43.1248817
-3.1590784;43.1414452
-3.1594491;43.1416779
-3.1074758;43.1401978
-3.1367416;43.1269684
-3.1371429;43.1267242
-3.1351783;43.1260605
-3.1207561;43.1246109
-3.1351457;43.1224480
-3.1316497;43.1223412
-3.1306591;43.1233368
-3.1216810;43.1232643
-3.1222680;43.1229973
-3.1314752;43.1222229
-3.1312237;43.1220474
-3.1237986;43.1222916
-3.1245034;43.1219788
-3.1310122;43.1219063
-3.1254475;43.1216660
-3.1240807;43.1215782
-3.1257224;43.1215820
-3.1258495;43.1215286
-3.1277750;43.1215286
-3.1269305;43.1214790
-3.1277390;43.1213875
-3.1288435;43.1213913
-3.1266978;43.1213150
-3.1274242;43.1212387
-3.1276913;43.1212044
-3.1333025;43.1214905
-3.1328800;43.1212044
-3.1281810;43.1211395
-3.1296959;43.1211510
-3.1298437;43.1211166
-3.1299920;43.1212196
-3.1330507;43.1210861
-3.1287808;43.1210594
-3.1245000;43.1217461
-3.1256356;43.1214485
-3.1322818;43.1210022
-3.1319025;43.1212769
-3.1292460;43.1209984
-3.1315742;43.1209717
-3.1332278;43.1209488
-3.1295962;43.1209373
-3.1272471;43.1209335
-3.1273420;43.1209221
-3.1324670;43.1208611
-3.1276772;43.1208725
-3.1281009;43.1208191
-3.1295059;43.1207390
-3.1291482;43.1206665
-3.1293495;43.1206360
-3.1328948;43.1205482
-3.1328509;43.1204681
-3.1276975;43.1206055
-3.1290805;43.1203880
-3.1335592;43.1202545
-3.1375999;43.1211166
-3.1416199;43.1200523
-3.1394670;43.1201057
-3.1321886;43.1199417
-3.1325071;43.1202736
-3.1328588;43.1193123
-3.1326647;43.1188507
-3.1338894;43.1184731
-3.1347451;43.1187248
-3.1411142;43.1180038
-3.1416030;43.1175728
-3.1316721;43.1176834
-3.1312897;43.1169624
-3.1309164;43.1166267
-3.1695080;43.1152763
-3.1683767;43.1147575
-3.1686976;43.1145821
-3.1688368;43.1146088
-3.1681621;43.1145821
-3.1684399;43.1145554
-3.1686966;43.1143837
-3.1677778;43.1145248
-3.1680186;43.1143150
-3.1684217;43.1141853
-3.1652048;43.1140137
-3.1684833;43.1140289
-3.1561036;43.1117897
-3.1555641;43.1119537
-3.1294966;43.1326294
-3.1295497;43.1324043
-3.1571386;43.1402092
-3.1622515;43.1119194
-3.1592889;43.1123238
-3.1604424;43.1081352
-3.1557956;43.1113586
-3.1541319;43.1131439
-3.1524761;43.1135979
-3.1461024;43.1160927
-3.1459498;43.1163292
-3.1328313;43.1190567
-3.1311290;43.1118393
-3.1305118;43.1121216
-3.1296277;43.1120148
-3.1296699;43.1120758
-3.1279116;43.1122513
-3.1274917;43.1121445
-3.1249564;43.1106796
-3.1340206;43.1220322
-3.1350596;43.1216660
-3.1326251;43.1225739
-3.1323121;43.1227951
-3.1349535;43.1275558
-3.1555760;43.1114769
-3.1452708;43.1174164
-3.1417677;43.1175194
-3.1371646;43.1217308
-3.1194191;43.1248016
-3.1195984;43.1250572
-3.1181397;43.1246262
-3.1352684;43.1140823
-3.1353564;43.1148720
-3.1251752;43.1112595
-3.1247630;43.1099548
-3.1241062;43.1107407
-3.1314104;43.1116600
-3.1314447;43.1114311
-3.1062572;43.1410027
-3.1095457;43.1432381
-3.1177557;43.1286087
-3.1186106;43.1288681
-3.1337225;43.1236076
-3.1333055;43.1237373
-3.1691298;43.1157646
-3.1607666;43.1435585
-3.1618040;43.1434212
-3.1441312;43.1346397
-3.1508062;43.1372299
-3.1592495;43.1432457
-3.1128061;43.1370888
-3.1124322;43.1358948
-3.1183817;43.1238747
-3.1185670;43.1235085
-3.1162419;43.1230888
-3.1170192;43.1234207
-3.1202166;43.1240387
-3.1209946;43.1242371
-3.1213207;43.1235352
-3.1217582;43.1234741
-3.1237910;43.1192894
-3.1236744;43.1192169
-3.1349967;43.1195030
-3.1352596;43.1194000
-3.1347868;43.1192780
-3.1317418;43.1178055
-3.1311519;43.1182365
-3.1343000;43.1200371
-3.1333475;43.1194267
-3.1343269;43.1194229
-3.1351938;43.1197701
-3.1344523;43.1199913
-3.1309099;43.1150208
-3.1356509;43.1196098
-3.1331170;43.1191483
-3.1336849;43.1198425
-3.1341238;43.1195946
-3.0557919;42.8749275
-3.1348224;43.1180382
-3.1493449;43.1149178
-3.1280818;43.1260300
-3.1494234;43.1147308
-3.1631382;43.1119194
-3.1354792;43.1266136
-3.1366916;43.1270027
-3.1545999;43.1386490
-3.1210449;43.1237869
-3.1212878;43.1237831
-3.1211784;43.1234856
-3.1318409;43.1215668
-3.0541232;42.8747444
-3.0544684;42.8746109
-3.1308897;43.1151199
-3.1303859;43.1121178
-3.1294029;43.1100845
-3.1313572;43.1117706
-3.1294045;43.1100426
-3.0546141;42.8749886
-3.1300042;43.0974350
-3.1562119;43.1117439
-3.1579192;43.1110191
-3.1582713;43.1110115
-3.1632543;43.1118965
-3.1699603;43.1097565
-3.1173985;43.1235771
-3.1160188;43.1315956
-3.1149693;43.1300697
-3.1195190;43.1252480
-3.1186142;43.1268387
-3.1162093;43.1317024
-3.1378796;43.1208305
-3.1181195;43.1278496
-3.1352823;43.1272659
-3.1285021;43.1331902
-3.1281724;43.1332512
-3.1415110;43.1319771
-3.1100760;43.1210670
-3.1154442;43.1228065
-3.1096826;43.1209259
-3.1206019;43.1237144
-3.1213756;43.1236916
-3.1209767;43.1235580
-3.1209841;43.1237488
-3.1255984;43.1210976
-3.1318097;43.1298447
-3.1401374;43.1326065
-3.1196535;43.1251450
-3.1197090;43.1251030
-3.1199465;43.1249809
-3.1313188;43.1118279
-3.1222231;43.1233139
-3.1227643;43.1231308
-3.1241815;43.1226425
-3.1257665;43.1220894
-3.1593261;43.1106377
-3.1153049;43.1330185
-3.1337099;43.1241989
-3.1350532;43.1224823
-3.1348984;43.1226044
-3.1304758;43.1223373
-3.1309044;43.1219330
-3.1315308;43.1218071
-3.1307909;43.1217270
-3.1309328;43.1218643
-3.1304731;43.1215515
-3.1307523;43.1215210
-3.1346822;43.1224861
-3.1348681;43.1226387
-3.1124094;43.1356888
-3.1320579;43.1217690
-3.1317964;43.1219749
-3.1305835;43.1216393
-3.1307216;43.1216202
-3.1305940;43.1215630
-3.1347497;43.1225014
-3.1247067;43.1098099
-3.1331744;43.1241646
-3.1236081;43.1191864
-3.1225388;43.1232834
-3.1307487;43.1224632
-3.1305559;43.1226807
-3.1309299;43.1222115
-3.1308453;43.1225166
-3.1358945;43.1198463
-3.1344328;43.1202126
-3.1246459;43.1231689
-3.1187139;43.1233368
-3.1182458;43.1275902
-3.1178675;43.1266975
-3.1179900;43.1274033
-3.1177030;43.1275063
-3.1171579;43.1289406
-3.1208014;43.1228333
-3.1286895;43.1209679
-3.1284273;43.0965805
-3.1265686;43.0930367
-3.1239457;43.0907555
-3.1224270;43.0910606
-3.1227937;43.0890694
-3.1246707;43.0895767
-3.1152163;43.0734406
-3.1149848;43.0755005
-3.0546219;42.8743477
-3.1080749;43.1201515
-3.1092932;43.1207886
-3.1263824;43.0568199
-3.1232598;43.0601273
-3.0702574;43.0324440
-3.0743592;43.0303001
-3.1258595;43.0606956
-3.1231573;43.0672035
-3.1224568;43.0676727
-3.1195610;43.0704689
-3.1228249;43.0676079
-3.1157444;43.0724869
-3.0555315;42.8745384
-3.1077983;43.1197891
-3.0977635;42.8472328
-3.0983465;42.8477097
-3.1128180;43.0791130
-3.1106420;43.0821342
-3.1077986;43.0850449
-3.1152887;43.0733070
-3.1318519;43.0587006
-3.1318002;43.0586739
-3.1379254;43.0581017
-3.1378806;43.0580826
-3.1310320;43.0587158
-3.1287708;43.0615463
-3.1284821;43.0616493
-3.1405797;43.0596695
-3.1229534;43.0601311
-3.1219697;43.0600319
-3.1224277;43.0911331
-3.1216855;43.0920105
-3.1323218;43.0590363
-3.1324034;43.0597420
-3.1323094;43.0593834
-3.1331370;43.0603142
-3.1133032;43.0777016
-3.0532236;42.8747711
-3.0537469;42.8742638
-3.0985429;42.8468170
-2.9859791;42.8868523
-2.9854057;42.8867149
-2.9846466;42.8865433
-2.9783113;42.8854103
-2.9878705;42.8874969
-2.9886065;42.8873825
-2.9875422;42.8874474
-2.9866705;42.8870468
-2.9830196;42.8880806
-3.1399426;42.8321800
-3.1404829;42.8316917
-3.1694434;42.8792953
-3.1697423;42.8807678
-3.1712480;42.8734322
-3.1735117;42.8744659
-3.0587606;42.8719101
-3.0556440;42.8741188
-3.0612812;42.8755913
-3.0387101;42.8603973
-3.0393462;42.8606071
-3.0395527;42.8604355
-3.0396490;42.8603134
-3.0402484;42.8603821
-3.0389483;42.8602753
-3.0386996;42.8601532
-3.0376484;42.8605499
-3.0369663;42.8602791
-3.0382121;42.8591652
-3.0986269;42.8466339
-3.0977046;42.8464470
-3.1391134;42.8328171
-3.0725563;42.8299751
-3.0707121;42.8297806
-3.0144138;42.8522186
-3.0079789;42.8481102
-3.1188295;42.8472404
-3.1186051;42.8474083
-3.1211350;42.8455429
-3.1202683;42.8456573
-3.0949273;42.8460197
-3.0280008;42.8288345
-3.0283713;42.8294601
-3.0284014;42.8284264
-3.0281279;42.8283691
-3.0290294;42.8278923
-3.0717101;42.8380356
-3.0872922;42.8461838
-3.0700045;42.8372307
-3.0695240;42.8370132
-3.0701241;42.8367882
-3.0687644;42.8360863
-3.0703647;42.8359909
-3.0705535;42.8364563
-3.0708351;42.8360291
-3.0710950;42.8357391
-3.0714712;42.8360252
-3.0722814;42.8357887
-3.0732861;42.8361702
-2.9958782;42.8464851
-2.9941838;42.8466568
-3.0031261;42.8465576
-2.9973052;42.8462334
-2.9916537;42.8464928
-2.9912717;42.8457298
-2.9926572;42.8465118
-2.9922972;42.8469429
-2.9917209;42.8467712
-2.9932995;42.8465767
-2.9928472;42.8461723
-2.9925644;42.8459358
-3.0701210;42.8358841
-3.0698793;42.8358040
-3.0063424;42.7807655
-3.0055208;42.7809715
-2.9920037;42.8457336
-2.9915762;42.8468208
-2.9914589;42.8471031
-2.9923217;42.8471260
-3.4762473;42.9782295
-3.4762855;42.9782410
-3.0066409;42.7819481
-3.0059235;42.7815475
-3.0056965;42.7817230
-3.0056419;42.7813110
-3.0050602;42.7813072
-3.0051758;42.7810516
-3.0054505;42.7806129
-3.0701597;42.8355904
-3.0713274;42.8353806
-3.0587797;42.8339005
-3.0585599;42.8337898
-3.0717955;42.8343391
-3.0720572;42.8333626
-3.0581343;42.8335609
-3.0577941;42.8333778
-3.0023150;42.8381615
-2.9908373;42.8469734
-2.9930143;42.8465500
-3.0113533;42.7755852
-3.0137939;42.7728081
-3.0150082;42.7716217
-3.1390605;42.8326378
-3.1376677;42.8327560
-3.0084379;42.7776680
-3.0169306;42.7707558
-2.9799812;42.8470573
-2.9884517;42.8474541
-3.1537173;42.8710136
-3.1539710;42.8600235
-3.1695385;42.8726578
-3.1667008;42.8712578
-3.0152752;42.8542290
-3.0159304;42.8545876
-3.0150044;42.8541489
-3.0145667;42.8541336
-3.0145092;42.8532524
-3.0159943;42.8530121
-3.0162456;42.8533630
-3.1172416;42.8506393
-3.1164773;42.8515472
-3.1171534;42.8505478
-3.1172688;42.8503799
-2.9932179;42.8460655
-2.9926629;42.8459396
-2.9932649;42.8459206
-3.0179381;42.7701492
-3.0024688;42.8377380
-2.9928753;42.8458366
-3.0048549;42.7801247
-3.0049970;42.7818413
-3.1178124;42.8503571
-3.0993328;42.8486328
-3.0995977;42.8491325
-3.6922381;42.8918419
-3.6922355;42.8919411
-3.6918080;42.8920021
-3.0995948;42.8485336
-3.0993147;42.8484917
-3.0986900;42.8482094
-3.2642529;43.1530380
-3.2641840;43.1531067
-3.1000504;42.8482552
-2.9874029;42.8022270
-2.9868956;42.8020630
-2.9865513;42.8021507
-2.9864976;42.8020058
-2.9860554;42.8021126
-2.9858599;42.8022194
-2.9869490;42.8019753
-2.9852691;42.8021355
-2.9858720;42.8020020
-2.9862320;42.8018951
-2.9870605;42.8018265
-2.9850898;42.8015480
-2.9849434;42.8033752
-2.9850628;42.8035812
-2.9846053;42.8032227
-2.9847527;42.8031425
-2.9852347;42.8031464
-2.9854720;42.8030396
-2.9853454;42.8036804
-2.9852493;42.8030281
-2.9855473;42.8029671
-2.9851863;42.8028679
-2.9862170;42.8027878
-2.9866929;42.8027496
-2.9861450;42.8032494
-2.9861686;42.8026428
-2.9917395;42.8036194
-2.9887354;42.8026428
-2.9902918;42.8037682
-2.9889126;42.8035698
-2.9856453;42.8026428
-2.9843724;42.8027611
-2.9863222;42.8024750
-2.9855576;42.8024406
-2.9860766;42.8024101
-2.9863999;42.8023262
-2.9866140;42.8022881
-2.9878817;42.8023949
-2.9848332;42.8020782
-2.9848862;42.8023491
-2.9862599;42.8016586
-2.9849551;42.8015709
-2.9851675;42.8014221
-2.9859021;42.8018341
-2.9850736;42.8012848
-2.9829459;42.8004608
-2.9842725;42.8014221
-2.9848869;42.8010521
-2.9863055;42.8020401
-2.9876840;42.8024330
-2.9878442;42.8021202
-3.0085576;42.8261147
-3.0087736;42.8256607
-3.0094678;42.8263245
-3.0088656;42.8259583
-3.0073385;42.8270912
-3.0071657;42.8281860
-3.0063238;42.8281898
-3.0075643;42.8284416
-2.9979656;42.8036880
-2.9844718;42.8016129
-2.9842651;42.8019600
-2.9837880;42.8005295
-2.9858491;42.8029861
-3.0056775;42.8294563
-2.9882691;42.8041039
-2.9887390;42.8034477
-2.9848444;42.8026123
-2.9876125;42.8027344
-2.9837182;42.8032951
-2.9841640;42.8027573
-2.9839337;42.8045311
-2.9847288;42.8019943
-2.9844375;42.8033714
-3.0092690;42.8256264
-3.0055828;42.8324203
-3.0098763;42.8253441
-3.0125315;42.8240547
-3.0030744;42.8030739
-3.0172293;42.8030815
-3.0141015;42.8029518
-3.0154746;42.8213806
-3.0190105;42.8161011
-2.9881766;42.8025932
-2.9845636;42.8022118
-3.0999882;42.8485489
-3.0985775;42.8484650
-3.0983727;42.8480186
-3.1628466;43.1533279
-3.1634321;43.1529999
-3.1006706;42.8477745
-3.1179190;42.8485947
-3.1183262;42.8476143
-3.0983396;42.8478050
-3.0983672;42.8479919
-3.0871336;42.8818741
-3.0760851;42.8735695
-3.0740774;42.8674774
-3.0744870;42.8673172
-3.0745854;42.8675575
-3.0746188;42.8676376
-3.0746222;42.8672180
-3.0744517;42.8672256
-3.0746579;42.8669586
-3.0749383;42.8669205
-3.0746911;42.8667221
-3.0744159;42.8667641
-3.0750599;42.8669052
-3.0752048;42.8665352
-3.0750160;42.8657722
-3.0409832;42.8626556
-3.0406942;42.8615799
-3.0399275;42.8615608
-3.0401156;42.8625488
-3.0401893;42.8614540
-3.0390053;42.8608131
-3.0395970;42.8608971
-3.0400822;42.8609047
-3.0393279;42.8607330
-3.0385356;42.8609962
-3.0384004;42.8605537
-3.0378563;42.8609467
-3.0381694;42.8605347
-3.0406165;42.8605614
-3.0416672;42.8612442
-3.0712137;42.7891846
-3.0712247;42.7885666
-3.0715580;42.7890549
-3.0714111;42.7889595
-3.1050465;42.8474998
-3.1050797;42.8482437
-3.0719259;42.7886086
-3.0720575;42.7895546
-3.0726130;42.7884979
-3.0732181;42.7869835
-3.0693717;42.7887383
-3.0747347;42.7662964
-3.0752163;42.7666168
-3.0145311;42.8534775
-3.0135639;42.8531494
-3.0118976;42.8531380
-3.0157835;42.8538857
-3.0150669;42.8539314
-3.0715981;42.8366623
-3.0711288;42.8465462
-3.0701761;42.8468781
-3.0965121;42.8476295
-3.0964994;42.8479729
-3.0968750;42.8472443
-3.0998445;42.8493767
-3.1004212;42.8500900
-3.1205516;42.8969955
-3.1135039;42.8917542
-3.1139383;42.8915253
-3.1139700;42.8916283
-3.1690834;42.9095078
-3.1681356;42.9104767
-3.1687448;42.9093857
-3.2402258;42.8847275
-3.2406197;42.8847504
-3.2411561;42.8852692
-3.0241878;42.8101730
-3.0240421;42.8105278
-3.0241580;42.8109322
-3.2037034;42.9074860
-3.2037072;42.9076653
-3.2045383;42.9073410
-3.2048075;42.9075584
-3.2049713;42.9072685
-3.2058935;42.9072838
-3.2054832;42.9078484
-3.2059309;42.9075470
-3.2052259;42.9069138
-3.2058096;42.9068642
-3.2069173;42.9077072
-3.2044969;42.9066925
-3.2045085;42.9071999
-3.2053947;42.9066086
-3.2042463;42.9060097
-3.2055976;42.9064751
-3.2029419;42.9057808
-3.2042322;42.9065094
-3.2024524;42.9056854
-3.2020686;42.9059830
-3.2025180;42.9060860
-3.2029004;42.9056206
-3.0712712;42.7893410
-3.0718062;42.7894363
-3.0271389;42.8085365
-3.0385721;42.8085861
-3.0469484;42.8094978
-3.0455241;42.8108521
-3.0457964;42.8121758
-3.0452948;42.8122177
-3.0469913;42.8122444
-3.0497868;42.8095398
-3.0497298;42.8105087
-3.0471587;42.8168526
-3.0475280;42.8180771
-3.0487721;42.8217125
-3.0469882;42.8125534
-3.0469778;42.8133125
-3.0469756;42.8138809
-3.0469439;42.8161240
-3.0452929;42.8134155
-3.0461709;42.8138771
-3.0450034;42.8134384
-3.0874393;42.8820343
-3.0874360;42.8823204
-3.0881388;42.8823318
-3.0873444;42.8819466
-3.0867424;42.8822441
-3.1713855;42.8814125
-3.1714649;42.8818588
-3.1855094;42.8813744
-3.1871655;42.8818855
-3.1840241;42.8808975
-3.1707063;42.8807182
-3.1708252;42.8811569
-3.1874886;42.8813553
-3.1873071;42.8806152
-3.1115909;42.8913994
-3.1113815;42.8916092
-3.1118293;42.8917007
-3.1438777;42.8933372
-3.1435032;42.8930588
-3.0650713;42.8917542
-3.0655937;42.8913536
-3.1131480;42.8915558
-3.1131144;42.8912582
-3.1127000;42.8914528
-3.1128466;42.8912392
-3.0630009;42.8909531
-3.0629828;42.8910637
-3.0633125;42.8909645
-3.0632851;42.8910980
-3.0632417;42.8912697
-3.0638077;42.8909874
-3.0638654;42.8911667
-3.1117625;42.8910065
-3.0639324;42.8907814
-3.0641396;42.8908081
-3.1147826;42.8907204
-3.0636032;42.8906975
-3.1144164;42.8906746
-3.0635259;42.8905830
-3.1149428;42.8905373
-3.0629277;42.8905869
-3.0644040;42.8908310
-3.0656090;42.8905067
-3.0633843;42.8904762
-3.0641570;42.8901138
-3.0630407;42.8901482
-3.0627503;42.8899879
-3.0622487;42.8897133
-3.1127183;42.8910103
-3.1859014;42.9124260
-3.1860604;42.9130440
-3.1866655;42.9124336
-3.1866286;42.9128151
-3.1867349;42.9121857
-3.1857696;42.9121094
-3.1868668;42.9120750
-3.1874392;42.9120636
-3.1874554;42.9125786
-3.1871562;42.9120407
-3.1878021;42.9116249
-3.1883075;42.9117813
-3.1857564;42.9117546
-3.1868243;42.9115143
-3.1872807;42.9115028
-3.1885855;42.9105034
-3.1691186;42.9091072
-3.2072501;42.9081345
-3.2062950;42.9076004
-3.2065620;42.9086380
-3.2047527;42.9081726
-3.2058256;42.9077034
-3.2025867;42.9055367
-3.2028794;42.9054832
-3.2032328;42.9053841
-3.2023754;42.9053268
-3.2013254;42.9053230
-3.2005684;42.9074364
-3.2014112;42.9053154
-3.2020042;42.9048424
-3.2037990;42.9047852
-3.2033541;42.9052124
-3.2015758;42.9046478
-3.2019362;42.9044304
-3.1543581;42.9042664
-3.1547184;42.9042816
-3.1546772;42.9041214
-3.2038171;42.9038811
-3.1538877;42.9040756
-3.1541750;42.9034882
-3.1987307;42.9020920
-3.2009671;42.9037209
-3.1425693;42.8937950
-3.1425114;42.8938828
-3.1438978;42.8945847
-3.1185765;42.8478203
-3.1178975;42.8486595
-3.1171942;42.8472061
-3.1367307;42.8935928
-3.1444924;42.8936920
-3.1441238;42.8934364
-3.1449108;42.8933487
-3.1414492;42.8937149
-3.0646944;42.8925247
-3.0654185;42.8919792
-3.0674150;42.8914146
-3.0645974;42.8916817
-3.1130028;42.8915482
-3.1872044;42.8805313
-3.1870844;42.8806114
-3.1706727;42.8805428
-3.1875634;42.8804703
-3.1879230;42.8806190
-3.1702075;42.8804245
-3.1704552;42.8802948
-3.1870017;42.8802643
-3.1714144;42.8798370
-3.1709313;42.8802490
-3.1711371;42.8807526
-3.1871684;42.8801231
-3.1866856;42.8799706
-3.1867435;42.8798866
-3.1872964;42.8798332
-3.1727970;42.8797646
-3.1713133;42.8797035
-3.1860793;42.8794937
-3.1706963;42.8793373
-3.1715086;42.8790703
-3.1878936;42.8798332
-3.1712594;42.8783264
-3.1722150;42.8779831
-3.2245345;42.8772125
-3.2250361;42.8771744
-3.1727402;42.8768921
-3.2298143;42.8756142
-3.2291439;42.8758659
-3.2299244;42.8759270
-3.1479833;42.8758583
-3.1444054;42.8757744
-3.0563824;42.8756371
-3.0568552;42.8758621
-3.1487846;42.8756256
-3.1484261;42.8755798
-3.0569563;42.8772278
-3.1491194;42.8755646
-3.0562344;42.8755493
-3.0565224;42.8754578
-3.0549843;42.8754044
-3.1749494;42.8752136
-3.2305315;42.8750381
-3.2305303;42.8759270
-3.0587835;42.8751869
-3.0542355;42.8752289
-3.0563056;42.8753624
-3.1126325;42.8241005
-3.1106560;42.8257065
-3.0403311;42.8234634
-3.0394990;42.8251686
-3.0418520;42.8232079
-3.0419915;42.8235168
-3.0414579;42.8231964
-3.0414102;42.8235703
-3.1113946;42.8231354
-3.1110027;42.8230782
-3.0409474;42.8231163
-3.1118703;42.8230247
-3.0403817;42.8230438
-3.0417953;42.8228340
-3.1121540;42.8230133
-3.0405188;42.8227959
-3.0416965;42.8227119
-3.0406983;42.8225327
-3.0413201;42.8224144
-3.0411239;42.8225212
-3.0401926;42.8224525
-3.0412900;42.8222198
-3.0417147;42.8222122
-3.0412850;42.8216896
-3.0416718;42.8220329
-3.0417752;42.8219490
-3.0488002;42.8235893
-3.0403926;42.8215866
-3.0408435;42.8223839
-3.0417092;42.8215027
-3.0428257;42.8216248
-3.1109738;42.8228645
-3.0395279;42.8215027
-3.0435722;42.8191605
-3.0490258;42.8118095
-3.0907433;42.8124657
-3.0900960;42.8112831
-3.0522511;42.8108788
-3.0514452;42.8107338
-3.0893588;42.8104973
-3.0474586;42.8104706
-3.0469379;42.8105774
-3.0244727;42.8102722
-3.0247312;42.8106041
-3.0504482;42.8099785
-3.0518851;42.8111458
-3.0254619;42.8099251
-3.0257444;42.8102188
-3.0251875;42.8098946
-3.0244501;42.8098183
-3.0247669;42.8097725
-3.0281725;42.8098564
-3.0241218;42.8097420
-3.0905666;42.8096886
-3.0902729;42.8100128
-3.0902359;42.8096733
-3.0888827;42.8096771
-3.0247221;42.8096924
-3.0240674;42.8096008
-3.0244212;42.8093071
-3.0884316;42.8094330
-3.0493324;42.8093338
-3.0251446;42.8093910
-3.0245116;42.8091583
-3.0455208;42.8083878
-3.0444813;42.8098526
-3.0884757;42.8088989
-3.0891595;42.8092690
-3.0496080;42.8088760
-3.0476263;42.8088799
-3.0244339;42.8088570
-3.0236375;42.8093872
-3.0246208;42.8088531
-3.0254714;42.8087959
-3.0487883;42.8088188
-3.0480809;42.8087502
-3.0883219;42.8086700
-3.0889728;42.8089371
-3.0254712;42.8086357
-3.0881870;42.8086052
-3.0502300;42.8085747
-3.0466952;42.8084984
-3.0481403;42.8084335
-3.0516009;42.8084221
-3.0465472;42.8083229
-3.0886002;42.8080750
-3.0899146;42.8086662
-3.0875475;42.8089943
-3.0254462;42.8079109
-3.0458484;42.8076096
-3.0449409;42.8078842
-3.0889370;42.8076782
-3.0484862;42.8075104
-3.0258169;42.8065414
-3.0424051;42.8022881
-3.0427697;42.8029060
-3.0416937;42.7960625
-3.0717771;42.7921867
-3.0715075;42.7904816
-3.0723403;42.7896805
-3.0713525;42.7901993
-3.1030838;42.8476257
-3.1040397;42.8462524
-3.0542951;42.8754807
-3.0544138;42.8762321
-3.0756075;42.8671646
-3.0767732;42.8673096
-3.0748060;42.8673706
-3.0438216;42.7879906
-3.0420668;42.7941780
-3.1748252;42.8751335
-3.0659544;42.8931770
-3.0450141;42.8128777
-3.0458302;42.8128242
-3.0448825;42.8126335
-3.2051506;42.9077873
-3.0499260;42.8593826
-3.0500920;42.8607483
-3.0552676;42.8432961
-3.0550783;42.8522415
-3.1006210;42.8490982
-3.0404935;42.8235359
-3.0417759;42.8213158
-3.0469720;42.8091888
-3.0507214;42.8067589
-3.0481761;42.8049164
-3.0482099;42.8074226
-3.0503838;42.8071327
-3.0263484;42.8050156
-3.0267472;42.8050537
-3.0268469;42.8048363
-3.0265303;42.8053589
-3.0260308;42.8060608
-3.0258358;42.8060493
-3.0258524;42.8056908
-3.1451147;42.8931885
-3.1445436;42.8933830
-3.1710188;42.8782730
-3.1708415;42.8785553
-3.1711640;42.8776283
-3.0931301;42.8453560
-3.2305949;42.8752136
-3.2339821;42.8756638
-3.2327733;42.8750153
-3.1704009;42.8807602
-3.0869327;42.8826752
-3.0748813;42.8666878
-3.0681195;42.8389816
-3.0680120;42.8391800
-3.0686164;42.8386650
-3.0618026;42.8353882
-3.0579648;42.8336716
-3.0574377;42.8329048
-3.0577345;42.8333015
-3.0578153;42.8332710
-3.0716922;42.8366966
-3.0717175;42.8365517
-3.0702744;42.8367119
-3.1350021;42.8333664
-3.1235690;42.8442039
-3.0876243;42.8151550
-3.0524008;42.8114166
-3.0730927;42.8318291
-3.0497305;42.8256798
-3.0282569;42.8286285
-3.0259011;42.8055954
-3.0258386;42.8055725
-3.0258331;42.8061180
-3.0259883;42.8061295
-3.0523586;42.8549576
-3.0542066;42.8753433
-3.1626964;42.9030190
-3.1628823;42.9027977
-3.1629176;42.9030495
-3.1540852;42.9033623
-3.0714128;42.7902527
-3.0696049;42.7908554
-3.0416596;42.7957077
-3.0415385;42.7953911
-3.0435061;42.8084335
-3.0431430;42.8081436
-3.1459274;42.8925972
-3.1459351;42.8919945
-3.0289383;42.8268051
-3.0470498;42.8165016
-3.1171207;42.8505974
-3.2104526;42.9094696
-3.2121506;42.9103432
-3.1074798;42.8265572
-3.1684577;42.9086418
-3.1689594;42.9087601
-3.1656382;42.9083214
-3.1679356;42.9089012
-3.2294390;42.8756104
-3.1500204;42.8755455
-3.1508131;42.8758087
-3.0631819;42.8878250
-3.0619173;42.8805122
-3.2409968;42.8842430
-3.2412446;42.8838654
-3.2034574;42.9075012
-3.1156127;42.8895874
-3.2280908;42.8764763
-3.1218779;42.8450890
-3.1388133;42.8328781
-3.0253544;42.8048515
-3.0250871;42.8047714
-3.0250738;42.8044968
-3.0327659;42.8273697
-3.0310931;42.8281479
-3.0343821;42.8273125
-3.0291288;42.8269043
-3.0874310;42.8818588
-3.0864987;42.8810005
-3.0411208;42.8618050
-3.0564361;42.8696022
-3.1114993;42.8230209
-3.0733535;42.8165245
-3.0776701;42.8169975
-3.0837593;42.8150978
-3.0737765;42.8307648
-3.1156571;42.8501511
-3.1113706;42.8476295
-3.1065395;42.8473969
-3.0690749;42.8740540
-3.0745509;42.8676453
-3.0466442;42.7879715
-3.0513713;42.7896309
-3.0712419;42.7831192
-3.2311723;42.8747711
-3.0580654;42.7644730
-3.0724838;42.7647705
-3.0807247;42.7675591
-3.0142143;42.8533401
-3.0137625;42.8534431
-3.0688312;42.8369446
-3.0679872;42.8392906
-3.0688798;42.8420143
-3.2054901;42.9066391
-3.2045848;42.9063835
-3.2052078;42.9058113
-3.2046907;42.9055367
-3.0365276;42.8036690
-3.0392990;42.8030205
-3.0362089;42.8035469
-3.0370376;42.8006058
-3.0442617;42.8084068
-3.0679216;42.8911896
-3.0696294;42.8911743
-3.0879083;42.8817444
-3.1855869;42.9119759
-3.1548696;42.9048004
-3.1555572;42.9050293
-3.1529777;42.9041977
-3.1529970;42.9043350
-3.1529708;42.9041443
-3.1740451;42.9094925
-3.1783178;42.9090233
-3.1811783;42.9088402
-3.2043107;42.9057884
-3.1654110;42.9082146
-3.1651196;42.9078979
-3.1899612;42.9096336
-3.1954520;42.9049835
-3.1955910;42.9048691
-3.1975870;42.9027328
-3.1623273;42.9030876
-3.1541791;42.9033394
-3.1446362;42.8942680
-3.1455424;42.8928490
-3.1710546;42.8799896
-3.1705358;42.8794670
-3.1529841;42.9028130
-3.1459744;42.8935776
-3.1118555;42.8917580
-3.0235870;42.8094444
-3.0894859;42.8097839
-3.0543954;42.8739433
-3.1700950;42.8729134
-3.1689429;42.8739243
-3.1548295;42.8770180
-3.1552093;42.8729706
-3.1548760;42.8725777
-3.1546898;42.8723640
-3.0442920;42.8054199
-3.0430377;42.8033485
-3.0250945;42.8049965
-3.0253143;42.8043137
-3.0359867;42.8038025
-3.0225501;42.8038864
-3.0399826;42.8028564
-3.0203414;42.8545341
-3.0291314;42.8564224
-3.0184968;42.8539925
-3.0156808;42.8527412
-3.0715189;42.8469543
-3.0747592;42.8537407
-3.0241373;42.8097992
-3.1191492;42.8507538
-3.1228473;42.8494568
-3.0995686;42.8493958
-3.0996006;42.8492279
-3.1172876;42.8501282
-3.1088395;42.8481827
-3.1065686;42.8478622
-3.0969019;42.8469162
-3.0735750;42.8607292
-3.0743854;42.8634644
-3.2397640;42.8840256
-3.2375221;42.8808250
-3.2056780;42.9060135
-3.1037304;42.8401527
-3.0989828;42.8460655
-3.0752766;42.8899422
-3.0769551;42.8878860
-3.1982701;42.8652115
-3.1946630;42.8636131
-3.1477556;42.8745880
-3.1473835;42.8736496
-3.2455509;42.9240723
-3.2385168;42.9240456
-3.2284276;42.9183388
-3.2328582;42.9217758
-3.2242370;42.9141502
-3.0325284;42.8558273
-3.0669320;42.7960205
-3.0691743;42.8159103
-3.0675831;42.7926941
-3.0669341;42.7954788
-3.0803666;42.8849068
-3.0668261;42.8749771
-3.0685768;42.8744049
-3.0687225;42.8742943
-3.0380189;42.8611145
-3.1849055;42.9099655
-3.1872871;42.9104233
-3.1844113;42.9098434
-3.0987456;42.8458595
-3.0987334;42.8461151
-3.0939264;42.8488197
-3.0692892;42.8369141
-3.0690305;42.8368340
-3.2295847;42.8760681
-3.2308786;42.8769646
-3.0605497;42.7931213
-3.0274589;42.8288269
-3.0532441;42.8289070
-3.1688702;42.8806419
-3.2041373;42.8687134
-3.0902259;42.8103828
-3.0758281;42.8724251
-3.1270065;42.8298988
-3.1375649;42.8327713
-3.1166992;42.8237991
-3.1222200;42.8281441
-3.1153178;42.8227234
-3.0750003;42.8644409
-3.0664263;42.8391304
-3.0657954;42.8387337
-3.1060135;42.8274956
-3.1021800;42.8301659
-3.1031747;42.8331070
-3.1030836;42.8383636
-3.0581388;42.8131409
-3.0439095;42.8608208
-3.1919694;42.8896332
-3.1937454;42.8961945
-3.1874273;42.8820152
-3.0619111;42.8804550
-3.2045696;42.9064369
-3.1407814;42.8363113
-3.1996641;42.9050560
-3.0362194;42.8037224
-3.0362880;42.8037300
-3.0743651;42.8542061
-3.0690084;42.8430672
-3.0690553;42.8434525
-3.0681686;42.8421173
-3.0239038;42.8099098
-3.0690775;42.8436356
-3.0691028;42.8438416
-3.0689616;42.8426857
-3.0689862;42.8428841
-3.0618534;42.8355179
-3.0687048;42.8367462
-3.0688455;42.8369179
-3.0689344;42.8369141
-3.0689585;42.8368340
-3.0810299;42.7674370
-3.0813439;42.7672539
-3.0247812;42.8042374
-3.2124884;42.8723183
-3.2423801;42.8840637
-3.2293882;42.8754082
-3.2288389;42.8760376
-3.2281806;42.8765335
-3.2283170;42.8763504
-3.2285035;42.8762321
-3.1913419;42.8881569
-3.1913750;42.8882332
-3.1950200;42.8987923
-3.1485748;42.8751068
-3.0520806;42.7898064
-3.0431361;42.8030663
-3.0428333;42.8030090
-3.0429134;42.8031425
-3.0362244;42.8035889
-3.0361474;42.8036385
-3.0361459;42.8037643
-3.0689170;42.8368034
-3.0532680;42.8739166
-3.1050887;42.8486366
-3.1065972;42.8483658
-3.0913208;42.8486671
-3.1178894;42.8486824
-3.1386070;42.8329086
-3.1130524;42.8238258
-3.0556817;42.8309517
-3.0441144;42.8081093
-3.0442305;42.8083458
-3.0251091;42.8044090
-3.0251050;42.8043022
-3.0250449;42.8044128
-3.0251534;42.8042908
-3.0250783;42.8042793
-3.0252154;42.8048668
-3.0250897;42.8048363
-3.1986566;42.9020386
-3.0499074;42.8096046
-3.1907818;42.8870697
-3.1908574;42.8871880
-3.1907017;42.8869476
-3.0627756;42.9020081
-3.0626616;42.9021034
-3.0625398;42.9022636
-3.0645285;42.8914223
-3.0644631;42.8911552
-3.1658895;42.8702393
-3.1657283;42.8699951
-3.2072237;42.9075317
-3.2074535;42.9077415
-3.0501864;42.8097992
-3.1983945;42.9018517
-3.2203076;42.8754997
-3.2206399;42.8756142
-3.0654843;42.8362846
-3.0651231;42.8362389
-3.2095492;42.9091568
-3.1575327;42.8586044
-3.2385485;42.9243088
-3.2382298;42.9255638
-3.2379758;42.9255714
-3.2408996;42.8843880
-3.2099066;42.9092789
-3.1918824;42.8894348
-3.1549935;42.8727112
-3.1873524;42.8815308
-3.1453991;42.8929596
-3.0586305;42.8751984
-3.1037869;42.8399963
-3.1205833;42.8461418
-3.0238278;42.8100510
-3.1702590;42.8721313
-3.0446234;42.8079414
-3.2402091;42.8855247
-3.1106868;42.8910294
-3.0398548;42.8229523
-3.0730872;42.8289375
-3.0687442;42.8341637
-3.1010866;42.8503990
-3.1105206;42.8231277
-3.0421922;42.8086967
-3.1887431;42.8811874
-3.2071786;42.9110413
-3.8479416;42.8944588
-3.8475206;42.8941422
-3.8472583;42.8944969
-3.8472703;42.8942146
-3.8479342;42.8946152
-3.8482254;42.8947029
-3.8481295;42.8944206
-3.2631812;42.9605103
-3.2631104;42.9605331
-3.6276600;43.0528069
-3.6275752;43.0542183
-3.6001537;43.0539093
-3.5998812;43.0546570
-3.8478951;42.8948975
-3.8812406;42.8949547
-3.8805816;42.8942108
-3.8812835;42.8952599
-3.8807886;42.8950119
-3.8490801;42.8944359
-3.8486805;42.8953743
-3.8486068;42.8955116
-2.9861660;42.7185173
-2.9855001;42.7186203
-3.0480576;42.7504234
-3.0480275;42.7507668
-3.0477815;42.7492332
-3.0481036;42.7492027
-3.0482001;42.7497063
-2.9965374;42.7543907
-2.9970438;42.7551384
-3.0286186;42.7460709
-3.0305588;42.7453461
-3.0268500;42.7463531
-3.0270574;42.7458305
-3.0274951;42.7462349
-3.0257702;42.7464294
-3.0256283;42.7459984
-3.0254879;42.7460861
-3.0241261;42.7465782
-3.0252540;42.7463493
-3.0273931;42.7452965
-3.0276604;42.7443962
-3.0283718;42.7454109
-3.0287242;42.7450142
-3.0257189;42.7465897
-3.0256433;42.7473755
-3.0476534;42.7551003
-3.0489459;42.7552872
-3.0461814;42.7770729
-3.0461180;42.7758636
-3.0455527;42.7777405
-3.0448260;42.7775764
-3.0464988;42.7771645
-3.0470381;42.7785912
-2.9893560;42.7262917
-2.9958658;42.7287331
-3.0010941;42.7317619
-2.9974833;42.7295990
-2.9841235;42.7434616
-2.9844093;42.7434845
-3.0440996;42.7451553
-3.0479105;42.7541046
-3.0480402;42.7525063
-3.0480430;42.7520065
-3.0478427;42.7512665
-3.0477197;42.7508163
-3.0478275;42.7499504
-3.1143103;42.7739754
-3.1141121;42.7738838
-3.1134498;42.7740555
-3.1144903;42.7736511
-3.0455847;42.7774277
-3.0455518;42.7757187
-3.0524635;42.7776680
-3.0521092;42.7776680
-2.9868219;42.7184029
-2.9876950;42.7175331
-2.9859171;42.7178268
-2.9865990;42.7177162
-2.9855587;42.7167206
-2.9862406;42.7166023
-2.9848788;42.7168694
-2.9840095;42.7163277
-3.8485258;42.8956413
-2.9852724;42.7179565
-2.9857905;42.7195320
-2.9841318;42.7188606
-2.9842741;42.7181587
-2.9860182;42.7203522
-2.9847503;42.7198029
-2.9839969;42.7429390
-2.9839694;42.7433777
-3.0032015;42.7299271
-3.0023322;42.7307777
-2.9981134;42.7270851
-3.0022523;42.7252998
-3.0058856;42.7263794
-3.8295827;42.8936882
-3.8301845;42.8957939
-3.0042257;42.7313576
-3.0076802;42.7361183
-3.0067689;42.7380486
-2.9972916;42.7532082
-2.9968069;42.7536774
-2.9966700;42.7538071
-2.9965622;42.7541122
-2.9978883;42.7535133
-2.9975324;42.7532959
-2.9975724;42.7529182
-2.9968183;42.7530060
-2.9966071;42.7528572
-2.9963286;42.7532845
-2.9961531;42.7529259
-3.0259917;42.7458534
-2.9974983;42.7530060
-2.9968662;42.7531853
-2.9975166;42.7525520
-2.9977202;42.7527618
-2.9960551;42.7536125
-2.9955175;42.7533989
-3.0838335;42.7607841
-3.0842912;42.7632751
-3.0851233;42.7603912
-2.9887302;42.7819862
-2.9823413;42.7791061
-3.0307026;42.7464180
-3.0276818;42.7454796
-3.0272293;42.7457390
-3.0272174;42.7456932
-3.0277991;42.7456474
-3.0252802;42.7459946
-3.0480490;42.7497826
-3.0481846;42.7798119
-3.0472782;42.7786827
-3.0505922;42.7780113
-3.0476401;42.7786980
-3.0457237;42.7773285
-3.0459876;42.7771416
-3.0429447;42.7533417
-3.0406051;42.7512550
-3.0453703;42.7510986
-3.0453434;42.7507477
-3.0453882;42.7515411
-3.0472527;42.7510376
-3.0467267;42.7567024
-3.0463486;42.7563667
-3.0529838;42.7775230
-3.0533071;42.7772980
-3.0526381;42.7773705
-3.0457582;42.7879257
-2.9972763;42.7541809
-3.5469463;42.6406097
-3.5466812;42.6407471
-3.0454292;42.7783012
-3.0472105;42.7550201
-3.0281286;42.7459488
-2.9999797;42.7506065
-2.9979532;42.7525444
-3.1013100;42.7680359
-3.1064043;42.7653770
-3.0951412;42.7663383
-3.0990577;42.7675133
-3.0271516;42.7755814
-3.0259433;42.7759705
-3.0256791;42.7758713
-3.0250995;42.7753754
-3.0252140;42.7756271
-3.0247953;42.7756195
-3.0245204;42.7758179
-3.0249801;42.7749290
-3.0258436;42.7752953
-3.0257037;42.7749748
-3.0259228;42.7748528
-3.0254946;42.7746086
-3.0474429;42.7779884
-3.0471089;42.7790527
-3.0470109;42.7665176
-3.0474634;42.7664566
-3.0460432;42.7758446
-3.0456231;42.7757339
-3.0473244;42.7497978
-3.0283406;42.7457657
-3.0285330;42.7456017
-3.0276856;42.7462196
-3.0273910;42.7457771
-3.0278430;42.7457314
-3.0271924;42.7455940
-3.0276945;42.7463188
-2.9884689;42.7258606
-2.9893126;42.7264290
-3.0474844;42.7543411
-3.0003290;42.7249527
-3.0048590;42.7304649
-3.0052283;42.7306061
-3.0051227;42.7294807
-3.0043423;42.7302513
-3.0049789;42.7296791
-3.0047290;42.7290154
-3.0054605;42.7277565
-3.0057931;42.7274208
-3.0056083;42.7273254
-3.0064628;42.7267647
-3.0069911;42.7270279
-3.0078039;42.7274551
-3.0023489;42.7250023
-3.0020242;42.7236900
-3.0027380;42.7238274
-3.0066068;42.7265625
-3.0060732;42.7262230
-2.9965518;42.7290878
-3.0075357;42.7360191
-3.0055337;42.7346916
-3.0058458;42.7279701
-3.0060308;42.7283783
-3.0064263;42.7275543
-3.0076878;42.7282524
-3.0068116;42.7283020
-3.0060728;42.7278786
-3.0064721;42.7291718
-3.0843265;42.7635574
-3.0850005;42.7588120
-3.0844660;42.7585373
-3.0845387;42.7589607
-3.0903130;42.7651482
-3.0835602;42.7607803
-3.0855289;42.7603989
-3.0962865;42.7677002
-3.0966895;42.7676582
-3.0921228;42.7658424
-3.0908675;42.7659264
-3.0949531;42.7662811
-3.0961754;42.7672729
-3.0966277;42.7670975
-3.0949824;42.7662163
-3.0955043;42.7663383
-2.9960043;42.7533264
-2.9952195;42.7531967
-2.9959652;42.7529564
-2.9958105;42.7526855
-3.0528097;42.7779694
-3.0507464;42.7779961
-3.0445623;42.7839241
-3.0445015;42.7834816
-3.1130393;42.7741470
-3.1074240;42.7717743
-3.0965893;42.7685394
-3.0998476;42.7680740
-3.1080797;42.7654037
-3.1134648;42.7625122
-3.1380029;42.7586861
-3.0465713;42.7688751
-3.0463912;42.7644157
-3.0469718;42.7572098
-3.0471187;42.7568169
-3.0471761;42.7565804
-3.0468857;42.7568665
-3.0457275;42.7558212
-3.0454032;42.7555389
-3.0449972;42.7551537
-3.0453355;42.7554398
-3.0453978;42.7554932
-3.0457683;42.7558212
-3.0460036;42.7560387
-3.0454469;42.7554817
-3.0458055;42.7557449
-3.0233192;42.7467499
-3.0231421;42.7474442
-3.0236726;42.7462273
-3.0261152;42.7446442
-2.9976654;42.7523956
-2.9858875;42.7631607
-2.9917357;42.7751923
-2.9853697;42.7160912
-2.9874663;42.7314796
-2.9864795;42.7344170
-2.9962199;42.7289085
-3.0011349;42.7235222
-3.0480456;42.7663612
-3.0481577;42.7663422
-3.0451386;42.7800789
-3.0934067;42.7660179
-3.0493565;42.7770195
-3.0494769;42.7770157
-2.9960263;42.7545624
-2.9970562;42.7526894
-2.9960670;42.7525978
-3.0505466;42.7780418
-2.9964571;42.7286758
-2.9965024;42.7286301
-3.0842371;42.7603912
-3.0955026;42.7677917
-2.9846320;42.7429962
-3.0457284;42.7754173
-3.0473342;42.7725334
-3.0465868;42.7648010
-3.0438676;42.7541618
-3.0952151;42.7669411
-3.0835197;42.7607117
-3.0835383;42.7605400
-3.0835400;42.7604599
-3.0831254;42.7607460
-3.0833745;42.7606354
-3.0469942;42.7567139
-3.0353961;42.7775993
-3.0238781;42.7725830
-3.0247965;42.7745171
-2.9840729;42.7426262
-2.9855182;42.7395096
-2.9851735;42.7408218
-2.9964280;42.7287674
-2.9963560;42.7287140
-3.0241082;42.7421074
-3.0225465;42.7420387
-3.0150795;42.7408676
-3.8054843;42.8959236
-3.8052063;42.8956833
-3.8049037;42.8959503
-3.0039485;42.7455482
-3.0041680;42.7442932
-2.9937487;42.7702484
-3.0488052;42.7494545
-3.8227885;42.8900986
-3.8067918;42.8959618
-2.9885185;42.7258987
-3.0461385;42.7524948
-3.0293317;42.7433510
-3.8054938;42.8960838
-3.8058422;42.8960915
-3.8059754;42.8962364
-2.9974916;42.7519531
-2.9969051;42.7509727
-3.0449708;42.7783699
-2.9862740;42.7440834
-2.9856613;42.7436256
-3.1138146;42.7741699
-3.1143160;42.7741089
-3.1148241;42.7742577
-2.9953060;42.7545319
-3.0259972;42.7450104
-3.0945897;42.7660828
-3.0442491;42.7784691
-3.0491564;42.7756386
-3.1149685;42.7736702
-3.0890951;42.7625656
-3.0871754;42.7601776
-3.1136284;42.7744904
-3.0822890;42.7634201
-3.0834024;42.7606354
-3.0831404;42.7608147
-3.0835018;42.7607765
-3.0833709;42.7606583
-3.0826035;42.7613144
-2.9888496;42.7819786
-3.0457838;42.7557259
-3.1390417;42.7582245
-3.1402624;42.7579117
-3.1475284;42.7571449
-3.1397848;42.7579613
-2.9967217;42.7538338
-3.0856872;42.7596703
-3.8057508;42.8962555
-3.5525486;42.6218796
-3.5525260;42.6219406
-3.5526166;42.6217003
-3.6200354;42.6238480
-3.6199336;42.6238708
-3.5525270;42.6251335
-3.5525072;42.6252251
-3.6126757;42.6254539
-3.6124516;42.6254921
-3.5818093;42.6237259
-3.5814166;42.6237526
-3.5817864;42.6230469
-3.5810659;42.6228027
-3.5815015;42.6231499
-3.5809233;42.6226349
-3.5802009;42.6224976
-3.5799005;42.6223373
-3.5777950;42.6242943
-3.5779161;42.6236420
-3.5520034;42.6179581
-3.5519233;42.6180725
-3.6069019;42.5992393
-3.6059470;42.5984764
-3.6066790;42.5999069
-3.6066151;42.5999985
-3.6063702;42.6024628
-3.6081090;42.6040993
-3.6189950;42.6060219
-3.6252959;42.6078224
-3.8048105;42.8963737
-3.6318111;42.6090279
-3.6334033;42.6091957
-3.6331599;42.6092949
-3.6334524;42.6095390
-3.6334651;42.6093636
-3.6334262;42.6099014
-3.6338475;42.6098518
-3.6335409;42.6099434
-3.6334217;42.6099625
-3.6332562;42.6125450
-3.6331747;42.6135178
-3.6328201;42.6149864
-3.5523243;42.6158409
-3.5523453;42.6153641
-3.5527575;42.6162415
-3.5529993;42.6161308
-3.5528004;42.6163445
-3.5532303;42.6164398
-3.5525420;42.6167259
-3.5509369;42.6171036
-3.5517499;42.6171188
-3.5521660;42.6172028
-3.5520902;42.6172523
-3.5519793;42.6172562
-3.5524337;42.6174088
-3.5522270;42.6175003
-3.5520067;42.6175461
-3.5518739;42.6175842
-3.5517395;42.6178627
-3.5513959;42.6178131
-3.5669017;42.6182823
-3.5538359;42.6183472
-3.5530248;42.6185493
-3.5708284;42.6210213
-3.5842192;42.6224899
-3.5837927;42.6225624
-3.5813227;42.6224594
-3.5826187;42.6228752
-3.5805531;42.6228981
-3.5818870;42.6231003
-3.5817549;42.6231575
-3.6258326;42.6229019
-3.6222370;42.6233063
-3.6222010;42.6233177
-3.5813069;42.6233330
-3.5811949;42.6233368
-3.5809834;42.6233406
-3.5797272;42.6233673
-3.5796335;42.6233711
-3.5818007;42.6233711
-3.5823512;42.6233864
-3.5789614;42.6233978
-3.5811903;42.6234398
-3.5818169;42.6234627
-3.5782065;42.6234970
-3.5825253;42.6235008
-3.5796902;42.6236076
-3.5802860;42.6236496
-3.5820942;42.6236572
-3.5812259;42.6236877
-3.5793319;42.6236954
-3.5823617;42.6236992
-3.5797150;42.6237144
-3.5741010;42.6237259
-3.5785220;42.6237030
-3.5799589;42.6237640
-3.5817513;42.6238518
-3.5816395;42.6238632
-3.5821695;42.6239052
-3.5815096;42.6239548
-3.5746117;42.6240044
-3.5808966;42.6240387
-3.5751505;42.6242371
-3.6024499;42.6250610
-3.6022151;42.6250038
-3.5939386;42.6251068
-3.6027930;42.6251755
-3.6042109;42.6259842
-3.6100492;42.6260262
-3.6098106;42.6260681
-3.5481005;42.6261787
-3.6026669;42.6566696
-3.6000295;42.6573143
-3.5946937;42.6586227
-3.5935669;42.6588936
-3.8046920;42.8963585
-3.4920161;42.7423859
-3.4919147;42.7423973
-3.5122926;42.7093010
-3.5065222;42.7106972
-3.4933162;42.7123222
-3.4886553;42.7093811
-3.5047610;42.7127113
-3.4956167;42.7138519
-3.5040498;42.7144623
-3.4965038;42.7147789
-3.5038645;42.7150574
-3.5042830;42.7145691
-3.5005906;42.7156677
-3.5038052;42.7156830
-3.5042939;42.7156792
-3.5008895;42.7157745
-3.5021372;42.7159119
-3.5015936;42.7160110
-3.5018668;42.7160721
-3.5029202;42.7160912
-3.5033550;42.7156219
-3.5027649;42.7160721
-3.5031192;42.7161636
-3.5034306;42.7157059
-3.5028954;42.7162476
-3.5025375;42.7162933
-3.5035357;42.7163124
-3.5039513;42.7162781
-3.5034444;42.7163277
-3.5031042;42.7163391
-3.5033059;42.7163696
-3.5028722;42.7164001
-3.5020056;42.7164116
-3.5020621;42.7165108
-3.5025439;42.7165298
-3.5023813;42.7165794
-3.5027814;42.7166862
-3.5032303;42.7167435
-3.5027189;42.7168694
-3.5022299;42.7169380
-3.5038972;42.7170563
-3.5021744;42.7172737
-3.5023980;42.7173424
-3.5027225;42.7185745
-3.5037997;42.7201576
-3.5041268;42.7209587
-3.5051219;42.7229004
-3.5055485;42.7230682
-3.5061066;42.7228851
-3.5058548;42.7231636
-3.5055847;42.7232742
-3.5057502;42.7233429
-3.5058668;42.7233925
-3.5063913;42.7233925
-3.5079300;42.7236938
-3.5105934;42.7235832
-3.5058222;42.7242126
-3.5163789;42.7249641
-3.5059140;42.7253342
-3.5086937;42.7283058
-3.5083992;42.7300644
-3.5083759;42.7305565
-3.5083575;42.7310257
-3.5079777;42.7306900
-3.5083408;42.7312088
-3.5092230;42.7312431
-3.5103762;42.7312050
-3.5083051;42.7312813
-3.5073743;42.7312851
-3.5080767;42.7315369
-3.5071914;42.7318954
-3.4824810;42.7358742
-3.4793077;42.7374725
-3.4775507;42.7378120
-3.4948885;42.7397041
-3.4933000;42.7401657
-3.4938662;42.7402153
-3.4938130;42.7400856
-3.4931433;42.7403069
-3.4936142;42.7404022
-3.4935119;42.7404404
-3.4936321;42.7406845
-3.4930933;42.7407036
-3.4888713;42.7408524
-3.4931693;42.7409477
-3.4907248;42.7421303
-3.4930503;42.7422371
-3.4928873;42.7422523
-3.4926450;42.7422867
-3.4932370;42.7425613
-3.4927218;42.7426109
-3.4932935;42.7426529
-3.4938028;42.7426453
-3.4931736;42.7428551
-3.4947150;42.7436981
-3.4960506;42.7473068
-3.4985332;42.7500610
-3.5018806;42.7510948
-3.4841206;42.7540245
-3.4734707;42.7495995
-3.3450637;42.5951920
-3.3449924;42.5950813
-3.3470752;42.5982895
-3.3472350;42.5985260
-3.3475299;42.5989838
-3.3475864;42.5990639
-3.3464365;42.5860443
-3.3462670;42.5860481
-3.3332868;42.5883293
-3.3330853;42.5883255
-3.3311927;42.5872192
-3.3311949;42.5873680
-3.3193686;42.5910301
-3.3191783;42.5910225
-3.3401916;42.5876923
-3.3401542;42.5876389
-3.3314362;42.5728149
-3.3328488;42.5757446
-3.3338940;42.5774803
-3.3345368;42.5786629
-3.3352492;42.5798187
-3.3371141;42.5830574
-3.3385012;42.5853653
-3.3386188;42.5854836
-3.3468518;42.5860023
-3.3324630;42.5861092
-3.3399777;42.5873985
-3.3400793;42.5875359
-3.3404169;42.5876312
-3.3399262;42.5877266
-3.3309720;42.5878525
-3.3403852;42.5879974
-3.3313665;42.5881386
-3.3365991;42.5883522
-3.3322859;42.5884819
-3.3298481;42.5887833
-3.3298795;42.5888023
-3.3323185;42.5892181
-3.3292398;42.5893021
-3.3291523;42.5893936
-3.3281620;42.5890923
-3.3294826;42.5894203
-3.3278198;42.5896530
-3.3280284;42.5899086
-3.3296838;42.5899277
-3.3275237;42.5899620
-3.3287253;42.5900002
-3.3289165;42.5900612
-3.3287251;42.5901070
-3.3279357;42.5901184
-3.3273339;42.5901566
-3.3287535;42.5902634
-3.3275974;42.5902748
-3.3279018;42.5903130
-3.3282721;42.5903473
-3.3270788;42.5903511
-3.3274806;42.5904121
-3.3278513;42.5904388
-3.3276987;42.5904884
-3.3265932;42.5905113
-3.3276098;42.5905495
-3.3288641;42.5905838
-3.3269277;42.5910378
-3.3259897;42.5913696
-3.3255038;42.5914307
-3.3140614;42.5918732
-3.3291430;42.5925560
-3.3464997;42.5974274
-3.3498828;42.6026840
-3.3516371;42.6053619
-3.7996655;42.8757629
-3.7996359;42.8756714
-3.8323569;42.9036827
-3.8323889;42.9037971
-3.8312027;42.9178391
-3.8312836;42.9176559
-3.8276701;42.9295578
-3.8276591;42.9294662
-3.8317480;42.9353714
-3.8316669;42.9352951
-3.8340907;42.9356232
-3.8339775;42.9356689
-3.8404989;42.9033813
-3.8402052;42.9035683
-3.8804953;42.8525124
-3.8806183;42.8515625
-3.8807740;42.8529129
-3.8811011;42.8534851
-3.8815079;42.8540154
-3.8807483;42.8542252
-3.8808398;42.8538742
-3.8805358;42.8544235
-3.8856392;42.8570061
-3.8940144;42.8605118
-3.8945217;42.8610840
-3.8945229;42.8611641
-3.8972690;42.8614311
-3.8971977;42.8610191
-3.8968325;42.8620262
-3.8968837;42.8620377
-3.8972485;42.8621330
-3.8973405;42.8621559
-3.9147074;42.8622360
-3.9128633;42.8590851
-3.8977463;42.8622513
-3.9008658;42.8612213
-3.8991382;42.8623352
-3.8991818;42.8625412
-3.8987041;42.8628082
-3.8993876;42.8632851
-3.8990734;42.8632202
-3.9125369;42.8682060
-3.8896084;42.8715477
-3.8895812;42.8715858
-3.8892610;42.8716240
-3.8869102;42.8718719
-3.8864348;42.8718796
-3.8868935;42.8718948
-3.8901484;42.8719025
-3.8900139;42.8719673
-3.8863225;42.8720627
-3.8862488;42.8720665
-3.8892248;42.8720932
-3.8876057;42.8720970
-3.8874059;42.8721237
-3.8875282;42.8723106
-3.8890576;42.8723297
-3.8882878;42.8723297
-3.8881452;42.8719101
-3.8893602;42.8723526
-3.8890164;42.8723984
-3.8884454;42.8724251
-3.8898304;42.8724594
-3.8899128;42.8724785
-3.8889637;42.8725586
-3.8884151;42.8726768
-3.8897970;42.8727112
-3.8877685;42.8748398
-3.8880491;42.8749428
-3.7995346;42.8750305
-3.7991912;42.8738060
-3.8884149;42.8753395
-3.8882470;42.8754120
-3.8875856;42.8755417
-3.8858449;42.8764954
-3.8016036;42.8779869
-3.7996593;42.8785973
-3.8851571;42.8797913
-3.7937167;42.8809967
-3.7933145;42.8811874
-3.8848834;42.8816566
-3.8106117;42.8830338
-3.8834555;42.8851242
-3.8833830;42.8852119
-3.8829942;42.8853493
-3.8869710;42.8853226
-3.8864331;42.8853912
-3.8832800;42.8854828
-3.8151765;42.8856010
-3.8831868;42.8856277
-3.8833590;42.8857346
-3.8834922;42.8858566
-3.8820281;42.8858643
-3.8818569;42.8858871
-3.8803558;42.8853073
-3.8839324;42.8859711
-3.8836160;42.8862915
-3.8737111;42.8863029
-3.8828306;42.8863640
-3.7861362;42.8867035
-3.8834832;42.8867264
-3.8833349;42.8868675
-3.8836303;42.8868828
-3.8176005;42.8870430
-3.8229940;42.8898392
-3.9094017;42.8900108
-3.9106183;42.8864212
-3.8252618;42.8903542
-3.8782029;42.8913879
-3.8782692;42.8914642
-3.8787925;42.8913345
-3.8768682;42.8915138
-3.8787332;42.8916893
-3.8789625;42.8919868
-3.8784778;42.8922691
-3.8467107;42.8923492
-3.8465798;42.8914948
-3.8780782;42.8923798
-3.8787360;42.8926468
-3.8784242;42.8927574
-3.8798153;42.8928413
-3.8796334;42.8929367
-3.8790276;42.8929482
-3.8797667;42.8929977
-3.8799932;42.8931122
-3.8795750;42.8932114
-3.8474576;42.8928261
-3.8472250;42.8932953
-3.8793466;42.8932991
-3.8795915;42.8933525
-3.8464665;42.8934097
-3.8459883;42.8930550
-3.8472939;42.8934174
-3.8793294;42.8935280
-3.8788230;42.8935318
-3.8465610;42.8935547
-3.8478107;42.8935852
-3.8474422;42.8937492
-3.8485556;42.8937645
-3.8466640;42.8938255
-3.8461764;42.8938599
-3.8466988;42.8938866
-3.8516760;42.8839836
-3.8492281;42.8939247
-3.8480744;42.8939629
-3.8457646;42.8939972
-3.8486855;42.8940315
-3.8463333;42.8940544
-3.8808267;42.8940773
-3.8796108;42.8941841
-3.8574460;42.8963852
-3.8063970;42.8964119
-3.8053071;42.8965111
-3.8581378;42.8966484
-3.8056571;42.8967514
-3.8058474;42.8968048
-3.8063269;42.8968887
-3.8048017;42.8969460
-3.8055422;42.8970375
-3.8048475;42.8970451
-3.8045111;42.8970718
-3.8053803;42.8971138
-3.8049190;42.8971825
-3.8048637;42.8973351
-3.8053012;42.8973579
-3.8465869;42.8974113
-3.8049288;42.8974762
-3.8050139;42.8977242
-3.8055308;42.8979492
-3.8714714;42.8981934
-3.8309188;42.8984566
-3.8720837;42.8985062
-3.8717282;42.8991699
-3.8718636;42.8995285
-3.8707931;42.8996582
-3.8722575;42.8997116
-3.8437715;42.9004669
-3.8967607;42.9005928
-3.8972909;42.8996162
-3.8320642;42.9026146
-3.8320770;42.9026680
-3.8869228;42.9029808
-3.8831515;42.9042053
-3.8861494;42.9029999
-3.8370509;42.9054909
-3.8369794;42.9055443
-3.8428814;42.9066086
-3.8454428;42.9065781
-3.8394494;42.9066124
-3.8459837;42.9067802
-3.8332603;42.9069328
-3.8465796;42.9070625
-3.8472600;42.9070740
-3.8352628;42.9071007
-3.8474302;42.9071274
-3.8467307;42.9062614
-3.8476524;42.9072113
-3.8484473;42.9067345
-3.8480704;42.9072304
-3.8481538;42.9066925
-3.8470910;42.9072838
-3.8489494;42.9072952
-3.8476517;42.9073486
-3.8472564;42.9074516
-3.8465598;42.9075089
-3.8483307;42.9075165
-3.8468301;42.9075279
-3.8476596;42.9075432
-3.8483615;42.9076157
-3.8468187;42.9076729
-3.8476615;42.9077148
-3.8472619;42.9077492
-3.8484211;42.9077721
-3.8473301;42.9078560
-3.8471415;42.9078827
-3.8476014;42.9078941
-3.8483498;42.9079552
-3.8476937;42.9080048
-3.8484712;42.9080353
-3.8488305;42.9080467
-3.8492279;42.9079971
-3.8472602;42.9081039
-3.8466723;42.9081650
-3.8476565;42.9081688
-3.8480279;42.9082870
-3.8490365;42.9082985
-3.8460877;42.9083061
-3.8468206;42.9083405
-3.8486457;42.9083405
-3.8453217;42.9077950
-3.8455615;42.9083595
-3.8465617;42.9084206
-3.8470159;42.9084244
-3.8474398;42.9084511
-3.8472812;42.9085121
-3.8480003;42.9086914
-3.8483207;42.9086380
-3.8480227;42.9087601
-3.8463886;42.9087067
-3.8476269;42.9087181
-3.8474002;42.9087257
-3.8469529;42.9088020
-3.8457251;42.9088745
-3.8342044;42.9103355
-3.8362079;42.9131050
-3.8350911;42.9135208
-3.8350909;42.9135971
-3.8269591;42.9141159
-3.8208501;42.9134560
-3.8168533;42.9141655
-3.8168151;42.9141350
-3.8199584;42.9142952
-3.8170364;42.9143219
-3.8197277;42.9144783
-3.8176236;42.9145164
-3.8187613;42.9146271
-3.8184569;42.9147644
-3.8183110;42.9148331
-3.8188541;42.9149246
-3.8183777;42.9150238
-3.8201182;42.9152222
-3.8193617;42.9153175
-3.8192549;42.9154053
-3.8193967;42.9155731
-3.8189173;42.9155884
-3.8208261;42.9157944
-3.8317492;42.9165573
-3.8313930;42.9174080
-3.8308825;42.9185028
-3.8243988;42.9251137
-3.8248260;42.9251328
-3.8254535;42.9251518
-3.8243606;42.9253654
-3.8241000;42.9252739
-3.8242750;42.9257584
-3.8250494;42.9264832
-3.8275361;42.9282112
-3.8275459;42.9284210
-3.8305254;42.9290924
-3.9061682;42.9304276
-3.9080629;42.9245872
-3.8279068;42.9312363
-3.9052176;42.9317093
-3.8286777;42.9331932
-3.8293474;42.9349976
-3.8293717;42.9354591
-3.8356366;42.9325371
-3.9032009;42.9352264
-3.9024694;42.9357605
-3.9015253;42.9361534
-3.9022374;42.9363327
-3.9032140;42.9360390
-3.9019554;42.9365921
-3.9007924;42.9366951
-3.9011292;42.9367065
-3.9018061;42.9367218
-3.9002476;42.9368935
-3.9019291;42.9370232
-3.9012668;42.9372139
-3.9005294;42.9373436
-3.8992193;42.9373894
-3.9008877;42.9373894
-3.8993206;42.9374466
-3.9030402;42.9375305
-3.8895695;42.9344139
-3.8944974;42.9376335
-3.8298807;42.9376755
-3.8984435;42.9376907
-3.8298714;42.9376984
-3.8980038;42.9379272
-3.8997626;42.9379883
-3.8956661;42.9380989
-3.8954663;42.9381371
-3.9006438;42.9382515
-3.8946831;42.9385986
-3.9069033;42.9398918
-3.8958533;42.9463921
-3.9019985;42.9476624
-3.8991301;42.9473763
-3.8971446;42.9489594
-3.8969483;42.9515839
-3.9077928;42.9411049
-3.9078302;42.9412689
-3.9136724;42.9424820
-3.9137156;42.9424934
-3.9351728;42.9506798
-3.9353356;42.9507713
-3.9557199;42.9609985
-3.9558039;42.9611244
-3.9115853;42.9412880
-3.9110911;42.9407921
-3.9079530;42.9419327
-3.9078815;42.9420319
-3.9080560;42.9420433
-3.9083529;42.9421234
-3.9088395;42.9421501
-3.9107690;42.9421959
-3.9090726;42.9421959
-3.9104776;42.9422302
-3.9084015;42.9422379
-3.9102499;42.9422798
-3.9115546;42.9422913
-3.9101226;42.9423218
-3.9121544;42.9423256
-3.9127672;42.9423790
-3.9105644;42.9423828
-3.9095480;42.9423866
-3.9098501;42.9423981
-3.9075010;42.9425354
-3.9100089;42.9425507
-3.9069333;42.9426689
-3.9064240;42.9427071
-3.9074886;42.9427261
-3.9110885;42.9427261
-3.9064977;42.9428253
-3.9077706;42.9429131
-3.9095945;42.9430428
-3.9069784;42.9431114
-3.9093480;42.9432869
-3.9203174;42.9451714
-3.9210360;42.9452667
-3.9219406;42.9453926
-3.9062757;42.9456596
-3.9238195;42.9456596
-3.9257336;42.9459305
-3.9047270;42.9468079
-3.9046984;42.9468613
-3.9346848;42.9498367
-3.9346466;42.9500275
-3.9370029;42.9511909
-3.9397409;42.9514656
-3.9462905;42.9521637
-3.9463739;42.9521713
-3.9545686;42.9521904
-3.9541104;42.9506302
-3.9546459;42.9522972
-3.9488215;42.9523354
-3.9489865;42.9523354
-3.9492893;42.9523354
-3.9558592;42.9519768
-3.9552596;42.9524918
-3.9543128;42.9525681
-3.9507866;42.9527969
-3.9555259;42.9529190
-3.9549241;42.9529572
-3.9543581;42.9530296
-3.9515290;42.9524117
-3.9557772;42.9530869
-3.9514215;42.9531708
-3.9548798;42.9532738
-3.9547992;42.9534035
-3.9547575;42.9535675
-3.9552031;42.9539146
-3.9523418;42.9539223
-3.9533491;42.9539566
-3.9539163;42.9541321
-3.9556301;42.9541779
-3.9531050;42.9542313
-3.9550390;42.9542427
-3.9526708;42.9543533
-3.9527709;42.9543953
-3.9549148;42.9544525
-3.9539483;42.9545288
-3.9548223;42.9545288
-3.9556704;42.9546165
-3.9537246;42.9547119
-3.9567161;42.9547310
-3.9530025;42.9547577
-3.9525268;42.9547615
-3.9535224;42.9549255
-3.9528439;42.9549675
-3.9522614;42.9552231
-3.9522264;42.9553223
-3.9526117;42.9553223
-3.9541366;42.9553871
-3.9526393;42.9554024
-3.9517159;42.9554100
-3.9562120;42.9554253
-3.9497035;42.9556007
-3.9495568;42.9553947
-3.9521241;42.9556427
-3.9517579;42.9554443
-3.9499078;42.9556503
-3.9520917;42.9557343
-3.9516468;42.9558983
-3.9514878;42.9559822
-3.9520655;42.9560127
-3.9491534;42.9560432
-3.9491882;42.9557571
-3.9482148;42.9560852
-3.9496322;42.9560852
-3.9498072;42.9561119
-3.9511490;42.9561195
-3.9483368;42.9561577
-3.9524319;42.9563332
-3.9525418;42.9564247
-3.9484923;42.9566574
-3.9529014;42.9567146
-3.9485691;42.9567375
-3.9493990;42.9567871
-3.9507434;42.9569359
-3.9481909;42.9572105
-3.9514551;42.9573326
-3.9502807;42.9575844
-3.9534721;42.9575844
-3.9488502;42.9575996
-3.9488568;42.9577103
-3.9495595;42.9579506
-3.9469206;42.9581604
-3.9486735;42.9582787
-3.9489682;42.9583321
-3.9537745;42.9583702
-3.9503880;42.9587479
-3.9489262;42.9588509
-3.9500391;42.9590034
-3.9488554;42.9591103
-3.9559245;42.9612770
-3.9618087;42.9627495
-3.9629459;42.9623413
-3.9612374;42.9624557
-3.9624872;42.9630356
-3.9617457;42.9631958
-3.9616487;42.9635048
-3.9630232;42.9635925
-3.9638195;42.9636002
-3.9601352;42.9637451
-3.9594421;42.9629173
-3.9603984;42.9638138
-3.9624102;42.9639549
-3.9617510;42.9639893
-3.9615841;42.9641075
-3.9577031;42.9643135
-3.9613700;42.9643517
-3.9607527;42.9643555
-3.9610643;42.9644051
-3.9591954;42.9644241
-3.9591644;42.9644966
-3.9612556;42.9645462
-3.9603698;42.9646530
-3.9611306;42.9648552
-3.9619191;42.9648781
-3.9634807;42.9649010
-3.9607933;42.9651947
-3.9587946;42.9654922
-3.9592791;42.9656754
-3.9596188;42.9661217
-3.9595027;42.9704857
-3.9610150;42.9727783
-3.0955625;42.5952988
-3.0961201;42.5956879
-3.0824745;42.6008263
-3.0774438;42.6009140
-3.0772324;42.6014214
-3.0808501;42.6015739
-3.0769956;42.6015968
-3.0770025;42.6016388
-3.0790904;42.6017075
-3.0788591;42.6018105
-3.0770974;42.6023521
-3.0780516;42.6023750
-3.0772092;42.6027031
-3.0761356;42.6027107
-3.0759392;42.6016693
-3.0784974;42.6028976
-3.0766816;42.6029816
-3.0754054;42.6030617
-3.0766206;42.6030884
-3.0774546;42.6031342
-3.0771914;42.6032486
-3.0774844;42.6032753
-3.0774901;42.6033440
-3.0785534;42.6033974
-3.0779953;42.6034966
-3.0771346;42.6036415
-3.0774779;42.6037254
-3.0778644;42.6037254
-3.0760207;42.6039848
-3.0782039;42.6040077
-3.0779166;42.6040230
-3.0767443;42.6040230
-3.0770652;42.6040306
-3.0756941;42.6054802
-3.0706224;42.6058235
-3.0607400;42.6016350
-3.0706835;42.6058540
-3.0769410;42.6084785
-3.0769656;42.6084862
-3.0821862;42.6106987
-3.0848365;42.6120110
-3.0854311;42.6122742
-3.7056766;42.8614044
-3.7071412;42.8613968
-3.7104945;42.8577995
-3.7107787;42.8557777
-3.6380978;42.8079529
-3.6365852;42.8080864
-3.5804293;42.7435112
-3.5804253;42.7433624
-3.6138084;42.6876259
-3.6138093;42.6877327
-3.5880432;42.7481308
-3.5880213;42.7479401
-3.6849916;42.8377571
-3.6849236;42.8378296
-3.7204916;42.8437080
-3.7205870;42.8436356
-3.7072685;42.8613968
-3.7037301;42.8623123
-3.7037959;42.8622360
-3.7108674;42.8557129
-3.6333246;42.7600822
-3.6334333;42.7600746
-3.6361575;42.7626266
-3.6362250;42.7627258
-3.7305431;42.8404236
-3.7304308;42.8404007
-3.6143713;42.6830368
-3.6139827;42.6841507
-3.6139288;42.6950035
-3.6133165;42.6983261
-3.6132987;42.6985664
-3.6133525;42.7047348
-3.6143613;42.7065430
-3.6131344;42.7088509
-3.6147523;42.7082329
-3.6143067;42.7091751
-3.6137588;42.7101784
-3.6137559;42.7104797
-3.6139185;42.7105408
-3.6140995;42.7105789
-3.6136353;42.7109680
-3.6131668;42.7110138
-3.6135919;42.7112007
-3.6134756;42.7112389
-3.6131165;42.7115364
-3.6136889;42.7117081
-3.6132131;42.7122803
-3.6137247;42.7168579
-3.6137366;42.7199898
-3.6137362;42.7202148
-3.6131597;42.7263565
-3.6131887;42.7263794
-3.6135714;42.7288361
-3.6130586;42.7314720
-3.6131768;42.7326355
-3.6133814;42.7347603
-3.5536504;42.7352943
-3.5507026;42.7338600
-3.6133564;42.7388573
-3.6130872;42.7390671
-3.6128433;42.7398529
-3.6130397;42.7398911
-3.6130941;42.7419624
-3.6133425;42.7420540
-3.5797443;42.7421761
-3.5798092;42.7419662
-3.5793922;42.7420731
-3.5799816;42.7422218
-3.5797284;42.7422523
-3.5796170;42.7424698
-3.5790706;42.7422676
-3.5730999;42.7424889
-3.5823603;42.7426224
-3.5816755;42.7427063
-3.5807841;42.7428131
-3.5800226;42.7428322
-3.5805886;42.7428551
-3.5811791;42.7428780
-3.5802264;42.7428932
-3.5801001;42.7429123
-3.5806484;42.7430611
-3.5819585;42.7430649
-3.5815101;42.7431374
-3.5804765;42.7431831
-3.5824525;42.7431908
-3.5804131;42.7432518
-3.5817819;42.7433052
-3.5816548;42.7433395
-3.5821335;42.7433777
-3.5816541;42.7434502
-3.5807140;42.7435226
-3.5807250;42.7436867
-3.5848348;42.7429962
-3.5811300;42.7437248
-3.5805612;42.7438889
-3.5804670;42.7439232
-3.5803943;42.7439461
-3.5806348;42.7439995
-3.5797863;42.7440529
-3.5805423;42.7444115
-3.6836143;42.7427368
-3.6802197;42.7458916
-3.6792164;42.7465363
-3.6139226;42.7469978
-3.6137969;42.7470703
-3.6138754;42.7473373
-3.6135879;42.7494164
-3.5935531;42.7505035
-3.5921881;42.7505379
-3.5932384;42.7505569
-3.5915232;42.7507439
-3.5922153;42.7507896
-3.5928173;42.7508698
-3.5923679;42.7509041
-3.5924828;42.7509689
-3.5917828;42.7510414
-3.5916972;42.7512856
-3.5921116;42.7513275
-3.5906632;42.7514191
-3.5923858;42.7514267
-3.5937982;42.7514496
-3.5923615;42.7514496
-3.5919099;42.7516785
-3.5914872;42.7519608
-3.6689198;42.7523766
-3.6679685;42.7528687
-3.6019268;42.7531586
-3.6131675;42.7534866
-3.6129303;42.7537117
-3.6132057;42.7538948
-3.6103518;42.7541084
-3.6596024;42.7557449
-3.6139641;42.7570839
-3.6147392;42.7595978
-3.6331196;42.7601814
-3.6155999;42.7623978
-3.6517892;42.7626038
-3.6487317;42.7646751
-3.6163526;42.7649231
-3.6469243;42.7651596
-3.6463790;42.7653046
-3.6458328;42.7654228
-3.6230524;42.7656860
-3.6239514;42.7656212
-3.6167297;42.7662468
-3.6164479;42.7662544
-3.6276979;42.7665176
-3.6500211;42.7666893
-3.6525266;42.7670059
-3.6530435;42.7668533
-3.6526532;42.7670059
-3.6532216;42.7670898
-3.6516354;42.7671471
-3.6519864;42.7671852
-3.6516147;42.7672043
-3.6524725;42.7672462
-3.6532385;42.7672539
-3.6516619;42.7674942
-3.6525543;42.7675667
-3.6527598;42.7679634
-3.6510749;42.7680702
-3.6543691;42.7680779
-3.6526024;42.7682800
-3.8716640;42.7681618
-3.8721097;42.7677765
-3.6162252;42.7683945
-3.6174064;42.7684746
-3.6178527;42.7683563
-3.6172776;42.7685204
-3.6180398;42.7686386
-3.6169186;42.7686424
-3.6172411;42.7686691
-3.6161914;42.7687798
-3.6163633;42.7688141
-3.6182027;42.7688141
-3.6178758;42.7689056
-3.6168556;42.7689362
-3.6173546;42.7690544
-3.6181390;42.7690849
-3.6183801;42.7691116
-3.6187489;42.7691307
-3.6177406;42.7691879
-3.6190867;42.7688713
-3.6188705;42.7691917
-3.6189873;42.7692261
-3.6171978;42.7692757
-3.6177809;42.7692833
-3.6167531;42.7693024
-3.6138747;42.7692986
-3.6136575;42.7693024
-3.6107647;42.7692528
-3.6161320;42.7693253
-3.6173191;42.7693291
-3.6161232;42.7694054
-3.6106887;42.7694130
-3.6183047;42.7694588
-3.6178913;42.7694626
-3.6176074;42.7695389
-3.6180968;42.7695541
-3.6165152;42.7695694
-3.6180382;42.7696266
-3.6181676;42.7698441
-3.6173663;42.7698898
-3.6160657;42.7699242
-3.6187029;42.7703133
-3.6157491;42.7753639
-3.6177425;42.7798042
-3.6180983;42.7806549
-3.6194975;42.7839470
-3.6211665;42.7882500
-3.6210058;42.7901306
-3.6275158;42.7997475
-3.6274302;42.7997208
-3.6167655;42.7998734
-3.6297977;42.8012810
-3.6159322;42.8014641
-3.6154566;42.8026237
-3.6315207;42.8050613
-3.6320953;42.8060799
-3.6758268;42.7983322
-3.6774864;42.8064308
-3.6323941;42.8067970
-3.6337790;42.8068542
-3.6340644;42.8063202
-3.6338730;42.8069000
-3.6321347;42.8069038
-3.6338172;42.8070107
-3.6329627;42.8070831
-3.6322336;42.8071442
-3.6314352;42.8071556
-3.6746063;42.8071785
-3.6345387;42.8072052
-3.6331863;42.8072281
-3.6519032;42.8069458
-3.6469569;42.8072433
-3.6328681;42.8072472
-3.6329091;42.8072929
-3.6674097;42.8073082
-3.6338151;42.8073235
-3.6457372;42.8073425
-3.6342380;42.8073463
-3.6330225;42.8073845
-3.6349483;42.8073921
-3.6778433;42.8068695
-3.6780429;42.8074493
-3.6699088;42.8074532
-3.6787238;42.8071632
-3.6785595;42.8074646
-3.6784120;42.8069878
-3.6436028;42.8074684
-3.6330593;42.8075104
-3.6315846;42.8075180
-3.6761322;42.8075562
-3.6717789;42.8075714
-3.6324701;42.8075943
-3.6319547;42.8076172
-3.6783862;42.8076591
-3.6335185;42.8076706
-3.6333370;42.8076897
-3.6341252;42.8076973
-3.6325071;42.8077316
-3.6326487;42.8077660
-3.6328139;42.8077660
-3.6770251;42.8077736
-3.6332610;42.8078156
-3.6787372;42.8078613
-3.6329420;42.8078804
-3.6347070;42.8079262
-3.6327252;42.8079453
-3.6333737;42.8079529
-3.6311452;42.8079605
-3.6778555;42.8080521
-3.6782432;42.8080711
-3.6340899;42.8080750
-3.6307039;42.8081131
-3.6347756;42.8081169
-3.6348109;42.8081627
-3.6789272;42.8081627
-3.6784191;42.8082314
-3.6329036;42.8083534
-3.6315753;42.8083839
-3.6346300;42.8084755
-3.6777992;42.8084869
-3.6329243;42.8085175
-3.6780820;42.8085327
-3.6776006;42.8086243
-3.6784730;42.8086281
-3.6772494;42.8086319
-3.6786656;42.8087616
-3.6345732;42.8087845
-3.6777852;42.8088417
-3.6778986;42.8088646
-3.6776650;42.8089981
-3.6778839;42.8093262
-3.6777852;42.8098106
-3.6782086;42.8100395
-3.6511581;42.8133621
-3.6694639;42.8202248
-3.7217786;42.8297157
-3.7245464;42.8172722
-3.6756716;42.8299789
-3.6763344;42.8307571
-3.7215290;42.8348160
-3.6845264;42.8357201
-3.7217779;42.8359756
-3.7220833;42.8366127
-3.6850288;42.8377151
-3.6848099;42.8379555
-3.6836917;42.8381615
-3.6821928;42.8381271
-3.6837566;42.8383064
-3.6840231;42.8384285
-3.6840036;42.8384819
-3.6833389;42.8385735
-3.6837580;42.8385887
-3.7230544;42.8386230
-3.6832201;42.8388023
-3.6831641;42.8389091
-3.6814170;42.8387985
-3.6808887;42.8389473
-3.6837006;42.8390198
-3.6840851;42.8390198
-3.6807935;42.8390656
-3.6818111;42.8390808
-3.6844316;42.8390884
-3.7232852;42.8391762
-3.6819954;42.8392601
-3.6828635;42.8392868
-3.7275469;42.8395004
-3.6830409;42.8395233
-3.7290049;42.8400345
-3.7291441;42.8400803
-3.7207227;42.8435822
-3.7148051;42.8510933
-3.7147455;42.8509369
-3.7149200;42.8513947
-3.7177758;42.8516312
-3.8721581;42.7681770
-3.8723376;42.7681084
-3.7162650;42.8517227
-3.7154765;42.8519287
-3.7145107;42.8520126
-3.7148216;42.8523483
-3.7146258;42.8525238
-3.7144008;42.8528328
-3.7138920;42.8525581
-3.7129600;42.8541451
-3.7111669;42.8555565
-3.7094257;42.8603210
-3.7036738;42.8623848
-3.7031612;42.8623123
-3.7036381;42.8624649
-3.7036452;42.8626442
-3.7033741;42.8627815
-3.7036591;42.8629189
-3.7032955;42.8630562
-3.7037084;42.8632126
-3.7037292;42.8633957
-3.0405729;42.6591415
-3.0398607;42.6588631
-3.0446107;42.6611366
-3.0448663;42.6613960
-3.0811076;42.6479607
-3.0734947;42.6506310
-3.0754414;42.6506996
-3.0811472;42.6482582
-3.0708175;42.6506996
-3.0688913;42.6505775
-3.8715875;42.7682190
-3.0687785;42.6506004
-3.0673401;42.6509171
-3.0689771;42.6509628
-3.0717955;42.6511154
-3.0675418;42.6512794
-3.0706332;42.6513710
-3.0668476;42.6514854
-3.0685956;42.6516800
-3.0706468;42.6516876
-3.0687129;42.6519547
-3.0693307;42.6518898
-3.0666962;42.6519737
-3.0646253;42.6524467
-3.0642338;42.6524467
-3.0671132;42.6538811
-3.0733013;42.6535378
-3.0632458;42.6536217
-3.0762870;42.6542053
-3.0831652;42.6540718
-3.0829275;42.6542854
-3.0826373;42.6540642
-3.0619826;42.6551132
-3.0617514;42.6552658
-3.0621641;42.6554184
-3.0619721;42.6555099
-3.0814893;42.6556206
-3.0618672;42.6556473
-3.0611525;42.6557999
-3.0615218;42.6558380
-3.0611000;42.6558647
-3.0609853;42.6559563
-3.0604169;42.6558380
-3.0613525;42.6560287
-3.0614610;42.6560860
-3.0600655;42.6561127
-3.0810680;42.6561356
-3.0607109;42.6561661
-3.0616269;42.6561813
-3.0616844;42.6562080
-3.0606182;42.6562424
-3.0604479;42.6563759
-3.0807981;42.6564598
-3.0603063;42.6564980
-3.0619359;42.6565781
-3.0600040;42.6567726
-3.0598567;42.6569023
-3.0597699;42.6569786
-3.0805771;42.6570625
-3.0803149;42.6571503
-3.0799437;42.6572685
-3.0619924;42.6574326
-3.0591133;42.6575508
-3.0788662;42.6576195
-3.0593047;42.6577110
-3.0588219;42.6577721
-3.0616267;42.6580544
-3.0396078;42.6587715
-3.0395262;42.6591606
-3.0656910;42.6591606
-3.0657895;42.6591873
-3.0394902;42.6593323
-3.0679979;42.6597786
-3.0531991;42.6597824
-3.0786216;42.6599083
-3.0796692;42.6590271
-3.0794506;42.6586266
-3.0791962;42.6583633
-3.0487912;42.6606026
-3.0477443;42.6607971
-3.0469275;42.6609383
-3.0425463;42.6601028
-3.0394354;42.6595955
-3.0390396;42.6614761
-3.0319440;42.6666260
-3.0310483;42.6684990
-3.0312533;42.6685944
-3.0322416;42.6665192
-3.8713436;42.7680397
-3.9440145;42.9913063
-3.9440141;42.9911804
-3.9542789;42.9853210
-3.9531972;42.9853134
-3.9606349;42.9737625
-3.9606140;42.9739418
-3.9611788;42.9766960
-3.9612596;42.9768639
-3.9609442;42.9783363
-3.9604304;42.9796143
-3.9605765;42.9806824
-3.9416120;42.9813347
-3.9407799;42.9811554
-3.9611201;42.9816895
-3.9619131;42.9818344
-3.9611623;42.9821701
-3.9414372;42.9824829
-3.9611404;42.9825668
-3.9625347;42.9821587
-3.9615126;42.9826050
-3.9617078;42.9823265
-3.9608834;42.9829102
-3.9604883;42.9827347
-3.9617255;42.9830437
-3.9634480;42.9832039
-3.9650705;42.9825058
-3.9511681;42.9837303
-3.9596260;42.9842949
-3.9618862;42.9843788
-3.9607701;42.9844017
-3.9617858;42.9848099
-3.9603667;42.9849319
-3.9600358;42.9853897
-3.9608626;42.9855003
-3.9551663;42.9855156
-3.9596794;42.9859657
-3.9597499;42.9859924
-3.9599302;42.9860687
-3.9582498;42.9861183
-3.9595382;42.9861565
-3.9602463;42.9861908
-3.9595978;42.9862061
-3.9577320;42.9862213
-3.9568923;42.9862785
-3.9597969;42.9863052
-3.9592609;42.9863892
-3.9589667;42.9857712
-3.9582608;42.9864197
-3.9583902;42.9864655
-3.9586074;42.9862289
-3.9584916;42.9865036
-3.9589694;42.9866142
-3.9461155;42.9868011
-3.9457245;42.9856186
-3.9585133;42.9869728
-3.9599581;42.9870529
-3.9520657;42.9873390
-3.9565005;42.9878464
-3.9556606;42.9875832
-3.9581902;42.9879684
-3.9594309;42.9880409
-3.9580848;42.9880562
-3.9622023;42.9881477
-3.9577668;42.9882011
-3.9576459;42.9882507
-3.9572680;42.9880829
-3.9580057;42.9884033
-3.9565279;42.9885254
-3.9554760;42.9879074
-3.9578366;42.9885292
-3.9554751;42.9885254
-3.9629719;42.9886322
-3.9586790;42.9886475
-3.9582007;42.9886703
-3.9632170;42.9887581
-3.9576747;42.9889336
-3.9487419;42.9885368
-3.9492846;42.9889679
-3.9599590;42.9885864
-3.9583910;42.9890404
-3.9453285;42.9893990
-3.9515178;42.9894943
-3.9452691;42.9895973
-3.9497092;42.9896393
-3.9476144;42.9900093
-3.9450550;42.9901886
-3.9477410;42.9903603
-3.9477720;42.9905777
-3.9460404;42.9907227
-3.9451370;42.9907875
-3.9439030;42.9908180
-3.9415503;42.9838333
-3.9440057;42.9910698
-3.9447837;42.9914322
-3.9447699;42.9912720
-3.9444745;42.9914360
-3.9444721;42.9912605
-3.9444733;42.9913368
-3.9440525;42.9915733
-3.9444985;42.9916916
-3.9484348;42.9915352
-3.9467952;42.9917259
-3.9460201;42.9917526
-3.9454250;42.9917755
-3.9448009;42.9917831
-3.9445968;42.9917870
-3.9445033;42.9917870
-3.9439871;42.9918137
-3.9439683;42.9918823
-3.9460921;42.9928246
-3.9437315;42.9928970
-3.9454327;42.9935379
-3.9456112;42.9935875
-3.9433258;42.9940147
-3.9430208;42.9940147
-3.9422019;42.9941063
-3.9446950;42.9942017
-3.9447565;42.9943848
-3.9415593;42.9947624
-3.9447260;42.9949570
-3.9439380;42.9949684
-3.9395006;42.9950066
-3.9391556;42.9950523
-3.9447324;42.9951630
-3.9443710;42.9953957
-3.9417262;42.9955902
-3.9423335;42.9955978
-3.9425178;42.9955978
-3.9421151;42.9961472
-3.9424484;42.9962120
-3.9447665;42.9962959
-3.9447777;42.9966087
-3.9449666;43.0004768
-3.9449775;43.0006943
-3.9474158;43.0029755
-3.9451823;43.0030251
-3.8736277;42.7686195
-3.8736715;42.7684593
-3.2652659;42.4990044
-3.2653039;42.4993095
-3.2652304;42.4988441
-3.2794542;42.5013580
-3.2795496;42.5014610
-3.2620966;42.4990654
-3.2622328;42.4990616
-3.2816262;42.5033722
-3.2816551;42.5034790
-3.2717459;42.4893036
-3.2553732;42.4976578
-3.2638466;42.4988823
-3.2812612;42.4993973
-3.2812359;42.4992867
-3.2810206;42.4994926
-3.2808197;42.4996796
-3.2805181;42.4991684
-3.2813847;42.4999657
-3.2663138;42.4999886
-3.2807937;42.5000992
-3.2812121;42.5001640
-3.2810202;42.5004120
-3.2806695;42.5004196
-3.2812562;42.5004425
-3.2805822;42.5006371
-3.2808335;42.5007324
-3.2814336;42.5007782
-3.2807915;42.5008430
-3.2810254;42.5008812
-3.2807143;42.5010872
-3.2803910;42.5011902
-3.2793181;42.5012283
-3.2810769;42.5013771
-3.2802896;42.5013809
-3.2806756;42.5015144
-3.2807691;42.5018311
-3.2800286;42.5019798
-3.2800722;42.5020294
-3.2807121;42.5024414
-3.2807519;42.5024567
-3.2816310;42.5036469
-3.2792943;42.5072212
-3.2781179;42.5105095
-3.2780519;42.5143547
-3.2814090;42.5160522
-3.2848163;42.5188217
-3.0859601;42.7270470
-3.0841398;42.7261086
-3.0860219;42.7271080
-3.0870504;42.7271309
-3.0870013;42.7267876
-3.0874491;42.7272301
-3.0870833;42.7265511
-3.0869515;42.7276077
-3.3546083;42.6097374
-3.3546944;42.6098404
-3.3728933;42.6262665
-3.3730140;42.6264000
-3.3870094;42.6416664
-3.3870411;42.6418533
-3.3948815;42.6492271
-3.3950167;42.6493683
-3.3987863;42.6533203
-3.3988395;42.6533813
-3.3563678;42.6459427
-3.3563910;42.6461411
-3.3568611;42.6491661
-3.3567765;42.6492920
-3.3582828;42.6147728
-3.3597627;42.6164932
-3.3616982;42.6166611
-3.3609810;42.6167221
-3.3609388;42.6171379
-3.3603897;42.6172409
-3.3601503;42.6173019
-3.3600883;42.6172295
-3.3604658;42.6174583
-3.3605640;42.6175117
-3.3607252;42.6176300
-3.3602746;42.6176796
-3.3609853;42.6177750
-3.3596480;42.6178284
-3.3595140;42.6177139
-3.3608708;42.6178474
-3.3605757;42.6179390
-3.3602803;42.6179886
-3.3599093;42.6180115
-3.3604200;42.6180687
-3.3598406;42.6180763
-3.3599746;42.6181488
-3.3593771;42.6181564
-3.3601055;42.6182442
-3.3608806;42.6183510
-3.3608148;42.6183662
-3.3609018;42.6184006
-3.3602781;42.6184731
-3.3603003;42.6185036
-3.3604333;42.6186180
-3.3614163;42.6187477
-3.3613966;42.6188850
-3.3604305;42.6189423
-3.3612125;42.6190453
-3.3630521;42.6190491
-3.3610141;42.6191902
-3.3625154;42.6192360
-3.3599596;42.6193504
-3.3619249;42.6194000
-3.3613236;42.6195488
-3.3601155;42.6197815
-3.3632121;42.6199875
-3.3595312;42.6201096
-3.3579950;42.6212006
-3.3724430;42.6256065
-3.3377862;42.6258049
-3.3349414;42.6244698
-3.3741262;42.6276932
-3.3519511;42.6284866
-3.3753569;42.6291351
-3.3514435;42.6293106
-3.3431647;42.6305351
-3.3466341;42.6328506
-3.3794639;42.6328926
-3.3795485;42.6329689
-3.3477070;42.6335640
-3.3472707;42.6340446
-3.3468487;42.6344833
-3.3462737;42.6343956
-3.3470929;42.6344833
-3.3481388;42.6345062
-3.3478947;42.6346970
-3.3476903;42.6348305
-3.3471594;42.6347313
-3.3464470;42.6349564
-3.3457358;42.6348991
-3.3455856;42.6349640
-3.3452072;42.6348991
-3.3471217;42.6350975
-3.3469546;42.6348801
-3.3472886;42.6351242
-3.3460734;42.6351280
-3.3475735;42.6351547
-3.3463125;42.6351776
-3.3476958;42.6352425
-3.3484764;42.6352577
-3.3472097;42.6352730
-3.3469903;42.6352234
-3.3479972;42.6352882
-3.0864656;42.7276230
-3.3824391;42.6353149
-3.3471594;42.6353569
-3.3482022;42.6354065
-3.3477123;42.6354675
-3.3457971;42.6354675
-3.3476970;42.6354904
-3.3477645;42.6355705
-3.3469224;42.6356010
-3.3486385;42.6356049
-3.3487573;42.6355553
-3.3478613;42.6356201
-3.3470814;42.6356354
-3.3451755;42.6356392
-3.3461542;42.6356812
-3.3465228;42.6354370
-3.3470852;42.6356888
-3.3476090;42.6357002
-3.3466196;42.6359444
-3.3469043;42.6360168
-3.3472910;42.6360359
-3.3471491;42.6360512
-3.3472512;42.6360703
-3.3472023;42.6361046
-3.3488507;42.6361046
-3.3485594;42.6363411
-3.3468053;42.6364479
-3.3477678;42.6364975
-3.3492174;42.6368484
-3.3855534;42.6379852
-3.3522701;42.6398354
-3.3869154;42.6410904
-3.3549263;42.6421509
-3.3877761;42.6434212
-3.3881900;42.6438484
-3.3890498;42.6446495
-3.3890522;42.6447182
-3.3894188;42.6447754
-3.3880200;42.6447868
-3.3908088;42.6449738
-3.3911221;42.6450462
-3.3863974;42.6450195
-3.3905814;42.6450539
-3.3903925;42.6450691
-3.3902388;42.6451035
-3.3917706;42.6451683
-3.3822761;42.6451721
-3.3895721;42.6451912
-3.3915064;42.6451950
-3.3916404;42.6452942
-3.3901830;42.6453247
-3.3916116;42.6453323
-3.3903542;42.6453476
-3.3906491;42.6453590
-3.3913856;42.6454353
-3.3914943;42.6454735
-3.3895373;42.6455650
-3.3890674;42.6455345
-3.3914135;42.6455688
-3.3909583;42.6455727
-3.3900368;42.6455956
-3.3897514;42.6455269
-3.3928871;42.6456032
-3.3935978;42.6455688
-3.3932431;42.6456146
-3.3920348;42.6456184
-3.3903365;42.6456261
-3.3895705;42.6456299
-3.3905461;42.6456337
-3.3896661;42.6456528
-3.3908050;42.6456757
-3.3911381;42.6456985
-3.3921239;42.6457253
-3.3899434;42.6457367
-3.3925846;42.6457443
-3.3912792;42.6457710
-3.3925600;42.6457748
-3.3900752;42.6457787
-3.3919477;42.6457825
-3.3913624;42.6458054
-3.3902633;42.6458321
-3.3914475;42.6458511
-3.3903489;42.6458588
-3.3927553;42.6458626
-3.3905313;42.6459007
-3.3906255;42.6459236
-3.3924441;42.6459236
-3.3894820;42.6459274
-3.3906946;42.6459389
-3.3901706;42.6459846
-3.3909056;42.6460037
-3.3920159;42.6460495
-3.3894107;42.6460495
-3.3913374;42.6460533
-3.3901143;42.6461067
-3.3921742;42.6461372
-3.3915381;42.6461601
-3.3911886;42.6461868
-3.3927863;42.6462250
-3.3917539;42.6462288
-3.3903308;42.6462326
-3.3922858;42.6462555
-3.3917971;42.6462555
-3.3911049;42.6462593
-3.3915455;42.6462975
-3.3901210;42.6463852
-3.3902612;42.6464500
-3.3909192;42.6464844
-3.3564773;42.6464920
-3.3904557;42.6465416
-3.3898499;42.6465492
-3.3896079;42.6464920
-3.3916013;42.6465683
-3.3910897;42.6465721
-3.3924477;42.6466026
-3.3925138;42.6467056
-3.3909357;42.6467590
-3.3901098;42.6467705
-3.3915160;42.6467819
-3.3893566;42.6468315
-3.3921933;42.6469917
-3.3928125;42.6470757
-3.3920736;42.6472511
-3.3589871;42.6475296
-3.3587611;42.6475182
-3.3585932;42.6475334
-3.3912520;42.6475868
-3.3583286;42.6476707
-3.3581307;42.6477318
-3.3577325;42.6477966
-3.3577144;42.6477356
-3.3590066;42.6478043
-3.3589294;42.6478577
-3.3587182;42.6478577
-3.3936324;42.6478996
-3.3587830;42.6479454
-3.3586891;42.6480255
-3.3938529;42.6481361
-3.3583174;42.6481476
-3.3583755;42.6481514
-3.3581238;42.6481667
-3.3580570;42.6479263
-3.3572619;42.6481705
-3.3570206;42.6481781
-3.3588185;42.6481781
-3.3578084;42.6481857
-3.3578930;42.6481895
-3.3591435;42.6482239
-3.3578908;42.6483650
-3.3572712;42.6484070
-3.3571174;42.6484261
-3.3579001;42.6486702
-3.3574252;42.6487656
-3.3579915;42.6488075
-3.3570435;42.6488266
-3.3586695;42.6489029
-3.3576367;42.6489868
-3.3582039;42.6490440
-3.3579226;42.6490440
-3.3947399;42.6490860
-3.3950579;42.6494141
-3.3966970;42.6510963
-3.3993831;42.6534996
-3.3992176;42.6534996
-3.3989489;42.6535110
-3.3990445;42.6536026
-3.3993626;42.6539307
-3.4085348;42.6550140
-3.4145143;42.6554718
-3.0874727;42.7276421
-3.3450761;42.6606178
-3.3449261;42.6606598
-3.3423071;42.6608391
-3.3422832;42.6602135
-3.3429444;42.6609497
-3.3436537;42.6610222
-3.3416657;42.6612358
-3.3413742;42.6609039
-3.3403862;42.6606979
-3.3431456;42.6613045
-3.3426859;42.6612167
-3.3425126;42.6613388
-3.3431396;42.6613464
-3.3418915;42.6613579
-3.3429482;42.6613617
-3.3429990;42.6613998
-3.3432069;42.6614838
-3.3438914;42.6612854
-3.3434186;42.6615143
-3.3424306;42.6615143
-3.3430657;42.6615257
-3.3414783;42.6615639
-3.3434405;42.6615829
-3.3422966;42.6615982
-3.3430355;42.6616020
-3.3422151;42.6616783
-3.3414259;42.6616783
-3.3412585;42.6616402
-3.3417242;42.6617279
-3.3428094;42.6617737
-3.3413711;42.6618118
-3.3420038;42.6618500
-3.3426788;42.6618614
-3.3429515;42.6618843
-3.3426361;42.6618919
-3.3416481;42.6618996
-3.3424854;42.6619301
-3.3427546;42.6619492
-3.3433237;42.6619720
-3.3418655;42.6620026
-3.3423722;42.6620522
-3.3412957;42.6620598
-3.3418205;42.6620674
-3.3412893;42.6620865
-3.3417506;42.6621361
-3.3423457;42.6622963
-3.4033518;42.6625633
-3.3405645;42.6632347
-3.4048514;42.6649933
-3.4056256;42.6659546
-3.3386741;42.6665001
-3.3361356;42.6701889
-3.3359289;42.6705856
-3.3358192;42.6707039
-3.3329787;42.6709099
-3.3326616;42.6709671
-3.3339911;42.6709595
-3.3357203;42.6709709
-3.3323507;42.6710091
-3.3375163;42.6710663
-3.3366592;42.6710854
-3.3387270;42.6711349
-3.3306527;42.6714439
-3.3308327;42.6714478
-3.3491035;42.6715279
-3.3548398;42.6716194
-3.3555472;42.6717491
-3.9637594;42.7182655
-3.9631979;42.7182274
-3.8863580;42.6473427
-3.8867021;42.6474686
-3.8911579;42.6207809
-3.8909559;42.6209450
-3.8776107;42.6319389
-3.8776174;42.6321487
-3.8754113;42.6347122
-3.8749650;42.6347008
-3.9508431;42.7095528
-3.9504917;42.7095299
-3.9040184;42.6555710
-3.9039001;42.6557541
-3.8952379;42.6177673
-3.8921130;42.6200867
-3.8836079;42.6267204
-3.8817303;42.6286011
-3.8794825;42.6296806
-3.8780563;42.6304932
-3.8778050;42.6307106
-3.8597507;42.6295052
-3.8622539;42.6307144
-3.8775973;42.6317291
-3.8774462;42.6326256
-3.8774278;42.6326561
-3.8775146;42.6329308
-3.8775909;42.6329613
-3.8775873;42.6331215
-3.8774009;42.6331444
-3.8771403;42.6331940
-3.8769989;42.6334305
-3.8775678;42.6336250
-3.8773172;42.6336327
-3.8772187;42.6336708
-3.8770287;42.6337280
-3.8768282;42.6337357
-3.8777592;42.6338959
-3.8775258;42.6339073
-3.8765543;42.6340103
-3.8770118;42.6340256
-3.8768971;42.6341171
-3.8771925;42.6341820
-3.8763442;42.6341820
-3.8774879;42.6341934
-3.8771629;42.6342125
-3.8775625;42.6342621
-3.8762491;42.6342964
-3.8696418;42.6343079
-3.8778000;42.6343613
-3.8780615;42.6344223
-3.8783224;42.6344490
-3.8760550;42.6344566
-3.8765554;42.6344604
-3.8766360;42.6344681
-3.8767648;42.6345062
-3.8769627;42.6345520
-3.8773489;42.6345825
-3.8773346;42.6346130
-3.8775485;42.6346283
-3.8769159;42.6346397
-3.8748126;42.6347008
-3.8759727;42.6347198
-3.8757317;42.6347237
-3.8781369;42.6347580
-3.8759086;42.6348190
-3.8764875;42.6348305
-3.8780649;42.6349907
-3.8764243;42.6350403
-3.8765454;42.6350937
-3.8766980;42.6351204
-3.8769665;42.6351280
-3.8769426;42.6351700
-3.8743796;42.6351814
-3.8719881;42.6365166
-3.8721230;42.6366577
-3.8723533;42.6370049
-3.8725040;42.6370659
-3.8733146;42.6372375
-3.8732681;42.6372566
-3.8730781;42.6376495
-3.8773177;42.6417084
-3.8828919;42.6460609
-3.8836040;42.6463509
-3.8816316;42.6462708
-3.8816886;42.6463852
-3.8827789;42.6463890
-3.8837733;42.6464233
-3.8822730;42.6465263
-3.8844507;42.6461029
-3.8842394;42.6465454
-3.8816793;42.6465912
-3.8816130;42.6465492
-3.8845973;42.6466751
-3.8814747;42.6466942
-3.8833628;42.6467476
-3.8847282;42.6467705
-3.8840802;42.6467857
-3.8831136;42.6467896
-3.8821959;42.6468430
-3.8823965;42.6468964
-3.8827958;42.6468735
-3.8819580;42.6468964
-3.8829999;42.6469040
-3.8814883;42.6469116
-3.9140472;42.6466026
-3.9141524;42.6469193
-3.8837302;42.6470032
-3.9140964;42.6470070
-3.9140971;42.6468697
-3.8832431;42.6470108
-3.9147675;42.6465340
-3.9146197;42.6471100
-3.8829684;42.6471405
-3.8834863;42.6471596
-3.8839321;42.6471710
-3.9144366;42.6472855
-3.8834426;42.6473465
-3.8827782;42.6474152
-3.8833311;42.6474609
-3.8838603;42.6474838
-3.8831074;42.6475105
-3.8831644;42.6475563
-3.9141123;42.6477165
-3.8831511;42.6477966
-3.8830643;42.6478920
-3.9130559;42.6470032
-3.9125757;42.6479912
-3.9132845;42.6480980
-3.9119103;42.6481934
-3.9115613;42.6480865
-3.9121437;42.6482811
-3.9126034;42.6483269
-3.9113929;42.6486969
-3.9123182;42.6487999
-3.9122655;42.6488304
-3.9120023;42.6488495
-3.9119720;42.6489944
-3.9119532;42.6490593
-3.9121330;42.6491318
-3.9117358;42.6492958
-3.9067526;42.6535530
-3.9067307;42.6535797
-3.9035122;42.6567650
-3.9036932;42.6568489
-3.0852182;42.7278214
-3.9096646;42.6595039
-3.9165821;42.6627579
-3.9169371;42.6629524
-3.9121349;42.6675873
-3.9304297;42.6715393
-3.9141867;42.6721687
-3.9143500;42.6724815
-3.9147491;42.6728058
-3.9145434;42.6723785
-3.9151666;42.6729126
-3.9147952;42.6729927
-3.9147246;42.6730652
-3.9143815;42.6730690
-3.9150541;42.6731606
-3.9149661;42.6732597
-3.9155316;42.6733475
-3.9153683;42.6733475
-3.9159050;42.6734543
-3.9147463;42.6734810
-3.9147351;42.6735802
-3.9150422;42.6737289
-3.9150908;42.6737747
-3.9369426;42.6745110
-3.9450955;42.7073288
-3.9456499;42.7073097
-3.9443293;42.7074699
-3.9462929;42.7075539
-3.9478118;42.7077675
-3.9471309;42.7078476
-3.9456904;42.7076187
-3.9478774;42.7078819
-3.9479008;42.7079353
-3.9479749;42.7080193
-3.9478543;42.7080269
-3.9801607;42.7081261
-3.9489129;42.7085190
-3.9501212;42.7086296
-3.9493740;42.7088623
-3.9502580;42.7090263
-3.9499452;42.7091980
-3.9503140;42.7092018
-3.9497738;42.7092094
-3.9498072;42.7092438
-3.9496944;42.7092781
-3.9499433;42.7093811
-3.9500337;42.7094917
-3.9501219;42.7095108
-3.9750752;42.7111893
-3.9811432;42.7149658
-3.9604850;42.7165642
-3.9606872;42.7165604
-3.9609978;42.7166023
-3.9604216;42.7166328
-3.9601738;42.7165794
-3.9612820;42.7166405
-3.9606588;42.7166634
-3.9615440;42.7166862
-3.9599771;42.7168236
-3.9605947;42.7168274
-3.9614887;42.7168770
-3.9608030;42.7169113
-3.9602590;42.7169113
-3.9603417;42.7169380
-3.9626541;42.7169724
-3.9604893;42.7169838
-3.9626939;42.7169952
-3.9614537;42.7170143
-3.9620504;42.7170296
-3.9610355;42.7170525
-3.9608693;42.7169876
-3.9609699;42.7171745
-3.9618578;42.7171860
-3.9614778;42.7172432
-3.9613984;42.7172623
-3.9631405;42.7173805
-3.9626546;42.7173843
-3.9631929;42.7174606
-3.9633288;42.7174301
-3.9622951;42.7174454
-3.9627297;42.7175179
-3.9620750;42.7176323
-3.9625089;42.7176971
-3.9745800;42.7172203
-3.9623995;42.7178116
-3.9626620;42.7178154
-3.9631503;42.7179375
-3.9630957;42.7182503
-3.9628811;42.7190437
-3.9633074;42.7248268
-3.9499547;42.7282600
-3.9497385;42.7283020
-3.9407730;42.7285156
-3.9354918;42.7279434
-3.9549942;42.7308502
-3.2204349;42.4980736
-3.2204380;42.4980125
-3.2159739;42.5004730
-3.2158449;42.5005760
-3.1979120;42.5020943
-3.1977837;42.5021210
-3.1838923;42.4966583
-3.0885079;42.7279930
-3.2498045;42.4973869
-3.2203565;42.4974174
-3.2199376;42.4975700
-3.2198131;42.4978943
-3.2329137;42.4979477
-3.2289329;42.4977760
-3.2383626;42.4978600
-3.2204182;42.4984055
-3.1816869;42.4985123
-3.2193465;42.4988594
-3.1815612;42.4993095
-3.2161422;42.5003471
-3.2159934;42.5004578
-3.2106528;42.5019493
-3.2035186;42.5012970
-3.1986518;42.5019531
-3.1918612;42.5029335
-3.1258192;42.8668289
-3.1254742;42.8662529
-3.0519123;42.9218903
-3.0420613;42.9259605
-3.0588040;42.9184952
-3.0586939;42.9193230
-3.0573897;42.9180946
-3.0566065;42.9181366
-3.0585666;42.9194565
-3.0651574;42.9253769
-3.0656662;42.9257126
-3.1251078;42.8661766
-3.1252701;42.8661880
-3.1242971;42.8650436
-3.1242905;42.8649750
-3.1268277;42.8499298
-3.1266406;42.8499069
-3.1251082;42.8567352
-3.1250806;42.8568115
-3.1236758;42.8775597
-3.1236866;42.8776321
-3.0629818;42.9239502
-3.0635409;42.9243164
-3.1239252;42.8495903
-3.1240842;42.8496056
-3.1280870;42.8501244
-3.1250644;42.8568573
-3.1233802;42.8644333
-3.1239774;42.8645325
-3.1242940;42.8645897
-3.1242795;42.8648109
-3.1240029;42.8649330
-3.1241875;42.8649750
-3.1241643;42.8652039
-3.1243048;42.8652687
-3.1234443;42.8657570
-3.1239026;42.8657913
-3.1242375;42.8658218
-3.1247735;42.8660889
-3.1243830;42.8660927
-3.1233459;42.8661423
-3.1232615;42.8661842
-3.1230650;42.8660316
-3.1238449;42.8664131
-3.1234992;42.8663712
-3.1244609;42.8664398
-3.1226664;42.8665161
-3.1255798;42.8665924
-3.1253519;42.8666725
-3.1244526;42.8667145
-3.1244400;42.8667984
-3.1245379;42.8670731
-3.1241739;42.8676376
-3.1248050;42.8715019
-3.1244347;42.8756447
-3.1224496;42.8812523
-3.0622299;42.9033852
-3.0620625;42.9055176
-3.0615528;42.9110146
-3.0614803;42.9114876
-3.0614333;42.9117432
-3.0615435;42.9117661
-3.0613828;42.9119911
-3.0615137;42.9120102
-3.0615349;42.9118729
-3.0613322;42.9122581
-3.0610061;42.9136848
-3.0608432;42.9144745
-3.0595741;42.9133415
-3.0608058;42.9146652
-3.0607781;42.9148102
-3.0605199;42.9157372
-3.0612459;42.9161453
-3.0620008;42.9161263
-3.0602179;42.9163208
-3.0598187;42.9162636
-3.0603428;42.9163361
-3.0598109;42.9166374
-3.0581024;42.9167557
-3.0595243;42.9169884
-3.0580640;42.9171600
-3.0584753;42.9172211
-3.0615268;42.9173241
-3.0577347;42.9173584
-3.0599947;42.9174271
-3.0602181;42.9174500
-3.0599821;42.9174652
-3.0571439;42.9175072
-3.0568535;42.9173317
-3.0599608;42.9175301
-3.0614381;42.9175682
-3.0626221;42.9176483
-3.0604324;42.9176712
-3.0606163;42.9177208
-3.0603592;42.9177361
-3.0593302;42.9177399
-3.0612414;42.9177475
-3.0614607;42.9177704
-3.0594125;42.9177742
-3.0598702;42.9178391
-3.0599835;42.9178658
-3.0607700;42.9178886
-3.0604126;42.9178886
-3.0615857;42.9179039
-3.0600905;42.9179573
-3.0597827;42.9179840
-3.0593221;42.9181061
-3.0597293;42.9181747
-3.0596874;42.9183273
-3.0596488;42.9183998
-3.0565734;42.9184799
-3.0566630;42.9183807
-3.0617611;42.9185448
-3.0608661;42.9185524
-3.0604820;42.9186058
-3.0607662;42.9186516
-3.0575285;42.9187279
-3.0618069;42.9187813
-3.0606551;42.9188042
-3.0617936;42.9189224
-3.0605960;42.9189377
-3.0606163;42.9189644
-3.0589435;42.9190750
-3.0577538;42.9191132
-3.0605342;42.9193115
-3.0600345;42.9193764
-3.0603480;42.9193954
-3.0598149;42.9194298
-3.0600588;42.9194336
-3.0612125;42.9194794
-3.0602508;42.9195595
-3.0611157;42.9196243
-3.0581338;42.9197006
-3.0615523;42.9197845
-3.0588348;42.9198799
-3.0602148;42.9198875
-3.0602236;42.9199562
-3.0589345;42.9200630
-3.0624266;42.9200783
-3.0589993;42.9201851
-3.0583909;42.9202080
-3.0590348;42.9202614
-3.0600994;42.9202919
-3.0605366;42.9203911
-3.0607457;42.9203873
-3.0601132;42.9204254
-3.0604386;42.9204559
-3.0613813;42.9205132
-3.0601189;42.9205246
-3.0589523;42.9205360
-3.0588000;42.9206696
-3.0599132;42.9207344
-3.0606782;42.9209747
-3.0606153;42.9210854
-3.0597491;42.9210930
-3.0611882;42.9215012
-3.0610540;42.9215240
-3.0607467;42.9215508
-3.0610247;42.9216270
-3.0611753;42.9216537
-3.0608146;42.9221954
-3.0613015;42.9230423
-3.0613658;42.9230919
-3.0612600;42.9231339
-3.0611520;42.9232216
-3.0611694;42.9232521
-3.0608163;42.9241943
-3.0638204;42.9245071
-3.0641615;42.9247322
-3.0408387;42.9266586
-3.0406020;42.9271965
-3.0409980;42.9285927
-3.0343952;42.9391174
-3.0320086;42.9452820
-3.0307739;42.9487686
-3.0296357;42.9497490
-3.2632205;42.6136856
-3.2630889;42.6138000
-3.2593586;42.6381798
-3.2593431;42.6381226
-3.2580118;42.6172752
-3.2577324;42.6170273
-3.2583313;42.6175575
-3.2581704;42.6174088
-3.2574689;42.6275711
-3.2572825;42.6276016
-3.2676635;42.6279030
-3.2675235;42.6279640
-3.2759349;42.6303024
-3.2758341;42.6302757
-3.2608354;42.6308670
-3.2607429;42.6308861
-3.2638600;42.6131668
-3.2604189;42.6157646
-3.2601221;42.6159172
-3.2588651;42.6164742
-3.2577026;42.6167068
-3.2575605;42.6168709
-3.2580745;42.6173325
-3.2572122;42.6168671
-3.2557967;42.6182060
-3.2549589;42.6187630
-3.2547908;42.6188545
-3.2637901;42.6231194
-3.2644029;42.6236763
-3.2656662;42.6251030
-3.2666600;42.6250954
-3.2656918;42.6251869
-3.2659535;42.6255875
-3.2664042;42.6259270
-3.2664180;42.6260033
-3.2654192;42.6260338
-3.2655361;42.6259842
-3.2663925;42.6262436
-3.2655537;42.6264458
-3.2655189;42.6264496
-3.2652972;42.6265411
-3.2663221;42.6266823
-3.2659907;42.6267891
-3.2666411;42.6268578
-3.2677991;42.6267052
-3.2673037;42.6268997
-3.2655060;42.6269150
-3.2653031;42.6269531
-3.2659838;42.6269722
-3.2663765;42.6269836
-3.2669528;42.6270218
-3.2642899;42.6270294
-3.2664003;42.6271553
-3.2623076;42.6272812
-3.2617421;42.6272697
-3.2672164;42.6273193
-3.2668912;42.6273651
-3.2672434;42.6273994
-3.2659845;42.6274452
-3.2661612;42.6275749
-3.2671311;42.6275787
-3.2556438;42.6276512
-3.2523174;42.6261749
-3.2660825;42.6277313
-3.2662175;42.6277466
-3.2558920;42.6277809
-3.2687473;42.6275597
-3.2668564;42.6279564
-3.2669330;42.6281776
-3.2668598;42.6282043
-3.2668018;42.6282349
-3.2663417;42.6284943
-3.2842722;42.6312027
-3.2840517;42.6311607
-3.2576249;42.6315765
-3.0802152;42.7269363
-3.0801308;42.7271996
-3.0742681;42.7269592
-3.0742939;42.7268906
-3.0619357;42.7444458
-3.0616531;42.7444954
-3.0755532;42.7234802
-3.0732737;42.7227097
-3.0784426;42.7244415
-3.0807648;42.7252045
-3.0838928;42.7260208
-3.0867820;42.7260780
-3.0867252;42.7260933
-3.0864177;42.7258415
-3.0865681;42.7264748
-3.0862720;42.7281075
-3.0728278;42.7308350
-3.0786757;42.7317963
-3.0724926;42.7362251
-3.0808635;42.7404251
-3.0806804;42.7404900
-3.0801744;42.7408066
-3.0790799;42.7409286
-3.0790203;42.7409630
-3.0765736;42.7420158
-3.0741460;42.7423668
-3.0720448;42.7425957
-3.0688400;42.7433090
-3.0608709;42.7446175
-3.0606303;42.7446175
-3.0493588;42.7442322
-3.0741973;42.7446671
-3.0743885;42.7457695
-3.0722723;42.7457809
-3.0733678;42.7458954
-3.0746496;42.7458916
-3.0738029;42.7459373
-3.0761688;42.7459412
-3.0745828;42.7460709
-3.0741100;42.7462692
-3.0735874;42.7463150
-3.0739846;42.7463646
-3.0744407;42.7464752
-3.0737166;42.7467194
-3.0743403;42.7467232
-3.3268814;42.5551910
-3.3269305;42.5552788
-3.3268375;42.5551033
-3.3169446;42.5546722
-3.3182364;42.5515556
-3.3689625;42.5321846
-3.3580379;42.5399094
-3.3422084;42.5469551
-3.3410864;42.5477409
-3.3401802;42.5482101
-3.3382592;42.5490646
-3.3356302;42.5499725
-3.3186750;42.5522575
-3.3191719;42.5519447
-3.3201306;42.5387497
-3.3200209;42.5389175
-3.3211508;42.5461349
-3.3210893;42.5458565
-3.3179853;42.5432014
-3.3180301;42.5434074
-3.3185503;42.5461082
-3.3185611;42.5461617
-3.3002920;42.5772209
-3.3002141;42.5773430
-3.3191986;42.5360413
-3.3186505;42.5357895
-3.3207951;42.5366440
-3.3207476;42.5365143
-3.3315325;42.5681038
-3.3315313;42.5678520
-3.3317707;42.5301094
-3.3318479;42.5300293
-3.3051105;42.5935478
-3.3047714;42.5935860
-3.2742479;42.5439186
-3.2740929;42.5438881
-3.2861929;42.5503006
-3.2853065;42.5498466
-3.3171751;42.5547600
-3.2961490;42.5691605
-3.2962718;42.5691376
-3.3288860;42.5298538
-3.3285761;42.5299950
-3.3286932;42.5301590
-3.3290043;42.5300255
-3.3266990;42.5307350
-3.3250351;42.5312157
-3.3250825;42.5313759
-3.3267176;42.5309067
-3.3204114;42.5319214
-3.3199568;42.5319557
-3.3199582;42.5321236
-3.3204255;42.5320816
-3.3115547;42.5342751
-3.3112695;42.5344505
-3.3114769;42.5346107
-3.3117476;42.5344162
-3.2899649;42.5461311
-3.2896435;42.5464211
-3.2898178;42.5465546
-3.2901235;42.5463181
-3.2786119;42.5563431
-3.2784977;42.5564194
-3.2786877;42.5566254
-3.2788310;42.5565338
-3.3203864;42.5317955
-3.3200233;42.5318184
-3.3167813;42.5546112
-3.3162136;42.5543976
-3.3204007;42.5562515
-3.3197296;42.5573235
-3.3309126;42.5636749
-3.3309181;42.5638313
-3.3314505;42.5664024
-3.3315015;42.5638199
-3.3321891;42.5645714
-3.3315513;42.5649719
-3.3389580;42.5140839
-3.3345840;42.5200195
-3.2883651;42.5204391
-3.3726430;42.5197525
-3.3702035;42.5208588
-3.3372357;42.5238342
-3.3433528;42.5158958
-3.3627427;42.5240173
-3.3624825;42.5240746
-3.3642478;42.5240936
-3.3622649;42.5241470
-3.3628612;42.5242310
-3.3619499;42.5242729
-3.3625457;42.5242882
-3.3623669;42.5243378
-3.3624585;42.5244026
-3.3620582;42.5244141
-3.3430364;42.5158920
-3.3363261;42.5244637
-3.3614118;42.5245018
-3.3617754;42.5245018
-3.3621106;42.5245094
-3.3625276;42.5245552
-3.3613787;42.5245972
-3.3618150;42.5246010
-3.3607578;42.5246468
-3.3621116;42.5246506
-3.3628783;42.5246544
-3.3625283;42.5246811
-3.3623788;42.5247116
-3.3618841;42.5247231
-3.3609030;42.5247231
-3.3628335;42.5247536
-3.3625789;42.5247955
-3.3613207;42.5248108
-3.3616397;42.5248146
-3.3624220;42.5248528
-3.3622429;42.5248528
-3.3618884;42.5248833
-3.3624325;42.5249939
-3.3626182;42.5250092
-3.3619545;42.5250854
-3.3624592;42.5250854
-3.3621361;42.5251045
-3.3593156;42.5251656
-3.3878975;42.5230217
-3.3768098;42.5251503
-3.3429701;42.5252342
-3.3407576;42.5252266
-3.3469770;42.5252457
-3.3399124;42.5253143
-3.3509760;42.5256081
-3.3347785;42.5256424
-3.2941968;42.5257492
-3.3365104;42.5257492
-3.3342113;42.5260963
-3.3338463;42.5263977
-3.3329630;42.5272217
-3.3023508;42.5272942
-3.3334737;42.5275459
-3.3329160;42.5279694
-3.3760900;42.5281181
-3.3320472;42.5285530
-3.3325346;42.5287247
-3.3309040;42.5288353
-3.3314354;42.5289307
-3.3312776;42.5290184
-3.3321326;42.5291328
-3.3322284;42.5289459
-3.3269467;42.5295410
-3.3299208;42.5295792
-3.3046379;42.5298805
-3.3317499;42.5301323
-3.3243546;42.5313568
-3.3305693;42.5313606
-3.3238015;42.5316353
-3.3301287;42.5318069
-3.3199241;42.5318260
-3.3100023;42.5321541
-3.3696508;42.5322151
-3.3172545;42.5322418
-3.3200150;42.5330353
-3.3157995;42.5328407
-3.3199387;42.5332108
-3.3137336;42.5333328
-3.3195138;42.5334740
-3.3104634;42.5337029
-3.3194389;42.5335312
-3.3189349;42.5339470
-3.3187134;42.5341339
-3.3214414;42.5341797
-3.3185644;42.5342674
-3.3190176;42.5343895
-3.3209860;42.5344429
-3.3209076;42.5344849
-3.3205795;42.5346870
-3.3180416;42.5348396
-3.3180146;42.5351334
-3.3177073;42.5353470
-3.3175037;42.5353699
-3.3173928;42.5354424
-3.3181601;42.5354614
-3.3171315;42.5355415
-3.3170092;42.5355911
-3.3169019;42.5355988
-3.3173451;42.5356407
-3.3162491;42.5356560
-3.3192205;42.5356827
-3.3185022;42.5357018
-3.3170400;42.5357246
-3.3190067;42.5357399
-3.3174398;42.5358391
-3.3204219;42.5359344
-3.3201742;42.5359383
-3.3187497;42.5359879
-3.3178616;42.5360336
-3.3202727;42.5361404
-3.3197646;42.5361519
-3.3206391;42.5363159
-3.3182774;42.5365982
-3.3244979;42.5366821
-3.3208413;42.5367775
-3.3181174;42.5369186
-3.3177791;42.5380783
-3.3177474;42.5383224
-3.3226011;42.5384598
-3.3198590;42.5392075
-3.3199596;42.5392036
-3.3198116;42.5393600
-3.3219473;42.5395126
-3.3322344;42.5403595
-3.3335898;42.5398140
-3.3567891;42.5405731
-3.3314652;42.5407143
-3.3193748;42.5407486
-3.3309031;42.5410576
-3.3201871;42.5418053
-3.3218350;42.5419350
-3.3295457;42.5419960
-3.3293021;42.5421181
-3.3193007;42.5422707
-3.3519869;42.5423889
-3.3195560;42.5424919
-3.3178589;42.5425186
-3.3211219;42.5425606
-3.3208330;42.5426140
-3.3203769;42.5426941
-3.3197672;42.5427513
-3.3206515;42.5428848
-3.3193026;42.5427284
-3.3204594;42.5430603
-3.3485098;42.5432320
-3.3265455;42.5436440
-3.3218896;42.5437279
-3.3267710;42.5438881
-3.2636223;42.5438232
-3.3469281;42.5441818
-3.3206675;42.5440178
-3.3232379;42.5441780
-3.3234138;42.5444756
-3.3227429;42.5444794
-3.3228710;42.5446053
-3.3228912;42.5446243
-3.3227274;42.5446434
-3.3260596;42.5446892
-3.3227630;42.5447006
-3.3229976;42.5447273
-3.3459663;42.5447731
-3.3226647;42.5447388
-3.3224626;42.5448112
-3.3210497;42.5435562
-3.3240604;42.5449905
-3.3218904;42.5450401
-3.3256543;42.5450745
-3.3251274;42.5445633
-3.3253679;42.5452385
-3.3213577;42.5452538
-3.3209803;42.5453682
-3.2779787;42.5454063
-3.3447127;42.5456123
-3.3184500;42.5456161
-3.3255506;42.5456772
-3.3262587;42.5452728
-3.3243842;42.5457039
-3.2787559;42.5457420
-3.3256385;42.5458870
-3.2566044;42.5459290
-3.3218970;42.5460091
-3.3239315;42.5460472
-3.3244681;42.5460777
-3.3225458;42.5461311
-3.3234434;42.5461845
-3.3185706;42.5462074
-3.3265188;42.5462151
-3.3258288;42.5463867
-3.3272486;42.5449371
-3.3243539;42.5463905
-3.3240035;42.5461464
-3.3241818;42.5464172
-3.3340507;42.5465240
-3.3344142;42.5460281
-3.2548444;42.5465546
-3.3242717;42.5465546
-3.3243251;42.5466385
-3.3247635;42.5466499
-3.3245585;42.5466995
-3.3243871;42.5467339
-3.3238614;42.5467644
-3.3222141;42.5467949
-3.3256485;42.5468025
-3.3213017;42.5468178
-3.3261149;42.5468407
-3.3254063;42.5471344
-3.3263481;42.5471954
-3.3335383;42.5472336
-3.3214190;42.5473480
-3.3200011;42.5472183
-3.3333986;42.5474815
-3.3250821;42.5475769
-3.3244641;42.5477295
-3.3248155;42.5477448
-3.3263443;42.5478020
-3.3262892;42.5474854
-3.3275757;42.5478897
-3.3248236;42.5479164
-3.3263960;42.5480499
-3.3265882;42.5480156
-3.3261433;42.5480919
-3.3256462;42.5481796
-3.3215954;42.5482292
-3.3201323;42.5481110
-3.3220258;42.5482407
-3.3226507;42.5482864
-3.3232608;42.5483322
-3.3282661;42.5484085
-3.3244805;42.5484200
-3.3248608;42.5484428
-3.3254313;42.5484810
-3.3258023;42.5485039
-3.3260016;42.5486374
-3.3225660;42.5489998
-3.3233476;42.5490494
-3.3288319;42.5495377
-3.3185768;42.5497360
-3.2850952;42.5497360
-3.3224730;42.5497475
-3.3232014;42.5497513
-3.3238378;42.5497742
-3.3245389;42.5498047
-3.3249187;42.5498085
-3.3254240;42.5498085
-3.3266325;42.5498161
-3.3272495;42.5503540
-3.3237901;42.5503616
-3.3283494;42.5503960
-3.3267839;42.5504036
-3.3245714;42.5504265
-3.3304963;42.5505219
-3.3305616;42.5505333
-3.3306508;42.5505486
-3.3245769;42.5505753
-3.3249640;42.5505753
-3.3254251;42.5505791
-3.3208058;42.5506325
-3.3219905;42.5506821
-3.2869947;42.5506973
-3.3223588;42.5506973
-3.3230016;42.5507278
-3.3237221;42.5507393
-3.3327277;42.5507545
-3.3242397;42.5507698
-3.3245862;42.5508194
-3.3249760;42.5508270
-3.3206675;42.5509682
-3.3338885;42.5510330
-3.3201098;42.5513306
-3.3200312;42.5510254
-3.3199852;42.5514107
-3.3212750;42.5514488
-3.2931190;42.5514717
-3.3219163;42.5514832
-3.3222740;42.5514908
-3.3228607;42.5515251
-3.2933896;42.5515289
-3.3235028;42.5515556
-3.3239982;42.5515862
-3.3246245;42.5516129
-3.3250141;42.5516319
-3.3218770;42.5519524
-3.3254211;42.5520020
-3.3227649;42.5520706
-3.3220367;42.5520859
-3.3234036;42.5521164
-3.3239932;42.5521584
-3.3221703;42.5521927
-3.3246481;42.5522079
-3.3250268;42.5522232
-3.3265860;42.5522270
-3.3274028;42.5521736
-3.3227293;42.5522499
-3.3262978;42.5522537
-3.3292034;42.5522652
-3.3254199;42.5522728
-3.3186193;42.5522957
-3.3233964;42.5523186
-3.3247013;42.5524750
-3.3210301;42.5526657
-3.3263085;42.5527229
-3.3317063;42.5527534
-3.3002341;42.5528679
-3.3022370;42.5529442
-3.3232667;42.5530052
-3.3254137;42.5530281
-3.3266382;42.5530586
-3.3237700;42.5530815
-3.3242035;42.5531235
-3.3311973;42.5531654
-3.3247259;42.5531693
-3.3259361;42.5531845
-3.3109040;42.5533333
-3.3218956;42.5533752
-3.3259110;42.5534286
-3.3259964;42.5535278
-3.3223572;42.5535507
-3.3142822;42.5535965
-3.3135478;42.5536118
-3.3231444;42.5536461
-3.3253250;42.5536652
-3.3139997;42.5536652
-3.3236248;42.5536957
-3.3139286;42.5537376
-3.3253541;42.5537376
-3.3240583;42.5537415
-3.3145287;42.5537491
-3.3245959;42.5537949
-3.3150294;42.5539551
-3.3144403;42.5540085
-3.3140147;42.5540123
-3.3216066;42.5545082
-3.3257425;42.5546608
-3.3176405;42.5546875
-3.3194919;42.5546989
-3.3214560;42.5547028
-3.3172772;42.5547981
-3.3241305;42.5548210
-3.3280649;42.5548401
-3.3267567;42.5549431
-3.3119724;42.5550003
-3.3239443;42.5550346
-3.3260241;42.5550537
-3.3239019;42.5551186
-3.3210938;42.5551643
-3.3238523;42.5552368
-3.3246629;42.5552406
-3.3227251;42.5553360
-3.3204751;42.5561333
-3.3212121;42.5563431
-3.3107948;42.5563774
-3.3218014;42.5565147
-3.3221517;42.5566177
-3.3276150;42.5566216
-3.3224046;42.5566864
-3.3233330;42.5567093
-3.3232131;42.5569153
-3.3231885;42.5569572
-3.3264096;42.5569572
-3.3144093;42.5570641
-3.3229077;42.5573273
-3.3237269;42.5573997
-3.3204434;42.5575790
-3.3176413;42.5576820
-3.3162694;42.5571938
-3.3209651;42.5577621
-3.3215857;42.5579758
-3.3244328;42.5580101
-3.3221943;42.5581932
-3.3191664;42.5582047
-3.3129535;42.5585823
-3.3231969;42.5586700
-3.3299582;42.5602188
-3.3159428;42.5603676
-3.3211625;42.5603714
-3.3300459;42.5605125
-3.3174696;42.5608978
-3.3302839;42.5613022
-3.3187046;42.5613251
-3.3207660;42.5615730
-3.3213289;42.5617371
-3.3205504;42.5619621
-3.3306656;42.5624847
-3.3222702;42.5625458
-3.3162496;42.5627670
-3.3172071;42.5630913
-3.3097878;42.5631104
-3.3153300;42.5642319
-3.3162799;42.5645676
-3.3413677;42.5650749
-3.3377969;42.5656891
-3.3144226;42.5657616
-3.3363044;42.5659332
-3.3176453;42.5660210
-3.3153574;42.5660362
-3.3160875;42.5662537
-3.2980309;42.5663033
-3.2979925;42.5663300
-3.3317878;42.5664177
-3.3174660;42.5664673
-3.3314662;42.5666771
-3.3315072;42.5673141
-3.2630613;42.5680199
-3.2958403;42.5680237
-3.2633381;42.5680847
-3.2951305;42.5687599
-3.3166821;42.5688210
-3.2968388;42.5686226
-3.2966821;42.5689545
-3.2981272;42.5690536
-3.2973683;42.5690994
-3.2978468;42.5686531
-3.2978048;42.5690994
-3.2981024;42.5690994
-3.2957327;42.5690994
-3.2970071;42.5691948
-3.2974346;42.5692711
-3.2940705;42.5694160
-3.2971306;42.5694771
-3.2970622;42.5696373
-3.2972760;42.5696487
-3.3315403;42.5697250
-3.3162692;42.5697746
-3.2981637;42.5701370
-3.2974510;42.5704803
-3.2977190;42.5706558
-3.2974575;42.5706596
-3.2983456;42.5706863
-3.2984350;42.5707779
-3.2931235;42.5708618
-3.3314631;42.5711327
-3.3015916;42.5722198
-3.3313746;42.5722656
-3.3092396;42.5735741
-3.2880664;42.5735474
-3.2775166;42.5779228
-3.3123090;42.5784149
-3.2993851;42.5785942
-3.2992527;42.5787697
-3.3116248;42.5800056
-3.2959204;42.5826721
-3.2929389;42.5854836
-3.2904060;42.5878410
-3.3079188;42.5901794
-3.2878690;42.5902786
-3.3079851;42.5905380
-3.3077471;42.5905991
-3.3074288;42.5910797
-3.2869906;42.5911140
-3.3060837;42.5913963
-3.3058729;42.5914917
-3.3055882;42.5915718
-3.3063655;42.5915909
-3.3060672;42.5917015
-3.3056512;42.5917702
-3.3068805;42.5918884
-3.3071499;42.5919304
-3.3066480;42.5919914
-3.3063214;42.5921059
-3.3061612;42.5921135
-3.3058238;42.5921478
-3.3071897;42.5922050
-3.3068786;42.5922813
-3.3065264;42.5923576
-3.3062944;42.5923996
-3.3061159;42.5924263
-3.3090048;42.5924492
-3.3059189;42.5924606
-3.3071423;42.5925179
-3.3067060;42.5926247
-3.3066442;42.5926361
-3.3063633;42.5926971
-3.3061745;42.5928230
-3.3059692;42.5928459
-3.3111751;42.5928802
-3.3064072;42.5929031
-3.3062444;42.5929375
-3.3054724;42.5934525
-3.3019240;42.5943832
-3.3025613;42.6010666
-3.3159230;42.6046181
-3.3040674;42.6093559
-3.3241198;42.5463181
-3.0206640;42.6468506
-3.0206628;42.6470451
-3.0349352;42.6622581
-3.0338471;42.6624527
-3.0190160;42.6649170
-3.0186803;42.6652946
-3.0196183;42.6651268
-3.0178149;42.6654625
-3.0190628;42.6652222
-3.0190649;42.6653557
-3.0234592;42.6347847
-3.0232713;42.6368065
-3.0229981;42.6394806
-3.0235038;42.6401672
-3.0248349;42.6436157
-3.0208256;42.6464958
-3.0207725;42.6465378
-3.0207372;42.6465797
-3.0242906;42.6469460
-3.0206521;42.6471405
-3.0244598;42.6476860
-3.0241706;42.6476822
-3.0195115;42.6475792
-3.0185699;42.6479378
-3.0193317;42.6480103
-3.0182385;42.6480179
-3.0184338;42.6481323
-3.0173473;42.6483307
-3.0179265;42.6485748
-3.0179617;42.6485939
-3.0188901;42.6486816
-3.0173566;42.6490784
-3.0172503;42.6491508
-3.0259199;42.6492004
-3.0202429;42.6492081
-3.0253499;42.6492500
-3.0186408;42.6492500
-3.0176625;42.6492996
-3.0169537;42.6493301
-3.0167706;42.6494064
-3.0163026;42.6495399
-3.0179312;42.6496010
-3.0174212;42.6496048
-3.0180244;42.6496277
-3.0170293;42.6496696
-3.0175078;42.6498375
-3.0184169;42.6498642
-3.0185840;42.6498833
-3.0171421;42.6499062
-3.0185328;42.6500893
-3.0178177;42.6502037
-3.0187862;42.6504478
-3.0188901;42.6506119
-3.0207338;42.6500664
-3.0188818;42.6506653
-3.0171514;42.6509094
-3.0213547;42.6511955
-3.0188117;42.6512375
-3.0213976;42.6512871
-3.0188017;42.6513290
-3.0172002;42.6513519
-3.0046234;42.6517982
-3.0175552;42.6561584
-3.0395761;42.6587601
-3.0369661;42.6602592
-3.0366678;42.6606102
-3.0383828;42.6616020
-3.0373933;42.6617813
-3.0319071;42.6628227
-3.0185575;42.6630325
-3.0266900;42.6637878
-3.0127132;42.6664391
-3.0084178;42.6673088
-3.0248830;42.6729584
-3.0184267;42.6758919
-3.0185623;42.6760368
-3.0248525;42.6731453
-3.2695644;42.6634140
-3.2695429;42.6638527
-3.2696805;42.6639175
-3.2696171;42.6635513
-3.2631454;42.6637421
-3.2633879;42.6635590
-3.2663219;42.6637611
-3.2682920;42.6639977
-3.2666562;42.6637611
-3.2650528;42.6635399
-3.2647657;42.6635056
-3.2643468;42.6634521
-3.2650383;42.6636047
-3.2655184;42.6636620
-3.2647653;42.6635704
-3.2650213;42.6636276
-3.2647526;42.6636009
-3.2679608;42.6599960
-3.2680035;42.6600723
-3.2680459;42.6601486
-3.2680726;42.6601982
-3.2629635;42.6578941
-3.2628429;42.6578407
-3.2345004;42.6528244
-3.2346511;42.6528816
-3.2361407;42.6534271
-3.2363532;42.6535034
-3.2491252;42.6582336
-3.2494185;42.6583519
-3.2593672;42.6382179
-3.2605982;42.6429062
-3.2605522;42.6427193
-3.2619548;42.6479340
-3.2619138;42.6477776
-3.2627306;42.6508408
-3.2626972;42.6507111
-3.2707613;42.6579399
-3.2706547;42.6579208
-3.2541509;42.6662292
-3.2540669;42.6663132
-3.2620921;42.6630173
-3.2632143;42.6635742
-3.2634158;42.6633911
-3.2593894;42.6383171
-3.2609830;42.6442986
-3.2277658;42.6493034
-3.2277169;42.6494598
-3.2251165;42.6493225
-3.2258949;42.6496010
-3.2264359;42.6497421
-3.2251623;42.6492844
-3.2264316;42.6498070
-3.2278097;42.6499176
-3.2276943;42.6499290
-3.2276309;42.6501884
-3.2275839;42.6502495
-3.2275388;42.6504021
-3.2274387;42.6504097
-3.2287188;42.6505928
-3.2274687;42.6506577
-3.2880065;42.6416855
-3.2832670;42.6506729
-3.2288554;42.6507149
-3.2304392;42.6512871
-3.2335091;42.6524658
-3.2273803;42.6538048
-3.2273791;42.6538353
-3.2638028;42.6551056
-3.2639830;42.6559181
-3.2750576;42.6561546
-3.2641237;42.6564751
-3.2276940;42.6565285
-3.2449429;42.6566544
-3.2452047;42.6567535
-3.2456148;42.6568909
-3.2279534;42.6571503
-3.2691329;42.6572990
-3.2665796;42.6573219
-3.2661901;42.6574516
-3.2693000;42.6576004
-3.2692378;42.6575775
-3.2659254;42.6576004
-3.2659497;42.6576538
-3.2655036;42.6577110
-3.2682137;42.6577797
-3.2624884;42.6576843
-3.2654877;42.6578560
-3.2681243;42.6579170
-3.2656751;42.6580391
-3.2651198;42.6580582
-3.2679584;42.6580734
-3.2654088;42.6580925
-3.2654660;42.6579857
-3.2660713;42.6581078
-3.2663238;42.6580658
-3.2654800;42.6581078
-3.2660534;42.6581345
-3.2652011;42.6581726
-3.2639952;42.6581764
-3.2639585;42.6582031
-3.2640395;42.6582184
-3.2645907;42.6580620
-3.2651691;42.6582527
-3.2649114;42.6582947
-3.2648144;42.6583252
-3.2647846;42.6583595
-3.2661502;42.6583824
-3.2682300;42.6584167
-3.2685816;42.6581154
-3.2742758;42.6584435
-3.2650101;42.6584816
-3.2644768;42.6585426
-3.2655065;42.6585464
-3.2656631;42.6585503
-3.2653618;42.6585770
-3.2644076;42.6585846
-3.2649009;42.6585999
-3.2672036;42.6586342
-3.2643540;42.6586380
-3.2677922;42.6586494
-3.2674766;42.6587067
-3.2645907;42.6587105
-3.2672374;42.6587334
-3.2666736;42.6587486
-3.2666132;42.6587296
-3.2660627;42.6587524
-3.2644675;42.6587601
-3.2667243;42.6587677
-3.2641943;42.6587944
-3.2668688;42.6588135
-3.2670472;42.6588326
-3.2672768;42.6588593
-3.2679732;42.6588402
-3.2675254;42.6588898
-3.2662904;42.6589355
-3.2668345;42.6589890
-3.2667968;42.6589928
-3.2666998;42.6590042
-3.2646267;42.6590042
-3.2673175;42.6590157
-3.2673965;42.6590271
-3.2649078;42.6590996
-3.2643456;42.6592522
-3.2659125;42.6592674
-3.2651370;42.6592903
-3.2639859;42.6593323
-3.2640302;42.6590919
-3.2675936;42.6593437
-3.2643578;42.6595116
-3.2651305;42.6595802
-3.2655225;42.6597328
-3.2628489;42.6597366
-3.2647583;42.6597366
-3.2739179;42.6597672
-3.2646635;42.6597900
-3.2739100;42.6597977
-3.2648618;42.6599388
-3.2653379;42.6600075
-3.2640202;42.6600113
-3.2639854;42.6600113
-3.2640810;42.6600189
-3.2632570;42.6600571
-3.2651675;42.6600761
-3.2656801;42.6600647
-3.2625418;42.6601524
-3.2647731;42.6601906
-3.2643843;42.6602783
-3.2638843;42.6602936
-3.2640951;42.6605034
-3.2639444;42.6606102
-3.2634804;42.6606140
-3.2639461;42.6606445
-3.2633932;42.6607552
-3.2638826;42.6608582
-3.2641673;42.6607208
-3.2638202;42.6609955
-3.2620847;42.6611137
-3.2638144;42.6612015
-3.2579155;42.6614456
-3.2641225;42.6614761
-3.2581649;42.6615295
-3.2636249;42.6617012
-3.2635865;42.6617966
-3.2600682;42.6618500
-3.2595413;42.6619110
-3.2604153;42.6619873
-3.2594194;42.6619873
-3.2597418;42.6619949
-3.2593832;42.6620712
-3.2597110;42.6621017
-3.2617970;42.6621017
-3.2596545;42.6621666
-3.2596049;42.6621857
-3.2616038;42.6622238
-3.2614765;42.6622543
-3.2616904;42.6622810
-3.2617557;42.6624718
-3.2608631;42.6625366
-3.2589874;42.6625481
-3.2611713;42.6626511
-3.2695301;42.6633148
-3.2701609;42.6633720
-3.2643411;42.6635590
-3.2567315;42.6640549
-3.2695856;42.6640892
-3.2697220;42.6641769
-3.2705870;42.6642036
-3.2709291;42.6642418
-3.2705796;42.6642761
-3.2708869;42.6643143
-3.2751806;42.6647682
-3.2764895;42.6649170
-3.2765698;42.6649284
-3.2556565;42.6649590
-3.2495501;42.6700325
-3.2590187;42.6726112
-3.2586133;42.6749458
-3.2504439;42.6820679
-3.2658026;42.6900444
-3.2536137;42.6887627
-3.4667413;42.7318497
-3.4649987;42.7291336
-3.4670889;42.7327309
-3.4671245;42.7332230
-3.4670918;42.7335320
-3.4670901;42.7336235
-3.4675708;42.7337036
-3.4678547;42.7337151
-3.4671404;42.7337227
-3.4671600;42.7339249
-3.4667368;42.7339134
-3.4667640;42.7340622
-3.4666920;42.7342339
-3.4672036;42.7343712
-3.4670377;42.7344093
-3.4711363;42.7344170
-3.4703960;42.7343750
-3.4713123;42.7344284
-3.4672856;42.7344513
-3.4667842;42.7344589
-3.4666948;42.7344627
-3.4695899;42.7345695
-3.4669871;42.7345963
-3.4667261;42.7345963
-3.4675987;42.7346306
-3.4669161;42.7346992
-3.4678824;42.7347603
-3.4660726;42.7347946
-3.4672339;42.7348099
-3.4666083;42.7348213
-3.4699619;42.7348328
-3.4660735;42.7348404
-3.4668043;42.7348900
-3.4660378;42.7349472
-3.4669092;42.7350044
-3.4663594;42.7350693
-3.4667714;42.7351227
-3.4651151;42.7351532
-3.4744565;42.7351685
-3.4665117;42.7353287
-3.4666641;42.7353706
-3.4658234;42.7354431
-3.4660408;42.7354126
-3.4659071;42.7362175
-3.4665875;42.7479973
-3.4662349;42.7481461
-3.4678748;42.7485199
-3.4731894;42.7495880
-3.4725039;42.7496147
-3.4932277;42.6001015
-3.4924648;42.6014557
-3.4925022;42.6051216
-3.4935603;42.5963860
-3.4977684;42.5787125
-3.4978032;42.5788078
-3.4513223;42.5644989
-3.4512408;42.5645866
-3.5192454;42.5968628
-3.5191250;42.5969696
-3.4934654;42.5960236
-3.4935036;42.5961685
-3.4680791;42.5603447
-3.4679208;42.5603752
-3.4484637;42.5663567
-3.4482024;42.5664406
-3.5163848;42.5980301
-3.5161862;42.5979500
-3.4838555;42.5980873
-3.4838021;42.5981865
-3.4974682;42.6089325
-3.4971902;42.6090050
-3.4748540;42.5595741
-3.4744413;42.5596695
-3.4682245;42.5603180
-3.4544883;42.5631218
-3.4540138;42.5631790
-3.4528644;42.5634346
-3.4524457;42.5635414
-3.4522440;42.5636063
-3.4523523;42.5630493
-3.4521945;42.5636406
-3.4529963;42.5636520
-3.4525182;42.5636635
-3.4519598;42.5638199
-3.4520788;42.5639839
-3.4517877;42.5639839
-3.4521823;42.5641251
-3.4514737;42.5643349
-3.4509351;42.5643196
-3.4508047;42.5645294
-3.4508893;42.5648842
-3.4506931;42.5646935
-3.4508667;42.5648956
-3.4500310;42.5652657
-3.4499395;42.5653419
-3.4481514;42.5664749
-3.4454851;42.5701370
-3.4982467;42.5694351
-3.4984593;42.5707550
-3.4989939;42.5770454
-3.4992521;42.5765572
-3.4974744;42.5775909
-3.4974785;42.5776596
-3.4974959;42.5778236
-3.4983697;42.5780487
-3.4989142;42.5783119
-3.4992864;42.5783348
-3.4989662;42.5783997
-3.4990268;42.5785179
-3.4991825;42.5785217
-3.4993274;42.5785561
-3.4986191;42.5785828
-3.4983294;42.5786476
-3.4990866;42.5787849
-3.4992654;42.5788574
-3.4986687;42.5789070
-3.4984674;42.5789185
-3.4983919;42.5789185
-3.4986770;42.5789375
-3.4991086;42.5789604
-3.4986892;42.5789871
-3.4997406;42.5790062
-3.4978294;42.5790749
-3.4987085;42.5791054
-3.4997542;42.5791397
-3.4983778;42.5794373
-3.4971035;42.5810471
-3.4969959;42.5813370
-3.4918058;42.5877838
-3.4902477;42.5895004
-3.4932017;42.5925903
-3.5214977;42.5958214
-3.5214901;42.5957375
-3.5208898;42.5965805
-3.5202026;42.5967064
-3.5198934;42.5964775
-3.5200701;42.5967903
-3.5204146;42.5967484
-3.5203359;42.5968170
-3.5204823;42.5969162
-3.5198903;42.5970459
-3.5201683;42.5971718
-3.5202835;42.5971947
-3.5202949;42.5972214
-3.5186937;42.5973816
-3.5204577;42.5974083
-3.5198815;42.5975761
-3.5190983;42.5975914
-3.5200353;42.5976639
-3.5206518;42.5976868
-3.5206535;42.5977440
-3.5199964;42.5977707
-3.5197487;42.5977783
-3.5198057;42.5977898
-3.5207169;42.5978355
-3.5151558;42.5979042
-3.5201170;42.5979919
-3.5208490;42.5980301
-3.4837766;42.5982323
-3.5195966;42.5982513
-3.5122328;42.5997772
-3.4791107;42.6047478
-3.4910927;42.6088524
-3.2347496;42.6796875
-3.2345121;42.6797180
-3.2301996;42.6633644
-3.2310379;42.6669006
-3.2310355;42.6695404
-3.2366989;42.6767807
-3.2370813;42.6776047
-3.2371714;42.6776237
-3.2370651;42.6774063
-3.2373476;42.6776962
-3.2372277;42.6779327
-3.2380238;42.6779785
-3.2379448;42.6780510
-3.2373629;42.6782379
-3.2375817;42.6783638
-3.2380879;42.6784172
-3.2374613;42.6784248
-3.2375157;42.6785431
-3.2375638;42.6786461
-3.2354531;42.6781502
-3.2362669;42.6787491
-3.2374256;42.6787605
-3.2381847;42.6787910
-3.2363133;42.6788216
-3.2356675;42.6788788
-3.2374218;42.6789513
-3.2366529;42.6791420
-3.2384126;42.6792183
-3.2368302;42.6792641
-3.2378881;42.6793442
-3.2376060;42.6795578
-3.2375534;42.6795616
-3.2379911;42.6795654
-3.2373409;42.6795769
-3.2366447;42.6796112
-3.2380779;42.6797066
-3.2386496;42.6799240
-3.2388117;42.6799698
-3.2396302;42.6800652
-3.2235191;42.6801453
-3.2213852;42.6799316
-3.2367420;42.6801605
-3.2397456;42.6802063
-3.2390106;42.6802979
-3.2419508;42.6804237
-3.2382607;42.6805153
-3.2394035;42.6815529
-3.2476251;42.6832275
-3.2454810;42.6842880
-3.2499938;42.6864471
-3.2525108;42.6877403
-3.3703864;42.4953308
-3.3704810;42.4955101
-3.3879652;42.4975319
-3.5845695;43.0704727
-3.5840011;43.0706787
-3.5859609;43.0701675
-3.5859528;43.0707588
-3.1815104;42.5000610
-3.1815069;42.5001411
-3.1495337;42.4944649
-3.1815026;42.5002289
-3.1655993;42.5006943
-3.1548390;42.5014267
-3.1790502;42.5016251
-3.1776257;42.5019379
-3.1772537;42.5019875
-3.1528461;42.5026245
-3.1533179;42.5027580
-3.1540806;42.5029984
-3.1602991;42.5161362
-3.1606665;42.5236931
-3.1637900;42.5322342
-3.3703463;42.7766190
-3.3694632;42.7765961
-3.3854969;42.7891693
-3.3585563;42.7806511
-3.3584356;42.7812271
-3.3984659;42.7939224
-3.3981342;42.7935333
-3.3597097;42.7833862
-3.3590679;42.7831383
-3.3451660;42.7719688
-3.3375928;42.7708206
-3.3694129;42.7766151
-3.3590128;42.7791023
-3.3584561;42.7816658
-3.3575015;42.7817307
-3.3574135;42.7816658
-3.3573406;42.7817612
-3.3569057;42.7818108
-3.3576565;42.7818565
-3.3575420;42.7819061
-3.3584878;42.7819099
-3.3572328;42.7819290
-3.3577871;42.7819748
-3.3584898;42.7819901
-3.3571401;42.7819939
-3.3566670;42.7819099
-3.3584151;42.7820053
-3.3576071;42.7820320
-3.3575642;42.7820435
-3.3581152;42.7820435
-3.3578935;42.7820969
-3.3572962;42.7821236
-3.3572545;42.7821274
-3.3567495;42.7822151
-3.3583753;42.7822342
-3.3585274;42.7822380
-3.3568120;42.7822533
-3.3585300;42.7822647
-3.3567646;42.7822762
-3.3586929;42.7822876
-3.3580947;42.7823029
-3.3579743;42.7823143
-3.3566513;42.7823219
-3.3576756;42.7823524
-3.3557715;42.7823563
-3.3562772;42.7823753
-3.3575451;42.7824135
-3.3577006;42.7824326
-3.3589544;42.7824364
-3.3571267;42.7824707
-3.3562641;42.7824707
-3.3570380;42.7824783
-3.3566391;42.7825165
-3.3567154;42.7825165
-3.3589804;42.7825394
-3.3576782;42.7825508
-3.3585143;42.7826157
-3.3583105;42.7826042
-3.3575647;42.7826881
-3.3584166;42.7827454
-3.3578293;42.7829437
-3.3556285;42.7831459
-3.3580427;42.7836304
-3.4185987;42.7859154
-3.4185796;42.7859268
-3.4137666;42.7881165
-3.4124358;42.7881775
-3.4114876;42.7885666
-3.4114101;42.7886047
-3.3857989;42.7894669
-3.3873680;42.7906303
-3.3899808;42.7922592
-3.3953741;42.7938690
-3.4058821;42.7933502
-3.3986566;42.7941513
-3.3984556;42.7942390
-3.5853915;43.0703278
-3.5834885;43.0707779
-3.5640385;43.0703964
-3.5663621;43.0683098
-3.5832994;43.0708466
-3.5852199;43.0702896
-3.5847611;43.0703964
-3.5639405;43.0704269
-3.5836005;43.0703087
-3.5834987;43.0704308
-3.5831017;43.0704422
-3.2044673;42.6403084
-3.2043555;42.6403046
-3.2226565;42.6484070
-3.2228107;42.6484680
-3.2087328;42.6380615
-3.2084157;42.6380615
-3.2084827;42.6398735
-3.2082841;42.6399422
-3.2105889;42.6276512
-3.2105169;42.6277275
-3.2064514;42.6424637
-3.2066660;42.6425438
-3.1982796;42.6379776
-3.1977940;42.6373787
-3.2160683;42.6463089
-3.2161207;42.6462402
-3.2146585;42.6184273
-3.2135160;42.6236534
-3.2134745;42.6237869
-3.2106299;42.6276169
-3.2205777;42.6365356
-3.2184961;42.6371193
-3.1960657;42.6365204
-3.1928411;42.6373863
-3.1944525;42.6375504
-3.1928365;42.6374741
-3.1971049;42.6376648
-3.2015243;42.6378212
-3.2063091;42.6377983
-3.2040954;42.6379128
-3.2131481;42.6381607
-3.2128279;42.6381683
-3.2129536;42.6381721
-3.2065079;42.6385536
-3.2062938;42.6381454
-3.2072189;42.6386070
-3.2061176;42.6390190
-3.2072494;42.6388741
-3.2068923;42.6392212
-3.1993344;42.6393585
-3.2070336;42.6395226
-3.2061067;42.6395988
-3.2061174;42.6397400
-3.2054694;42.6397629
-3.2041631;42.6385269
-3.2045803;42.6397934
-3.2053990;42.6398163
-3.2129023;42.6386719
-3.1935117;42.6399841
-3.1937611;42.6399879
-3.2078502;42.6400528
-3.2076550;42.6393013
-3.2004375;42.6400566
-3.2001114;42.6400681
-3.2078328;42.6400795
-3.2077496;42.6401024
-3.2071145;42.6401634
-3.2077374;42.6401787
-3.2023427;42.6402588
-3.2000999;42.6402664
-3.2004709;42.6402740
-3.2071297;42.6402931
-3.2039673;42.6402931
-3.2036483;42.6402969
-3.2050498;42.6403046
-3.2047420;42.6403122
-3.2053850;42.6403122
-3.2049809;42.6403198
-3.2057841;42.6403389
-3.2061608;42.6403427
-3.2060518;42.6403465
-3.2065961;42.6403885
-3.2068605;42.6404228
-3.2070880;42.6405258
-3.2012882;42.6406059
-3.2048028;42.6406212
-3.2050285;42.6406555
-3.2075543;42.6406708
-3.2019989;42.6406898
-3.2076256;42.6406898
-3.2052994;42.6407166
-3.2056768;42.6407623
-3.2067547;42.6407814
-3.2067411;42.6408234
-3.2031555;42.6412811
-3.2043266;42.6414909
-3.2055044;42.6415367
-3.2059784;42.6415939
-3.2042363;42.6416626
-3.2064340;42.6416931
-3.2068224;42.6420288
-3.2067997;42.6425934
-3.2139454;42.6451683
-3.2147400;42.6454697
-3.2153296;42.6456947
-3.2164364;42.6458244
-3.2162485;42.6460457
-3.2161200;42.6461678
-3.2161705;42.6462212
-3.2178650;42.6466370
-3.2204230;42.6475716
-3.2242730;42.6490021
-3.2121015;42.6520729
-3.2117908;42.6529808
-3.2119703;42.6541786
-3.2120233;42.6543884
-3.2122068;42.6551628
-3.0723691;42.6904869
-3.0722167;42.6902428
-3.0789723;42.6577415
-3.0794752;42.6577187
-3.0792513;42.6580315
-3.0797043;42.6581612
-3.0796034;42.6583443
-3.0796854;42.6582146
-3.0802510;42.6584663
-3.0845768;42.6683197
-3.0847871;42.6719246
-3.0868669;42.6814156
-3.0844595;42.6861115
-3.0844338;42.6861382
-3.0822101;42.6887550
-3.0710156;42.6889572
-3.0714781;42.6888199
-3.0714829;42.6895599
-3.0716729;42.6894302
-3.0705886;42.6896286
-3.0712934;42.6896935
-3.0719967;42.6898880
-3.0710077;42.6899338
-3.0717065;42.6899605
-3.0707591;42.6900215
-3.0706568;42.6900291
-3.0711732;42.6900902
-3.0698476;42.6901817
-3.0714891;42.6902122
-3.0688162;42.6903877
-3.0708725;42.6904144
-3.0700059;42.6904221
-3.0708394;42.6904716
-3.0702944;42.6905251
-3.0697272;42.6908493
-3.0690277;42.6916962
-3.0746987;42.6922035
-3.0598662;42.6922226
-3.0786796;42.6928673
-3.0748410;42.6973267
-3.5149825;43.0756569
-3.5146048;43.0756149
-3.5514257;43.0746536
-3.5512385;43.0742187
-3.5560939;43.0758171
-3.5563784;43.0754738
-3.5574613;43.0761642
-3.5570483;43.0762367
-3.5571573;43.0852966
-3.5571549;43.0856209
-3.6899328;43.1077995
-3.6900840;43.1077499
-3.6916113;43.1080627
-3.6919010;43.1083870
-3.6801887;43.1109085
-3.6802909;43.1108475
-3.6778147;43.1123924
-3.6779141;43.1123352
-3.6737788;43.1153603
-3.6738660;43.1152916
-3.5826831;43.1166534
-3.5827878;43.1167145
-3.5849919;43.1179619
-3.5852883;43.1176987
-3.5941119;43.1181107
-3.5943146;43.1181412
-3.6485977;43.1196136
-3.6486495;43.1196251
-3.6218026;43.1231689
-3.6221955;43.1231003
-3.5780821;43.1340675
-3.5780504;43.1341476
-3.5799172;43.1375809
-3.5798914;43.1376266
-3.5838592;43.1466827
-3.5838363;43.1467743
-3.6115644;43.1268616
-3.6113803;43.1270065
-3.6112320;43.1300316
-3.6115077;43.1300163
-3.5324540;43.0629578
-3.5327046;43.0633049
-3.5418329;43.0730476
-3.5419142;43.0731888
-3.5200677;43.0757141
-3.5201392;43.0757027
-3.5822346;43.0694695
-3.5822701;43.0695496
-3.6343286;43.1004944
-3.6342368;43.1006088
-3.5265179;43.0531349
-3.5282879;43.0566978
-3.5288341;43.0575218
-3.5292840;43.0588722
-3.5296164;43.0606956
-3.5867438;43.0624199
-3.5877032;43.0621834
-3.5309417;43.0625153
-3.5309384;43.0625534
-3.5310397;43.0627441
-3.5836871;43.0631676
-3.5803070;43.0639915
-3.5802174;43.0640144
-3.5787323;43.0643768
-3.5805058;43.0643806
-3.5805511;43.0644760
-3.5781682;43.0645103
-3.5341570;43.0645332
-3.5345123;43.0647697
-3.5754969;43.0651588
-3.5734899;43.0656471
-3.5706172;43.0663452
-3.5374627;43.0667915
-3.5686285;43.0668449
-3.5375690;43.0668869
-3.5376840;43.0669975
-3.5679736;43.0670891
-3.5670886;43.0676918
-3.5386319;43.0689545
-3.5860527;43.0691414
-3.5861921;43.0694885
-3.5393298;43.0696487
-3.5115678;43.0689201
-3.5149326;43.0696945
-3.5151412;43.0697174
-3.5856781;43.0698280
-3.5854409;43.0696487
-3.5183802;43.0698433
-3.5829992;43.0698967
-3.5862062;43.0700836
-3.5861380;43.0699310
-3.5226727;43.0700874
-3.5843415;43.0700378
-3.5841987;43.0701370
-3.5840337;43.0701370
-3.5848534;43.0701790
-3.5855761;43.0701447
-3.5836768;43.0708847
-3.5853174;43.0709419
-3.5833664;43.0710106
-3.5833480;43.0710793
-3.5827100;43.0710907
-3.5837030;43.0711823
-3.5847363;43.0712357
-3.5840685;43.0712395
-3.5274050;43.0713310
-3.5855389;43.0713921
-3.5852180;43.0713844
-3.5845966;43.0715103
-3.5845046;43.0716095
-3.5822585;43.0717049
-3.5821767;43.0717278
-3.5840847;43.0717354
-3.5838046;43.0717430
-3.5828884;43.0716705
-3.5826898;43.0717506
-3.5260615;43.0717621
-3.5254700;43.0716286
-3.5263526;43.0718269
-3.5817091;43.0718422
-3.5834522;43.0718575
-3.5842679;43.0718842
-3.5261297;43.0718880
-3.5814843;43.0718918
-3.5818264;43.0719299
-3.5812585;43.0719414
-3.5811989;43.0719528
-3.5842159;43.0719719
-3.5835257;43.0719910
-3.5831578;43.0720024
-3.5412621;43.0720100
-3.5843880;43.0720177
-3.5815499;43.0722313
-3.5282722;43.0722542
-3.5414898;43.0724182
-3.5827053;43.0724907
-3.5825648;43.0724030
-3.5300908;43.0726471
-3.5595229;43.0726585
-3.5303955;43.0726776
-3.5308237;43.0727730
-3.5302641;43.0728111
-3.5342638;43.0728455
-3.5302541;43.0728569
-3.5312722;43.0729141
-3.5308096;43.0730019
-3.5300591;43.0730095
-3.5641255;43.0730095
-3.5589731;43.0730362
-3.5307546;43.0730400
-3.5318732;43.0730438
-3.5303826;43.0730476
-3.5305240;43.0730934
-3.5280843;43.0731850
-3.5587320;43.0732002
-3.5307131;43.0732460
-3.5258787;43.0732574
-3.5369892;43.0727692
-3.5363684;43.0732918
-3.5516050;43.0733452
-3.5519476;43.0732880
-3.5584941;43.0733643
-3.5260637;43.0733643
-3.5307631;43.0733643
-3.5257647;43.0733910
-3.5252981;43.0734329
-3.5309825;43.0735130
-3.5307126;43.0735664
-3.5134480;43.0734062
-3.5137780;43.0735970
-3.5300179;43.0737076
-3.5138152;43.0737228
-3.5423667;43.0737534
-3.5297205;43.0737686
-3.5141127;43.0737724
-3.5387063;43.0737839
-3.5389879;43.0738449
-3.5134099;43.0738792
-3.5512674;43.0739861
-3.5140865;43.0739861
-3.5396593;43.0739899
-3.5376923;43.0739975
-3.5426819;43.0740433
-3.5643506;43.0741119
-3.5377641;43.0742187
-3.5404100;43.0742493
-3.5421658;43.0742683
-3.5643001;43.0743141
-3.5644691;43.0743179
-3.5642467;43.0743217
-3.5393276;43.0743370
-3.5634515;43.0744019
-3.5573194;43.0744438
-3.5408511;43.0744514
-3.5641859;43.0744934
-3.5629113;43.0744781
-3.5400620;43.0745430
-3.5649180;43.0745506
-3.5644214;43.0745659
-3.5254426;43.0746422
-3.5524607;43.0745087
-3.5411067;43.0746651
-3.5558231;43.0746765
-3.5544035;43.0734749
-3.5519714;43.0747070
-3.5435696;43.0747070
-3.5524569;43.0747185
-3.5134130;43.0747185
-3.5658615;43.0747261
-3.5556445;43.0747719
-3.5550025;43.0744438
-3.5413225;43.0747833
-3.5524495;43.0747948
-3.5639818;43.0748444
-3.5642669;43.0747452
-3.5648978;43.0748558
-3.5645623;43.0748596
-3.5506074;43.0748825
-3.5505419;43.0746918
-3.5568995;43.0749016
-3.5618732;43.0749054
-3.5620310;43.0748787
-3.5129113;43.0749397
-3.5556302;43.0749397
-3.5502326;43.0747375
-3.5498159;43.0750008
-3.5487790;43.0749435
-3.5120885;43.0749474
-3.5144441;43.0750046
-3.5645120;43.0750198
-3.5499570;43.0750542
-3.5561314;43.0750618
-3.5232952;43.0750771
-3.5407741;43.0750809
-3.5487211;43.0750923
-3.5485466;43.0751038
-3.5649514;43.0751076
-3.5523565;43.0751190
-3.5473073;43.0751266
-3.5230620;43.0751266
-3.5491021;43.0751266
-3.5423625;43.0751343
-3.5559468;43.0751381
-3.5153117;43.0751762
-3.5467899;43.0751343
-3.5576141;43.0752220
-3.5619907;43.0752258
-3.5160124;43.0752296
-3.5132356;43.0752792
-3.5483692;43.0752945
-3.5426702;43.0752487
-3.5428345;43.0753021
-3.5497735;43.0753212
-3.5490139;43.0752296
-3.5162323;43.0753517
-3.5218701;43.0753670
-3.5528398;43.0753746
-3.5534413;43.0750237
-3.5564370;43.0754051
-3.5422513;43.0754166
-3.5485680;43.0754166
-3.5482314;43.0753860
-3.5657938;43.0754280
-3.5659223;43.0753860
-3.5458887;43.0751762
-3.5456638;43.0754318
-3.5478151;43.0754356
-3.5523398;43.0754890
-3.5495803;43.0755081
-3.5489125;43.0755119
-3.5211217;43.0755157
-3.5506704;43.0752983
-3.5495534;43.0755539
-3.5656331;43.0755577
-3.5490787;43.0755577
-3.5471568;43.0755653
-3.5470574;43.0753021
-3.5471315;43.0755692
-3.5453763;43.0755806
-3.5452077;43.0755730
-3.5491643;43.0755844
-3.5492654;43.0756149
-3.5466743;43.0756149
-3.5131414;43.0756226
-3.5455744;43.0756340
-3.5151043;43.0756683
-3.5637445;43.0756683
-3.5128901;43.0756721
-3.5494776;43.0756760
-3.5642829;43.0756874
-3.5461214;43.0756912
-3.5648053;43.0756989
-3.5496399;43.0757217
-3.5427861;43.0757217
-3.5156476;43.0757256
-3.5488260;43.0757332
-3.5627930;43.0757446
-3.5626092;43.0755730
-3.5462003;43.0757484
-3.5482476;43.0757675
-3.5558834;43.0757751
-3.5498581;43.0757828
-3.5492814;43.0757980
-3.5490537;43.0757980
-3.5649652;43.0758209
-3.5500002;43.0758247
-3.5166461;43.0758362
-3.5425863;43.0758438
-3.5145018;43.0758476
-3.5558858;43.0758476
-3.5551999;43.0758286
-3.5544307;43.0757523
-3.5465624;43.0758629
-3.5560553;43.0758629
-3.5171509;43.0758705
-3.5495555;43.0758705
-3.5184114;43.0758820
-3.5484071;43.0759010
-3.5571759;43.0759048
-3.5123532;43.0759048
-3.5150983;43.0759125
-3.5472250;43.0759239
-3.5475976;43.0759659
-3.5479543;43.0759964
-3.5524805;43.0760002
-3.5497408;43.0760040
-3.5536056;43.0760384
-3.5563307;43.0760460
-3.5562453;43.0759926
-3.5500498;43.0760460
-3.5128675;43.0760498
-3.5499575;43.0760727
-3.5124810;43.0760803
-3.5631492;43.0760803
-3.5543549;43.0760841
-3.5109069;43.0760880
-3.5520651;43.0760994
-3.5581257;43.0760994
-3.5558612;43.0761032
-3.5555289;43.0760612
-3.5565522;43.0761070
-3.5471289;43.0761070
-3.5638747;43.0761147
-3.5643289;43.0761147
-3.5482113;43.0761185
-3.5538497;43.0761299
-3.5628266;43.0761108
-3.5131841;43.0761452
-3.5129330;43.0761452
-3.5127287;43.0761490
-3.5496595;43.0761566
-3.5489199;43.0759926
-3.5621800;43.0761604
-3.5511358;43.0761604
-3.5553916;43.0761604
-3.5427983;43.0761642
-3.5501246;43.0761871
-3.5528781;43.0761948
-3.5620327;43.0762062
-3.5514336;43.0762100
-3.5562725;43.0762177
-3.5633481;43.0762482
-3.5508807;43.0762634
-3.5526898;43.0762711
-3.5618296;43.0762787
-3.5518374;43.0762787
-3.5569384;43.0762863
-3.5543056;43.0763206
-3.5495713;43.0763245
-3.5633454;43.0763397
-3.5536005;43.0763474
-3.5502031;43.0763512
-3.5126379;43.0763512
-3.5475485;43.0764046
-3.5639248;43.0764389
-3.5132048;43.0764503
-3.5625007;43.0764503
-3.5622103;43.0764694
-3.5480556;43.0764694
-3.5502443;43.0764771
-3.5525320;43.0765266
-3.5535960;43.0765266
-3.5528417;43.0765457
-3.5527651;43.0765457
-3.5472617;43.0764847
-3.5541914;43.0765648
-3.5129862;43.0765686
-3.5478456;43.0765800
-3.5625253;43.0765991
-3.5535500;43.0765991
-3.5637388;43.0766335
-3.5489135;43.0766487
-3.5565615;43.0766640
-3.5479772;43.0766907
-3.5513840;43.0767097
-3.5485821;43.0767136
-3.5579088;43.0767326
-3.5516741;43.0767670
-3.5523443;43.0767784
-3.5124950;43.0768051
-3.5481284;43.0768356
-3.5488896;43.0768471
-3.5552506;43.0768509
-3.5129125;43.0768509
-3.5526450;43.0768585
-3.5520978;43.0768623
-3.5528710;43.0768738
-3.5105627;43.0768890
-3.5556459;43.0766678
-3.5554719;43.0769463
-3.5122736;43.0769691
-3.5483971;43.0769844
-3.5476072;43.0770111
-3.5539410;43.0770264
-3.5643477;43.0770264
-3.5566554;43.0770607
-3.5564210;43.0770531
-3.5521572;43.0770874
-3.5559142;43.0770035
-3.5638430;43.0771255
-3.5503354;43.0771523
-3.5521717;43.0771523
-3.5120511;43.0771675
-3.5490177;43.0771713
-3.5480309;43.0771751
-3.5534213;43.0771790
-3.5576577;43.0772247
-3.5567331;43.0773315
-3.5503454;43.0773468
-3.5576878;43.0773926
-3.5532799;43.0773964
-3.5476885;43.0774231
-3.5123568;43.0774345
-3.5567868;43.0774879
-3.5525258;43.0774918
-3.5527332;43.0774269
-3.5523558;43.0775032
-3.5522470;43.0775185
-3.5480461;43.0775452
-3.5576849;43.0775528
-3.5536461;43.0775642
-3.5568185;43.0775757
-3.5568364;43.0776176
-3.5490451;43.0776291
-3.5498886;43.0776291
-3.5499458;43.0776672
-3.5526481;43.0776711
-3.5557902;43.0777016
-3.5554669;43.0775490
-3.5555964;43.0777092
-3.5564318;43.0777626
-3.5473752;43.0777702
-3.5501039;43.0777740
-3.5539258;43.0777817
-3.5497799;43.0777855
-3.5466764;43.0778008
-3.5540268;43.0778275
-3.5542231;43.0777092
-3.5559936;43.0775986
-3.5562077;43.0778275
-3.5538380;43.0778389
-3.5564101;43.0778694
-3.5561154;43.0778732
-3.5453994;43.0778503
-3.5455902;43.0778961
-3.5568237;43.0778961
-3.5122716;43.0778999
-3.5489550;43.0778999
-3.5468185;43.0779305
-3.5459204;43.0779381
-3.5495696;43.0779533
-3.5114112;43.0779572
-3.5543473;43.0779724
-3.5539639;43.0779800
-3.5523484;43.0779877
-3.5576510;43.0779915
-3.5563974;43.0780182
-3.5569990;43.0780716
-3.5534766;43.0780792
-3.5494668;43.0780907
-3.5107095;43.0781097
-3.5555096;43.0781136
-3.5510170;43.0781441
-3.5082560;43.0781670
-3.5541675;43.0781937
-3.5521390;43.0782776
-3.5535176;43.0783195
-3.5458133;43.0783577
-3.5525393;43.0783653
-3.5555539;43.0783691
-3.5455277;43.0783691
-3.5565369;43.0783768
-3.5572000;43.0783844
-3.5495601;43.0784073
-3.5498726;43.0784187
-3.5520747;43.0784340
-3.5514245;43.0784073
-3.5501409;43.0780296
-3.5112486;43.0784454
-3.5473225;43.0784912
-3.5544999;43.0785141
-3.5565927;43.0785217
-3.5560422;43.0785599
-3.5546505;43.0785713
-3.5524259;43.0785255
-3.5519998;43.0785789
-3.5528958;43.0785828
-3.5558767;43.0785980
-3.5533922;43.0786057
-3.5510249;43.0786324
-3.5572495;43.0786362
-3.5577424;43.0786438
-3.5575833;43.0786438
-3.5542860;43.0786476
-3.5583544;43.0786591
-3.5537629;43.0786858
-3.5109808;43.0786934
-3.5519731;43.0787430
-3.5507181;43.0786095
-3.5507274;43.0787506
-3.5505490;43.0787277
-3.5536997;43.0787582
-3.5470543;43.0788002
-3.5467997;43.0787430
-3.5547993;43.0788498
-3.5510287;43.0788841
-3.5469773;43.0789337
-3.5465021;43.0788002
-3.5535307;43.0789490
-3.5570505;43.0789604
-3.5507638;43.0789642
-3.5558355;43.0789680
-3.5536106;43.0790024
-3.5550694;43.0790024
-3.5548310;43.0790138
-3.5469306;43.0790176
-3.5467134;43.0789871
-3.5476949;43.0790215
-3.5525024;43.0790405
-3.5476818;43.0790596
-3.5507452;43.0791588
-3.5511541;43.0791283
-3.5545962;43.0792084
-3.5534890;43.0792122
-3.5480797;43.0792427
-3.5474539;43.0792809
-3.5113807;43.0792885
-3.5548437;43.0792961
-3.5476906;43.0793076
-3.5554004;43.0793266
-3.5542212;43.0793266
-3.5558531;43.0793419
-3.5496902;43.0793533
-3.5483844;43.0793533
-3.5564766;43.0793800
-3.5466971;43.0793953
-3.5461168;43.0793266
-3.5502691;43.0794029
-3.5568123;43.0794067
-3.5488656;43.0794411
-3.5494015;43.0794754
-3.5496461;43.0794830
-3.5475981;43.0794983
-3.5546837;43.0795364
-3.5107496;43.0795670
-3.5558739;43.0796814
-3.5489867;43.0797081
-3.5104256;43.0797348
-3.5119872;43.0796890
-3.5118124;43.0797386
-3.5564046;43.0797424
-3.5520434;43.0797806
-3.5566297;43.0797882
-3.5575776;43.0799179
-3.5571260;43.0799561
-3.5110202;43.0799599
-3.5575721;43.0800171
-3.5584149;43.0800323
-3.5557916;43.0800400
-3.5546708;43.0800514
-3.5565133;43.0801506
-3.5460687;43.0801506
-3.5447338;43.0802155
-3.5564847;43.0802536
-3.5554957;43.0802727
-3.5572793;43.0802994
-3.5478237;43.0803642
-3.5552227;43.0806427
-3.5563710;43.0806618
-3.5569043;43.0807037
-3.5438271;43.0807304
-3.5472493;43.0807686
-3.5474656;43.0808105
-3.5553138;43.0808525
-3.5562980;43.0809402
-3.5562701;43.0810471
-3.5438557;43.0812798
-3.5564363;43.0813103
-3.5572028;43.0812454
-3.5544066;43.0814323
-3.5546083;43.0811043
-3.5565009;43.0814819
-3.5429554;43.0815392
-3.5578668;43.0816841
-3.5575454;43.0815620
-3.5580597;43.0821495
-3.5575783;43.0821648
-3.5572734;43.0816917
-3.5573080;43.0822334
-3.5571899;43.0822601
-3.5568159;43.0823402
-3.5399113;43.0830803
-3.5398688;43.0830956
-3.5574503;43.0841866
-3.5587242;43.0842361
-3.5588667;43.0841980
-3.5592580;43.0843086
-3.5583155;43.0843391
-3.5579419;43.0844345
-3.5577860;43.0844727
-3.5572190;43.0850143
-3.5571914;43.0851097
-3.5577364;43.0852623
-3.5577528;43.0853271
-3.5579052;43.0858994
-3.5591662;43.0860214
-3.5570054;43.0862274
-3.5360763;43.0868073
-3.5566466;43.0869675
-3.5564518;43.0874023
-3.5564723;43.0877151
-3.5337729;43.0894203
-3.5609610;43.0925636
-3.5381601;43.0945320
-3.5632474;43.0948410
-3.5638466;43.0959396
-3.5658555;43.0959892
-3.5662479;43.0947418
-3.5656672;43.0959587
-3.5658846;43.0963173
-3.5652966;43.0961380
-3.5656614;43.0966415
-3.5672171;43.0965538
-3.5655379;43.0968285
-3.5642414;43.0968742
-3.5653963;43.0969162
-3.5649641;43.0966644
-3.5635452;43.0970612
-3.5626442;43.0970078
-3.5648060;43.0973740
-3.5633035;43.0973969
-3.6535130;43.0929871
-3.6535981;43.0974045
-3.5655911;43.0976677
-3.5641706;43.0977135
-3.5639524;43.0978546
-3.6535268;43.0979118
-3.5662899;43.0979881
-3.5644174;43.0981140
-3.5639551;43.0983276
-3.5632966;43.0983620
-3.5631244;43.0982819
-3.5633843;43.0984268
-3.5636690;43.0984879
-3.5348778;43.0985069
-3.5629997;43.0985107
-3.5633008;43.0985794
-3.5636704;43.0986671
-3.6523986;43.0987358
-3.5643246;43.0988045
-3.5678115;43.0990639
-3.6510046;43.1004181
-3.6347070;43.1004257
-3.6343966;43.1004372
-3.6362653;43.1006737
-3.6279347;43.1008339
-3.6490483;43.1009026
-3.6475959;43.1011162
-3.5699732;43.1011696
-3.5611196;43.1012001
-3.5612652;43.1011887
-3.5610886;43.1010399
-3.6387236;43.1013031
-3.6431210;43.1013069
-3.6265028;43.1016960
-3.6388674;43.1017342
-3.5709116;43.1021347
-3.6239414;43.1029015
-3.6225958;43.1039543
-3.6206698;43.1051941
-3.6181910;43.1068077
-3.5745983;43.1069832
-3.6174858;43.1072083
-3.6901460;43.1077423
-3.6165233;43.1079445
-3.6920400;43.1085396
-3.6901133;43.1086388
-3.6921477;43.1086617
-3.6166706;43.1086731
-3.6169562;43.1094093
-3.6168885;43.1095581
-3.6835759;43.1095886
-3.6847117;43.1094208
-3.6826572;43.1098785
-3.6158381;43.1103249
-3.5778201;43.1105423
-3.6803889;43.1107941
-3.5782957;43.1110649
-3.6154935;43.1115608
-3.6790853;43.1116600
-3.6776085;43.1125107
-3.6963034;43.1128006
-3.6113012;43.1121178
-3.6102867;43.1132240
-3.5802677;43.1132317
-3.6068380;43.1127396
-3.5806744;43.1136742
-3.5808558;43.1138725
-3.6755557;43.1139679
-3.6013885;43.1147003
-3.6011913;43.1149101
-3.6741576;43.1150627
-3.6739528;43.1152229
-3.5307748;43.1153412
-3.6735649;43.1155281
-3.6003587;43.1156082
-3.5990803;43.1155777
-3.5964663;43.1160889
-3.5958941;43.1168823
-3.5833561;43.1171837
-3.6700356;43.1173744
-3.6695118;43.1174889
-3.5888572;43.1174965
-3.5880880;43.1171112
-3.5892718;43.1175385
-3.5827563;43.1175537
-3.5880299;43.1176414
-3.5881615;43.1172791
-3.5895166;43.1176987
-3.5854571;43.1176186
-3.5898497;43.1177139
-3.5910699;43.1178169
-3.5917227;43.1178093
-3.5916982;43.1175461
-3.5914373;43.1170273
-3.5903475;43.1178322
-3.6672986;43.1179771
-3.7030344;43.1179924
-3.5898678;43.1180305
-3.5848670;43.1180344
-3.5939748;43.1180916
-3.5972612;43.1179886
-3.5982220;43.1181259
-3.5949523;43.1181526
-3.5813348;43.1181602
-3.5811985;43.1183167
-3.5899065;43.1184425
-3.6647322;43.1185455
-3.5809040;43.1188316
-3.6633718;43.1188545
-3.6632392;43.1188812
-3.5987592;43.1189957
-3.5807481;43.1193428
-3.6593416;43.1193657
-3.6485181;43.1196060
-3.6486802;43.1196365
-3.5807135;43.1196365
-3.6488729;43.1197014
-3.6562481;43.1198120
-3.6496732;43.1199913
-3.5801380;43.1200676
-3.6536191;43.1203156
-3.6529627;43.1203804
-3.6441557;43.1208916
-3.6437395;43.1210861
-3.6434948;43.1212387
-3.5788994;43.1214256
-3.5337105;43.1215134
-3.5811718;43.1213760
-3.5828769;43.1215553
-3.5830142;43.1215973
-3.6028426;43.1216240
-3.5835264;43.1216927
-3.6047723;43.1218948
-3.6059668;43.1226730
-3.5814815;43.1227837
-3.6064384;43.1232414
-3.5799947;43.1232452
-3.5797079;43.1232224
-3.5794067;43.1238976
-3.6068139;43.1239090
-3.6089537;43.1248245
-3.6098287;43.1249619
-3.6112931;43.1250534
-3.6152005;43.1250725
-3.6157248;43.1251297
-3.5780814;43.1251602
-3.5796027;43.1253014
-3.5801790;43.1253471
-3.6114285;43.1257591
-3.6120231;43.1264763
-3.5800495;43.1267662
-3.5792291;43.1269875
-3.6112416;43.1271172
-3.5358946;43.1271324
-3.6107104;43.1275406
-3.5363553;43.1276703
-3.5373936;43.1280212
-3.5800154;43.1286049
-3.5399110;43.1294174
-3.6092582;43.1295013
-3.5419650;43.1296768
-3.5452366;43.1296997
-3.5794208;43.1299324
-3.5455649;43.1299477
-3.6122870;43.1300354
-3.6135316;43.1306839
-3.6135852;43.1307144
-3.5512218;43.1307945
-3.5516760;43.1308861
-3.5783601;43.1312637
-3.6185913;43.1322327
-3.5780225;43.1329346
-3.6205831;43.1331253
-3.5782320;43.1363487
-3.6222694;43.1363754
-3.5787621;43.1366577
-3.6225052;43.1370811
-3.5777726;43.1375809
-3.6225908;43.1379166
-3.5513558;43.1386642
-3.5513697;43.1387978
-3.5771840;43.1392021
-3.5777569;43.1411629
-3.5777555;43.1419487
-3.5785663;43.1435127
-3.5785964;43.1438828
-3.5797529;43.1442528
-3.5798726;43.1444397
-3.5545373;43.1448593
-3.5549691;43.1450233
-3.6242156;43.1461411
-3.5833495;43.1464233
-3.5838561;43.1465492
-3.6241002;43.1468773
-3.5666316;43.1469269
-3.5675976;43.1465378
-3.6240773;43.1470184
-3.5660117;43.1471939
-3.5836120;43.1473885
-3.5835407;43.1474380
-3.5647502;43.1477203
-3.5804117;43.1481056
-3.6238530;43.1483765
-3.6237264;43.1491737
-3.5776801;43.1495209
-3.5775704;43.1496239
-3.5773134;43.1498604
-3.6238012;43.1500320
-3.5749223;43.1507568
-3.6249959;43.1509399
-3.5677848;43.1511192
-3.5785158;43.1511230
-3.6254108;43.1514854
-3.5732858;43.1524773
-3.5722208;43.1524849
-3.5731418;43.1527710
-3.6263139;43.1534348
-3.6263621;43.1535988
-3.6261177;43.1545753
-3.6244740;43.1557999
-3.6234748;43.1571579
-3.6234801;43.1583710
-3.6235385;43.1593628
-3.6235454;43.1594810
-3.6232157;43.1609001
-3.6229310;43.1615715
-3.6229067;43.1622353
-3.6231151;43.1631851
-3.6231875;43.1632614
-3.6243715;43.1647568
-3.6245499;43.1647644
-3.6255684;43.1643219
-3.6368949;43.1651306
-3.6370108;43.1650848
-3.6365235;43.1652756
-3.6517384;43.1654015
-3.6530108;43.1647491
-3.6427088;43.1654091
-3.6445396;43.1650620
-3.6552544;43.1651764
-3.6493762;43.1658707
-3.6344545;43.1659050
-3.6341147;43.1664810
-3.6317353;43.1676788
-3.6359081;43.1711617
-3.6400619;43.1717987
-3.6410275;43.1723099
-3.6494277;43.1724167
-3.6552148;43.1712837
-3.2927623;42.7730598
-3.2926834;42.7731438
-3.2925084;42.7733345
-3.3050547;42.7496223
-3.3052042;42.7496872
-3.3059747;42.7491646
-3.3061714;42.7494125
-3.3064425;42.7485046
-3.3073392;42.7481728
-3.3084919;42.7474403
-3.3143117;42.7363510
-3.3084722;42.7476654
-3.2940826;42.7690468
-3.2942314;42.7703476
-3.2914796;42.7614632
-3.2916236;42.7615356
-3.3052905;42.7497673
-3.2947133;42.7689323
-3.2946718;42.7696800
-3.2883327;42.7684174
-3.2884479;42.7684364
-3.3039694;42.7733994
-3.3040941;42.7734108
-3.2673433;42.7476997
-3.2660344;42.7473297
-3.3049207;42.7496223
-3.3054156;42.7498169
-3.3054569;42.7497520
-3.3055243;42.7498932
-3.3044801;42.7500610
-3.3048892;42.7503624
-3.3048587;42.7505722
-3.3040452;42.7507057
-3.3048375;42.7507172
-3.3037882;42.7526817
-3.3036854;42.7527580
-3.3036227;42.7528076
-3.2738338;42.7534485
-3.2983956;42.7534790
-3.2967823;42.7581940
-3.2808723;42.7583694
-3.2821651;42.7583885
-3.2835131;42.7587662
-3.2746508;42.7587242
-3.2968016;42.7590446
-3.2845623;42.7591667
-3.2961874;42.7587776
-3.2964332;42.7594147
-3.2892702;42.7596130
-3.2894576;42.7597618
-3.2970452;42.7597694
-3.2959685;42.7598228
-3.2966499;42.7599449
-3.2900910;42.7602577
-3.2903688;42.7600861
-3.2901118;42.7602768
-3.2901995;42.7603683
-3.2953546;42.7604866
-3.2906346;42.7604942
-3.2887871;42.7603989
-3.2904201;42.7606430
-3.2950406;42.7607422
-3.2949216;42.7607498
-3.2952185;42.7608833
-3.2896059;42.7609062
-3.2963610;42.7609177
-3.2948308;42.7609482
-3.2937222;42.7610207
-3.2937357;42.7608147
-3.2960465;42.7610855
-3.2937410;42.7610931
-3.2929749;42.7611160
-3.2946222;42.7611351
-3.2957990;42.7611694
-3.2957075;42.7609863
-3.2957432;42.7611923
-3.2957015;42.7612000
-3.2956381;42.7610626
-3.2949996;42.7612038
-3.2942083;42.7612305
-3.2955902;42.7612343
-3.2960637;42.7612534
-3.2945774;42.7612648
-3.2909939;42.7612762
-3.2953978;42.7612762
-3.2937264;42.7612839
-3.2958114;42.7612839
-3.2952790;42.7611847
-3.2949471;42.7613144
-3.2911088;42.7613182
-3.2912290;42.7612305
-3.2938764;42.7613602
-3.2943277;42.7613945
-3.2958217;42.7614059
-3.2922583;42.7614059
-3.2914140;42.7614288
-3.2919846;42.7611046
-3.2943554;42.7614288
-3.2948856;42.7614326
-3.2943296;42.7614594
-3.2949989;42.7614632
-3.2953885;42.7614784
-3.2949164;42.7614784
-3.2939475;42.7615051
-3.2942028;42.7615051
-3.2957625;42.7615318
-3.2943974;42.7615471
-3.2933149;42.7616119
-3.2938735;42.7616158
-3.2913084;42.7616196
-3.2918606;42.7616577
-3.2923794;42.7616653
-3.2948146;42.7616768
-3.2934299;42.7617455
-3.2928476;42.7617569
-3.2965698;42.7613754
-3.2962265;42.7617760
-3.2957618;42.7617798
-3.2953906;42.7617836
-3.2961738;42.7618065
-3.2962353;42.7618103
-3.2942457;42.7618370
-3.2951808;42.7618370
-3.2951162;42.7616997
-3.2924478;42.7618790
-3.2914827;42.7618866
-3.2946391;42.7618866
-3.2940514;42.7618942
-3.2964079;42.7619019
-3.2949996;42.7619133
-3.2937942;42.7619133
-3.2950590;42.7619553
-3.2922063;42.7619591
-3.2946084;42.7619591
-3.2948456;42.7618561
-3.2953508;42.7619972
-3.2941072;42.7620049
-3.2947609;42.7620201
-3.2964261;42.7620277
-3.2919767;42.7620354
-3.2964902;42.7620659
-3.2926545;42.7621078
-3.2957242;42.7619209
-3.2926078;42.7621155
-3.2925129;42.7621384
-3.2917275;42.7621460
-3.2963870;42.7621498
-3.2928920;42.7621651
-3.2916729;42.7621689
-3.2923510;42.7621765
-3.2941918;42.7621880
-3.2938197;42.7622261
-3.2901230;42.7622490
-3.2916245;42.7622795
-3.2878468;42.7622910
-3.2878501;42.7609520
-3.2944562;42.7623329
-3.2917120;42.7624054
-3.2911193;42.7624664
-3.2908530;42.7624702
-3.2940159;42.7625198
-3.2972300;42.7625618
-3.2934854;42.7625694
-3.2930949;42.7626610
-3.2929728;42.7626801
-3.2910817;42.7627220
-3.2948060;42.7624512
-3.2935221;42.7627258
-3.2970989;42.7627258
-3.2934752;42.7627258
-3.2928820;42.7628059
-3.2890513;42.7628250
-3.2934523;42.7629013
-3.2945557;42.7626839
-3.2926784;42.7630157
-3.2991929;42.7631454
-3.2951186;42.7632942
-3.2980492;42.7632980
-3.2986140;42.7636681
-3.2917123;42.7638397
-3.2960334;42.7641144
-3.2976851;42.7641335
-3.3004262;42.7643623
-3.3004405;42.7640610
-3.3001719;42.7641525
-3.3013253;42.7643814
-3.3014410;42.7642937
-3.3010352;42.7641449
-3.2997732;42.7645683
-3.3008678;42.7647400
-3.2907128;42.7650337
-3.2954268;42.7650566
-3.3004696;42.7651215
-3.3006673;42.7652588
-3.3007743;42.7652664
-3.3008373;42.7652893
-3.3018324;42.7647285
-3.2963483;42.7654953
-3.3011432;42.7656555
-3.3013053;42.7657967
-3.2897458;42.7662659
-3.2987218;42.7664948
-3.2998476;42.7667580
-3.2994804;42.7669716
-3.2994530;42.7670135
-3.2943516;42.7673988
-3.2942591;42.7674103
-3.3000975;42.7678452
-3.2916205;42.7680016
-3.2923484;42.7672729
-3.2963796;42.7682037
-3.2961040;42.7682686
-3.2958305;42.7683296
-3.2828059;42.7670593
-3.2925642;42.7685699
-3.2928214;42.7679939
-3.2941027;42.7686844
-3.2983153;42.7688828
-3.2941566;42.7688866
-3.3001332;42.7691498
-3.3006473;42.7692871
-3.3012106;42.7695160
-3.3017616;42.7697487
-3.3019574;42.7697868
-3.3027525;42.7699089
-3.3210874;42.7699699
-3.3214877;42.7692375
-3.3205080;42.7697945
-3.3044524;42.7700844
-3.3054185;42.7701912
-3.2945988;42.7705040
-3.2945828;42.7706909
-3.3234577;42.7707596
-3.3243504;42.7690659
-3.3202798;42.7707939
-3.3199739;42.7702827
-3.3206809;42.7707939
-3.3216045;42.7708015
-3.3201437;42.7708092
-3.3197033;42.7708168
-3.3237588;42.7708168
-3.3227904;42.7708435
-3.3238969;42.7688828
-3.3259113;42.7709351
-3.3132222;42.7711143
-3.3206933;42.7714767
-3.3212276;42.7715836
-3.3203371;42.7714386
-3.2940636;42.7716560
-3.3235257;42.7718391
-3.3005114;42.7720070
-3.3213377;42.7720833
-3.3209310;42.7719345
-3.3215008;42.7720985
-3.3220041;42.7715759
-3.3220677;42.7721252
-3.3220162;42.7720680
-3.3216159;42.7721329
-3.3213122;42.7721481
-3.3212984;42.7721710
-3.3209164;42.7720337
-3.3215251;42.7722473
-3.3220835;42.7723236
-3.2933996;42.7723694
-3.3213964;42.7724533
-3.3214886;42.7729759
-3.3210595;42.7732658
-3.3200328;42.7773895
-3.2861199;42.7813721
-3.2853484;42.7830086
-3.2438917;42.6216774
-3.2442560;42.6216583
-3.2442696;42.6214676
-3.2438722;42.6214523
-3.2444677;42.6215591
-3.2440689;42.6213799
-3.2503815;42.6212311
-3.2505972;42.6211243
-3.2502725;42.6206093
-3.2494514;42.6207504
-3.2438874;42.6212349
-3.2434905;42.6207275
-3.2436690;42.6208572
-3.2437468;42.6209679
-3.2435091;42.6203690
-3.2433689;42.6202316
-3.2433462;42.6204185
-3.2432895;42.6206093
-3.2436788;42.6206741
-3.2438371;42.6211357
-3.2351761;42.6294975
-3.2348390;42.6296844
-3.2424884;42.6183662
-3.2403684;42.6242447
-3.2403362;42.6246986
-3.2401476;42.6261406
-3.2400851;42.6262894
-3.2225306;42.6359978
-3.2220638;42.6361237
-3.2446692;42.6243477
-3.2445922;42.6243896
-3.2472811;42.6263847
-3.2472808;42.6265488
-3.2319314;42.6358643
-3.2318602;42.6360779
-3.2320352;42.6317101
-3.2344484;42.6299706
-3.2313728;42.6310425
-3.2303627;42.6319542
-3.2280171;42.6333809
-3.2324739;42.6323128
-3.2319455;42.6316185
-3.2305388;42.6320152
-3.2314780;42.6311493
-3.2348542;42.6299591
-3.2343466;42.6326866
-3.2410316;42.6160889
-3.2418933;42.6174583
-3.2534761;42.6195526
-3.2523820;42.6201096
-3.2520659;42.6202278
-3.2437282;42.6204720
-3.2458282;42.6205025
-3.2545915;42.6186485
-3.2513313;42.6204376
-3.2478502;42.6210098
-3.2450962;42.6211014
-3.2438114;42.6210518
-3.2497621;42.6215324
-3.2443924;42.6215820
-3.2438290;42.6216850
-3.2433372;42.6217613
-3.2485507;42.6218414
-3.2487364;42.6219902
-3.2414639;42.6223259
-3.2471395;42.6224022
-3.2458165;42.6226768
-3.2410214;42.6228409
-3.2443717;42.6231842
-3.2442758;42.6232109
-3.2486336;42.6222038
-3.2465274;42.6233368
-3.2462354;42.6229591
-3.2462533;42.6229820
-3.2463400;42.6234283
-3.2472446;42.6240082
-3.2447081;42.6243248
-3.2508159;42.6255188
-3.2398679;42.6266365
-3.2472830;42.6275940
-3.2478082;42.6282539
-3.2479584;42.6282654
-3.2472866;42.6282730
-3.2484245;42.6282768
-3.2487423;42.6282692
-3.2485466;42.6275291
-3.2482307;42.6282921
-3.2482562;42.6283760
-3.2479732;42.6284065
-3.2478218;42.6284218
-3.2473702;42.6284332
-3.2476110;42.6284485
-3.2497170;42.6284866
-3.2487111;42.6286621
-3.2477484;42.6286812
-3.2472587;42.6287041
-3.2483675;42.6287346
-3.2478864;42.6288147
-3.2472377;42.6288948
-3.2484186;42.6290283
-3.2456481;42.6292267
-3.2450066;42.6293564
-3.2328620;42.6327972
-3.2387998;42.6327553
-3.2341750;42.6334076
-3.2347081;42.6334496
-3.2347462;42.6332855
-3.2344730;42.6335678
-3.2346830;42.6335754
-3.2355411;42.6336174
-3.2344854;42.6336784
-3.2359707;42.6337395
-3.2362554;42.6338005
-3.2354639;42.6338196
-3.2349091;42.6338196
-3.2349031;42.6338806
-3.2360957;42.6339226
-3.2354195;42.6339493
-3.2339458;42.6339836
-3.2360146;42.6340294
-3.2348740;42.6340981
-3.2353523;42.6340981
-3.2337661;42.6341133
-3.2341702;42.6341324
-3.2352850;42.6342354
-3.2348552;42.6343460
-3.2357697;42.6343536
-3.2342513;42.6344376
-3.2357223;42.6344414
-3.2333839;42.6344452
-3.2356155;42.6345253
-3.2332463;42.6345558
-3.2350545;42.6347313
-3.2349443;42.6349754
-3.2322443;42.6350250
-3.2358928;42.6354332
-3.2296464;42.6432228
-3.4976134;42.4983406
-3.4974859;42.4983902
-3.4390533;42.5290565
-3.4390261;42.5289268
-3.4388478;42.5301628
-3.4388568;42.5300713
-3.4240232;42.5513229
-3.4240956;42.5512199
-3.4223862;42.5572433
-3.4223611;42.5571213
-3.5033247;42.4956741
-3.4830191;42.5025635
-3.4829497;42.5024414
-3.4831038;42.5027504
-3.4825909;42.5027885
-3.4836960;42.5029182
-3.4833922;42.5029259
-3.4827514;42.5030212
-3.4819479;42.5027199
-3.4853878;42.5032806
-3.4821923;42.5037270
-3.4827116;42.5039139
-3.4834049;42.5055351
-3.4770703;42.5117722
-3.4733217;42.5152626
-3.4616988;42.5189552
-3.4596877;42.5194817
-3.4531069;42.5212135
-3.4444504;42.5219193
-3.4439404;42.5218887
-3.4384968;42.5254555
-3.4384904;42.5259895
-3.4385684;42.5266685
-3.4383807;42.5272751
-3.4382660;42.5272980
-3.4378064;42.5271530
-3.4381247;42.5274734
-3.4378703;42.5275040
-3.4380190;42.5282555
-3.4384284;42.5282593
-3.4379864;42.5286179
-3.4389396;42.5287209
-3.4381180;42.5288010
-3.4381578;42.5288582
-3.4390585;42.5291481
-3.4425881;42.5376587
-3.4431245;42.5374527
-3.4422426;42.5375900
-3.4431646;42.5378304
-3.4432881;42.5378685
-3.4251821;42.5419006
-3.4249837;42.5421524
-3.4250596;42.5429153
-3.4250195;42.5429878
-3.4242413;42.5430908
-3.4247508;42.5434570
-3.4245076;42.5486526
-3.4221475;42.5579834
-3.2610781;42.5908432
-3.2611444;42.5908318
-3.2712965;42.6062202
-3.2747900;42.6038589
-3.2734408;42.6030960
-3.2735405;42.6031303
-3.2740011;42.6032028
-3.2738211;42.6029739
-3.2745054;42.6034889
-3.2747133;42.6037483
-3.2749195;42.6035690
-3.2763667;42.6013222
-3.2736504;42.6028137
-3.2750936;42.6036034
-3.2766788;42.6010208
-3.2749395;42.6038895
-3.2750714;42.6038666
-3.2733920;42.6028633
-3.2596416;42.5724831
-3.2541382;42.5778313
-3.2763774;42.5782433
-3.2478292;42.5820808
-3.2677650;42.5827026
-3.2669327;42.5852814
-3.2668481;42.5853691
-3.2416351;42.5856247
-3.2403188;42.5863533
-3.2406735;42.5863991
-3.2613733;42.5901604
-3.2616918;42.5905037
-3.2624938;42.5905113
-3.2633746;42.5904999
-3.2633581;42.5905571
-3.2642739;42.5906792
-3.2615707;42.5908165
-3.2610390;42.5908508
-3.2619588;42.5909081
-3.2649870;42.5909348
-3.2623301;42.5909767
-3.2661016;42.5906868
-3.2660775;42.5910568
-3.2632294;42.5910912
-3.2622805;42.5912476
-3.2639365;42.5912895
-3.2645624;42.5914001
-3.2653682;42.5916214
-3.2627180;42.5919228
-3.2641280;42.5919800
-3.2628703;42.5920753
-3.2642345;42.5925407
-3.2830324;42.5948982
-3.2515156;42.5949631
-3.2514307;42.5950012
-3.2483675;42.5962601
-3.2482488;42.5963135
-3.2677436;42.5999184
-3.2769909;42.6007156
-3.2723403;42.6024857
-3.7733960;42.5563889
-3.7732551;42.5562515
-3.7992601;42.5641670
-3.7989349;42.5641823
-3.7763946;42.5278664
-3.7761850;42.5279045
-3.7764080;42.5003662
-3.7753766;42.5048332
-3.7750022;42.5064735
-3.7740932;42.5103912
-3.7733734;42.5135727
-3.7729180;42.5154724
-3.7718701;42.5195999
-3.7716987;42.5200272
-3.7716177;42.5202599
-3.7716103;42.5203667
-3.7722824;42.5203934
-3.7716000;42.5205383
-3.7718499;42.5204849
-3.7710173;42.5208664
-3.7715921;42.5208702
-3.7717860;42.5208588
-3.7711394;42.5209694
-3.7708542;42.5210037
-3.7710564;42.5210266
-3.7709022;42.5210762
-3.7704930;42.5210953
-3.7704659;42.5210609
-3.7711692;42.5211449
-3.7708466;42.5211449
-3.7715900;42.5212135
-3.7696519;42.5212402
-3.7695644;42.5212364
-3.7715874;42.5213013
-3.7705350;42.5213470
-3.7712421;42.5213966
-3.7715840;42.5214119
-3.7722173;42.5214691
-3.7721124;42.5215187
-3.7703557;42.5215454
-3.7692127;42.5215454
-3.7692506;42.5216789
-3.7715957;42.5216980
-3.7692468;42.5217323
-3.7720644;42.5217361
-3.7711954;42.5217552
-3.7709000;42.5217705
-3.7706072;42.5217705
-3.7715750;42.5217781
-3.7689691;42.5217819
-3.7690697;42.5219116
-3.7706113;42.5219231
-3.7694073;42.5219269
-3.7704544;42.5219460
-3.7715707;42.5219803
-3.7706389;42.5220375
-3.7691119;42.5220528
-3.7695351;42.5220566
-3.7722123;42.5220642
-3.7724617;42.5220451
-3.7689650;42.5221291
-3.7694197;42.5221558
-3.7692106;42.5222092
-3.7719979;42.5222206
-3.7715786;42.5222397
-3.7698545;42.5222664
-3.7706611;42.5223312
-3.7715433;42.5223732
-3.7713141;42.5223885
-3.7711468;42.5223999
-3.7715228;42.5224838
-3.7713296;42.5224838
-3.7708044;42.5225029
-3.7708952;42.5225334
-3.7706635;42.5225830
-3.7715008;42.5226479
-3.7721570;42.5227127
-3.7710867;42.5227242
-3.7703538;42.5227852
-3.7714450;42.5229225
-3.7705033;42.5230217
-3.7714489;42.5232620
-3.7717066;42.5245514
-3.7729177;42.5262680
-3.7748246;42.5277176
-3.7753553;42.5281105
-3.7782156;42.5286636
-3.7789056;42.5293579
-3.7793596;42.5299759
-3.8011062;42.5383453
-3.7958648;42.5388870
-3.7912946;42.5393791
-3.7916529;42.5395317
-3.7919333;42.5395813
-3.8077753;42.5402145
-3.8083291;42.5403290
-3.8080199;42.5403900
-3.8095772;42.5403938
-3.8095362;42.5402679
-3.8087268;42.5404282
-3.8088074;42.5405045
-3.8086119;42.5405045
-3.8082187;42.5405273
-3.8088572;42.5405540
-3.8092668;42.5405693
-3.8095694;42.5406380
-3.8088813;42.5406609
-3.8084600;42.5407219
-3.8087513;42.5407257
-3.8093939;42.5407753
-3.8097327;42.5408096
-3.8089628;42.5409012
-3.8089058;42.5409851
-3.8088052;42.5410080
-3.8095047;42.5411453
-3.8093102;42.5413132
-3.8093138;42.5413628
-3.8092482;42.5414009
-3.8094659;42.5414467
-3.8091035;42.5414619
-3.8091514;42.5415344
-3.8097208;42.5416451
-3.8089447;42.5417709
-3.8088517;42.5417938
-3.8091538;42.5419769
-3.7762115;42.5426445
-3.7760804;42.5518684
-3.7741847;42.5546036
-3.7731318;42.5561333
-3.7750461;42.5564957
-3.7781639;42.5574875
-3.7782462;42.5575180
-3.7721095;42.5620804
-3.7712867;42.5620537
-3.8025489;42.5640182
-3.8024507;42.5640221
-3.8022687;42.5640297
-3.8032651;42.5640793
-3.8035419;42.5640030
-3.8033032;42.5641098
-3.8040185;42.5641785
-3.8043890;42.5641785
-3.8042209;42.5638084
-3.8034101;42.5642090
-3.7981725;42.5642128
-3.8035083;42.5642662
-3.8124530;42.5639725
-3.8064339;42.5646629
-3.8029180;42.5643158
-3.8044729;42.5643158
-3.8036194;42.5643692
-3.8042178;42.5643845
-3.8036869;42.5644112
-3.8030167;42.5644150
-3.8037150;42.5644226
-3.8031056;42.5644417
-3.8045869;42.5644722
-3.8037963;42.5644836
-3.8032186;42.5645370
-3.8028743;42.5645790
-3.8040125;42.5646210
-3.8041995;42.5646324
-3.8040652;42.5646324
-3.8045015;42.5646553
-3.8034091;42.5646706
-3.8034446;42.5647278
-3.8032284;42.5648804
-3.8027666;42.5649948
-3.8131680;42.5651169
-3.8135655;42.5653419
-3.8132191;42.5654030
-3.8139954;42.5654182
-3.8137505;42.5655136
-3.8140867;42.5655289
-3.8141227;42.5655785
-3.8142807;42.5654945
-3.8148820;42.5656242
-3.8148527;42.5655823
-3.8154929;42.5656471
-3.8149655;42.5656700
-3.8139007;42.5657043
-3.8148284;42.5657616
-3.8139865;42.5657997
-3.8140540;42.5658340
-3.8146899;42.5658875
-3.8142204;42.5659332
-3.8141704;42.5659637
-3.8148882;42.5660133
-3.8135562;42.5660248
-3.8149335;42.5660439
-3.8142347;42.5661316
-3.8148932;42.5663033
-3.8152437;42.5661774
-3.3855536;43.0406227
-3.3854845;43.0406036
-3.3913476;43.0419159
-3.3914261;43.0419006
-3.3910379;43.0412216
-3.3909976;43.0412445
-3.3902326;43.0406303
-3.3901315;43.0406380
-3.4244242;43.0369568
-3.4243460;43.0369644
-3.3865020;43.0381966
-3.3866208;43.0383186
-3.4100637;43.0396080
-3.4101491;43.0395775
-3.4008152;43.0087776
-3.4007716;43.0088539
-3.3892977;43.0341187
-3.3892763;43.0341835
-3.4417684;43.0292130
-3.4417505;43.0291443
-3.4033389;43.0235023
-3.4033000;43.0234413
-3.4067283;43.0255928
-3.4066362;43.0255432
-3.3910863;43.0413895
-3.3910282;43.0413513
-3.4356043;43.0056190
-3.4360213;43.0049591
-3.4353583;43.0057907
-3.4356511;43.0059090
-3.4352331;43.0059166
-3.4350240;43.0058823
-3.4356475;43.0060120
-3.4353504;43.0061073
-3.4352884;43.0063477
-3.4366183;43.0063591
-3.4351602;43.0063972
-3.4356394;43.0064812
-3.4356782;43.0065613
-3.4372723;43.0065269
-3.4372561;43.0065994
-3.4361126;43.0068550
-3.4371104;43.0069199
-3.4368932;43.0069237
-3.4364448;43.0069504
-3.4375961;43.0069542
-3.4012251;43.0066719
-3.4012728;43.0070381
-3.4357190;43.0070496
-3.4364247;43.0071335
-3.4350319;43.0070801
-3.4370856;43.0071640
-3.4370558;43.0072861
-3.4365523;43.0073090
-3.4364572;43.0074692
-3.4374115;43.0075378
-3.4366357;43.0075493
-3.4366827;43.0076141
-3.4465532;43.0076561
-3.4368632;43.0078773
-3.4694142;43.0060921
-3.4637756;43.0090294
-3.4635921;43.0091286
-3.4530430;43.0092392
-3.4492857;43.0082932
-3.4569576;43.0102234
-3.4576986;43.0102844
-3.4547098;43.0058174
-3.4581292;43.0103951
-3.4590437;43.0106392
-3.4605300;43.0106964
-3.4582841;43.0107040
-3.4598470;43.0107613
-3.4589555;43.0107994
-3.4584424;43.0109863
-3.4583564;43.0110092
-3.4590347;43.0110283
-3.4584475;43.0110664
-3.4588189;43.0110893
-3.4585478;43.0111961
-3.4582758;43.0112648
-3.4573848;43.0114288
-3.4570613;43.0112877
-3.4578283;43.0115471
-3.4572675;43.0116081
-3.3964198;43.0166359
-3.4527063;43.0175781
-3.4527109;43.0176926
-3.3982420;43.0187263
-3.3982558;43.0187874
-3.3981476;43.0189247
-3.3983009;43.0190125
-3.4524782;43.0191231
-3.3981571;43.0191879
-3.3983395;43.0191917
-3.3983371;43.0192680
-3.3981304;43.0193710
-3.3975308;43.0199318
-3.3966873;43.0192986
-3.3980000;43.0201111
-3.3991554;43.0201035
-3.4031188;43.0201454
-3.4086025;43.0194588
-3.3979533;43.0202026
-3.3972321;43.0202141
-3.3967822;43.0201645
-3.3977544;43.0204887
-3.3964329;43.0205078
-3.3979249;43.0206528
-3.3565810;43.0206795
-3.3570695;43.0203514
-3.3567977;43.0199699
-3.3978155;43.0206833
-3.3980925;43.0207634
-3.3981769;43.0207977
-3.3975348;43.0208931
-3.4005260;43.0209618
-3.4004860;43.0209732
-3.3988214;43.0209808
-3.3997381;43.0210037
-3.3995318;43.0210152
-3.3997540;43.0210876
-3.3555837;43.0210915
-3.3550549;43.0204010
-3.3994896;43.0211067
-3.3561251;43.0207825
-3.3558178;43.0211334
-3.3999336;43.0212097
-3.4016845;43.0212402
-3.3991227;43.0212440
-3.3561449;43.0213165
-3.3994930;43.0213470
-3.4001539;43.0213585
-3.3995388;43.0213623
-3.3541238;43.0213928
-3.3541462;43.0212326
-3.3999813;43.0214462
-3.3561888;43.0215721
-3.3538864;43.0215759
-3.3542995;43.0215797
-3.3547680;43.0214767
-3.3564217;43.0216446
-3.3998423;43.0216942
-3.3581347;43.0217552
-3.3577721;43.0215874
-3.3558166;43.0217934
-3.3535738;43.0218468
-3.3552954;43.0218468
-3.3551569;43.0218811
-3.3557487;43.0220032
-3.3561261;43.0220070
-3.3552930;43.0220337
-3.3567150;43.0220337
-3.3547676;43.0220375
-3.3547127;43.0219078
-3.3546319;43.0220413
-3.3545587;43.0220413
-3.3545992;43.0220413
-3.3553095;43.0220909
-3.3548942;43.0221481
-3.3557045;43.0221710
-3.3549254;43.0221748
-3.3550313;43.0221901
-3.3546548;43.0222015
-3.3561680;43.0222435
-3.3546166;43.0222473
-3.3556442;43.0222740
-3.3544695;43.0222740
-3.3551381;43.0222931
-3.3543015;43.0223083
-3.3546867;43.0223846
-3.3527553;43.0224037
-3.3553164;43.0224342
-3.3555086;43.0224571
-3.3538394;43.0224571
-3.3553455;43.0224648
-3.3546302;43.0224991
-3.3548207;43.0225029
-3.3525078;43.0225830
-3.3549542;43.0226326
-3.3545451;43.0226746
-3.3529983;43.0226784
-3.3543277;43.0227013
-3.3527892;43.0227318
-3.3528223;43.0227394
-3.3559515;43.0226860
-3.3425887;43.0227280
-3.3490815;43.0227509
-3.3526385;43.0227699
-3.3545587;43.0227737
-3.3556080;43.0227852
-3.3545604;43.0228081
-3.3536551;43.0228729
-3.3498347;43.0228958
-3.3533411;43.0229301
-3.3569040;43.0229416
-3.3546104;43.0229454
-3.3516831;43.0229797
-3.3502493;43.0230827
-3.3555183;43.0230980
-3.3959162;43.0231247
-3.3507261;43.0234184
-3.4514003;43.0234642
-3.4036229;43.0238953
-3.3515782;43.0246124
-3.3651249;43.0254211
-3.3710771;43.0238876
-3.3789506;43.0254898
-3.3545365;43.0259781
-3.3584530;43.0258636
-3.3590417;43.0260162
-3.3592570;43.0260735
-3.4514346;43.0261345
-3.4409590;43.0261269
-3.4406843;43.0261993
-3.4635844;43.0263329
-3.4637392;43.0262184
-3.3937712;43.0263824
-3.4404058;43.0264893
-3.4407241;43.0265579
-3.4402392;43.0266342
-3.4395010;43.0267754
-3.4403477;43.0268173
-3.4409626;43.0268288
-3.3934827;43.0269165
-3.4413781;43.0271339
-3.4400165;43.0272408
-3.4419341;43.0273018
-3.4417925;43.0273857
-3.4402931;43.0274925
-3.4420302;43.0275154
-3.4415839;43.0275421
-3.4406757;43.0275459
-3.4407020;43.0274086
-3.4425468;43.0275612
-3.4408298;43.0275726
-3.4410629;43.0275841
-3.4403708;43.0276299
-3.4094267;43.0276909
-3.4410672;43.0277634
-3.4420457;43.0277786
-3.4417570;43.0277863
-3.4406853;43.0279961
-3.4417903;43.0281410
-3.4096844;43.0284424
-3.4418328;43.0284843
-3.4603543;43.0286331
-3.4417300;43.0288315
-3.4507723;43.0289192
-3.4584332;43.0299301
-3.4128304;43.0310974
-3.4133358;43.0313950
-3.4433718;43.0319824
-3.4438925;43.0328636
-3.4526448;43.0336952
-3.4480643;43.0338097
-3.4515512;43.0342064
-3.3892632;43.0342255
-3.4473004;43.0347137
-3.3832915;43.0348587
-3.4467843;43.0352898
-3.4467647;43.0353050
-3.4467709;43.0350494
-3.4421721;43.0353355
-3.4420898;43.0352440
-3.4466963;43.0353546
-3.4463308;43.0350189
-3.4433115;43.0353813
-3.4431233;43.0352364
-3.4465268;43.0354767
-3.4455256;43.0354843
-3.4457607;43.0354958
-3.4423485;43.0355301
-3.4426949;43.0355301
-3.4465241;43.0355415
-3.4460773;43.0355568
-3.4455810;43.0355682
-3.4443440;43.0356674
-3.4459059;43.0356903
-3.4447887;43.0356941
-3.4418621;43.0357018
-3.4413202;43.0354500
-3.4453676;43.0357208
-3.4426615;43.0357246
-3.4459989;43.0357742
-3.4443946;43.0357933
-3.4453981;43.0358391
-3.4443572;43.0358849
-3.4444096;43.0358849
-3.4459271;43.0359001
-3.4457784;43.0359497
-3.4460928;43.0359535
-3.4440756;43.0359612
-3.4457338;43.0359650
-3.4443600;43.0359993
-3.4445152;43.0360794
-3.3886399;43.0360947
-3.4445546;43.0360985
-3.4456649;43.0361977
-3.4459476;43.0362701
-3.4450047;43.0363350
-3.4466906;43.0363426
-3.4466455;43.0363655
-3.4452748;43.0364761
-3.3884366;43.0367088
-3.4260318;43.0368767
-3.4258485;43.0368690
-3.4415145;43.0370522
-3.4229743;43.0371094
-3.4231262;43.0373154
-3.4176991;43.0375786
-3.4306257;43.0380554
-3.4310360;43.0383682
-3.4311364;43.0384445
-3.4312139;43.0384941
-3.3872538;43.0386200
-3.4310966;43.0386314
-3.4314606;43.0386810
-3.4311426;43.0386810
-3.3872201;43.0386963
-3.3870325;43.0387268
-3.3871298;43.0387421
-3.3871074;43.0388031
-3.3871534;43.0388489
-3.4311070;43.0388794
-3.3872254;43.0389252
-3.3888240;43.0402069
-3.3925903;43.0400963
-3.3923218;43.0405502
-3.3853288;43.0405769
-3.3911562;43.0406456
-3.3898549;43.0406952
-3.3898187;43.0407104
-3.3917141;43.0405159
-3.3913743;43.0407295
-3.3922207;43.0408211
-3.3895175;43.0408211
-3.3915339;43.0408974
-3.4056928;43.0409431
-3.3915062;43.0409660
-3.3888063;43.0409889
-3.3862927;43.0410156
-3.3888137;43.0410385
-3.3927820;43.0410423
-3.3886802;43.0410919
-3.3864570;43.0411110
-3.3879855;43.0411186
-3.3879118;43.0411339
-3.3878360;43.0411606
-3.3920557;43.0411797
-3.3866863;43.0411911
-3.4029040;43.0412216
-3.3872154;43.0412331
-3.3875327;43.0412521
-3.3909249;43.0412865
-3.3871653;43.0412865
-3.3872554;43.0413094
-3.3915086;43.0413666
-3.3916504;43.0413933
-3.3879559;43.0414162
-3.3919153;43.0414352
-3.3874936;43.0414429
-3.3903368;43.0414467
-3.3866105;43.0414886
-3.3865662;43.0415115
-3.3868172;43.0415726
-3.3880053;43.0415764
-3.3881586;43.0415077
-3.3907773;43.0416489
-3.3967993;43.0416679
-3.3879831;43.0416832
-3.3908489;43.0416985
-3.3868515;43.0417213
-3.3908491;43.0417252
-3.3875756;43.0417786
-3.3889372;43.0417862
-3.3916848;43.0418091
-3.3898056;43.0418167
-3.3903191;43.0418205
-3.3917272;43.0418358
-3.3871083;43.0418396
-3.3871269;43.0417290
-3.3904452;43.0418701
-3.3867223;43.0418739
-3.3870080;43.0418854
-3.3872402;43.0418892
-3.3872843;43.0417328
-3.3910921;43.0419083
-3.3918371;43.0419083
-3.3909967;43.0419235
-3.3875890;43.0419273
-3.3873692;43.0419350
-3.3865325;43.0419388
-3.3913023;43.0419388
-3.3878644;43.0419502
-3.3887587;43.0419693
-3.3891659;43.0419807
-3.3907912;43.0419846
-3.3891222;43.0419884
-3.3906064;43.0420074
-3.3895483;43.0420113
-3.3880470;43.0420265
-3.3902590;43.0420532
-3.3869786;43.0420609
-3.3900087;43.0420685
-3.3912432;43.0420761
-3.3879657;43.0421143
-3.3907828;43.0421295
-3.3903601;43.0421371
-3.3889818;43.0421410
-3.3904042;43.0422134
-3.3874860;43.0422478
-3.3898168;43.0422707
-3.3901436;43.0423584
-3.3908722;43.0424576
-3.3908985;43.0424957
-3.3905852;43.0424957
-3.3903861;43.0426102
-3.3907521;43.0426102
-3.3908494;43.0426979
-3.3882229;43.0428009
-3.3903580;43.0428619
-3.3906038;43.0429688
-3.3912082;43.0431328
-3.3901083;43.0431519
-3.3861120;43.0432243
-3.4323032;43.0439682
-3.4379911;43.0452805
-3.4384716;43.0449257
-3.4379251;43.0453262
-3.4374013;43.0453720
-3.4340570;43.0454597
-3.4375024;43.0455055
-3.4368906;43.0455170
-3.4371498;43.0456161
-3.4370680;43.0456734
-3.4376147;43.0456734
-3.4369988;43.0456848
-3.4364281;43.0456963
-3.4363058;43.0455284
-3.4372280;43.0457115
-3.4358935;43.0457764
-3.4364343;43.0457993
-3.4361315;43.0458145
-3.4375632;43.0458565
-3.4364500;43.0459633
-3.4379809;43.0460358
-3.4384592;43.0461426
-3.4367323;43.0461693
-3.4370816;43.0462914
-3.4368875;43.0463181
-3.4370747;43.0463448
-3.4366505;43.0463562
-3.4246728;43.0464668
-3.4380710;43.0465012
-3.4341879;43.0465965
-3.4374681;43.0466843
-3.4368973;43.0467644
-3.4364650;43.0467758
-3.4375825;43.0468445
-3.4366434;43.0468674
-3.4324818;43.0469742
-3.4382291;43.0467987
-3.4376581;43.0469856
-3.4372761;43.0470505
-3.4373126;43.0469780
-3.4365640;43.0470772
-3.4354839;43.0473595
-3.4341495;43.0481339
-3.4280927;43.0481682
-3.4341252;43.0482025
-3.4272523;43.0482407
-3.4339497;43.0501785
-3.4340746;43.0501862
-3.4343557;43.0507584
-3.4336770;43.0509911
-3.4333818;43.0510864
-3.4352996;43.0510674
-3.4350533;43.0512352
-3.4337575;43.0512619
-3.4351838;43.0513268
-3.4335039;43.0513268
-3.4332299;43.0513725
-3.4345872;43.0513916
-3.4347677;43.0512085
-3.4347751;43.0514297
-3.4332557;43.0514565
-3.4343576;43.0514832
-3.4342806;43.0515442
-3.4337974;43.0515900
-3.4342723;43.0516167
-3.4336216;43.0516968
-3.4345527;43.0517044
-3.4326580;43.0517426
-3.4325886;43.0517654
-3.4334128;43.0517921
-3.4320319;43.0518265
-3.4317353;43.0518188
-3.4342883;43.0518379
-3.4332981;43.0518494
-3.4344769;43.0519333
-3.4346213;43.0518532
-3.4331522;43.0519829
-3.4339139;43.0519867
-3.4335220;43.0519905
-3.4340076;43.0519981
-3.4325643;43.0520058
-3.4324450;43.0519485
-3.4337680;43.0520210
-3.4341674;43.0520210
-3.4322696;43.0520439
-3.4331114;43.0520477
-3.4335332;43.0520515
-3.4327118;43.0520592
-3.4341650;43.0521049
-3.4328482;43.0521202
-3.4324093;43.0521317
-3.4320257;43.0521965
-3.4329185;43.0522118
-3.4332812;43.0522499
-3.4337823;43.0522919
-3.4331214;43.0523605
-3.4325516;43.0524292
-3.4325078;43.0524597
-3.4322410;43.0523415
-3.4331486;43.0524902
-3.4323926;43.0525169
-3.4328992;43.0525818
-3.4326336;43.0527611
-3.4332545;43.0527840
-3.4324553;43.0528450
-3.4325831;43.0529022
-3.0943053;42.9538460
-3.0938275;42.9539680
-3.0811422;42.9577560
-3.0809486;42.9581070
-3.0802922;42.9573517
-3.0802462;42.9573097
-3.0958977;42.9540138
-3.0958605;42.9539528
-3.0916982;42.9396706
-3.0917497;42.9395981
-3.0901647;42.9435310
-3.0901020;42.9434700
-3.0949559;42.9567413
-3.0950232;42.9565811
-3.0870819;42.9409676
-3.0871394;42.9408646
-3.0877235;42.9333839
-3.0876570;42.9333649
-3.0640008;42.9246330
-3.0607052;42.9248085
-3.0604649;42.9257965
-3.0595078;42.9269142
-3.0595140;42.9269867
-3.0603466;42.9269943
-3.0607762;42.9271965
-3.0603523;42.9272499
-3.0599904;42.9272728
-3.0604100;42.9273682
-3.0598025;42.9276047
-3.0607169;42.9276619
-3.0601783;42.9276962
-3.0607178;42.9277039
-3.0597703;42.9277534
-3.0591350;42.9277954
-3.0583329;42.9276314
-3.0593743;42.9278412
-3.0575502;42.9278679
-3.0610073;42.9280052
-3.0592535;42.9282150
-3.0577855;42.9282379
-3.0605171;42.9282722
-3.0593700;42.9283028
-3.0564027;42.9282455
-3.0599258;42.9284935
-3.0602498;42.9285736
-3.0576994;42.9286346
-3.0589895;42.9288139
-3.0588286;42.9288483
-3.0596135;42.9289284
-3.0596738;42.9289856
-3.0709434;42.9291306
-3.0571358;42.9293671
-3.0596015;42.9295120
-3.0607553;42.9296799
-3.0592337;42.9298286
-3.0590644;42.9299736
-3.0590491;42.9299927
-3.1095715;42.9315758
-3.1096008;42.9315186
-3.1094084;42.9319077
-3.0764751;42.9319687
-3.0806870;42.9330788
-3.0870111;42.9332466
-3.0870817;42.9332542
-3.0871553;42.9332619
-3.0877731;42.9333992
-3.0885794;42.9336357
-3.0887089;42.9336739
-3.0892494;42.9338341
-3.0878766;42.9341698
-3.0886431;42.9340858
-3.0884726;42.9345284
-3.0884149;42.9345322
-3.0864203;42.9345589
-3.0837836;42.9345245
-3.0872557;42.9346237
-3.0876348;42.9346313
-3.0891650;42.9347076
-3.0912035;42.9347534
-3.0891783;42.9348030
-3.0878723;42.9349022
-3.0866163;42.9349022
-3.0880244;42.9349442
-3.0872288;42.9349670
-3.0865810;42.9350090
-3.0862770;42.9349022
-3.0880051;42.9350166
-3.0853922;42.9350815
-3.0853841;42.9346733
-3.0853336;42.9350853
-3.0857637;42.9350891
-3.0858319;42.9347191
-3.0857069;42.9350967
-3.0875273;42.9352074
-3.0888884;42.9352226
-3.0865223;42.9352341
-3.0877419;42.9352341
-3.0864439;42.9352341
-3.0879464;42.9352608
-3.0857503;42.9353294
-3.0888822;42.9354210
-3.0872266;42.9354210
-3.0851333;42.9353790
-3.0874040;42.9354515
-3.0857239;42.9354706
-3.0862806;42.9355469
-3.0878136;42.9356308
-3.0888567;42.9357338
-3.0887401;42.9357605
-3.0893023;42.9357834
-3.0868363;42.9358101
-3.0895679;42.9358978
-3.0894730;42.9359779
-3.0907764;42.9360847
-3.0894351;42.9361038
-3.0876153;42.9361725
-3.0875051;42.9362259
-3.0884671;42.9362335
-3.0907612;42.9362602
-3.0876427;42.9362640
-3.0886900;42.9362946
-3.0874510;42.9362946
-3.0886271;42.9363251
-3.0873592;42.9364929
-3.0880895;42.9365044
-3.0872791;42.9365768
-3.0886493;42.9367294
-3.0887735;42.9367561
-3.0892661;42.9367676
-3.0872521;42.9368362
-3.0876718;42.9370422
-3.0924160;42.9370956
-3.0876384;42.9371185
-3.1037772;42.9371681
-3.0895119;42.9372139
-3.0887344;42.9372253
-3.0881205;42.9374771
-3.0899270;42.9379463
-3.0878556;42.9393654
-3.0888975;42.9394493
-3.0872397;42.9398613
-3.0869877;42.9411049
-3.0866237;42.9428520
-3.0927441;42.9476814
-3.0309331;42.9485397
-3.0940108;42.9519272
-3.0949855;42.9524155
-3.0946836;42.9528732
-3.0944483;42.9530449
-3.0945306;42.9531288
-3.0948617;42.9532928
-3.0952194;42.9534225
-3.0954020;42.9535980
-3.0946546;42.9536095
-3.0952253;42.9536629
-3.0959163;42.9540443
-3.0931749;42.9542313
-3.0959053;42.9542847
-3.0241580;42.9545250
-3.0813198;42.9548149
-3.0231748;42.9552155
-3.0807922;42.9563255
-3.0826132;42.9552307
-3.0823462;42.9563370
-3.0817435;42.9563904
-3.0820599;42.9564743
-3.0821750;42.9565353
-3.0807047;42.9567299
-3.0812519;42.9567947
-3.0810235;42.9568329
-3.0801737;42.9571991
-3.0807884;42.9574356
-3.0808160;42.9574509
-3.0810125;42.9574699
-3.0811746;42.9574852
-3.0796795;42.9574890
-3.0808501;42.9575424
-3.0807908;42.9575958
-3.0789380;42.9583588
-3.0791390;42.9583893
-3.0787857;42.9587250
-3.0790443;42.9592705
-3.0802071;42.9596558
-3.0774031;42.9686394
-3.0805094;42.9720879
-3.0837760;42.9729767
-3.1544237;42.8570290
-3.1543093;42.8571815
-3.1570287;42.8416710
-3.1569326;42.8414345
-3.1575811;42.8412933
-3.1588755;42.8431931
-3.1589177;42.8433952
-3.1574998;42.8424339
-3.1582301;42.8430519
-3.1390138;42.8530235
-3.1389186;42.8531113
-3.1395714;42.8526840
-3.1395240;42.8528519
-3.1544271;42.8562393
-3.1544225;42.8561745
-3.1858404;42.8369408
-3.1857922;42.8370476
-3.1574426;42.8437386
-3.1573465;42.8438416
-3.1826863;42.8559074
-3.1827352;42.8559532
-3.1557789;42.8420296
-3.1558545;42.8420601
-3.2053120;42.8428497
-3.2054791;42.8429108
-3.2087734;42.8453331
-3.2088232;42.8453712
-3.1950145;42.8329926
-3.1936870;42.8316040
-3.1950550;42.8338013
-3.1947308;42.8338356
-3.1775992;42.8337517
-3.1746664;42.8338509
-3.1952057;42.8339233
-3.1956332;42.8340492
-3.1964519;42.8344231
-3.1659184;42.8344498
-3.1955042;42.8345451
-3.1955955;42.8346481
-3.1956248;42.8346901
-3.1916208;42.8347282
-3.1960988;42.8353081
-3.1410470;42.8363838
-3.1856759;42.8366241
-3.1430509;42.8367615
-3.1857190;42.8371048
-3.1612618;42.8403435
-3.1588275;42.8411217
-3.1599293;42.8411522
-3.1599519;42.8411751
-3.1578701;42.8413200
-3.1584716;42.8415375
-3.1575286;42.8415451
-3.1585386;42.8415451
-3.1571915;42.8416023
-3.1573138;42.8420525
-3.1572819;42.8421402
-3.1587086;42.8422699
-3.1587589;42.8423271
-3.1587939;42.8429375
-3.1587389;42.8428879
-3.1582644;42.8431854
-3.1586077;42.8430748
-3.1590965;42.8434639
-3.1572692;42.8439407
-3.1550241;42.8441086
-3.2090323;42.8454208
-3.1522937;42.8456078
-3.1436236;42.8485222
-3.1414976;42.8500099
-3.1408646;42.8505592
-3.1402311;42.8510857
-3.1397049;42.8513107
-3.1386902;42.8513565
-3.1378310;42.8510666
-3.1391747;42.8514214
-3.1394875;42.8514366
-3.1329541;42.8515091
-3.1381440;42.8515167
-3.1377473;42.8515701
-3.1394119;42.8517303
-3.1394265;42.8520050
-3.1396801;42.8520660
-3.1389718;42.8521271
-3.1394413;42.8521347
-3.1394515;42.8521843
-3.1380267;42.8521957
-3.1369390;42.8519135
-3.1392634;42.8522568
-3.1776276;42.8523064
-3.1776700;42.8523216
-3.1777878;42.8523636
-3.1776845;42.8522301
-3.1770604;42.8523750
-3.1390944;42.8524017
-3.1387305;42.8525352
-3.1400321;42.8525429
-3.1771257;42.8525543
-3.1395881;42.8525810
-3.1782422;42.8525810
-3.1395953;42.8526077
-3.1405764;42.8527527
-3.1376212;42.8527908
-3.1776831;42.8526993
-3.1778903;42.8528557
-3.1779540;42.8528709
-3.1790493;42.8526993
-3.1788187;42.8528824
-3.1391723;42.8528900
-3.1787918;42.8529091
-3.1781414;42.8529663
-3.1776879;42.8529701
-3.1777189;42.8530045
-3.1785564;42.8530121
-3.1789725;42.8530350
-3.1792705;42.8528595
-3.1778111;42.8530617
-3.1388941;42.8531380
-3.1392524;42.8531723
-3.1791127;42.8532448
-3.1793005;42.8531189
-3.1404710;42.8532753
-3.1783328;42.8533325
-3.1776879;42.8533363
-3.1427746;42.8534470
-3.1765954;42.8535194
-3.1793971;42.8536530
-3.1408050;42.8538857
-3.1545088;42.8569717
-3.1566215;42.8578911
-3.1878700;42.8611031
-3.4602177;42.6249084
-3.4601376;42.6248436
-3.4275281;42.6119728
-3.4276271;42.6120796
-3.4482746;42.6229858
-3.4484618;42.6230621
-3.4542530;42.6234665
-3.4544420;42.6235046
-3.4631886;42.6364975
-3.4632564;42.6366158
-3.4765840;42.6089897
-3.4764614;42.6091156
-3.4776812;42.6069908
-3.4764009;42.6091576
-3.4218526;42.6089401
-3.4248421;42.6103630
-3.4264169;42.6111145
-3.4281328;42.6121788
-3.4279888;42.6121254
-3.4289613;42.6121979
-3.4292336;42.6119461
-3.4292157;42.6122017
-3.4282708;42.6122055
-3.4278541;42.6123657
-3.4286666;42.6124382
-3.4280138;42.6125679
-3.4282060;42.6127815
-3.4700654;42.6140633
-3.4303253;42.6144066
-3.4682379;42.6152153
-3.4349437;42.6153259
-3.4401166;42.6186142
-3.4626975;42.6218109
-3.4459448;42.6219597
-3.4482181;42.6229591
-3.4549463;42.6235924
-3.4591057;42.6236229
-3.4593410;42.6235237
-3.4587395;42.6239090
-3.4589314;42.6239128
-3.4593337;42.6236839
-3.4590993;42.6239471
-3.4574165;42.6239967
-3.4580624;42.6240997
-3.4584370;42.6241875
-3.4585845;42.6242523
-3.4594886;42.6242752
-3.4596355;42.6241188
-3.4578953;42.6243019
-3.4587431;42.6243172
-3.4593246;42.6243401
-3.4591093;42.6244087
-3.4609611;42.6244278
-3.4594440;42.6244583
-3.4582191;42.6244659
-3.4576929;42.6244812
-3.4581504;42.6245041
-3.4588490;42.6245193
-3.4598048;42.6245995
-3.4588618;42.6246071
-3.4574909;42.6246147
-3.4578648;42.6246452
-3.4574988;42.6247139
-3.4579568;42.6248016
-3.4584162;42.6249008
-3.4586117;42.6249123
-3.4579630;42.6249237
-3.4581566;42.6249237
-3.4602537;42.6249390
-3.4580169;42.6250191
-3.4575105;42.6250305
-3.4581692;42.6250458
-3.4579246;42.6250916
-3.4575400;42.6251984
-3.4577053;42.6254311
-3.4581103;42.6257019
-3.4577806;42.6258698
-3.4618793;42.6262627
-3.4570405;42.6270142
-3.4619410;42.6303558
-3.4619396;42.6305923
-3.4502678;42.6328049
-3.4615262;42.6334190
-3.4618001;42.6342201
-3.4486399;42.6343765
-3.4479139;42.6348572
-3.4455178;42.6375999
-3.4641318;42.6380577
-3.4294229;42.9703140
-3.4285507;42.9710693
-3.3703218;42.9803658
-3.3699296;42.9803886
-3.5088649;42.9350853
-3.5086634;42.9351540
-3.5098834;42.9352226
-3.5098166;42.9353676
-3.5108526;42.9354172
-3.5107303;42.9355469
-3.5123649;42.9357224
-3.5143125;42.9338760
-3.4785001;42.9777336
-3.4778900;42.9783173
-3.4475093;42.9965019
-3.4476581;42.9940529
-3.4775503;42.9219551
-3.4774604;42.9219513
-3.3312650;42.9178085
-3.3312335;42.9178276
-3.4641614;42.8937683
-3.4642570;42.8937035
-3.3270416;42.9183693
-3.3271270;42.9183502
-3.4772279;42.9790840
-3.4773095;42.9791451
-3.4821863;42.9818382
-3.4822776;42.9818535
-3.4838288;42.9851227
-3.4837890;42.9851646
-3.4791617;42.9796982
-3.4788005;42.9800529
-3.4811850;42.9806328
-3.4805400;42.9811440
-3.4837410;42.9245758
-3.4833851;42.9244804
-3.4993286;42.9166451
-3.4992371;42.9166756
-3.4806139;42.9182739
-3.4806838;42.9183044
-3.4809716;42.9290771
-3.4800937;42.9290123
-3.4154165;43.0173492
-3.4153047;43.0173416
-3.4345474;42.9401741
-3.4345109;42.9401588
-3.4023015;42.9727020
-3.4022431;42.9726830
-3.4441624;42.9626312
-3.4439890;42.9625740
-3.4866378;42.9261436
-3.4865584;42.9261475
-3.4271173;42.9803162
-3.4270353;42.9802780
-3.4828460;42.9466362
-3.4828329;42.9465637
-3.4618351;42.8914108
-3.4617639;42.8913345
-3.4684768;42.8984451
-3.4684153;42.8983841
-3.4712472;42.9021759
-3.4712083;42.9020805
-3.4748607;42.9098091
-3.4748313;42.9097481
-3.4776695;42.9204941
-3.4776545;42.9204025
-3.4862831;42.9901848
-3.4863148;42.9900894
-3.3202236;42.9159470
-3.3202016;42.9159927
-3.3169050;42.9170876
-3.3167922;42.9170609
-3.3780451;42.9714584
-3.3779657;42.9714928
-3.3695312;42.9735260
-3.3694503;42.9735680
-3.3391502;42.9869347
-3.3390648;42.9869537
-3.3366411;42.9880104
-3.3365190;42.9880409
-3.3220370;42.9949722
-3.3219421;42.9950371
-3.3204634;42.9969902
-3.3204000;42.9970436
-3.3100569;43.0079956
-3.3099709;43.0081024
-3.3334391;42.9898491
-3.3333471;42.9898758
-3.3356040;42.9350357
-3.3355675;42.9349480
-3.4729800;42.9351578
-3.4729586;42.9351845
-3.4729323;42.9352150
-3.4716060;42.9367561
-3.4715335;42.9368401
-3.4592829;42.9507599
-3.4592140;42.9508095
-3.3620942;42.9527054
-3.3618696;42.9526482
-3.3677976;42.9549751
-3.3677492;42.9549522
-3.3730967;42.9582901
-3.3730183;42.9582405
-3.3737831;42.9587173
-3.3737230;42.9586906
-3.3796539;42.9623833
-3.3795917;42.9623451
-3.4352746;42.9660912
-3.4351869;42.9661179
-3.4314537;42.9685287
-3.4313688;42.9685822
-3.4298446;42.9695892
-3.4296782;42.9698524
-3.4115126;42.9870682
-3.4114509;42.9871140
-3.4476311;42.9940338
-3.4475839;42.9940071
-3.5148201;42.9070282
-3.5144205;42.9073563
-3.3314681;42.9704933
-3.3314669;42.9704285
-3.3339150;42.9758835
-3.3338380;42.9758415
-3.3832283;42.9378967
-3.3831882;42.9378204
-3.3716097;42.9391136
-3.3715148;42.9391174
-3.4216981;42.9552307
-3.4216623;42.9551620
-3.4668713;42.9321060
-3.4667656;42.9320984
-3.4494882;42.9379730
-3.4494104;42.9379807
-3.4314799;42.9416237
-3.4313173;42.9417534
-3.3679104;42.9553528
-3.3678317;42.9554024
-3.3670285;42.9557152
-3.3669147;42.9557610
-3.3628836;42.9303436
-3.3628929;42.9302902
-3.3632121;42.9306602
-3.3631277;42.9306488
-3.5006292;42.9132156
-3.5006647;42.9131241
-3.5126941;42.9359474
-3.5123217;42.9358749
-3.4507642;42.8914566
-3.4507525;42.8913612
-3.4544435;42.8995018
-3.4543512;42.8994522
-3.4570887;42.9008980
-3.4569886;42.9008408
-3.4607415;42.9028053
-3.4606383;42.9027519
-3.4630096;42.9039955
-3.4629197;42.9039497
-3.5204670;42.9195976
-3.5212834;42.9197578
-3.4036942;42.9283905
-3.4037917;42.9283714
-3.4989753;42.9487419
-3.4989822;42.9486847
-3.4986854;42.9504929
-3.4986634;42.9504089
-3.3368275;42.9515686
-3.3367550;42.9515190
-3.5017526;42.9536018
-3.5017006;42.9535408
-3.3452668;42.9549217
-3.3451610;42.9549103
-3.5048683;42.9566040
-3.5047956;42.9565620
-3.5068114;42.9587097
-3.5067487;42.9586411
-3.4376478;42.9955978
-3.4375844;42.9955330
-3.3342819;42.9971924
-3.3341877;42.9971237
-3.3331652;43.0017395
-3.3331265;43.0016441
-3.4200337;42.9845047
-3.4199836;42.9844360
-3.4263358;42.9874039
-3.4262657;42.9873924
-3.4265363;42.9874420
-3.4264657;42.9874268
-3.4007413;42.9301262
-3.4006891;42.9300385
-3.5029595;42.9448433
-3.5024219;42.9454651
-3.3934581;42.8690186
-3.3911846;42.8712273
-3.3893557;42.8730087
-3.3892515;42.8730774
-3.3880939;42.8737907
-3.3869658;42.8744736
-3.3868730;42.8744774
-3.3868003;42.8742142
-3.3867598;42.8744812
-3.3866317;42.8737411
-3.3876996;42.8745384
-3.3874578;42.8745613
-3.3873045;42.8747406
-3.3869612;42.8747482
-3.3868413;42.8747597
-3.3863957;42.8747711
-3.3858404;42.8747864
-3.3854990;42.8747559
-3.3863485;42.8749008
-3.3876319;42.8749809
-3.3862538;42.8751831
-3.3876016;42.8752441
-3.3875992;42.8752632
-3.3876119;42.8753662
-3.3876224;42.8755112
-3.3874493;42.8772469
-3.4520988;42.8796692
-3.4520664;42.8796234
-3.4522359;42.8798332
-3.4563744;42.8780937
-3.4526622;42.8799629
-3.4525259;42.8800011
-3.4524803;42.8800011
-3.4524088;42.8800316
-3.4525840;42.8800850
-3.4523218;42.8800926
-3.4525020;42.8801537
-3.4524105;42.8801765
-3.4522629;42.8802185
-3.4528251;42.8805389
-3.3836169;42.8836021
-3.3819282;42.8844833
-3.4591630;42.8882065
-3.4593141;42.8883781
-3.4592047;42.8884659
-3.4595416;42.8885117
-3.4594254;42.8885193
-3.4592609;42.8885384
-3.4590337;42.8885498
-3.4583278;42.8885536
-3.4502749;42.8882599
-3.4593561;42.8885727
-3.4390612;42.8888206
-3.4598410;42.8890266
-3.4660628;42.8888550
-3.4659219;42.8904610
-3.4651182;42.8898048
-3.4651372;42.8911018
-3.4643216;42.8906326
-3.4656501;42.8911400
-3.4656103;42.8912468
-3.4657404;42.8913803
-3.4660330;42.8913994
-3.4654202;42.8916817
-3.4658201;42.8917503
-3.4653683;42.8919106
-3.4647274;42.8918953
-3.4645729;42.8919601
-3.4657183;42.8919830
-3.4655480;42.8919868
-3.4653277;42.8920898
-3.4657924;42.8921127
-3.4650393;42.8922729
-3.4652553;42.8924599
-3.4650514;42.8924332
-3.4627500;42.8925400
-3.4509313;42.8926086
-3.4659586;42.8926163
-3.4652431;42.8926468
-3.4665260;42.8927078
-3.4666221;42.8927155
-3.4668221;42.8925629
-3.4652503;42.8927193
-3.4643986;42.8927345
-3.4652205;42.8928909
-3.4662669;42.8930092
-3.4660563;42.8932457
-3.4655175;42.8932457
-3.4666586;42.8932571
-3.4648547;42.8932877
-3.4656067;42.8933830
-3.4619339;42.8934135
-3.4618320;42.8932762
-3.4650726;42.8934212
-3.4651663;42.8935471
-3.4668922;42.8936691
-3.4666607;42.8934441
-3.4668422;42.8938065
-3.4669600;42.8937874
-3.4638240;42.8938599
-3.4667666;42.8938637
-3.4675291;42.8939209
-3.4653738;42.8939247
-3.4638760;42.8939285
-3.4662111;42.8940048
-3.4670620;42.8940239
-3.4664035;42.8940468
-3.4668698;42.8940735
-3.4658499;42.8940926
-3.4625387;42.8941383
-3.4658892;42.8941765
-3.4680557;42.8941879
-3.4653370;42.8943863
-3.4651315;42.8939247
-3.4659867;42.8943977
-3.4660099;42.8944588
-3.4657593;42.8949547
-3.4652493;42.8952980
-3.4646125;42.8955841
-3.4640121;42.8957253
-3.4663916;42.8957443
-3.4635901;42.8958244
-3.4634283;42.8958855
-3.4659102;42.8959503
-3.4514709;42.8960648
-3.4671979;42.8964195
-3.4673717;42.8973579
-3.4550970;42.8998489
-3.4585311;42.9016380
-3.4608405;42.9028549
-3.3164918;42.8983383
-3.3168216;42.9047546
-3.4721117;42.9049377
-3.4720032;42.9046783
-3.4650614;42.9050865
-3.4792550;42.9051628
-3.4789224;42.9041634
-3.4794130;42.9055099
-3.4658978;42.9055328
-3.4794645;42.9056435
-3.4785807;42.9057083
-3.4804041;42.9057655
-3.4805081;42.9053116
-3.4795303;42.9057961
-3.4791071;42.9058571
-3.4804978;42.9058914
-3.4795630;42.9059029
-3.4796038;42.9059792
-3.4807036;42.9060364
-3.4791298;42.9060936
-3.4788048;42.9061546
-3.4731319;42.9061584
-3.4797397;42.9061928
-3.4671648;42.9061928
-3.4708104;42.9062729
-3.4703572;42.9061966
-3.4797769;42.9062843
-3.4788377;42.9063072
-3.4776516;42.9063377
-3.4715092;42.9063873
-3.4798269;42.9065056
-3.4754083;42.9065437
-3.4708428;42.9065666
-3.4747019;42.9065819
-3.4715536;42.9065895
-3.4735057;42.9066048
-3.4733448;42.9066200
-3.4737823;42.9066353
-3.4732373;42.9066582
-3.4731565;42.9066658
-3.5026445;42.9066734
-3.5029602;42.9042511
-3.4798396;42.9067116
-3.4732258;42.9067154
-3.4735179;42.9067535
-3.4734159;42.9067802
-3.4733558;42.9068069
-3.5135362;42.9068718
-3.5130279;42.9066162
-3.4735498;42.9070740
-3.5101357;42.9071999
-3.5141437;42.9072113
-3.5095038;42.9073105
-3.4794872;42.9073868
-3.5143337;42.9074287
-3.5136013;42.9075966
-3.5145988;42.9077034
-3.5144131;42.9077797
-3.5150437;42.9077415
-3.5136492;42.9079628
-3.3161640;42.9081306
-3.4741879;42.9083977
-3.5113857;42.9091911
-3.4872079;42.9094276
-3.4872243;42.9092789
-3.5108190;42.9095612
-3.4748974;42.9098816
-3.5092096;42.9107552
-3.4753211;42.9107895
-3.4877064;42.9109344
-3.5084414;42.9108429
-3.5080917;42.9112740
-3.4756694;42.9115181
-3.4880927;42.9128609
-3.5057633;42.9128761
-3.5051339;42.9128761
-3.5007694;42.9128761
-3.5037978;42.9128761
-3.5029411;42.9128761
-3.5013170;42.9128799
-3.5065851;42.9128876
-3.5071261;42.9128952
-3.5057495;42.9132729
-3.4763815;42.9132881
-3.5048583;42.9142380
-3.3201013;42.9162407
-3.3235567;42.9162750
-3.3224723;42.9157372
-3.4802818;42.9164391
-3.4805086;42.9163399
-3.4802279;42.9162521
-3.3203924;42.9164543
-3.3202178;42.9164886
-3.3198555;42.9165115
-3.3199487;42.9165878
-3.4991848;42.9166946
-3.3201480;42.9167404
-3.4805324;42.9168396
-3.3192828;42.9169044
-3.3192112;42.9169388
-3.3152523;42.9167061
-3.3250439;42.9171524
-3.4771197;42.9171715
-3.3246820;42.9171371
-3.3185630;42.9173393
-3.4809573;42.9173393
-3.4802926;42.9173431
-3.4973502;42.9173431
-3.4800661;42.9173889
-3.4795847;42.9167900
-3.4971411;42.9174156
-3.4795361;42.9174538
-3.4810688;42.9174538
-3.3119419;42.9174728
-3.4811151;42.9175301
-3.4791090;42.9176025
-3.4811773;42.9176331
-3.4958296;42.9177361
-3.4802771;42.9177551
-3.3315477;42.9175987
-3.3292253;42.9178123
-3.3307018;42.9174957
-3.3292217;42.9178543
-3.3293066;42.9178658
-3.4796915;42.9178696
-3.3285265;42.9179077
-3.3284152;42.9175835
-3.4968507;42.9179878
-3.4813828;42.9179916
-3.3297474;42.9180222
-3.4806092;42.9179955
-3.4804571;42.9180374
-3.3307617;42.9180946
-3.4809864;42.9181404
-3.3305788;42.9181519
-3.3302996;42.9181747
-3.4969378;42.9181900
-3.4933589;42.9182053
-3.4796779;42.9182396
-3.3306916;42.9182816
-3.3272343;42.9183273
-3.3316195;42.9183311
-3.4807444;42.9183464
-3.3300247;42.9183578
-3.3300622;42.9184074
-3.3312013;42.9184837
-3.4801755;42.9184875
-3.4812157;42.9184952
-3.4802730;42.9185219
-3.3301954;42.9185524
-3.4929585;42.9185638
-3.4925339;42.9142761
-3.3313241;42.9185677
-3.3296301;42.9186020
-3.4830549;42.9184189
-3.4830852;42.9186172
-3.3307221;42.9186211
-3.3303726;42.9182968
-3.4801083;42.9186211
-3.4793026;42.9186440
-3.4793458;42.9183807
-3.4811282;42.9186668
-3.3315732;42.9186897
-3.3308854;42.9187012
-3.3297513;42.9187241
-3.3295085;42.9187469
-3.3319354;42.9187622
-3.3320982;42.9185715
-3.3320353;42.9187737
-3.4882920;42.9187737
-3.3304343;42.9187889
-3.3298531;42.9188309
-3.3295236;42.9188385
-3.3287504;42.9188156
-3.3314474;42.9188995
-3.4965944;42.9189415
-3.3306372;42.9189720
-3.3300164;42.9189720
-3.4964106;42.9190140
-3.3307030;42.9190445
-3.3312535;42.9190445
-3.3297896;42.9190712
-3.3309124;42.9191895
-3.3302758;42.9192772
-3.3310568;42.9193001
-3.4912298;42.9193153
-3.4916523;42.9172287
-3.3301952;42.9193230
-3.4911616;42.9193420
-3.3305097;42.9193764
-3.4904363;42.9189034
-3.4904671;42.9193916
-3.4895594;42.9193878
-3.4910090;42.9194031
-3.4911690;42.9194489
-3.4840667;42.9194565
-3.3304207;42.9194679
-3.3307941;42.9194908
-3.5204318;42.9196014
-3.3308148;42.9196472
-3.4829473;42.9196625
-3.4775584;42.9197655
-3.3309584;42.9198456
-3.3311625;42.9197388
-3.4775712;42.9198494
-3.4812667;42.9199677
-3.5176642;42.9199791
-3.4919145;42.9199829
-3.4812593;42.9201889
-3.3312719;42.9202499
-3.3314667;42.9203987
-3.3319340;42.9196358
-3.4825616;42.9201431
-3.3315890;42.9205055
-3.4943562;42.9205093
-3.4903834;42.9205399
-3.3312836;42.9205742
-3.3312824;42.9207268
-3.4904788;42.9209785
-3.4888728;42.9208794
-3.4814718;42.9214745
-3.4903576;42.9216614
-3.4884555;42.9214897
-3.4841130;42.9219475
-3.4826746;42.9220123
-3.4779189;42.9220161
-3.4814637;42.9220657
-3.4763033;42.9221306
-3.4903488;42.9221573
-3.4725640;42.9219475
-3.4932766;42.9222641
-3.4938331;42.9223976
-3.4901822;42.9225388
-3.4946101;42.9225845
-3.4948559;42.9226418
-3.4888215;42.9235420
-3.4882226;42.9235497
-3.4882145;42.9228783
-3.4878802;42.9235306
-3.4874666;42.9235497
-3.4849362;42.9235229
-3.4847176;42.9237747
-3.4814496;42.9237862
-3.4846776;42.9238205
-3.4845409;42.9240494
-3.4879425;42.9240952
-3.4844997;42.9241447
-3.4892426;42.9242210
-3.4861498;42.9243164
-3.4853849;42.9243126
-3.4899993;42.9243355
-3.4878047;42.9243584
-3.4844885;42.9243851
-3.4829748;42.9243889
-3.4827716;42.9243927
-3.4901567;42.9244118
-3.4815121;42.9244537
-3.4849982;42.9244576
-3.4906387;42.9245300
-3.4783061;42.9245720
-3.4911160;42.9246254
-3.4914131;42.9237671
-3.4839733;42.9246330
-3.4844625;42.9247322
-3.4916759;42.9247971
-3.4899857;42.9247971
-3.4848614;42.9248085
-3.4903138;42.9249191
-3.4929497;42.9249954
-3.4936776;42.9248543
-3.4783962;42.9251289
-3.4897509;42.9251518
-3.4909019;42.9251709
-3.4900331;42.9252548
-3.4886436;42.9253960
-3.4906664;42.9254761
-3.4891126;42.9255676
-3.4904881;42.9256859
-3.4896448;42.9257355
-3.4851453;42.9257469
-3.4911962;42.9259224
-3.4857419;42.9259338
-3.4874003;42.9261055
-3.4872007;42.9261360
-3.4899127;42.9261360
-3.4897335;42.9262733
-3.4872742;42.9263611
-3.4872010;42.9265518
-3.4891968;42.9267883
-3.4876461;42.9267998
-3.4887054;42.9268684
-3.4878945;42.9268799
-3.4893701;42.9268875
-3.4894519;42.9268303
-3.4880972;42.9269524
-3.4786923;42.9269562
-3.4889505;42.9269638
-3.4881811;42.9269753
-3.4875288;42.9269943
-3.4873619;42.9269485
-3.4892547;42.9270058
-3.3632641;42.9270248
-3.3634059;42.9270020
-3.4883838;42.9270592
-3.4885533;42.9271011
-3.3631976;42.9271584
-3.4867823;42.9272079
-3.5002253;42.9272079
-3.4979696;42.9269562
-3.3629122;42.9272194
-3.3628767;42.9271851
-3.4887967;42.9272270
-3.3633921;42.9273109
-3.3630738;42.9273300
-3.3630331;42.9273415
-3.4874182;42.9273720
-3.4877057;42.9274406
-3.3633807;42.9274406
-3.3632450;42.9274940
-3.4886258;42.9274940
-3.3631086;42.9275589
-3.4954989;42.9275627
-3.4887033;42.9275970
-3.4884562;42.9276466
-3.4788084;42.9276543
-3.4875855;42.9276810
-3.3633182;42.9277840
-3.4877450;42.9277878
-3.4880650;42.9278183
-3.4864447;42.9278412
-3.4883535;42.9278717
-3.4867866;42.9278717
-3.4872079;42.9279366
-3.4890380;42.9279480
-3.4867761;42.9279785
-3.4874861;42.9279900
-3.3634715;42.9280205
-3.4825377;42.9280434
-3.4788826;42.9280968
-3.4871516;42.9281044
-3.4895375;42.9281273
-3.4920604;42.9281349
-3.4874151;42.9281425
-3.4890184;42.9281654
-3.3635857;42.9281845
-3.4882059;42.9282036
-3.4833195;42.9282875
-3.3634191;42.9282875
-3.4916708;42.9282913
-3.4789126;42.9283066
-3.4789376;42.9284096
-3.4870696;42.9283524
-3.4043043;42.9282608
-3.4881279;42.9283981
-3.4873602;42.9284210
-3.4886701;42.9284210
-3.3631055;42.9284668
-3.4882886;42.9285469
-3.4891913;42.9284096
-3.4890740;42.9285812
-3.3638916;42.9286041
-3.4884765;42.9286118
-3.4897993;42.9286156
-3.4790735;42.9286613
-3.4986203;42.9287376
-3.4791594;42.9287376
-3.4790683;42.9287376
-3.4889376;42.9287796
-3.4787986;42.9287949
-3.4837444;42.9287987
-3.4866185;42.9288139
-3.4789641;42.9288368
-3.4790254;42.9288368
-3.4905787;42.9288902
-3.4795284;42.9289169
-3.4785972;42.9289398
-3.4795337;42.9275246
-3.4800098;42.9290047
-3.4864471;42.9290314
-3.4868076;42.9290543
-3.4006939;42.9290581
-3.3347912;42.9290733
-3.4827600;42.9290771
-3.4870629;42.9290810
-3.4006331;42.9291306
-3.4834411;42.9291420
-3.4814897;42.9291534
-3.4873815;42.9291573
-3.4820859;42.9287415
-3.4817393;42.9292412
-3.4836488;42.9293175
-3.4832692;42.9293251
-3.4820135;42.9293709
-3.4870079;42.9293900
-3.4871852;42.9294243
-3.4111013;42.9294891
-3.4779148;42.9295082
-3.4823914;42.9295464
-3.4868186;42.9295731
-3.4833686;42.9295998
-3.4871066;42.9296341
-3.4826555;42.9296761
-3.4791210;42.9296875
-3.4873734;42.9297142
-3.4828649;42.9297791
-3.4930937;42.9297943
-3.4863195;42.9298019
-3.4876306;42.9298210
-3.4933105;42.9298439
-3.4867890;42.9298477
-3.4830241;42.9298553
-3.4825001;42.9298592
-3.4823153;42.9297791
-3.4869864;42.9298897
-3.4878368;42.9298973
-3.4881587;42.9294510
-3.4119344;42.9299316
-3.4839017;42.9299355
-3.4816749;42.9299469
-3.4826810;42.9299507
-3.4832251;42.9299545
-3.4872324;42.9299660
-3.4824181;42.9299889
-3.4880962;42.9299965
-3.4828889;42.9300194
-3.4792938;42.9300232
-3.4812078;42.9300461
-3.4834220;42.9300499
-3.4805827;42.9283485
-3.4800150;42.9300690
-3.4814215;42.9300766
-3.4830842;42.9301071
-3.4885306;42.9301186
-3.4773555;42.9301491
-3.4799571;42.9301643
-3.4811451;42.9302330
-3.4814634;42.9302597
-3.4818392;42.9303093
-3.4826448;42.9303894
-3.4930632;42.9303894
-3.4122944;42.9303970
-3.4123416;42.9304619
-3.4124842;42.9304276
-3.4834502;42.9304733
-3.4866686;42.9304771
-3.4843833;42.9305077
-3.4869459;42.9305496
-3.4869192;42.9306030
-3.4807928;42.9306221
-3.4872155;42.9306755
-3.4126043;42.9307480
-3.4767540;42.9308472
-3.4865432;42.9308739
-3.4768858;42.9308929
-3.3650806;42.9309044
-3.4867325;42.9309349
-3.4766769;42.9309387
-3.4870403;42.9310265
-3.4817095;42.9310303
-3.4825335;42.9311028
-3.4851592;42.9311180
-3.4764695;42.9311714
-3.4833393;42.9311714
-3.4877286;42.9311829
-3.4875784;42.9311981
-3.4816723;42.9312286
-3.4894326;42.9312325
-3.4889905;42.9311066
-3.4843256;42.9312592
-3.4880505;42.9313583
-3.4855063;42.9313736
-3.4010165;42.9315491
-3.5103471;42.9315529
-3.5128331;42.9313850
-3.5097396;42.9315796
-3.4858038;42.9315796
-3.4005113;42.9315605
-3.4005289;42.9316025
-3.4879618;42.9316177
-3.4863698;42.9316406
-3.4862137;42.9316521
-3.5096862;42.9316673
-3.4888382;42.9317169
-3.4868658;42.9317513
-3.5106654;42.9317627
-3.4892805;42.9317665
-3.4859629;42.9317741
-3.4846156;42.9317894
-3.4874008;42.9317970
-3.4831920;42.9318047
-3.4821794;42.9317245
-3.4896383;42.9318275
-3.4849739;42.9318390
-3.3340926;42.9318466
-3.4010096;42.9318848
-3.4863541;42.9319077
-3.4873662;42.9319191
-3.4860475;42.9319191
-3.4875069;42.9319305
-3.5094790;42.9319572
-3.5087883;42.9317131
-3.4015918;42.9319725
-3.4023132;42.9319534
-3.4867945;42.9319801
-3.4878855;42.9319839
-3.4662678;42.9320679
-3.4656057;42.9320374
-3.5008526;42.9319038
-3.5013132;42.9320793
-3.4895823;42.9320831
-3.4887388;42.9320869
-3.4873109;42.9320984
-3.5085363;42.9320984
-3.4013512;42.9321022
-3.4017522;42.9321365
-3.4014211;42.9321594
-3.5145068;42.9312248
-3.5121248;42.9321632
-3.4677892;42.9321709
-3.4895601;42.9321823
-3.4827218;42.9322014
-3.4860921;42.9322281
-3.4841735;42.9322701
-3.5084085;42.9322929
-3.3683970;42.9322968
-3.4846623;42.9323273
-3.5075321;42.9323463
-3.4871504;42.9323654
-3.5093131;42.9323654
-3.4850056;42.9323692
-3.4016988;42.9323692
-3.4020269;42.9323921
-3.4015863;42.9324303
-3.4856462;42.9324455
-3.4877863;42.9324493
-3.4014823;42.9324722
-3.5039773;42.9324760
-3.5030386;42.9320412
-3.4753425;42.9324799
-3.4740667;42.9324493
-3.4860387;42.9324913
-3.4838374;42.9325066
-3.5080380;42.9325218
-3.4021647;42.9325256
-3.4884982;42.9325409
-3.5105786;42.9324608
-3.5112207;42.9325485
-3.4886131;42.9325562
-3.4016638;42.9325562
-3.4843726;42.9325600
-3.4019656;42.9325638
-3.4023085;42.9325676
-3.4021552;42.9325829
-3.4730744;42.9325829
-3.5082185;42.9325867
-3.4846640;42.9325905
-3.4022791;42.9326057
-3.4835260;42.9326134
-3.4849520;42.9326210
-3.4691896;42.9326248
-3.4028218;42.9326248
-3.4024258;42.9323120
-3.4010663;42.9326286
-3.4017034;42.9326477
-3.4894567;42.9326553
-3.4855983;42.9326973
-3.5085053;42.9326973
-3.4020505;42.9327011
-3.4859891;42.9327393
-3.5074639;42.9327469
-3.4902902;42.9327583
-3.4027209;42.9327621
-3.4014158;42.9327927
-3.3506811;42.9778633
-3.3504109;42.9784050
-3.5168614;42.9328156
-3.5076458;42.9328156
-3.4840088;42.9328232
-3.4021482;42.9328308
-3.4013093;42.9328308
-3.4842987;42.9328346
-3.5114558;42.9328766
-3.3344657;42.9328842
-3.4013536;42.9328918
-3.4914021;42.9328957
-3.4848731;42.9328957
-3.4869261;42.9329033
-3.5091531;42.9329109
-3.4895196;42.9329262
-3.4019630;42.9329262
-3.5097966;42.9329414
-3.4023638;42.9329453
-3.4853642;42.9329491
-3.5096359;42.9329643
-3.4855416;42.9329681
-3.4839785;42.9329910
-3.5081458;42.9330063
-3.4859350;42.9330101
-3.5035336;42.9330215
-3.4708953;42.9330215
-3.5103767;42.9330254
-3.4924755;42.9330254
-3.4876552;42.9330559
-3.3502254;42.9783592
-3.4025061;42.9331360
-3.4033904;42.9330711
-3.4937127;42.9331779
-3.4021320;42.9332047
-3.4842136;42.9332237
-3.4943156;42.9332542
-3.4886396;42.9332619
-3.4847975;42.9332886
-3.4023428;42.9332924
-3.4947278;42.9333000
-3.4848862;42.9333038
-3.5124567;42.9333115
-3.5102873;42.9333305
-3.5105741;42.9333305
-3.5090563;42.9333344
-3.5049391;42.9322777
-3.5057113;42.9333496
-3.5045049;42.9327698
-3.4852755;42.9333534
-3.4853985;42.9333687
-3.4951286;42.9333725
-3.4835439;42.9333763
-3.4858515;42.9334259
-3.4901469;42.9334488
-3.4014280;42.9334564
-3.5094728;42.9334831
-3.5140438;42.9334908
-3.4866772;42.9335136
-3.4830859;42.9335632
-3.4912093;42.9335823
-3.4874332;42.9335899
-3.4833658;42.9335976
-3.4913461;42.9336014
-3.5097966;42.9336014
-3.4835238;42.9336166
-3.4880381;42.9336624
-3.4839282;42.9336700
-3.4840939;42.9336891
-3.4843943;42.9337273
-3.4742470;42.9337273
-3.4923265;42.9337387
-3.5066605;42.9337425
-3.4888093;42.9337578
-3.4010592;42.9337616
-3.4953184;42.9337692
-3.4847634;42.9337769
-3.4833093;42.9337921
-3.4015920;42.9337959
-3.4626532;42.9338112
-3.4835718;42.9338226
-3.4852846;42.9338417
-3.4014761;42.9338417
-3.5069139;42.9338455
-3.5055382;42.9338608
-3.4838810;42.9338608
-3.5156951;42.9330940
-3.4920352;43.0048103
-3.4922583;43.0050087
-3.4857581;42.9338913
-3.4995005;42.9338951
-3.4900568;42.9339333
-3.4946039;42.9339523
-3.4998186;42.9339600
-3.4956071;42.9339790
-3.5066988;42.9339867
-3.5075066;42.9339943
-3.4941664;42.9339981
-3.4951963;42.9340248
-3.4863584;42.9340286
-3.4840634;42.9340286
-3.4840865;42.9338799
-3.4995966;42.9340363
-3.5073965;42.9340553
-3.4912336;42.9340553
-3.4843159;42.9340591
-3.4889171;42.9340782
-3.5063853;42.9341316
-3.4995277;42.9341316
-3.5062420;42.9341507
-3.4840400;42.9341583
-3.4865706;42.9341583
-3.5071502;42.9341736
-3.4911981;42.9342003
-3.4828346;42.9342232
-3.4987414;42.9342270
-3.4871511;42.9342537
-3.4831636;42.9342575
-3.4834552;42.9342842
-3.5068853;42.9342918
-3.4999018;42.9343033
-3.5113325;42.9343071
-3.4837692;42.9343147
-3.4922018;42.9343185
-3.4842432;42.9343605
-3.4016356;42.9343681
-3.4879153;42.9343796
-3.4025788;42.9343262
-3.4846332;42.9343948
-3.4851234;42.9344444
-3.4888585;42.9344749
-3.4888856;42.9344788
-3.5089829;42.9344826
-3.4856379;42.9344940
-3.4950392;42.9345093
-3.5119364;42.9345284
-3.4940414;42.9345398
-3.4441571;42.9345436
-3.4439304;42.9342918
-3.5062740;42.9345474
-3.5010178;42.9322433
-3.5060210;42.9346504
-3.4869285;42.9346657
-3.5057378;42.9346695
-3.5030351;42.9346733
-3.4859910;42.9346733
-3.5007753;42.9347000
-3.5060151;42.9347038
-3.5097861;42.9347038
-3.5111260;42.9347076
-3.5064096;42.9347115
-3.5062332;42.9347305
-3.5060177;42.9347382
-3.5063958;42.9347496
-3.4910636;42.9347610
-3.4870176;42.9347763
-3.5087049;42.9347878
-3.5063806;42.9347878
-3.5067608;42.9347916
-3.5038388;42.9347916
-3.4874077;42.9348106
-3.4878583;42.9348488
-3.5061903;42.9348831
-3.4989591;42.9348831
-3.4920785;42.9348984
-3.4878633;42.9349060
-3.4981785;42.9349098
-3.5046585;42.9349136
-3.4040415;42.9349785
-3.4873860;42.9349823
-3.4593041;42.9349861
-3.5054932;42.9350090
-3.4878609;42.9350243
-3.4961605;42.9350243
-3.4827571;42.9350243
-3.4855289;42.9350357
-3.4857125;42.9350548
-3.5061333;42.9350853
-3.4833624;42.9351006
-3.5083818;42.9351044
-3.4987838;42.9351196
-3.4730074;42.9351196
-3.5109470;42.9351997
-3.4584146;42.9352303
-3.4854779;42.9352989
-3.4932468;42.9353218
-3.5003774;42.9353714
-3.4942501;42.9353905
-3.4861629;42.9354477
-3.4863520;42.9354858
-3.5025725;42.9354897
-3.4823227;42.9352989
-3.4977348;42.9355469
-3.3700469;42.9355621
-3.4427378;42.9355659
-3.5002334;42.9355812
-3.4854193;42.9355965
-3.5060327;42.9356232
-3.5111351;42.9356346
-3.4871802;42.9356575
-3.5114229;42.9356956
-3.5033028;42.9357185
-3.4983146;42.9357376
-3.4862502;42.9357529
-3.5116827;42.9357529
-3.5009141;42.9358215
-3.5119972;42.9358063
-3.5071435;42.9358292
-3.4931984;42.9358482
-3.4426174;42.9358635
-3.4873438;42.9359474
-3.5040610;42.9359512
-3.4825709;42.9359589
-3.4821405;42.9355278
-3.5013893;42.9359779
-3.5113184;42.9359856
-3.5021875;42.9359894
-3.5079281;42.9360161
-3.5115700;42.9360352
-3.4452300;42.9360809
-3.5119596;42.9361038
-3.5057812;42.9361534
-3.4843323;42.9361610
-3.4454203;42.9361610
-3.4875102;42.9361687
-3.5006945;42.9361877
-3.5048134;42.9362030
-3.5019782;42.9362144
-3.4881706;42.9358559
-3.4998181;42.9362259
-3.5061746;42.9362259
-3.4848273;42.9362488
-3.5068882;42.9362717
-3.4852698;42.9363098
-3.5103936;42.9363174
-3.4105833;42.9363327
-3.5003004;42.9363861
-3.5121541;42.9363937
-3.5055609;42.9364281
-3.4864695;42.9364929
-3.4423194;42.9365044
-3.4969740;42.9365501
-3.4800744;42.9365540
-3.4815137;42.9359779
-3.3364761;42.9365578
-3.5009453;42.9366074
-3.4946480;42.9366150
-3.4872580;42.9366150
-3.4876366;42.9366760
-3.5020394;42.9367065
-3.4879973;42.9367294
-3.4833353;42.9367485
-3.4832203;42.9368019
-3.4912703;42.9368095
-3.5015016;42.9368095
-3.4863689;42.9368591
-3.4975073;42.9368820
-3.4846511;42.9369049
-3.4843357;42.9368706
-3.3918960;42.9369125
-3.3903165;42.9354668
-3.5070019;42.9369240
-3.5061686;42.9368286
-3.4915419;42.9369698
-3.4851303;42.9369698
-3.4960437;42.9369698
-3.5051558;42.9370003
-3.5020840;42.9370041
-3.4808061;42.9370041
-3.4871368;42.9370155
-3.4974046;42.9370346
-3.5021312;42.9370728
-3.4914794;42.9372101
-3.4864535;42.9372444
-3.5024211;42.9372520
-3.5031886;42.9372253
-3.3922904;42.9372978
-3.4824626;42.9373360
-3.4814730;42.9367332
-3.3927684;42.9373245
-3.4874153;42.9373550
-3.4872336;42.9373283
-3.5068641;42.9373970
-3.4887979;42.9374008
-3.5043142;42.9374046
-3.4845200;42.9374466
-3.3437443;42.9374542
-3.5031028;42.9374657
-3.4530599;42.9374809
-3.4510250;42.9374619
-3.4850194;42.9374962
-3.5122666;42.9375343
-3.5049224;42.9375458
-3.4790835;42.9375801
-3.3873031;42.9375229
-3.4819970;42.9376488
-3.5042233;42.9376717
-3.4849794;42.9376869
-3.5054376;42.9377136
-3.3947811;42.9377327
-3.4817891;42.9377365
-3.4810228;42.9372520
-3.5001049;42.9377480
-3.4862046;42.9374046
-3.4859939;42.9378014
-3.3824389;42.9377823
-3.5124085;42.9378166
-3.5123770;42.9378204
-3.5000153;42.9378357
-3.5068724;42.9378815
-3.4843762;42.9378853
-3.5059278;42.9378967
-3.5064213;42.9372025
-3.4967663;42.9379234
-3.5074213;42.9380035
-3.4804392;42.9380112
-3.4806762;42.9380646
-3.4805477;42.9380798
-3.4804308;42.9380989
-3.5049820;42.9381180
-3.4803593;42.9381332
-3.4848840;42.9381371
-3.4806144;42.9381447
-3.5066814;42.9381714
-3.4804201;42.9381752
-3.5023000;42.9381790
-3.4804289;42.9381943
-3.4982598;42.9381943
-3.4807029;42.9381981
-3.4805937;42.9381981
-3.4783623;42.9384155
-3.4804897;42.9382172
-3.4804163;42.9382553
-3.5086579;42.9382782
-3.4976375;42.9383202
-3.4893174;42.9383469
-3.5049813;42.9383469
-3.4984212;42.9383621
-3.4840415;42.9383926
-3.5064204;42.9384766
-3.5003672;42.9384766
-3.5081210;42.9386673
-3.5019624;42.9386749
-3.4800024;42.9387512
-3.5022776;42.9387970
-3.4839354;42.9388237
-3.4838085;42.9388504
-3.4864295;42.9387779
-3.4868627;42.9388695
-3.4847205;42.9389114
-3.4832025;42.9389687
-3.5008795;42.9389877
-3.3697486;42.9390144
-3.4910018;42.9390488
-3.5079656;42.9391060
-3.3779001;42.9391556
-3.3780229;42.9391670
-3.4968188;42.9393196
-3.4793677;42.9394226
-3.4908769;42.9394684
-3.3695922;42.9394722
-3.4954660;42.9394836
-3.4873908;42.9396629
-3.4867368;42.9396553
-3.4975669;42.9396935
-3.3489535;42.9398613
-3.4963498;42.9398994
-3.5044603;42.9400749
-3.4344385;42.9401436
-3.4907444;42.9401627
-3.4785588;42.9402199
-3.4785216;42.9402237
-3.5021491;42.9402390
-3.5009310;42.9396515
-3.4883912;42.9402771
-3.4893000;42.9402618
-3.4877195;42.9389801
-3.5003750;42.9402924
-3.4877553;42.9402962
-3.3533211;42.9403114
-3.4782150;42.9403191
-3.3614829;42.9403343
-3.3567581;42.9402618
-3.4874253;42.9403725
-3.4868286;42.9402847
-3.5061555;42.9400597
-3.5069885;42.9403725
-3.4684267;42.9403915
-3.5044329;42.9403992
-3.5048602;42.9404449
-3.4350946;42.9402466
-3.4351773;42.9404678
-3.4348612;42.9402351
-3.4906764;42.9405098
-3.4902627;42.9404640
-3.4958272;42.9405479
-3.4365206;42.9405899
-3.4682446;42.9405975
-3.4930079;42.9406013
-3.4978878;42.9406090
-3.4778666;42.9406395
-3.4353592;42.9406395
-3.5033810;42.9408340
-3.4998968;42.9408417
-3.4933341;42.9408569
-3.4774349;42.9408607
-3.4771819;42.9407234
-3.4348395;42.9408684
-3.5015874;42.9408798
-3.4884255;42.9409065
-3.4893599;42.9408913
-3.4877813;42.9409294
-3.4987826;42.9409904
-3.4772642;42.9410019
-3.4768114;42.9408607
-3.4347572;42.9410133
-3.4355614;42.9410439
-3.4905703;42.9410515
-3.4901462;42.9409943
-3.4860890;42.9410553
-3.4356480;42.9410820
-3.4348068;42.9411240
-3.4349797;42.9411278
-3.4859676;42.9411507
-3.4854853;42.9411049
-3.5047069;42.9411659
-3.4777098;42.9411736
-3.4952705;42.9411774
-3.4862614;42.9412041
-3.4842370;42.9412346
-3.4351778;42.9412537
-3.4973543;42.9412613
-3.4842284;42.9412766
-3.5053687;42.9412918
-3.4861138;42.9412994
-3.4868822;42.9408340
-3.4866986;42.9413071
-3.4937744;42.9413109
-3.4776385;42.9413223
-3.4348209;42.9413223
-3.4355578;42.9413300
-3.4343450;42.9413643
-3.4844093;42.9414177
-3.4351430;42.9414291
-3.5010955;42.9414330
-3.4352450;42.9414444
-3.5028114;42.9414749
-3.4355631;42.9415016
-3.4875174;42.9415016
-3.4939339;42.9415054
-3.4982867;42.9415092
-3.4884608;42.9415512
-3.4893689;42.9415321
-3.4356399;42.9415779
-3.4359767;42.9415741
-3.4904671;42.9415779
-3.4900296;42.9415283
-3.4970741;42.9416008
-3.4841616;42.9416199
-3.4861000;42.9416237
-3.4856920;42.9415741
-3.4861114;42.9416962
-3.4883406;42.9417000
-3.4350011;42.9417267
-3.4865239;42.9417915
-3.4356561;42.9417953
-3.4941514;42.9418030
-3.4312239;42.9418335
-3.4889069;42.9418526
-3.4947252;42.9418602
-3.4968138;42.9418831
-3.4311266;42.9419136
-3.4979036;42.9419632
-3.4872835;42.9420013
-3.5040519;42.9420090
-3.5009904;42.9420090
-3.5023234;42.9420204
-3.4350560;42.9420242
-3.4347866;42.9420395
-3.5044432;42.9420586
-3.4840720;42.9420815
-3.4771440;42.9421005
-3.4903576;42.9421387
-3.4860158;42.9421539
-3.4977005;42.9422035
-3.4880962;42.9422035
-3.4863343;42.9422302
-3.4859855;42.9422493
-3.4855573;42.9422073
-3.5031216;42.9424095
-3.4851804;42.9425125
-3.4962194;42.9425278
-3.4856675;42.9425812
-3.4763250;42.9425888
-3.4859073;42.9426270
-3.4762516;42.9426460
-3.5004334;42.9426651
-3.4960966;42.9426765
-3.4835875;42.9417114
-3.5038192;42.9427605
-3.3149576;42.9427719
-3.3140612;42.9401360
-3.5037832;42.9428558
-3.4899976;42.9428673
-3.4887557;42.9425354
-3.5045774;42.9428444
-3.4855404;42.9428749
-3.4871135;42.9423981
-3.4869015;42.9428787
-3.4839134;42.9428978
-3.4808652;42.9429169
-3.4971068;42.9429245
-3.4818542;42.9429092
-3.4873126;42.9429855
-3.5031326;42.9430199
-3.4840550;42.9430656
-3.4879296;42.9425888
-3.4838805;42.9430771
-3.4759371;42.9430962
-3.4838777;42.9431114
-3.4850311;42.9431229
-3.4846113;42.9431152
-3.4841979;42.9431534
-3.4840918;42.9431725
-3.4832094;42.9431801
-3.4162083;42.9431953
-3.4659481;42.9432411
-3.4838505;42.9432449
-3.4859653;42.9432564
-3.4855561;42.9431725
-3.4998925;42.9432983
-3.5057983;42.9434242
-3.4758034;42.9434509
-3.4897137;42.9434662
-3.4884322;42.9431686
-3.4870753;42.9434929
-3.4979050;42.9435005
-3.5033100;42.9435272
-3.4953403;42.9435883
-3.5025876;42.9436378
-3.4837506;42.9437561
-3.4993370;42.9439507
-3.4757223;42.9439697
-3.4879143;42.9439697
-3.4842687;42.9440117
-3.4894114;42.9440193
-3.4836640;42.9441948
-3.4838691;42.9442253
-3.5067847;42.9442368
-3.5108268;42.9417458
-3.4843774;42.9442940
-3.5020027;42.9442978
-3.4890854;42.9443512
-3.4816179;42.9444199
-3.4855878;42.9444427
-3.4969962;42.9445801
-3.4871418;42.9446411
-3.5043302;42.9446602
-3.5034354;42.9442368
-3.5004632;42.9446831
-3.4888031;42.9448433
-3.4669671;42.9448433
-3.4682026;42.9448814
-3.5014544;42.9449310
-3.4661674;42.9450264
-3.4667189;42.9450760
-3.5019236;42.9451485
-3.4662375;42.9451790
-3.4834280;42.9451866
-3.5018594;42.9452209
-3.4831681;42.9449959
-3.4831932;42.9452362
-3.5038304;42.9452553
-3.5017974;42.9452934
-3.4986439;42.9454422
-3.4661651;42.9454422
-3.4664545;42.9455223
-3.4653857;42.9455338
-3.4650855;42.9454422
-3.4277322;42.9456024
-3.4653661;42.9456673
-3.4665079;42.9456711
-3.4652348;42.9456787
-3.4658351;42.9456863
-3.4835677;42.9456863
-3.4650366;42.9457054
-3.4647722;42.9455719
-3.4669914;42.9457397
-3.4986346;42.9458008
-3.5013673;42.9458122
-3.4668028;42.9458694
-3.5033116;42.9458733
-3.4670632;42.9459648
-3.5012386;42.9459763
-3.4650474;42.9460220
-3.4859080;42.9460220
-3.4663715;42.9460373
-3.5036733;42.9460449
-3.4664655;42.9460640
-3.4634314;42.9461021
-3.4649694;42.9461174
-3.4832489;42.9461441
-3.4633219;42.9462280
-3.5002918;42.9463501
-3.4879355;42.9463539
-3.5009480;42.9463577
-3.5028262;42.9464073
-3.4828074;42.9464149
-3.4658771;42.9464188
-3.5017228;42.9465904
-3.5029564;42.9467735
-3.5039837;42.9466896
-3.5006680;42.9467468
-3.4833398;42.9468117
-3.5010166;42.9469719
-3.5013337;42.9470406
-3.4830625;42.9470711
-3.4855928;42.9471359
-3.5016584;42.9471970
-3.5008738;42.9472847
-3.4872129;42.9473419
-3.5001669;42.9472542
-3.5005462;42.9473457
-3.4832141;42.9474297
-3.5015128;42.9474945
-3.5018475;42.9476128
-3.3518293;42.9476242
-3.5014741;42.9476814
-3.4831312;42.9478645
-3.4854400;42.9478951
-3.4989216;42.9479446
-3.4849300;42.9480858
-3.4866397;42.9481468
-3.4878030;42.9483871
-3.4878330;42.9483948
-3.4990237;42.9484482
-3.3158567;42.9487762
-3.3158574;42.9489288
-3.4201181;42.9489784
-3.4830885;42.9492645
-3.4987168;42.9499435
-3.3562694;42.9502220
-3.3351848;42.9503403
-3.3345361;42.9498940
-3.3538070;42.9504623
-3.4823687;42.9506149
-3.3573918;42.9508896
-3.4590957;42.9508896
-3.3363173;42.9512024
-3.4990754;42.9517059
-3.4820971;42.9519577
-3.3158119;42.9521065
-3.5008111;42.9526367
-3.3624921;42.9528084
-3.4551737;42.9533844
-3.3406322;42.9534836
-3.3162506;42.9539261
-3.4538741;42.9542046
-3.5027850;42.9542389
-3.3441358;42.9545441
-3.5027645;42.9547539
-3.3482039;42.9547577
-3.3481047;42.9547691
-3.3473566;42.9548073
-3.4815187;42.9548264
-3.3449934;42.9548645
-3.3681412;42.9552078
-3.4217427;42.9553223
-3.3162951;42.9554749
-3.3588488;42.9554291
-3.3577201;42.9555817
-3.3662081;42.9559708
-3.3578451;42.9561043
-3.3584723;42.9559975
-3.3569064;42.9561119
-3.3562429;42.9560661
-3.3578033;42.9561806
-3.3587856;42.9562531
-3.3578568;42.9563560
-3.3163257;42.9566078
-3.3589878;42.9566078
-3.4220834;42.9567451
-3.3570862;42.9567604
-3.3565953;42.9563065
-3.4490385;42.9577141
-3.5059285;42.9577637
-3.3161478;42.9578247
-3.3157833;42.9576950
-3.3155715;42.9582405
-3.3206856;42.9580803
-3.3195767;42.9584503
-3.3168845;42.9583359
-3.3166924;42.9584503
-3.3167737;42.9585266
-3.3193722;42.9585762
-3.3170960;42.9587555
-3.4755144;42.9784088
-3.4757893;42.9781113
-3.3163748;42.9589119
-3.3182020;42.9589195
-3.3182456;42.9586906
-3.3177164;42.9590454
-3.3184159;42.9591408
-3.3180315;42.9591789
-3.3167763;42.9592476
-3.3179331;42.9592552
-3.5073624;42.9592781
-3.3182602;42.9595451
-3.3180840;42.9595528
-3.3184156;42.9597740
-3.3187318;42.9598007
-3.3173225;42.9598656
-3.3201647;42.9599190
-3.4783363;42.9601707
-3.4769154;42.9603271
-3.4791830;42.9603462
-3.4801781;42.9606133
-3.4746158;42.9606857
-3.5081539;42.9607010
-3.3185716;42.9607468
-3.4744039;42.9608078
-3.4720318;42.9604988
-3.4722157;42.9609146
-3.4728251;42.9609680
-3.4723020;42.9611092
-3.4741433;42.9611320
-3.4737878;42.9608269
-3.4724145;42.9612503
-3.4739187;42.9613457
-3.4732807;42.9613647
-3.4732502;42.9612846
-3.4737668;42.9613762
-3.4727819;42.9614372
-3.4740219;42.9614868
-3.4736691;42.9615898
-3.3249102;42.9616432
-3.4724202;42.9617348
-3.4723334;42.9619141
-3.4725313;42.9619560
-3.4268146;42.9620056
-3.3795006;42.9622879
-3.4795785;42.9623604
-3.4438069;42.9625130
-3.4467294;42.9626427
-3.4463158;42.9628029
-3.3820026;42.9622803
-3.3817990;42.9628181
-3.3820884;42.9628983
-3.3816299;42.9629898
-3.4456882;42.9629974
-3.4459474;42.9624939
-3.4471195;42.9630089
-3.4468477;42.9630508
-3.4463208;42.9630508
-3.4464564;42.9631462
-3.4459884;42.9631958
-3.4465976;42.9631958
-3.4466057;42.9632759
-3.4466209;42.9632912
-3.4462092;42.9632988
-3.3503840;42.9784737
-3.3811402;42.9633064
-3.4464810;42.9633560
-3.3806920;42.9634819
-3.4464748;42.9635048
-3.4464061;42.9635086
-3.3814766;42.9635124
-3.4466600;42.9635315
-3.3815143;42.9635353
-3.3799744;42.9635429
-3.3815489;42.9635582
-3.3792048;42.9634628
-3.3791878;42.9635735
-3.3796279;42.9635735
-3.3792851;42.9633484
-3.3795002;42.9635773
-3.3782763;42.9632492
-3.4459069;42.9636230
-3.4466324;42.9636307
-3.3826957;42.9630890
-3.3818266;42.9637299
-3.3789098;42.9637413
-3.4462440;42.9637527
-3.3811891;42.9637756
-3.4473596;42.9638100
-3.4461682;42.9638290
-3.4459653;42.9638290
-3.4471710;42.9638367
-3.3797088;42.9638710
-3.3783302;42.9638710
-3.4462399;42.9638863
-3.4469044;42.9639206
-3.4464052;42.9639206
-3.4465892;42.9639320
-3.3787339;42.9639435
-3.3802383;42.9639511
-3.4461787;42.9639854
-3.4465201;42.9640541
-3.3812823;42.9640541
-3.4470990;42.9640579
-3.4464345;42.9641151
-3.4464712;42.9641342
-3.4466658;42.9641380
-3.4790406;42.9641495
-3.4453442;42.9642296
-3.4466767;42.9642906
-3.4469554;42.9643326
-3.4451859;42.9644661
-3.4472575;42.9645424
-3.4282310;42.9645920
-3.4465292;42.9650421
-3.3841879;42.9651947
-3.4106619;42.9659538
-3.4103327;42.9658394
-3.4111800;42.9660454
-3.4109902;42.9658470
-3.4113762;42.9660683
-3.4117115;42.9660301
-3.4408224;42.9661293
-3.4115558;42.9661102
-3.4113128;42.9661560
-3.4104745;42.9661903
-3.4402602;42.9662094
-3.4798954;42.9666023
-3.4801126;42.9670525
-3.4288859;42.9671097
-3.4801798;42.9672050
-3.4801593;42.9673500
-3.3294644;42.9673576
-3.4801912;42.9673767
-3.4799824;42.9674225
-3.4801948;42.9674530
-3.4321060;42.9681778
-3.4805591;42.9681816
-3.4104044;42.9662399
-3.4105349;42.9682999
-3.4313140;42.9686127
-3.4304867;42.9688339
-3.4305952;42.9688721
-3.4305415;42.9689407
-3.4306629;42.9689445
-3.4305913;42.9689827
-3.4304566;42.9690666
-3.4808333;42.9692078
-3.4282122;42.9711685
-3.4257770;42.9738998
-3.4241071;42.9784012
-3.4873767;43.0050125
-3.4876254;43.0045891
-3.4005861;42.9712486
-3.4290509;42.9712563
-3.4263172;42.9713097
-3.4280524;42.9708061
-3.4006279;42.9713173
-3.4273667;42.9714203
-3.4000504;42.9714737
-3.4811828;42.9715767
-3.4264984;42.9716873
-3.3768516;42.9717941
-3.4271488;42.9718552
-3.4010189;42.9719124
-3.4242716;42.9719582
-3.4254351;42.9719963
-3.4003510;42.9717598
-3.4261951;42.9720802
-3.4269869;42.9720879
-3.4244702;42.9722862
-3.4231617;42.9717827
-3.4261336;42.9724274
-3.4274607;42.9724464
-3.4274604;42.9720001
-3.4267216;42.9724693
-3.4273822;42.9725304
-3.4254165;42.9726143
-3.4255531;42.9726334
-3.4021406;42.9726448
-3.4018812;42.9725494
-3.3315158;42.9726562
-3.4022059;42.9726677
-3.4022138;42.9726868
-3.4021621;42.9727020
-3.4023273;42.9727097
-3.4022236;42.9727135
-3.4265513;42.9727135
-3.4023645;42.9727249
-3.4031160;42.9726334
-3.3722181;42.9727478
-3.4021449;42.9727669
-3.4263701;42.9727745
-3.4264939;42.9727898
-3.4259374;42.9727936
-3.4251871;42.9729118
-3.3711522;42.9729118
-3.4267943;42.9729614
-3.4040520;42.9729652
-3.4042487;42.9729767
-3.4019380;42.9730759
-3.4018617;42.9731255
-3.4009905;42.9730835
-3.4262550;42.9731560
-3.4067969;42.9731712
-3.4806705;42.9732819
-3.4276273;42.9733505
-3.3694036;42.9736023
-3.4258795;42.9737434
-3.4260800;42.9738998
-3.3317819;42.9742661
-3.3319557;42.9746284
-3.3684564;42.9752808
-3.3335555;42.9756927
-3.3341582;42.9760246
-3.4157331;42.9763718
-3.4820530;42.9765968
-3.3359282;42.9767303
-3.4129295;42.9769897
-3.3623478;42.9771233
-3.3618102;42.9772415
-3.4824092;42.9774437
-3.4794903;42.9770432
-3.3362155;42.9776306
-3.4751236;42.9779320
-3.3546367;42.9777451
-3.3519032;42.9781342
-3.3688970;42.9781647
-3.3513594;42.9785347
-3.4788718;42.9786835
-3.4782286;42.9789658
-3.4776821;42.9783936
-3.3500378;42.9789734
-3.3496230;42.9789963
-3.3483438;42.9778099
-3.3503585;42.9790764
-3.3502281;42.9791451
-3.3679399;42.9791908
-3.3496516;42.9792480
-3.3494289;42.9791298
-3.3499637;42.9792786
-3.4820621;42.9792824
-3.4804459;42.9792519
-3.3498626;42.9793243
-3.3496072;42.9794388
-3.3497648;42.9794426
-3.4795775;42.9794426
-3.4823070;42.9794579
-3.3504555;42.9794998
-3.3503804;42.9795074
-3.3682361;42.9795151
-3.3493764;42.9795341
-3.4836648;42.9795418
-3.3490233;42.9793167
-3.3486264;42.9795532
-3.4885244;43.0050812
-3.3479514;42.9792137
-3.3492160;42.9795761
-3.3503485;42.9795761
-3.4790118;42.9796181
-3.4837933;42.9796906
-3.3486960;42.9797058
-3.4792240;42.9797211
-3.3687184;42.9797249
-3.3504303;42.9797516
-3.4782894;42.9798050
-3.3693163;42.9798164
-3.3692138;42.9794617
-3.3682508;42.9798431
-3.3480308;42.9798622
-3.3691871;42.9798660
-3.3473661;42.9798088
-3.3474677;42.9799042
-3.3713212;42.9799347
-3.3478436;42.9799690
-3.3473144;42.9795341
-3.3484919;42.9800377
-3.4214258;42.9800529
-3.3482935;42.9803047
-3.3489397;42.9803047
-3.4834976;42.9803085
-3.3697367;42.9803429
-3.3698556;42.9800110
-3.5199168;43.0050087
-3.5203376;43.0051155
-3.4812973;42.9803543
-3.3476086;42.9803581
-3.3718076;42.9799423
-3.4834006;42.9803963
-3.4835818;42.9804955
-3.4204710;42.9805412
-3.3696997;42.9806061
-3.3696337;42.9805565
-3.3692913;42.9806442
-3.3681283;42.9803772
-3.4766729;42.9807014
-3.4821351;42.9807625
-3.3696761;42.9807816
-3.3690414;42.9807930
-3.4820502;42.9807968
-3.4768589;42.9808311
-3.3475282;42.9808388
-3.4199429;42.9808807
-3.4189472;42.9807472
-3.4188221;42.9809113
-3.4183745;42.9805069
-3.4281471;42.9809341
-3.4774048;42.9808311
-3.4196346;42.9807281
-3.4188421;42.9809608
-3.4837468;42.9810219
-3.4803891;42.9810219
-3.4188204;42.9810944
-3.4285164;42.9810944
-3.4183519;42.9811096
-3.4806640;42.9812737
-3.4193320;42.9813194
-3.4856417;42.9813728
-3.4183040;42.9813995
-3.4808085;42.9814072
-3.4185865;42.9814796
-3.4188700;42.9816017
-3.4179413;42.9816208
-3.4180982;42.9816895
-3.4190254;42.9816933
-3.4190283;42.9817429
-3.4183164;42.9817924
-3.4189167;42.9817963
-3.4175854;42.9818420
-3.4869905;42.9818878
-3.4187834;42.9819145
-3.4181476;42.9819260
-3.4173198;42.9819260
-3.4177473;42.9819374
-3.4827793;42.9819565
-3.4189215;42.9820137
-3.3463700;42.9820671
-3.4804640;43.0032539
-3.4815025;43.0041771
-3.4177637;42.9821320
-3.4184194;42.9821548
-3.4174671;42.9823227
-3.4836192;42.9823608
-3.4179308;42.9823837
-3.4170480;42.9824638
-3.4173152;42.9824867
-3.4176805;42.9825172
-3.4180124;42.9825249
-3.4169104;42.9825363
-3.3456600;42.9825401
-3.4834337;42.9825783
-3.4184229;42.9826050
-3.4170446;42.9826622
-3.4816508;42.9827576
-3.4811690;42.9827194
-3.4172072;42.9828224
-3.4164512;42.9830170
-3.4160120;42.9831123
-3.4167788;42.9831390
-3.4193490;42.9839401
-3.4201639;42.9846840
-3.4834993;42.9841118
-3.4207447;42.9853668
-3.4803021;43.0032806
-3.4802504;43.0041885
-3.4818420;43.0042114
-3.3429415;42.9853821
-3.4131145;42.9858551
-3.4129410;42.9859886
-3.4865170;42.9871521
-3.4293365;42.9879456
-3.4096494;42.9880714
-3.4300520;42.9884758
-3.3295350;42.9890137
-3.3288164;42.9889603
-3.3307612;42.9888000
-3.3311644;42.9890556
-3.3339581;42.9890747
-3.3294809;42.9890900
-3.3293281;42.9890709
-3.3307376;42.9891510
-3.3319762;42.9891548
-3.3298185;42.9891663
-3.3305731;42.9891930
-3.3304744;42.9890213
-3.3294179;42.9892311
-3.3321347;42.9892731
-3.4865091;42.9892769
-3.3302035;42.9893074
-3.4038658;42.9893112
-3.3300633;42.9894104
-3.4031713;42.9894676
-3.3321340;42.9894867
-3.4029770;42.9895096
-3.3299308;42.9895287
-3.3310602;42.9895325
-3.3312716;42.9895363
-3.4027252;42.9895668
-3.3317707;42.9896011
-3.3298342;42.9896202
-3.4024663;42.9896202
-3.4018245;42.9896240
-3.3339245;42.9896965
-3.3305595;42.9897041
-3.4015870;42.9897232
-3.4019465;42.9897690
-3.4023514;42.9897919
-3.3307464;42.9898491
-3.4015276;42.9898643
-3.3329203;42.9898682
-3.4010606;42.9898758
-3.4003873;42.9898148
-3.3316395;42.9899139
-3.3316927;42.9899254
-3.4018538;42.9899559
-3.3314490;42.9899635
-3.3305264;42.9899712
-3.4020991;42.9899712
-3.4024010;42.9900322
-3.3311276;42.9900322
-3.4920459;43.0052528
-3.3312180;42.9900589
-3.3312256;42.9901199
-3.3311136;42.9901657
-3.3314073;42.9902000
-3.4027064;42.9902229
-3.3296130;42.9902763
-3.3284824;42.9903603
-3.4387035;42.9904671
-3.4012334;42.9904976
-3.4026537;42.9905014
-3.4022565;42.9905090
-3.4023829;42.9905815
-3.3309948;42.9906235
-3.4428484;42.9907150
-3.4427562;42.9901085
-3.4428546;42.9908333
-3.4026093;42.9909325
-3.4428713;42.9910927
-3.4431915;42.9911118
-3.4433060;42.9908295
-3.4434257;42.9909859
-3.4431551;42.9908447
-3.4429355;42.9911652
-3.4859841;42.9912796
-3.4424942;42.9912872
-3.4430745;42.9913521
-3.4430373;42.9913597
-3.4805121;43.0042152
-3.4415815;42.9915047
-3.4427257;42.9915047
-3.4430890;42.9915276
-3.4434030;42.9915428
-3.4429479;42.9915504
-3.4435685;42.9915581
-3.4433255;42.9917679
-3.4436395;42.9919930
-3.4436262;42.9920769
-3.4452076;42.9920845
-3.3304420;42.9921112
-3.4342759;42.9921532
-3.4440775;42.9921646
-3.3253541;42.9922104
-3.4433763;42.9924240
-3.4425886;42.9917336
-3.4459906;42.9924469
-3.4439731;42.9925423
-3.4474485;42.9938927
-3.3989036;42.9944725
-3.3222246;42.9948387
-3.3985178;42.9961052
-3.3200653;42.9974251
-3.4403968;42.9977188
-3.3179274;42.9986229
-3.3175662;42.9987946
-3.3173361;42.9984627
-3.3170705;42.9986267
-3.3165965;42.9992256
-3.3166723;42.9992638
-3.3165202;42.9985199
-3.3158228;42.9993820
-3.3146956;42.9993820
-3.4513919;42.9994621
-3.3157504;42.9994659
-3.3163135;42.9994774
-3.3166025;42.9995766
-3.3145297;42.9996948
-3.3154376;42.9998474
-3.4517784;42.9999046
-3.3143089;42.9999275
-3.3141410;42.9999504
-3.4522400;43.0000343
-3.3151245;43.0000763
-3.3165445;43.0001411
-3.4525161;43.0001984
-3.4831073;43.0028610
-3.4829040;43.0043182
-3.4519212;43.0003357
-3.3157103;43.0003662
-3.4443784;43.0003929
-3.3144376;43.0004082
-3.3152044;43.0004845
-3.3146901;43.0004883
-3.3163111;43.0004997
-3.4530530;43.0005684
-3.3156319;43.0005684
-3.3160977;43.0005798
-3.3157809;43.0005798
-3.3167739;43.0008125
-3.3150747;43.0008354
-3.3144681;43.0008698
-3.4532561;43.0008774
-3.3142605;43.0010872
-3.4519486;43.0012970
-3.3163252;43.0013542
-3.4519465;43.0013847
-3.3137703;43.0014229
-3.3163121;43.0014458
-3.4521942;43.0014687
-3.4516993;43.0015450
-3.3135269;43.0016289
-3.4520426;43.0016327
-3.4826512;43.0042915
-3.4872236;43.0052605
-3.3144844;43.0018997
-3.3173895;43.0003052
-3.4524608;43.0022278
-3.3161054;43.0023804
-3.3335571;43.0027046
-3.3341231;43.0035667
-3.4489665;43.0036850
-3.3111384;43.0058212
-3.3334002;43.0076599
-3.4483848;43.0080795
-3.3329897;43.0091400
-3.3327420;43.0099945
-3.3089504;43.0104752
-3.3325310;43.0107231
-3.3326044;43.0133247
-3.3077238;43.0139771
-3.3325477;43.0149765
-3.4144175;43.0172920
-3.4141810;43.0172806
-3.4152353;43.0173378
-3.4158092;43.0168953
-3.4155312;43.0173569
-3.4187834;43.0174179
-3.4188287;43.0171852
-3.4184592;43.0173950
-3.4177940;43.0174446
-3.4175885;43.0174599
-3.4189293;43.0174637
-3.4196625;43.0172043
-3.4170163;43.0174828
-3.4179327;43.0177002
-3.4171495;43.0177155
-3.4188349;43.0177498
-3.4178500;43.0177841
-3.4883964;43.0052681
-3.4931235;43.0042992
-3.4938018;43.0043793
-3.4872587;43.0043907
-3.4849615;43.0032272
-3.4928160;43.0044060
-3.5199077;43.0046005
-3.5208910;43.0051117
-3.4186659;42.8435211
-3.4191535;42.8441086
-3.4186058;42.8434372
-3.4200852;42.8431778
-3.4200063;42.8431816
-3.4048986;42.8533707
-3.4058132;42.8528366
-3.4091187;42.8502808
-3.4139411;42.8474922
-3.4163671;42.8469276
-3.4387646;42.8636894
-3.4388678;42.8637848
-3.4431405;42.8688698
-3.4432645;42.8690147
-3.4475036;42.8741150
-3.4476147;42.8742485
-3.3045692;42.8472443
-3.3045082;42.8472023
-3.3054557;42.8481598
-3.3054285;42.8481331
-3.3091512;42.8488083
-3.3089800;42.8488960
-3.3304081;42.8756905
-3.3303752;42.8757401
-3.3254626;42.8821030
-3.3254459;42.8821449
-3.3180931;42.8939018
-3.3180654;42.8939247
-3.3482811;42.8917351
-3.3482060;42.8917046
-3.3546455;42.8939781
-3.3546305;42.8939171
-3.4555721;42.8463783
-3.4554882;42.8463249
-3.4595857;42.8488007
-3.4594994;42.8487625
-3.4695759;42.8544731
-3.4695075;42.8544273
-3.4817536;42.8590508
-3.4817669;42.8589554
-3.4842691;42.8627472
-3.4842231;42.8626862
-3.4869559;42.8652992
-3.4868767;42.8652229
-3.4917688;42.8670158
-3.4916415;42.8669434
-3.4952998;42.8689842
-3.4952984;42.8689232
-3.4961710;42.8961334
-3.4964914;42.8957253
-3.5064604;42.8816605
-3.5064197;42.8817520
-3.5077779;42.8820076
-3.5077226;42.8819771
-3.4208601;42.8297119
-3.4202635;42.8293877
-3.2896950;42.8333244
-3.2895687;42.8333549
-3.3029954;42.8581085
-3.3028064;42.8582001
-3.4077110;42.8112183
-3.4058833;42.8101120
-3.4088087;42.8118477
-3.4200840;42.8252563
-3.4234555;42.8272362
-3.4196048;42.8292618
-3.4194155;42.8292847
-3.4262164;42.8294449
-3.4259579;42.8289261
-3.4260232;42.8295288
-3.4237261;42.8297844
-3.4263859;42.8298035
-3.4254355;42.8298912
-3.4037921;42.8228111
-3.4090223;42.8299675
-3.4249966;42.8299713
-3.4245424;42.8299789
-3.4245691;42.8296547
-3.4263961;42.8299942
-3.4245381;42.8300247
-3.4239964;42.8300514
-3.4265938;42.8300705
-3.4255466;42.8301659
-3.4257665;42.8301430
-3.4923379;43.0053101
-3.4922962;43.0051994
-3.4115996;42.8301620
-3.4095840;42.8301659
-3.4093533;42.8301888
-3.4255586;42.8302002
-3.4092004;42.8302116
-3.4253478;42.8302422
-3.4235377;42.8302498
-3.4091167;42.8302574
-3.4235041;42.8302650
-3.4263885;42.8302765
-3.4233189;42.8302803
-3.4094021;42.8302803
-3.4260054;42.8301430
-3.4259934;42.8303299
-3.4092963;42.8303452
-3.4260302;42.8303490
-3.4258816;42.8303528
-3.4258389;42.8301964
-3.4091849;42.8303757
-3.4090111;42.8303986
-3.4252002;42.8304214
-3.4259322;42.8304367
-3.4254637;42.8304176
-3.4238207;42.8305016
-3.4094331;42.8305321
-3.4246376;42.8305855
-3.4264576;42.8307152
-3.4263124;42.8307610
-3.4265807;42.8310089
-3.4248674;42.8310280
-3.4244266;42.8312340
-3.4243541;42.8312569
-3.4249778;42.8312912
-3.4245169;42.8314552
-3.4246714;42.8316422
-3.2924271;42.8322716
-3.4118385;42.8336983
-3.2890036;42.8344002
-3.2889726;42.8344345
-3.4034991;42.8344498
-3.2888074;42.8345299
-3.4033680;42.8345566
-3.2884970;42.8346825
-3.2888787;42.8346901
-3.2885022;42.8347206
-3.2892220;42.8347626
-3.2889652;42.8349495
-3.2891328;42.8350220
-3.4019649;42.8355980
-3.4133863;42.8356628
-3.3999610;42.8370781
-3.4153066;42.8394890
-3.4144642;42.8393974
-3.4154482;42.8397751
-3.4155343;42.8399162
-3.4135134;42.8404427
-3.4167120;42.8411713
-3.4163959;42.8412018
-3.4170144;42.8413887
-3.4190106;42.8414001
-3.4190340;42.8414993
-3.4171822;42.8414993
-3.4192650;42.8416748
-3.4191380;42.8416290
-3.4174871;42.8416862
-3.4177794;42.8416824
-3.4167793;42.8417091
-3.4189217;42.8417244
-3.4180593;42.8416672
-3.4179342;42.8417511
-3.4183729;42.8417702
-3.4180136;42.8417778
-3.4185486;42.8417854
-3.4175766;42.8417931
-3.4181399;42.8418541
-3.4187760;42.8418808
-3.4188952;42.8419380
-3.4171765;42.8419571
-3.4183452;42.8419724
-3.4183908;42.8419991
-3.4169972;42.8420067
-3.4176664;42.8420067
-3.4177361;42.8420181
-3.4164419;42.8420219
-3.4176836;42.8420563
-3.4167178;42.8420753
-3.4165606;42.8421288
-3.4185920;42.8421364
-3.4192729;42.8421593
-3.4186349;42.8422050
-3.4175029;42.8422203
-3.4180503;42.8422203
-3.4171493;42.8422394
-3.4177539;42.8422508
-3.4186606;42.8422585
-3.4191422;42.8423424
-3.3954139;42.8423920
-3.4174752;42.8424225
-3.4173443;42.8424644
-3.4183750;42.8425064
-3.4178805;42.8425293
-3.4184053;42.8425407
-3.4169505;42.8425941
-3.4191036;42.8426323
-3.4180117;42.8427124
-3.4180346;42.8427391
-3.4188578;42.8430061
-3.4173474;42.8430481
-3.4210777;42.8431091
-3.4206452;42.8431396
-3.4205883;42.8427773
-3.4199405;42.8427544
-3.4190426;42.8432465
-3.4184675;42.8432579
-3.4169135;42.8432961
-3.4166756;42.8431702
-3.4185076;42.8433113
-3.4176998;42.8434715
-3.4155295;42.8435211
-3.4155464;42.8435516
-3.4174132;42.8436394
-3.4176221;42.8437309
-3.4161751;42.8438416
-3.4158769;42.8439331
-3.4158094;42.8439445
-3.4159591;42.8442421
-3.4212568;42.8442574
-3.4212825;42.8443871
-3.4194055;42.8444252
-3.4187548;42.8444366
-3.4186423;42.8445282
-3.4215755;42.8445473
-3.4218054;42.8445549
-3.4220781;42.8445587
-3.4212332;42.8445816
-3.4182765;42.8445854
-3.4211273;42.8446274
-3.4184256;42.8447075
-3.4184086;42.8447189
-3.4231088;42.8447723
-3.4135332;42.8447838
-3.4141383;42.8439484
-3.4134901;42.8448029
-3.4178436;42.8448143
-3.4198265;42.8449249
-3.4181347;42.8449402
-3.4218409;42.8449440
-3.4190707;42.8449516
-3.4186606;42.8449554
-3.4216075;42.8450432
-3.4204144;42.8450775
-3.4178941;42.8451347
-3.4203062;42.8451538
-3.4540327;42.8451920
-3.4536142;42.8448715
-3.4183466;42.8452110
-3.4201102;42.8452415
-3.4545972;42.8452682
-3.4538887;42.8449974
-3.3937747;42.8453445
-3.4539039;42.8453331
-3.4549170;42.8453445
-3.4542305;42.8453522
-3.4541385;42.8451462
-3.4557831;42.8453674
-3.4542725;42.8453903
-3.4557943;42.8454208
-3.4220345;42.8454285
-3.4224825;42.8451691
-3.4205365;42.8454399
-3.4544408;42.8455086
-3.4540894;42.8455162
-3.4549987;42.8456268
-3.4545801;42.8456459
-3.3143740;42.8446884
-3.3127573;42.8456688
-3.3932021;42.8456993
-3.3126817;42.8457794
-3.4543643;42.8457947
-3.3926723;42.8458290
-3.3924837;42.8456841
-3.4225459;42.8458710
-3.3925877;42.8459015
-3.4540598;42.8459244
-3.3927751;42.8459244
-3.3927684;42.8459892
-3.3111305;42.8457718
-3.3110182;42.8460960
-3.3114595;42.8459854
-3.4299238;42.8460922
-3.4529486;42.8458595
-3.4533381;42.8461609
-3.3928366;42.8461609
-3.3924193;42.8461647
-3.4535613;42.8461723
-3.4534161;42.8462639
-3.4230084;42.8462791
-3.3090398;42.8462257
-3.3089776;42.8462906
-3.4534421;42.8462944
-3.3927600;42.8463058
-3.3922298;42.8463211
-3.3918602;42.8462029
-3.3928478;42.8463440
-3.4537973;42.8463631
-3.4525938;42.8463326
-3.4525199;42.8463669
-3.4529457;42.8463707
-3.3122170;42.8463898
-3.4526684;42.8463898
-3.4556031;42.8464012
-3.4534059;42.8464012
-3.3085413;42.8464165
-3.3084943;42.8463516
-3.4529097;42.8464470
-3.3921289;42.8464699
-3.4213464;42.8464851
-3.4524779;42.8465004
-3.3087645;42.8465195
-3.4529848;42.8465271
-3.3930557;42.8465462
-3.3925297;42.8465652
-3.3087940;42.8466034
-3.4513357;42.8466377
-3.4513981;42.8461761
-3.4508641;42.8466377
-3.3916099;42.8466415
-3.4496436;42.8466492
-3.3101623;42.8466606
-3.4527299;42.8466873
-3.3101234;42.8466911
-3.4518452;42.8467026
-3.4520009;42.8465042
-3.4171906;42.8467064
-3.3095081;42.8467102
-3.3923931;42.8468056
-3.4522974;42.8468246
-3.3118896;42.8468285
-3.4525046;42.8468285
-3.3085043;42.8468666
-3.3095784;42.8468819
-3.3094642;42.8469162
-3.3093019;42.8467445
-3.2981482;42.8454666
-3.2922690;42.8470383
-3.4217560;42.8470383
-3.3091018;42.8470917
-3.3091915;42.8468132
-3.4216566;42.8471031
-3.3091083;42.8466721
-3.3088706;42.8471069
-3.4337399;42.8471336
-3.3088565;42.8471451
-3.3084855;42.8471603
-3.3083229;42.8471947
-3.3082790;42.8471260
-3.3088834;42.8472290
-3.4520218;42.8472443
-3.3081021;42.8472557
-3.3105233;42.8472595
-3.3104484;42.8472710
-3.3103638;42.8472786
-3.3103368;42.8470726
-3.3102541;42.8472786
-3.3079388;42.8472939
-3.3077681;42.8471146
-3.3097477;42.8473015
-3.3095100;42.8470421
-3.3077910;42.8473015
-3.3087761;42.8473206
-3.3092124;42.8473206
-3.3076131;42.8473625
-3.4220288;42.8473892
-3.3106678;42.8473969
-3.3083596;42.8474236
-3.4219384;42.8474388
-3.3235364;42.8474541
-3.4461989;42.8474579
-3.3073890;42.8474655
-3.3082428;42.8474731
-3.3086331;42.8474884
-3.3106627;42.8475456
-3.3080144;42.8475533
-3.3103902;42.8475609
-3.3098259;42.8475685
-3.3113434;42.8475723
-3.3242757;42.8475800
-3.3082392;42.8476028
-3.3116493;42.8476524
-3.3075926;42.8476906
-3.3119507;42.8477211
-3.3083277;42.8477859
-3.3083634;42.8478012
-3.3082321;42.8478775
-3.3109622;42.8478851
-3.3081326;42.8479309
-3.4391067;42.8473854
-3.4382505;42.8479462
-3.3081996;42.8479767
-3.3107615;42.8479996
-3.3106415;42.8478737
-3.3099284;42.8480453
-3.3053691;42.8480721
-3.3053844;42.8480873
-3.3113458;42.8481407
-3.3098619;42.8481445
-3.3100717;42.8483505
-3.3099968;42.8483887
-3.4355261;42.8484573
-3.4363670;42.8483162
-3.3081017;42.8487434
-3.3074107;42.8488464
-3.3079889;42.8490829
-3.4247420;42.8494263
-3.3078439;42.8494606
-3.4248583;42.8495102
-3.3074474;42.8496399
-3.4244630;42.8497581
-3.4253786;42.8498917
-3.4249589;42.8501587
-3.4258916;42.8502617
-3.4254925;42.8505096
-3.4263415;42.8506050
-3.4264214;42.8506737
-3.4259644;42.8508530
-3.4259021;42.8512993
-3.4034963;42.8544426
-3.3042278;42.8544998
-3.4033890;42.8545189
-3.4030764;42.8546791
-3.4034755;42.8547363
-3.4931855;43.0051842
-3.4321325;42.8551903
-3.4040551;42.8553886
-3.4708374;42.8554344
-3.4326797;42.8555412
-3.4327219;42.8555679
-3.4326377;42.8556366
-3.4324987;42.8556671
-3.4329398;42.8556976
-3.4707613;42.8558235
-3.4044876;42.8558311
-3.4333093;42.8559380
-3.4052966;42.8559418
-3.4055078;42.8558693
-3.4051421;42.8558006
-3.4060147;42.8559952
-3.4055865;42.8560333
-3.4061348;42.8560448
-3.4051099;42.8560791
-3.4048052;42.8559036
-3.4050565;42.8561211
-3.4055958;42.8561401
-3.4051709;42.8561554
-3.4053710;42.8561745
-3.4059002;42.8561859
-3.4055853;42.8562164
-3.4064238;42.8562279
-3.4060194;42.8562469
-3.4065886;42.8562775
-3.4051158;42.8563232
-3.4058099;42.8563271
-3.4055696;42.8563347
-3.4061019;42.8563385
-3.4059870;42.8563461
-3.4058783;42.8564034
-3.4073718;42.8564262
-3.4070132;42.8563995
-3.4074397;42.8564529
-3.4064698;42.8564644
-3.4075935;42.8565216
-3.4052262;42.8565407
-3.4060774;42.8565521
-3.4064229;42.8565712
-3.4069879;42.8566170
-3.4046774;42.8566322
-3.4047525;42.8562508
-3.4056494;42.8566322
-3.4070623;42.8566704
-3.4341140;42.8566704
-3.4066982;42.8567200
-3.3982339;42.8567314
-3.4056103;42.8567848
-3.3043983;42.8568153
-3.4040773;42.8568687
-3.4068518;42.8571014
-3.4069302;42.8572197
-3.4068844;42.8575249
-3.4069011;42.8575554
-3.4789765;42.8574371
-3.3026285;42.8583069
-3.4817441;42.8586159
-3.4817047;42.8595505
-3.4816992;42.8596344
-3.4253266;42.8597336
-3.4227672;42.8602829
-3.3015804;42.8604622
-3.3007731;42.8606262
-3.4203858;42.8607292
-3.4202278;42.8604050
-3.4818978;42.8609200
-3.4216609;42.8610191
-3.4211152;42.8610764
-3.4207015;42.8610764
-3.4214485;42.8610954
-3.4210675;42.8611069
-3.4207087;42.8611755
-3.4217896;42.8611908
-3.4221935;42.8609428
-3.4212246;42.8611946
-3.4202478;42.8611984
-3.4217341;42.8612823
-3.4206355;42.8613510
-3.4207096;42.8614197
-3.4215209;42.8614845
-3.4205515;42.8614845
-3.4204481;42.8615036
-3.4202790;42.8614464
-3.4211156;42.8615227
-3.4210494;42.8614388
-3.4210818;42.8615494
-3.4220064;42.8614578
-3.4218504;42.8615723
-3.4209063;42.8615723
-3.4215956;42.8616409
-3.4207938;42.8616486
-3.4366393;42.8616714
-3.4208810;42.8617058
-3.4217365;42.8618011
-3.4210947;42.8618393
-3.4218047;42.8618774
-3.4204230;42.8621864
-3.4206097;42.8622627
-3.4219780;42.8622704
-3.4203136;42.8622704
-3.3966312;42.8624840
-3.3965557;42.8622932
-3.3966718;42.8626060
-3.3963389;42.8626709
-3.3963368;42.8627243
-3.3968403;42.8627472
-3.4211068;42.8627777
-3.3970275;42.8628426
-3.3971515;42.8627167
-3.3980129;42.8628922
-3.4931777;43.0024414
-3.2983320;42.8629303
-3.2981482;42.8629189
-3.3974388;42.8632660
-3.4384995;42.8634300
-3.3975339;42.8637772
-3.3974464;42.8638840
-3.4952314;42.8665428
-3.4950278;42.8665161
-3.4955592;42.8666420
-3.4957325;42.8666725
-3.4958346;42.8664818
-3.4959769;42.8667641
-3.4961925;42.8668442
-3.4968357;42.8666534
-3.4957273;42.8668900
-3.4956577;42.8670120
-3.4958222;42.8671455
-3.4964213;42.8672523
-3.4953330;42.8672905
-3.4953396;42.8673668
-3.4961936;42.8673744
-3.4955394;42.8673782
-3.4966238;42.8673820
-3.4953909;42.8673859
-3.4962480;42.8674049
-3.4963553;42.8674698
-3.4957125;42.8675385
-3.4929216;42.8675766
-3.4958484;42.8675766
-3.4953456;42.8676338
-3.4950314;42.8676720
-3.4950078;42.8676872
-3.4960847;42.8677406
-3.3350966;42.8622589
-3.3352711;42.8686371
-3.2926414;42.8686256
-3.3389680;42.8688354
-3.3355238;42.8691101
-3.4953117;42.8691711
-3.4878328;43.0039330
-3.2918742;42.8693352
-3.2916372;42.8696785
-3.2915301;42.8697662
-3.2912159;42.8692436
-3.2914760;42.8700790
-3.2914431;42.8701820
-3.2913103;42.8701630
-3.2914529;42.8703499
-3.2916062;42.8704453
-3.2917416;42.8705101
-3.2919412;42.8704147
-3.2920403;42.8705482
-3.2918146;42.8706589
-3.2918353;42.8706932
-3.2914426;42.8707581
-3.2913063;42.8707542
-3.2919838;42.8707924
-3.2920420;42.8708000
-3.2920454;42.8701973
-3.2922461;42.8709068
-3.2914197;42.8709183
-3.2920380;42.8709450
-3.2911313;42.8712845
-3.3341384;42.8720169
-3.3390045;42.8738174
-3.3392599;42.8740578
-3.3313835;42.8743744
-3.4537232;42.8750687
-3.4526417;42.8739510
-3.5166028;42.8754120
-3.5160131;42.8755188
-3.5162282;42.8751907
-3.5158777;42.8756485
-3.5157940;42.8756523
-3.5151727;42.8757629
-3.5141904;42.8756142
-3.5161178;42.8757935
-3.3303263;42.8758087
-3.5163100;42.8756866
-3.5160344;42.8758392
-3.5163467;42.8759651
-3.5161922;42.8760605
-3.5153635;42.8761139
-3.4576449;42.8762054
-3.4572387;42.8757782
-3.4571433;42.8762093
-3.5129740;42.8763237
-3.5129025;42.8763847
-3.4578700;42.8764839
-3.4551952;42.8765907
-3.4583232;42.8764229
-3.4580283;42.8766098
-3.4552388;42.8766365
-3.4580762;42.8767052
-3.4579439;42.8767624
-3.4579563;42.8768539
-3.4579887;42.8769684
-3.4582012;42.8770180
-3.4580469;42.8770409
-3.4584451;42.8770561
-3.4576089;42.8771286
-3.4572861;42.8771553
-3.4581316;42.8774834
-3.4565897;42.8771744
-3.4561157;42.8774986
-3.4564950;42.8780251
-3.5192671;43.0026321
-3.4926419;43.0046082
-3.5090768;42.8795586
-3.3236461;42.8810349
-3.3236647;42.8811531
-3.3244171;42.8811913
-3.3233249;42.8812523
-3.3246369;42.8812752
-3.3244674;42.8812828
-3.3244796;42.8814621
-3.3239353;42.8814621
-3.3237259;42.8814735
-3.5065675;42.8815041
-3.3241215;42.8815727
-3.3240104;42.8815727
-3.3455722;42.8816185
-3.3456061;42.8814278
-3.3240037;42.8816185
-3.3245091;42.8816376
-3.3237870;42.8816490
-3.3241074;42.8816948
-3.3242185;42.8817406
-3.3242002;42.8817635
-3.3238811;42.8817787
-3.3452396;42.8818817
-3.3243799;42.8818932
-3.3451142;42.8819427
-3.3449583;42.8818016
-3.3455045;42.8819695
-3.3241215;42.8820343
-3.3456402;42.8820724
-3.5199158;43.0046654
-3.4910808;43.0031967
-3.4919739;43.0046654
-3.4914711;43.0045700
-3.3452308;42.8821716
-3.3465059;42.8821602
-3.3458207;42.8822708
-3.3243644;42.8822861
-3.3453777;42.8823090
-3.3239725;42.8824196
-3.3457994;42.8824806
-3.3455567;42.8825836
-3.5165575;42.8829193
-3.5168223;42.8832054
-3.5027487;42.8832436
-3.5171371;42.8829155
-3.5170124;42.8832512
-3.5173500;42.8830872
-3.5163007;42.8832893
-3.5162086;42.8833084
-3.3247244;42.8834419
-3.3713436;42.8825684
-3.3711839;42.8835068
-3.3719444;42.8836555
-3.5188987;42.8836975
-3.5025775;42.8838272
-3.3708417;42.8838348
-3.5146489;42.8840408
-3.5136232;42.8843307
-3.3788059;42.8845482
-3.3217511;42.8853455
-3.3709412;42.8863373
-3.3709576;42.8863983
-3.3470404;42.8866081
-3.3469775;42.8866386
-3.5024612;42.8867760
-3.3472784;42.8873520
-3.4346378;42.8876076
-3.4345624;42.8875847
-3.4338899;42.8876190
-3.4338350;42.8875427
-3.4340324;42.8877106
-3.4339783;42.8877296
-3.4345839;42.8878021
-3.4345028;42.8878136
-3.4348447;42.8878517
-3.4333184;42.8878632
-3.4327745;42.8878326
-3.4334378;42.8878860
-3.4341588;42.8879128
-3.4337769;42.8879128
-3.4338071;42.8879128
-3.4352567;42.8879776
-3.4341760;42.8879890
-3.4347348;42.8879395
-3.4340107;42.8880386
-3.4337900;42.8880730
-3.4337356;42.8880882
-3.4342332;42.8882866
-3.4247885;42.8889885
-3.5013680;42.8897324
-3.4200652;42.8898735
-3.4994326;42.8911743
-3.3484530;42.8917542
-3.4146428;42.8919220
-3.4133127;42.8919258
-3.4132612;42.8918800
-3.4144166;42.8920135
-3.4138310;42.8919411
-3.4136488;42.8920174
-3.4986935;42.8920403
-3.4134462;42.8920822
-3.4132752;42.8921509
-3.4132133;42.8921776
-3.4141076;42.8922310
-3.4142020;42.8922997
-3.4986639;42.8923187
-3.4141448;42.8923759
-3.4141810;42.8924255
-3.3508608;42.8924675
-3.4985261;42.8925095
-3.4136293;42.8925095
-3.4988751;42.8925629
-3.4980690;42.8925667
-3.4989800;42.8926277
-3.4985003;42.8927155
-3.4995873;42.8926468
-3.4993892;42.8928070
-3.4988410;42.8929405
-3.4993227;42.8929558
-3.4984927;42.8929596
-3.4990985;42.8929596
-3.4993169;42.8931427
-3.4991522;42.8931465
-3.4989552;42.8931808
-3.4993746;42.8934021
-3.4996095;42.8933487
-3.4993510;42.8935318
-3.4979651;42.8938942
-3.5203269;43.0048447
-3.4763892;43.0039101
-3.4715014;43.0048943
-3.4906206;43.0048027
-3.4999492;42.8940811
-3.5005100;42.8939705
-3.5000587;42.8943253
-3.3524909;42.8957253
-3.4962597;42.8974648
-3.4971581;42.8982468
-3.4976559;42.8986778
-3.4358580;42.8484268
-3.4864728;43.0109482
-3.4864249;43.0108376
-3.4849224;43.0156403
-3.4848597;43.0156288
-3.4518144;43.0996017
-3.4516692;43.0998383
-3.4524775;43.1001434
-3.4522064;43.1003647
-3.4532120;43.0834770
-3.4535301;43.0832291
-3.5198562;43.0083809
-3.5198507;43.0084763
-3.5053153;43.0769539
-3.5053947;43.0769997
-3.4962022;43.0604286
-3.4965343;43.0602570
-3.4806607;43.0937233
-3.4807487;43.0937424
-3.4649544;43.0738068
-3.4651814;43.0739441
-3.4831326;43.0368423
-3.4833100;43.0369377
-3.4605122;43.0873985
-3.4604352;43.0875092
-3.4815676;43.0959587
-3.4814665;43.0960045
-3.4850161;43.0323906
-3.4849629;43.0322533
-3.4839125;43.0350189
-3.4840257;43.0349579
-3.4631922;43.0883789
-3.4635286;43.0885544
-3.4854271;42.9933434
-3.4852381;42.9940262
-3.4825726;43.0388985
-3.4823453;43.0386276
-3.4542208;43.0883713
-3.4542842;43.0881310
-3.4554801;43.1115494
-3.4554276;43.1116753
-3.5215359;42.9968605
-3.5213673;42.9969482
-3.4969056;43.0356102
-3.4968543;43.0356750
-3.4926569;43.0407677
-3.4924059;43.0410690
-3.4544778;43.0807877
-3.4542799;43.0808105
-3.4521883;43.0812187
-3.4517326;43.0813560
-3.4373031;43.0909767
-3.4371214;43.0910568
-3.5020194;43.0657692
-3.5022259;43.0659065
-3.5061336;43.0664902
-3.5063057;43.0665131
-3.4846876;43.0031586
-3.4840412;43.0030251
-3.5074689;43.0785866
-3.5075591;43.0785408
-3.5025413;43.0812874
-3.5027547;43.0811653
-3.4949934;43.0845070
-3.4951272;43.0844727
-3.4912283;43.0856361
-3.4912925;43.0854950
-3.4883363;43.0860176
-3.4885392;43.0859833
-3.4965098;43.0076408
-3.4963760;43.0076523
-3.4554102;43.1115189
-3.4553123;43.1115913
-3.4910042;42.9905548
-3.4908607;42.9905777
-3.4889922;42.9908676
-3.4880950;42.9910088
-3.4859731;42.9913368
-3.4856989;42.9923401
-3.4856462;42.9925385
-3.4851742;42.9942627
-3.4843619;42.9959030
-3.5236523;42.9962769
-3.5233850;42.9963226
-3.5230467;42.9963646
-3.5217576;42.9967537
-3.5206897;42.9971733
-3.5181258;42.9976463
-3.5178344;42.9979095
-3.5177164;42.9982605
-3.5177491;42.9986191
-3.5179207;42.9994812
-3.4859054;43.0001335
-3.4849885;43.0001488
-3.4850883;42.9989014
-3.4859421;43.0001755
-3.4794805;43.0003777
-3.4793789;43.0003014
-3.4847529;43.0006561
-3.4795868;43.0009193
-3.4789827;43.0008354
-3.4806788;43.0009384
-3.4802010;43.0011597
-3.4853957;43.0011787
-3.5186355;43.0011902
-3.4801028;43.0012360
-3.4833267;43.0012894
-3.4806857;43.0012932
-3.4884541;43.0013542
-3.4880364;43.0013237
-3.4808290;43.0013618
-3.4821875;43.0013885
-3.4799385;43.0013885
-3.4826977;43.0014229
-3.4803567;43.0014343
-3.4806416;43.0014801
-3.4794378;43.0015717
-3.4804657;43.0017242
-3.4794292;43.0017319
-3.4808993;43.0017776
-3.4796062;43.0019188
-3.4793363;43.0019188
-3.4790032;43.0017662
-3.4799500;43.0019302
-3.4792819;43.0020103
-3.4786987;43.0020714
-3.4884593;43.0021515
-3.4867909;43.0017128
-3.4790950;43.0022354
-3.4787979;43.0021362
-3.4935496;43.0022316
-3.4788189;43.0024948
-3.4798152;43.0025444
-3.4784908;43.0026360
-3.4802537;43.0026855
-3.4801140;43.0029716
-3.4769032;43.0030632
-3.4809990;43.0031662
-3.4782894;43.0031815
-3.4765780;43.0031967
-3.4908566;43.0029602
-3.4800448;43.0033226
-3.4811811;43.0033798
-3.4788446;43.0035095
-3.4882684;43.0039597
-3.4803402;43.0053482
-3.4876966;43.0053482
-3.4788537;43.0053825
-3.4917572;43.0053825
-3.4909239;43.0050850
-3.5199182;43.0054474
-3.4892340;43.0054665
-3.4893007;43.0048027
-3.4875879;43.0055084
-3.4894924;43.0056076
-3.4895380;43.0056305
-3.4943254;43.0054855
-3.4943299;43.0056419
-3.4934933;43.0056877
-3.4896898;43.0057144
-3.5199192;43.0057220
-3.5191259;43.0054436
-3.5205376;43.0057716
-3.4898329;43.0057945
-3.4931023;43.0057526
-3.4928391;43.0058975
-3.4895813;43.0059013
-3.4928854;43.0059128
-3.4892719;43.0059242
-3.4826708;43.0059471
-3.5199156;43.0059624
-3.4931617;43.0060043
-3.4867351;43.0060463
-3.4694805;43.0060654
-3.4896526;43.0060997
-3.5193152;43.0061340
-3.4869785;43.0061455
-3.4905634;43.0061874
-3.4926517;43.0063667
-3.4910016;43.0063820
-3.5199082;43.0064964
-3.4895241;43.0064964
-3.4926221;43.0065765
-3.4919214;43.0065765
-3.4921379;43.0066147
-3.5199060;43.0066757
-3.5204070;43.0067024
-3.5206232;43.0064125
-3.5196428;43.0067253
-3.5184152;43.0067291
-3.5190842;43.0066223
-3.5163686;43.0067329
-3.4926031;43.0067520
-3.4918351;43.0067520
-3.5204320;43.0068245
-3.5186133;43.0068436
-3.4926193;43.0068436
-3.4825451;43.0068665
-3.5206435;43.0068817
-3.5212691;43.0059471
-3.5198944;43.0069733
-3.5201726;43.0069847
-3.5193295;43.0069885
-3.5194225;43.0067177
-3.4904106;43.0070076
-3.5195384;43.0070152
-3.5190473;43.0070724
-3.5191090;43.0067329
-3.5165043;43.0071030
-3.4909422;43.0071106
-3.5192859;43.0071373
-3.5198867;43.0071487
-3.5195863;43.0071640
-3.5204539;43.0071716
-3.4929874;43.0071793
-3.4824953;43.0072479
-3.5213466;43.0071831
-3.5207555;43.0072670
-3.5216796;43.0071259
-3.4930131;43.0072937
-3.5204253;43.0073357
-3.5191743;43.0073586
-3.5188065;43.0073738
-3.5186815;43.0073700
-3.4899232;43.0073776
-3.5178480;43.0074081
-3.5198746;43.0074272
-3.5196939;43.0074348
-3.4940393;43.0075264
-3.5198805;43.0075302
-3.5190408;43.0075569
-3.4945819;43.0075722
-3.4904141;43.0075722
-3.5168149;43.0075874
-3.5182817;43.0076447
-3.4926443;43.0076561
-3.4896908;43.0077133
-3.4881442;43.0075226
-3.5204926;43.0077248
-3.5211091;43.0076790
-3.5191054;43.0078087
-3.4989533;43.0078278
-3.5198770;43.0079117
-3.5200984;43.0079079
-3.4860072;43.0079231
-3.5187838;43.0079498
-3.4862366;43.0079689
-3.4865928;43.0078049
-3.4859462;43.0080414
-3.5175037;43.0080795
-3.5210364;43.0081100
-3.4894767;43.0081863
-3.5213130;43.0082359
-3.5214293;43.0082474
-3.5221336;43.0076904
-3.4898906;43.0082932
-3.4863501;43.0083275
-3.5198576;43.0083580
-3.5201342;43.0083694
-3.5216439;43.0084419
-3.4890110;43.0087624
-3.4889665;43.0088081
-3.5198092;43.0088463
-3.5197642;43.0089874
-3.5196078;43.0090103
-3.5196762;43.0091820
-3.4822161;43.0092583
-3.4808509;43.0086288
-3.4886808;43.0092888
-3.4878173;43.0093155
-3.5034301;43.0093155
-3.5203757;43.0093346
-3.4886990;43.0093651
-3.5082324;43.0096130
-3.5198803;43.0097351
-3.5190063;43.0099487
-3.4883955;43.0100822
-3.5183918;43.0102844
-3.4823647;43.0104179
-3.4893565;43.0104446
-3.4823897;43.0105362
-3.4850063;43.0105705
-3.6211007;43.0538673
-3.6245811;43.0547981
-3.4884489;43.0112343
-3.5175173;43.0112610
-3.4879599;43.0111961
-3.5174568;43.0113106
-3.5168998;43.0118141
-3.5162756;43.0123482
-3.4834478;43.0125504
-3.4829741;43.0126114
-3.4830716;43.0130806
-3.4829516;43.0130997
-3.4830842;43.0137215
-3.4824576;43.0141411
-3.4825487;43.0142975
-3.4820077;43.0143433
-3.5138969;43.0143890
-3.4812760;43.0144234
-3.4812214;43.0143051
-3.4813101;43.0144234
-3.4809415;43.0139809
-3.4809380;43.0144806
-3.4797761;43.0140076
-3.4772227;43.0144463
-3.4771085;43.0144958
-3.4832592;43.0145264
-3.4828169;43.0146561
-3.4833131;43.0147820
-3.4833438;43.0149269
-3.4828978;43.0149612
-3.4823484;43.0150261
-3.4807944;43.0154037
-3.6150272;43.0548096
-3.6184571;43.0537758
-3.4803011;43.0150986
-3.4850333;43.0156708
-3.4819701;43.0158920
-3.4819961;43.0158997
-3.4834335;43.0161705
-3.4834378;43.0164032
-3.4811602;43.0165291
-3.4811425;43.0166855
-3.4811354;43.0167351
-3.4871287;43.0172462
-3.4868424;43.0178413
-3.5103812;43.0189705
-3.5110130;43.0168915
-3.5104547;43.0202522
-3.5104501;43.0204544
-3.5101807;43.0210114
-3.5095429;43.0215149
-3.5092084;43.0217438
-3.5083249;43.0219688
-3.5084610;43.0218163
-3.5069225;43.0219765
-3.5069952;43.0218964
-3.5083508;43.0220108
-3.5071371;43.0220985
-3.5085561;43.0221710
-3.5081649;43.0222549
-3.5079999;43.0222397
-3.5072014;43.0222588
-3.5082874;43.0223427
-3.5081906;43.0224075
-3.5098150;43.0224342
-3.5078745;43.0226173
-3.5077381;43.0227089
-3.5079911;43.0227127
-3.5088317;43.0227623
-3.5075600;43.0228386
-3.5090010;43.0228539
-3.5091131;43.0227242
-3.5068722;43.0228958
-3.5081401;43.0229073
-3.5076334;43.0229950
-3.5092819;43.0230141
-3.5098746;43.0228310
-3.5086470;43.0230217
-3.5077243;43.0231934
-3.5071900;43.0231934
-3.5075257;43.0232353
-3.5066056;43.0231323
-3.5066032;43.0232544
-3.5067012;43.0232658
-3.5068007;43.0232811
-3.5068016;43.0232086
-3.5070720;43.0233192
-3.5054691;43.0233536
-3.5054140;43.0230217
-3.5096457;43.0233688
-3.5098388;43.0230865
-3.5047760;43.0234871
-3.5066285;43.0234909
-3.5079119;43.0234947
-3.5040269;43.0234985
-3.5036483;43.0234833
-3.5032933;43.0235443
-3.5068057;43.0236473
-3.5083914;43.0236549
-3.5078962;43.0237045
-3.4698284;43.0237007
-3.4698775;43.0237160
-3.5088632;43.0237808
-3.5042224;43.0238113
-3.5076084;43.0238228
-3.4678087;43.0238457
-3.5079069;43.0238686
-3.5068080;43.0239258
-3.5087411;43.0239677
-3.5077343;43.0240479
-3.4673324;43.0240669
-3.5080156;43.0241623
-3.4843304;43.0242500
-3.4666278;43.0244026
-3.4843633;43.0245552
-3.4828222;43.0236206
-3.4854779;43.0245781
-3.4854374;43.0252304
-3.4850593;43.0252419
-3.4852753;43.0250587
-3.5053737;43.0253868
-3.5115073;43.0254059
-3.4842944;43.0256691
-3.5118284;43.0258331
-3.4835844;43.0259476
-3.5039923;43.0270576
-3.4817288;43.0271606
-3.4810555;43.0272713
-3.4841149;43.0274086
-3.4850943;43.0273819
-3.4841719;43.0270691
-3.4839826;43.0274086
-3.4755476;43.0274620
-3.4828904;43.0274734
-3.4821937;43.0277214
-3.4816656;43.0278282
-3.4820769;43.0279427
-3.4850624;43.0279770
-3.4840076;43.0279808
-3.4830470;43.0280266
-3.4820249;43.0283432
-3.4828937;43.0282211
-3.4820027;43.0284119
-3.5153108;43.0291786
-3.4823093;43.0296097
-3.5154960;43.0296364
-3.5158215;43.0296249
-3.4835789;43.0296822
-3.4829476;43.0299492
-3.5155499;43.0300789
-3.4831891;43.0301628
-3.5162477;43.0301857
-3.4834890;43.0301895
-3.4833870;43.0307732
-3.4833558;43.0309525
-3.5145979;43.0308800
-3.5143385;43.0309563
-3.5156686;43.0310364
-3.5154924;43.0307503
-3.5152915;43.0310974
-3.5155647;43.0311394
-3.5157166;43.0312195
-3.5159161;43.0311966
-3.5143676;43.0312233
-3.5157385;43.0313110
-3.4845822;43.0315895
-3.4832139;43.0317421
-3.4850514;43.0318756
-3.5173044;43.0319328
-3.5174267;43.0320244
-3.4998579;43.0320435
-3.5163491;43.0321770
-3.4835267;43.0318832
-3.4850438;43.0325394
-3.4849517;43.0328827
-3.4852283;43.0338440
-3.4802141;43.0339127
-3.4866965;43.0341949
-3.4804270;43.0342598
-3.4847157;43.0332527
-3.4890244;43.0353661
-3.4889166;43.0352287
-3.4850891;43.0354729
-3.4844449;43.0353737
-3.4825561;43.0355339
-3.4827006;43.0355682
-3.4834001;43.0362320
-3.4823472;43.0363121
-3.4963279;43.0363121
-3.4962716;43.0363808
-3.4860678;43.0364113
-3.4857996;43.0366135
-3.4828637;43.0367699
-3.4826374;43.0368309
-3.4825978;43.0366859
-3.4821470;43.0368614
-3.4897096;43.0370750
-3.4835405;43.0372009
-3.4888718;43.0373039
-3.4844682;43.0373268
-3.4843493;43.0373306
-3.4848602;43.0373650
-3.5187423;43.0374107
-3.4837213;43.0374260
-3.4855039;43.0374794
-3.4856448;43.0375328
-3.4879196;43.0375786
-3.4848373;43.0376244
-3.4819660;43.0376434
-3.4835622;43.0377197
-3.4843736;43.0378151
-3.4948807;43.0380554
-3.4948540;43.0380898
-3.4957788;43.0382195
-3.4850020;43.0382309
-3.4840882;43.0381470
-3.4864278;43.0383987
-3.4849420;43.0384598
-3.4843128;43.0384140
-3.4822428;43.0385056
-3.4943037;43.0387535
-3.4967000;43.0387535
-3.4896605;43.0387611
-3.4833467;43.0388260
-3.4903018;43.0388680
-3.4981959;43.0389519
-3.4983070;43.0387459
-3.4847934;43.0390244
-3.4977710;43.0392036
-3.4877925;43.0392609
-3.4976571;43.0392723
-3.4846878;43.0393448
-3.4977612;43.0393677
-3.4842546;43.0393867
-3.4835026;43.0395470
-3.4830153;43.0392456
-3.4953620;43.0395660
-3.4883654;43.0396004
-3.4935737;43.0396385
-3.4962649;43.0396461
-3.4884326;43.0396576
-3.4972391;43.0396690
-3.4832842;43.0396843
-3.4835577;43.0397263
-3.4838204;43.0397339
-3.4938076;43.0397644
-3.4885538;43.0397644
-3.4933550;43.0399055
-3.4935942;43.0400085
-3.4932337;43.0400505
-3.4929399;43.0398636
-3.4889266;43.0400543
-3.4957006;43.0401001
-3.4955280;43.0398140
-3.4964745;43.0401230
-3.4836528;43.0401535
-3.4830303;43.0401573
-3.4959092;43.0403557
-3.4975021;43.0404396
-3.4952986;43.0404472
-3.4966712;43.0404549
-3.4968879;43.0405197
-3.4838195;43.0405464
-3.4950907;43.0405502
-3.4934013;43.0406494
-3.4927423;43.0406647
-3.4974093;43.0407867
-3.4948678;43.0408936
-3.4906950;43.0409241
-3.4994187;43.0409813
-3.4996955;43.0409241
-3.5193868;43.0410576
-3.4915800;43.0411453
-3.4923098;43.0411873
-3.4922426;43.0412674
-3.4925292;43.0413132
-3.4974601;43.0414238
-3.4975777;43.0414848
-3.5198474;43.0416222
-3.5209637;43.0421982
-3.4912322;43.0423813
-3.4906337;43.0420532
-3.4913180;43.0423813
-3.4912906;43.0424156
-3.5219605;43.0427971
-3.5222886;43.0424232
-3.5216210;43.0421410
-3.5216284;43.0429726
-3.5220625;43.0432358
-3.4894950;43.0433006
-3.4902446;43.0436821
-3.5223830;43.0435524
-3.5227721;43.0437889
-3.5225656;43.0439491
-3.4899118;43.0440788
-3.4894273;43.0437698
-3.5228212;43.0441551
-3.5225518;43.0442314
-3.4897051;43.0443268
-3.5218782;43.0448875
-3.5226443;43.0451088
-3.5229878;43.0448914
-3.5226166;43.0453720
-3.5225382;43.0454674
-3.5222936;43.0455132
-3.5226476;43.0456352
-3.5223734;43.0457230
-3.4860501;43.0475578
-3.4867032;43.0479240
-3.4859312;43.0480194
-3.4862869;43.0480270
-3.4864073;43.0482788
-3.4863760;43.0483322
-3.4858353;43.0483398
-3.4863596;43.0483513
-3.4862223;43.0484314
-3.4861038;43.0484505
-3.4859464;43.0485306
-3.4861922;43.0485191
-3.4864049;43.0485954
-3.4857249;43.0486870
-3.4854198;43.0494423
-3.5255001;43.0497589
-3.4816911;43.0539322
-3.4810987;43.0546455
-3.4919612;43.0559845
-3.4964509;43.0563660
-3.4964917;43.0556946
-3.4920993;43.0564041
-3.4922352;43.0564690
-3.4954784;43.0565529
-3.4955847;43.0556717
-3.4794486;43.0566216
-3.4965925;43.0567093
-3.4963777;43.0567818
-3.4962983;43.0570030
-3.4790919;43.0570488
-3.4789007;43.0569344
-3.4787245;43.0570984
-3.4785690;43.0572548
-3.4787040;43.0573463
-3.4785841;43.0574188
-3.4773884;43.0565414
-3.4971938;43.0575447
-3.4786732;43.0575485
-3.4967020;43.0579948
-3.4981811;43.0580177
-3.4981282;43.0579453
-3.4960263;43.0581436
-3.4954948;43.0581932
-3.4993832;43.0583115
-3.4999466;43.0577278
-3.4985650;43.0574684
-3.4974320;43.0583649
-3.4993842;43.0584221
-3.4974647;43.0584564
-3.4957838;43.0584908
-3.4975877;43.0585365
-3.4987965;43.0586700
-3.4993896;43.0586929
-3.4936850;43.0586967
-3.4931617;43.0587158
-3.4990876;43.0587387
-3.4988744;43.0587692
-3.5000906;43.0588036
-3.4985058;43.0588150
-3.4994066;43.0588570
-3.5001132;43.0589561
-3.4992971;43.0589561
-3.4996183;43.0590210
-3.4976387;43.0590553
-3.4990714;43.0593071
-3.5007880;43.0595627
-3.4937568;43.0596695
-3.4990840;43.0597763
-3.4975708;43.0598145
-3.4986238;43.0598564
-3.4933257;43.0598793
-3.4934430;43.0599442
-3.4969022;43.0599747
-3.4767556;43.0600128
-3.4993255;43.0600166
-3.4930506;43.0600510
-3.5004008;43.0600586
-3.4989872;43.0600891
-3.4929190;43.0601425
-3.4966898;43.0602226
-3.5000489;43.0602493
-3.4997742;43.0602493
-3.4765711;43.0602951
-3.4989293;43.0603104
-3.5004337;43.0603333
-3.4974437;43.0603485
-3.5006590;43.0603790
-3.4959126;43.0604439
-3.5010524;43.0604858
-3.4960270;43.0604973
-3.4988766;43.0605278
-3.4994369;43.0606956
-3.4950016;43.0608139
-3.4952240;43.0609245
-3.4948606;43.0610123
-3.5005414;43.0613480
-3.4966156;43.0617065
-3.4972672;43.0610619
-3.4968963;43.0618591
-3.4978919;43.0624123
-3.4754009;43.0624962
-3.4748876;43.0624428
-3.4753373;43.0626373
-3.4960790;43.0626526
-3.4763110;43.0626602
-3.4986718;43.0630188
-3.4751132;43.0631256
-3.4747841;43.0630417
-3.4962189;43.0633049
-3.4994483;43.0636826
-3.4989889;43.0634766
-3.4713464;43.0639458
-3.4712346;43.0638428
-3.4747188;43.0639915
-3.4746542;43.0641327
-3.4715846;43.0642281
-3.4736214;43.0642319
-3.4723153;43.0628586
-3.4723527;43.0643501
-3.4735000;43.0643959
-3.4731638;43.0643654
-3.4723916;43.0644073
-3.4725058;43.0644646
-3.4968908;43.0644684
-3.4968591;43.0644798
-3.4738803;43.0645027
-3.4744749;43.0645447
-3.4733627;43.0646286
-3.4744177;43.0646744
-3.4738176;43.0646858
-3.4734831;43.0647469
-3.4753709;43.0647774
-3.4717135;43.0648117
-3.4772742;43.0648575
-3.4768701;43.0641174
-3.4769640;43.0648308
-3.4743347;43.0648613
-3.4717340;43.0649567
-3.4710352;43.0649071
-3.4759369;43.0651360
-3.4723856;43.0651550
-3.4769289;43.0651855
-3.4780793;43.0649796
-3.4728754;43.0652199
-3.4733822;43.0652733
-3.5014076;43.0652885
-3.4718740;43.0653343
-3.4773824;43.0653458
-3.4728544;43.0653725
-3.4734511;43.0653801
-3.4737518;43.0653915
-3.4740818;43.0654488
-3.4740546;43.0655136
-3.4744644;43.0655975
-3.4744012;43.0656509
-3.4739645;43.0657463
-3.4745805;43.0657616
-3.4736943;43.0658112
-3.4735203;43.0658646
-3.4717100;43.0658607
-3.4739161;43.0658684
-3.4770255;43.0659752
-3.5024962;43.0660439
-3.4734366;43.0661469
-3.4731810;43.0661011
-3.4773872;43.0661659
-3.4776583;43.0661774
-3.4737718;43.0662460
-3.4767852;43.0662537
-3.4745286;43.0662613
-3.4763451;43.0663033
-3.4733274;43.0663490
-3.5049725;43.0663567
-3.4774723;43.0664635
-3.4774194;43.0665512
-3.4761181;43.0666275
-3.4735377;43.0667267
-3.4762518;43.0667496
-3.4748895;43.0667572
-3.4733870;43.0670662
-3.4756930;43.0670929
-3.4733028;43.0672646
-3.4741561;43.0674591
-3.4728239;43.0679741
-3.4723725;43.0678902
-3.4724758;43.0683441
-3.4743726;43.0683250
-3.4741752;43.0684357
-3.4723599;43.0684853
-3.4723444;43.0680237
-3.4727461;43.0687485
-3.4717276;43.0691566
-3.4714229;43.0694542
-3.4712176;43.0691833
-3.4703918;43.0703659
-3.4696805;43.0696526
-3.4703221;43.0704269
-3.4730556;43.0705605
-3.4709544;43.0706329
-3.4707489;43.0707359
-3.4698348;43.0708504
-3.4697137;43.0709534
-3.4687994;43.0708427
-3.4699810;43.0710258
-3.4705033;43.0710793
-3.4698882;43.0711060
-3.4698386;43.0711479
-3.4671075;43.0712051
-3.4665031;43.0710526
-3.4636137;43.0707054
-3.4637671;43.0712891
-3.4705737;43.0713158
-3.4630244;43.0713806
-3.4629862;43.0712662
-3.4701879;43.0713997
-3.4708757;43.0714607
-3.4691494;43.0714760
-3.4639699;43.0715141
-3.4704251;43.0715332
-3.4649653;43.0717430
-3.4646418;43.0713768
-3.4701684;43.0718002
-3.4638178;43.0718689
-3.4628899;43.0719032
-3.4643188;43.0719032
-3.4643707;43.0721397
-3.4645805;43.0718307
-3.4627674;43.0721779
-3.4983194;43.0719261
-3.4980013;43.0722847
-3.4987311;43.0723038
-3.4634337;43.0723114
-3.4626603;43.0723305
-3.4625204;43.0723305
-3.4632268;43.0723953
-3.4679458;43.0725250
-3.4977727;43.0725746
-3.4630625;43.0725861
-3.4987667;43.0725861
-3.5019684;43.0720901
-3.5017285;43.0726051
-3.4629240;43.0727425
-3.4628315;43.0727615
-3.4976559;43.0728111
-3.4621339;43.0728607
-3.4637780;43.0729179
-3.4604983;43.0735054
-3.4598341;43.0733070
-3.4598866;43.0735321
-3.4645376;43.0736046
-3.4958255;43.0736427
-3.4955473;43.0737419
-3.4660437;43.0740166
-3.4656606;43.0742989
-3.5035245;43.0745811
-3.5037975;43.0746613
-3.5039814;43.0745811
-3.5035095;43.0746689
-3.4650643;43.0747337
-3.5036974;43.0747490
-3.5035763;43.0748405
-3.4664803;43.0749474
-3.5043061;43.0749702
-3.4688444;43.0754280
-3.4674985;43.0760345
-3.4626174;43.0765190
-3.4679863;43.0766945
-3.4688077;43.0767555
-3.4631014;43.0769920
-3.5055273;43.0770683
-3.5060444;43.0770607
-3.5056875;43.0768280
-3.4610486;43.0776520
-3.5058725;43.0777512
-3.4605467;43.0780144
-3.5079391;43.0783386
-3.4592032;43.0789909
-3.4588385;43.0792694
-3.4586873;43.0793839
-3.4590759;43.0794525
-3.5057824;43.0795288
-3.4583395;43.0796242
-3.4584990;43.0796852
-3.4579270;43.0798798
-3.4583552;43.0797844
-3.4581776;43.0799065
-3.4550843;43.0807152
-3.5021527;43.0814972
-3.5020149;43.0815659
-3.5017033;43.0816803
-3.5014634;43.0817413
-3.5074270;43.0817108
-3.5066521;43.0818634
-3.5060945;43.0821075
-3.4518697;43.0821419
-3.4520743;43.0820274
-3.5058072;43.0821533
-3.5061960;43.0809631
-3.5065300;43.0821724
-3.4577782;43.0823708
-3.5053821;43.0823784
-3.4523060;43.0824280
-3.5046499;43.0824738
-3.5067573;43.0825500
-3.5069792;43.0825539
-3.4576817;43.0825920
-3.5066133;43.0828285
-3.5044363;43.0829277
-3.5053995;43.0829277
-3.5064454;43.0829468
-3.4538767;43.0829582
-3.5060346;43.0830498
-3.5051210;43.0831108
-3.5054839;43.0831299
-3.4536092;43.0831642
-3.5062177;43.0832787
-3.5054476;43.0833092
-3.5049732;43.0834084
-3.4541850;43.0834312
-3.4531221;43.0835304
-3.5073102;43.0835724
-3.5053918;43.0836143
-3.5050273;43.0836639
-3.4533498;43.0838203
-3.5028846;43.0838661
-3.4530981;43.0839233
-3.5057409;43.0839767
-3.4529920;43.0839882
-3.5057859;43.0839920
-3.4520726;43.0841904
-3.4514999;43.0841980
-3.5030007;43.0842285
-3.5031083;43.0842705
-3.4517171;43.0843811
-3.4954293;43.0843925
-3.4515553;43.0845375
-3.4506049;43.0845604
-3.4505005;43.0846024
-3.4502113;43.0843124
-3.4528294;43.0846024
-3.4510732;43.0847511
-3.4508007;43.0848045
-3.4507570;43.0848618
-3.4463468;43.0848885
-3.4518189;43.0848999
-3.4533627;43.0849075
-3.4493394;43.0849113
-3.4495335;43.0847168
-3.4497406;43.0849304
-3.4496164;43.0849953
-3.4499307;43.0850029
-3.4502683;43.0850334
-3.5064735;43.0850563
-3.4533849;43.0850716
-3.4516416;43.0851173
-3.4493890;43.0851364
-3.4500546;43.0851898
-3.4502389;43.0852127
-3.4495270;43.0852509
-3.4521418;43.0852509
-3.4519243;43.0852585
-3.4490972;43.0853233
-3.4506590;43.0853500
-3.4501655;43.0854034
-3.4527855;43.0854149
-3.4525001;43.0854149
-3.4527748;43.0852127
-3.4524302;43.0854225
-3.4495373;43.0854683
-3.4490662;43.0855904
-3.4499886;43.0856018
-3.4516091;43.0856094
-3.4556682;43.0856400
-3.4514058;43.0856819
-3.4524372;43.0856972
-3.4563229;43.0857353
-3.4516299;43.0857391
-3.4522307;43.0857582
-3.4556968;43.0857582
-3.4516108;43.0858192
-3.4529943;43.0855026
-3.4526420;43.0858612
-3.4891663;43.0858727
-3.4526191;43.0858879
-3.4519525;43.0859375
-3.4515605;43.0859489
-3.4542816;43.0859795
-3.4542730;43.0859451
-3.4559324;43.0860405
-3.4560339;43.0860443
-3.4517055;43.0861282
-3.4557011;43.0861893
-3.4873028;43.0862160
-3.4562581;43.0862312
-3.4512401;43.0862389
-3.4509435;43.0860214
-3.4474504;43.0863800
-3.4518692;43.0863876
-3.4516037;43.0864029
-3.4558353;43.0864334
-3.4560702;43.0864487
-3.4522500;43.0864792
-3.4519312;43.0864906
-3.4551520;43.0865440
-3.4565067;43.0865440
-3.4565361;43.0865784
-3.4863331;43.0865822
-3.4511814;43.0865898
-3.4477909;43.0866165
-3.4502058;43.0866776
-3.4499531;43.0866547
-3.4499133;43.0866814
-3.4447212;43.0867538
-3.4450409;43.0867767
-3.4558997;43.0867844
-3.4515259;43.0868149
-3.4512839;43.0868835
-3.4451957;43.0869446
-3.4445167;43.0870056
-3.4451973;43.0870132
-3.4462571;43.0871468
-3.4450512;43.0871887
-3.4446740;43.0871925
-3.4453878;43.0872040
-3.4448979;43.0872345
-3.4457483;43.0872498
-3.4509223;43.0872498
-3.4459004;43.0873756
-3.4603922;43.0876122
-3.4556692;43.0878105
-3.4634428;43.0878410
-3.4637489;43.0872231
-3.4562798;43.0878716
-3.4639254;43.0879288
-3.4447367;43.0881195
-3.4446316;43.0880356
-3.4632514;43.0881729
-3.4555552;43.0882378
-3.4444976;43.0882721
-3.4588418;43.0883942
-3.4554815;43.0885086
-3.4564075;43.0885277
-3.4576190;43.0885963
-3.4578269;43.0886078
-3.4647799;43.0886726
-3.4637074;43.0884132
-3.4564326;43.0888519
-3.4424236;43.0889854
-3.4662650;43.0890350
-3.4540398;43.0890579
-3.4796188;43.0892754
-3.4676158;43.0893593
-3.4575138;43.0894737
-3.4567873;43.0894203
-3.4551811;43.0894890
-3.4578350;43.0895004
-3.4582133;43.0895424
-3.4555993;43.0895996
-3.4603548;43.0896149
-3.4551325;43.0896530
-3.4551184;43.0897026
-3.4411690;43.0897598
-3.4693511;43.0897789
-3.4694717;43.0898056
-3.4822302;43.0897713
-3.4820170;43.0899696
-3.4586439;43.0901108
-3.4816079;43.0903397
-3.4816422;43.0900764
-3.4828055;43.0903091
-3.4549170;43.0904312
-3.4800892;43.0905533
-3.4813843;43.0905724
-3.4794888;43.0905228
-3.4813852;43.0906639
-3.4543881;43.0906677
-3.4545553;43.0906792
-3.4541581;43.0907211
-3.4544477;43.0907631
-3.4542398;43.0907707
-3.4542227;43.0908432
-3.4808385;43.0908813
-3.4804642;43.0908203
-3.4810619;43.0910149
-3.4749842;43.0911407
-3.4802325;43.0911636
-3.4805069;43.0912552
-3.4806931;43.0913391
-3.4546244;43.0914841
-3.4804506;43.0915833
-3.4393539;43.0901108
-3.4369011;43.0907173
-3.4347382;43.0916481
-3.4828491;43.0916710
-3.4825938;43.0917664
-3.4780641;43.0918846
-3.4782069;43.0919189
-3.4544449;43.0919609
-3.4787190;43.0916367
-3.4785683;43.0920067
-3.4791858;43.0921326
-3.4343224;43.0922394
-3.4827745;43.0924759
-3.4830847;43.0924568
-3.4828563;43.0928535
-3.4835463;43.0928192
-3.4825106;43.0930786
-3.4804847;43.0935860
-3.4800086;43.0935555
-3.4812875;43.0935898
-3.4800363;43.0936775
-3.4839864;43.0937042
-3.4821684;43.0938072
-3.4795754;43.0938263
-3.4798591;43.0935593
-3.4823155;43.0938339
-3.4539304;43.0939255
-3.4812579;43.0939674
-3.4853389;43.0943413
-3.4854884;43.0938721
-3.4853923;43.0944061
-3.4858952;43.0946655
-3.4853020;43.0948601
-3.4865692;43.0948830
-3.4817355;43.0949554
-3.4815290;43.0949821
-3.4851718;43.0951614
-3.4816515;43.0952072
-3.4816787;43.0953026
-3.4546692;43.0958176
-3.4533422;43.0959930
-3.4529738;43.0959053
-3.4533172;43.0960808
-3.4514837;43.0960503
-3.4515352;43.0960846
-3.4536579;43.0961037
-3.4531753;43.0965919
-3.4808984;43.0966530
-3.4530697;43.0969772
-3.4558432;43.0962486
-3.4542909;43.0969849
-3.4530518;43.0970421
-3.4524941;43.0971527
-3.4525626;43.0974350
-3.4536543;43.0978127
-3.4540501;43.0978470
-3.4529650;43.0979118
-3.4525230;43.0982399
-3.4523733;43.0982513
-3.4520643;43.0979614
-3.4519389;43.0983047
-3.4524195;43.0983734
-3.4537427;43.0982933
-3.4532657;43.0985260
-3.4532959;43.0985947
-3.4524701;43.0986786
-3.4523494;43.0987549
-3.4519348;43.0987358
-3.4524803;43.0988808
-3.4522595;43.0989037
-3.4527180;43.0989532
-3.4525137;43.0989761
-3.4524965;43.0991058
-3.4528341;43.0991936
-3.4521375;43.0992165
-3.4519436;43.0990372
-3.4536231;43.0992279
-3.4530456;43.0992622
-3.4526296;43.0992966
-3.4525933;43.0993423
-3.4527349;43.0995979
-3.4521046;43.0996590
-3.4528961;43.0997849
-3.4521806;43.0997887
-3.4520705;43.0998878
-3.4539781;43.0999069
-3.4514925;43.0999680
-3.4514518;43.0997620
-3.4510765;43.0998001
-3.4540367;43.1000252
-3.4538431;43.1002197
-3.4521456;43.1004105
-3.4546225;43.1003685
-3.4542723;43.1004906
-3.4519331;43.1005669
-3.4528015;43.1012344
-3.4535391;43.1011848
-3.4547110;43.1012993
-3.4529846;43.1013260
-3.4535663;43.1014671
-3.4504976;43.1014786
-3.4508286;43.1017723
-3.4512141;43.1017876
-3.4527061;43.1031685
-3.4438574;43.1047173
-3.4374371;43.1055832
-3.4360223;43.1057472
-3.4357266;43.1055908
-3.4362662;43.1057968
-3.4362247;43.1059570
-3.4356885;43.1059723
-3.4352767;43.1061287
-3.4357297;43.1062050
-3.4354682;43.1062775
-3.4342520;43.1064606
-3.4353158;43.1064758
-3.4360440;43.1064835
-3.4362218;43.1066093
-3.4363086;43.1066589
-3.4364140;43.1067467
-3.4335306;43.1068840
-3.4334867;43.1069374
-3.4330633;43.1064377
-3.4360359;43.1070633
-3.4326079;43.1070671
-3.4322257;43.1071205
-3.4337130;43.1071663
-3.4317498;43.1071739
-3.4335558;43.1071777
-3.4324734;43.1073151
-3.4334791;43.1073532
-3.4327826;43.1074562
-3.4334712;43.1075058
-3.4319367;43.1070290
-3.4304130;43.1076241
-3.4332707;43.1076469
-3.4343557;43.1076889
-3.4301577;43.1077652
-3.4295874;43.1078224
-3.4598041;43.1080780
-3.4313614;43.1081963
-3.4575319;43.1094933
-3.4559698;43.1104469
-3.4555237;43.1114464
-3.4551868;43.1124115
-3.4550815;43.1127663
-3.4551075;43.1128082
-3.4551778;43.1140823
-3.6272736;43.0549011
-3.6272840;43.0549469
-3.6275651;43.0548935
-3.4561098;43.1301575
-3.4561105;43.1303329
-3.4560308;43.1322250
-3.4551902;43.1341057
-3.4547322;43.1345940
-3.4549575;43.1346703
-3.4717083;43.0658646
-3.5883987;43.0620117
-3.5890369;43.0618553
-3.5882893;43.0620384
-3.6726136;43.0478783
-3.6724656;43.0479546
-3.6711359;42.9837494
-3.6706688;42.9836426
-3.6712470;42.9838753
-3.6279414;43.0561752
-3.6282074;43.0565033
-3.6283226;43.0567284
-3.6379726;43.0558205
-3.6283085;43.0564308
-3.6279602;43.0563889
-3.6280792;43.0565109
-3.6278660;43.0565834
-3.6279783;43.0571022
-3.6278713;43.0572929
-3.6543312;42.9809799
-3.6548219;42.9809074
-3.5757663;43.0025330
-3.5759070;43.0025787
-3.6270556;43.0471611
-3.6270826;43.0472260
-3.5731800;43.0142136
-3.5730925;43.0142479
-3.5961726;43.0312309
-3.5961864;43.0312958
-3.7030737;43.0425301
-3.7030244;43.0425873
-3.6993923;43.0440254
-3.6994262;43.0439682
-3.6979213;43.0449104
-3.6980543;43.0448647
-3.6124465;43.0556831
-3.6128130;43.0555611
-3.6380403;43.0558052
-3.6542645;42.9838066
-3.6542585;42.9837456
-3.6684549;42.9856262
-3.6683302;42.9856491
-3.6668975;42.9859085
-3.6667600;42.9859161
-3.6658461;43.0385208
-3.6658192;43.0384178
-3.6578529;42.9743042
-3.6579509;42.9746819
-3.6577315;42.9747276
-3.6576135;42.9744415
-3.6576204;42.9750061
-3.6572199;42.9747849
-3.6571097;42.9750557
-3.6571507;42.9748726
-3.6568780;42.9750443
-3.6574609;42.9751282
-3.6571684;42.9753990
-3.6618612;42.9768829
-3.6624563;42.9774628
-3.6607761;42.9793892
-3.6566758;42.9810104
-3.6585004;42.9811287
-3.6542976;42.9813347
-3.6544602;42.9818993
-3.6544080;42.9821930
-3.6542675;42.9824677
-3.6536579;42.9819794
-3.6549978;42.9824219
-3.6545465;42.9825363
-3.6546860;42.9829865
-3.6544313;42.9831429
-3.6547565;42.9831543
-3.6744044;42.9794235
-3.6717346;42.9833984
-3.6547165;42.9834023
-3.6547337;42.9835701
-3.6703768;42.9837112
-3.6702883;42.9836235
-3.6716185;42.9837494
-3.6544089;42.9838676
-3.6723864;42.9839134
-3.6714537;42.9839783
-3.6714232;42.9840012
-3.6714425;42.9836922
-3.6713643;42.9840469
-3.6719620;42.9840775
-3.6723895;42.9840927
-3.6715956;42.9841499
-3.6712341;42.9841537
-3.6697142;42.9842339
-3.6722813;42.9842682
-3.6711295;42.9843445
-3.6707382;42.9843407
-3.6714950;42.9844475
-3.6716349;42.9845009
-3.6715336;42.9845009
-3.6718240;42.9845009
-3.6713333;42.9845734
-3.6710327;42.9845848
-3.6712344;42.9846001
-3.6715786;42.9846916
-3.6712413;42.9847145
-3.6715589;42.9847488
-3.6702354;42.9847641
-3.6712551;42.9847641
-3.6716073;42.9847984
-3.6707098;42.9848404
-3.6708272;42.9847298
-3.6705704;42.9848328
-3.6708300;42.9848480
-3.6715567;42.9848595
-3.6708014;42.9848976
-3.6706905;42.9849091
-3.6712494;42.9850044
-3.6701050;42.9850426
-3.6704495;42.9851227
-3.6733878;42.9851952
-3.6584365;42.9852219
-3.6702101;42.9852676
-3.6698985;42.9853096
-3.6692948;42.9850273
-3.6698036;42.9854012
-3.6685710;42.9855957
-3.6609728;42.9856567
-3.6612394;42.9857254
-3.6664286;42.9861488
-3.6672816;42.9876022
-3.6613221;42.9944687
-3.6611640;42.9946251
-3.6611559;42.9947090
-3.6610665;42.9947166
-3.6606514;42.9950981
-3.6600049;42.9951096
-3.6612427;42.9951401
-3.6604278;42.9952545
-3.6603856;42.9954567
-3.6603093;42.9954414
-3.6601000;42.9955063
-3.6611207;42.9955139
-3.6598735;42.9956017
-3.6604872;42.9958725
-3.6607084;42.9959373
-3.6607933;42.9959412
-3.6607502;42.9961128
-3.6607082;42.9961891
-3.6606836;42.9961929
-3.6606536;42.9961929
-3.6602299;42.9962273
-3.6611218;42.9962311
-3.6609850;42.9963150
-3.6608419;42.9963646
-3.6631370;42.9972839
-3.6628735;42.9976692
-3.6618154;42.9973679
-3.6303997;43.0001831
-3.6258590;42.9988403
-3.6340177;43.0001907
-3.5882235;43.0003929
-3.5888262;43.0003166
-3.5888810;43.0001907
-3.5881283;43.0004005
-3.5879433;43.0004005
-3.5881040;43.0006561
-3.5752697;43.0002975
-3.5750873;43.0006599
-3.5870833;43.0007133
-3.5853028;43.0006294
-3.5874093;43.0008049
-3.5876405;43.0008354
-3.6546354;43.0021439
-3.6549063;43.0018654
-3.6546426;43.0020370
-3.6354361;43.0021553
-3.5747852;43.0019760
-3.5754664;43.0024376
-3.6545563;43.0024529
-3.6542463;43.0024338
-3.6538517;43.0024948
-3.6542516;43.0025558
-3.6547952;43.0025826
-3.6537473;43.0025864
-3.6534512;43.0024300
-3.6539063;43.0026131
-3.6537144;43.0026321
-3.6569672;43.0026474
-3.6555481;43.0025749
-3.6350639;43.0027046
-3.6551392;43.0027351
-3.6551044;43.0027390
-3.6544302;43.0027390
-3.6534762;43.0027390
-3.6523967;43.0027351
-3.6539543;43.0028305
-3.6519713;43.0028915
-3.6553521;43.0029068
-3.6555815;43.0028610
-3.6539748;43.0029488
-3.6546178;43.0030098
-3.6347160;43.0030441
-3.6543241;43.0030479
-3.6546304;43.0030861
-3.6548724;43.0031357
-3.5776830;43.0031395
-3.6545465;43.0032387
-3.6560450;43.0032616
-3.6345928;43.0032959
-3.6345208;43.0033531
-3.6339090;43.0034218
-3.6338177;43.0032425
-3.6334722;43.0030098
-3.6342227;43.0034218
-3.6548362;43.0034676
-3.6350026;43.0035934
-3.6345098;43.0036087
-3.6352522;43.0036392
-3.6442297;43.0040169
-3.6344798;43.0043640
-3.6330135;43.0042381
-3.6358290;43.0047340
-3.6381693;43.0048866
-3.6412125;43.0052032
-3.6376069;43.0084534
-3.5889902;43.0088043
-3.6377573;43.0090790
-3.5895674;43.0091095
-3.5897620;43.0093269
-3.5898814;43.0095482
-3.5760810;43.0100098
-3.5755584;43.0104713
-3.5751605;43.0106621
-3.5912888;43.0107918
-3.5939326;43.0110283
-3.6432548;43.0119629
-3.5994320;43.0120888
-3.6416810;43.0124168
-3.6014862;43.0126762
-3.6401105;43.0129204
-3.5554025;43.0123138
-3.5475674;43.0130653
-3.5475533;43.0131111
-3.6399539;43.0131111
-3.5748556;43.0135193
-3.5738041;43.0139503
-3.5733790;43.0141258
-3.5752540;43.0143623
-3.5748343;43.0142593
-3.6057792;43.0145912
-3.5751441;43.0147552
-3.5757461;43.0147667
-3.5757973;43.0148125
-3.6058915;43.0149078
-3.5743678;43.0149536
-3.5744023;43.0150185
-3.5757248;43.0150375
-3.5744264;43.0150642
-3.5745232;43.0146446
-3.5751157;43.0151749
-3.5952585;43.0150490
-3.5951974;43.0152016
-3.5472991;43.0152512
-3.5950429;43.0152664
-3.5746803;43.0152931
-3.5749969;43.0153389
-3.5747268;43.0153503
-3.5472801;43.0153580
-3.5748222;43.0153580
-3.5744772;43.0154266
-3.5743718;43.0153084
-3.5476859;43.0154991
-3.5474505;43.0154495
-3.5477254;43.0155449
-3.5749664;43.0155525
-3.5970809;43.0155678
-3.5744653;43.0155716
-3.5479822;43.0156021
-3.5742123;43.0156136
-3.5956979;43.0156250
-3.5756562;43.0156555
-3.5954146;43.0156746
-3.5956385;43.0157127
-3.5952258;43.0156136
-3.5484457;43.0157166
-3.5480323;43.0157242
-3.5458038;43.0157433
-3.5460219;43.0150948
-3.5747638;43.0157471
-3.5457609;43.0149879
-3.5955689;43.0157585
-3.5460155;43.0157661
-3.5960541;43.0155983
-3.5959511;43.0157661
-3.5954990;43.0157928
-3.5461876;43.0158005
-3.5743234;43.0158234
-3.5460372;43.0159035
-3.5951202;43.0159340
-3.5457933;43.0159378
-3.5458016;43.0159721
-3.5460880;43.0159874
-3.5457020;43.0159912
-3.5477271;43.0160065
-3.5473380;43.0160065
-3.5461257;43.0160103
-3.5950525;43.0160179
-3.5948827;43.0159607
-3.5466573;43.0160408
-3.5458372;43.0160522
-3.5962138;43.0160599
-3.5472980;43.0160637
-3.5968463;43.0160713
-3.5465162;43.0161095
-3.5467584;43.0161171
-3.5465927;43.0161209
-3.5744321;43.0161209
-3.5966723;43.0161438
-3.5953929;43.0161476
-3.5963855;43.0161667
-3.5958724;43.0161819
-3.5969360;43.0162125
-3.5947618;43.0162506
-3.6501884;43.0162544
-3.5953333;43.0162582
-3.5464554;43.0164108
-3.5960886;43.0164757
-3.5950992;43.0164833
-3.5472448;43.0165024
-3.5476773;43.0165062
-3.5951602;43.0165100
-3.5953963;43.0165443
-3.5956335;43.0165520
-3.5967391;43.0165787
-3.5960369;43.0166283
-3.5969510;43.0166512
-3.5945976;43.0166779
-3.5481474;43.0166893
-3.5479772;43.0166855
-3.5475223;43.0166931
-3.5482337;43.0167160
-3.5480084;43.0167351
-3.5486112;43.0167427
-3.5967798;43.0167618
-3.5944474;43.0167618
-3.5955188;43.0168571
-3.5952082;43.0168991
-3.5961509;43.0171242
-3.5960593;43.0174179
-3.5957708;43.0174866
-3.6534784;43.0176315
-3.6536102;43.0176849
-3.6123927;43.0183029
-3.6550233;43.0187531
-3.6860175;43.0205307
-3.6861751;43.0203781
-3.6863749;43.0205498
-3.6864176;43.0204468
-3.6858833;43.0206604
-3.6856043;43.0203934
-3.6858397;43.0207024
-3.6863952;43.0207329
-3.6850681;43.0205460
-3.6848006;43.0207672
-3.6845839;43.0204391
-3.5956633;43.0207748
-3.6859238;43.0208015
-3.6856177;43.0210114
-3.6848671;43.0211716
-3.6851392;43.0210915
-3.6854599;43.0212021
-3.6848764;43.0212822
-3.6855590;43.0213394
-3.6843836;43.0213470
-3.6842563;43.0213509
-3.6849492;43.0213547
-3.6859984;43.0213852
-3.6832325;43.0214043
-3.6859584;43.0214691
-3.6863639;43.0214729
-3.6863801;43.0214996
-3.6855083;43.0215073
-3.6842604;43.0215187
-3.6864495;43.0216179
-3.6834474;43.0216751
-3.6829906;43.0217705
-3.6851339;43.0217857
-3.6847019;43.0218391
-3.6829801;43.0218430
-3.6827464;43.0219345
-3.6856754;43.0219498
-3.6842098;43.0219498
-3.6837776;43.0219612
-3.6860805;43.0219841
-3.6862268;43.0220413
-3.6853642;43.0220604
-3.6836534;43.0220909
-3.6865096;43.0220222
-3.6834500;43.0221367
-3.6854591;43.0221481
-3.6853554;43.0221939
-3.6830461;43.0224152
-3.6845407;43.0224571
-3.6837180;43.0225563
-3.6836150;43.0226326
-3.6826322;43.0226440
-3.6841071;43.0226860
-3.6851056;43.0227966
-3.6855054;43.0228195
-3.6843486;43.0228271
-3.6838081;43.0228653
-3.6858733;43.0228119
-3.6855569;43.0228844
-3.6860104;43.0225830
-3.6839528;43.0229568
-3.6846578;43.0229568
-3.6836448;43.0229721
-3.6850667;43.0230713
-3.6848748;43.0231934
-3.6855843;43.0232201
-3.6847076;43.0233002
-3.6829827;43.0234108
-3.6840420;43.0234413
-3.6847732;43.0235672
-3.6826439;43.0236244
-3.6849062;43.0236435
-3.6833286;43.0237236
-3.6842415;43.0237961
-3.6832778;43.0239372
-3.6843059;43.0240402
-3.6601019;43.0241928
-3.6275859;43.0246887
-3.6274660;43.0251160
-3.6284111;43.0252075
-3.6297541;43.0255013
-3.6269445;43.0256500
-3.6270740;43.0254364
-3.6268730;43.0255661
-3.6271274;43.0257530
-3.6270683;43.0259018
-3.6787641;43.0259171
-3.6159799;43.0259247
-3.6273966;43.0259705
-3.6167204;43.0260735
-3.6269124;43.0260963
-3.6263301;43.0261421
-3.6254795;43.0255127
-3.6267521;43.0263634
-3.6271594;43.0265045
-3.6266527;43.0266075
-3.6264749;43.0266228
-3.6289241;43.0267181
-3.6271846;43.0267372
-3.6271908;43.0268211
-3.6263216;43.0269585
-3.6257036;43.0266914
-3.6269929;43.0269661
-3.6271968;43.0270233
-3.6269946;43.0270348
-3.6264069;43.0270653
-3.6272466;43.0273895
-3.6272242;43.0275230
-3.6215785;43.0275612
-3.6255217;43.0276451
-3.6248109;43.0273933
-3.6362102;43.0276718
-3.6222320;43.0277748
-3.6259072;43.0278931
-3.6272259;43.0279007
-3.6262701;43.0279274
-3.6260746;43.0279427
-3.6261213;43.0279808
-3.6260152;43.0280533
-3.6262712;43.0280724
-3.5948443;43.0281105
-3.6259360;43.0281410
-3.6264656;43.0283051
-3.6262248;43.0283127
-3.6275337;43.0283279
-3.6257148;43.0283661
-3.5948105;43.0283852
-3.6722486;43.0284309
-3.6282063;43.0284882
-3.6272614;43.0285339
-3.6270459;43.0285568
-3.6383510;43.0286331
-3.6245985;43.0286942
-3.6385858;43.0287704
-3.6271086;43.0288162
-3.6269169;43.0287971
-3.6263392;43.0288239
-3.6247990;43.0288582
-3.6279109;43.0288734
-3.6260002;43.0288963
-3.6269670;43.0289307
-3.6262493;43.0289459
-3.6263313;43.0289497
-3.6692379;43.0290108
-3.6276860;43.0290833
-3.6253760;43.0291824
-3.6605475;43.0291862
-3.5966165;43.0291862
-3.6262200;43.0292053
-3.6605556;43.0292549
-3.6282525;43.0293236
-3.5932922;43.0292892
-3.5924487;43.0293350
-3.6269536;43.0295105
-3.5928910;43.0295296
-3.5940206;43.0290184
-3.6586897;43.0295525
-3.6274514;43.0295715
-3.5927343;43.0296440
-3.6252506;43.0296783
-3.6269243;43.0298767
-3.5925686;43.0299454
-3.5922585;43.0299721
-3.5924447;43.0299873
-3.5925090;43.0299911
-3.6273944;43.0300217
-3.5924301;43.0300674
-3.5925128;43.0300751
-3.5926304;43.0301323
-3.5923665;43.0301628
-3.5939586;43.0301208
-3.5934460;43.0302467
-3.6268964;43.0302544
-3.5928962;43.0302963
-3.5959229;43.0303802
-3.5923657;43.0304070
-3.5922658;43.0304222
-3.5921090;43.0303764
-3.6498537;43.0304871
-3.6491373;43.0304985
-3.6449251;43.0305061
-3.5924063;43.0305061
-3.5924428;43.0305672
-3.6526062;43.0307922
-3.5920913;43.0307999
-3.5927558;43.0308075
-3.6616049;43.0335388
-3.6642377;43.0335541
-3.6630991;43.0335770
-3.6649790;43.0339775
-3.6653135;43.0340424
-3.6296437;43.0347328
-3.6297071;43.0353279
-3.6656003;43.0351639
-3.6657915;43.0353928
-3.6655235;43.0357399
-3.7115057;43.0318413
-3.7093284;43.0364075
-3.6296923;43.0367737
-3.6295881;43.0369987
-3.6295559;43.0370636
-3.7087646;43.0372276
-3.6658115;43.0383911
-3.6659677;43.0391312
-3.6660109;43.0393829
-3.6660216;43.0395393
-3.6653404;43.0395927
-3.6680586;43.0397644
-3.6672235;43.0389671
-3.6685877;43.0398178
-3.6685879;43.0397301
-3.6660767;43.0398712
-3.6652939;43.0397873
-3.6689367;43.0398865
-3.6689265;43.0397301
-3.6666849;43.0399399
-3.6658309;43.0399895
-3.6662121;43.0400314
-3.6695585;43.0400352
-3.6662900;43.0401649
-3.6663246;43.0402145
-3.6685829;43.0405045
-3.6655521;43.0408211
-3.6672671;43.0412941
-3.7007365;43.0417862
-3.7009304;43.0417213
-3.7000926;43.0419350
-3.6993968;43.0420036
-3.6992109;43.0419502
-3.6991725;43.0420227
-3.6980965;43.0420952
-3.7001998;43.0422134
-3.7006600;43.0422592
-3.7011678;43.0423126
-3.7015557;43.0421028
-3.7031765;43.0423241
-3.6984696;43.0423279
-3.6983209;43.0422478
-3.6986747;43.0424194
-3.6980877;43.0426712
-3.7023180;43.0427284
-3.7004619;43.0427437
-3.7010465;43.0427742
-3.6992667;43.0428009
-3.6997306;43.0428085
-3.7021747;43.0428391
-3.6998019;43.0428543
-3.6966610;43.0424500
-3.6967018;43.0429001
-3.6963437;43.0426559
-3.7020147;43.0429115
-3.6967237;43.0429955
-3.6996157;43.0430031
-3.7014656;43.0430069
-3.6971745;43.0430298
-3.6973341;43.0429344
-3.7015018;43.0430336
-3.7004080;43.0430603
-3.6969290;43.0430984
-3.6992252;43.0430984
-3.7014847;43.0431099
-3.7014363;43.0431366
-3.7000368;43.0431442
-3.6966751;43.0431862
-3.7015398;43.0431862
-3.7019367;43.0431976
-3.6966593;43.0432549
-3.6975300;43.0432816
-3.6979203;43.0432968
-3.6966839;43.0433426
-3.6994717;43.0429420
-3.6993194;43.0433540
-3.6968541;43.0433807
-3.6964443;43.0433884
-3.6967390;43.0434189
-3.6991208;43.0434723
-3.6955132;43.0435143
-3.6973996;43.0435181
-3.6969361;43.0435219
-3.6967919;43.0435715
-3.6967964;43.0436096
-3.6975021;43.0436401
-3.6966059;43.0436554
-3.7006569;43.0436745
-3.6971569;43.0438347
-3.6977704;43.0438385
-3.6968191;43.0438499
-3.6967010;43.0438805
-3.6970475;43.0438843
-3.6976988;43.0440292
-3.6964009;43.0440331
-3.6961823;43.0439911
-3.6979880;43.0440636
-3.6984210;43.0438919
-3.6980426;43.0441132
-3.6983321;43.0443039
-3.6964495;43.0443230
-3.6970646;43.0443840
-3.6974790;43.0444031
-3.6991892;43.0444489
-3.6972008;43.0444565
-3.6938508;43.0445328
-3.6967862;43.0445404
-3.6937065;43.0445557
-3.6976957;43.0448608
-3.6977785;43.0449066
-3.6961141;43.0449219
-3.6954260;43.0446892
-3.6966131;43.0450439
-3.6969180;43.0450211
-3.6978719;43.0450478
-3.6915257;43.0450783
-3.6958017;43.0451431
-3.6968503;43.0453033
-3.6981974;43.0453072
-3.6889262;43.0455856
-3.6699550;43.0456161
-3.6883857;43.0456238
-3.6861908;43.0457153
-3.6860895;43.0457191
-3.6882720;43.0456276
-3.6000156;43.0457458
-3.6910868;43.0459900
-3.6912408;43.0460205
-3.6917162;43.0459709
-3.6912930;43.0462112
-3.6913545;43.0462189
-3.6274977;43.0462303
-3.6859436;43.0463257
-3.6862161;43.0463028
-3.6854732;43.0463448
-3.6860678;43.0457497
-3.6008654;43.0461235
-3.6007767;43.0463638
-3.6006203;43.0463028
-3.6912475;43.0463982
-3.6914675;43.0463295
-3.6853397;43.0464401
-3.6900060;43.0464935
-3.6825671;43.0465126
-3.6905863;43.0465660
-3.6006129;43.0465736
-3.6903765;43.0465889
-3.6902194;43.0466080
-3.6005905;43.0466423
-3.6003783;43.0465164
-3.5993547;43.0466537
-3.5992548;43.0465775
-3.5998151;43.0466843
-3.6014934;43.0467033
-3.5993001;43.0467224
-3.5990171;43.0466347
-3.6861491;43.0466805
-3.6858089;43.0467339
-3.6901836;43.0467682
-3.6005235;43.0467796
-3.6845958;43.0467834
-3.6902566;43.0468140
-3.6791680;43.0468140
-3.5993803;43.0468140
-3.5997062;43.0468369
-3.6781225;43.0468483
-3.6910055;43.0468903
-3.6909459;43.0468903
-3.5992575;43.0469360
-3.5996127;43.0469437
-3.6763201;43.0469627
-3.5995786;43.0469856
-3.6838355;43.0470085
-3.6001880;43.0470123
-3.6911960;43.0470924
-3.6898911;43.0471268
-3.6834495;43.0471687
-3.6809988;43.0470505
-3.6795409;43.0471954
-3.6827693;43.0472565
-3.6826317;43.0472755
-3.6827621;43.0467110
-3.6909389;43.0472908
-3.5997517;43.0473366
-3.6905365;43.0473709
-3.6905489;43.0474167
-3.6816704;43.0474396
-3.6826775;43.0474892
-3.6835587;43.0475044
-3.6831689;43.0475693
-3.6910117;43.0475807
-3.6855323;43.0476418
-3.6804585;43.0475044
-3.6801217;43.0477066
-3.6729081;43.0477257
-3.6800742;43.0477448
-3.6826200;43.0477943
-3.6835384;43.0478172
-3.6809411;43.0478287
-3.5990610;43.0478287
-3.6827531;43.0478325
-3.6808348;43.0478973
-3.6819561;43.0479164
-3.6851382;43.0479164
-3.6825182;43.0479584
-3.6829545;43.0480042
-3.6827581;43.0480118
-3.6831005;43.0480156
-3.6807964;43.0480270
-3.6607687;43.0472946
-3.6599977;43.0480690
-3.6594720;43.0476494
-3.6855588;43.0480881
-3.6824098;43.0481491
-3.6818480;43.0481987
-3.6839948;43.0482712
-3.6825824;43.0482788
-3.6826825;43.0483475
-3.6820354;43.0483894
-3.6837904;43.0484009
-3.6010787;43.0484238
-3.6813693;43.0484276
-3.6715660;43.0484505
-3.6715276;43.0484734
-3.6828709;43.0485611
-3.6829689;43.0486069
-3.6817875;43.0487366
-3.6626592;43.0482597
-3.6631675;43.0487442
-3.6835132;43.0487709
-3.6827686;43.0488434
-3.6605601;43.0488625
-3.6607561;43.0488930
-3.6608231;43.0488205
-3.6607440;43.0489616
-3.6720915;43.0489655
-3.6683788;43.0490303
-3.6637862;43.0491066
-3.6646149;43.0484161
-3.6609280;43.0491104
-3.6828761;43.0491753
-3.6642137;43.0492210
-3.6618505;43.0493050
-3.6617737;43.0494347
-3.6619670;43.0494652
-3.6619284;43.0495071
-3.6634178;43.0495186
-3.6630375;43.0496559
-3.6628685;43.0497017
-3.6624606;43.0497093
-3.6631494;43.0497932
-3.6723180;43.0498047
-3.6721091;43.0489922
-3.6632109;43.0498543
-3.6624219;43.0499763
-3.6624522;43.0500908
-3.6716070;43.0500946
-3.6638875;43.0500984
-3.6637654;43.0502052
-3.6614921;43.0502281
-3.6636071;43.0502625
-3.6621621;43.0502815
-3.6626587;43.0503082
-3.6618402;43.0503502
-3.6636713;43.0503387
-3.6619284;43.0503616
-3.6012957;43.0503883
-3.6265664;43.0504036
-3.6624818;43.0504265
-3.6713963;43.0504761
-3.6718402;43.0504875
-3.6713850;43.0505066
-3.6725235;43.0505104
-3.6637838;43.0505257
-3.6718118;43.0505905
-3.6626015;43.0506630
-3.6629922;43.0506630
-3.6632481;43.0507927
-3.6639061;43.0509071
-3.6621587;43.0509644
-3.6636629;43.0509758
-3.6636779;43.0510216
-3.6639600;43.0510368
-3.6636994;43.0510902
-3.6608620;43.0512505
-3.6603329;43.0511208
-3.6632810;43.0512543
-3.6612470;43.0513725
-3.6641278;43.0513878
-3.6606240;43.0513954
-3.6604192;43.0513916
-3.6635785;43.0515251
-3.6550782;43.0514755
-3.6548984;43.0515480
-3.6576910;43.0515671
-3.6731427;43.0516357
-3.6721659;43.0516968
-3.6725729;43.0517159
-3.6732650;43.0518227
-3.6008341;43.0518494
-3.6641717;43.0519333
-3.6720171;43.0519485
-3.6712725;43.0512276
-3.6729476;43.0519867
-3.6736073;43.0519905
-3.6739562;43.0517616
-3.6729186;43.0520096
-3.6735561;43.0520439
-3.6647406;43.0521622
-3.6713181;43.0522804
-3.6711745;43.0520973
-3.6534421;43.0523033
-3.6733060;43.0523491
-3.6716433;43.0523758
-3.6521237;43.0524025
-3.6710966;43.0524101
-3.6720271;43.0524254
-3.6738679;43.0524788
-3.6724699;43.0524979
-3.6723514;43.0525208
-3.6648774;43.0525513
-3.6721520;43.0525818
-3.6725435;43.0526009
-3.6708865;43.0526085
-3.6738949;43.0526390
-3.6714694;43.0526695
-3.6708291;43.0526848
-3.6732950;43.0527039
-3.6709650;43.0529099
-3.6719720;43.0529518
-3.6197708;43.0538254
-3.6432250;43.0549927
-3.6273048;43.0550385
-3.6292598;43.0539856
-3.6270301;43.0551147
-3.6269333;43.0551453
-3.6138766;43.0552025
-3.6265447;43.0554199
-3.6272697;43.0554047
-3.6267111;43.0554924
-3.6270909;43.0556107
-3.6262336;43.0556412
-3.6260707;43.0555000
-3.6273677;43.0557137
-3.6274664;43.0555916
-3.6275215;43.0557785
-3.6275988;43.0556793
-3.6259408;43.0558319
-3.6258051;43.0557098
-3.6276624;43.0558472
-3.6113932;43.0560379
-3.6278324;43.0560837
-3.6254785;43.0562553
-3.6245682;43.0551643
-3.6244957;43.0563049
-3.6244168;43.0561485
-3.6245577;43.0563622
-3.6248193;43.0562515
-3.6240003;43.0564194
-3.6237879;43.0562325
-3.6255631;43.0564232
-3.6254654;43.0564880
-3.5954964;43.0565491
-3.6252773;43.0565796
-3.6258295;43.0566177
-3.5952382;43.0566597
-3.6246262;43.0566673
-3.6255674;43.0567055
-3.5951359;43.0567207
-3.6251063;43.0567322
-3.6242914;43.0567436
-3.6244557;43.0567589
-3.6247692;43.0567627
-3.6090264;43.0568390
-3.6246819;43.0568810
-3.6253498;43.0569229
-3.6239653;43.0569687
-3.6257110;43.0569992
-3.6254601;43.0570679
-3.6249154;43.0570831
-3.6234119;43.0571060
-3.6232855;43.0569534
-3.6239941;43.0573387
-3.6240335;43.0573845
-3.6243405;43.0573425
-3.6224236;43.0573997
-3.6241014;43.0574570
-3.6250827;43.0575333
-3.6241667;43.0575714
-3.6066444;43.0575752
-3.6239855;43.0576363
-3.6217844;43.0576668
-3.6250598;43.0577621
-3.6256845;43.0578384
-3.6251793;43.0578461
-3.6247818;43.0579491
-3.6244760;43.0579910
-3.6260273;43.0579987
-3.6263454;43.0581284
-3.5947611;43.0581474
-3.6189320;43.0582581
-3.6248703;43.0582619
-3.6258664;43.0582809
-3.6178944;43.0587578
-3.6182582;43.0593262
-3.5959504;43.0601692
-3.5958543;43.0601921
-3.6199062;43.0605698
-3.5940394;43.0605812
-3.5940371;43.0598297
-3.5935528;43.0602989
-3.5940359;43.0606384
-3.6207983;43.0608101
-3.5916438;43.0608749
-3.5912335;43.0601425
-3.6199059;43.0605927
-3.6199005;43.0608826
-3.5929399;43.0609016
-3.5918822;43.0610161
-3.5919197;43.0609360
-3.5910437;43.0610695
-3.5909612;43.0609512
-3.5919468;43.0611420
-3.5913486;43.0612869
-3.5920479;43.0613365
-3.5924320;43.0612221
-3.5910647;43.0613556
-3.5895100;43.0617371
-3.5925486;43.0619125
-3.6109626;43.0619507
-3.6108272;43.0619011
-3.6111045;43.0619583
-3.5892503;43.0619812
-3.5879521;43.0621185
-3.5878990;43.0621300
-3.5934930;43.0622559
-3.6106598;43.0623283
-3.5890560;43.0625305
-3.5881295;43.0624313
-3.5930233;43.0625763
-3.5917473;43.0628242
-3.5912800;43.0628929
-3.5933614;43.0629272
-3.5893838;43.0631065
-3.5894256;43.0631714
-3.6081877;43.0638618
-3.6082668;43.0637970
-3.6080780;43.0639534
-3.6080978;43.0639954
-3.6084573;43.0640373
-3.6081388;43.0641747
-3.6084096;43.0642319
-3.6077442;43.0642395
-3.6086764;43.0642509
-3.6081920;43.0643616
-3.6079700;43.0643768
-3.6082888;43.0645065
-3.6083758;43.0645065
-3.6075063;43.0647812
-3.6070306;43.0647850
-3.6076026;43.0648766
-3.6067712;43.0648994
-3.6063697;43.0649376
-3.6082292;43.0650635
-3.6079340;43.0650787
-3.6087081;43.0648537
-3.6077762;43.0651245
-3.6065199;43.0651703
-3.6083903;43.0653305
-3.6067050;43.0653725
-3.8016272;43.0272522
-3.8016815;43.0269623
-3.8015208;43.0273056
-3.6846883;42.9755745
-3.6848450;42.9754219
-3.7438321;43.0017700
-3.7434173;43.0022545
-3.7404220;43.0086555
-3.7406681;43.0088387
-3.6853080;42.9755173
-3.6852944;42.9758072
-3.7309048;42.9822617
-3.7313468;42.9819145
-3.7318335;43.0201721
-3.7316120;43.0203056
-3.7314818;43.0199623
-3.7316241;43.0195465
-3.6600633;42.9638443
-3.6603601;42.9638405
-3.7102857;42.9693642
-3.7103639;42.9694099
-3.6972637;42.9696045
-3.6974101;42.9695854
-3.7228599;42.9768753
-3.7229815;42.9769173
-3.7442653;42.9886665
-3.7442672;42.9887314
-3.7548232;43.0069275
-3.7547975;43.0069962
-3.7643228;43.0124969
-3.7644138;43.0125389
-3.7688437;43.0158882
-3.7691097;43.0161018
-3.7717593;43.0183525
-3.7719827;43.0185165
-3.7733667;43.0188522
-3.7735951;43.0187988
-3.7314272;43.0263672
-3.7313876;43.0265160
-3.6986322;42.9644165
-3.6985104;42.9644890
-3.7981880;43.0150414
-3.7981050;43.0151138
-3.7956581;43.0163498
-3.7955978;43.0164299
-3.7890484;43.0194168
-3.7888651;43.0194244
-3.8022182;43.0403023
-3.7989299;43.0413055
-3.7936738;43.0438538
-3.7507236;42.9906273
-3.7505257;42.9908943
-3.7470326;42.9935646
-3.7058966;42.9590034
-3.7064383;42.9600372
-3.6848145;42.9762573
-3.6847410;42.9763527
-3.6845896;42.9765091
-3.6740282;42.9418068
-3.6725848;42.9408798
-3.6887381;42.9420395
-3.6859341;42.9421959
-3.6787708;42.9425240
-3.6788063;42.9425278
-3.7190490;42.9454651
-3.7190902;42.9459496
-3.7161663;42.9474030
-3.7154915;42.9498367
-3.7144632;42.9531898
-3.7128744;42.9545860
-3.7119908;42.9569893
-3.7119606;42.9570465
-3.7078705;42.9579620
-3.7073250;42.9580231
-3.7067804;42.9579506
-3.7066772;42.9580231
-3.7066658;42.9581604
-3.7059622;42.9583435
-3.7058568;42.9585609
-3.7060707;42.9585991
-3.7055714;42.9586868
-3.7057176;42.9587822
-3.7054470;42.9587822
-3.7060037;42.9588318
-3.7059438;42.9589653
-3.7051125;42.9593086
-3.7050545;42.9593163
-3.7039039;42.9593124
-3.6503820;42.9634895
-3.6583686;42.9634018
-3.6675596;42.9655724
-3.6670938;42.9657974
-3.6660435;42.9657898
-3.6660037;42.9658012
-3.6670380;42.9658203
-3.6658237;42.9660492
-3.6669788;42.9666252
-3.6670520;42.9666481
-3.6678247;42.9668121
-3.6653140;42.9668961
-3.6647165;42.9667549
-3.6685603;42.9669991
-3.6670198;42.9670372
-3.6664052;42.9671593
-3.6679351;42.9672050
-3.6689124;42.9672165
-3.6679151;42.9673195
-3.6677346;42.9673080
-3.6665192;42.9673996
-3.6665189;42.9674377
-3.6685975;42.9674492
-3.6680343;42.9674530
-3.6668384;42.9675217
-3.6685331;42.9675407
-3.6687589;42.9675903
-3.6695964;42.9676132
-3.6676073;42.9676208
-3.6665595;42.9676208
-3.6692691;42.9676437
-3.6977034;42.9677048
-3.6665084;42.9677315
-3.6699913;42.9678307
-3.6663492;42.9679222
-3.6659143;42.9677200
-3.6704545;42.9680786
-3.6687222;42.9683304
-3.6678874;42.9687004
-3.6721876;42.9687729
-3.7177625;42.9689980
-3.7179103;42.9690514
-3.7186427;42.9693069
-3.7190545;42.9689903
-3.6980155;42.9696121
-3.6970696;42.9696579
-3.7189505;42.9698982
-3.7186224;42.9698906
-3.7190952;42.9701729
-3.7183108;42.9703560
-3.7176285;42.9704742
-3.7193503;42.9706306
-3.7196352;42.9706917
-3.7197022;42.9707031
-3.7198529;42.9707336
-3.7203927;42.9703865
-3.7192488;42.9708099
-3.7179751;42.9708252
-3.7185245;42.9708252
-3.7188275;42.9709244
-3.7195578;42.9709969
-3.7197852;42.9710464
-3.7201464;42.9710693
-3.7195938;42.9711723
-3.6773739;42.9712372
-3.7201412;42.9716835
-3.6869764;42.9734192
-3.6869228;42.9734116
-3.6860113;42.9734917
-3.6917927;42.9736938
-3.6808515;42.9738541
-3.6913021;42.9739609
-3.6862769;42.9740334
-3.6860559;42.9740372
-3.7227452;42.9741478
-3.6853580;42.9742584
-3.6846945;42.9742088
-3.6853349;42.9743385
-3.6859105;42.9743538
-3.6864107;42.9744492
-3.6817124;42.9744644
-3.6831441;42.9745102
-3.6824453;42.9744339
-3.6852551;42.9746132
-3.6858518;42.9746246
-3.6831214;42.9746323
-3.6820138;42.9746780
-3.6864347;42.9746857
-3.6842365;42.9748116
-3.6837280;42.9746056
-3.6842880;42.9748573
-3.6841285;42.9744911
-3.6859548;42.9748650
-3.6879539;42.9748993
-3.6860020;42.9749413
-3.6881216;42.9749718
-3.6851120;42.9749832
-3.6825604;42.9750710
-3.6829326;42.9751015
-3.6826441;42.9751282
-3.6834633;42.9751167
-3.6832864;42.9752388
-3.6852467;42.9752541
-3.6864445;42.9756432
-3.6865587;42.9757767
-3.6865766;42.9759064
-3.6867681;42.9759445
-3.6868036;42.9759560
-3.7202463;42.9759712
-3.6867633;42.9760399
-3.6848810;42.9761620
-3.6866117;42.9762039
-3.6854587;42.9762726
-3.6866195;42.9762840
-3.6865361;42.9763298
-3.6871269;42.9763336
-3.6860812;42.9763412
-3.6865666;42.9763641
-3.6868703;42.9764519
-3.6851084;42.9766617
-3.6870227;42.9766884
-3.6853125;42.9767952
-3.6865351;42.9768028
-3.6852975;42.9768486
-3.6855505;42.9768906
-3.6858754;42.9766121
-3.6855807;42.9770279
-3.6864328;42.9773560
-3.6835182;42.9778976
-3.6867335;42.9781914
-3.7245467;42.9784012
-3.7257271;42.9794006
-3.6809046;42.9794159
-3.6752038;42.9785194
-3.6808357;42.9794235
-3.7259009;42.9794922
-3.7279093;42.9800835
-3.7290542;42.9803276
-3.7314043;42.9818687
-3.7287650;42.9816551
-3.7295051;42.9819145
-3.7290773;42.9819756
-3.7306669;42.9824371
-3.7299790;42.9821930
-3.7307274;42.9823990
-3.7307489;42.9824600
-3.7304475;42.9825096
-3.7318177;42.9826546
-3.7305343;42.9826965
-3.7354076;42.9857025
-3.7442734;42.9888649
-3.7491736;42.9902382
-3.7482843;42.9900284
-3.7477579;42.9902725
-3.7482796;42.9903336
-3.7498481;42.9903793
-3.7510328;42.9904785
-3.7480462;42.9904556
-3.7475927;42.9906158
-3.7648394;42.9904976
-3.7475476;42.9906654
-3.7480474;42.9906883
-3.7479637;42.9907455
-3.7478106;42.9907608
-3.7476463;42.9908600
-3.7474227;42.9909592
-3.7470655;42.9909782
-3.7477891;42.9911346
-3.7479415;42.9911232
-3.7470667;42.9911690
-3.7472792;42.9911766
-3.7470474;42.9911880
-3.7465446;42.9910736
-3.7477541;42.9912567
-3.7479064;42.9913330
-3.7470117;42.9914169
-3.7463851;42.9914169
-3.7424567;42.9925385
-3.7471249;42.9929276
-3.7467599;42.9931679
-3.7461839;42.9923973
-3.7465312;42.9934273
-3.7463062;42.9941254
-3.7438419;42.9981728
-3.7438331;42.9982071
-3.7434819;42.9995842
-3.7437923;43.0000191
-3.7443421;43.0001717
-3.7443981;42.9995041
-3.7436230;42.9991035
-3.7443926;43.0002441
-3.7458105;42.9997826
-3.7458205;43.0002861
-3.7444324;43.0004883
-3.7439716;43.0005608
-3.7432759;42.9997902
-3.7442534;43.0009651
-3.7450078;43.0010071
-3.7452321;43.0005035
-3.7437465;43.0011063
-3.7451365;43.0011215
-3.7441943;43.0012398
-3.7442441;43.0012474
-3.7437208;43.0013504
-3.7438884;43.0017052
-3.7458520;43.0017815
-3.7461059;43.0019913
-3.7427149;43.0021591
-3.7424350;43.0013847
-3.7424231;43.0022240
-3.7469585;43.0024529
-3.7420552;43.0024986
-3.7422276;43.0023537
-3.7417078;43.0024261
-3.7429664;43.0025635
-3.7427149;43.0025864
-3.7430367;43.0026932
-3.7425585;43.0027580
-3.7424915;43.0028610
-3.7427356;43.0029068
-3.7428007;43.0029488
-3.7425215;43.0032616
-3.7408128;43.0031319
-3.7412357;43.0032768
-3.7417026;43.0033112
-3.7414045;43.0033340
-3.7422986;43.0035172
-3.7429109;43.0035248
-3.7436323;43.0031776
-3.7434084;43.0035324
-3.7413223;43.0036888
-3.7429311;43.0040283
-3.7434459;43.0041313
-3.7436514;43.0041771
-3.7440159;43.0042648
-3.7428629;43.0042686
-3.7433202;43.0044861
-3.7426767;43.0047340
-3.7400489;43.0049858
-3.7400672;43.0048981
-3.7396469;43.0049362
-3.7404017;43.0056305
-3.7430742;43.0056458
-3.7418816;43.0062180
-3.7417109;43.0064316
-3.7404263;43.0066643
-3.7406423;43.0063591
-3.7401805;43.0065689
-3.7392063;43.0068092
-3.7390616;43.0032387
-3.7407513;43.0068092
-3.7410200;43.0064430
-3.7412226;43.0064545
-3.7408986;43.0068932
-3.7412155;43.0070457
-3.7388358;43.0071678
-3.7382257;43.0074463
-3.7577448;43.0075912
-3.7582631;43.0075188
-3.7436385;43.0069237
-3.7434256;43.0076637
-3.7567503;43.0077667
-3.7549222;43.0076065
-3.7550094;43.0077896
-3.7551937;43.0078163
-3.7555103;43.0076370
-3.7521656;43.0078201
-3.7564752;43.0078659
-3.7577412;43.0079079
-3.7563419;43.0079422
-3.7423725;43.0076942
-3.7424078;43.0079498
-3.7582674;43.0079651
-3.7586133;43.0080032
-3.7561061;43.0080910
-3.7608213;43.0081100
-3.7605631;43.0080795
-3.7565243;43.0081100
-3.7558966;43.0081291
-3.7603376;43.0081291
-3.7426217;43.0081444
-3.7428980;43.0081711
-3.7557857;43.0081787
-3.7612736;43.0082016
-3.7423203;43.0082054
-3.7553923;43.0082359
-3.7559302;43.0082397
-3.7398834;43.0082588
-3.7438221;43.0082664
-3.7428284;43.0082855
-3.7551084;43.0083008
-3.7399836;43.0083275
-3.7548983;43.0083466
-3.7417827;43.0083504
-3.7562630;43.0084038
-3.7426193;43.0084839
-3.7438302;43.0084839
-3.7434919;43.0085220
-3.7422779;43.0085564
-3.7416658;43.0086288
-3.7423825;43.0086441
-3.7433302;43.0086670
-3.7425182;43.0087280
-3.7429581;43.0087585
-3.7607095;43.0087624
-3.7426648;43.0088425
-3.7418857;43.0088425
-3.7407188;43.0088768
-3.7408025;43.0089912
-3.7407665;43.0089684
-3.7416837;43.0090370
-3.7412682;43.0090485
-3.7431521;43.0090599
-3.7388442;43.0091248
-3.7422380;43.0091553
-3.7427440;43.0091629
-3.7420211;43.0092354
-3.7387240;43.0093193
-3.7406580;43.0093575
-3.7428730;43.0093651
-3.7408910;43.0093956
-3.7417870;43.0094719
-3.7431858;43.0095406
-3.7429864;43.0095444
-3.7402737;43.0096359
-3.7404532;43.0097160
-3.7426207;43.0097351
-3.7414320;43.0098190
-3.7415454;43.0098190
-3.7431514;43.0098305
-3.7407811;43.0098419
-3.7425148;43.0098915
-3.7408643;43.0098991
-3.7411511;43.0099068
-3.7409546;43.0099678
-3.7422535;43.0099792
-3.7413251;43.0100403
-3.7422388;43.0100517
-3.7415063;43.0100746
-3.7412074;43.0101471
-3.7417207;43.0102272
-3.7403600;43.0102577
-3.7427938;43.0103264
-3.7410629;43.0103455
-3.7421243;43.0104675
-3.7412982;43.0104942
-3.7420526;43.0106239
-3.7419140;43.0107040
-3.7406120;43.0107422
-3.7421498;43.0107841
-3.7388797;43.0108414
-3.7344034;43.0114708
-3.8145101;43.0108414
-3.8145599;43.0109253
-3.7387776;43.0110016
-3.7393920;43.0110207
-3.7392776;43.0111656
-3.8136649;43.0108414
-3.8135846;43.0111961
-3.7426972;43.0112267
-3.7386198;43.0112419
-3.8133008;43.0112801
-3.7385066;43.0114098
-3.7391255;43.0114136
-3.7389762;43.0115814
-3.8133199;43.0115814
-3.7383893;43.0115852
-3.7342153;43.0116920
-3.7435403;43.0117531
-3.7388418;43.0117569
-3.7431986;43.0121841
-3.8120737;43.0121918
-3.8123600;43.0116158
-3.8125021;43.0121994
-3.7410362;43.0124817
-3.7644799;43.0125732
-3.7411728;43.0126076
-3.7645340;43.0126152
-3.8112936;43.0129013
-3.8106368;43.0133591
-3.7559299;43.0130768
-3.7559121;43.0134392
-3.7374094;43.0134583
-3.7379558;43.0129585
-3.8103592;43.0134964
-3.8096981;43.0135155
-3.7371056;43.0135689
-3.7379379;43.0124321
-3.7370055;43.0137520
-3.7553685;43.0138893
-3.7547362;43.0139351
-3.7370989;43.0139809
-3.7543321;43.0139885
-3.7369623;43.0141068
-3.7548063;43.0141907
-3.7550304;43.0142059
-3.7546213;43.0142670
-3.7553527;43.0143547
-3.7549016;43.0143890
-3.8090227;43.0145569
-3.7362061;43.0146332
-3.8086784;43.0147362
-3.8083687;43.0149040
-3.8019478;43.0127106
-3.7557209;43.0150986
-3.7557881;43.0151253
-3.7562551;43.0149918
-3.7559338;43.0151825
-3.8041375;43.0152283
-3.8067796;43.0156403
-3.8047237;43.0160027
-3.7694468;43.0163689
-3.7955792;43.0164566
-3.7341390;43.0167809
-3.7952132;43.0169411
-3.7720022;43.0185318
-3.7720270;43.0185509
-3.7878149;43.0191650
-3.7807541;43.0184479
-3.7798331;43.0189476
-3.7323921;43.0190163
-3.7319245;43.0191917
-3.7332377;43.0190239
-3.7328353;43.0193176
-3.7320812;43.0194550
-3.7332039;43.0195885
-3.7338312;43.0199242
-3.7337492;43.0199814
-3.7338469;43.0200462
-3.7341485;43.0200615
-3.7341917;43.0199013
-3.7347093;43.0200996
-3.7319505;43.0200996
-3.7328753;43.0201492
-3.7318718;43.0201492
-3.7327275;43.0201797
-3.7313478;43.0203667
-3.7324243;43.0205307
-3.7311304;43.0208740
-3.7292593;43.0226097
-3.7303200;43.0245132
-3.7305696;43.0248680
-3.8037388;43.0264320
-3.8028681;43.0264664
-3.8027215;43.0262680
-3.8026965;43.0266037
-3.7313578;43.0266151
-3.8026848;43.0266380
-3.8020706;43.0266953
-3.8018446;43.0266228
-3.8025453;43.0267105
-3.7997189;43.0267830
-3.7996831;43.0265579
-3.8017950;43.0268555
-3.8026729;43.0269394
-3.8021917;43.0269928
-3.8018496;43.0270004
-3.8031001;43.0270233
-3.8018901;43.0270233
-3.8030684;43.0270653
-3.7986970;43.0270767
-3.8022132;43.0270805
-3.8019750;43.0271416
-3.7997332;43.0271835
-3.8048139;43.0274200
-3.8030448;43.0274544
-3.7999222;43.0275536
-3.8000243;43.0276947
-3.7324669;43.0277481
-3.8002341;43.0279160
-3.8005795;43.0279160
-3.8014066;43.0278778
-3.7997260;43.0279846
-3.8001056;43.0280342
-3.7993004;43.0281219
-3.8014712;43.0281296
-3.8017309;43.0283089
-3.8001652;43.0283508
-3.7344160;43.0301590
-3.8259194;43.0375404
-3.8206027;43.0377502
-3.8160563;43.0371933
-3.8347783;43.0377502
-3.8370624;43.0382881
-3.8371165;43.0383110
-3.7325950;43.0395050
-3.8024890;43.0400696
-3.8021641;43.0402451
-3.8450420;43.0408134
-3.8479435;43.0427132
-3.8493762;43.0466232
-3.7359128;43.0472946
-3.8496470;43.0484848
-3.7367907;43.0505180
-3.8462818;43.0506363
-3.8447802;43.0511513
-3.8436074;43.0512238
-3.8427167;43.0513039
-3.8426559;43.0513268
-3.8420155;43.0518074
-3.8365805;43.0523796
-3.8366616;43.0528679
-3.8379347;43.0548477
-3.8374946;43.0555916
-3.8358631;43.0569153
-3.8348477;43.0572205
-3.8092370;43.0559196
-3.8132989;43.0581322
-3.8133483;43.0581627
-3.8137670;43.0584106
-3.8142767;43.0587921
-3.8149991;43.0594406
-3.8338819;43.0620804
-3.8340449;43.0627670
-3.8245082;43.0635185
-3.8338010;43.0631027
-3.8315413;43.0640640
-3.8318057;43.0642281
-3.8333652;43.0647736
-3.8288746;43.0649338
-3.8379295;43.0666580
-3.8411365;43.0697594
-3.8387744;43.0693016
-3.8448372;43.0716209
-3.8464735;43.0721588
-3.8470263;43.0723305
-3.8471429;43.0723953
-3.8444064;43.0789909
-3.8442376;43.0788956
-3.8417904;43.0790253
-3.8452864;43.0795441
-3.8481874;43.0792732
-3.8508790;43.0797234
-3.8506527;43.0797653
-3.8503592;43.0798035
-3.8494666;43.0799484
-3.8311124;43.0801430
-3.8305471;43.0806732
-3.4693747;42.7849922
-3.4778023;42.7932854
-3.4895346;42.8222771
-3.4887538;42.8229179
-3.4896641;42.8218994
-3.6026847;42.8497200
-3.6026967;42.8496323
-3.6027167;42.8492584
-3.6015747;42.8493614
-3.6016190;42.8492966
-3.6016371;42.8488083
-3.5266011;42.8259125
-3.5269117;42.8260574
-3.5238247;42.8240013
-3.5203214;42.8223381
-3.5206602;42.8224831
-3.5164781;42.8203430
-3.4942811;42.8174248
-3.4955633;42.8159676
-3.6008589;42.8518181
-3.6009936;42.8517723
-3.5984983;42.8484650
-3.5983832;42.8483887
-3.5149992;42.8055038
-3.5150707;42.8055687
-3.5342562;42.8147392
-3.5343795;42.8147774
-3.5923970;42.8400803
-3.5925055;42.8401146
-3.5917666;42.8592720
-3.5924132;42.8592644
-3.5349202;42.8158760
-3.5353048;42.8151588
-3.5384448;42.8186417
-3.5383921;42.8185577
-3.6147604;42.8351250
-3.6148028;42.8351860
-3.4771602;42.7934608
-3.5041664;42.8152046
-3.5040739;42.8151932
-3.5135167;42.8191681
-3.5133705;42.8191376
-3.5270367;42.8260956
-3.5377903;42.8279228
-3.5376945;42.8278542
-3.5657582;42.8338966
-3.5660269;42.8341103
-3.5716395;42.8378639
-3.5717373;42.8379097
-3.5740736;42.8388100
-3.5741930;42.8388557
-3.5814137;42.8411217
-3.5808842;42.8416672
-3.4949729;42.8065605
-3.4965618;42.8120346
-3.6204774;42.8303986
-3.6185074;42.8162003
-3.5067160;42.8156548
-3.5982218;42.8390579
-3.5981140;42.8390236
-3.5978529;42.8390617
-3.4911680;42.7869530
-3.4912665;42.7865601
-3.4913228;42.7864380
-3.5018587;42.7909927
-3.4694211;42.7845917
-3.4751887;42.7951279
-3.6179876;42.7968292
-3.6175470;42.7978363
-3.5143080;42.7974205
-3.4709234;42.7992134
-3.4705486;42.7990417
-3.4710677;42.7994576
-3.4725838;42.7996140
-3.4726820;42.7993469
-3.4770219;42.7996178
-3.6167066;42.7996483
-3.4708178;42.7997513
-3.4730170;42.7997742
-3.4714501;42.7998276
-3.4699943;42.7998886
-3.6166105;42.7998924
-3.4711075;42.8000412
-3.4701092;42.8001556
-3.4720612;42.8002319
-3.4771178;42.8002586
-3.4717946;42.8003273
-3.4731591;42.8003502
-3.4715443;42.8005638
-3.4923902;42.8050842
-3.4942784;42.8054924
-3.4465113;42.8061028
-3.4463203;42.8059959
-3.5162780;42.8067207
-3.5169687;42.8069916
-3.5189083;42.8071022
-3.5192013;42.8068466
-3.5178540;42.8071022
-3.5197508;42.8071098
-3.5203876;42.8071022
-3.5208151;42.8067551
-3.5197356;42.8072014
-3.5202591;42.8072510
-3.5196888;42.8073044
-3.5203848;42.8073311
-3.5205326;42.8072433
-3.5202625;42.8074837
-3.5196626;42.8074875
-3.5197651;42.8075638
-3.5200295;42.8076248
-3.5205793;42.8076515
-3.5205228;42.8077164
-3.5203302;42.8078499
-3.5224576;42.8077888
-3.5223575;42.8078918
-3.5220757;42.8080482
-3.5221121;42.8080750
-3.5206730;42.8081398
-3.5210519;42.8082733
-3.5211954;42.8083153
-3.5210562;42.8083191
-3.5231922;42.8082695
-3.5232506;42.8084526
-3.5220008;42.8084641
-3.5214992;42.8081703
-3.5207825;42.8085098
-3.5226686;42.8085136
-3.5227840;42.8085442
-3.5213268;42.8087044
-3.5236173;42.8086090
-3.5234101;42.8087845
-3.5221767;42.8087959
-3.5233524;42.8088036
-3.5236690;42.8088264
-3.5232942;42.8088646
-3.5241985;42.8090019
-3.5241318;42.8090324
-3.5241017;42.8090782
-3.5200720;42.8090858
-3.5236335;42.8091049
-3.5232353;42.8091202
-3.5224197;42.8091316
-3.5233359;42.8091774
-3.5232227;42.8092995
-3.5243411;42.8093529
-3.5233486;42.8093529
-3.5245194;42.8093452
-3.5241613;42.8094482
-3.5232146;42.8094559
-3.5243592;42.8094749
-3.5241480;42.8095207
-3.5238554;42.8095818
-3.5242054;42.8096008
-3.5229537;42.8096695
-3.5237617;42.8096848
-3.5231678;42.8098640
-3.5230317;42.8100243
-3.5233853;42.8100510
-3.5231159;42.8100739
-3.5229399;42.8101578
-3.5214334;42.8102379
-3.5237505;42.8103294
-3.5252924;42.8105850
-3.6169238;42.8107910
-3.4965656;42.8121033
-3.6173086;42.8122025
-3.6108844;42.8126640
-3.6053340;42.8129120
-3.4980474;42.8136330
-3.4985883;42.8137550
-3.4959257;42.8138008
-3.4956658;42.8136330
-3.4958227;42.8139420
-3.4957774;42.8140259
-3.4960797;42.8140488
-3.6019194;42.8141975
-3.4963424;42.8144722
-3.4950368;42.8147354
-3.4952512;42.8147812
-3.4948766;42.8149300
-3.4952583;42.8150177
-3.4956784;42.8150597
-3.4947433;42.8150635
-3.5353718;42.8150787
-3.4952786;42.8151321
-3.4946911;42.8151627
-3.4945569;42.8153381
-3.4947040;42.8153496
-3.4945643;42.8153572
-3.4947069;42.8153725
-3.4951851;42.8154106
-3.4955664;42.8154793
-3.4947312;42.8154984
-3.4949470;42.8154831
-3.4945581;42.8156357
-3.4941013;42.8156395
-3.4938626;42.8154945
-3.4953861;42.8157501
-3.4944310;42.8157845
-3.5348992;42.8159523
-3.4938457;42.8159599
-3.4937677;42.8160782
-3.4939032;42.8161469
-3.4957747;42.8161850
-3.4939842;42.8161888
-3.4937234;42.8163376
-3.4960334;42.8163452
-3.5349913;42.8163681
-3.4936485;42.8163795
-3.4955063;42.8165474
-3.5357397;42.8166885
-3.5247540;42.8153610
-3.5219822;42.8173904
-3.4749310;42.8179474
-3.4754200;42.8181305
-3.5384586;42.8186646
-3.4931960;42.8187561
-3.5169189;42.8189545
-3.5373433;42.8190079
-3.5132427;42.8190956
-3.5372059;42.8190994
-3.5143623;42.8191032
-3.5141358;42.8187828
-3.5139511;42.8191109
-3.5373700;42.8191261
-3.5391278;42.8191643
-3.5138948;42.8191795
-3.5145335;42.8192062
-3.5148191;42.8188324
-3.5145602;42.8192253
-3.5368364;42.8192368
-3.5142562;42.8192711
-3.5147035;42.8193054
-3.5141885;42.8193245
-3.5145774;42.8193779
-3.5148227;42.8193817
-3.5137055;42.8194122
-3.5389431;42.8194847
-3.5381749;42.8192902
-3.5144165;42.8195648
-3.5138872;42.8195648
-3.5138481;42.8195953
-3.5145371;42.8195992
-3.5137775;42.8196220
-3.5365129;42.8196526
-3.5147355;42.8196526
-3.5357859;42.8196869
-3.5352938;42.8194122
-3.5136499;42.8196869
-3.5361676;42.8196869
-3.5144436;42.8197594
-3.5390203;42.8198814
-3.5134151;42.8199158
-3.5156462;42.8199196
-3.5156848;42.8199463
-3.5388687;42.8199463
-3.5349605;42.8199844
-3.5394089;42.8200493
-3.5361183;42.8200874
-3.5380852;42.8204041
-3.5382397;42.8205910
-3.5378881;42.8207359
-3.5375087;42.8208961
-3.5390921;42.8211288
-3.5392098;42.8213234
-3.5396388;42.8213463
-3.5335214;42.8213463
-3.5394180;42.8214264
-3.5398459;42.8214455
-3.5395155;42.8214645
-3.5393064;42.8214912
-3.5396330;42.8215828
-3.5622897;42.8220863
-3.5621853;42.8219948
-3.5612600;42.8222427
-3.5611250;42.8222923
-3.5395920;42.8223000
-3.5607615;42.8223076
-3.5617154;42.8223610
-3.5396113;42.8224297
-3.5618198;42.8224678
-3.5617230;42.8225365
-3.5616081;42.8224907
-3.5618215;42.8226929
-3.5617185;42.8227005
-3.5617211;42.8227501
-3.4847200;42.8228340
-3.5621202;42.8228340
-3.5612891;42.8228569
-3.4887197;42.8229294
-3.5623360;42.8229370
-3.5618205;42.8229637
-3.5406187;42.8229637
-3.5410299;42.8222885
-3.5413160;42.8231468
-3.5392582;42.8231659
-3.5619755;42.8232498
-3.5399487;42.8232956
-3.5617914;42.8234673
-3.4870293;42.8236809
-3.5341840;42.8236961
-3.5367882;42.8237686
-3.4875333;42.8238068
-3.4876556;42.8238564
-3.4870408;42.8241501
-3.4866190;42.8239441
-3.4872003;42.8242912
-3.4875555;42.8243103
-3.4875553;42.8242683
-3.4874139;42.8243484
-3.4877677;42.8243561
-3.4873216;42.8243866
-3.4874685;42.8245506
-3.4876699;42.8246918
-3.4874156;42.8247490
-3.4874237;42.8248329
-3.4875987;42.8249130
-3.4877601;42.8250732
-3.4880097;42.8250618
-3.5280325;42.8256111
-3.5275457;42.8250465
-3.5305154;42.8236389
-3.5282979;42.8257790
-3.5283248;42.8257980
-3.5280471;42.8260384
-3.5279341;42.8262024
-3.5276909;42.8262520
-3.5308030;42.8265953
-3.5336757;42.8266640
-3.5278347;42.8267517
-3.5277054;42.8267174
-3.5699348;42.8268166
-3.5278101;42.8268814
-3.5280538;42.8269157
-3.5313594;42.8270187
-3.5315955;42.8273544
-3.5276546;42.8273582
-3.5373249;42.8273621
-3.5371678;42.8275871
-3.5374928;42.8277206
-3.5756578;42.8277168
-3.5753677;42.8277359
-3.5754199;42.8274574
-3.5278566;42.8277473
-3.5272474;42.8277779
-3.5753641;42.8277931
-3.5283830;42.8279762
-3.5271204;42.8280792
-3.5267382;42.8279419
-3.5740867;42.8282013
-3.5270715;42.8282356
-3.5273092;42.8283043
-3.5745494;42.8283577
-3.5752814;42.8286095
-3.5763841;42.8288765
-3.5389981;42.8289413
-3.5773458;42.8290787
-3.5392611;42.8291435
-3.5777266;42.8291702
-3.5266197;42.8292732
-3.5257869;42.8292198
-3.5732179;42.8292923
-3.5727630;42.8290405
-3.5734012;42.8293457
-3.5902684;42.8293190
-3.5902922;42.8293762
-3.5457935;42.8296089
-3.5465212;42.8297272
-3.5420825;42.8297729
-3.5417097;42.8294334
-3.5420303;42.8297729
-3.5276051;42.8298111
-3.5428717;42.8298187
-3.5741298;42.8298264
-3.5743437;42.8295975
-3.5726418;42.8298340
-3.5437229;42.8298492
-3.5758779;42.8298607
-3.5760765;42.8299217
-3.5414085;42.8299484
-3.5426800;42.8300400
-3.5745487;42.8300438
-3.5747039;42.8297691
-3.5973248;42.8300476
-3.5968375;42.8297958
-3.5426414;42.8300781
-3.5756762;42.8301277
-3.6049602;42.8295975
-3.6029661;42.8301430
-3.6026874;42.8300018
-3.5753324;42.8302002
-3.5760040;42.8302498
-3.6015651;42.8304062
-3.6014175;42.8302765
-3.5395823;42.8304405
-3.5395145;42.8304100
-3.5902195;42.8306351
-3.6193252;42.8307152
-3.5967152;42.8308144
-3.5962629;42.8306923
-3.5257900;42.8308487
-3.5902565;42.8308525
-3.5907483;42.8307800
-3.5906804;42.8308983
-3.5970168;42.8309059
-3.5995617;42.8309402
-3.5907204;42.8309631
-3.5436242;42.8310204
-3.5417151;42.8311043
-3.5970380;42.8311386
-3.5904901;42.8311577
-3.5902429;42.8312111
-3.5988293;42.8312263
-3.5976999;42.8311882
-3.5971923;42.8312416
-3.5970488;42.8312454
-3.5429573;42.8311348
-3.5427854;42.8312683
-3.5965502;42.8313026
-3.5432177;42.8313179
-3.5902183;42.8313370
-3.5904529;42.8313560
-3.5579398;42.8312340
-3.5588253;42.8313866
-3.5524077;42.8314781
-3.5417233;42.8314896
-3.5977721;42.8314972
-3.5901520;42.8314972
-3.5904024;42.8315048
-3.5430312;42.8315239
-3.5558362;42.8315239
-3.5557144;42.8315392
-3.5431771;42.8316078
-3.5419173;42.8316154
-3.5940235;42.8316650
-3.5424192;42.8317146
-3.5414708;42.8318520
-3.5401764;42.8320007
-3.5434175;42.8321152
-3.5242887;42.8321609
-3.5937977;42.8322678
-3.5406258;42.8322754
-3.5397909;42.8322754
-3.5410528;42.8324280
-3.5406573;42.8324928
-3.5415349;42.8325043
-3.5409110;42.8326302
-3.5405846;42.8326912
-3.5879447;42.8327065
-3.5408294;42.8327751
-3.6138477;42.8331566
-3.5405073;42.8328323
-3.5407598;42.8329201
-3.5407357;42.8329468
-3.5409031;42.8330002
-3.5404484;42.8331146
-3.5402331;42.8329697
-3.5406313;42.8332100
-3.5897162;42.8333015
-3.5405469;42.8333969
-3.5400915;42.8334503
-3.5405035;42.8335037
-3.5409646;42.8337402
-3.5403023;42.8339195
-3.5399294;42.8337898
-3.5923712;42.8340302
-3.5402212;42.8340378
-3.5921745;42.8342361
-3.5395410;42.8347397
-3.5392187;42.8348274
-3.5677621;42.8350182
-3.5394716;42.8354073
-3.5691986;42.8360786
-3.5972822;42.8391533
-3.5971513;42.8389511
-3.5979154;42.8392487
-3.5973485;42.8392639
-3.5971010;42.8392754
-3.5976892;42.8393021
-3.5987015;42.8394203
-3.5973835;42.8394966
-3.5985434;42.8395157
-3.5968614;42.8396759
-3.5974445;42.8397484
-3.6096511;42.8398514
-3.5923438;42.8400383
-3.5926752;42.8402252
-3.5975118;42.8406715
-3.5982239;42.8407631
-3.5976996;42.8408051
-3.5981052;42.8406372
-3.5988195;42.8406868
-3.5978792;42.8409958
-3.5979898;42.8409309
-3.5976996;42.8410034
-3.5974882;42.8410225
-3.6101048;42.8410339
-3.5817850;42.8410988
-3.5982463;42.8411789
-3.5988448;42.8409462
-3.5882008;42.8412666
-3.5979342;42.8413200
-3.5977426;42.8413315
-3.5803947;42.8413353
-3.5975065;42.8413429
-3.5810113;42.8417892
-3.5809157;42.8418617
-3.5810220;42.8418884
-3.5845366;42.8419685
-3.5979500;42.8419724
-3.5977871;42.8419228
-3.5979285;42.8421249
-3.5975995;42.8421249
-3.5970984;42.8413963
-3.5980411;42.8421555
-3.5813203;42.8421860
-3.5815656;42.8422737
-3.5975621;42.8422852
-3.5977809;42.8423691
-3.5812109;42.8423958
-3.5981507;42.8424377
-3.5786495;42.8424568
-3.5779643;42.8423119
-3.5730579;42.8425064
-3.5728388;42.8425484
-3.5727460;42.8425674
-3.5986795;42.8426323
-3.5974226;42.8427277
-3.5838904;42.8427505
-3.5867715;42.8426971
-3.5859745;42.8428268
-3.5847425;42.8428993
-3.5972884;42.8429642
-3.5850437;42.8429718
-3.5837100;42.8430252
-3.5851617;42.8430328
-3.5854576;42.8430595
-3.5983133;42.8431053
-3.5859265;42.8431206
-3.5850625;42.8432350
-3.5970061;42.8432693
-3.5963480;42.8425484
-3.5866883;42.8433228
-3.5849726;42.8433266
-3.5848241;42.8432770
-3.5868428;42.8433495
-3.5869696;42.8430977
-3.5848079;42.8433914
-3.5975642;42.8434372
-3.5854313;42.8434525
-3.5916774;42.8434715
-3.5916986;42.8435440
-3.5884464;42.8436050
-3.5969028;42.8438263
-3.5868635;42.8438416
-3.5836279;42.8439102
-3.5830655;42.8439293
-3.5866759;42.8439865
-3.5967922;42.8440285
-3.5852690;42.8440819
-3.5870075;42.8441048
-3.5907679;42.8442001
-3.5872204;42.8446426
-3.5966244;42.8446465
-3.6061392;42.8448486
-3.5949080;42.8451424
-3.5942998;42.8448639
-3.6059768;42.8453217
-3.6055608;42.8453445
-3.6056211;42.8449135
-3.6062324;42.8453636
-3.6052034;42.8454094
-3.6054282;42.8455353
-3.6044548;42.8456230
-3.6043916;42.8456192
-3.6054604;42.8456497
-3.6037812;42.8456650
-3.6037292;42.8456039
-3.6037583;42.8456726
-3.6036239;42.8457260
-3.6038172;42.8457565
-3.6035626;42.8457756
-3.6042886;42.8457756
-3.6037011;42.8457870
-3.6033628;42.8457870
-3.6035788;42.8452492
-3.6031098;42.8459702
-3.6032808;42.8460312
-3.6037030;42.8462906
-3.6055691;42.8464622
-3.6024132;42.8467789
-3.5965440;42.8472748
-3.5978279;42.8480530
-3.5982440;42.8482971
-3.5982909;42.8483276
-3.5992334;42.8484268
-3.5980320;42.8485947
-3.5979946;42.8485909
-3.5987012;42.8486023
-3.6012940;42.8497543
-3.6011229;42.8497353
-3.6044025;42.8498268
-3.6017525;42.8499031
-3.6023040;42.8499298
-3.6025505;42.8500366
-3.6019216;42.8500671
-3.6013303;42.8500862
-3.5997696;42.8501244
-3.6017914;42.8501511
-3.6021106;42.8501625
-3.6023359;42.8502426
-3.6023858;42.8502464
-3.6019833;42.8503685
-3.6037621;42.8506966
-3.5995829;42.8509178
-3.5995510;42.8510361
-3.6010230;42.8517647
-3.5989821;42.8524551
-3.5959005;42.8536301
-3.5944476;42.8558884
-3.5940368;42.8563118
-3.5927234;42.8591805
-3.5915561;42.8594856
-3.5918810;42.8673172
-2.9724081;42.6934052
-2.9859383;42.7053146
-2.9997411;42.6512489
-2.9993999;42.6513557
-3.0250258;42.7316246
-3.0251720;42.7318039
-2.9871540;42.6930656
-2.9864063;42.6923637
-3.0497270;42.6937180
-3.0500870;42.6936684
-3.0304556;42.6767921
-3.0305340;42.6770554
-3.0318284;42.6815681
-3.0318995;42.6818314
-3.0337720;42.6883202
-3.0338390;42.6885872
-2.9780204;42.6979790
-2.9781427;42.6980858
-3.0159118;42.7215843
-3.0157554;42.7215309
-3.0155823;42.7215424
-3.0156839;42.7217598
-3.0157461;42.7215729
-3.0165858;42.7248001
-3.0155079;42.7214584
-2.9904337;42.6480713
-2.9887385;42.6490746
-2.9963334;42.6497612
-2.9999437;42.6510849
-2.9999208;42.6502571
-2.9991090;42.6507645
-2.9999981;42.6511688
-2.9986515;42.6511993
-2.9985211;42.6514778
-2.9994099;42.6515121
-2.9984968;42.6515274
-2.9992869;42.6517906
-2.9999199;42.6518135
-3.0004189;42.6526566
-2.9839790;42.6540184
-2.9897311;42.6702881
-2.9895830;42.6702919
-2.9899683;42.6703339
-2.9897537;42.6703568
-2.9906423;42.6703720
-2.9877572;42.6704712
-2.9901731;42.6705589
-2.9848294;42.6707687
-2.9835982;42.6708832
-2.9893107;42.6710014
-2.9869647;42.6710091
-2.9849298;42.6712074
-2.9839473;42.6713142
-2.9849830;42.6714706
-2.9882817;42.6717606
-2.9824471;42.6764145
-3.0296109;42.6736450
-3.0328331;42.6850281
-3.0344799;42.6906433
-2.9747057;42.6919975
-2.9851573;42.6916580
-3.0358701;42.6920357
-3.0354798;42.6922340
-3.0355785;42.6925316
-3.0358610;42.6927528
-3.0361497;42.6923294
-3.0361741;42.6928864
-3.0363379;42.6929932
-3.0541127;42.6931190
-3.0550094;42.6930046
-3.0356517;42.6934624
-2.9902587;42.6927605
-3.0083284;42.6932526
-3.0102885;42.6937599
-3.0480204;42.6939507
-3.0009809;42.6944275
-3.0184155;42.6944542
-3.0238564;42.6936455
-3.0163333;42.6947365
-3.0420313;42.6947784
-3.0419862;42.6947899
-3.0409203;42.6949425
-3.0381544;42.6953201
-3.0250008;42.6955338
-3.0367391;42.6955757
-3.0301161;42.6957092
-3.0386922;42.6958160
-3.0311131;42.6959572
-3.0389471;42.6959763
-3.0386660;42.6960831
-3.0391562;42.6961479
-3.0398753;42.6963425
-3.0392489;42.6963692
-3.0389051;42.6964798
-3.0388484;42.6966286
-3.0401597;42.6966362
-3.0399296;42.6966782
-3.0398076;42.6967163
-3.0384312;42.6968307
-3.0394151;42.6969185
-3.0384812;42.6970520
-3.0395117;42.6972809
-3.0379510;42.6973457
-3.0399156;42.6976166
-3.0406651;42.6978226
-3.0397158;42.6983986
-3.0511305;42.6995163
-2.9895208;42.7070580
-2.9885259;42.7078667
-2.9890823;42.7084236
-2.9897366;42.7084770
-2.9892473;42.7085838
-2.9890246;42.7088280
-2.9901252;42.7088852
-2.9898369;42.7086220
-2.9892433;42.7089729
-2.9901099;42.7089767
-2.9902475;42.7091484
-2.9897113;42.7091599
-2.9897673;42.7092972
-2.9904847;42.7094345
-2.9899535;42.7096405
-2.9905682;42.7102890
-2.9936373;42.7141380
-3.0016913;42.7192268
-3.0056355;42.7203674
-3.0091121;42.7205391
-3.0178285;42.7222099
-3.0244820;42.7237740
-3.0282149;42.7242012
-3.0369487;42.7250977
-3.0172381;42.7260475
-3.0182345;42.7262611
-3.0174387;42.7263069
-3.0179090;42.7265320
-3.0176024;42.7266426
-3.0171607;42.7269135
-3.0170588;42.7269402
-3.0173090;42.7269592
-3.0165360;42.7268944
-3.0179400;42.7270355
-3.0179994;42.7270546
-3.0179350;42.7279930
-3.0182478;42.7279510
-3.0331571;42.7296677
-3.0399570;42.7289886
-3.0295818;42.7305145
-3.0289500;42.7311783
-3.0253232;42.7320061
-3.0255954;42.7323723
-3.0257785;42.7324524
-3.0273609;42.7325478
-3.0254698;42.7326012
-3.0264754;42.7322540
-3.0263510;42.7326241
-3.0269134;42.7326241
-3.0267107;42.7326698
-3.0266211;42.7326813
-3.0245838;42.7330513
-3.0266714;42.7330933
-3.0273399;42.7332001
-3.0256171;42.7337914
-3.1902397;42.6607323
-3.1901801;42.6606560
-3.1767807;42.6695213
-3.1771467;42.6701202
-3.1774817;42.6708260
-3.1776063;42.6710663
-3.2137556;42.6618805
-3.2139242;42.6618042
-3.1843328;42.6566086
-3.1792986;42.6588860
-3.1742034;42.6606674
-3.1740301;42.6608849
-3.2139845;42.6617813
-3.1700330;42.6562996
-3.1707935;42.6630974
-3.1708002;42.6631470
-3.1741722;42.6644897
-3.1743152;42.6649666
-3.1934016;42.6659622
-3.1745851;42.6663437
-3.1938093;42.6666718
-3.1934409;42.6661148
-3.1774397;42.6704674
-3.1938915;42.6667519
-3.1960604;42.6712532
-3.2045045;42.6716766
-3.1775157;42.6719246
-3.2026393;42.6725349
-3.1774094;42.6725349
-3.2012787;42.6722298
-3.2003119;42.6728363
-3.2011440;42.6729240
-3.1770294;42.6730690
-3.2012348;42.6730804
-3.2011240;42.6731033
-3.2006867;42.6731758
-3.2004921;42.6732101
-3.2004426;42.6732178
-3.1999071;42.6732216
-3.1994476;42.6732254
-3.1998451;42.6733131
-3.1772907;42.6733437
-3.1987171;42.6733856
-3.1996121;42.6734352
-3.1995244;42.6734810
-3.1990628;42.6735725
-3.2004540;42.6738625
-3.1982529;42.6738853
-3.1980953;42.6735344
-3.1996186;42.6739655
-3.1993806;42.6739655
-3.1986942;42.6740341
-3.2004738;42.6740417
-3.1999874;42.6740685
-3.1987975;42.6740837
-3.1996343;42.6741066
-3.1988671;42.6741219
-3.1979420;42.6742592
-3.2001269;42.6742935
-3.1996193;42.6743126
-3.1985586;42.6743622
-3.2005277;42.6743889
-3.2002439;42.6744843
-3.2003984;42.6744881
-3.2006013;42.6745033
-3.1984475;42.6746101
-3.1996329;42.6746140
-3.1989799;42.6747055
-3.2002747;42.6747360
-3.2000961;42.6747818
-3.1992025;42.6748581
-3.1982553;42.6749496
-3.1994500;42.6749535
-3.1981390;42.6749611
-3.1969073;42.6750793
-3.1979933;42.6750984
-3.1999757;42.6751328
-3.1985514;42.6751480
-3.1976852;42.6754189
-3.1975434;42.6755524
-3.2017708;42.6755981
-3.2048476;42.6773529
-3.2174394;42.6797791
-3.7852745;42.5907745
-3.7852676;42.5907173
-3.7783890;42.5802002
-3.7785251;42.5800743
-3.7829928;42.5926857
-3.7828512;42.5925446
-3.7683020;42.5624275
-3.7484684;42.5552864
-3.7655709;42.5628815
-3.7678947;42.5629272
-3.7656660;42.5632935
-3.7656944;42.5634155
-3.7676387;42.5637932
-3.7660363;42.5646400
-3.7663004;42.5650673
-3.7675860;42.5663490
-3.7688344;42.5667000
-3.7690415;42.5671768
-3.7690644;42.5672264
-3.7686567;42.5673866
-3.7692025;42.5675583
-3.7688551;42.5675812
-3.7689571;42.5676880
-3.7691169;42.5678825
-3.7694466;42.5683594
-3.7696574;42.5687523
-3.7714491;42.5711517
-3.7785819;42.5776787
-3.7791567;42.5783997
-3.7794867;42.5786934
-3.7795625;42.5788841
-3.7792435;42.5789909
-3.7793078;42.5791206
-3.7799225;42.5792274
-3.7798467;42.5792389
-3.7791128;42.5793114
-3.7789900;42.5795059
-3.7806761;42.5800018
-3.7777805;42.5807610
-3.7768364;42.5821075
-3.7754064;42.5830727
-3.7752035;42.5831642
-3.7754695;42.5834961
-3.7760487;42.5835915
-3.7756827;42.5836067
-3.7758479;42.5836487
-3.7753811;42.5836563
-3.7750399;42.5835075
-3.7750421;42.5836678
-3.7749388;42.5835838
-3.7759681;42.5836906
-3.7752337;42.5838509
-3.7755170;42.5838852
-3.7760041;42.5838966
-3.7762613;42.5837746
-3.7755907;42.5839195
-3.7762744;42.5839233
-3.7758641;42.5839424
-3.7763853;42.5839462
-3.7764316;42.5838089
-3.7774203;42.5839653
-3.7774704;42.5839386
-3.7765770;42.5839882
-3.7766788;42.5839996
-3.7766979;42.5838394
-3.7758505;42.5839996
-3.7771716;42.5840302
-3.7774038;42.5837555
-3.7770991;42.5838089
-3.7767239;42.5840874
-3.7771890;42.5840988
-3.7775490;42.5841484
-3.7772024;42.5841522
-3.7752657;42.5841064
-3.7751846;42.5841866
-3.7752554;42.5842476
-3.7750959;42.5842705
-3.7759960;42.5843163
-3.7753868;42.5843315
-3.7775340;42.5843010
-3.7776251;42.5843391
-3.7773280;42.5844154
-3.7764425;42.5844650
-3.7777066;42.5845222
-3.7778606;42.5845375
-3.7761123;42.5845680
-3.7760270;42.5845871
-3.7762234;42.5845871
-3.7776656;42.5846443
-3.7766929;42.5846748
-3.7767684;42.5846863
-3.7772243;42.5846863
-3.7767453;42.5847282
-3.7774618;42.5847359
-3.7763824;42.5847435
-3.7751274;42.5847931
-3.7750950;42.5848083
-3.7748914;42.5844879
-3.7776091;42.5848389
-3.7766685;42.5848579
-3.7777839;42.5849075
-3.7770610;42.5849266
-3.7763143;42.5849342
-3.7758424;42.5849342
-3.7764316;42.5850143
-3.7733595;42.5850029
-3.7728837;42.5850372
-3.7765441;42.5850449
-3.7765131;42.5850563
-3.7764530;42.5851326
-3.7773051;42.5851479
-3.7768877;42.5852623
-3.7762420;42.5852737
-3.7769246;42.5853004
-3.7769561;42.5853233
-3.7771053;42.5853271
-3.7770550;42.5853767
-3.7778394;42.5854340
-3.7777739;42.5851212
-3.7767272;42.5855560
-3.7776465;42.5856285
-3.7776089;42.5856667
-3.7783346;42.5857086
-3.7786043;42.5856667
-3.7765799;42.5858116
-3.7762239;42.5858536
-3.7760727;42.5858154
-3.7786562;42.5858879
-3.7781305;42.5858955
-3.7767322;42.5859032
-3.7780945;42.5859261
-3.7764668;42.5859489
-3.7769377;42.5859947
-3.7760320;42.5860329
-3.7767289;42.5860519
-3.7763572;42.5860634
-3.7771301;42.5861320
-3.7765510;42.5861816
-3.7787542;42.5862427
-3.7764180;42.5862732
-3.7772233;42.5862923
-3.7761214;42.5863647
-3.7759135;42.5864563
-3.7757399;42.5865135
-3.7771716;42.5865173
-3.7756755;42.5865250
-3.7756524;42.5864182
-3.7756236;42.5865326
-3.7755198;42.5865440
-3.7754390;42.5864105
-3.7751524;42.5865860
-3.7769349;42.5865898
-3.7767262;42.5865746
-3.7757678;42.5866547
-3.7759204;42.5866623
-3.7795820;42.5867500
-3.7755489;42.5867729
-3.7753367;42.5867615
-3.7757936;42.5867958
-3.7761941;42.5868149
-3.7759275;42.5868225
-3.7759471;42.5867081
-3.7753973;42.5869102
-3.7753191;42.5869102
-3.7754488;42.5870590
-3.7753067;42.5871010
-3.7802424;42.5871239
-3.7812216;42.5876579
-3.7823317;42.5883026
-3.7865939;42.5937424
-3.7862847;42.5942688
-3.7866464;42.5942764
-3.7870665;42.5942802
-3.7867105;42.5944138
-3.7871552;42.5945549
-3.7878621;42.5951004
-3.7924743;42.5994682
-3.7901039;42.6048927
-3.7892423;42.6052971
-3.7891419;42.6053429
-3.7889762;42.6054497
-3.7611456;42.6094475
-3.7583702;42.6098862
-3.7579741;42.6098900
-3.7579858;42.6099892
-3.7577784;42.6100006
-3.7577522;42.6100502
-3.7570205;42.6102448
-3.7832980;42.6082954
-3.7766011;42.6111450
-3.7718349;42.6120224
-3.7627602;42.6096001
-3.7516582;42.6125526
-3.7498960;42.6136055
-3.7462130;42.6158257
-3.3306084;42.6715240
-3.3303761;42.6715393
-3.3303521;42.6715469
-3.3294933;42.6717911
-3.3235254;42.6718102
-3.3197780;42.6713219
-3.3295875;42.6718330
-3.3283734;42.6719742
-3.3287437;42.6720047
-3.3257830;42.6720543
-3.3295867;42.6721649
-3.3286686;42.6751289
-3.3274851;42.6787796
-3.3268735;42.6798553
-3.3267562;42.6800461
-3.3266909;42.6801682
-3.3265224;42.6806145
-3.3263328;42.6810799
-3.3263495;42.6811600
-3.3262157;42.6814842
-3.3270452;42.6814880
-3.3261721;42.6816139
-3.3260436;42.6814537
-3.3278508;42.6816292
-3.3254898;42.6818047
-3.3252802;42.6818695
-3.3265357;42.6818695
-3.3269262;42.6819572
-3.3269823;42.6819839
-3.3271291;42.6819878
-3.3275900;42.6820297
-3.3262098;42.6820793
-3.3260016;42.6821404
-3.3268442;42.6822357
-3.3267467;42.6823425
-3.3267794;42.6826096
-3.3270769;42.6826210
-3.3261807;42.6826439
-3.3257244;42.6825600
-3.3267863;42.6828003
-3.3266456;42.6830635
-3.3271630;42.6834869
-3.3260067;42.6835785
-3.4116805;42.7364426
-3.4115472;42.7366409
-3.4117405;42.7363510
-3.4176722;42.7339020
-3.4177566;42.7342377
-3.4319541;42.7046776
-3.4319654;42.7047768
-3.4184043;42.7337761
-3.4183984;42.7341614
-3.4120667;42.7363014
-3.4123399;42.7365150
-3.4528239;42.7052422
-3.4529314;42.7051926
-3.4100096;42.7353287
-3.4099605;42.7352791
-3.4080026;42.7446060
-3.4078591;42.7454681
-3.4096427;42.7475471
-3.4100771;42.7480812
-3.4104874;42.7495880
-3.4109840;42.7502480
-3.4318795;42.6949654
-3.4318922;42.6950111
-3.4089408;42.7470436
-3.4091883;42.7472000
-3.4101877;42.7484131
-3.4103637;42.7491417
-3.4335184;42.7659950
-3.4336624;42.7662735
-3.4604933;42.7266350
-3.4605153;42.7265434
-3.4294651;42.6814384
-3.4289782;42.6816292
-3.2753286;42.7006416
-3.2755103;42.7006493
-3.2757828;42.7013359
-3.2755864;42.7013206
-3.2745233;42.7073288
-3.2744398;42.7072334
-3.4301825;42.6649628
-3.4301364;42.6651001
-3.4273016;42.6743698
-3.4272664;42.6745110
-3.4491837;42.7208557
-3.4491508;42.7209435
-3.4440401;42.7234955
-3.4439085;42.7234764
-3.4327114;42.6581650
-3.4327919;42.6581612
-3.4319313;42.6585426
-3.4321518;42.6583595
-3.4111524;42.7511330
-3.4110157;42.7512169
-3.4127667;42.7515564
-3.4124756;42.7516022
-3.4371192;42.6626778
-3.4372604;42.6627655
-3.4202266;42.6831245
-3.4200125;42.6831512
-3.4285693;42.6854668
-3.4285314;42.6853867
-3.4098082;42.7351265
-3.4100266;42.7349625
-3.4118814;42.7348213
-3.4139121;42.7337608
-3.4109006;42.7353401
-3.4454594;42.6376648
-3.4368863;42.6452370
-3.4348872;42.6495056
-3.4335327;42.6541443
-3.4337177;42.6551132
-3.4338624;42.6555634
-3.4338927;42.6556282
-3.4155049;42.6556282
-3.4343314;42.6557236
-3.4344912;42.6553497
-3.4344454;42.6557312
-3.4349041;42.6559563
-3.4344287;42.6559944
-3.4349437;42.6561356
-3.4353878;42.6559525
-3.4347997;42.6561928
-3.4345059;42.6562347
-3.4344687;42.6562576
-3.4342074;42.6562958
-3.4338727;42.6563606
-3.4352634;42.6562767
-3.4347293;42.6564026
-3.4179387;42.6564903
-3.4343090;42.6565819
-3.4347463;42.6566734
-3.4343410;42.6567383
-3.4347298;42.6569443
-3.4353716;42.6569443
-3.4343681;42.6569595
-3.4341314;42.6569824
-3.4350271;42.6570625
-3.4340894;42.6572495
-3.4346969;42.6573257
-3.4344068;42.6573563
-3.4352875;42.6575928
-3.4349535;42.6576576
-3.4349113;42.6575508
-3.4343123;42.6576653
-3.4346333;42.6577339
-3.4340391;42.6579170
-3.4347591;42.6579399
-3.4345655;42.6579399
-3.4343667;42.6579437
-3.4335532;42.6580772
-3.4356079;42.6581306
-3.4364002;42.6575851
-3.4328523;42.6581573
-3.4354630;42.6581955
-3.4343345;42.6581993
-3.4257762;42.6582451
-3.4350901;42.6585350
-3.4343657;42.6585732
-3.4341249;42.6585770
-3.4318426;42.6586189
-3.4343741;42.6586914
-3.4356122;42.6587105
-3.4316728;42.6587257
-3.4317918;42.6587334
-3.4343996;42.6588249
-3.4339700;42.6589317
-3.4318275;42.6589355
-3.4339926;42.6590576
-3.4347200;42.6591034
-3.4347253;42.6587143
-3.4347835;42.6591492
-3.4342983;42.6591606
-3.4344969;42.6592102
-3.4357436;42.6592331
-3.4349563;42.6592636
-3.4356210;42.6592789
-3.4345129;42.6593170
-3.4350071;42.6593933
-3.4360247;42.6595726
-3.4350758;42.6596375
-3.4363444;42.6600761
-3.4343514;42.6601257
-3.4349127;42.6603165
-3.4386992;42.6637268
-3.4431016;42.6667900
-3.4110234;42.6693497
-3.4484167;42.6696587
-3.4123595;42.6702271
-3.4283168;42.6709366
-3.3574789;42.6721687
-3.4567533;42.6729469
-3.4547901;42.6732178
-3.4196692;42.6737061
-3.3924243;42.6739426
-3.3925860;42.6739349
-3.3923445;42.6737137
-3.3930585;42.6740417
-3.3925848;42.6740532
-3.3922353;42.6742668
-3.3924546;42.6743279
-3.3922138;42.6743507
-3.3921895;42.6743774
-3.3920569;42.6743736
-3.3919716;42.6746140
-3.3912389;42.6746483
-3.3919458;42.6748886
-3.3923898;42.6748810
-3.4462206;42.6749153
-3.3919311;42.6749649
-3.3916967;42.6753120
-3.3922234;42.6755028
-3.4433749;42.6755409
-3.3914669;42.6757698
-3.3932550;42.6755943
-3.4386852;42.6758308
-3.3907292;42.6758385
-3.3906238;42.6757278
-3.3908174;42.6759491
-3.4230762;42.6759796
-3.3904634;42.6760445
-3.3849704;42.6763039
-3.3842835;42.6763077
-3.3910503;42.6763344
-3.3912680;42.6763535
-3.3915102;42.6763725
-3.3851719;42.6764603
-3.3890395;42.6765976
-3.3911805;42.6766052
-3.3912692;42.6765976
-3.3861303;42.6766701
-3.3862462;42.6765289
-3.3911545;42.6766815
-3.3850083;42.6767654
-3.3858042;42.6768112
-3.3785696;42.6768150
-3.3787479;42.6768532
-3.3854513;42.6768570
-3.3852625;42.6768608
-3.3842514;42.6768646
-3.3860993;42.6768799
-3.3845835;42.6769371
-3.3851526;42.6769371
-3.3910444;42.6770134
-3.3854232;42.6770554
-3.3857310;42.6771049
-3.3858213;42.6769829
-3.3852623;42.6771507
-3.3857315;42.6771851
-3.3908503;42.6771965
-3.3858690;42.6772270
-3.3854520;42.6772194
-3.3850152;42.6772537
-3.3868551;42.6768837
-3.3806794;42.6772842
-3.3841929;42.6772995
-3.3844717;42.6773453
-3.3849664;42.6774025
-3.3858433;42.6774216
-3.3910215;42.6775208
-3.3853533;42.6775246
-3.3878157;42.6775398
-3.3853548;42.6775780
-3.3849187;42.6776276
-3.3846838;42.6776237
-3.3850403;42.6777153
-3.3859057;42.6777267
-3.3862751;42.6774445
-3.3862956;42.6777306
-3.3840683;42.6777611
-3.3839674;42.6770668
-3.3856926;42.6777802
-3.3865316;42.6777802
-3.3848517;42.6778297
-3.4335606;42.6778641
-3.3840020;42.6778717
-3.3832803;42.6777191
-3.3847334;42.6778908
-3.3842618;42.6779099
-3.3859568;42.6779327
-3.3852339;42.6779823
-3.3838992;42.6780396
-3.3861871;42.6780396
-3.3860219;42.6780434
-3.3850758;42.6780472
-3.3842649;42.6781044
-3.3848670;42.6781502
-3.3847759;42.6781960
-3.3828790;42.6782570
-3.3853333;42.6782913
-3.3858182;42.6783791
-3.3859260;42.6784019
-3.4252183;42.6784172
-3.3863161;42.6784668
-3.3841434;42.6785126
-3.4257672;42.6786270
-3.3855557;42.6786652
-3.3848383;42.6786804
-3.4256094;42.6786804
-3.4255545;42.6788139
-3.3897407;42.6790352
-3.3909395;42.6790810
-3.4257989;42.6790924
-3.3867702;42.6791573
-3.3909216;42.6792183
-3.4263380;42.6798210
-3.3961182;42.6801300
-3.4266896;42.6805038
-3.4263661;42.6805229
-3.4262679;42.6806831
-3.4000039;42.6807098
-3.4022014;42.6809883
-3.4298809;42.6810188
-3.4268856;42.6810989
-3.4266126;42.6817131
-3.4263606;42.6817398
-3.4259582;42.6817665
-3.4259098;42.6819458
-3.4263978;42.6819725
-3.4255421;42.6819992
-3.4252505;42.6814194
-3.4246638;42.6817017
-3.4258881;42.6820297
-3.4104233;42.6820755
-3.4272678;42.6821861
-3.4268477;42.6821899
-3.4258506;42.6821976
-3.4264457;42.6821976
-3.4260342;42.6822014
-3.4263031;42.6822014
-3.4122205;42.6823769
-3.4279950;42.6824265
-3.4258285;42.6824341
-3.4253778;42.6824913
-3.4241142;42.6821594
-3.4260321;42.6825180
-3.4258146;42.6825180
-3.4262991;42.6825180
-3.4264374;42.6825218
-3.4268634;42.6825562
-3.4257901;42.6826744
-3.4268136;42.6827011
-3.4250462;42.6827278
-3.4263778;42.6827507
-3.4140255;42.6827850
-3.4145651;42.6828461
-3.4264622;42.6828575
-3.4257517;42.6828613
-3.4267352;42.6829224
-3.4257202;42.6830177
-3.4266024;42.6830406
-3.4270890;42.6828957
-3.4270737;42.6830597
-3.4268880;42.6830673
-3.4275730;42.6830750
-3.4255142;42.6831131
-3.4256833;42.6831551
-3.4158449;42.6831779
-3.4269075;42.6832428
-3.4176941;42.6831512
-3.4175005;42.6832466
-3.4250655;42.6832466
-3.4257286;42.6833420
-3.4270480;42.6833534
-3.4266934;42.6833687
-3.4265141;42.6833801
-3.4264073;42.6833878
-3.4274683;42.6834259
-3.4174125;42.6834450
-3.4174876;42.6835289
-3.4264083;42.6835823
-3.4270589;42.6835938
-3.4266465;42.6836166
-3.4268062;42.6836586
-3.4263837;42.6836891
-3.4258330;42.6836929
-3.4277756;42.6837006
-3.4255550;42.6837044
-3.4248013;42.6836052
-3.4185977;42.6837463
-3.4263639;42.6837502
-3.4189379;42.6837616
-3.4254827;42.6838875
-3.4277186;42.6838875
-3.4272926;42.6838875
-3.4257698;42.6839485
-3.4254494;42.6839752
-3.4262931;42.6839752
-3.4279227;42.6840363
-3.4204464;42.6841011
-3.4261460;42.6842842
-3.4281206;42.6844635
-3.4251277;42.6851501
-3.4284654;42.6852455
-3.4272566;42.6856728
-3.4279621;42.6859398
-3.4287522;42.6860161
-3.4287229;42.6863670
-3.4290850;42.6868668
-3.4296315;42.6881752
-3.2703764;42.6914635
-3.4313371;42.6933022
-3.4320109;42.6953697
-3.2730536;42.7025070
-3.2724380;42.7024994
-3.2751703;42.7028618
-3.2763028;42.7030602
-3.2375660;42.7031326
-3.2371783;42.7030640
-3.2769239;42.7032394
-3.2764816;42.7033501
-3.2763391;42.7032471
-3.2341495;42.7033768
-3.2768188;42.7033844
-3.2774758;42.7033997
-3.2587874;42.7023964
-3.2524912;42.7034073
-3.2766206;42.7034378
-3.2331555;42.7034607
-3.2328691;42.7032318
-3.2760465;42.7034950
-3.2756159;42.7031975
-3.2768841;42.7035027
-3.2766984;42.7035065
-3.2762728;42.7035103
-3.2764997;42.7035179
-3.2331631;42.7035484
-3.2326350;42.7035599
-3.2334404;42.7035866
-3.2640004;42.7035866
-3.2774150;42.7036362
-3.2770696;42.7036705
-3.2759848;42.7036972
-3.2325790;42.7037010
-3.2324080;42.7036743
-3.4318976;42.7037125
-3.2331140;42.7037163
-3.2756343;42.7037239
-3.2761014;42.7037354
-3.2329969;42.7037621
-3.2765827;42.7037735
-3.2756002;42.7037888
-3.2328510;42.7038193
-3.2757716;42.7038269
-3.2765088;42.7038956
-3.2644305;42.7038994
-3.2766354;42.7039070
-3.2663021;42.7036934
-3.2660367;42.7039261
-3.2759113;42.7039528
-3.4318819;42.7039719
-3.2328384;42.7040024
-3.2756002;42.7040062
-3.2648783;42.7040100
-3.2671325;42.7040138
-3.2659955;42.7040215
-3.2650940;42.7040520
-3.2659738;42.7040825
-3.2652473;42.7040863
-3.2661703;42.7040901
-3.2320309;42.7041092
-3.2312169;42.7040710
-3.2668760;42.7041283
-3.2670648;42.7039413
-3.2328260;42.7041283
-3.2665954;42.7041550
-3.2659719;42.7041702
-3.2660544;42.7041702
-3.2640865;42.7041817
-3.2667584;42.7041931
-3.2320571;42.7041969
-3.4534256;42.7039642
-3.4535117;42.7042427
-3.2326882;42.7042465
-3.2658944;42.7042580
-3.2659936;42.7042999
-3.2320833;42.7043152
-3.2665179;42.7043228
-3.2652807;42.7043266
-3.2660387;42.7043304
-3.2315664;42.7043533
-3.2316389;42.7043610
-3.2297652;42.7043648
-3.2664382;42.7043686
-3.2317829;42.7043724
-3.2649510;42.7044067
-3.2662504;42.7044067
-3.4536276;42.7044220
-3.4537392;42.7043877
-3.2662282;42.7044487
-3.2326410;42.7044563
-3.2320085;42.7044754
-3.4539590;42.7044792
-3.4610744;42.6996422
-3.4547250;42.7044830
-3.2658265;42.7044907
-3.4538054;42.7045097
-3.2647090;42.7045174
-3.2291677;42.7045250
-3.2664359;42.7045441
-3.2312987;42.7045479
-3.2309363;42.7045135
-3.2662153;42.7045670
-3.4531918;42.7045822
-3.4527702;42.7044983
-3.2655933;42.7045822
-3.2325685;42.7045822
-3.2666512;42.7045708
-3.4533935;42.7046204
-3.2316198;42.7046394
-3.4319499;42.7046394
-3.4322619;42.7045403
-3.4534218;42.7046814
-3.2662144;42.7046852
-3.4532139;42.7046890
-3.2654312;42.7047119
-3.4540076;42.7047119
-3.2310615;42.7047348
-3.2662201;42.7047806
-3.4531498;42.7047844
-3.4522688;42.7045403
-3.4326940;42.7048111
-3.4328368;42.7047119
-3.4325078;42.7047653
-3.4323123;42.7048187
-3.4326560;42.7048531
-3.4319744;42.7048531
-3.2311368;42.7048836
-3.4540417;42.7048988
-3.4541919;42.7049179
-3.2316728;42.7049332
-3.4537005;42.7049789
-3.2311182;42.7049942
-3.4536002;42.7050056
-3.4532659;42.7050095
-3.4540648;42.7050247
-3.4332416;42.7049942
-3.4330246;42.7050819
-3.4324517;42.7050819
-3.4531794;42.7050819
-3.2309532;42.7051735
-3.2308168;42.7050972
-3.4530315;42.7051926
-3.2308877;42.7051964
-3.4537942;42.7052231
-3.2312305;42.7052498
-3.4326086;42.7052536
-3.4527316;42.7052841
-3.4513118;42.7053642
-3.4336450;42.7053528
-3.4331617;42.7054825
-3.2300839;42.7054863
-3.4330308;42.7054901
-3.4333358;42.7054977
-3.4326603;42.7055130
-3.2310708;42.7055244
-3.4322109;42.7055359
-3.4325724;42.7055435
-3.4321733;42.7055435
-3.2233286;42.7055588
-3.4507003;42.7055740
-3.4320216;42.7055740
-3.4318559;42.7055435
-3.4315002;42.7056274
-3.4313519;42.7054443
-3.4333096;42.7056427
-3.4320130;42.7056885
-3.4320922;42.7056923
-3.4319305;42.7056999
-3.4321585;42.7057037
-3.4320066;42.7057495
-3.4312959;42.7057724
-3.4324949;42.7057877
-3.4327912;42.7057915
-3.4319968;42.7058487
-3.4315138;42.7058563
-3.4309788;42.7059174
-3.4317088;42.7059402
-3.4328918;42.7060471
-3.4304004;42.7061539
-3.4332621;42.7061729
-3.4298186;42.7062149
-3.4319673;42.7062302
-3.4325068;42.7062111
-3.4310625;42.7063446
-3.4313114;42.7063751
-3.4316356;42.7063828
-3.4319439;42.7063904
-3.4312937;42.7064743
-3.4318428;42.7066650
-3.2975671;42.7076950
-3.3031368;42.7079887
-3.3044927;42.7080917
-3.2178314;42.7083626
-3.2131169;42.7078247
-3.2761061;42.7090569
-3.2762601;42.7092552
-3.3131249;42.7103195
-3.3166323;42.7117195
-3.3198886;42.7120552
-3.3217087;42.7122612
-3.3218911;42.7120399
-3.3209429;42.7123032
-3.3206851;42.7117424
-3.3208196;42.7124557
-3.3213158;42.7124710
-3.3215759;42.7126083
-3.3227894;42.7126198
-3.3227177;42.7126884
-3.3223553;42.7125740
-3.3228600;42.7127419
-3.3222146;42.7128525
-3.3237221;42.7128563
-3.3241267;42.7128754
-3.3221886;42.7129097
-3.3214998;42.7129135
-3.3244417;42.7129707
-3.3244555;42.7128372
-3.3225389;42.7130470
-3.3223286;42.7130547
-3.3245802;42.7130585
-3.3227856;42.7131042
-3.3221755;42.7131081
-3.3247023;42.7131348
-3.3239748;42.7131615
-3.3227274;42.7131882
-3.3229120;42.7132072
-3.3213840;42.7132492
-3.3221858;42.7132797
-3.3223288;42.7132912
-3.3225567;42.7132988
-3.3220053;42.7133026
-3.3254364;42.7133369
-3.4521151;42.7134399
-3.3248734;42.7134399
-3.3231759;42.7134933
-3.3253455;42.7135010
-3.3225629;42.7135620
-3.3267584;42.7135735
-3.3283739;42.7135353
-3.3210490;42.7136116
-3.3258293;42.7136612
-3.3221369;42.7136917
-3.3213813;42.7136459
-3.3247211;42.7138023
-3.3216920;42.7138214
-3.3257554;42.7138290
-3.3207214;42.7138329
-3.3269145;42.7138443
-3.3273916;42.7137337
-3.3263073;42.7138481
-3.3252242;42.7138481
-3.3266594;42.7138557
-3.3244526;42.7138443
-3.3255839;42.7139015
-3.3248475;42.7139969
-3.3255236;42.7140999
-3.3268673;42.7141151
-3.3323414;42.7141190
-3.3249540;42.7141418
-3.3276792;42.7141647
-3.3251789;42.7142563
-3.3248181;42.7143593
-3.3245304;42.7143402
-3.3250842;42.7143898
-3.3256483;42.7144012
-3.3257785;42.7142067
-3.3260033;42.7144089
-3.3265681;42.7144623
-3.3266768;42.7145042
-3.3250744;42.7144699
-3.3273480;42.7145767
-3.3266368;42.7146111
-3.3275764;42.7146721
-3.3272057;42.7147789
-3.4515982;42.7161980
-3.4393420;42.7171631
-3.4496284;42.7199478
-3.3547852;42.7201576
-3.4493759;42.7205238
-3.4499869;42.7205658
-3.4500048;42.7202568
-3.4497979;42.7204514
-3.4501405;42.7206802
-3.4511280;42.7207298
-3.4513757;42.7208138
-3.4511962;42.7208977
-3.4511535;42.7209473
-3.4521029;42.7209473
-3.4507341;42.7209969
-3.4514284;42.7210083
-3.4505205;42.7211418
-3.4509518;42.7211647
-3.4512603;42.7212982
-3.4516535;42.7213440
-3.4517763;42.7211266
-3.4519951;42.7214470
-3.4524195;42.7215614
-3.4524951;42.7216187
-3.4511001;42.7216644
-3.4512551;42.7217216
-3.4510722;42.7217255
-3.4527571;42.7217712
-3.4531646;42.7218513
-3.4526587;42.7218628
-3.4509473;42.7218933
-3.4508200;42.7218742
-3.4503734;42.7219009
-3.4530056;42.7219162
-3.4507091;42.7219429
-3.4514408;42.7218018
-3.4478400;42.7219849
-3.4498782;42.7220230
-3.4507732;42.7221031
-3.4509513;42.7220917
-3.4507887;42.7223091
-3.4508471;42.7223091
-3.4533803;42.7223778
-3.4507768;42.7227554
-3.4420123;42.7232285
-3.4551892;42.7233391
-3.3599088;42.7233849
-3.4447825;42.7235527
-3.4448345;42.7235527
-3.4562755;42.7239838
-3.4576986;42.7241707
-3.4579298;42.7242622
-3.4573154;42.7242622
-3.4581695;42.7244873
-3.4576864;42.7245293
-3.4584470;42.7247238
-3.4581134;42.7246323
-3.4579871;42.7248268
-3.4587495;42.7248421
-3.4582932;42.7248840
-3.4579809;42.7249260
-3.4582446;42.7249413
-3.4585412;42.7249908
-3.4577250;42.7250633
-3.4583197;42.7253571
-3.4581721;42.7255516
-3.4588115;42.7256584
-3.4592321;42.7257767
-3.3746276;42.7264519
-3.3747735;42.7261620
-3.3750563;42.7267036
-3.3741820;42.7267532
-3.3740139;42.7267609
-3.3740857;42.7265778
-3.3733823;42.7263641
-3.3754334;42.7267990
-3.3754704;42.7265472
-3.3749161;42.7267990
-3.3751702;42.7268257
-3.3751566;42.7270126
-3.3752413;42.7270355
-3.3761230;42.7271309
-3.3762798;42.7268600
-3.3741937;42.7272873
-3.3744605;42.7273331
-3.3742042;42.7274170
-3.3739250;42.7273979
-3.4397485;42.7274704
-3.3738024;42.7275124
-3.3736622;42.7274170
-3.3741827;42.7276001
-3.3737745;42.7276421
-3.3706958;42.7278252
-3.4598770;42.7278366
-3.3747699;42.7279816
-3.3741913;42.7279854
-3.3741713;42.7280693
-3.3737645;42.7280960
-3.3734827;42.7281723
-3.3731310;42.7282791
-3.3729341;42.7283401
-3.3782821;42.7286491
-3.3824494;42.7303009
-3.3836915;42.7316628
-3.4159098;42.7326202
-3.4154351;42.7324257
-3.4166677;42.7326241
-3.4146218;42.7327919
-3.4146402;42.7324829
-3.4150710;42.7325974
-3.4150741;42.7329979
-3.4145668;42.7330780
-3.4150002;42.7333145
-3.4144688;42.7333641
-3.4165797;42.7334175
-3.4150603;42.7335701
-3.4144897;42.7335968
-3.4170115;42.7336540
-3.4150944;42.7337036
-3.4148817;42.7337074
-3.4177077;42.7337303
-3.4141369;42.7339516
-3.4160469;42.7339516
-3.4153442;42.7339745
-3.4150999;42.7339821
-3.4148903;42.7340050
-3.4145689;42.7340660
-3.4137640;42.7341042
-3.4197893;42.7341080
-3.4201221;42.7337189
-3.4136422;42.7341194
-3.4137454;42.7342339
-3.4147096;42.7342377
-3.4150884;42.7342606
-3.4137278;42.7345276
-3.4134796;42.7345505
-3.4140968;42.7345695
-3.4133003;42.7345963
-3.4135022;42.7345963
-3.4132259;42.7342606
-3.4137380;42.7346344
-3.3993061;42.7340164
-3.4133084;42.7346687
-3.4223070;42.7346687
-3.4185593;42.7347908
-3.4181566;42.7347984
-3.4129865;42.7348938
-3.4176061;42.7349892
-3.4268231;42.7349243
-3.4294310;42.7350311
-3.4145906;42.7348213
-3.4136965;42.7351303
-3.4137161;42.7348137
-3.4125857;42.7351875
-3.4132690;42.7352600
-3.4127736;42.7352104
-3.4195030;42.7354012
-3.4142056;42.7354279
-3.4101288;42.7354469
-3.4217203;42.7354584
-3.4140773;42.7355576
-3.4093583;42.7356186
-3.4221127;42.7356911
-3.4378440;42.7358627
-3.4389067;42.7352371
-3.4361081;42.7352104
-3.4119811;42.7359581
-3.4117353;42.7358513
-3.4118521;42.7361832
-3.4375908;42.7362099
-3.4374137;42.7364731
-3.4371397;42.7365494
-3.4432950;42.7354317
-3.4387612;42.7365913
-3.4125309;42.7367249
-3.4128168;42.7364693
-3.4262102;42.7365303
-3.4272771;42.7367287
-3.4362879;42.7368317
-3.4249432;42.7369232
-3.4121866;42.7369843
-3.4121888;42.7371826
-3.4288769;42.7371902
-3.4359772;42.7375793
-3.4330578;42.7376442
-3.4331071;42.7376747
-3.4338984;42.7377434
-3.4358790;42.7377701
-3.4101558;42.7380066
-3.4363384;42.7382088
-3.4368014;42.7382164
-3.4357462;42.7382507
-3.4356062;42.7382622
-3.4353633;42.7382889
-3.4356065;42.7383499
-3.4289594;42.7383728
-3.4351079;42.7383842
-3.4348655;42.7384033
-3.4346061;42.7384338
-3.4339480;42.7384949
-3.4357042;42.7384949
-3.4353957;42.7386742
-3.4343421;42.7387390
-3.4353843;42.7387543
-3.4361408;42.7388039
-3.4291224;42.7388611
-3.4358647;42.7389145
-3.4363396;42.7389297
-3.4356096;42.7391090
-3.4357848;42.7394028
-3.4506438;42.7414780
-3.4524484;42.7409248
-3.4606569;42.7457161
-3.4621971;42.7473793
-3.4103763;42.7492027
-3.4711711;42.7498436
-3.3402295;42.7504768
-3.3400588;42.7504120
-3.3408475;42.7503586
-3.4115572;42.7506027
-3.3400452;42.7507095
-3.3407600;42.7508469
-3.3395867;42.7509575
-3.3395243;42.7505684
-3.3408213;42.7512169
-3.3404739;42.7512169
-3.3404126;42.7509651
-3.3401113;42.7512474
-3.3404198;42.7514076
-3.3401666;42.7514954
-3.4129000;42.7515106
-3.3408072;42.7515144
-3.3749301;42.7515411
-3.3732150;42.7508087
-3.3414569;42.7515678
-3.3420475;42.7515907
-3.3400466;42.7516060
-3.3457358;42.7512474
-3.3427320;42.7516174
-3.3407416;42.7517662
-3.3611240;42.7518845
-3.4134135;42.7520828
-3.4094210;42.7526207
-3.4010248;42.7524605
-3.4197769;42.7552872
-3.4387088;42.7641220
-3.4397082;42.7645187
-3.4395468;42.7646255
-3.4396205;42.7646751
-3.4394801;42.7647247
-3.4403632;42.7649078
-3.4332798;42.7654305
-3.4338129;42.7668228
-3.4335725;42.7673988
-3.4536755;42.7709045
-3.4676754;42.7798958
-3.4677889;42.7799530
-3.4685674;42.7803574
-3.4282372;42.7804985
-3.4691465;42.7806625
-3.4704318;42.7807388
-3.4702954;42.7803993
-3.4704654;42.7808228
-3.4703417;42.7808304
-3.4696498;42.7809448
-3.4704552;42.7810020
-3.4706700;42.7810860
-3.4702814;42.7811050
-3.4700079;42.7809601
-3.4708712;42.7812042
-3.4712334;42.7810822
-3.4706185;42.7812195
-3.4701192;42.7812920
-3.4703870;42.7813263
-3.4705634;42.7813416
-3.4701407;42.7813988
-3.4698157;42.7814789
-3.4707487;42.7816849
-3.4704220;42.7818413
-3.4694846;42.7822304
-3.4694483;42.7824631
-3.4187350;42.7858315
-3.5316362;42.7061615
-3.5315416;42.7062378
-3.5331807;42.7056732
-3.5330942;42.7056580
-3.5331180;42.7066727
-3.5330455;42.7067490
-3.5307727;42.7046928
-3.5321841;42.7049026
-3.5320590;42.7043304
-3.5325050;42.7050171
-3.5327258;42.7052345
-3.5320306;42.7053146
-3.5326104;42.7054214
-3.5346205;42.7052422
-3.5335441;42.7055321
-3.5337300;42.7055969
-3.5335188;42.7056236
-3.5339634;42.7056427
-3.5330091;42.7056427
-3.5334711;42.7057457
-3.5335681;42.7057724
-3.5323648;42.7057724
-3.5338192;42.7057991
-3.5326390;42.7058067
-3.5320821;42.7058105
-3.5328655;42.7058334
-3.5335107;42.7059479
-3.5342827;42.7060394
-3.5315073;42.7062645
-3.5309849;42.7064285
-3.5328972;42.7068558
-3.5328081;42.7071381
-3.5329723;42.7072372
-3.5284405;42.7072754
-3.5263019;42.7085609
-3.5453510;42.6401711
-3.5464001;42.6407623
-3.1177590;42.6278458
-3.1223447;42.6263962
-3.1168494;42.6284523
-3.1168120;42.6284409
-3.1154964;42.6275139
-3.1132379;42.6268654
-3.1120324;42.6266975
-3.1123970;42.6274452
-3.1119447;42.6276093
-3.1146927;42.6276512
-3.1143060;42.6275139
-3.1114950;42.6332588
-3.1112807;42.6332397
-3.1074047;42.6377907
-3.1060216;42.6385117
-3.1046107;42.6390800
-3.1043055;42.6391487
-3.1054542;42.6394043
-3.1051817;42.6393585
-3.1084962;42.6334534
-3.1080024;42.6348686
-3.1082971;42.6349258
-3.1087220;42.6336441
-3.0981920;42.6393204
-3.0959454;42.6408463
-3.0962381;42.6409492
-3.0983648;42.6395149
-3.1131692;42.6234207
-3.1128936;42.6235733
-3.1129689;42.6237755
-3.1132579;42.6236115
-3.1099479;42.6262054
-3.1096668;42.6266518
-3.1099069;42.6267166
-3.1101768;42.6263237
-3.1119547;42.6276283
-3.1124039;42.6275063
-3.1131854;42.6232834
-3.1127369;42.6235695
-3.0899761;42.6448669
-3.0925622;42.6439171
-3.0829935;42.6457405
-3.0922856;42.6438179
-3.0899165;42.6446495
-3.0828226;42.6456184
-3.1112912;42.6312675
-3.1105590;42.6325378
-3.1104772;42.6330261
-3.1222374;42.6253777
-3.1220536;42.6254730
-3.1284423;42.6257896
-3.1280751;42.6237602
-3.1319296;42.6255226
-3.1319342;42.6246300
-3.1333854;42.6247330
-3.1281700;42.6246147
-3.1318595;42.6238937
-3.1222470;42.6256905
-3.0896482;42.6136246
-3.0948741;42.6167336
-3.0970426;42.6182938
-3.1005099;42.6207581
-3.1013532;42.6213341
-3.1179757;42.6218987
-3.1237662;42.6216431
-3.1441145;42.6234627
-3.1114547;42.6245651
-3.1136105;42.6246109
-3.1121287;42.6245346
-3.1513076;42.6248703
-3.1554098;42.6246834
-3.1555026;42.6248589
-3.1105142;42.6258469
-3.1122551;42.6261559
-3.1131811;42.6251907
-3.1089828;42.6262016
-3.1092286;42.6262970
-3.1116741;42.6264610
-3.1116247;42.6264725
-3.1111162;42.6265907
-3.1103184;42.6266136
-3.1120300;42.6266518
-3.1110566;42.6266823
-3.1120207;42.6267433
-3.1177974;42.6252022
-3.1119523;42.6268158
-3.1115727;42.6268349
-3.1116199;42.6268539
-3.1120064;42.6272697
-3.1137784;42.6273727
-3.1118286;42.6276588
-3.1131203;42.6277847
-3.1125576;42.6279716
-3.1113296;42.6280212
-3.1114616;42.6281624
-3.1101396;42.6280937
-3.1103179;42.6283913
-3.1166658;42.6283836
-3.1120503;42.6285362
-3.1105001;42.6287308
-3.1105628;42.6288567
-3.1217616;42.6289825
-3.1219180;42.6289635
-3.1184213;42.6290131
-3.1187987;42.6291084
-3.1191747;42.6291656
-3.1187944;42.6292496
-3.1130600;42.6292534
-3.1187615;42.6292610
-3.1104345;42.6292648
-3.1107876;42.6292725
-3.1332066;42.6293297
-3.1185234;42.6293488
-3.1102834;42.6296616
-3.1149681;42.6297455
-3.1141193;42.6289864
-3.1140003;42.6301460
-3.1132383;42.6293869
-3.1142449;42.6304169
-3.1145132;42.6305771
-3.1438141;42.6305809
-3.1112540;42.6305847
-3.1124794;42.6300545
-3.1120834;42.6307030
-3.1142447;42.6307259
-3.1103599;42.6309700
-3.1103573;42.6304054
-3.1133657;42.6313324
-3.1133370;42.6313553
-3.1101279;42.6314163
-3.1100826;42.6320076
-3.1118486;42.6329727
-3.1100092;42.6329842
-3.1111636;42.6330757
-3.1123836;42.6330757
-3.1103964;42.6330910
-3.1111562;42.6331291
-3.1102729;42.6320152
-3.1101189;42.6331520
-3.1117206;42.6332512
-3.1562202;42.6333084
-3.1120870;42.6333084
-3.1124268;42.6333618
-3.1564677;42.6333694
-3.1099784;42.6333885
-3.1123223;42.6334267
-3.1104712;42.6334534
-3.1108618;42.6332169
-3.1104479;42.6335564
-3.1123779;42.6336746
-3.1135561;42.6334305
-3.1120439;42.6337509
-3.1120787;42.6338959
-3.1103470;42.6340599
-3.1116264;42.6340637
-3.1105015;42.6340942
-3.1119380;42.6341553
-3.1112683;42.6341896
-3.1109931;42.6341133
-3.1599724;42.6342773
-3.1114607;42.6343498
-3.1117709;42.6344147
-3.1098685;42.6346626
-3.1110673;42.6347618
-3.1113300;42.6350250
-3.1107357;42.6351166
-3.1113806;42.6351471
-3.1114302;42.6352425
-3.1110237;42.6352806
-3.1113863;42.6352882
-3.1117797;42.6350784
-3.1117589;42.6352921
-3.1112146;42.6352997
-3.1119366;42.6353302
-3.1096480;42.6352692
-3.1111982;42.6354103
-3.1106746;42.6354752
-3.1115570;42.6354904
-3.1093600;42.6355324
-3.1114452;42.6356583
-3.1115127;42.6356926
-3.1117549;42.6357193
-3.1111655;42.6358337
-3.1111343;42.6358871
-3.1108332;42.6358948
-3.1113038;42.6358986
-3.1108792;42.6359978
-3.1111448;42.6360016
-3.1108961;42.6360321
-3.1112759;42.6360550
-3.1101923;42.6353455
-3.1100957;42.6360664
-3.1115453;42.6361122
-3.1106381;42.6364098
-3.1106019;42.6364632
-3.1110747;42.6364708
-3.1114874;42.6365204
-3.1105258;42.6365738
-3.1110978;42.6365814
-3.1113994;42.6365891
-3.1121056;42.6366844
-3.1111269;42.6367569
-3.1109991;42.6370049
-3.1112123;42.6371727
-3.1085536;42.6387520
-3.1052248;42.6388931
-3.1075234;42.6391754
-3.1034634;42.6392021
-3.1026902;42.6391487
-3.1034155;42.6393509
-3.0923247;42.6458778
-3.0922158;42.6460228
-3.0918810;42.6464081
-3.0911825;42.6469536
-3.0885866;42.6484108
-3.0873845;42.6493492
-3.0856457;42.6511879
-3.0849333;42.6523209
-3.0815094;42.6602898
-3.0834630;42.6632156
-3.0834744;42.6646576
-3.0845103;42.6678352
-3.1979489;42.7152939
-3.1880741;42.7169189
-3.1775999;42.7146988
-3.1784079;42.7173576
-3.1788392;42.7180099
-3.1788626;42.7178497
-3.1788042;42.7185020
-3.1790798;42.7182312
-3.1787138;42.7188683
-3.1787169;42.7189674
-3.1788979;42.7189865
-3.1791332;42.7189026
-3.1786971;42.7190971
-3.1787171;42.7191391
-3.1787663;42.7192001
-3.1785572;42.7192192
-3.1783252;42.7191124
-3.1788747;42.7193146
-3.1784146;42.7194252
-3.1785741;42.7194481
-3.1789978;42.7194672
-3.1792238;42.7194328
-3.1783071;42.7195473
-3.1785541;42.7196121
-3.1791244;42.7196121
-3.1793017;42.7196198
-3.1790922;42.7196198
-3.1777630;42.7194939
-3.1783271;42.7196426
-3.1796389;42.7196426
-3.1791224;42.7196732
-3.1788268;42.7196732
-3.1786015;42.7196808
-3.1792064;42.7196808
-3.1781433;42.7197113
-3.1791031;42.7197838
-3.1785264;42.7198257
-3.1788185;42.7198257
-3.1788397;42.7198830
-3.1783128;42.7199326
-3.1788976;42.7199974
-3.1794775;42.7200089
-3.1796043;42.7199059
-3.1790764;42.7200317
-3.1785581;42.7200775
-3.1794982;42.7201157
-3.1796510;42.7201271
-3.1797304;42.7201271
-3.1790609;42.7201424
-3.1790528;42.7202072
-3.1791024;42.7203789
-3.1786416;42.7203789
-3.1790867;42.7205315
-3.1793473;42.7205048
-3.2963886;42.7259521
-3.2972138;42.7262917
-3.2970848;42.7263641
-3.2970340;42.7263565
-3.2967999;42.7264099
-3.2968326;42.7264328
-3.2969027;42.7264748
-3.2971735;42.7266197
-3.2978320;42.7267723
-3.2976301;42.7265396
-3.2979209;42.7268257
-3.2968915;42.7268867
-3.2981491;42.7269478
-3.2982161;42.7268829
-3.2977536;42.7269936
-3.2977843;42.7270126
-3.2982860;42.7270164
-3.2984293;42.7268562
-3.2984185;42.7270737
-3.2951214;42.7271271
-3.2949538;42.7270699
-3.2948713;42.7271500
-3.2948010;42.7271881
-3.2944818;42.7271118
-3.2987766;42.7272034
-3.2975838;42.7272148
-3.2949882;42.7272263
-3.2990129;42.7272644
-3.2990818;42.7272224
-3.2982304;42.7272720
-3.2988992;42.7273102
-3.2989604;42.7273674
-3.2951951;42.7273865
-3.2980809;42.7274132
-3.2990162;42.7274246
-3.2949121;42.7274323
-3.2993872;42.7274361
-3.2986181;42.7274780
-3.2949307;42.7275009
-3.2947755;42.7274704
-3.2987373;42.7275314
-3.2987864;42.7275543
-3.2988801;42.7275963
-3.2984390;42.7276840
-3.2948895;42.7277031
-3.2987912;42.7280540
-3.2525554;42.7313538
-3.2521448;42.7310982
-3.2526414;42.7314034
-3.2528713;42.7312584
-3.2522128;42.7314034
-3.2518041;42.7312469
-3.2523911;42.7314911
-3.2527843;42.7315445
-3.2525415;42.7316551
-3.2526984;42.7316628
-3.2524018;42.7316666
-3.2519751;42.7315521
-3.2527862;42.7316704
-3.2535653;42.7316856
-3.2525249;42.7317619
-3.2525499;42.7317810
-3.2522418;42.7317848
-3.2518485;42.7315636
-3.2530532;42.7318535
-3.2524049;42.7318840
-3.2523625;42.7319870
-3.2529387;42.7319946
-3.2525678;42.7320023
-3.2529445;42.7320366
-3.2524695;42.7321091
-3.2528572;42.7321243
-3.2539978;42.7321053
-3.2538338;42.7321434
-3.2535336;42.7321548
-3.2536345;42.7320518
-3.2541542;42.7321892
-3.2543364;42.7320976
-3.2536554;42.7322083
-3.2537405;42.7322464
-3.2532213;42.7322540
-3.2537935;42.7322769
-3.2541628;42.7322998
-3.2542906;42.7323303
-3.2534995;42.7323761
-3.2539594;42.7324142
-3.2531378;42.7324638
-3.2533829;42.7324905
-3.2544611;42.7331047
-3.2544475;42.7333565
-3.2542167;42.7336273
-3.2540855;42.7335510
-3.2541282;42.7336693
-3.2545638;42.7338028
-3.2546165;42.7339401
-3.2545731;42.7341385
-3.2548625;42.7342033
-3.3124504;42.7342224
-3.2544332;42.7344246
-3.2550139;42.7344856
-3.2540271;42.7345276
-3.2543728;42.7345428
-3.2546656;42.7345428
-3.2545259;42.7345543
-3.2551386;42.7346916
-3.2547493;42.7347145
-3.2543054;42.7347221
-3.2549150;42.7347641
-3.2552321;42.7348747
-3.2548511;42.7349586
-3.2553811;42.7350578
-3.2553120;42.7350731
-3.2549427;42.7351761
-3.3141296;42.7353439
-3.3142736;42.7360497
-3.2556527;42.7361298
-3.2543554;42.7385902
-3.2558980;42.7393684
-3.2610517;42.7447433
-3.5463362;42.6408997
-3.5462995;42.6409492
-3.5103064;42.6393280
-3.5027001;42.6382713
-3.5450146;42.6389427
-3.5438340;42.6389771
-3.4109645;42.6011505
-3.4111254;42.6012230
-3.4164956;42.6053276
-3.4166117;42.6054268
-3.4227688;42.5872078
-3.4224565;42.5873184
-3.4216528;42.5876083
-3.4186242;42.5890617
-3.4161522;42.5895767
-3.4147685;42.5896950
-3.4144652;42.5897102
-3.4142506;42.5897255
-3.4143410;42.5898209
-3.4137347;42.5898399
-3.4135470;42.5891266
-3.4131768;42.5897408
-3.4128966;42.5898743
-3.4127648;42.5897331
-3.4136477;42.5898743
-3.4141312;42.5898895
-3.4130650;42.5900574
-3.4127402;42.5901604
-3.4126422;42.5900002
-3.4124186;42.5894737
-3.4113204;42.5901756
-3.4106982;42.5900917
-3.4136398;42.5902061
-3.4130857;42.5902252
-3.4141557;42.5902328
-3.4135623;42.5902596
-3.4122095;42.5903130
-3.4134650;42.5903244
-3.4120157;42.5903549
-3.4117186;42.5901260
-3.4135382;42.5903549
-3.4116986;42.5904541
-3.4134440;42.5906906
-3.4131656;42.5907097
-3.4130394;42.5907745
-3.4135008;42.5907784
-3.4135375;42.5908356
-3.4129097;42.5908928
-3.4131815;42.5908966
-3.4136162;42.5909538
-3.4128017;42.5909996
-3.4132981;42.5911064
-3.4129453;42.5911217
-3.4132025;42.5911522
-3.4137771;42.5911560
-3.4124594;42.5913315
-3.3977611;42.5927010
-3.3962517;42.5919762
-3.3982637;42.5929451
-3.5472550;42.6405830
-3.5476890;42.6401596
-3.3996296;42.5939598
-3.4040325;42.5969505
-3.4069092;42.5992661
-3.4070506;42.5993652
-3.4109356;42.6011391
-3.4120088;42.6016731
-3.4161289;42.6050262
-3.4172308;42.6059380
-3.4186416;42.6071243
-3.4216959;42.6088638
-3.5470495;42.6405792
-3.5472212;42.6407356
-3.5265894;42.6791344
-3.5261734;42.6745758
-3.4894054;42.6241684
-3.4891710;42.6271286
-3.5022998;42.6680031
-3.5022173;42.6680565
-3.4984879;42.6670341
-3.4985077;42.6671104
-3.4891765;42.6300697
-3.4891882;42.6309814
-3.4829807;42.6436691
-3.4830277;42.6437988
-3.4857280;42.6542206
-3.4857559;42.6544571
-3.4869959;42.6565895
-3.4870930;42.6566887
-3.4897225;42.6659241
-3.4898779;42.6658058
-3.4755309;42.6695595
-3.4753506;42.6695251
-3.5254714;42.6705437
-3.5253670;42.6704826
-3.5471516;42.6276016
-3.5469196;42.6278496
-3.5148346;42.6384888
-3.5146854;42.6385269
-3.5448756;42.6387444
-3.4823215;42.6574707
-3.4824214;42.6574745
-3.4815252;42.6574860
-3.4818220;42.6574783
-3.4893253;42.6294136
-3.4895768;42.6294518
-3.4900694;42.6298752
-3.4902012;42.6299591
-3.4899952;42.6087646
-3.4897664;42.6091805
-3.4891098;42.6180916
-3.4891453;42.6279373
-3.4891665;42.6292877
-3.4891748;42.6299515
-3.4903522;42.6300354
-3.4907558;42.6302223
-3.4921358;42.6303864
-3.4920809;42.6304703
-3.4922974;42.6305313
-3.4920168;42.6305809
-3.4922686;42.6306267
-3.5446825;42.6306267
-3.4911642;42.6304398
-3.4912317;42.6307449
-3.4912093;42.6307945
-3.4917252;42.6305504
-3.4915824;42.6308784
-3.4916339;42.6309052
-3.4933600;42.6309700
-3.4934504;42.6308174
-3.4917917;42.6309814
-3.4932432;42.6307755
-3.4931087;42.6310196
-3.4915142;42.6311417
-3.4923413;42.6311874
-3.4891918;42.6312637
-3.4907813;42.6312866
-3.4891922;42.6313057
-3.4902155;42.6313133
-3.4928992;42.6313896
-3.4915369;42.6313934
-3.4933593;42.6314774
-3.4914472;42.6315346
-3.5445249;42.6315727
-3.4909332;42.6316719
-3.4927120;42.6316872
-3.4913125;42.6316872
-3.4916682;42.6316910
-3.4915941;42.6317558
-3.4919512;42.6317749
-3.4937193;42.6318398
-3.4909062;42.6318474
-3.4924488;42.6318855
-3.4923160;42.6316414
-3.4908841;42.6318932
-3.4925864;42.6319046
-3.4908075;42.6319962
-3.4913449;42.6321068
-3.4906931;42.6321564
-3.4908009;42.6323433
-3.4892049;42.6325989
-3.4892013;42.6327591
-3.4901049;42.6328735
-3.5423701;42.6346970
-3.4951801;42.6360168
-3.4877024;42.6362381
-3.4876971;42.6362648
-3.5419641;42.6373291
-3.5302436;42.6365700
-3.5194190;42.6373558
-3.5177214;42.6381607
-3.5445571;42.6383591
-3.5153654;42.6383591
-3.5149477;42.6384621
-3.4644260;42.6385384
-3.4843135;42.6389999
-3.5466230;42.6410027
-3.5466456;42.6410255
-3.5468228;42.6411896
-3.5468760;42.6412697
-3.5457897;42.6412964
-3.5465546;42.6414261
-3.5459263;42.6414413
-3.5464489;42.6414642
-3.5475540;42.6415215
-3.5462217;42.6415482
-3.5455749;42.6416130
-3.5455940;42.6416397
-3.5456576;42.6417770
-3.5456724;42.6421165
-3.5472119;42.6423454
-3.4828987;42.6434479
-3.4841948;42.6469574
-3.4678161;42.6498756
-3.4855332;42.6533813
-3.4726877;42.6539154
-3.4741657;42.6554527
-3.4777045;42.6561394
-3.4822323;42.6574707
-3.4814196;42.6574860
-3.4827225;42.6576843
-3.4837155;42.6588135
-3.5921490;42.6592407
-3.4841087;42.6592598
-3.4878912;42.6607056
-3.4879048;42.6607819
-3.4879529;42.6616287
-3.4880893;42.6616554
-3.5797009;42.6618309
-3.5042567;42.6619186
-3.5028906;42.6616440
-3.5033536;42.6630096
-3.6194012;42.6577835
-3.6170070;42.6630554
-3.5732899;42.6630745
-3.5022914;42.6630859
-3.5013371;42.6612473
-3.5005207;42.6632462
-3.5718529;42.6633530
-3.5034647;42.6633759
-3.5716960;42.6633873
-3.4997380;42.6635323
-3.4983199;42.6631966
-3.5003505;42.6635551
-3.4996407;42.6621971
-3.5009265;42.6635590
-3.5032432;42.6639366
-3.5024452;42.6635742
-3.5680997;42.6640930
-3.5676119;42.6641960
-3.4953899;42.6643715
-3.5029254;42.6644211
-3.5019026;42.6648407
-3.5641124;42.6648903
-3.5639563;42.6649208
-3.5022595;42.6649666
-3.5023406;42.6650009
-3.4956400;42.6650124
-3.5021408;42.6651192
-3.4957848;42.6651649
-3.5008509;42.6651840
-3.4996519;42.6653671
-3.4985247;42.6651688
-3.5022438;42.6653595
-3.5020313;42.6653900
-3.5028763;42.6654816
-3.5022604;42.6655006
-3.5012336;42.6655045
-3.4983914;42.6655388
-3.5029821;42.6655731
-3.5009232;42.6655731
-3.5009632;42.6655731
-3.5025561;42.6655731
-3.4986205;42.6656151
-3.5018287;42.6656685
-3.4987671;42.6656761
-3.5028992;42.6657143
-3.5004275;42.6657181
-3.5022922;42.6657181
-3.5015714;42.6657219
-3.5021143;42.6657257
-3.5019152;42.6657333
-3.5028527;42.6657639
-3.5006149;42.6657944
-3.5022650;42.6658173
-3.5028517;42.6658401
-3.5590377;42.6658707
-3.5024281;42.6658897
-3.5001650;42.6659126
-3.5024896;42.6659126
-3.5028489;42.6659317
-3.5028033;42.6659508
-3.5011828;42.6659508
-3.5009465;42.6659622
-3.5019224;42.6660004
-3.5008919;42.6660118
-3.5003278;42.6660309
-3.5022743;42.6660423
-3.5017066;42.6658707
-3.5017228;42.6660461
-3.5019162;42.6660576
-3.5014677;42.6660767
-3.4968417;42.6660843
-3.5014153;42.6660995
-3.5005243;42.6661224
-3.5004387;42.6661301
-3.5013447;42.6661339
-3.5023603;42.6661339
-3.5022774;42.6661377
-3.5025923;42.6661453
-3.5027783;42.6661530
-3.4998415;42.6661530
-3.4889989;42.6661606
-3.4835274;42.6651688
-3.5009336;42.6661835
-3.5023413;42.6661987
-3.4815428;42.6662140
-3.5025847;42.6662216
-3.5010567;42.6663017
-3.5021422;42.6663094
-3.5007396;42.6663437
-3.4955397;42.6662941
-3.5563757;42.6664009
-3.5008328;42.6664009
-3.5007961;42.6664085
-3.5019953;42.6664200
-3.5007322;42.6664658
-3.5015910;42.6665306
-3.5005696;42.6665382
-3.5006144;42.6665573
-3.4980702;42.6665688
-3.5027745;42.6665993
-3.5026090;42.6666260
-3.4979949;42.6666603
-3.5015128;42.6666679
-3.5013874;42.6667099
-3.5019155;42.6667099
-3.5012958;42.6667519
-3.5027795;42.6667633
-3.5026355;42.6667862
-3.5022700;42.6668129
-3.5023942;42.6668396
-3.5018048;42.6668434
-3.5535836;42.6669273
-3.5017967;42.6669579
-3.5017507;42.6670227
-3.5023043;42.6670647
-3.5028665;42.6671143
-3.5017970;42.6671181
-3.5017357;42.6671562
-3.4986908;42.6673088
-3.5031564;42.6674118
-3.4792025;42.6675758
-3.5027149;42.6677628
-3.5028865;42.6678772
-3.5004842;42.6679230
-3.5005510;42.6679230
-3.5012481;42.6679306
-3.5014431;42.6679840
-3.5014496;42.6680717
-3.5021498;42.6680908
-3.4998000;42.6681213
-3.5472198;42.6681786
-3.4997206;42.6681976
-3.5034127;42.6682091
-3.5005648;42.6682854
-3.4987123;42.6683960
-3.4954388;42.6684303
-3.5009768;42.6684456
-3.5013583;42.6684494
-3.5013306;42.6685715
-3.5016935;42.6685715
-3.5038416;42.6678963
-3.4692264;42.6685104
-3.4675534;42.6690140
-3.4988844;42.6690292
-3.5353439;42.6690826
-3.5350902;42.6690941
-3.5220644;42.6691933
-3.5099862;42.6667938
-3.5226297;42.6692886
-3.5337794;42.6693382
-3.4766815;42.6697159
-3.4779952;42.6697693
-3.4775660;42.6721458
-3.4584744;42.6724777
-3.4762599;42.6782379
-3.6143713;42.6812363
-3.6143942;42.6827011
-3.3410063;42.5108109
-3.3567011;42.4968147
-3.3522391;42.4971886
-3.3490875;42.5013733
-3.3460901;42.5014076
-3.3476167;42.5015221
-3.3489015;42.5015678
-3.3478382;42.5016937
-3.3493028;42.5017471
-3.3482773;42.5017548
-3.3484044;42.5018234
-3.3509789;42.5018997
-3.3485875;42.5019226
-3.3469062;42.5019264
-3.3472657;42.5019875
-3.3455951;42.5021400
-3.3490076;42.5021629
-3.3484023;42.5021782
-3.3472776;42.5021973
-3.3476181;42.5022774
-3.3455045;42.5022888
-3.3477058;42.5023270
-3.3472531;42.5023308
-3.3482957;42.5023308
-3.3466318;42.5023346
-3.3486304;42.5024757
-3.3481729;42.5024872
-3.3462930;42.5024872
-3.3460653;42.5022888
-3.3473392;42.5024986
-3.3477712;42.5027962
-3.3479314;42.5028992
-3.3476183;42.5028992
-3.3475666;42.5029297
-3.3490710;42.5030289
-3.3477230;42.5030785
-3.3497286;42.5032005
-3.3471730;42.5032387
-3.3470206;42.5033340
-3.3469377;42.5033493
-3.3478372;42.5034676
-3.3475378;42.5035095
-3.3476834;42.5035858
-3.3473818;42.5036240
-3.3471527;42.5036545
-3.3473182;42.5037041
-3.3479021;42.5037384
-3.3476219;42.5038376
-3.3475425;42.5038795
-3.3471417;42.5038986
-3.3486185;42.5039253
-3.3464236;42.5039558
-3.3473477;42.5040321
-3.3458722;42.5047264
-3.3440447;42.5050545
-3.3419871;42.5104637
-3.3662691;42.5872231
-3.3661249;42.5872154
-3.3588970;42.5863075
-3.3587143;42.5862579
-3.3761096;42.5894623
-3.3759389;42.5894547
-3.3808296;42.5895882
-3.3807027;42.5895576
-3.3916197;42.5898132
-3.3914552;42.5898209
-3.3685389;42.5870743
-3.3684103;42.5870285
-3.3531430;42.5855789
-3.3523221;42.5854568
-3.3510263;42.5856247
-3.3658285;42.5856781
-3.3658268;42.5858154
-3.3669875;42.5853691
-3.3667626;42.5858307
-3.3668544;42.5851707
-3.3669205;42.5859222
-3.3659751;42.5859337
-3.3667171;42.5859871
-3.3658257;42.5862160
-3.3653610;42.5855827
-3.3667994;42.5862160
-3.3668482;42.5863419
-3.3668470;42.5867043
-3.3670487;42.5867882
-3.3663516;42.5868912
-3.3672755;42.5869293
-3.3620708;42.5869942
-3.3668308;42.5870209
-3.3680646;42.5870018
-3.3678234;42.5870361
-3.3679571;42.5870399
-3.3662682;42.5870628
-3.3663054;42.5861931
-3.3668373;42.5871086
-3.3671885;42.5871162
-3.3677452;42.5871162
-3.3637176;42.5871964
-3.3647256;42.5872040
-3.3658404;42.5872040
-3.3653398;42.5872040
-3.3663151;42.5872269
-3.3691404;42.5872269
-3.3671966;42.5872459
-3.3672614;42.5872459
-3.3677976;42.5872536
-3.3667960;42.5872536
-3.3697853;42.5872765
-3.3710346;42.5874023
-3.3675938;42.5874786
-3.3677604;42.5875664
-3.3660445;42.5879326
-3.3746147;42.5893517
-3.3777404;42.5894852
-3.3804231;42.5894966
-3.3812442;42.5896263
-3.3925526;42.5900917
-3.3881366;42.5902367
-3.3943577;42.5912552
-3.2749424;42.6647415
-3.3031154;42.6691399
-3.3031917;42.6694603
-3.3062899;42.6695747
-3.3059678;42.6695290
-3.3064003;42.6693802
-3.3065386;42.6693993
-3.3066773;42.6692696
-3.2973013;42.6478729
-3.2956548;42.6535454
-3.2729588;42.6645050
-3.2767673;42.6649551
-3.2787678;42.6651421
-3.2786331;42.6651993
-3.2798252;42.6653328
-3.2810462;42.6654167
-3.2797403;42.6654549
-3.2811441;42.6654892
-3.2816944;42.6654892
-3.2798481;42.6655197
-3.2816272;42.6655502
-3.2833025;42.6657448
-3.2796254;42.6659203
-3.2877796;42.6662712
-3.2897909;42.6664925
-3.2898226;42.6665611
-3.2910130;42.6669197
-3.2907689;42.6670914
-3.2907810;42.6672173
-3.2921624;42.6673889
-3.2907627;42.6675644
-3.2940831;42.6680756
-3.2951839;42.6681900
-3.2961845;42.6683083
-3.2980137;42.6676483
-3.2978361;42.6683693
-3.2977736;42.6681824
-3.2967706;42.6683731
-3.2970006;42.6683960
-3.2970595;42.6684036
-3.2974010;42.6684418
-3.2978642;42.6684875
-3.2980931;42.6685143
-3.2991722;42.6686554
-3.2991617;42.6687088
-3.3000643;42.6687660
-3.2988245;42.6688423
-3.2986159;42.6688118
-3.2991030;42.6689949
-3.3026445;42.6690865
-3.2985523;42.6691704
-3.3033893;42.6691742
-3.2987545;42.6691856
-3.2786889;42.6691971
-3.2990489;42.6692505
-3.2998481;42.6692886
-3.2990346;42.6692924
-3.2984772;42.6693306
-3.2990141;42.6693382
-3.2983665;42.6694832
-3.2984431;42.6694908
-3.2979555;42.6694946
-3.2978280;42.6695061
-3.2976131;42.6692581
-3.2786903;42.6695213
-3.2989340;42.6695671
-3.2959809;42.6691360
-3.3068898;42.6696548
-3.2979698;42.6696663
-3.2997615;42.6696739
-3.2982385;42.6697311
-3.2995639;42.6699638
-3.2988360;42.6699829
-3.2981889;42.6699944
-3.2911041;42.6701241
-3.2989104;42.6702385
-3.2988148;42.6702576
-3.2986495;42.6702843
-3.2981637;42.6703720
-3.2796721;42.6701889
-3.2788424;42.6704979
-3.2977040;42.6705132
-3.2800777;42.6705132
-3.2795169;42.6705971
-3.2909603;42.6707077
-3.2789721;42.6707611
-3.2789874;42.6708145
-3.2794604;42.6708527
-3.2790406;42.6709328
-3.2794561;42.6709328
-3.2788692;42.6709747
-3.2791212;42.6710510
-3.2791502;42.6710968
-3.2794151;42.6711922
-3.2787519;42.6711998
-3.2793849;42.6714935
-3.2788100;42.6715279
-3.2794588;42.6716003
-3.2909918;42.6717567
-3.2904236;42.6720543
-3.2912116;42.6720543
-3.2794590;42.6720810
-3.2909768;42.6720963
-3.2907400;42.6721916
-3.2913687;42.6722717
-3.2897961;42.6723061
-3.2792766;42.6725159
-3.2798116;42.6726189
-3.2788742;42.6726990
-3.2798948;42.6727905
-3.2927542;42.6729622
-3.2956958;42.6733971
-3.2954509;42.6756363
-3.2943058;42.6756783
-3.2955253;42.6758575
-3.2955465;42.6760254
-3.2959149;42.6761322
-3.2964215;42.6760445
-3.2955713;42.6761436
-3.2955346;42.6762314
-3.2955739;42.6762466
-3.2943678;42.6762466
-3.2949758;42.6764221
-3.2959566;42.6764755
-3.2953742;42.6765518
-3.2955763;42.6765671
-3.2964897;42.6765976
-3.2952945;42.6769791
-3.2948160;42.6773415
-3.2953777;42.6774292
-3.1917982;42.5475273
-3.1917005;42.5474281
-3.2021742;42.5438080
-3.1997898;42.5433960
-3.2134676;42.5439453
-3.2131793;42.5438347
-3.2137201;42.5440483
-3.2089808;42.5452271
-3.2180045;42.5457420
-3.2180755;42.5457687
-3.1961286;42.5459595
-3.1958594;42.5462265
-3.1915641;42.5472832
-3.1913202;42.5472298
-3.2225401;42.5475388
-3.2228131;42.5476494
-3.1921663;42.5478783
-3.1941173;42.5480270
-3.1934841;42.5480461
-3.1938748;42.5480766
-3.1932263;42.5482140
-3.1928058;42.5482750
-3.1926315;42.5482979
-3.1934052;42.5483742
-3.1915929;42.5484428
-3.1913974;42.5484772
-3.1931973;42.5485001
-3.1907897;42.5485802
-3.1943278;42.5485954
-3.1928589;42.5486031
-3.1687803;42.5486603
-3.1910820;42.5487709
-3.1934550;42.5488091
-3.1944687;42.5488586
-3.1933460;42.5488701
-3.1942849;42.5488968
-3.1940663;42.5489426
-3.2340236;42.5489655
-3.1829236;42.5488930
-3.1931367;42.5490532
-3.1923642;42.5486870
-3.2291172;42.5490913
-3.1710711;42.5494347
-3.1947749;42.5494728
-3.1935303;42.5494843
-3.1928608;42.5494843
-3.1924493;42.5493469
-3.1802428;42.5495186
-3.1948903;42.5495491
-3.1948037;42.5496063
-3.1942575;42.5496674
-3.1944664;42.5498390
-3.1953847;42.5498505
-3.1937556;42.5500412
-3.1939521;42.5501175
-3.1950326;42.5501404
-3.1912265;42.5503273
-3.1948733;42.5503922
-3.1944470;42.5504036
-3.1959791;42.5504150
-3.1913424;42.5504990
-3.1955581;42.5506783
-3.1950662;42.5506897
-3.1956246;42.5508385
-3.3822808;42.5139313
-3.3822401;42.5140800
-3.3818896;42.5142250
-3.3817306;42.5142136
-3.3873808;42.4992638
-3.3847320;42.5030899
-3.3842428;42.5039864
-3.3837152;42.5081367
-3.3837206;42.5089264
-3.3843200;42.5088387
-3.3839614;42.5089989
-3.3848407;42.5090523
-3.3843243;42.5091629
-3.3842044;42.5092430
-3.3840992;42.5092659
-3.3839366;42.5096359
-3.3835421;42.5097275
-3.3842089;42.5097504
-3.3835645;42.5099716
-3.3849125;42.5105820
-3.4388092;42.5908241
-3.4386892;42.5907555
-3.4388936;42.5782394
-3.4387965;42.5783157
-3.4375429;42.5900383
-3.4376974;42.5901566
-3.4435585;42.5745430
-3.4435079;42.5748367
-3.4431164;42.5771446
-3.4425721;42.5773430
-3.4423223;42.5773239
-3.4403462;42.5773926
-3.4404016;42.5771446
-3.4402747;42.5774155
-3.4425027;42.5774193
-3.4400513;42.5774307
-3.4423192;42.5774460
-3.4396405;42.5775146
-3.4405692;42.5775604
-3.4402854;42.5775642
-3.4389365;42.5775795
-3.4391050;42.5773888
-3.4383883;42.5774498
-3.4399750;42.5775833
-3.4402263;42.5776405
-3.4393826;42.5777206
-3.4427626;42.5777245
-3.4420824;42.5777550
-3.4403162;42.5777626
-3.4395969;42.5777740
-3.4404373;42.5777779
-3.4405491;42.5777931
-3.4421978;42.5778160
-3.4410071;42.5778351
-3.4411800;42.5778580
-3.4401846;42.5778656
-3.4412785;42.5778694
-3.4419470;42.5779152
-3.4416652;42.5779305
-3.4404738;42.5779495
-3.4420676;42.5779533
-3.4425282;42.5780220
-3.4420171;42.5780411
-3.4409983;42.5781479
-3.4423988;42.5781898
-3.4415472;42.5782890
-3.4416609;42.5783195
-3.4404366;42.5783463
-3.4386537;42.5784302
-3.4421930;42.5784645
-3.4414353;42.5785294
-3.4426732;42.5786400
-3.4451549;42.5786247
-3.4450085;42.5786705
-3.4447286;42.5788879
-3.4376209;42.5789604
-3.4452560;42.5789719
-3.4427478;42.5790253
-3.4444575;42.5791740
-3.4451258;42.5791817
-3.4371259;42.5791893
-3.4450727;42.5794029
-3.4457641;42.5794182
-3.4454234;42.5795517
-3.4331241;42.5816536
-3.4258349;42.5860825
-3.4253283;42.5862503
-3.4303925;42.5880280
-3.4304996;42.5880623
-3.4348528;42.5879631
-3.4385724;42.5906982
-3.4402018;42.5908241
-3.4395664;42.5910568
-3.4394095;42.5907364
-3.4394050;42.5910683
-3.4397550;42.5910912
-3.4394662;42.5911293
-3.4399862;42.5911369
-3.4396720;42.5912247
-3.4399335;42.5912704
-3.4389892;42.5910797
-3.4389105;42.5913429
-3.4392328;42.5913582
-3.4391012;42.5914688
-3.4395702;42.5914955
-3.4390218;42.5915756
-3.4395213;42.5916443
-3.4389198;42.5917168
-3.4391878;42.5918388
-3.4387970;42.5920181
-3.4790299;42.6048698
-3.5063913;42.5411682
-3.5060477;42.5421867
-3.5198290;42.5151596
-3.5197065;42.5153389
-3.5176525;42.5192337
-3.5176461;42.5195045
-3.5158179;42.5245094
-3.5157208;42.5246086
-3.5060072;42.5423126
-3.4809389;42.5582161
-3.4807124;42.5582695
-3.4885812;42.5591049
-3.4884169;42.5590820
-3.4762721;42.5592651
-3.4761574;42.5592880
-3.5272112;42.4964943
-3.5288885;42.5008278
-3.5280659;42.4998627
-3.5295920;42.5012779
-3.5311368;42.5070229
-3.5303769;42.5082054
-3.5266252;42.5105133
-3.5219712;42.5133286
-3.5205853;42.5142174
-3.5198953;42.5150604
-3.5126309;42.5297127
-3.5118668;42.5316849
-3.5109370;42.5327339
-3.5105999;42.5325775
-3.5114362;42.5327911
-3.5102797;42.5329018
-3.5104325;42.5329437
-3.5101829;42.5330200
-3.5101418;42.5330696
-3.5099454;42.5332985
-3.5096998;42.5335999
-3.5089779;42.5343170
-3.5088773;42.5344887
-3.5071566;42.5349884
-3.5069637;42.5347595
-3.5070651;42.5352249
-3.5085824;42.5350342
-3.5058208;42.5356216
-3.5087917;42.5357323
-3.5081844;42.5365677
-3.5080466;42.5368958
-3.5080068;42.5369911
-3.5066586;42.5396118
-3.5034301;42.5504150
-3.5033431;42.5506325
-3.5011852;42.5511017
-3.5014517;42.5513191
-3.5020266;42.5522232
-3.5026290;42.5523338
-3.5021346;42.5523949
-3.5023141;42.5521889
-3.5025885;42.5525551
-3.5030377;42.5525398
-3.5023506;42.5526276
-3.5025647;42.5526733
-3.5022845;42.5527000
-3.5022354;42.5528412
-3.5013144;42.5530815
-3.5012510;42.5530891
-3.5021539;42.5530930
-3.5020578;42.5533028
-3.5020347;42.5533562
-3.5022240;42.5541153
-3.5017486;42.5541496
-3.5012834;42.5538559
-3.5023167;42.5544357
-3.5016263;42.5545540
-3.5019798;42.5546036
-3.5020301;42.5548172
-3.5017669;42.5550804
-3.5016940;42.5551796
-3.5021987;42.5551872
-3.5019441;42.5552902
-3.5009766;42.5555382
-3.5005679;42.5560837
-3.5003910;42.5562859
-3.4995344;42.5572243
-3.4757633;42.5593719
-3.4970341;42.5597382
-3.4963920;42.5603867
-3.4979968;42.5686951
-3.5261297;42.7289734
-3.5259838;42.7290039
-3.5317240;42.7290459
-3.5316107;42.7290382
-3.5176489;42.7259560
-3.5196362;42.7275200
-3.5294518;42.7289352
-3.5320623;42.7285919
-3.5318127;42.7290497
-3.5331368;42.7288857
-3.5334499;42.7291679
-3.5339992;42.7292709
-3.5330501;42.7295265
-3.5337868;42.7296295
-3.5332961;42.7298126
-3.5329914;42.7298508
-3.5315783;42.7296028
-3.5312803;42.7301826
-3.5301113;42.7306290
-3.5299654;42.7307129
-3.5304115;42.7309647
-3.5317252;42.7305183
-3.5335793;42.7384567
-3.5334184;42.7392311
-3.5366426;42.7461014
-3.5369985;42.7472916
-3.5391614;42.7482224
-3.5410759;42.7493019
-3.5415213;42.7497787
-3.5416572;42.7503777
-3.5416176;42.7507286
-3.5413635;42.7511787
-3.5419276;42.7511864
-3.5418627;42.7511902
-3.5413816;42.7514534
-3.5421476;42.7515373
-3.5427048;42.7515297
-3.5414238;42.7517548
-3.5406785;42.7518539
-3.5406945;42.7519073
-3.5419455;42.7524300
-3.5027218;42.7528000
-3.5424602;42.7540588
-3.5041983;42.7549324
-3.5074620;42.7544899
-3.5072145;42.7549858
-3.5072796;42.7550468
-3.5069678;42.7550812
-3.5076423;42.7550888
-3.5075858;42.7551346
-3.5062385;42.7550926
-3.5076816;42.7551727
-3.5071423;42.7551842
-3.5068998;42.7552071
-3.5060647;42.7552605
-3.5045652;42.7552643
-3.5421467;42.7559166
-3.5060487;42.7560692
-3.5419366;42.7563133
-3.5422151;42.7636948
-3.5206923;42.7639503
-3.5408821;42.7647133
-3.5346272;42.7651672
-3.5319343;42.7657852
-3.5270309;42.7661629
-3.4960506;42.7669029
-3.4947929;42.7661514
-3.4957671;42.7675438
-3.4955146;42.7675133
-3.4957933;42.7675476
-3.4972284;42.7674370
-3.4960284;42.7676315
-3.4955177;42.7676506
-3.4964600;42.7677383
-3.4946599;42.7677574
-3.4963095;42.7681351
-3.5402567;42.7689056
-3.5402875;42.7689743
-3.5397868;42.7698669
-3.5400293;42.7701302
-3.5409980;42.7701836
-3.5401385;42.7703438
-3.5397909;42.7703362
-3.5409052;42.7705460
-3.5412123;42.7705612
-3.5403829;42.7705688
-3.5421093;42.7706375
-3.5408926;42.7708321
-3.5406451;42.7708397
-3.5555117;42.7712746
-3.5554280;42.7710495
-3.5410626;42.7713089
-3.5562682;42.7712288
-3.5558119;42.7716980
-3.5472910;42.7705345
-3.5557778;42.7717896
-3.5565083;42.7715836
-3.5558751;42.7718086
-3.5566721;42.7719879
-3.5560415;42.7721405
-3.5546675;42.7721901
-3.5540137;42.7721977
-3.5533178;42.7723007
-3.5547495;42.7723846
-3.5528190;42.7724075
-3.5370076;42.7737503
-3.5366104;42.7738380
-3.5350168;42.7738762
-3.5342610;42.7738762
-3.5359561;42.7739296
-3.5357599;42.7739487
-3.4759884;42.6904678
-3.4759781;42.6905518
-3.4741151;42.6872940
-3.4741271;42.6872444
-3.4762251;42.6783867
-3.4744158;42.6860161
-3.4743311;42.6863518
-3.4739351;42.6880341
-3.4737399;42.6888313
-3.4736054;42.6893730
-3.4735241;42.6896973
-3.4741681;42.6898994
-3.4747212;42.6900597
-3.4760098;42.6903000
-3.4739633;42.6904831
-3.4733210;42.6905022
-3.4729719;42.6904755
-3.4733510;42.6907234
-3.4726515;42.6904449
-3.4735179;42.6910248
-3.4736967;42.6910362
-3.4747708;42.6911964
-3.4757521;42.6913986
-3.4751718;42.6914940
-3.4741156;42.6917038
-3.4755988;42.6917152
-3.4741654;42.6918411
-3.4743438;42.6918907
-3.4765377;42.6919060
-3.4727728;42.6919518
-3.4731483;42.6921883
-3.4724445;42.6922264
-3.4736249;42.6922989
-3.4738648;42.6923714
-3.4740231;42.6924210
-3.4729042;42.6924362
-3.4720981;42.6924438
-3.4736567;42.6924934
-3.4742889;42.6925735
-3.4727671;42.6925774
-3.4736512;42.6925926
-3.4716704;42.6926460
-3.4741387;42.6926460
-3.4747455;42.6924782
-3.4744542;42.6926689
-3.4741542;42.6927338
-3.4737756;42.6927452
-3.4746189;42.6927757
-3.4737301;42.6928406
-3.4753060;42.6925659
-3.4751654;42.6928825
-3.4761984;42.6929245
-3.4758039;42.6929321
-3.4757800;42.6927223
-3.4723465;42.6930046
-3.4742043;42.6931686
-3.4743955;42.6932526
-3.4720609;42.6932831
-3.4716079;42.6932678
-3.4717681;42.6935349
-3.4752290;42.6937294
-3.4711740;42.6939125
-3.4708219;42.6936302
-3.4700947;42.6945572
-3.4696457;42.6948242
-3.4737096;42.6953392
-3.4736810;42.6953621
-3.4725287;42.6984215
-3.4754488;42.7001534
-3.4772196;42.7015343
-3.4836786;42.7056122
-3.4858382;42.7075424
-3.4131410;42.5590286
-3.4133191;42.5590057
-3.3489158;42.5636215
-3.3487453;42.5636215
-3.3951612;42.5501633
-3.3953016;42.5501137
-3.4018090;42.5523224
-3.4019623;42.5523224
-3.3963487;42.5503960
-3.3950839;42.5504227
-3.3866358;42.5510406
-3.3867230;42.5508423
-3.3875170;42.5519714
-3.3872173;42.5522575
-3.3871558;42.5522957
-3.3870914;42.5523376
-3.3880954;42.5524483
-3.3874209;42.5525551
-3.3870592;42.5525589
-3.3884547;42.5527306
-3.3867600;42.5531044
-3.8720865;42.7682724
-3.3869078;42.5539284
-3.4012997;42.5541687
-3.4008205;42.5545731
-3.3836651;42.5556526
-3.3827958;42.5558853
-3.3822777;42.5560875
-3.3986337;42.5570755
-3.3992469;42.5571671
-3.4076722;42.5571480
-3.4065373;42.5574112
-3.4078670;42.5571442
-3.4078505;42.5575066
-3.4082983;42.5576057
-3.4072740;42.5581474
-3.3767638;42.5583153
-3.3763971;42.5583801
-3.4026120;42.5585098
-3.4025295;42.5585747
-3.3817503;42.5586433
-3.4217997;42.5587120
-3.4147289;42.5585327
-3.4130156;42.5590477
-3.4086943;42.5594749
-3.3677437;42.5595894
-3.3646669;42.5600662
-3.3832490;42.5610123
-3.3601377;42.5613174
-3.3839183;42.5614128
-3.3584032;42.5614433
-3.3604164;42.5615768
-3.3596501;42.5615959
-3.3578656;42.5616455
-3.3601987;42.5617752
-3.3617771;42.5615807
-3.3546441;42.5619125
-3.3512120;42.5629463
-3.3960273;42.5634384
-3.3866162;42.5637169
-3.3892877;42.5638313
-3.3938079;42.5642929
-3.8713996;42.7683907
-3.8739891;42.7684135
-3.0580387;42.7146759
-3.0580795;42.7147217
-3.0601900;42.7140923
-3.0600963;42.7141342
-3.0604849;42.7138481
-3.0598879;42.7156143
-3.0598173;42.7155876
-3.0578048;42.7171440
-3.0576582;42.7172775
-3.0601308;42.7154846
-3.0599315;42.7153969
-3.0495610;42.7491722
-3.0533683;42.7205696
-3.0537126;42.7204781
-3.0295022;42.6732445
-3.0295763;42.6735039
-3.0289631;42.6707878
-3.0286863;42.6710281
-3.0287578;42.6712570
-3.0290778;42.6709900
-3.0289345;42.6714630
-3.0291507;42.6722145
-3.0711048;42.7014771
-3.0747187;42.7020149
-3.0899901;42.7041740
-3.0900221;42.7041855
-3.0545909;42.7054176
-3.0955963;42.7059555
-3.0956507;42.7059746
-3.1077240;42.7102509
-3.0575764;42.7108421
-3.0630968;42.7112122
-3.0608392;42.7124405
-3.0617225;42.7128525
-3.0618870;42.7129326
-3.0608847;42.7134819
-3.0585055;42.7138557
-3.0585811;42.7140770
-3.0583222;42.7141304
-3.0594783;42.7142181
-3.0594487;42.7142334
-3.0577483;42.7142525
-3.0593569;42.7142792
-3.0608883;42.7142830
-3.0585067;42.7142944
-3.0589592;42.7144356
-3.0598633;42.7145081
-3.0578372;42.7145386
-3.0591302;42.7145424
-3.0587437;42.7145462
-3.0592873;42.7145653
-3.0602479;42.7146530
-3.0605354;42.7147484
-3.0583141;42.7148170
-3.0578156;42.7148819
-3.0584788;42.7149315
-3.0592449;42.7150154
-3.0586545;42.7150497
-3.0584679;42.7151871
-3.0584798;42.7152557
-3.0589325;42.7153816
-3.0598938;42.7153854
-3.0588222;42.7154846
-3.0597079;42.7155418
-3.0619781;42.7152519
-3.0604577;42.7156563
-3.0574858;42.7156792
-3.0572698;42.7157059
-3.0585730;42.7157211
-3.0602143;42.7157326
-3.0579085;42.7157478
-3.0606384;42.7157516
-3.0575566;42.7163849
-3.0621657;42.7165756
-3.0622971;42.7166748
-3.0576546;42.7167168
-3.0575624;42.7173615
-3.0548439;42.7201462
-3.0546405;42.7201996
-3.0544312;42.7202682
-3.0547414;42.7202759
-3.0547247;42.7202950
-3.0546155;42.7204323
-3.0716913;42.7221260
-3.0518646;42.7233734
-3.0464783;42.7238960
-3.0403862;42.7241249
-3.0485127;42.7256126
-3.0443323;42.7288857
-3.0439982;42.7289734
-3.0442421;42.7291489
-3.0444131;42.7307968
-3.0452080;42.7328033
-3.0453680;42.7410889
-3.0488577;42.7443199
-3.0467715;42.7444382
-3.0471218;42.7446251
-3.0469735;42.7448730
-3.0499988;42.7485542
-3.0498011;42.7489624
-3.1792598;42.6394463
-3.1788034;42.6394463
-3.1802006;42.6410484
-3.1795685;42.6411552
-3.1802278;42.6411972
-3.1796038;42.6416359
-3.1795113;42.6419487
-3.1804714;42.6422043
-3.1794956;42.6401787
-3.1793120;42.6402092
-3.1785166;42.6364555
-3.1779487;42.6364098
-3.1739442;42.6224098
-3.1735687;42.6224480
-3.1736622;42.6226311
-3.1739783;42.6226044
-3.1953378;42.6158485
-3.1944005;42.6162491
-3.1721654;42.6227417
-3.1645668;42.6228104
-3.1646841;42.6230087
-3.1647112;42.6230545
-3.1708491;42.6350632
-3.1705484;42.6351509
-3.1710210;42.6352119
-3.1695995;42.6353226
-3.1707625;42.6354141
-3.1707020;42.6357994
-3.1694994;42.6356964
-3.1747525;42.6361389
-3.1706419;42.6362495
-3.1703780;42.6364632
-3.1693854;42.6361275
-3.1708226;42.6365051
-3.1705492;42.6365891
-3.1909480;42.6373634
-3.1708796;42.6375504
-3.1736913;42.6384697
-3.1817045;42.6385994
-3.1815071;42.6388512
-3.1819754;42.6388512
-3.1802087;42.6390533
-3.1799886;42.6391411
-3.1795504;42.6391487
-3.1797433;42.6393051
-3.1809387;42.6393242
-3.1769259;42.6393661
-3.1771812;42.6393929
-3.1775100;42.6394119
-3.1798966;42.6394844
-3.1800141;42.6394920
-3.1806901;42.6395378
-3.1807761;42.6395416
-3.1816719;42.6395798
-3.1817839;42.6395874
-3.1801143;42.6397514
-3.1805179;42.6398315
-3.1815758;42.6398773
-3.1809433;42.6398811
-3.1815619;42.6399078
-3.1750221;42.6399307
-3.1801584;42.6399651
-3.1809242;42.6400299
-3.1803896;42.6400452
-3.1803172;42.6401329
-3.1787028;42.6380920
-3.1741843;42.6404800
-3.1785166;42.6406136
-3.1786520;42.6408310
-3.1808772;42.6409836
-3.1801927;42.6410027
-3.1786423;42.6410789
-3.1790044;42.6412163
-3.1786842;42.6412582
-3.1790497;42.6412773
-3.1805987;42.6417313
-3.1790979;42.6417961
-3.1787467;42.6416855
-3.1805930;42.6419563
-3.1792948;42.6421928
-3.1804979;42.6422119
-3.1785727;42.6422157
-3.1790283;42.6422462
-3.1810644;42.6422768
-3.1789110;42.6424522
-3.1792550;42.6424828
-3.1796849;42.6426010
-3.1789289;42.6434555
-3.1719358;42.6435165
-3.1707437;42.6452751
-3.8735704;42.7681046
-3.8716178;42.7685013
-3.8732975;42.7662315
-3.8730254;42.7663383
-3.9315424;42.7685661
-3.9262755;42.7681236
-3.8768554;42.6876183
-3.8767943;42.6875038
-3.8765228;42.6876831
-3.8765185;42.6875839
-3.8771334;42.6876984
-3.8772256;42.6876183
-3.8770678;42.6877251
-3.8765123;42.6877518
-3.8774168;42.6878586
-3.8775263;42.6877556
-3.8764954;42.6878624
-3.8761120;42.6878662
-3.8765848;42.6878738
-3.8775048;42.6879082
-3.8769019;42.6879120
-3.8776233;42.6879158
-3.8763793;42.6879539
-3.8774409;42.6879921
-3.8761666;42.6880074
-3.8761673;42.6879387
-3.8765659;42.6880074
-3.8773291;42.6880722
-3.8769734;42.6880798
-3.8762944;42.6880989
-3.8762224;42.6881180
-3.8760815;42.6881409
-3.8777590;42.6881866
-3.8898757;42.6881943
-3.8897049;42.6881828
-3.8779428;42.6882133
-3.8904231;42.6881828
-3.8892360;42.6882248
-3.8892355;42.6881943
-3.8894427;42.6882362
-3.8901043;42.6882401
-3.8776798;42.6882553
-3.8712375;42.7685280
-3.8898501;42.6882706
-3.8896837;42.6882591
-3.8903215;42.6882935
-3.8891039;42.6882973
-3.8772111;42.6883240
-3.8769853;42.6883469
-3.8774421;42.6883469
-3.8898244;42.6883507
-3.8908179;42.6884003
-3.8893414;42.6884041
-3.8769052;42.6884117
-3.8774533;42.6884384
-3.8768601;42.6884460
-3.8772397;42.6884689
-3.8765731;42.6886024
-3.8664410;42.6885796
-3.8901594;42.6887627
-3.8907936;42.6885376
-3.8899088;42.6887665
-3.8898389;42.6887779
-3.8900535;42.6888657
-3.8893325;42.6888733
-3.8892844;42.6887589
-3.8892236;42.6888351
-3.8894196;42.6888885
-3.8899665;42.6889267
-3.8892899;42.6890869
-3.9094245;42.7111244
-3.9092703;42.7110023
-3.9098635;42.7112236
-3.9093783;42.7114716
-3.9096344;42.7113037
-3.9094217;42.7116547
-3.9098547;42.7113876
-3.9083869;42.7115898
-3.9089394;42.7119102
-3.9091842;42.7119560
-3.9093723;42.7119675
-3.9099064;42.7120819
-3.9102530;42.7120857
-3.9104455;42.7119141
-3.9102299;42.7121048
-3.9095488;42.7121353
-3.9098883;42.7121429
-3.9096141;42.7121582
-3.9098573;42.7122078
-3.9100244;42.7122574
-3.9105072;42.7122574
-3.9091632;42.7121429
-3.9097767;42.7122879
-3.9099464;42.7123222
-3.9106588;42.7124481
-3.9115756;42.7124901
-3.9111526;42.7123375
-3.9104168;42.7125282
-3.9114947;42.7125816
-3.9117839;42.7126122
-3.9117110;42.7126923
-3.9110107;42.7127266
-3.9119039;42.7127686
-3.9120474;42.7127876
-3.9120836;42.7127914
-3.9117641;42.7129517
-3.9122589;42.7130165
-3.9118896;42.7130013
-3.9121237;42.7130623
-3.9130604;42.7140503
-3.9135065;42.7144012
-3.9142027;42.7267036
-3.9141841;42.7267151
-3.9349508;42.7280579
-3.9347072;42.7280655
-3.9345648;42.7280655
-3.9273906;42.7288971
-3.9127553;42.7289696
-3.9111781;42.7371788
-3.9104393;42.7373543
-3.9096940;42.7409477
-3.9043605;42.7409897
-3.9106894;42.7409897
-3.9108720;42.7409477
-3.9106247;42.7409935
-3.9106317;42.7408524
-3.9103777;42.7410812
-3.9103367;42.7408485
-3.9104016;42.7411804
-3.9104223;42.7413330
-3.9104230;42.7413559
-3.9099076;42.7413597
-3.9097419;42.7413673
-3.9106541;42.7414169
-3.9109712;42.7411804
-3.9114826;42.7414551
-3.9109788;42.7414551
-3.9110160;42.7413025
-3.9106760;42.7414551
-3.9104266;42.7415085
-3.9093668;42.7415390
-3.9104278;42.7415924
-3.9093537;42.7415962
-3.9096513;42.7416000
-3.9101655;42.7416115
-3.9098637;42.7416191
-3.9102128;42.7416573
-3.9095492;42.7416725
-3.9089391;42.7416878
-3.9098608;42.7417107
-3.9092951;42.7418709
-3.9095464;42.7417984
-3.9104261;42.7418747
-3.9096313;42.7418785
-3.9085560;42.7419052
-3.9085975;42.7417412
-3.9083817;42.7418976
-3.9088867;42.7419090
-3.9088855;42.7418404
-3.9092834;42.7419357
-3.9100025;42.7419930
-3.9113824;42.7420006
-3.9036357;42.7420235
-3.9090321;42.7420425
-3.9098158;42.7420578
-3.9094694;42.7421150
-3.9094355;42.7421341
-3.9101210;42.7421722
-3.9095967;42.7422295
-3.9113688;42.7424126
-3.8982620;42.7417908
-3.8952322;42.7424202
-3.9089673;42.7424355
-3.9094651;42.7424355
-3.9095302;42.7424660
-3.9085276;42.7424850
-3.9084198;42.7424927
-3.9082234;42.7424927
-3.9075251;42.7423325
-3.9082620;42.7424965
-3.9090936;42.7425385
-3.9084501;42.7426262
-3.9080653;42.7426453
-3.9083238;42.7426567
-3.8945560;42.7426605
-3.9083393;42.7426949
-3.9085333;42.7427597
-3.9082589;42.7428932
-3.9080737;42.7430115
-3.9079955;42.7429504
-3.9079318;42.7431183
-3.9078224;42.7431450
-3.9077232;42.7430725
-3.9080055;42.7431831
-3.8926685;42.7431831
-3.8924327;42.7432747
-3.9075437;42.7434196
-3.9025140;42.7442398
-3.8986220;42.7446976
-3.8987885;42.7447739
-3.8888080;42.7447853
-3.8882520;42.7448845
-3.8862629;42.7457466
-3.9017761;42.7459526
-3.8836234;42.7468529
-3.8832629;42.7469559
-3.8831110;42.7470016
-3.8825893;42.7471848
-3.8662407;42.7476234
-3.8662741;42.7475433
-3.8664210;42.7476387
-3.8667307;42.7474098
-3.8667293;42.7476654
-3.8662238;42.7476692
-3.8659153;42.7476921
-3.8662033;42.7477226
-3.8659430;42.7477951
-3.8661692;42.7478104
-3.8816776;42.7478294
-3.8663669;42.7478638
-3.8664045;42.7478218
-3.8661420;42.7478790
-3.8661203;42.7479362
-3.8659182;42.7478561
-3.8663046;42.7479362
-3.8661120;42.7480278
-3.8665583;42.7480431
-3.8661015;42.7481613
-3.8658352;42.7481766
-3.8664277;42.7481880
-3.8658800;42.7482147
-3.8665652;42.7482376
-3.8656309;42.7483101
-3.9006591;42.7483444
-3.8662751;42.7483597
-3.8657815;42.7483635
-3.8666439;42.7483711
-3.8667328;42.7484131
-3.8662124;42.7484322
-3.8661656;42.7485123
-3.8659635;42.7484245
-3.8661005;42.7486267
-3.9005029;42.7486839
-3.8803842;42.7488213
-3.9004171;42.7488785
-3.8802357;42.7489395
-3.8664370;42.7489510
-3.8658650;42.7490616
-3.8800611;42.7490768
-3.8684175;42.7492447
-3.8684113;42.7495995
-3.8688264;42.7503510
-3.8774018;42.7516327
-3.8960564;42.7516441
-3.8955240;42.7521172
-3.8685956;42.7524490
-3.8689084;42.7525406
-3.8717093;42.7533417
-3.8757234;42.7533760
-3.8938770;42.7541275
-3.8744655;42.7551956
-3.8741910;42.7552910
-3.8742318;42.7553253
-3.8744502;42.7555962
-3.8744850;42.7559776
-3.8921728;42.7562828
-3.8920896;42.7563744
-3.8952701;42.7578316
-3.8957987;42.7580910
-3.8734286;42.7610817
-3.8996246;42.7626648
-3.9120340;42.7636375
-3.8738174;42.7640839
-3.8244126;42.7644768
-3.8232627;42.7626686
-3.8765752;42.7652016
-3.9173937;42.7653542
-3.8747697;42.7657051
-3.8746073;42.7657623
-3.9192240;42.7659264
-3.8725243;42.7671242
-3.8727348;42.7671623
-3.8730803;42.7669868
-3.8731565;42.7673225
-3.8734128;42.7671280
-3.8729310;42.7673683
-3.8734438;42.7673187
-3.8732505;42.7673950
-3.8528366;42.7672577
-3.8724263;42.7674255
-3.8733501;42.7675400
-3.8727314;42.7676010
-3.8726528;42.7676392
-3.8727756;42.7679062
-3.8722696;42.7680092
-3.8724687;42.7679825
-3.8712316;42.7680969
-3.8711224;42.7679787
-3.8711717;42.7681389
-3.8731794;42.7686234
-3.8739493;42.7686081
-3.8728950;42.7686310
-3.8729789;42.7684860
-3.8734112;42.7685089
-3.8733120;42.7686615
-3.8727362;42.7686653
-3.8735983;42.7686653
-3.8672285;42.7686691
-3.8726604;42.7686806
-3.8734186;42.7687416
-3.8709021;42.7687759
-3.8704174;42.7684975
-3.8689787;42.7687912
-3.8729589;42.7687988
-3.8727396;42.7688179
-3.8707595;42.7688522
-3.8699126;42.7688560
-3.8702552;42.7688828
-3.8705616;42.7689056
-3.8715680;42.7689400
-3.8717341;42.7689400
-3.8736043;42.7689781
-3.8739018;42.7689285
-3.8735728;42.7689972
-3.8710706;42.7689972
-3.8729024;42.7690048
-3.8705196;42.7690697
-3.8704057;42.7690964
-3.8723617;42.7691002
-3.8716555;42.7691269
-3.8702426;42.7691307
-3.8701842;42.7691460
-3.8713272;42.7691612
-3.8733327;42.7691727
-3.8735020;42.7692261
-3.8730695;42.7692337
-3.9398851;42.7692451
-3.8717742;42.7692719
-3.8709424;42.7692757
-3.8729351;42.7693062
-3.8737907;42.7693100
-3.8733323;42.7693329
-3.8699095;42.7693748
-3.8716633;42.7694321
-3.8730075;42.7694931
-3.8733041;42.7695122
-3.9434030;42.7695351
-3.8739729;42.7695503
-3.8741066;42.7695198
-3.8707125;42.7696114
-3.9439719;42.7696190
-3.8730552;42.7696266
-3.8740096;42.7696304
-3.8730669;42.7696609
-3.8740497;42.7697182
-3.8727734;42.7697296
-3.8726633;42.7695885
-3.8734560;42.7697601
-3.8735423;42.7697754
-3.8735595;42.7697182
-3.8737993;42.7697868
-3.9445674;42.7699013
-3.8723466;42.7699127
-3.8732932;42.7699127
-3.8720312;42.7699203
-3.8742330;42.7699394
-3.8734336;42.7699394
-3.8733346;42.7699471
-3.8733704;42.7699776
-3.8724864;42.7699928
-3.8741090;42.7700043
-3.8740504;42.7699394
-3.8730242;42.7700310
-3.8720753;42.7700386
-3.8725789;42.7700539
-3.8739781;42.7700577
-3.8738580;42.7699699
-3.8722672;42.7699928
-3.8743610;42.7700768
-3.8744619;42.7699814
-3.8720567;42.7701530
-3.8730631;42.7701797
-3.8729286;42.7701836
-3.8731503;42.7701988
-3.8736873;42.7702065
-3.8745294;42.7702065
-3.8721721;42.7702789
-3.8737307;42.7703438
-3.8733191;42.7704010
-3.8737798;42.7704506
-3.8717978;42.7704506
-3.2669277;43.1538391
-3.2654431;43.1530800
-3.4077723;42.7930374
-3.3833597;42.8355408
-3.3833072;42.8355255
-3.3942111;42.7996407
-3.3943126;42.8002129
-3.3916886;42.7991371
-3.3908641;42.7994728
-3.3454783;42.8357315
-3.3453555;42.8358574
-3.3414109;42.8399658
-3.3413560;42.8400230
-3.3619392;42.7883530
-3.3624468;42.7881927
-3.3560541;42.8120461
-3.3551600;42.8118591
-3.3601935;42.7834740
-3.3434203;42.8375511
-3.3433177;42.8379631
-3.3969250;42.8033676
-3.3970816;42.8034897
-3.3983893;42.8032837
-3.3990335;42.8028603
-3.3985474;42.8034210
-3.3989167;42.8037453
-3.3972421;42.8033829
-3.3978708;42.8038750
-3.3976510;42.8031082
-3.3982575;42.8036003
-3.3968804;42.8033981
-3.3978083;42.8027878
-3.3972459;42.8031578
-3.3976750;42.8039551
-3.3987341;42.8033066
-3.3991003;42.8036728
-3.3655586;42.7871704
-3.3648944;42.7874756
-3.3648343;42.7873726
-3.3624194;42.7874985
-3.3642318;42.7876892
-3.3636847;42.7877121
-3.3634660;42.7877617
-3.3634849;42.7876358
-3.3643920;42.7877655
-3.3647666;42.7877998
-3.3641288;42.7878304
-3.3631163;42.7878456
-3.4152038;42.7880363
-3.3629000;42.7880516
-3.3636670;42.7881584
-3.3643086;42.7881622
-3.3640807;42.7881851
-3.3618457;42.7883835
-3.3642185;42.7886505
-3.3544164;42.7886658
-3.3644423;42.7889366
-3.3692257;42.7892380
-3.3514135;42.7895546
-3.3709652;42.7901840
-3.4088562;42.7912254
-3.4201736;42.7915344
-3.4211209;42.7917404
-3.3479879;42.7919197
-3.3737333;42.7924843
-3.4212615;42.7925072
-3.4213247;42.7925568
-3.4200928;42.7926292
-3.4224427;42.7926712
-3.4220307;42.7926903
-3.4216816;42.7927895
-3.4218073;42.7929192
-3.3746336;42.7932625
-3.3969152;42.7952995
-3.3953416;42.7968330
-3.3949606;42.7972031
-3.3948014;42.7973518
-3.3940969;42.7968826
-3.3954337;42.7974777
-3.3960016;42.7978516
-3.3962739;42.7975731
-3.3983345;42.7992516
-3.3942780;42.7995224
-3.3909574;42.7996063
-3.3902335;42.8000298
-3.3912876;42.8001404
-3.3900304;42.8002090
-3.3895733;42.8000946
-3.3913085;42.8002090
-3.3913772;42.8004608
-3.3909018;42.8006020
-3.3942294;42.8006096
-3.3913336;42.8006821
-3.3906722;42.8007469
-3.3905456;42.8007927
-3.3904784;42.8008575
-3.3904078;42.8008614
-3.3902934;42.8007164
-3.3908968;42.8008690
-3.3912866;42.8008957
-3.3915966;42.8009338
-3.3904366;42.8010826
-3.3912449;42.8011169
-3.3905571;42.8011246
-3.3866148;42.8011932
-3.3862407;42.8004532
-3.3911514;42.8012810
-3.3905644;42.8012962
-3.3904536;42.8013039
-3.3897114;42.8013306
-3.3907957;42.8014412
-3.3903513;42.8014755
-3.3867383;42.8014832
-3.3853018;42.8014946
-3.3848567;42.8010406
-3.3895297;42.8015251
-3.3869913;42.8015938
-3.3906629;42.8016205
-3.3902209;42.8016205
-3.3872623;42.8016319
-3.3879352;42.8012085
-3.3875284;42.8016777
-3.3914766;42.8017006
-3.3907797;42.8017387
-3.4014766;42.8017387
-3.3879702;42.8017502
-3.3882599;42.8017960
-3.3885312;42.8012962
-3.3834746;42.8017998
-3.3828328;42.8017845
-3.3900454;42.8018341
-3.3918135;42.8018646
-3.3914282;42.8019028
-3.3919675;42.8019180
-3.3892355;42.8019562
-3.3916357;42.8020134
-3.3913157;42.8020134
-3.3905237;42.8020172
-3.3918164;42.8020592
-3.4015644;42.8020630
-3.3855333;42.8020782
-3.3904405;42.8021011
-3.3915040;42.8021240
-3.3903625;42.8021927
-3.3924818;42.8022308
-3.3928916;42.8022041
-3.3928521;42.8022652
-3.3886476;42.8022652
-3.3869367;42.8022652
-3.3865032;42.8022804
-3.3926971;42.8023148
-3.3929985;42.8023186
-3.3919482;42.8023567
-3.3922119;42.8024521
-3.3933616;42.8023109
-3.3924422;42.8025246
-3.3926520;42.8025627
-3.3932364;42.8026924
-3.3879850;42.8027191
-3.3893595;42.8027840
-3.3921626;42.8028603
-3.3922982;42.8029480
-3.3924661;42.8028221
-3.3941193;42.8029480
-3.3874500;42.8030853
-3.3932011;42.8030243
-3.3872621;42.8031960
-3.3914285;42.8032303
-3.3934851;42.8032455
-3.3886368;42.8032799
-3.3942113;42.8026085
-3.3948781;42.8033066
-3.3932471;42.8033791
-3.3914483;42.8034058
-3.3880968;42.8036537
-3.3864338;42.8037300
-3.3862083;42.8034592
-3.4028716;42.8037415
-3.3878634;42.8038139
-3.3962886;42.8038177
-3.3955281;42.8032990
-3.4037280;42.8037682
-3.3965659;42.8038712
-3.3874042;42.8039398
-3.3976188;42.8039932
-3.3955774;42.8040543
-3.3874962;42.8040619
-3.3869870;42.8041306
-3.3873429;42.8041687
-3.3867552;42.8041725
-3.3810525;42.8042259
-3.3887565;42.8042793
-3.3891170;42.8040810
-3.3860533;42.8042831
-3.3859019;42.8043060
-3.3888853;42.8043747
-3.3887389;42.8044662
-3.3876784;42.8044701
-3.3893204;42.8046761
-3.3895550;42.8044777
-3.3847013;42.8046875
-3.3840013;42.8039551
-3.3841441;42.8049507
-3.3852117;42.8051949
-3.3857415;42.8052673
-3.3901389;42.8053360
-3.4045212;42.8054390
-3.3826408;42.8054428
-3.3860900;42.8055382
-3.3820117;42.8055687
-3.3817253;42.8056145
-3.3814232;42.8056679
-3.3844571;42.8056793
-3.3850770;42.8057289
-3.3901234;42.8057289
-3.3802552;42.8058624
-3.6151776;42.8920593
-3.6122742;42.8918648
-3.7406082;42.8908730
-3.7408564;42.8920784
-3.3854709;42.8060188
-3.3832910;42.8061943
-3.3842006;42.8063240
-3.3834760;42.8064079
-3.3827078;42.8064537
-3.3905942;42.8065643
-3.3824596;42.8065758
-3.3836994;42.8066635
-3.3822165;42.8066711
-3.3829837;42.8067017
-3.3830843;42.8070869
-3.3829935;42.8071480
-3.3812213;42.8072281
-3.3913741;42.8073921
-3.3825982;42.8074265
-3.3899117;42.8062592
-3.3894191;42.8074722
-3.3915486;42.8075790
-3.3913274;42.8076019
-3.3822489;42.8076630
-3.3911917;42.8076782
-3.3915129;42.8077469
-3.3910193;42.8077774
-3.3914940;42.8078003
-3.3912179;42.8078194
-3.3914559;42.8078384
-3.3913035;42.8078651
-3.3887908;42.8078804
-3.3918493;42.8078995
-3.3915830;42.8079491
-3.3866940;42.8076668
-3.3838787;42.8080864
-3.3900313;42.8082695
-3.3892634;42.8092003
-3.3931286;42.8092957
-3.3929861;42.8093262
-3.3521898;42.8095512
-3.3519661;42.8093491
-3.3531282;42.8095894
-3.3532329;42.8085518
-3.3529632;42.8093948
-3.3523774;42.8096085
-3.3519928;42.8087273
-3.3891640;42.8096581
-3.3890836;42.8098984
-3.3519702;42.8099136
-3.3515756;42.8097992
-3.3521597;42.8099632
-3.3529308;42.8099747
-3.3526812;42.8099289
-3.3916521;42.8100471
-3.3522203;42.8101311
-3.3524814;42.8101463
-3.3522539;42.8102036
-3.3524492;42.8102951
-3.3523834;42.8103256
-3.3488405;42.8103943
-3.3463576;42.8099518
-3.3522940;42.8104286
-3.3522189;42.8104820
-3.3525634;42.8104935
-3.3507898;42.8106384
-3.3521850;42.8108482
-3.3524740;42.8109550
-3.3524399;42.8106956
-3.3526208;42.8110847
-3.3521447;42.8113136
-3.3929131;42.8103981
-3.3533649;42.8115425
-3.3932285;42.8117943
-3.3716173;42.8149872
-3.3638153;42.8150330
-3.3652749;42.8153000
-3.3658950;42.8154869
-3.3662846;42.8149185
-3.3643684;42.8154716
-3.3658514;42.8156624
-3.3659916;42.8156891
-3.3665118;42.8158073
-3.3701463;42.8160019
-3.3670850;42.8160629
-3.3673589;42.8161697
-3.3672955;42.8162308
-3.3670676;42.8162766
-3.3669906;42.8162766
-3.3667345;42.8162918
-3.3679824;42.8163300
-3.3658612;42.8163605
-3.3681457;42.8163643
-3.3682387;42.8163910
-3.3656006;42.8164368
-3.3677974;42.8164635
-3.3673735;42.8164673
-3.3669698;42.8166618
-3.3691533;42.8166924
-3.3690729;42.8167458
-3.3647430;42.8168678
-3.3670671;42.8169250
-3.3686635;42.8170280
-3.3681960;42.8170471
-3.3669889;42.8171883
-3.3682048;42.8173447
-3.3706477;42.8178940
-3.3690734;42.8180771
-3.4022036;42.8214951
-3.4035685;42.8225594
-3.3603935;42.8273201
-3.3787663;42.8278694
-3.3506074;42.8288002
-3.3499274;42.8291206
-3.3496099;42.8293533
-3.3505232;42.8292007
-3.3502049;42.8293915
-3.3498538;42.8296051
-3.7742274;42.8922310
-3.7727256;42.8916321
-3.3827777;42.8296547
-3.3492203;42.8296700
-3.3499911;42.8297424
-3.3492098;42.8297577
-3.3495631;42.8298035
-3.3475897;42.8298187
-3.3480976;42.8295670
-3.3485372;42.8299141
-3.3465645;42.8299370
-3.3465242;42.8298836
-3.3472385;42.8299789
-3.3470910;42.8298111
-3.3500619;42.8299942
-3.3477564;42.8300095
-3.3496523;42.8300323
-3.3463709;42.8300323
-3.3487473;42.8300362
-3.3495114;42.8300438
-3.3584569;42.8300476
-3.3492184;42.8301163
-3.3488936;42.8301392
-3.3480885;42.8301582
-3.3504407;42.8301582
-3.3495049;42.8301620
-3.3510222;42.8300781
-3.3468189;42.8301888
-3.3477046;42.8302841
-3.3468349;42.8302917
-3.3450074;42.8303490
-3.3488789;42.8303757
-3.3491960;42.8303909
-3.3494191;42.8304367
-3.3498318;42.8305588
-3.3491719;42.8306580
-3.3472648;42.8306694
-3.3441966;42.8307800
-3.3491855;42.8309631
-3.3456311;42.8309975
-3.3823097;42.8310623
-3.3491745;42.8312187
-3.3569343;42.8312263
-3.3503048;42.8313980
-3.3714342;42.8313866
-3.3489108;42.8314476
-3.3444917;42.8316498
-3.3795066;42.8319168
-3.3502362;42.8319817
-3.3507621;42.8322296
-3.3503587;42.8326187
-3.3497882;42.8327637
-3.3521349;42.8328018
-3.3477783;42.8330383
-3.3828733;42.8332672
-3.3541439;42.8332710
-3.3770497;42.8333054
-3.3798852;42.8333168
-3.3801990;42.8322563
-3.3537936;42.8335304
-3.3800335;42.8336563
-3.3788638;42.8337708
-3.3822651;42.8338699
-3.3805647;42.8342743
-3.3807042;42.8343468
-3.3810537;42.8338852
-3.3819699;42.8344421
-3.3821592;42.8344650
-3.3812184;42.8345833
-3.3816831;42.8347397
-3.3810861;42.8347588
-3.3807292;42.8347511
-3.3819396;42.8348351
-3.3810241;42.8348694
-3.3815129;42.8348770
-3.3818541;42.8349800
-3.3804660;42.8350410
-3.3820546;42.8350487
-3.3824484;42.8350563
-3.3809297;42.8350830
-3.3801169;42.8350983
-3.3817961;42.8351250
-3.3803599;42.8351822
-3.3822737;42.8351974
-3.3813789;42.8352089
-3.3808408;42.8352242
-3.3816419;42.8352623
-3.3460040;42.8352661
-3.3802936;42.8352737
-3.3821104;42.8353119
-3.3798847;42.8353386
-3.3802052;42.8353615
-3.3807416;42.8354111
-3.3801570;42.8354340
-3.3811204;42.8354721
-3.3812580;42.8355103
-3.3806822;42.8355179
-3.3801367;42.8355370
-3.3795848;42.8356018
-3.3791454;42.8356209
-3.3801138;42.8356476
-3.3807135;42.8356476
-3.3815596;42.8356819
-3.3808177;42.8357086
-3.3790207;42.8357506
-3.3808932;42.8357773
-3.3800845;42.8358040
-3.3820438;42.8360176
-3.3811929;42.8360176
-3.3806896;42.8364525
-3.3440690;42.8371849
-3.3436780;42.8375893
-3.3414340;42.8399429
-3.3412709;42.8401146
-3.8047588;42.7100906
-3.8045862;42.7100410
-3.8008168;42.7362404
-3.8006375;42.7360802
-3.8015559;42.7361870
-3.8014908;42.7362213
-3.7962432;42.6855278
-3.7962196;42.6855812
-3.7986119;42.6885147
-3.7987390;42.6885605
-3.8020082;42.6913643
-3.8020222;42.6914177
-3.8045597;42.6971245
-3.8045840;42.6972046
-3.8040907;42.7010841
-3.8040814;42.7011452
-3.8011436;42.7214737
-3.8011749;42.7215652
-3.8038344;42.7338066
-3.8038371;42.7340202
-3.7978508;42.7605743
-3.7977750;42.7606659
-3.7760417;42.7277145
-3.7758858;42.7277260
-3.7911398;42.7279472
-3.7910063;42.7279701
-3.7966161;42.7315483
-3.7964828;42.7315598
-3.8230534;42.7625046
-3.8229580;42.7624359
-3.8511491;42.6922951
-3.8510122;42.6923676
-3.8119094;42.7082481
-3.8117983;42.7081909
-3.8209465;42.7097664
-3.8204136;42.7097473
-3.8453324;42.7140236
-3.8453567;42.7140770
-3.8450942;42.7216415
-3.8450956;42.7217369
-3.8410521;42.7254982
-3.8409457;42.7254677
-3.8356106;42.7256050
-3.8354912;42.7255592
-3.7808681;42.6633492
-3.7813246;42.6636238
-3.7860222;42.6673431
-3.7898324;42.6713448
-3.7914803;42.6735497
-3.7922630;42.6749992
-3.7920349;42.6760902
-3.7917783;42.6769829
-3.7971039;42.6841393
-3.7961023;42.6860085
-3.8544526;42.6888733
-3.8545928;42.6888771
-3.8546627;42.6891365
-3.8541527;42.6890678
-3.8546908;42.6892052
-3.8538129;42.6893463
-3.8536046;42.6893921
-3.8529894;42.6895447
-3.8527880;42.6894722
-3.8529689;42.6896324
-3.8536303;42.6896400
-3.8527687;42.6897240
-3.8540597;42.6899261
-3.8544765;42.6899529
-3.8548646;42.6900253
-3.8554115;42.6900978
-3.8557796;42.6900444
-3.8557849;42.6901474
-3.8552151;42.6902046
-3.8567410;42.6902580
-3.8568034;42.6901779
-3.8573654;42.6902161
-3.8574688;42.6903267
-3.8558342;42.6903343
-3.8548768;42.6909447
-3.8019412;42.6910439
-3.8023379;42.6930275
-3.8028572;42.6947136
-3.8019886;42.7048302
-3.8023403;42.7054634
-3.8031993;42.7075386
-3.8030915;42.7079201
-3.8034432;42.7079430
-3.8030748;42.7080688
-3.8032024;42.7081184
-3.8035378;42.7081413
-3.8035259;42.7082481
-3.8036363;42.7082672
-3.8030031;42.7082748
-3.8029916;42.7083282
-3.8039641;42.7083435
-3.8008156;42.7084808
-3.8006980;42.7082710
-3.8028286;42.7087059
-3.8029919;42.7087250
-3.8028038;42.7087326
-3.8025959;42.7086029
-3.8004065;42.7088013
-3.8011029;42.7088089
-3.8027618;42.7088394
-3.8034234;42.7088776
-3.8036225;42.7088547
-3.8035140;42.7086449
-3.8011818;42.7089195
-3.8008308;42.7089272
-3.8029928;42.7089539
-3.8036294;42.7089577
-3.8035865;42.7090149
-3.8024988;42.7090530
-3.8030670;42.7090759
-3.8031473;42.7091064
-3.8010952;42.7091484
-3.8033171;42.7091637
-3.8034272;42.7092018
-3.8012722;42.7092514
-3.8015637;42.7092514
-3.8036063;42.7092857
-3.8020668;42.7092896
-3.8015795;42.7093925
-3.8052769;42.7093735
-3.8052168;42.7094002
-3.8036411;42.7094574
-3.8034160;42.7094727
-3.8050499;42.7094803
-3.8049593;42.7093124
-3.8046932;42.7095566
-3.8044844;42.7093277
-3.8036406;42.7095718
-3.8033211;42.7096214
-3.8017292;42.7096481
-3.8017085;42.7096863
-3.8051448;42.7097359
-3.8219688;42.7097549
-3.8043497;42.7097740
-3.8044658;42.7100067
-3.8050444;42.7099724
-3.8048284;42.7101097
-3.8052189;42.7101097
-3.8162458;42.7101440
-3.8178153;42.7101898
-3.8017833;42.7102509
-3.8053467;42.7104378
-3.8065624;42.7104492
-3.8066516;42.7104759
-3.8082387;42.7111320
-3.8080380;42.7108765
-3.8077884;42.7111626
-3.8074896;42.7110481
-3.8085577;42.7111816
-3.8087373;42.7112274
-3.8082881;42.7113457
-3.8084798;42.7113533
-3.8024082;42.7113686
-3.8086464;42.7113838
-3.8026547;42.7124176
-3.7160587;42.8914261
-3.7156236;42.8922424
-3.8012447;42.7155914
-3.8008561;42.7169266
-3.8012285;42.7217979
-3.8012102;42.7226639
-3.8451231;42.7230988
-3.8451757;42.7240219
-3.8001211;42.7241096
-3.8450315;42.7241821
-3.8452094;42.7242546
-3.8448832;42.7243195
-3.8451462;42.7244263
-3.8449464;42.7245979
-3.8450208;42.7245140
-3.8431935;42.7245178
-3.8430958;42.7246132
-3.8428631;42.7245331
-3.8449903;42.7246170
-3.8445051;42.7246857
-3.8448770;42.7247200
-3.8449538;42.7247353
-3.8448143;42.7248039
-3.8432860;42.7248650
-3.8443413;42.7249184
-3.8430192;42.7249489
-3.8443751;42.7249603
-3.8430591;42.7249641
-3.8445995;42.7250023
-3.8433053;42.7250252
-3.8436086;42.7250900
-3.8437669;42.7250290
-3.8431959;42.7251015
-3.8439219;42.7251549
-3.8439596;42.7251549
-3.8449588;42.7251930
-3.8437865;42.7252045
-3.8435397;42.7252579
-3.8434722;42.7252693
-3.8434539;42.7251778
-3.8433478;42.7253151
-3.8431773;42.7253456
-3.8436692;42.7254333
-3.8443913;42.7255058
-3.8445542;42.7255096
-3.8411479;42.7255020
-3.8411369;42.7255211
-3.8424213;42.7255287
-3.8423209;42.7255478
-3.8419595;42.7254715
-3.8412824;42.7255516
-3.8415549;42.7254028
-3.8450453;42.7256203
-3.8452601;42.7255898
-3.8448713;42.7254181
-3.8447537;42.7256355
-3.8447902;42.7256584
-3.8409951;42.7256927
-3.8444657;42.7257004
-3.8437743;42.7257156
-3.8440518;42.7256203
-3.8445935;42.7258186
-3.8451395;42.7258224
-3.8437643;42.7258797
-3.8439283;42.7259636
-3.8443089;42.7260094
-3.8439510;42.7260857
-3.8437650;42.7261162
-3.8439751;42.7261620
-3.8438945;42.7261734
-3.8440218;42.7262726
-3.7745597;42.7278824
-3.7985241;42.7280006
-3.7986393;42.7283783
-3.7969937;42.7315369
-3.8015392;42.7329102
-3.8037937;42.7330780
-3.8038161;42.7333336
-3.8033350;42.7333717
-3.8007216;42.7334099
-3.8003805;42.7333679
-3.8013041;42.7334366
-3.8010061;42.7334633
-3.8009844;42.7332878
-3.8038232;42.7335052
-3.8013546;42.7335510
-3.8015456;42.7335587
-3.8006487;42.7335892
-3.8016601;42.7336197
-3.8011768;42.7336540
-3.8009048;42.7337151
-3.8016503;42.7338371
-3.8019459;42.7339478
-3.8016827;42.7341080
-3.8020351;42.7341957
-3.8018456;42.7343178
-3.8017554;42.7343407
-3.8017828;42.7344208
-3.8017020;42.7345085
-3.8036530;42.7346268
-3.8021958;42.7346725
-3.8019893;42.7347565
-3.8009872;42.7347908
-3.8018999;42.7350197
-3.8016090;42.7354088
-3.8021379;42.7359352
-3.8020699;42.7359695
-3.8005562;42.7361336
-3.8022790;42.7361450
-3.8024991;42.7361031
-3.8014565;42.7360840
-3.8011048;42.7364540
-3.8016443;42.7364960
-3.8012269;42.7365227
-3.8011813;42.7365837
-3.8020117;42.7364235
-3.8018403;42.7365875
-3.8008385;42.7366982
-3.8013294;42.7367287
-3.8013873;42.7367668
-3.8016622;42.7367668
-3.8012924;42.7368240
-3.8023715;42.7368240
-3.8019998;42.7368660
-3.8009269;42.7368698
-3.8007669;42.7369347
-3.8010812;42.7369232
-3.8006873;42.7369499
-3.8012292;42.7369957
-3.8002269;42.7384911
-3.8019986;42.7519379
-3.8031166;42.7523575
-3.8032386;42.7523422
-3.8030646;42.7523651
-3.8030555;42.7522926
-3.8030560;42.7525253
-3.8028884;42.7525291
-3.8026028;42.7522049
-3.8032589;42.7525482
-3.8031659;42.7525520
-3.8033922;42.7525597
-3.8035190;42.7525597
-3.8036985;42.7525482
-3.8035386;42.7523422
-3.8029194;42.7525597
-3.8030894;42.7525711
-3.8026857;42.7526093
-3.8028390;42.7526207
-3.8027587;42.7526321
-3.8022423;42.7520943
-3.8031299;42.7526855
-3.8029051;42.7527046
-3.8031242;42.7527466
-3.8034124;42.7528038
-3.8036642;42.7527962
-3.8030200;42.7528534
-3.8028488;42.7529907
-3.8033900;42.7530403
-3.8035457;42.7530403
-3.8035874;42.7530403
-3.8037741;42.7530212
-3.8037350;42.7531509
-3.8028498;42.7531967
-3.8030651;42.7532272
-3.8038335;42.7532616
-3.8033051;42.7532616
-3.8033459;42.7533226
-3.8038244;42.7533302
-3.8035860;42.7533340
-3.8030627;42.7533379
-3.8032801;42.7533951
-3.8041363;42.7534294
-3.8039093;42.7533951
-3.8030713;42.7534523
-3.8031492;42.7534866
-3.8036001;42.7534904
-3.8038285;42.7535019
-3.8028479;42.7535744
-3.8036370;42.7536545
-3.8037965;42.7536545
-3.8038409;42.7536621
-3.8039279;42.7536659
-3.8038437;42.7537613
-3.8046367;42.7529068
-3.8040786;42.7538872
-3.8037050;42.7539597
-3.8027208;42.7540398
-3.8039572;42.7540627
-3.8030181;42.7540932
-3.8039057;42.7541313
-3.8030193;42.7548599
-3.8028877;42.7550926
-3.8021405;42.7552299
-3.8018193;42.7556725
-3.8021107;42.7556992
-3.8019896;42.7557831
-3.8015215;42.7560921
-3.7981596;42.7610359
-3.7987082;42.7608528
-3.7975118;42.7616158
-3.8100789;42.7623253
-3.7881143;42.7663918
-3.7862420;42.7670326
-3.7833297;42.7682838
-3.7814133;42.7704468
-3.7803159;42.7715721
-3.7966061;42.6030197
-3.7968223;42.6031303
-3.8282137;42.5926666
-3.8279548;42.5926666
-3.8011796;42.5986404
-3.8009257;42.5987778
-3.7997491;42.6004601
-3.7996786;42.6005859
-3.8437259;42.6242752
-3.8436525;42.6244240
-3.8481631;42.5925255
-3.8476267;42.5925255
-3.8466346;42.5925255
-3.8382952;42.5925636
-3.8032987;42.5983696
-3.8018253;42.5984077
-3.8053854;42.5991859
-3.8078020;42.5994797
-3.8072827;42.5994873
-3.8090212;42.5993729
-3.8088982;42.5996017
-3.8076043;42.5996094
-3.8082967;42.5996208
-3.8082156;42.5996552
-3.8088689;42.5996552
-3.8078749;42.5996399
-3.8080149;42.5996704
-3.8091464;42.5997086
-3.8217547;42.5997200
-3.8085325;42.5997276
-3.8001323;42.5997353
-3.8079879;42.5997734
-3.8072255;42.5996704
-3.8088028;42.5997810
-3.8081977;42.5998268
-3.8070920;42.5998421
-3.8084309;42.5998955
-3.8074484;42.5999794
-3.8086493;42.5999794
-3.8087595;42.6000404
-3.8076720;42.6000671
-3.8090146;42.6000900
-3.8093874;42.6000595
-3.8092003;42.6001434
-3.8097537;42.6001968
-3.8094599;42.6002426
-3.8086355;42.6002617
-3.8086739;42.6001740
-3.8095067;42.6002655
-3.8083603;42.6002655
-3.8080773;42.6002998
-3.8090787;42.6003113
-3.8062055;42.5999489
-3.8087966;42.6003342
-3.7997997;42.6003571
-3.8087604;42.6003952
-3.8092005;42.6004066
-3.8218524;42.6004448
-3.8092976;42.6005135
-3.8090210;42.6005211
-3.8098805;42.6005707
-3.8098059;42.6006470
-3.8097305;42.6005745
-3.8099692;42.6007271
-3.8094952;42.6007729
-3.8097343;42.6008911
-3.8090928;42.6009178
-3.8098752;42.6010361
-3.8102937;42.6010742
-3.8099322;42.6011238
-3.8103206;42.6011276
-3.8101263;42.6011620
-3.8105075;42.6012459
-3.8102226;42.6012535
-3.7985625;42.6017990
-3.7971258;42.6022339
-3.7955241;42.6023331
-3.7962542;42.6025009
-3.7958319;42.6026268
-3.7954807;42.6027298
-3.7962296;42.6028328
-3.7965684;42.6030006
-3.7944918;42.6030312
-3.6928489;42.8922577
-3.8197281;42.6045914
-3.8008816;42.6052132
-3.8009040;42.6052246
-3.8147919;42.6052475
-3.7872407;42.6063080
-3.8044767;42.6070175
-3.8073828;42.6084518
-3.8075230;42.6085205
-3.8453381;42.6163559
-3.8451297;42.6160278
-3.8164601;42.6164322
-3.8471470;42.6164322
-3.8472540;42.6163177
-3.8473744;42.6165085
-3.8470817;42.6165352
-3.8456993;42.6165428
-3.8164818;42.6165657
-3.8453722;42.6165771
-3.8450229;42.6165276
-3.8472159;42.6165771
-3.8159075;42.6165886
-3.8162324;42.6163101
-3.8158517;42.6165276
-3.8455913;42.6166801
-3.8459048;42.6162453
-3.8465362;42.6167107
-3.8160470;42.6167374
-3.8467824;42.6168213
-3.8161130;42.6168518
-3.8169644;42.6169243
-3.8167973;42.6169739
-3.8160329;42.6169739
-3.8461952;42.6170044
-3.8461452;42.6169662
-3.8165908;42.6170959
-3.8169374;42.6171036
-3.8468003;42.6171341
-3.8468411;42.6172218
-3.8461130;42.6172714
-3.8171537;42.6172905
-3.8471253;42.6174240
-3.8468792;42.6174583
-3.8460102;42.6176338
-3.8468323;42.6177483
-3.8461552;42.6177826
-3.8463318;42.6175575
-3.8471053;42.6178093
-3.8459978;42.6178207
-3.8459177;42.6178741
-3.8181911;42.6180382
-3.8456798;42.6180458
-3.8451588;42.6185303
-3.8451474;42.6189728
-3.8448105;42.6189842
-3.8446527;42.6190643
-3.8448639;42.6191444
-3.8450336;42.6193047
-3.8448479;42.6193161
-3.8453045;42.6193237
-3.8441896;42.6194305
-3.8450077;42.6194725
-3.8211725;42.6195030
-3.8449779;42.6197166
-3.8218732;42.6197205
-3.8219380;42.6197433
-3.8445702;42.6197586
-3.8443570;42.6197662
-3.8442714;42.6197701
-3.8441424;42.6197777
-3.8439379;42.6197929
-3.8438399;42.6198654
-3.8436143;42.6197319
-3.8436968;42.6199760
-3.8441238;42.6199875
-3.8442380;42.6200066
-3.8435833;42.6200294
-3.8433266;42.6199989
-3.8437710;42.6201134
-3.8456440;42.6201706
-3.8434477;42.6202240
-3.8438947;42.6203499
-3.8437309;42.6203537
-3.8435571;42.6215858
-3.8289084;42.6219215
-3.8438408;42.6227875
-3.8440228;42.6234207
-3.8423176;42.6240883
-3.8426578;42.6240959
-3.8425417;42.6241837
-3.8428864;42.6243515
-3.8436203;42.6245003
-3.8435504;42.6246948
-3.8434520;42.6247559
-3.8440144;42.6248360
-3.7745097;42.8923492
-3.6924920;42.8923569
-3.6899142;42.8925934
-3.6855285;42.8908615
-3.2054021;42.5879250
-3.2069883;42.5852356
-3.2063174;42.5861053
-3.2046993;42.5880814
-3.2038708;42.5876122
-3.2041950;42.5881004
-3.2052684;42.5881233
-3.2062099;42.5881653
-3.2061145;42.5881653
-3.2068760;42.5882454
-3.2046201;42.5885925
-3.2043076;42.5886459
-3.2055264;42.5886688
-3.2051187;42.5887032
-3.2041316;42.5887299
-3.2060184;42.5888062
-3.2047012;42.5888100
-3.6299324;42.8926163
-3.6297531;42.8926277
-3.2048597;42.5883293
-3.2049737;42.5888405
-3.2055235;42.5888557
-3.2050958;42.5888824
-3.2050042;42.5888901
-3.2050462;42.5890884
-3.2046349;42.5891571
-3.2048562;42.5892410
-3.2034969;42.5887337
-3.2032237;42.5893097
-3.2047241;42.5893097
-3.2045343;42.5894241
-3.2045941;42.5894852
-3.2051790;42.5896606
-3.2031672;42.5902214
-3.2018604;42.5903511
-3.2037642;42.5903893
-3.2061274;42.5904770
-3.2002680;42.5905113
-3.2031195;42.5909042
-3.2059662;42.5935783
-3.2027593;42.5973473
-3.2084992;42.5978661
-3.7262850;42.9008675
-3.7268853;42.9025383
-3.7287672;42.8788681
-3.7287555;42.8790932
-3.7222261;42.8883629
-3.7221551;42.8884392
-3.7106113;42.9022179
-3.7105343;42.9021378
-3.7166359;42.9076042
-3.7165339;42.9076653
-3.7107091;42.9027328
-3.7105784;42.9027405
-3.7475305;42.8905373
-3.7474082;42.8905640
-3.7407396;42.8908501
-3.6296160;42.8926315
-3.6919870;42.8963966
-3.6918731;42.8963547
-3.7102258;42.8985138
-3.7098253;42.8987007
-3.6326485;42.8972702
-3.6326351;42.8971748
-3.7245646;42.9087601
-3.7244582;42.9086990
-3.6685636;42.8912468
-3.6686342;42.8911705
-3.7733734;42.8913727
-3.7734694;42.8914413
-3.7158687;42.9076309
-3.7157836;42.9075699
-3.7263525;42.8774033
-3.7264743;42.8771667
-3.7256234;42.8772621
-3.7255743;42.8773651
-3.7258162;42.8774681
-3.7264748;42.8774719
-3.7268474;42.8773689
-3.7270112;42.8775177
-3.7267003;42.8775215
-3.7263901;42.8776550
-3.7273138;42.8776894
-3.7271292;42.8777046
-3.7262888;42.8777351
-3.7262328;42.8778648
-3.7273767;42.8779144
-3.7277308;42.8779526
-3.7269003;42.8780251
-3.7269924;42.8781662
-3.7262785;42.8844528
-3.7722435;42.8889771
-3.7723556;42.8886223
-3.2706418;43.1526108
-3.2705173;43.1533775
-3.7857890;42.8806953
-3.7754579;42.8890457
-3.7593970;42.8891830
-3.7596664;42.8891029
-3.7591603;42.8889542
-3.7735887;42.8892365
-3.7731931;42.8892326
-3.7737374;42.8892441
-3.7728362;42.8892708
-3.7744393;42.8892937
-3.7742362;42.8892937
-3.7738681;42.8893394
-3.7746396;42.8893509
-3.7592175;42.8893661
-3.7594507;42.8894081
-3.7736111;42.8894310
-3.7734947;42.8894615
-3.7620418;42.8894043
-3.7724662;42.8894920
-3.7145050;42.8895493
-3.7148767;42.8893661
-3.7143829;42.8893166
-3.7720826;42.8895988
-3.7728961;42.8896294
-3.7721136;42.8897095
-3.7726068;42.8897324
-3.7139218;42.8897972
-3.7137613;42.8899193
-3.7725575;42.8900528
-3.7129393;42.8900948
-3.7125440;42.8896675
-3.7133508;42.8903122
-3.7725923;42.8903236
-3.7557662;42.8905449
-3.7133918;42.8905678
-3.7151062;42.8903427
-3.7150378;42.8906364
-3.7703557;42.8906784
-3.7133753;42.8909187
-3.7132409;42.8909454
-3.7130404;42.8909225
-3.7149241;42.8909683
-3.7138894;42.8910179
-3.7419474;42.8910942
-3.7161493;42.8911209
-3.7149689;42.8911247
-3.6687272;42.8910675
-3.7144642;42.8912392
-3.6704926;42.8914032
-3.7735260;42.8917007
-3.7128005;42.8918304
-3.7768509;42.8927498
-3.7539921;42.8927574
-3.7342162;42.8926277
-3.6331136;42.8927307
-3.7768252;42.8930473
-3.7766776;42.8932686
-3.7130504;42.8933640
-3.7772443;42.8935471
-3.7511184;42.8935738
-3.7513680;42.8748550
-3.2759786;43.1523781
-3.2722387;43.1535759
-3.6721253;42.8932838
-3.6227326;42.8937111
-3.7295229;42.8937149
-3.6258276;42.8939400
-3.6268744;42.8937492
-3.6256709;42.8939590
-3.6163630;42.8922157
-3.7533569;42.8939743
-3.6258559;42.8940430
-3.6252451;42.8940506
-3.7291684;42.8940773
-3.6268318;42.8941650
-3.6904917;42.8944397
-3.6736622;42.8944550
-3.6740465;42.8948174
-3.6904724;42.8949165
-3.6756315;42.8947906
-3.6756575;42.8949776
-3.6750343;42.8948860
-3.6752295;42.8950272
-3.6753933;42.8950462
-3.6745880;42.8950577
-3.6760287;42.8950539
-3.6759148;42.8950691
-3.6757030;42.8950806
-3.6748610;42.8950806
-3.6748614;42.8951912
-3.7280858;42.8952255
-3.7286961;42.8952484
-3.6754694;42.8952827
-3.6751699;42.8952942
-3.6754339;42.8953171
-3.6758671;42.8954620
-3.6757624;42.8955383
-3.6754529;42.8955307
-3.7274802;42.8956108
-3.7268605;42.8956985
-3.7267821;42.8956490
-3.7270913;42.8958702
-3.7798150;42.8959770
-3.7825980;42.8964882
-3.7262068;42.8965340
-3.7829616;42.8966141
-3.6927576;42.8966408
-3.7262084;42.8967514
-3.7831752;42.8967514
-3.7226710;42.8967896
-3.7835960;42.8969231
-3.6938512;42.8969879
-3.7835350;42.8970490
-3.7841749;42.8972549
-3.7263417;42.8972740
-3.7837503;42.8973045
-3.7834229;42.8974495
-3.2654471;43.1523857
-3.7252150;42.8976135
-3.7839029;42.8978462
-3.7264974;42.8981628
-3.7845614;42.8982544
-3.7243452;42.8983345
-3.6318748;42.8985519
-3.6907227;42.8985939
-3.6913061;42.8984566
-3.6907473;42.8987312
-3.6923580;42.8984261
-3.6921566;42.8987732
-3.6918242;42.8984871
-3.6906493;42.8988037
-3.6906400;42.8988266
-3.6921475;42.8988266
-3.6918709;42.8989372
-3.6911671;42.8989487
-3.7091608;42.8990097
-3.6907492;42.8990135
-3.6901824;42.8990250
-3.6906190;42.8990364
-3.6900737;42.8990250
-3.6922307;42.8990860
-3.6926036;42.8989677
-3.6907940;42.8990936
-3.6903064;42.8991394
-3.6910503;42.8991547
-3.6902211;42.8992691
-3.6902668;42.8993683
-3.6910708;42.8993874
-3.6900651;42.8994064
-3.6899509;42.8994751
-3.6920965;42.8996048
-3.6919422;42.8999367
-3.7098558;42.9009666
-3.7100222;42.9014511
-3.7101202;42.9026604
-3.7109828;42.9026794
-3.7104316;42.9027634
-3.7101398;42.9028282
-3.7093430;42.9031944
-3.7102077;42.9031258
-3.7095482;42.9033813
-3.7088702;42.9034348
-3.7088065;42.9033546
-3.7086699;42.9035759
-3.7321851;42.9036064
-3.7325563;42.9035034
-3.7311571;42.9035950
-3.7085793;42.9036217
-3.7307274;42.9036484
-3.7311904;42.9037895
-3.6333394;42.9039268
-3.7101758;42.9039993
-3.7099288;42.9036522
-3.7322388;42.9041252
-3.7178538;42.9048347
-3.2716873;43.1538696
-3.7278183;42.9062996
-3.7159085;42.9067497
-3.7171435;42.9068565
-3.7170007;42.9070740
-3.7172165;42.9070930
-3.7168615;42.9072647
-3.7166877;42.9073257
-3.7166667;42.9071198
-3.7161732;42.9076576
-3.7162850;42.9076691
-3.7171624;42.9077568
-3.7176964;42.9078751
-3.7172339;42.9078827
-3.7280588;42.9081306
-3.7191904;42.9083405
-3.7280426;42.9081688
-3.6537831;42.9093971
-3.6620347;42.9123421
-3.6647499;42.9149208
-3.6654966;42.9155159
-3.6658075;42.9157219
-3.6661623;42.9156876
-3.6658592;42.9157486
-3.6660783;42.9158478
-3.6652842;42.9159012
-3.6659780;42.9159164
-3.6667535;42.9161720
-3.6966677;42.9241295
-3.6973655;42.9240799
-3.6963305;42.9241524
-3.6296113;42.9243088
-3.6287229;42.9243927
-3.6266379;42.9226151
-3.6303027;42.9244461
-3.6304431;42.9245148
-3.6952126;42.9252739
-3.6573076;42.9317741
-3.6405046;42.9273949
-3.6593294;42.9342842
-3.6593618;42.9338760
-3.6598458;42.9367752
-3.6596732;42.9368706
-3.6604979;42.9371719
-3.6719155;42.9394188
-3.6712034;42.9382248
-3.2332931;43.1579666
-3.2292874;43.1582985
-3.2261324;43.1685753
-3.2260742;43.1689186
-3.2575676;43.0932617
-3.2576373;43.0932007
-3.2605803;43.0968933
-3.2604561;43.0968704
-3.2371237;43.1554604
-3.2372699;43.1555672
-3.1468830;43.0566978
-3.1468236;43.0567245
-3.1998544;43.0760880
-3.1997199;43.0759811
-3.1952050;43.0979309
-3.1954291;43.0979996
-3.3479502;43.1240463
-3.3478343;43.1239319
-3.1587255;43.0971336
-3.1586831;43.0971146
-3.3364308;43.1279182
-3.3364227;43.1277428
-3.3498480;43.1016693
-3.3498249;43.1016350
-3.3891344;43.0941734
-3.3891196;43.0941010
-3.3883963;43.0945816
-3.3885801;43.0945320
-3.4023249;43.0925293
-3.4023874;43.0926170
-3.4024305;43.0929794
-3.4024081;43.0930672
-3.4013970;43.0930061
-3.4012475;43.0930443
-3.3017392;43.0855255
-3.3019202;43.0856781
-3.2769313;43.1001930
-3.2768240;43.1002274
-3.2997396;43.0992355
-3.2997603;43.0991707
-3.3018332;43.1002655
-3.3019738;43.1001434
-3.3177400;43.0848618
-3.3176997;43.0848885
-3.3154249;43.0837593
-3.3156979;43.0839272
-3.2779989;43.1028557
-3.2779350;43.1028824
-3.2853701;43.1000137
-3.2854288;43.1002502
-3.2886136;43.1011124
-3.2887414;43.1011162
-3.2647493;43.0990753
-3.2645080;43.0990181
-3.2682927;43.1079292
-3.2681639;43.1080666
-3.2658861;43.1130486
-3.2658453;43.1131439
-3.2646251;43.1162415
-3.2645073;43.1161079
-3.2681723;43.1117516
-3.2685215;43.1117973
-3.2647498;43.1163788
-3.2678065;43.1162148
-3.2677362;43.1162262
-3.2488995;43.1603203
-3.2488906;43.1602097
-3.2463787;43.1655083
-3.2463367;43.1653557
-3.2477310;43.1668510
-3.2476728;43.1666336
-3.2643831;43.1284103
-3.2641752;43.1283035
-3.2514031;43.1047897
-3.2512555;43.1048660
-3.2541978;43.1059265
-3.2540886;43.1059189
-3.2491262;43.1219559
-3.2490647;43.1220512
-3.2515397;43.1216316
-3.2515283;43.1215286
-3.2484133;43.1217270
-3.2483137;43.1217957
-3.2502184;43.1219215
-3.2502327;43.1220093
-3.2893977;43.1468048
-3.2893918;43.1469460
-3.2327197;43.1157150
-3.2327516;43.1156273
-3.2340758;43.1593971
-3.2339385;43.1594772
-3.3036046;43.1013260
-3.3032155;43.1012955
-3.2980723;43.1013412
-3.2979476;43.1013374
-3.2829175;43.1008835
-3.2830148;43.1011047
-3.2286820;43.1647568
-3.2286882;43.1648827
-3.1692047;43.1507416
-3.1693723;43.1508026
-3.2261109;43.1555328
-3.2260411;43.1554909
-3.3389070;43.0950928
-3.3387690;43.0951462
-3.3336539;43.0977249
-3.3335505;43.0977783
-3.3524163;43.0923004
-3.3523581;43.0922432
-3.1666338;43.0728722
-3.1665721;43.0729332
-3.3900018;43.0921631
-3.3899310;43.0921555
-3.3935444;43.0930557
-3.3932273;43.0929680
-3.2842176;43.0938454
-3.2840416;43.0938492
-3.2956359;43.0942078
-3.2955220;43.0941963
-3.2972023;43.0943909
-3.2966747;43.0943298
-3.3003337;43.0945244
-3.3000975;43.0945358
-3.3404992;43.0953102
-3.3402879;43.0954475
-3.3066125;43.0982895
-3.3066444;43.0981903
-3.2676871;43.1046867
-3.2673018;43.1048660
-3.2636757;43.1074638
-3.2636094;43.1075401
-3.2619572;43.1117592
-3.2619104;43.1119614
-3.2617013;43.1253242
-3.2617149;43.1254883
-3.2625952;43.1334877
-3.2625954;43.1336517
-3.2666976;43.1462593
-3.2666800;43.1465797
-3.2486265;43.1602211
-3.2479696;43.1605721
-3.2334816;43.1641273
-3.2333329;43.1641541
-3.2264304;43.1690369
-3.2265980;43.1691017
-3.2236526;43.1722145
-3.2235563;43.1723099
-3.2430654;43.1040726
-3.2429883;43.1039276
-3.2673542;43.1042633
-3.2670784;43.1043167
-3.2664251;43.1044426
-3.2659631;43.1045265
-3.2908309;43.0931854
-3.2907288;43.0932388
-3.3394394;43.0789604
-3.3395798;43.0791168
-3.1986971;43.0775948
-3.1985612;43.0775757
-3.3615725;43.1204071
-3.3616323;43.1204910
-3.3630788;43.1224632
-3.3632619;43.1226883
-3.3594429;43.1241875
-3.3593335;43.1242371
-3.3218527;43.1289520
-3.3217742;43.1288338
-3.3259454;43.1325493
-3.3256090;43.1324654
-3.2598875;43.1662865
-3.2597005;43.1664238
-3.1693573;43.0802078
-3.1692398;43.0801468
-3.2420242;43.1171875
-3.2419379;43.1171494
-3.2612817;43.1176910
-3.2607574;43.1179924
-3.1942265;43.1699295
-3.1942058;43.1698227
-3.1666586;43.0468025
-3.1666713;43.0469131
-3.1649156;43.0500946
-3.1648295;43.0502129
-3.1619647;43.0502739
-3.1618657;43.0503197
-3.1549938;43.0523415
-3.1550112;43.0524025
-3.1821113;43.0323982
-3.1820662;43.0324402
-3.3274980;43.0837936
-3.3273566;43.0838051
-3.2752285;43.0851135
-3.2753074;43.0850410
-3.2998292;43.0947533
-3.3000579;43.0941887
-3.1877797;43.0954094
-3.1876488;43.0953369
-3.2688768;43.0995407
-3.2687092;43.0995598
-3.2731671;43.1007500
-3.2727053;43.1006851
-3.2676818;43.1046333
-3.2675436;43.1046982
-3.1837368;43.1441917
-3.1839175;43.1442642
-3.1703777;43.1474457
-3.1705263;43.1472626
-3.2709014;43.1026611
-3.2710710;43.1028023
-3.2480519;43.1603508
-3.2478273;43.1605415
-3.2100399;43.1048851
-3.2095556;43.1052246
-3.2089443;43.1050987
-3.2653449;43.1521339
-3.2654858;43.1522141
-3.2655733;43.1519203
-3.2650223;43.1524315
-3.2936549;43.0849686
-3.2988148;43.0849190
-3.2989655;43.0849686
-3.1938398;43.0974541
-3.3317363;43.1033440
-3.3295090;43.1066132
-3.3291378;43.1070709
-3.2797439;43.0980797
-3.2781944;43.0984001
-3.2780254;43.0984230
-3.2789660;43.0974731
-3.2794950;43.0970955
-3.2779899;43.0974846
-3.2774692;43.0978394
-3.2800281;43.0975037
-3.2771635;43.0968399
-3.2785108;43.0971298
-3.2797763;43.0962868
-3.2790599;43.0967636
-3.2779250;43.0981903
-3.2776172;43.0964203
-3.2792904;43.0977249
-3.1922252;43.0314331
-3.1921260;43.0318069
-3.1817172;43.0319672
-3.1827927;43.0332222
-3.1817949;43.0354385
-3.1815085;43.0361443
-3.1803098;43.0362015
-3.1800416;43.0358543
-3.1805751;43.0362206
-3.1797612;43.0363426
-3.1806118;43.0363655
-3.1815789;43.0366554
-3.1803198;43.0368042
-3.1746724;43.0368271
-3.1784170;43.0368500
-3.1775272;43.0368500
-3.1736498;43.0371284
-3.1734848;43.0371628
-3.1791854;43.0372734
-3.1792707;43.0373573
-3.1703393;43.0372391
-3.1847336;43.0382881
-3.1846611;43.0382309
-3.1787593;43.0384903
-3.1768210;43.0394096
-3.1754696;43.0399284
-3.1796236;43.0431786
-3.1689868;43.0443535
-3.1691089;43.0443039
-3.1713593;43.0443916
-3.1667080;43.0460129
-3.1666558;43.0461807
-3.1665015;43.0472107
-3.1760812;43.0486031
-3.1586549;43.0507317
-3.1756885;43.0508842
-3.1573913;43.0511932
-3.1756959;43.0512619
-3.1755967;43.0518303
-3.1557858;43.0518417
-3.1493413;43.0563431
-3.1487737;43.0556870
-3.1466951;43.0574303
-3.1762674;43.0584106
-3.8181520;42.9694939
-3.8156307;42.9713860
-3.1492763;43.0624886
-3.1487715;43.0618935
-3.1764781;43.0625343
-3.1496248;43.0628738
-3.1785252;43.0632629
-3.1780319;43.0630379
-3.1786892;43.0633392
-3.1767199;43.0637970
-3.3164682;43.0661316
-3.3168721;43.0662117
-3.3078604;43.0662231
-3.3066933;43.0661583
-3.3091717;43.0663834
-3.3101923;43.0664482
-3.1823957;43.0665245
-3.3167405;43.0667229
-3.3163002;43.0665207
-3.3180096;43.0667686
-3.3185980;43.0668869
-3.3186281;43.0661125
-3.3186786;43.0669365
-3.3193529;43.0660744
-3.3187783;43.0669975
-3.3191683;43.0670967
-3.3195429;43.0671539
-3.3037739;43.0674362
-3.3197684;43.0674553
-3.3181593;43.0675125
-3.3035240;43.0678787
-3.3032730;43.0680809
-3.3182228;43.0681686
-3.3028553;43.0682831
-3.3025382;43.0682793
-3.3032866;43.0682983
-3.3032100;43.0683479
-3.3174362;43.0684204
-3.3166995;43.0684395
-3.3030684;43.0684395
-3.3179851;43.0684624
-3.3178589;43.0685806
-3.3034949;43.0686874
-3.3033264;43.0688133
-3.3031983;43.0688553
-3.3169158;43.0689240
-3.3034534;43.0689545
-3.3187428;43.0692177
-3.3159940;43.0694466
-3.3159151;43.0694923
-3.3187637;43.0694923
-3.3157866;43.0695801
-3.3266673;43.0698166
-3.3265424;43.0697441
-3.3184214;43.0698204
-3.3270690;43.0699196
-3.3265095;43.0701294
-3.3262112;43.0704689
-3.1874948;43.0706062
-3.1875415;43.0706253
-3.3260081;43.0706367
-3.3277903;43.0706100
-3.3272121;43.0706367
-3.7853899;42.9709969
-3.7852302;42.9711685
-3.3256850;43.0709000
-3.3256466;43.0709076
-3.3263631;43.0709076
-3.3267546;43.0709915
-3.3251054;43.0710526
-3.3271515;43.0710526
-3.3231473;43.0712547
-3.3243105;43.0713310
-3.3250027;43.0713310
-3.3239820;43.0715942
-3.3286293;43.0718460
-3.3243043;43.0719376
-3.3501906;43.0723724
-3.3501441;43.0717621
-3.3299634;43.0727539
-3.3472149;43.0728455
-3.3461368;43.0729332
-3.3314259;43.0730858
-3.3504577;43.0730858
-3.3362508;43.0730820
-3.3354685;43.0730858
-3.3514190;43.0727539
-3.3505564;43.0730972
-3.3501124;43.0731277
-3.3488939;43.0731468
-3.3315635;43.0731926
-3.3347485;43.0732422
-3.3342860;43.0732956
-3.3364096;43.0735893
-3.3309822;43.0736618
-3.3315220;43.0737076
-3.3353779;43.0737953
-3.3345382;43.0738106
-3.3337111;43.0738297
-3.3354070;43.0738411
-3.3350990;43.0738678
-3.3308599;43.0740013
-3.3342826;43.0740318
-3.3343108;43.0741043
-3.3372583;43.0741272
-3.3373394;43.0741463
-3.3333964;43.0742874
-3.3348811;43.0742950
-3.3350608;43.0743408
-3.3359547;43.0744171
-3.3340392;43.0744362
-3.3332071;43.0745888
-3.3369532;43.0746422
-3.3390543;43.0746231
-3.3387668;43.0746574
-3.3393807;43.0739784
-3.3377604;43.0747032
-3.3422489;43.0748100
-3.3368561;43.0748177
-3.1978624;43.0748520
-3.3364344;43.0748825
-3.3335550;43.0749168
-3.3337302;43.0749321
-3.3357189;43.0749626
-3.3363311;43.0750427
-3.3360643;43.0753136
-3.3344483;43.0752029
-3.3338823;43.0753479
-3.3405769;43.0753860
-3.3422916;43.0753746
-3.3410063;43.0754890
-3.3366475;43.0754929
-3.3400929;43.0755234
-3.3372960;43.0756264
-3.3338866;43.0756416
-3.3350639;43.0754204
-3.3320751;43.0756760
-3.3395135;43.0756874
-3.3321562;43.0757294
-3.3368437;43.0757446
-3.3338606;43.0759048
-3.3333855;43.0759125
-3.3387120;43.0759201
-3.3386652;43.0759850
-3.3409221;43.0760841
-3.3383512;43.0762329
-3.3351164;43.0765266
-3.3338356;43.0765343
-3.3403037;43.0760994
-3.3395455;43.0765457
-3.3339133;43.0765800
-3.1997335;43.0767021
-3.3372760;43.0767593
-3.3349178;43.0767975
-3.3360207;43.0769730
-3.3367865;43.0769958
-3.3347380;43.0770416
-3.3364160;43.0771790
-3.1997983;43.0771980
-3.3423736;43.0772591
-3.3356669;43.0774994
-3.1983943;43.0777092
-3.3334551;43.0778503
-3.3316607;43.0781364
-3.3304312;43.0783272
-3.3301034;43.0783806
-3.3297913;43.0784340
-3.3293769;43.0785027
-3.3301897;43.0785599
-3.3301098;43.0786285
-3.3301756;43.0787277
-3.3144064;43.0790176
-3.3302157;43.0790863
-3.3254895;43.0791359
-3.2771862;43.0781746
-3.2808149;43.0793304
-3.2821352;43.0790482
-3.2818444;43.0796967
-3.3303013;43.0798302
-3.3209715;43.0798798
-3.3283119;43.0800934
-3.2762213;43.0801811
-3.3187356;43.0802460
-3.1698718;43.0804253
-3.3303964;43.0805588
-3.2815783;43.0806160
-3.3161948;43.0806618
-3.3169055;43.0806923
-3.3174288;43.0806503
-3.3158746;43.0807114
-3.3304203;43.0808105
-3.3282979;43.0808601
-3.3142188;43.0809898
-3.3403060;43.0810394
-3.3319016;43.0810928
-3.3132164;43.0811234
-3.3283834;43.0812035
-3.1691728;43.0816650
-3.1700001;43.0811195
-3.3093381;43.0816765
-3.3408253;43.0820999
-3.3408730;43.0821266
-3.1694934;43.0821953
-3.3400564;43.0824280
-3.3417203;43.0825119
-3.3417583;43.0825195
-3.3423524;43.0826416
-3.3437562;43.0824738
-3.3429103;43.0818214
-3.3422363;43.0827599
-3.3383222;43.0827866
-3.3060451;43.0828133
-3.3425944;43.0828514
-3.3420773;43.0828819
-3.3416045;43.0828934
-3.3149989;43.0829887
-3.3416307;43.0829964
-3.3420584;43.0830421
-3.3421631;43.0830460
-3.3443511;43.0831146
-3.3456802;43.0831604
-3.3459544;43.0831337
-3.3452387;43.0831795
-3.1649354;43.0831985
-3.3432419;43.0832024
-3.3133881;43.0832062
-3.3468235;43.0832405
-3.3437104;43.0832863
-3.3416262;43.0832939
-3.3409402;43.0828400
-3.3436992;43.0833206
-3.3332376;43.0833549
-3.3433089;43.0833549
-3.3435876;43.0833778
-3.3474712;43.0834236
-3.3431699;43.0834579
-3.3153813;43.0837250
-3.3425088;43.0837364
-3.3426216;43.0837898
-3.3434563;43.0838165
-3.3015449;43.0838280
-3.3005514;43.0834808
-3.3445673;43.0838966
-3.1646934;43.0839500
-3.3432789;43.0839691
-3.3431184;43.0839767
-3.1579916;43.0839386
-3.1578937;43.0840225
-3.2763896;43.0840492
-3.1578662;43.0840607
-3.3160346;43.0841217
-3.3426530;43.0841866
-3.3162510;43.0842400
-3.3028331;43.0842552
-3.1645775;43.0842819
-3.3019421;43.0842819
-3.3020260;43.0842934
-3.1636317;43.0843277
-3.3160784;43.0843582
-3.3166564;43.0844688
-3.3476181;43.0844765
-3.3456483;43.0844879
-3.1575143;43.0846138
-3.3031554;43.0846291
-3.3160174;43.0846672
-3.3022611;43.0847015
-3.3421564;43.0847244
-3.3172293;43.0847397
-3.3022316;43.0847511
-3.3468704;43.0847664
-3.3008997;43.0847893
-3.3422060;43.0848312
-3.3183646;43.0843544
-3.3176522;43.0849152
-3.3011177;43.0849190
-3.3154774;43.0849457
-3.2872994;43.0828896
-3.3169248;43.0849762
-3.3161097;43.0849838
-3.3028827;43.0849457
-3.3026516;43.0850105
-3.3142636;43.0850029
-3.3163800;43.0850754
-3.1572082;43.0850945
-3.3177679;43.0851173
-3.3168943;43.0851555
-3.1571593;43.0851746
-3.3168509;43.0851784
-3.3166206;43.0851860
-3.3003287;43.0851974
-3.3175874;43.0852280
-3.3464136;43.0852509
-3.3178334;43.0852585
-3.3236580;43.0853882
-3.3179564;43.0854301
-3.3016391;43.0854454
-3.3162422;43.0854645
-3.3016670;43.0854759
-3.3160398;43.0855370
-3.3159800;43.0855675
-3.3014762;43.0855942
-3.1568656;43.0856056
-3.3155451;43.0856781
-3.3145037;43.0856552
-3.3173807;43.0857506
-3.3182871;43.0857658
-3.3174706;43.0857697
-3.3167820;43.0857925
-3.3178709;43.0858002
-3.3175375;43.0858002
-3.3169479;43.0858154
-3.3163338;43.0858231
-3.3012938;43.0858650
-3.1578844;43.0852623
-3.1569893;43.0859833
-3.3171933;43.0860519
-3.3009014;43.0860672
-3.3190236;43.0861397
-3.3167624;43.0862503
-3.2736287;43.0866203
-3.3022828;43.0867538
-3.3033683;43.0869751
-3.3038917;43.0872765
-3.3027461;43.0876389
-3.1592176;43.0877380
-3.1624401;43.0878944
-3.3027930;43.0879021
-3.3230014;43.0883026
-3.2956142;43.0891418
-3.2832022;43.0857162
-3.2834229;43.0860329
-3.2840488;43.0893135
-3.3489342;43.0892487
-3.3245375;43.0895691
-3.2843149;43.0896835
-3.3497236;43.0898170
-3.3601954;43.0900459
-3.3576956;43.0895729
-3.3470652;43.0901146
-3.2470944;43.0902176
-3.2455344;43.0899620
-3.3501766;43.0904274
-3.2941930;43.0905228
-3.1936309;43.0905762
-3.3509781;43.0906105
-3.3487628;43.0886192
-3.3566942;43.0906181
-3.2477880;43.0906487
-3.3474927;43.0909653
-3.3475413;43.0909958
-3.3474941;43.0910110
-3.3638043;43.0910263
-3.1540780;43.0910416
-3.1538086;43.0910568
-3.1534996;43.0906830
-3.3543501;43.0912018
-3.3541780;43.0907860
-3.3482552;43.0914841
-3.2510021;43.0915146
-3.4015930;43.0915222
-3.4019234;43.0914307
-3.1985898;43.0915451
-3.1996996;43.0913200
-3.3537562;43.0915604
-3.3549473;43.0916214
-3.3552253;43.0916214
-3.1937401;43.0921631
-3.2929759;43.0917053
-3.2587600;43.0917778
-3.2591946;43.0911064
-3.2581613;43.0910759
-3.3518522;43.0918121
-3.2591681;43.0918503
-3.3514888;43.0918770
-3.3512099;43.0919228
-3.2589488;43.0919685
-3.2590034;43.0920258
-3.2592070;43.0920448
-3.2925739;43.0920868
-3.2593007;43.0921135
-3.1957781;43.0910454
-3.1942449;43.0921211
-3.4034121;43.0916290
-3.4026756;43.0921288
-3.2925272;43.0921288
-3.3494890;43.0922012
-3.3464692;43.0922050
-3.2592883;43.0923157
-3.3628452;43.0923386
-3.4330344;43.0923538
-3.3481822;43.0924492
-3.3540406;43.0924683
-3.3534238;43.0924225
-3.4030941;43.0924644
-3.4023097;43.0925064
-3.2583759;43.0925255
-3.1940892;43.0925484
-3.3868005;43.0925636
-3.2918885;43.0925789
-3.3447890;43.0926247
-3.4021528;43.0926285
-3.3614130;43.0926285
-3.3535323;43.0926590
-3.3448446;43.0926857
-3.1936901;43.0927086
-3.1929245;43.0916939
-3.4028051;43.0926895
-3.4024625;43.0927658
-3.3527148;43.0927963
-3.3862271;43.0928192
-3.3450108;43.0928307
-3.3451536;43.0928650
-3.3526607;43.0928726
-3.3447466;43.0928802
-3.3444376;43.0928574
-3.4016819;43.0929070
-3.3452384;43.0929794
-3.3885453;43.0929832
-3.3889072;43.0929871
-3.3446660;43.0929909
-3.1934636;43.0930176
-3.3890374;43.0930443
-3.4011528;43.0930634
-3.3534057;43.0930634
-3.3529861;43.0930710
-3.3887484;43.0930786
-3.4007645;43.0930977
-3.3895242;43.0931053
-3.3446732;43.0931282
-3.3885431;43.0931358
-3.3452289;43.0931587
-3.2590387;43.0932045
-3.3447752;43.0932198
-3.1929088;43.0932388
-3.3449776;43.0932770
-3.3311965;43.0933418
-3.4019194;43.0933990
-3.3991761;43.0934105
-3.3977640;43.0934143
-3.4015667;43.0934334
-3.4018891;43.0934372
-3.2903483;43.0934525
-3.3003712;43.0934639
-3.3977315;43.0934639
-3.2590899;43.0935593
-3.3970447;43.0935631
-3.3974891;43.0935745
-3.4016070;43.0935822
-3.1931634;43.0935898
-3.3972397;43.0935936
-3.3974624;43.0936317
-3.3975177;43.0936394
-3.2843082;43.0936508
-3.3841786;43.0936584
-3.3642180;43.0936584
-3.3976164;43.0936584
-3.3527985;43.0936661
-3.3840280;43.0936852
-3.3977964;43.0936966
-3.2896633;43.0937004
-3.4251797;43.0937042
-3.3519983;43.0937042
-3.3975594;43.0937119
-3.2898836;43.0937424
-3.3430212;43.0937462
-3.3980296;43.0937538
-3.4022789;43.0937614
-3.3841558;43.0937805
-3.2895095;43.0937805
-3.2899225;43.0937843
-3.3836150;43.0938263
-3.2885268;43.0938683
-3.2908454;43.0938683
-3.2899356;43.0939064
-3.2894979;43.0939484
-3.3836048;43.0939674
-3.2898645;43.0939941
-3.3891289;43.0940018
-3.3841608;43.0940094
-3.2895660;43.0940132
-3.3841331;43.0940399
-3.2897508;43.0940399
-3.3697016;43.0940475
-3.3837614;43.0940971
-3.3838942;43.0941162
-3.3995783;43.0942230
-3.3902652;43.0936012
-3.2894733;43.0942307
-3.3841846;43.0943336
-3.1842811;43.0939407
-3.1841383;43.0943489
-3.1832428;43.0941734
-3.2559848;43.0942650
-3.1833515;43.0943680
-3.3891575;43.0943832
-3.3890903;43.0944023
-3.1833978;43.0944252
-3.2915831;43.0944595
-3.2916148;43.0944481
-3.3405669;43.0944672
-3.3394177;43.0944595
-3.3813097;43.0944939
-3.3810232;43.0945473
-3.1840813;43.0945511
-3.1830816;43.0945702
-3.7894566;42.9714890
-3.7895188;42.9712448
-3.4223485;43.0945816
-3.1841056;43.0946770
-3.1925740;43.0946770
-3.3880475;43.0946846
-3.2572393;43.0947037
-3.3879578;43.0947151
-3.2888784;43.0947266
-3.3798063;43.0947533
-3.1836023;43.0947762
-3.4009931;43.0948334
-3.3769181;43.0948448
-3.2920773;43.0948486
-3.4191236;43.0948639
-3.2893007;43.0948715
-3.3867722;43.0948792
-3.3391860;43.0949860
-3.3376863;43.0936127
-3.2899435;43.0950623
-3.1841643;43.0951653
-3.2941198;43.0952377
-3.2930481;43.0953369
-3.3381824;43.0954132
-3.2924502;43.0954208
-3.2784810;43.0954437
-3.2997026;43.0954628
-3.2889743;43.0954666
-3.1831131;43.0954819
-3.2903082;43.0955048
-3.3401871;43.0955124
-3.3869753;43.0955200
-3.2903805;43.0956230
-3.1840317;43.0958290
-3.2927232;43.0958138
-3.4102130;43.0958405
-3.2881308;43.0959129
-3.2881169;43.0959396
-3.2837386;43.0959625
-3.2905757;43.0959930
-3.3389399;43.0960846
-3.3891890;43.0961456
-3.3881350;43.0960503
-3.3390131;43.0961533
-3.2996373;43.0961685
-3.3390384;43.0961761
-3.3005290;43.0953674
-3.2998250;43.0961800
-3.3005207;43.0961876
-3.3011670;43.0961952
-3.2929890;43.0961990
-3.3014262;43.0962105
-3.2838213;43.0962524
-3.3391538;43.0962982
-3.2883706;43.0963173
-3.2836204;43.0963516
-3.2867975;43.0965347
-3.2862084;43.0956993
-3.2908971;43.0965996
-3.1580586;43.0966148
-3.3381910;43.0966377
-3.1887786;43.0966873
-3.2995658;43.0967979
-3.3396266;43.0968056
-3.2997410;43.0968132
-3.1934326;43.0969009
-3.2845736;43.0969086
-3.2639523;43.0969162
-3.1579840;43.0969200
-3.3893368;43.0969467
-3.3002198;43.0969467
-3.3373921;43.0969810
-3.2897193;43.0970001
-3.2895207;43.0966301
-3.2857919;43.0970192
-3.2820537;43.0971107
-3.2818034;43.0968628
-3.2848134;43.0971184
-3.3346756;43.0972023
-3.3888974;43.0972214
-3.2887161;43.0972404
-3.3887074;43.0972862
-3.2912791;43.0972977
-3.3883862;43.0973053
-3.2929702;43.0973358
-3.2850738;43.0973473
-3.2873826;43.0973854
-3.2627120;43.0975914
-3.2831662;43.0976028
-3.2809966;43.0976067
-3.1918497;43.0976067
-3.2810397;43.0976486
-3.3035412;43.0976372
-3.3021860;43.0976982
-3.3047295;43.0976257
-3.2914579;43.0977249
-3.1590157;43.0978012
-3.2635438;43.0978127
-3.1767051;43.0978165
-3.3010788;43.0978203
-3.2827451;43.0978203
-3.2865839;43.0979004
-3.2634532;43.0979462
-3.2889199;43.0979691
-3.2830408;43.0980949
-3.3014536;43.0981216
-3.3327663;43.0981674
-3.1749079;43.0980835
-3.3003206;43.0982018
-3.3004336;43.0977783
-3.3006358;43.0982094
-3.2880361;43.0982361
-3.2917967;43.0982628
-3.3006103;43.0982704
-3.2818727;43.0982742
-3.2831540;43.0983086
-3.2879040;43.0983582
-3.2814751;43.0983734
-3.2764697;43.0982094
-3.2782276;43.0984421
-3.3014543;43.0986137
-3.2860088;43.0986786
-3.3011305;43.0986824
-3.2800312;43.0986862
-3.2636285;43.0987015
-3.2628930;43.0986023
-3.2870226;43.0987587
-3.3014588;43.0988274
-3.2891679;43.0988426
-3.2880592;43.0988579
-3.3024833;43.0989037
-3.3311844;43.0989685
-3.2818511;43.0989761
-3.2643962;43.0989799
-3.2862120;43.0990067
-3.2784986;43.0990257
-3.3006492;43.0990562
-3.3027465;43.0990753
-3.2850027;43.0990753
-3.2997899;43.0991364
-3.2664435;43.0991898
-3.2857096;43.0991936
-3.2665093;43.0992050
-3.2809353;43.0992088
-3.2669346;43.0992203
-3.1380289;43.0992355
-3.1375744;43.0990448
-3.3320570;43.0992470
-3.2674892;43.0987091
-3.2673008;43.0992813
-3.2820468;43.0992889
-3.3316188;43.0993004
-3.2639520;43.0993042
-3.2844996;43.0993042
-3.3304713;43.0993233
-3.3318639;43.0993271
-3.2769802;43.0993385
-3.2803116;43.0993614
-3.2851894;43.0993881
-3.2841914;43.0993958
-3.2876005;43.0995064
-3.2848744;43.0995064
-3.3313940;43.0995255
-3.3028460;43.0995560
-3.2864559;43.0995750
-3.2846804;43.0995789
-3.2811539;43.0995789
-3.2690845;43.0995827
-3.2666383;43.0996399
-3.3315189;43.0996399
-3.2666490;43.0996742
-3.2663710;43.0995789
-3.3310316;43.0996742
-3.2861493;43.0996857
-3.2843680;43.0996933
-3.2832720;43.0997086
-3.2853577;43.0997124
-3.3313737;43.0997124
-3.2788167;43.0997238
-3.2830541;43.0997887
-3.2804730;43.0997925
-3.1950111;43.0997963
-3.3271430;43.0995140
-3.3261697;43.0998421
-3.3313897;43.0998840
-3.2832658;43.0999069
-3.2854548;43.0999184
-3.3313625;43.0999565
-3.2824731;43.0999947
-3.3259709;43.1000137
-3.2845261;43.1000175
-3.3062010;43.1000290
-3.3261793;43.1000481
-3.3262031;43.1000595
-3.2814567;43.1000710
-3.2832603;43.1000938
-3.3257117;43.1001205
-3.2820458;43.1001434
-3.3256807;43.1001740
-3.3262889;43.1001854
-3.2994640;43.1001968
-3.3286042;43.1002197
-3.2734392;43.1002197
-3.2790389;43.1002197
-3.2806523;43.1002274
-3.2670865;43.1002350
-3.2635942;43.1002617
-3.3256807;43.1002846
-3.2733316;43.1003304
-3.3262827;43.1003494
-3.1601717;43.1003532
-3.2832220;43.1003532
-3.3257093;43.1003647
-3.2821722;43.1004105
-3.2829809;43.1004143
-3.3258014;43.1004410
-3.3239186;43.1004562
-3.3235996;43.1004410
-3.3260653;43.1004753
-3.2660525;43.1004105
-3.2855673;43.1005287
-3.2792068;43.1005936
-3.3063812;43.1006470
-3.3257048;43.1007347
-3.2768440;43.1007881
-3.2828794;43.1008072
-3.3065929;43.1008339
-3.3250082;43.1008835
-3.3247898;43.1008530
-3.3021362;43.1008835
-3.2861829;43.1009216
-3.2934308;43.1012230
-3.2938726;43.1012230
-3.2945683;43.1012230
-3.2934463;43.1002998
-3.2830803;43.1012383
-3.2765570;43.1012421
-3.2830503;43.1012535
-3.3021717;43.1012650
-3.2795298;43.1012688
-3.2826061;43.1013260
-3.3215280;43.1013336
-3.2981191;43.1013412
-3.3043246;43.1013832
-3.3208525;43.1014404
-3.2865574;43.1014862
-3.3202767;43.1015358
-3.3486867;43.1015930
-3.3491998;43.1013107
-3.3481388;43.1012840
-3.3073797;43.1016235
-3.3193026;43.1016846
-3.7891638;42.9716187
-3.3464231;43.1016884
-3.3450789;43.1015015
-3.3178828;43.1016960
-3.3067596;43.1017189
-3.3065836;43.1017265
-3.3444216;43.1017494
-3.3078489;43.1017990
-3.3071921;43.1018181
-3.2871802;43.1019096
-3.2816019;43.1019325
-3.2978325;43.1019745
-3.2857857;43.1019897
-3.3203750;43.1019936
-3.3499794;43.1020317
-3.2873876;43.1022491
-3.3428626;43.1022758
-3.2846920;43.1023026
-3.2842090;43.1017113
-3.2706192;43.1023445
-3.2704210;43.1023064
-3.2707243;43.1023598
-3.2851424;43.1021690
-3.3149574;43.1023903
-3.2705119;43.1024132
-3.3493922;43.1024513
-3.3091300;43.1025238
-3.2705507;43.1025391
-3.2707391;43.1025467
-3.2816637;43.1025887
-3.2888467;43.1025963
-3.2817113;43.1026230
-3.3530934;43.1026573
-3.3445737;43.1023407
-3.3435183;43.1027145
-3.2865462;43.1027603
-3.2781594;43.1027870
-3.2879150;43.1028633
-3.2936900;43.1029167
-3.2712147;43.1029243
-3.3475780;43.1029320
-3.2714627;43.1029358
-3.3210864;43.1030121
-3.3206937;43.1029015
-3.3103552;43.1030235
-3.2714682;43.1030388
-3.3130949;43.1030464
-3.2712343;43.1030807
-3.2713783;43.1031036
-3.2715051;43.1031265
-3.2888026;43.1031265
-3.3211672;43.1031647
-3.3214796;43.1032333
-3.3325834;43.1033859
-3.3222163;43.1034050
-3.2882872;43.1034279
-3.3223639;43.1034431
-3.3222115;43.1035004
-3.3015556;43.1035156
-3.3225579;43.1035194
-3.3230855;43.1033211
-3.3225949;43.1035423
-3.3216426;43.1035423
-3.3449337;43.1036415
-3.3222306;43.1036453
-3.3227262;43.1037750
-3.3210506;43.1037941
-3.3430693;43.1038857
-3.3435981;43.1037750
-3.2681398;43.1039200
-3.2674344;43.1022110
-3.3218584;43.1039581
-3.3229442;43.1039696
-3.2682157;43.1040039
-3.3211699;43.1040497
-3.3545995;43.1042213
-3.1871526;43.1042595
-3.1863637;43.1040077
-3.2294135;43.1039009
-3.2282209;43.1042824
-3.2682555;43.1044235
-3.2658124;43.1045532
-3.2242546;43.1045570
-3.2195053;43.1027679
-3.2166541;43.1046219
-3.3449898;43.1046104
-3.2731991;43.1046219
-3.2736554;43.1046867
-3.2733061;43.1046982
-3.2732205;43.1047096
-3.2735336;43.1047211
-3.3009582;43.1047440
-3.2519641;43.1047897
-3.2520459;43.1047974
-3.2733297;43.1048088
-3.1817887;43.1048317
-3.3649380;43.1048584
-3.3649261;43.1046486
-3.2731731;43.1048775
-3.1897364;43.1043510
-3.2431712;43.1049423
-3.3221848;43.1050148
-3.2777679;43.1050949
-3.2367096;43.1052551
-3.2550511;43.1053009
-3.3649325;43.1053123
-3.3631260;43.1053276
-3.3646317;43.1053848
-3.3646963;43.1054039
-3.2626696;43.1052628
-3.2620862;43.1054115
-3.2095890;43.1021423
-3.3648810;43.1054840
-3.2523310;43.1054039
-3.2524350;43.1054916
-3.3648024;43.1056519
-3.2245266;43.1056671
-3.2552345;43.1056976
-3.3645556;43.1057243
-3.2246184;43.1057243
-3.2552540;43.1057472
-3.1963379;43.1057701
-3.1962299;43.1058617
-3.2538626;43.1059608
-3.3333395;43.1059608
-3.1962919;43.1060066
-3.2693448;43.1061096
-3.2685404;43.1044426
-3.2688522;43.1059837
-3.2047913;43.1061287
-3.2525399;43.1062393
-3.2035348;43.1063080
-3.2370605;43.1064911
-3.2557447;43.1065292
-3.2697594;43.1065483
-3.2503943;43.1066933
-3.3644805;43.1066971
-3.2823210;43.1067467
-3.2503948;43.1067734
-3.2031479;43.1068077
-3.2030456;43.1069794
-3.2037034;43.1070862
-3.1768532;43.1071548
-3.2490499;43.1071548
-3.3331211;43.1071930
-3.1768396;43.1072121
-3.3398652;43.1071510
-3.3396444;43.1072655
-3.2673674;43.1072807
-3.2670207;43.1054649
-3.3395450;43.1073265
-3.3390563;43.1072083
-3.2028143;43.1073418
-3.2664051;43.1073570
-3.2529273;43.1073608
-3.2533729;43.1073647
-3.1767821;43.1074142
-3.3393304;43.1076584
-3.3393428;43.1077271
-3.2029560;43.1078339
-3.1766200;43.1078415
-3.2498806;43.1079292
-3.1761465;43.1079826
-3.2030256;43.1080132
-3.3267295;43.1080475
-3.2825396;43.1080551
-3.2675087;43.1080894
-3.1754808;43.1081467
-3.3014112;43.1082420
-3.7887139;42.9710045
-3.2534149;43.1084061
-3.3271677;43.1085548
-3.3536179;43.1087227
-3.2673702;43.1092491
-3.2639096;43.1075935
-3.2674651;43.1093025
-3.2674527;43.1093292
-3.2491801;43.1094666
-3.2540503;43.1094856
-3.3207645;43.1095238
-3.2540753;43.1096611
-3.3179033;43.1097984
-3.3176541;43.1101723
-3.2687569;43.1097832
-3.2682643;43.1102180
-3.3175924;43.1103058
-3.3168185;43.1102867
-3.3019757;43.1103439
-3.3323581;43.1104202
-3.3181944;43.1105118
-3.3174357;43.1107254
-3.2681761;43.1107407
-3.2681546;43.1108284
-3.3171661;43.1108437
-3.2492979;43.1109428
-3.3322408;43.1110725
-3.3315096;43.1110153
-3.3323057;43.1110840
-3.3323803;43.1110954
-3.3170052;43.1112022
-3.1898155;43.1113052
-3.2492425;43.1113243
-3.2046943;43.1112175
-3.2047694;43.1113663
-3.2665637;43.1114540
-3.3012757;43.1114922
-3.3333175;43.1115150
-3.2510293;43.1104927
-3.2503881;43.1115227
-3.3010132;43.1115379
-3.3005486;43.1110001
-3.2818501;43.1115532
-3.2503359;43.1115532
-3.2502007;43.1116104
-3.2674842;43.1116714
-3.3011599;43.1117020
-3.2041028;43.1118202
-3.2497623;43.1118431
-3.2492146;43.1120224
-3.2502041;43.1120758
-3.2510979;43.1123390
-3.7892528;42.9716263
-3.3012812;43.1123581
-3.2879097;43.1123848
-3.3017817;43.1125298
-3.2693293;43.1116600
-3.2689054;43.1126480
-3.1888108;43.1126900
-3.3007550;43.1127434
-3.2664437;43.1117172
-3.2659276;43.1129532
-3.2705157;43.1123657
-3.2703829;43.1130104
-3.1880639;43.1131439
-3.2656524;43.1135979
-3.2622964;43.1115074
-3.3537841;43.1136703
-3.2701759;43.1139488
-3.3021076;43.1140327
-3.3020778;43.1140938
-3.1876075;43.1141891
-3.2711654;43.1124191
-3.2708116;43.1141891
-3.1872537;43.1142883
-3.2693369;43.1143074
-3.2697060;43.1125603
-3.3024631;43.1143112
-3.3016520;43.1143799
-3.3018851;43.1144791
-3.3020816;43.1145096
-3.2692316;43.1145248
-3.2706964;43.1146202
-3.3555965;43.1151047
-3.2683618;43.1154518
-3.2690723;43.1157532
-3.1881292;43.1157722
-3.2697639;43.1157990
-3.3567367;43.1158485
-3.1878026;43.1158943
-3.1862886;43.1156158
-3.1853986;43.1158943
-3.2643495;43.1159363
-3.2328527;43.1160698
-3.3016481;43.1160736
-3.2325807;43.1161232
-3.2679451;43.1161575
-3.2329082;43.1161957
-3.2314551;43.1158524
-3.1889379;43.1162186
-3.2328179;43.1162720
-3.2685301;43.1163101
-3.2004547;43.1163177
-3.2332497;43.1163216
-3.2333596;43.1161728
-3.2665744;43.1163521
-3.1879182;43.1163979
-3.2331402;43.1164284
-3.2336571;43.1164665
-3.1884775;43.1164703
-3.2659605;43.1164742
-3.2659373;43.1161003
-3.2609921;43.1164894
-3.2648771;43.1164932
-3.1875150;43.1165085
-3.2635319;43.1165123
-3.2339649;43.1165276
-3.2391341;43.1162910
-3.2658522;43.1166153
-3.2338305;43.1166382
-3.1877759;43.1166534
-3.2329552;43.1166801
-3.2410278;43.1167374
-3.2329867;43.1168213
-3.1879284;43.1168480
-3.3017664;43.1168671
-3.1875017;43.1168861
-3.1893184;43.1169167
-3.2639668;43.1169167
-3.1879022;43.1169853
-3.2610481;43.1170425
-3.2695475;43.1175804
-3.3582532;43.1180000
-3.2439420;43.1185417
-3.3589714;43.1186943
-3.2615132;43.1189346
-3.2614858;43.1190186
-3.2680542;43.1192207
-3.2612267;43.1192818
-3.2680316;43.1197777
-3.2612708;43.1196251
-3.2611654;43.1196327
-3.3056586;43.1203384
-3.2677898;43.1205025
-3.2613220;43.1205521
-3.2477415;43.1206207
-3.2681193;43.1206436
-3.2483594;43.1208992
-3.2507308;43.1211357
-3.2518170;43.1204414
-3.2498410;43.1212311
-3.2488403;43.1213341
-3.2566154;43.1206741
-3.2563226;43.1207466
-3.2527387;43.1214218
-3.2515132;43.1214409
-3.2512903;43.1214409
-3.2519851;43.1214905
-3.2491000;43.1216087
-3.2492893;43.1216431
-3.2685146;43.1216469
-3.2494252;43.1216545
-3.2485192;43.1216545
-3.2501879;43.1217346
-3.2482429;43.1218452
-3.2515564;43.1218719
-3.2480550;43.1219673
-3.2478108;43.1219864
-3.2479506;43.1220627
-3.3056817;43.1220818
-3.2502851;43.1220932
-3.2489817;43.1221275
-3.2490683;43.1222458
-3.2695780;43.1207657
-3.2701359;43.1222496
-3.2513473;43.1222725
-3.2487602;43.1223030
-3.2289906;43.1224098
-3.2309258;43.1215439
-3.2519240;43.1224327
-3.2486103;43.1224594
-3.2486303;43.1225433
-3.2289395;43.1225624
-3.2467475;43.1226311
-3.2525012;43.1227455
-3.2708216;43.1214523
-3.2704434;43.1227493
-3.2283721;43.1227531
-3.3632588;43.1227722
-3.2492883;43.1228943
-3.2288365;43.1229134
-3.2710521;43.1230583
-3.2714400;43.1224251
-3.2716532;43.1231270
-3.2715530;43.1236191
-3.3471739;43.1241150
-3.2722380;43.1244469
-3.2713964;43.1247635
-3.3485372;43.1248360
-3.2706244;43.1249084
-3.2720711;43.1257401
-3.3376365;43.1260567
-3.2703798;43.1261902
-3.2617958;43.1264305
-3.1836469;43.1520233
-3.1788702;43.1537933
-3.2064993;43.1264610
-3.2730627;43.1265831
-3.2731621;43.1265907
-3.2732928;43.1265945
-3.2703278;43.1266174
-3.3370039;43.1267624
-3.3361616;43.1268463
-3.3357568;43.1269112
-3.2685809;43.1269226
-3.2691407;43.1256371
-3.2066352;43.1269760
-3.3354588;43.1270523
-3.3348494;43.1270142
-3.2691174;43.1270866
-3.2618625;43.1271553
-3.2707782;43.1271935
-3.3365552;43.1273537
-3.2752178;43.1273956
-3.2696595;43.1274261
-3.2668674;43.1272659
-3.2661095;43.1276016
-3.2652569;43.1276054
-3.2067215;43.1276093
-3.2679448;43.1276093
-3.2751362;43.1277199
-3.3171942;43.1265450
-3.3119385;43.1277504
-3.2754750;43.1278381
-3.2670853;43.1279488
-3.3364174;43.1279488
-3.2652972;43.1280022
-3.2651975;43.1280632
-3.2644215;43.1284294
-3.2619884;43.1284523
-3.2620616;43.1284637
-3.2753305;43.1285019
-3.2620676;43.1285820
-3.2622182;43.1285896
-3.2072845;43.1286125
-3.2077630;43.1281281
-3.2621210;43.1286392
-3.2620757;43.1286926
-3.2623773;43.1287727
-3.2630372;43.1287766
-3.2068951;43.1287918
-3.2624698;43.1288071
-3.2070177;43.1288376
-3.2620268;43.1288872
-3.2074127;43.1289024
-3.2629137;43.1289940
-3.3218906;43.1290131
-3.2079036;43.1290321
-3.2071497;43.1290741
-3.2069552;43.1291008
-3.3138270;43.1291924
-3.2621083;43.1292191
-3.2073569;43.1292267
-3.3316617;43.1293335
-3.3308489;43.1295166
-3.3174241;43.1295395
-3.3293898;43.1295433
-3.2076564;43.1296387
-3.2074969;43.1296425
-3.2082667;43.1297302
-3.3428760;43.1297455
-3.2079053;43.1297836
-3.2075238;43.1298866
-3.2071164;43.1298866
-3.2080901;43.1298943
-3.2620950;43.1298943
-3.2075322;43.1300011
-3.2079260;43.1300049
-3.2071993;43.1300125
-3.3432186;43.1300201
-3.2080221;43.1300392
-3.2082758;43.1300850
-3.2076695;43.1300926
-3.3166981;43.1301079
-3.2083840;43.1301270
-3.2077701;43.1301880
-3.3189106;43.1291695
-3.3175492;43.1302299
-3.2072594;43.1302567
-3.2621379;43.1302872
-3.2087355;43.1303406
-3.2087629;43.1303635
-3.3172669;43.1305122
-3.3172162;43.1305771
-3.2078209;43.1307945
-3.3287110;43.1309891
-3.3169124;43.1309929
-3.2078273;43.1310730
-3.2623997;43.1313438
-3.2624216;43.1314125
-3.2624474;43.1314964
-3.2625828;43.1315804
-3.2076507;43.1316414
-3.2626624;43.1316528
-3.2625475;43.1319466
-3.2625647;43.1320877
-3.3149171;43.1320992
-3.3253868;43.1324158
-3.3261464;43.1325951
-3.2625949;43.1334000
-3.3082707;43.1367455
-3.2624788;43.1372108
-3.3029358;43.1373329
-3.3028159;43.1369362
-3.3018169;43.1378517
-3.3047786;43.1378517
-3.2625923;43.1379204
-3.2628036;43.1387939
-3.3034775;43.1387939
-3.3036425;43.1387978
-3.3032887;43.1388054
-3.2627580;43.1389313
-3.3020322;43.1390419
-3.2628033;43.1391449
-3.3015375;43.1392708
-3.3034494;43.1394348
-3.2634273;43.1397285
-3.3002074;43.1398468
-3.2637455;43.1398621
-3.2632594;43.1398659
-3.2634318;43.1398964
-3.2997468;43.1403008
-3.3046577;43.1403809
-3.2634795;43.1403923
-3.2649014;43.1409340
-3.2652419;43.1406517
-3.2639105;43.1409912
-3.2643898;43.1419220
-3.2663980;43.1439400
-3.2656965;43.1441078
-3.1831095;43.1442795
-3.1825278;43.1444855
-3.1846154;43.1447678
-3.2942398;43.1448135
-3.2941098;43.1448860
-3.2939901;43.1449547
-3.1844256;43.1450806
-3.1797049;43.1451378
-3.1781571;43.1454506
-3.1779554;43.1454544
-3.1777031;43.1454582
-3.1788702;43.1455002
-3.1746716;43.1456642
-3.2884364;43.1450348
-3.2881505;43.1458817
-3.2882874;43.1463432
-3.2903643;43.1465263
-3.2678564;43.1470070
-3.2893865;43.1470642
-3.2893586;43.1470795
-3.2678986;43.1470947
-3.1707091;43.1470985
-3.2682703;43.1474800
-3.2844527;43.1476021
-3.2841575;43.1468658
-3.2843759;43.1477280
-3.1834006;43.1477814
-3.2850807;43.1477852
-3.2841971;43.1478119
-3.2841065;43.1477585
-3.2845671;43.1481590
-3.2820618;43.1484718
-3.1833537;43.1485825
-3.2840183;43.1486206
-3.2837999;43.1489525
-3.1836076;43.1490211
-3.2835832;43.1491966
-3.1665108;43.1492081
-3.2850804;43.1493187
-3.2841711;43.1497688
-3.1686001;43.1497726
-3.2702422;43.1501465
-3.2833755;43.1501694
-3.1681948;43.1502991
-3.1828401;43.1503296
-3.2813170;43.1503983
-3.2667475;43.1509056
-3.1823564;43.1509361
-3.2794273;43.1509399
-3.2664368;43.1509590
-3.1836317;43.1510849
-3.1837046;43.1512146
-3.1818199;43.1513405
-3.1710539;43.1513405
-3.1815333;43.1513977
-3.1812034;43.1514130
-3.1714780;43.1515694
-3.1657114;43.1517181
-3.1838923;43.1517448
-3.2774236;43.1517563
-3.2656054;43.1517792
-3.2656164;43.1518784
-3.2799876;43.1519928
-3.2779059;43.1521072
-3.2650390;43.1522827
-3.2775638;43.1526222
-3.2781630;43.1528511
-3.2692528;43.1525383
-3.2719567;43.1520920
-3.2784576;43.1539154
-3.1625071;43.1539268
-3.2711582;43.1539841
-3.2709146;43.1540222
-3.2676098;43.1542397
-3.2702923;43.1542511
-3.1763566;43.1543770
-3.1627150;43.1544266
-3.2680182;43.1544762
-3.2693763;43.1544991
-3.1765893;43.1545448
-3.1650493;43.1545525
-3.1642976;43.1544762
-3.1627555;43.1546211
-3.1639390;43.1548347
-3.1639173;43.1548538
-3.1623755;43.1549034
-3.2707796;43.1550598
-3.2252657;43.1551132
-3.2246993;43.1542625
-3.2768736;43.1552887
-3.2370400;43.1553802
-3.2677200;43.1555367
-3.2391393;43.1546707
-3.2373116;43.1555977
-3.2610364;43.1556053
-3.2701337;43.1556206
-3.2705705;43.1554031
-3.2244639;43.1561470
-3.2595723;43.1563225
-3.2594290;43.1563835
-3.2591472;43.1565094
-3.2270398;43.1569023
-3.2716870;43.1570625
-3.2697589;43.1572609
-3.2379572;43.1573257
-3.2379131;43.1573296
-3.2377353;43.1573410
-3.2723367;43.1574440
-3.2388749;43.1573448
-3.2564023;43.1577415
-3.2388778;43.1579514
-3.2349627;43.1579590
-3.2287812;43.1581841
-3.2352333;43.1588097
-3.2436941;43.1589241
-3.2437477;43.1585007
-3.2427070;43.1589775
-3.2426412;43.1586189
-3.1842091;43.1590385
-3.1864879;43.1590080
-3.2437258;43.1592636
-3.2427702;43.1593170
-3.1881378;43.1593323
-3.2515874;43.1594238
-3.2229629;43.1594429
-3.2509780;43.1595764
-3.2437854;43.1597939
-3.2428691;43.1598549
-3.2422609;43.1599274
-3.2401869;43.1596107
-3.2492893;43.1600037
-3.2488587;43.1600533
-3.2488904;43.1601181
-3.2485893;43.1601563
-3.1900482;43.1602669
-3.2455719;43.1603889
-3.2427797;43.1604080
-3.2350860;43.1604576
-3.2391138;43.1604652
-3.2401743;43.1604729
-3.2375381;43.1604805
-3.2375207;43.1597672
-3.2364841;43.1604881
-3.2330661;43.1607513
-3.2476282;43.1607628
-3.2457285;43.1608162
-3.2433996;43.1609840
-3.2446315;43.1606674
-3.2471480;43.1609879
-3.2436500;43.1612167
-3.2482238;43.1612816
-3.2476554;43.1612816
-3.2444391;43.1614037
-3.2826307;43.1611328
-3.2800512;43.1614075
-3.2401638;43.1615143
-3.2428863;43.1615219
-3.2445376;43.1615334
-3.2375569;43.1615372
-3.2424719;43.1615562
-3.2444444;43.1616936
-3.2385075;43.1617661
-3.2383699;43.1617470
-3.2380188;43.1617851
-3.2364991;43.1618118
-3.2470880;43.1618195
-3.2401252;43.1618423
-3.2453804;43.1618462
-3.2446058;43.1618576
-3.2376912;43.1618767
-3.2381525;43.1618805
-3.2446270;43.1618881
-3.2397063;43.1619186
-3.2381556;43.1619682
-3.2446902;43.1619873
-3.2381344;43.1620026
-3.2376680;43.1620064
-3.2447460;43.1620674
-3.1926293;43.1620750
-3.2377517;43.1620750
-3.2469003;43.1620789
-3.2378130;43.1620941
-3.2371707;43.1621399
-3.2380242;43.1622238
-3.2250066;43.1622849
-3.2781281;43.1623840
-3.1927569;43.1624069
-3.2478330;43.1624260
-3.2746854;43.1624298
-3.2754197;43.1624336
-3.1927655;43.1624565
-3.2362947;43.1626053
-3.2318020;43.1626053
-3.7908282;42.9716377
-3.2335334;43.1627617
-3.1938467;43.1627998
-3.2357850;43.1628876
-3.1942351;43.1629715
-3.2317050;43.1629944
-3.2355552;43.1630478
-3.2332795;43.1631203
-3.2327330;43.1631279
-3.2326376;43.1631279
-3.1929150;43.1631813
-3.2331669;43.1632195
-3.2338624;43.1632195
-3.2283967;43.1632462
-3.1929553;43.1633720
-3.1942737;43.1634903
-3.2272770;43.1635628
-3.2325895;43.1636353
-3.1942604;43.1636620
-3.2263327;43.1639633
-3.2289915;43.1647720
-3.2284508;43.1652336
-3.1929266;43.1653671
-3.2283347;43.1654472
-3.2591538;43.1655617
-3.1933732;43.1655846
-3.2303922;43.1656113
-3.1943381;43.1662216
-3.2275939;43.1662331
-3.2596378;43.1664505
-3.2476125;43.1674232
-3.2065356;43.1676025
-3.2072279;43.1661339
-3.2523661;43.1676750
-3.2511430;43.1677856
-3.2292750;43.1669655
-3.2279227;43.1684837
-3.2272851;43.1665268
-3.2270973;43.1689835
-3.2471633;43.1690025
-3.2266884;43.1691360
-3.2266343;43.1691513
-3.2267590;43.1692276
-3.2266021;43.1693535
-3.1944191;43.1701736
-3.2250991;43.1707840
-3.2237029;43.1721611
-3.7891486;42.9716492
-3.3233953;42.7787971
-3.3233466;42.7788849
-3.2294357;42.7965279
-3.2294528;42.7965813
-3.2051919;42.7643013
-3.2050483;42.7642555
-3.2047212;42.7648659
-3.2046018;42.7655373
-3.2301953;42.7971725
-3.2300053;42.7973022
-3.2310658;42.8003654
-3.2307496;42.8004074
-3.3320131;42.8498268
-3.3316097;42.8494797
-3.1477861;42.7570915
-3.1475828;42.7571297
-3.1490881;42.7571793
-3.1483459;42.7571068
-3.1526577;42.7584457
-3.1508055;42.7576180
-3.2746043;42.8398819
-3.2746937;42.8399849
-3.3338904;42.8573570
-3.3339756;42.8574181
-3.2679458;42.7681046
-3.2668078;42.7678490
-3.2699399;42.7857895
-3.2700880;42.7859573
-3.1773674;42.7657852
-3.1771107;42.7658386
-3.1936712;42.7687302
-3.1930797;42.7685738
-3.2632136;42.8341980
-3.2631712;42.8342323
-3.3098187;42.7960167
-3.3097241;42.7959938
-3.1560512;42.7591476
-3.1550791;42.7594452
-3.2101538;42.7745590
-3.2102180;42.7742462
-3.2101226;42.7747116
-3.2115982;42.7750359
-3.2783792;42.7946548
-3.2783184;42.7949028
-3.2685721;42.7949905
-3.2684810;42.7951508
-3.2298853;42.8218689
-3.2297833;42.8221550
-3.2210364;42.8033905
-3.2149363;42.8053131
-3.2504220;42.7815361
-3.2506862;42.7818184
-3.2504113;42.7858429
-3.2503967;42.7876511
-3.2511702;42.7841301
-3.2489674;42.7855072
-3.2497785;42.7837677
-3.1764596;42.7503014
-3.1766248;42.7499046
-3.1760516;42.7502289
-3.1764450;42.7504387
-3.1761823;42.7504272
-3.1760080;42.7506981
-3.1759629;42.7504692
-3.1764450;42.7507133
-3.1769090;42.7507172
-3.1769991;42.7506371
-3.1760614;42.7508430
-3.1761916;42.7509384
-3.1762915;42.7509842
-3.1759326;42.7510109
-3.1756909;42.7510338
-3.1766636;42.7510414
-3.1762955;42.7511559
-3.1759605;42.7512665
-3.1757770;42.7512550
-3.1760087;42.7512856
-3.1762025;42.7513161
-3.1761792;42.7513885
-3.1759369;42.7515640
-3.1766729;42.7516136
-3.1767185;42.7516747
-3.1760600;42.7517929
-3.1763961;42.7518463
-3.1761732;42.7523994
-3.1760273;42.7526741
-3.1726089;42.7556076
-3.1592300;42.7592888
-3.1603196;42.7584763
-3.1593561;42.7581253
-3.1549363;42.7594948
-3.1628063;42.7595215
-3.1617727;42.7591019
-3.1590130;42.7595329
-3.1583366;42.7595482
-3.1598556;42.7596550
-3.1588461;42.7598495
-3.1598141;42.7599335
-3.1674635;42.7602272
-3.2319949;42.7607079
-3.2313569;42.7604218
-3.1572645;42.7607307
-3.2319016;42.7608795
-3.2320945;42.7609863
-3.2347608;42.7610474
-3.2324989;42.7611351
-3.2318137;42.7611923
-3.2318029;42.7613220
-3.2412708;42.7609367
-3.2318525;42.7613678
-3.2316916;42.7614517
-3.2303717;42.7615662
-3.2303500;42.7616310
-3.2324181;42.7618103
-3.2301047;42.7620392
-3.1845231;42.7628288
-3.2257946;42.7629356
-3.2253907;42.7629395
-3.2208071;42.7628479
-3.2641470;42.7629814
-3.2638104;42.7631226
-3.2489324;42.7633591
-3.2702324;42.7636566
-3.2721026;42.7637253
-3.2721944;42.7637711
-3.2726579;42.7638130
-3.2730553;42.7638474
-3.2721510;42.7639160
-3.2613170;42.7638702
-3.2611158;42.7639389
-3.2610466;42.7638206
-3.2041826;42.7637558
-3.2042060;42.7639961
-3.2620709;42.7640305
-3.2620280;42.7638931
-3.2613010;42.7640533
-3.2720876;42.7641068
-3.2724161;42.7641220
-3.2619355;42.7641258
-3.2720315;42.7641335
-3.2617931;42.7641640
-3.2617712;42.7636566
-3.2725666;42.7641716
-3.2047811;42.7641830
-3.2042241;42.7641869
-3.2610641;42.7642136
-3.2605362;42.7640305
-3.2612834;42.7642250
-3.2613642;42.7642250
-3.2615507;42.7642403
-3.2040510;42.7642479
-3.2616603;42.7642555
-3.2720077;42.7642860
-3.2717216;42.7642403
-3.2725124;42.7643127
-3.2723141;42.7642403
-3.2613506;42.7643394
-3.2610612;42.7643433
-3.2619069;42.7643471
-3.2046058;42.7643700
-3.2610457;42.7644005
-3.2620885;42.7644081
-3.2055213;42.7644424
-3.2060063;42.7644539
-3.2067323;42.7637711
-3.2049835;42.7644806
-3.2195666;42.7645073
-3.2044401;42.7645111
-3.2733619;42.7645416
-3.2737479;42.7644806
-3.2605329;42.7645454
-3.2043295;42.7645645
-3.2053134;42.7645874
-3.2610056;42.7646332
-3.2724288;42.7646446
-3.2059526;42.7646675
-3.2721164;42.7646790
-3.2053032;42.7647171
-3.2724252;42.7647209
-3.2721131;42.7647285
-3.2719622;42.7647324
-3.2726398;42.7647591
-3.2055438;42.7647705
-3.2059636;42.7647743
-3.2603617;42.7647781
-3.2041721;42.7647781
-3.2636020;42.7647896
-3.2052581;42.7648201
-3.2716444;42.7648239
-3.2045324;42.7648315
-3.2609308;42.7648430
-3.2058547;42.7648964
-3.2716660;42.7649117
-3.2061248;42.7649384
-3.2051969;42.7649422
-3.2041113;42.7649727
-3.2702265;42.7649727
-3.2692492;42.7649841
-3.2054467;42.7649841
-3.2053261;42.7649574
-3.2709444;42.7650490
-3.2726123;42.7651062
-3.2719262;42.7651482
-3.2719793;42.7651863
-3.2713521;42.7652245
-3.2721438;42.7652321
-3.2722461;42.7650757
-3.2721987;42.7652473
-3.2616265;42.7653046
-3.2055140;42.7653618
-3.2192371;42.7653656
-3.2718859;42.7653694
-3.2082536;42.7654076
-3.2084835;42.7650108
-3.1651442;42.7654648
-3.2711165;42.7654953
-3.2041883;42.7655182
-3.2034886;42.7654648
-3.2706022;42.7655411
-3.2050266;42.7655487
-3.2712164;42.7655792
-3.2063732;42.7656059
-3.2065890;42.7656250
-3.2656164;42.7656631
-3.2703469;42.7656937
-3.1781738;42.7657051
-3.1779099;42.7656021
-3.2085342;42.7658119
-3.2197895;42.7658310
-3.2199526;42.7655411
-3.2720454;42.7658348
-3.2085528;42.7658424
-3.2200444;42.7658577
-3.2072361;42.7658730
-3.2073240;42.7657814
-3.2774940;42.7659225
-3.2178123;42.7660599
-3.2196610;42.7660789
-3.2074418;42.7660942
-3.2175550;42.7661133
-3.2662210;42.7661247
-3.1746554;42.7661629
-3.2087641;42.7661667
-3.2652576;42.7662697
-3.2645710;42.7660408
-3.2073054;42.7663765
-3.2642248;42.7665176
-3.2195427;42.7665520
-3.2607887;42.7665596
-3.2193911;42.7666245
-3.2192042;42.7664909
-3.2351961;42.7667236
-3.2371185;42.7653770
-3.2345514;42.7662315
-3.2196984;42.7667732
-3.2196343;42.7668190
-3.2658222;42.7668571
-3.2195256;42.7668686
-3.2352784;42.7668724
-3.2347820;42.7669067
-3.2350931;42.7669449
-3.2206864;42.7668915
-3.2204556;42.7669601
-3.2648244;42.7670021
-3.2202477;42.7670250
-3.2200117;42.7670326
-3.2197797;42.7670670
-3.2188935;42.7667389
-3.2205095;42.7670746
-3.2666924;42.7671242
-3.2200217;42.7672043
-3.2197459;42.7672424
-3.2203915;42.7672882
-3.1887016;42.7673264
-3.2354915;42.7673721
-3.2603393;42.7674026
-3.2645564;42.7674599
-3.2654881;42.7674599
-3.2690907;42.7674828
-3.2196748;42.7676010
-3.2202621;42.7676620
-3.2572720;42.7674980
-3.2547426;42.7676773
-3.1789663;42.7676849
-3.2352536;42.7677116
-3.2369847;42.7677231
-3.2644005;42.7677269
-3.2652919;42.7678108
-3.2362607;42.7678795
-3.2350960;42.7678986
-3.2651889;42.7679939
-3.2660761;42.7680473
-3.2346964;42.7681999
-3.2650111;42.7683105
-3.2344329;42.7683372
-3.2347131;42.7683525
-3.2349420;42.7683907
-3.2653782;42.7684212
-3.2639873;42.7684364
-3.2636750;42.7683716
-3.2647974;42.7686996
-3.2344956;42.7688217
-3.2346842;42.7688332
-3.1788285;42.7688408
-3.2336202;42.7688446
-3.2647052;42.7688675
-3.2637076;42.7689171
-3.2341521;42.7689285
-3.1791594;42.7689323
-3.2335153;42.7690697
-3.2345276;42.7690964
-3.2335217;42.7692032
-3.2671568;42.7693787
-3.2347541;42.7695198
-3.2110283;42.7695732
-3.1787825;42.7697906
-3.1782956;42.7695160
-3.1806445;42.7697334
-3.1804285;42.7699661
-3.1797953;42.7701607
-3.1800356;42.7702751
-3.1782529;42.7704659
-3.1780021;42.7702141
-3.1805751;42.7706604
-3.2129145;42.7706718
-3.1782329;42.7708778
-3.1785312;42.7708893
-3.1787109;42.7708893
-3.1784632;42.7708893
-3.1781938;42.7711067
-3.1779921;42.7710876
-3.1783259;42.7711525
-3.1781061;42.7713013
-3.1776173;42.7711678
-3.1780691;42.7713776
-3.1783576;42.7714081
-3.1791811;42.7714081
-3.1778870;42.7715912
-3.1775167;42.7717972
-3.1767378;42.7718163
-3.1777928;42.7718887
-3.1783941;42.7719269
-3.1773612;42.7719574
-3.1780474;42.7719841
-3.1769285;42.7720146
-3.1761942;42.7721024
-3.1768384;42.7721596
-3.1774261;42.7722054
-3.1780508;42.7723160
-3.1784012;42.7723236
-3.1773126;42.7724991
-3.1774981;42.7726326
-3.2317343;42.7729759
-3.1792266;42.7733765
-3.2315042;42.7735367
-3.2211051;42.7762833
-3.2202840;42.7767715
-3.2199512;42.7769241
-3.2195826;42.7761230
-3.2195933;42.7770996
-3.2179809;42.7762070
-3.2679970;42.7771225
-3.2203369;42.7772789
-3.2201445;42.7772903
-3.2207463;42.7772980
-3.2203391;42.7773285
-3.2196698;42.7774887
-3.2195044;42.7774811
-3.2201324;42.7775307
-3.2203519;42.7776184
-3.2205019;42.7776337
-3.2197223;42.7776489
-3.2200747;42.7776909
-3.2191951;42.7777634
-3.2182593;42.7776566
-3.2221704;42.7777710
-3.2160010;42.7779236
-3.2203858;42.7780151
-3.2200661;42.7780190
-3.2006783;42.7781219
-3.2130508;42.7782669
-3.2201493;42.7783508
-3.2004340;42.7783890
-3.2202733;42.7784920
-3.2202768;42.7785835
-3.2200415;42.7785988
-3.2018201;42.7786789
-3.2127221;42.7786865
-3.2184827;42.7787323
-3.2124953;42.7788849
-3.3218901;42.7780800
-3.2163441;42.7789192
-3.2214987;42.7789230
-3.2128098;42.7790489
-3.2124994;42.7792244
-3.2132657;42.7792358
-3.2126985;42.7793274
-3.2122629;42.7793961
-3.2196732;42.7794685
-3.2112331;42.7795715
-3.2191334;42.7796669
-3.2176168;42.7797928
-3.2690175;42.7799492
-3.2249057;42.7801933
-3.1992021;42.7806015
-3.2014949;42.7807083
-3.2009363;42.7807312
-3.2005651;42.7808456
-3.2001426;42.7808304
-3.2014854;42.7808495
-3.2007973;42.7809219
-3.2011118;42.7810173
-3.2011187;42.7809372
-3.2012739;42.7810249
-3.2007337;42.7810631
-3.2272656;42.7810974
-3.2011068;42.7811203
-3.1994772;42.7811317
-3.2012725;42.7812042
-3.2014596;42.7812424
-3.2010617;42.7813301
-3.2012434;42.7814407
-3.2020814;42.7814713
-3.2010319;42.7815056
-3.2292490;42.7818146
-3.3266017;42.7819481
-3.2158864;42.7820206
-3.2153859;42.7823753
-3.2152851;42.7824326
-3.2327864;42.7831688
-3.3267210;42.7837029
-3.3194027;42.7841606
-3.3195195;42.7839241
-3.2354312;42.7842064
-3.3257959;42.7845612
-3.3199751;42.7846260
-3.3199921;42.7843170
-3.3198295;42.7844887
-3.3200045;42.7847900
-3.3203936;42.7848358
-3.3207643;42.7847290
-3.3208053;42.7848587
-3.3198056;42.7848892
-3.3206840;42.7849197
-3.3184452;42.7849922
-3.3189847;42.7843094
-3.3180521;42.7847366
-3.3204763;42.7849922
-3.3191171;42.7850418
-3.3207865;42.7850685
-3.3201222;42.7850723
-3.3208549;42.7850876
-3.3201141;42.7851028
-3.3203900;42.7851410
-3.3205035;42.7851639
-3.3207076;42.7852249
-3.2381861;42.7852554
-3.2842672;42.7853317
-3.3197975;42.7853699
-3.3192496;42.7853813
-3.3190887;42.7853928
-3.3200161;42.7854004
-3.3237846;42.7856674
-3.3180861;42.7857628
-3.3188589;42.7859154
-3.3194530;42.7859344
-3.3196757;42.7860680
-3.3241425;42.7862778
-3.2323959;42.7863617
-3.3215494;42.7863922
-3.3267381;42.7864723
-3.3208470;42.7866364
-3.3003089;42.7865295
-3.2998977;42.7866859
-3.2998204;42.7864876
-3.3197525;42.7867889
-3.1941390;42.7867889
-3.2999651;42.7867966
-3.2987397;42.7868233
-3.2986164;42.7868118
-3.3285728;42.7868729
-3.3000777;42.7869987
-3.3197706;42.7870636
-3.3002388;42.7872162
-3.3186674;42.7872391
-3.3000965;42.7872581
-3.2998784;42.7872963
-3.3004122;42.7872734
-3.3003221;42.7873154
-3.3217270;42.7873573
-3.3003914;42.7873917
-3.2998800;42.7874069
-3.3187983;42.7874107
-3.3002987;42.7874489
-3.3001139;42.7875671
-3.3000906;42.7875214
-3.2998581;42.7876015
-3.2997859;42.7876053
-3.2446818;42.7876701
-3.2995584;42.7876778
-3.2994740;42.7876320
-3.2997177;42.7877350
-3.2999785;42.7877617
-3.2994878;42.7877655
-3.3001359;42.7877808
-3.2994559;42.7878304
-3.2581758;42.7878685
-3.2992346;42.7878914
-3.2995272;42.7879524
-3.3198166;42.7879639
-3.2996292;42.7879906
-3.3011866;42.7880249
-3.3176978;42.7881432
-3.3005085;42.7882957
-3.3005006;42.7883453
-3.3005695;42.7883606
-3.3005321;42.7883797
-3.3003836;42.7883911
-3.3004770;42.7884026
-3.3005192;42.7884102
-3.3005707;42.7884178
-3.3006642;42.7884369
-3.2988694;42.7884979
-3.2725072;42.7885094
-3.2985344;42.7885284
-3.3206210;42.7885551
-3.2723491;42.7887192
-3.2481048;42.7887344
-3.3019228;42.7887878
-3.3004515;42.7888756
-3.2945647;42.7888908
-3.2721543;42.7889442
-3.3031714;42.7891617
-3.2821128;42.7895927
-3.3129354;42.7896233
-3.3061905;42.7900429
-3.3147366;42.7903938
-3.2709725;42.7904129
-3.2096360;42.7904854
-3.2109110;42.7906837
-3.2118323;42.7903862
-3.2651715;42.7907104
-3.2645292;42.7902679
-3.2708187;42.7907562
-3.2822835;42.7908592
-3.2106221;42.7909317
-3.2101927;42.7908859
-3.2097816;42.7909622
-3.2808778;42.7910995
-3.2772670;42.7906876
-3.2814939;42.7911263
-3.2813106;42.7911263
-3.2762573;42.7911835
-3.2810988;42.7912560
-3.2810154;42.7913513
-3.7891986;42.9716644
-3.7890973;42.9717445
-3.1895471;42.7914581
-3.2098558;42.7914658
-3.2730062;42.7909393
-3.2730329;42.7915878
-3.2718906;42.7912292
-3.2663088;42.7916107
-3.2730522;42.7916832
-3.2744732;42.7916946
-3.2742946;42.7913742
-3.2096832;42.7918053
-3.2706559;42.7918091
-3.2711084;42.7918282
-3.2747746;42.7918701
-3.2101820;42.7919769
-3.2737718;42.7919998
-3.2671511;42.7917442
-3.2669783;42.7920494
-3.1887634;42.7920647
-3.2764585;42.7921219
-3.2772832;42.7919312
-3.2748396;42.7921715
-3.2731590;42.7922249
-3.2747803;42.7922974
-3.2683778;42.7917480
-3.2677603;42.7923279
-3.1875725;42.7923851
-3.2726958;42.7924118
-3.2683067;42.7924919
-3.2091889;42.7925186
-3.2087073;42.7923355
-3.2690804;42.7925568
-3.2723145;42.7925644
-3.2672637;42.7925720
-3.2673571;42.7924423
-3.2084031;42.7925987
-3.2699332;42.7926178
-3.2703125;42.7926407
-3.2716286;42.7926865
-3.2711940;42.7926941
-3.2674093;42.7927475
-3.2726259;42.7927513
-3.2719276;42.7928581
-3.2710130;42.7929344
-3.2671344;42.7930298
-3.2708611;42.7930489
-3.2093387;42.7930603
-3.2743387;42.7931747
-3.2681673;42.7932243
-3.2091715;42.7932434
-3.2699504;42.7932701
-3.2090423;42.7932816
-3.2686446;42.7933159
-3.2729356;42.7933197
-3.2715597;42.7933426
-3.2680194;42.7933464
-3.2095006;42.7933655
-3.2087374;42.7933731
-3.2087116;42.7930260
-3.2684772;42.7933922
-3.2694738;42.7933998
-3.2091637;42.7933998
-3.2682407;42.7934151
-3.2090304;42.7934189
-3.2689929;42.7934380
-3.2715063;42.7934647
-3.2713070;42.7933578
-3.2706313;42.7935143
-3.2704046;42.7935181
-3.2691832;42.7935295
-3.2702663;42.7935333
-3.2699833;42.7935333
-3.2687056;42.7935410
-3.2685442;42.7935677
-3.2710395;42.7935677
-3.2687550;42.7936020
-3.2714417;42.7936134
-3.2681866;42.7936211
-3.2694163;42.7936249
-3.2713437;42.7936440
-3.2702651;42.7937469
-3.2708998;42.7937813
-3.2689784;42.7937889
-3.2717476;42.7937927
-3.2711053;42.7938347
-3.2711685;42.7937584
-3.2688665;42.7938385
-3.2712483;42.7938576
-3.2721305;42.7939186
-3.2719128;42.7937012
-3.3128226;42.7939224
-3.2713807;42.7939262
-3.2709811;42.7939529
-3.2724462;42.7939644
-3.2774277;42.7940140
-3.2716501;42.7940216
-3.2711346;42.7939568
-3.2710593;42.7940483
-3.3083849;42.7940750
-3.2719297;42.7941017
-3.2684119;42.7941093
-3.2712531;42.7941475
-3.2709310;42.7942543
-3.2719908;42.7942924
-3.2711992;42.7943230
-3.2785127;42.7943382
-3.2713044;42.7943459
-3.3122523;42.7945709
-3.3115745;42.7942886
-3.3115644;42.7943649
-3.2724531;42.7946358
-3.3124447;42.7946510
-3.3126707;42.7946930
-3.3124139;42.7947655
-3.3120313;42.7946663
-3.2727284;42.7948570
-3.2686045;42.7948761
-3.1875126;42.7949295
-3.2704160;42.7949371
-3.1861711;42.7950478
-3.1861761;42.7949486
-3.2694509;42.7951164
-3.2688923;42.7951469
-3.3120399;42.7952728
-3.1875885;42.7952843
-3.2711391;42.7953300
-3.1858687;42.7954102
-3.1854701;42.7953377
-3.2316957;42.7954178
-3.3118768;42.7954559
-3.3114777;42.7953835
-3.3118312;42.7955322
-3.3120177;42.7955818
-3.1873090;42.7955971
-3.1876042;42.7956352
-3.1877556;42.7957039
-3.1880050;42.7954483
-3.3117135;42.7957268
-3.1873262;42.7957535
-3.1871126;42.7958565
-3.1875930;42.7958832
-3.3095677;42.7959175
-3.1875372;42.7959290
-3.3114173;42.7959442
-3.1862490;42.7959557
-3.1858456;42.7958412
-3.3112893;42.7959709
-3.3108552;42.7951584
-3.3111761;42.7959976
-3.3110297;42.7959175
-3.3117306;42.7960167
-3.1868191;42.7960281
-3.3111420;42.7960777
-3.3108356;42.7960129
-3.1874669;42.7960777
-3.3102415;42.7960892
-3.3107400;42.7961845
-3.3111393;42.7961922
-3.3113515;42.7961922
-3.1876326;42.7962570
-3.3113751;42.7963905
-3.2669897;42.7964134
-3.2294242;42.7963448
-3.3120570;42.7966576
-3.2317960;42.7967033
-3.2752581;42.7967072
-3.2317979;42.7967339
-3.2754710;42.7968636
-3.2311151;42.7968979
-3.3127458;42.7969475
-3.2296112;42.7971954
-3.2293026;42.7972450
-3.3114016;42.7972527
-3.2291582;42.7972603
-3.2293220;42.7973747
-3.2297924;42.7974281
-3.3141744;42.7975845
-3.2299156;42.7976379
-3.2294388;42.7977791
-3.2300894;42.7978401
-3.2311530;42.7980232
-3.2308934;42.7980194
-3.2302074;42.7980461
-3.2295978;42.7980576
-3.2295306;42.7978935
-3.2290959;42.7981148
-3.2279229;42.7980614
-3.3155096;42.7981148
-3.2303605;42.7983208
-3.2265003;42.7985306
-3.2778111;42.7985458
-3.2785542;42.7988739
-3.2787194;42.7987061
-3.2789776;42.7988930
-3.2792706;42.7988968
-3.2795849;42.7989388
-3.2781880;42.7989502
-3.2314641;42.7989349
-3.2311630;42.7989845
-3.2791727;42.7989845
-3.2782166;42.7990799
-3.2781105;42.7994766
-3.2780335;42.7995872
-3.2311850;42.7999001
-3.2314856;42.7998848
-3.2231772;42.8003502
-3.2312047;42.8003654
-3.2305477;42.8003922
-3.2320683;42.8004456
-3.3224065;42.8005028
-3.2606621;42.8010292
-3.3233869;42.8012810
-3.3261318;42.8019867
-3.3252466;42.8019447
-3.3269441;42.8019371
-3.3264351;42.8020096
-3.2590039;42.8021584
-3.3261719;42.8021851
-3.3245707;42.8021965
-3.3260510;42.8023148
-3.3259294;42.8023071
-3.3251512;42.8023605
-3.3263159;42.8025055
-3.3266404;42.8024788
-3.3260570;42.8025169
-3.3254807;42.8026276
-3.2765551;42.8027229
-3.3260071;42.8028564
-3.3262107;42.8028641
-3.3255754;42.8028755
-3.3256190;42.8029671
-3.3254607;42.8029709
-3.3271909;42.8029594
-3.3268738;42.8029823
-3.3259842;42.8030243
-3.3261528;42.8030472
-3.3264735;42.8030891
-3.3256843;42.8031044
-3.3270237;42.8031464
-3.3270018;42.8031921
-3.3259721;42.8032684
-3.3259664;42.8033562
-3.3262637;42.8033676
-3.3268950;42.8034248
-3.3259604;42.8034439
-3.3267591;42.8034782
-3.3259482;42.8036118
-3.3258014;42.8036156
-3.2766097;42.8036194
-3.2766345;42.8037453
-3.3259590;42.8037949
-3.3266068;42.8039322
-3.3277469;42.8040771
-3.2565413;42.8041534
-3.3280489;42.8044586
-3.3282981;42.8047600
-3.2130110;42.8045502
-3.2127163;42.8049622
-3.2120624;42.8053017
-3.2124841;42.8053513
-3.2119017;42.8053589
-3.2147260;42.8053703
-3.2134123;42.8053894
-3.2111447;42.8055344
-3.2111528;42.8054543
-3.2099781;42.8055878
-3.2096934;42.8049622
-3.2096541;42.8056221
-3.2106194;42.8059349
-3.2335110;42.8070831
-3.2541943;42.8071747
-3.2353637;42.8083153
-3.2351260;42.8081818
-3.2354867;42.8083572
-3.2355468;42.8082657
-3.2349954;42.8083801
-3.2352633;42.8084564
-3.2349291;42.8085098
-3.2738478;42.8085632
-3.2351875;42.8085785
-3.2353210;42.8086052
-3.2353859;42.8089752
-3.2737899;42.8089828
-3.2735357;42.8090096
-3.2738364;42.8091278
-3.2343235;42.8091698
-3.2339442;42.8092575
-3.2325830;42.8090591
-3.2744615;42.8093109
-3.2739072;42.8093452
-3.3304882;42.8093758
-3.2736158;42.8094101
-3.2738585;42.8094139
-3.2338474;42.8094482
-3.2334952;42.8093147
-3.2340593;42.8095207
-3.2736530;42.8095665
-3.2737556;42.8095856
-3.2733102;42.8095970
-3.2740760;42.8094444
-3.2737980;42.8097649
-3.2731519;42.8097839
-3.2730742;42.8093605
-3.2734387;42.8097878
-3.3307595;42.8097916
-3.2739165;42.8098373
-3.2734234;42.8099442
-3.3341725;42.8099899
-3.3365912;42.8097725
-3.2730331;42.8100014
-3.2744625;42.8101120
-3.2359614;42.8101578
-3.3339860;42.8101921
-3.3340311;42.8102150
-3.2746556;42.8102531
-3.2325466;42.8102913
-3.3344843;42.8102989
-3.3339915;42.8103333
-3.2743845;42.8103371
-3.3343518;42.8104057
-3.3337762;42.8104362
-3.3345025;42.8105049
-3.2370718;42.8105621
-3.3337445;42.8106194
-3.3336139;42.8104668
-3.3340116;42.8107948
-3.3332837;42.8108253
-3.3335035;42.8109665
-3.3333452;42.8110313
-3.3326957;42.8111191
-3.3336728;42.8111610
-3.3361268;42.8112144
-3.3336573;42.8112564
-3.3330343;42.8112640
-3.3339529;42.8113976
-3.3336341;42.8114014
-3.2505658;42.8114166
-3.2193203;42.8114204
-3.2189438;42.8115501
-3.3337848;42.8115692
-3.2181752;42.8115921
-3.2172573;42.8109894
-3.3363185;42.8116951
-3.2188408;42.8117332
-3.3360317;42.8119392
-3.3353975;42.8119736
-3.2438531;42.8120766
-3.3366232;42.8121185
-3.2171612;42.8121834
-3.2172112;42.8118782
-3.3350375;42.8123055
-3.3344011;42.8125381
-3.2454708;42.8127327
-3.2173371;42.8129692
-3.2470074;42.8139648
-3.2460523;42.8142548
-3.2456067;42.8138046
-3.2464237;42.8143578
-3.2467542;42.8142853
-3.2460177;42.8144035
-3.2454464;42.8143272
-3.2463069;42.8144302
-3.2437799;42.8145256
-3.2437444;42.8140602
-3.2435937;42.8144531
-3.2438574;42.8145485
-3.2462265;42.8145523
-3.2475581;42.8146019
-3.2440391;42.8146095
-3.2441094;42.8144341
-3.2431533;42.8149338
-3.2460372;42.8149643
-3.2455716;42.8146591
-3.2452841;42.8150902
-3.2437582;42.8151627
-3.2454910;42.8151779
-3.2459917;42.8155441
-3.2461953;42.8157959
-3.2445910;42.8161392
-3.2495477;42.8164711
-3.2414761;42.8173790
-3.2395067;42.8181877
-3.2382588;42.8183212
-3.8514266;42.9712906
-3.8512673;42.9717522
-3.7912047;42.9717903
-3.7900934;42.9713326
-3.9004157;42.9718094
-3.8987641;42.9711266
-3.8491538;42.9718361
-3.8492038;42.9711838
-3.2876399;42.8187141
-3.2877452;42.8189125
-3.2344625;42.8193932
-3.2518821;42.8203621
-3.2519741;42.8205719
-3.2301991;42.8207436
-3.2300897;42.8210335
-3.2299933;42.8214188
-3.2513041;42.8219643
-3.2509613;42.8221588
-3.2846513;42.8221741
-3.2510736;42.8222733
-3.2531607;42.8223228
-3.2508330;42.8223915
-3.2845106;42.8224602
-3.2285156;42.8225822
-3.2285078;42.8220863
-3.2843368;42.8226471
-3.2286081;42.8227043
-3.2286837;42.8226700
-3.2291110;42.8227348
-3.2845650;42.8227844
-3.2839434;42.8228188
-3.2838838;42.8227005
-3.2535245;42.8228264
-3.2293634;42.8228378
-3.2293923;42.8228607
-3.2528839;42.8228760
-3.2840028;42.8229332
-3.2288463;42.8229675
-3.2510135;42.8229713
-3.2296085;42.8230095
-3.2296605;42.8230400
-3.2297709;42.8229446
-3.2295372;42.8230667
-3.2296984;42.8230667
-3.2519124;42.8230782
-3.2294736;42.8231049
-3.2295964;42.8231468
-3.2846155;42.8232193
-3.2296467;42.8232613
-3.2299573;42.8232651
-3.2289820;42.8233032
-3.2841284;42.8233414
-3.2293401;42.8233986
-3.2289338;42.8234329
-3.2302651;42.8234749
-3.2848938;42.8234863
-3.2289734;42.8235016
-3.2513378;42.8235397
-3.2841523;42.8235512
-3.2844956;42.8235817
-3.2294726;42.8235893
-3.2285540;42.8236313
-3.2291305;42.8236847
-3.2841151;42.8237038
-3.2282124;42.8237534
-3.2307327;42.8237572
-3.2299700;42.8237839
-3.2511859;42.8238068
-3.2288244;42.8238144
-3.2279494;42.8238449
-3.2281694;42.8235283
-3.2287705;42.8239288
-3.2300098;42.8239441
-3.2292929;42.8241501
-3.2273726;42.8241539
-3.2516532;42.8241577
-3.2277713;42.8241920
-3.2504153;42.8242264
-3.2847767;42.8242493
-3.2552919;42.8243446
-3.2544348;42.8242683
-3.2512448;42.8243561
-3.2518609;42.8243599
-3.2519598;42.8244667
-3.2523997;42.8245049
-3.2499781;42.8245392
-3.2509832;42.8245697
-3.2517221;42.8246269
-3.2515576;42.8246765
-3.2923946;42.8255997
-3.2598794;42.8266716
-3.2940264;42.8291779
-3.2941074;42.8293762
-3.2950001;42.8296127
-3.2948327;42.8295097
-3.2951245;42.8296928
-3.2951846;42.8297386
-3.2955840;42.8295403
-3.2954566;42.8297768
-3.2945762;42.8297958
-3.2947419;42.8299255
-3.2951558;42.8299713
-3.2948527;42.8299751
-3.2949598;42.8300438
-3.2949140;42.8301697
-3.2946901;42.8304710
-3.2953167;42.8305359
-3.2950964;42.8305473
-3.2948852;42.8305321
-3.2947071;42.8305588
-3.2951975;42.8306160
-3.2945712;42.8307571
-3.2940333;42.8309784
-3.2936301;42.8316116
-3.2657053;42.8328857
-3.2657642;42.8329506
-3.2627597;42.8344879
-3.2607827;42.8357086
-3.2605028;42.8359909
-3.2599430;42.8360023
-3.2597311;42.8362923
-3.2595983;42.8364220
-3.2589309;42.8363152
-3.2599468;42.8365288
-3.2592418;42.8365860
-3.2591832;42.8365135
-3.2710350;42.8365860
-3.2596059;42.8366089
-3.2604625;42.8366127
-3.2711034;42.8366280
-3.2599351;42.8366623
-3.2594554;42.8367195
-3.2600703;42.8368301
-3.2592640;42.8368950
-3.2601469;42.8369026
-3.2587392;42.8369598
-3.2585745;42.8366928
-3.2585373;42.8369865
-3.2583854;42.8368607
-3.2597880;42.8370018
-3.2593138;42.8370438
-3.2595656;42.8371353
-3.2580650;42.8371773
-3.2593954;42.8372459
-3.2599924;42.8373718
-3.2596757;42.8376923
-3.2599411;42.8379364
-3.2734606;42.8386230
-3.2711182;42.8401909
-3.2712834;42.8406944
-3.3407142;42.8407898
-3.2756004;42.8409843
-3.2714651;42.8411865
-3.2714670;42.8412628
-3.2717407;42.8413200
-3.2718189;42.8412170
-3.2718070;42.8413696
-3.2723110;42.8413696
-3.2723589;42.8412819
-3.2720544;42.8413315
-3.2716925;42.8414421
-3.2719240;42.8414536
-3.2719977;42.8413467
-3.2725456;42.8415604
-3.2717607;42.8415680
-3.2717652;42.8416557
-3.2726216;42.8416901
-3.2721667;42.8417282
-3.2715735;42.8417358
-3.2720678;42.8418045
-3.2723331;42.8418312
-3.3399541;42.8418427
-3.2719660;42.8418503
-3.2714448;42.8418770
-3.2717915;42.8419533
-3.2741117;42.8419724
-3.2740052;42.8420067
-3.2710111;42.8419991
-3.2729158;42.8420563
-3.3397903;42.8420753
-3.3413024;42.8421555
-3.3411803;42.8423042
-3.2713509;42.8423729
-3.3391709;42.8418922
-3.3385513;42.8424263
-3.3416157;42.8424644
-3.3395996;42.8418388
-3.3388772;42.8425751
-3.3381867;42.8426971
-3.3415322;42.8427200
-3.3392906;42.8427734
-3.3380783;42.8434181
-3.3386309;42.8436890
-3.3378015;42.8437881
-3.3364267;42.8443642
-3.3370750;42.8447456
-3.3377032;42.8449707
-3.3367450;42.8451233
-3.3366334;42.8452454
-3.2806542;42.8452492
-3.3373907;42.8454132
-3.3363199;42.8455200
-3.3372803;42.8455696
-3.3360982;42.8457108
-3.3356233;42.8453064
-3.3370824;42.8458443
-3.2823389;42.8459892
-3.3356822;42.8460388
-3.3350992;42.8458519
-3.3369243;42.8460655
-3.3366535;42.8464355
-3.3353887;42.8465347
-3.3364067;42.8467751
-3.3353240;42.8472443
-3.3359702;42.8473854
-3.3327351;42.8476639
-3.3335686;42.8472939
-3.3324568;42.8475800
-3.2865963;42.8476715
-3.3331478;42.8476105
-3.3331037;42.8477173
-3.3318462;42.8477325
-3.3323612;42.8477554
-3.3330727;42.8477707
-3.3335660;42.8477631
-3.2861536;42.8478165
-3.3330765;42.8478279
-3.3354888;42.8480721
-3.3323529;42.8481293
-3.3317931;42.8481331
-3.3351114;42.8481750
-3.3352549;42.8479538
-3.3343768;42.8477402
-3.3352072;42.8482208
-3.3301275;42.8482704
-3.3297069;42.8482895
-3.3353281;42.8483009
-3.3343227;42.8484230
-3.3305111;42.8484268
-3.3320754;42.8484802
-3.3306682;42.8485527
-3.2829180;42.8494186
-3.3334355;42.8500481
-3.3337238;42.8497734
-3.3329341;42.8497658
-3.3323305;42.8501015
-3.3361862;42.8503418
-3.2817950;42.8505287
-3.3361840;42.8505325
-3.3350835;42.8501167
-3.3327901;42.8505363
-3.3317907;42.8505745
-3.3328574;42.8505974
-3.2815909;42.8506279
-3.2814102;42.8506813
-3.2812784;42.8505554
-3.2815199;42.8507919
-3.2819223;42.8508835
-3.2814329;42.8509521
-3.2818251;42.8509789
-3.2821722;42.8509979
-3.2811418;42.8510094
-3.2816513;42.8511047
-3.2797396;42.8512802
-3.2814777;42.8513527
-3.2819996;42.8514709
-3.3338046;42.8515167
-3.2807877;42.8517265
-3.3354096;42.8520241
-3.3334510;42.8522949
-3.3327553;42.8519592
-3.3353670;42.8527946
-3.3358433;42.8528214
-3.3360877;42.8527336
-3.2807248;42.8528557
-3.3356259;42.8529015
-3.3354254;42.8529015
-3.3348815;42.8529243
-3.3345211;42.8530006
-3.3345509;42.8528709
-3.3349824;42.8530617
-3.3340516;42.8531990
-3.3349366;42.8532181
-3.3346226;42.8532562
-3.3345387;42.8532677
-3.3353822;42.8532715
-3.3344252;42.8532753
-3.3353498;42.8533096
-3.3350751;42.8533096
-3.3345032;42.8534317
-3.3336446;42.8534470
-3.3349257;42.8534546
-3.3350041;42.8534431
-3.3355606;42.8534622
-3.3347621;42.8534775
-3.3347373;42.8535309
-3.3351045;42.8535652
-3.3342187;42.8536110
-3.3349521;42.8536186
-3.3344991;42.8536301
-3.3345740;42.8536568
-3.3327658;42.8537445
-3.3315523;42.8535995
-3.3350813;42.8537445
-3.3351912;42.8545494
-3.3322144;42.8548927
-3.3316181;42.8549004
-3.3321927;42.8554420
-3.3319635;42.8558006
-3.3331182;42.8565865
-3.3394105;42.8690453
-3.3462534;42.8704491
-3.3460233;42.8704529
-3.3458560;42.8703804
-3.3456006;42.8704948
-3.3472674;42.8704414
-3.3470550;42.8705177
-3.3468456;42.8703918
-3.3468363;42.8705940
-3.3462913;42.8706703
-3.3468297;42.8706894
-3.3463204;42.8707275
-3.3461297;42.8707733
-3.3465178;42.8708191
-3.3469582;42.8708496
-3.3469391;42.8709183
-3.3459866;42.8710136
-3.3432415;42.8710060
-3.3477404;42.8711243
-3.3476052;42.8711662
-3.8365707;42.9585991
-3.8364735;42.9586449
-3.8594651;42.9901772
-3.8592834;42.9944916
-3.8593781;42.9898376
-3.8309197;42.9803848
-3.8314960;42.9802589
-3.8308299;42.9803886
-3.8089652;42.9726219
-3.8088989;42.9729156
-3.8089886;42.9725342
-3.7769048;42.9518585
-3.7780597;42.9524803
-3.7803130;42.9534302
-3.7808084;42.9544792
-3.7811029;42.9548492
-3.7439489;42.9691505
-3.7427347;42.9690514
-3.8450577;43.0043602
-3.8436031;43.0060196
-3.7980950;42.9756966
-3.7980077;42.9756546
-3.8402393;42.9995003
-3.8401709;42.9994545
-3.8431988;43.0072289
-3.8430467;43.0070496
-3.8463206;42.9535751
-3.8463085;42.9535103
-3.8474882;42.9609413
-3.8474872;42.9608803
-3.8486156;42.9670486
-3.8485930;42.9669952
-3.8505700;42.9751472
-3.8506176;42.9752045
-3.8553903;43.0097122
-3.8553534;43.0097504
-3.8622706;43.0274277
-3.8621986;43.0273628
-3.8422387;42.9732056
-3.8421285;42.9732056
-3.8067899;42.9736023
-3.8066561;42.9736023
-3.8185840;42.9752159
-3.8184893;42.9751892
-3.8278992;42.9763107
-3.8278167;42.9763412
-3.8747573;42.9765511
-3.8751273;42.9765358
-3.8969696;42.9570541
-3.8969581;42.9569359
-3.8963327;42.9605980
-3.8963547;42.9604568
-3.8967805;42.9627686
-3.8967683;42.9626465
-3.8776579;42.9812775
-3.8775172;42.9813919
-3.8692310;42.9873924
-3.8690250;42.9875298
-3.7492793;42.9663963
-3.7492115;42.9664764
-3.7281349;42.9062386
-3.7286813;42.9061623
-3.7323022;42.9084358
-3.7322316;42.9083595
-3.7514238;42.9216461
-3.7513204;42.9215965
-3.8274736;42.9399109
-3.8273597;42.9398842
-3.8176246;42.9471779
-3.8175032;42.9472504
-3.8169832;42.9475937
-3.8168633;42.9476738
-3.8132997;42.9486465
-3.8131773;42.9486923
-3.7423589;42.9634056
-3.7423048;42.9635239
-3.8054001;42.9866753
-3.8053980;42.9866142
-3.7942884;42.9877663
-3.7942181;42.9877205
-3.7947929;42.9927216
-3.7947674;42.9926605
-3.7940369;42.9735184
-3.7941930;42.9736176
-3.7942088;42.9735947
-3.7940531;42.9735031
-3.8438809;43.0064392
-3.8439636;43.0065651
-3.7710893;42.9694176
-3.7695317;42.9693451
-3.7870197;42.9611702
-3.7867639;42.9622993
-3.8472688;42.9727478
-3.8468735;42.9722214
-3.8479433;42.9730377
-3.8478088;42.9729767
-3.8511305;42.9735146
-3.8519700;42.9736710
-3.8525636;42.9737320
-3.8501718;42.9747047
-3.8503909;42.9749718
-3.8504524;42.9750443
-3.8483069;42.9721756
-3.8477240;42.9720459
-3.7280941;42.9081230
-3.7734029;42.9135170
-3.7735574;42.9135628
-3.7735872;42.9135704
-3.7762392;42.9139633
-3.7765543;42.9139671
-3.7767727;42.9140167
-3.7762058;42.9140511
-3.7758493;42.9140892
-3.7759185;42.9138451
-3.7755542;42.9140587
-3.7758818;42.9140930
-3.7414412;42.9141846
-3.7412744;42.9141426
-3.7764814;42.9141998
-3.7415767;42.9142151
-3.7757192;42.9142303
-3.7765105;42.9142380
-3.7417991;42.9142570
-3.7424247;42.9142838
-3.7756271;42.9143333
-3.7417367;42.9143715
-3.7755840;42.9143829
-3.7414601;42.9144249
-3.7744343;42.9146881
-3.7758055;42.9144287
-3.7748539;42.9144783
-3.7424428;42.9145164
-3.7412286;42.9146309
-3.7764602;42.9168129
-3.7779088;42.9192085
-3.7491803;42.9204407
-3.7815661;42.9221115
-3.7814882;42.9221954
-3.7555902;42.9238396
-3.7558753;42.9239349
-3.7587864;42.9251251
-3.7588267;42.9251556
-3.7839324;42.9261398
-3.7489204;42.9263649
-3.7484107;42.9258499
-3.7482481;42.9258308
-3.7476053;42.9264221
-3.7475457;42.9264221
-3.7473414;42.9264336
-3.7458756;42.9265366
-3.7461984;42.9264374
-3.7456965;42.9265022
-3.7473185;42.9265404
-3.7468505;42.9264336
-3.7479863;42.9266815
-3.7471733;42.9267273
-3.7483015;42.9268227
-3.7470841;42.9270897
-3.7482667;42.9271736
-3.7483737;42.9274635
-3.7489407;42.9277458
-3.7488637;42.9280243
-3.7642667;42.9288712
-3.7686048;42.9291191
-3.7685988;42.9288826
-3.7683451;42.9290543
-3.7691305;42.9295197
-3.7689264;42.9297485
-3.7683463;42.9296837
-3.7693212;42.9297867
-3.7689750;42.9298286
-3.7690358;42.9299927
-3.7680182;42.9300957
-3.7677228;42.9297104
-3.7682242;42.9300957
-3.7674646;42.9300842
-3.7698786;42.9303780
-3.7699637;42.9304047
-3.7692170;42.9304276
-3.7701705;42.9305038
-3.7692733;42.9305191
-3.7686915;42.9305458
-3.7710071;42.9306793
-3.7709763;42.9306412
-3.7692113;42.9308052
-3.7691267;42.9309731
-3.7712395;42.9309807
-3.7750061;42.9309082
-3.7696860;42.9310188
-3.7689004;42.9311104
-3.7702181;42.9311333
-3.7702210;42.9310150
-3.7696619;42.9312477
-3.7690542;42.9317322
-3.7219174;42.9322166
-3.7218041;42.9320145
-3.7227626;42.9323082
-3.7234278;42.9323235
-3.7235177;42.9322624
-3.7233369;42.9322128
-3.7177000;42.9323883
-3.7175808;42.9324532
-3.7238429;42.9321671
-3.7238140;42.9324951
-3.7239482;42.9324951
-3.7244308;42.9324379
-3.7236969;42.9326210
-3.7234435;42.9325943
-3.7239211;42.9327202
-3.7765360;42.9327240
-3.7220390;42.9327545
-3.7174501;42.9334259
-3.7174468;42.9334564
-3.7280667;42.9338989
-3.7933738;42.9340248
-3.7172918;42.9341240
-3.7176070;42.9345093
-3.7177768;42.9339905
-3.7174811;42.9345131
-3.7170501;42.9345818
-3.7169843;42.9347038
-3.7165296;42.9348183
-3.7169242;42.9349632
-3.7165110;42.9348221
-3.7173655;42.9350929
-3.7167201;42.9351616
-3.7171881;42.9352379
-3.7179794;42.9354134
-3.7187779;42.9355965
-3.7191203;42.9356575
-3.7192874;42.9356880
-3.7195532;42.9356918
-3.7192707;42.9357758
-3.7084484;42.9363594
-3.7287703;42.9378204
-3.7972891;42.9379768
-3.7020056;42.9381409
-3.7768738;42.9402199
-3.8258903;42.9409332
-3.7701192;42.9411736
-3.7698662;42.9414444
-3.8324053;42.9416962
-3.7419329;42.9420090
-3.6897738;42.9420204
-3.8251648;42.9423294
-3.7192271;42.9423332
-3.8252037;42.9424629
-3.7189019;42.9433670
-3.8251631;42.9436493
-3.8249903;42.9436760
-3.8007858;42.9437370
-3.7514963;42.9453621
-3.8185012;42.9468346
-3.7755113;42.9472427
-3.8167582;42.9477386
-3.8133996;42.9486122
-3.7563746;42.9491196
-3.7579236;42.9502258
-3.7985196;42.9524345
-3.7609439;42.9525070
-3.7982612;42.9526672
-3.8073752;42.9540710
-3.7812221;42.9549294
-3.8462851;42.9550934
-3.8462105;42.9562798
-3.8417847;42.9559555
-3.8405993;42.9566650
-3.8397050;42.9576530
-3.7929170;42.9576721
-3.7913001;42.9582138
-3.7922506;42.9582291
-3.7928905;42.9581108
-3.7923903;42.9582405
-3.8386400;42.9582634
-3.7921724;42.9583435
-3.7929764;42.9582863
-3.8372869;42.9583969
-3.7920740;42.9584274
-3.8369219;42.9584389
-3.7924685;42.9585648
-3.7917266;42.9586143
-3.7913764;42.9586296
-3.7913668;42.9584122
-3.7920887;42.9587555
-3.7912986;42.9588089
-3.7919717;42.9589958
-3.7905784;42.9590034
-3.7904527;42.9590607
-3.7910452;42.9592133
-3.7913535;42.9598045
-3.8363543;42.9598236
-3.7908287;42.9599075
-3.7747827;42.9600182
-3.7899761;42.9602661
-3.8334060;42.9606133
-3.8332562;42.9606323
-3.8331919;42.9606400
-3.7765467;42.9618492
-3.8967185;42.9622383
-3.7770925;42.9624367
-3.8655145;42.9628639
-3.8624883;42.9627686
-3.7424033;42.9633751
-3.8475728;42.9635506
-3.8965619;42.9642143
-3.7496815;42.9649506
-3.8969226;42.9649963
-3.7815447;42.9666214
-3.7420065;42.9653969
-3.8965399;42.9654236
-3.7420316;42.9654236
-3.8723390;42.9660454
-3.8709745;42.9636841
-3.8705907;42.9638138
-3.7428484;42.9659195
-3.7426150;42.9660912
-3.7430663;42.9660378
-3.7427108;42.9662018
-3.8962955;42.9663963
-3.7430191;42.9665680
-3.8730066;42.9666252
-3.8731844;42.9666901
-3.8240159;42.9667664
-3.8735189;42.9667740
-3.8732896;42.9658585
-3.8229961;42.9667625
-3.7843990;42.9671249
-3.8200963;42.9671936
-3.8200834;42.9670067
-3.8193319;42.9669266
-3.8207278;42.9673271
-3.8206422;42.9673691
-3.8215380;42.9673996
-3.7834759;42.9679031
-3.7434468;42.9681129
-3.7419300;42.9668198
-3.7841363;42.9683304
-3.8910067;42.9683952
-3.7839720;42.9685020
-3.7543745;42.9687996
-3.7445846;42.9688377
-3.8185880;42.9688530
-3.7447364;42.9689026
-3.7421241;42.9689102
-3.8197942;42.9690895
-3.8856752;42.9692230
-3.7426372;42.9692612
-3.8851027;42.9692955
-3.8845875;42.9693260
-3.7857137;42.9693565
-3.7859244;42.9692612
-3.8812983;42.9693642
-3.7818856;42.9694176
-3.7858899;42.9694710
-3.7820942;42.9694862
-3.8834629;42.9695168
-3.7862570;42.9695587
-3.7866352;42.9693489
-3.7820468;42.9695854
-3.7861149;42.9696236
-3.8828650;42.9696312
-3.7854030;42.9694862
-3.7854376;42.9696312
-3.7856922;42.9696312
-3.8819115;42.9696350
-3.7618721;42.9696732
-3.8824122;42.9696884
-3.7857108;42.9696999
-3.8832417;42.9697266
-3.7871797;42.9697037
-3.7878928;42.9697647
-3.7856207;42.9697647
-3.7866950;42.9697723
-3.7883680;42.9695625
-3.7861643;42.9698448
-3.7834775;42.9698792
-3.7858779;42.9698982
-3.7865720;42.9699211
-3.7861621;42.9699326
-3.7828653;42.9699402
-3.7850444;42.9699669
-3.7827451;42.9699783
-3.7883565;42.9700470
-3.7588985;42.9700775
-3.8826380;42.9701157
-3.7850316;42.9701347
-3.8830149;42.9701385
-3.7863619;42.9701614
-3.7883396;42.9701767
-3.7869818;42.9702492
-3.7868567;42.9703598
-3.7859623;42.9704285
-3.8524711;42.9705467
-3.7874384;42.9705887
-3.7866654;42.9706039
-3.7867644;42.9706078
-3.7612858;42.9706230
-3.7877142;42.9706955
-3.7606690;42.9709282
-3.7600331;42.9709320
-3.7885411;42.9709435
-3.7887132;42.9709816
-3.7890756;42.9710655
-3.7880960;42.9710960
-3.7603188;42.9711418
-3.7613637;42.9711800
-3.7605958;42.9712982
-3.9004121;42.9720955
-3.8510973;42.9722443
-3.7920120;42.9722786
-3.8509915;42.9725342
-3.8497527;42.9725723
-3.8495803;42.9727020
-3.8490796;42.9728203
-3.7889225;42.9728203
-3.8486304;42.9728279
-3.8482006;42.9728317
-3.8490763;42.9728622
-3.8496721;42.9729233
-3.8490665;42.9729881
-3.8499095;42.9730225
-3.8490655;42.9730339
-3.8488052;42.9730873
-3.8485320;42.9731178
-3.8490689;42.9731598
-3.8504069;42.9732361
-3.7936304;42.9732628
-3.8490870;42.9732666
-3.8491404;42.9734039
-3.8464110;42.9735756
-3.9005420;42.9735832
-3.8059037;42.9735909
-3.7980955;42.9734650
-3.8071914;42.9736061
-3.8087375;42.9736252
-3.7943778;42.9736900
-3.7954085;42.9737282
-3.8445611;42.9737473
-3.8447251;42.9737511
-3.7875071;42.9737625
-3.8484423;42.9737778
-3.7945378;42.9738388
-3.7952995;42.9738464
-3.9006491;42.9738579
-3.9007602;42.9735222
-3.9006805;42.9739189
-3.7853506;42.9739494
-3.7796059;42.9730835
-3.7867842;42.9739647
-3.8499029;42.9739876
-3.7949407;42.9740105
-3.8496161;42.9740143
-3.8551555;42.9740372
-3.7949488;42.9740448
-3.7949991;42.9740448
-3.9002607;42.9740829
-3.9005430;42.9741631
-3.8492708;42.9741707
-3.8497696;42.9742012
-3.7951908;42.9742393
-3.7954404;42.9743042
-3.7872179;42.9743195
-3.9002097;42.9743347
-3.8993800;42.9741974
-3.9008915;42.9743614
-3.9005110;42.9744072
-3.8499484;42.9744225
-3.8502915;42.9744225
-3.8495255;42.9744606
-3.9009609;42.9745064
-3.8327281;42.9745064
-3.9013572;42.9745483
-3.9019012;42.9742165
-3.9002106;42.9745483
-3.8496552;42.9745674
-3.8150387;42.9746094
-3.9002008;42.9746361
-3.9019649;42.9746513
-3.9022453;42.9743576
-3.9011028;42.9746819
-3.8996258;42.9746971
-3.9024434;42.9748306
-3.7964640;42.9748802
-3.8494997;42.9749451
-3.9024322;42.9750404
-3.9004915;42.9750710
-3.8995106;42.9750710
-3.8994286;42.9747086
-3.9016128;42.9751625
-3.9026921;42.9751167
-3.9016545;42.9751930
-3.9014060;42.9752159
-3.8506744;42.9752617
-3.8999777;42.9752617
-3.9017437;42.9752846
-3.8997438;42.9752960
-3.7884300;42.9753418
-3.9022653;42.9754333
-3.8193192;42.9754410
-3.8999007;42.9754715
-3.8998675;42.9755478
-3.9003673;42.9756660
-3.9009323;42.9756660
-3.9008303;42.9756660
-3.9006925;42.9756699
-3.9004209;42.9758339
-3.8291914;42.9758377
-3.8849626;42.9758530
-3.8861511;42.9757919
-3.9008758;42.9758644
-3.8290946;42.9758720
-3.7753413;42.9758873
-3.8210762;42.9759941
-3.9019964;42.9760361
-3.8513463;42.9760666
-3.8894289;42.9761047
-3.7884703;42.9761353
-3.9002883;42.9762306
-3.9003034;42.9762955
-3.8222160;42.9763527
-3.9022346;42.9763756
-3.8652503;42.9763794
-3.9013727;42.9763832
-3.8752189;42.9765320
-3.8751583;42.9765358
-3.8705449;42.9768181
-3.8251123;42.9770393
-3.8252892;42.9773369
-3.8861971;42.9775429
-3.7893493;42.9781685
-3.8031681;42.9782028
-3.7893915;42.9782410
-3.9247355;42.9786987
-3.9253509;42.9788704
-3.9265020;42.9792023
-3.9266782;42.9786263
-3.9266021;42.9792328
-3.9285409;42.9792671
-3.9287364;42.9790878
-3.9284215;42.9791794
-3.9260454;42.9793396
-3.9255404;42.9793282
-3.7900424;42.9793739
-3.9265838;42.9793930
-3.9260106;42.9793930
-3.9285288;42.9794579
-3.9289482;42.9794846
-3.9260211;42.9794998
-3.9292588;42.9795036
-3.9292681;42.9793358
-3.9295473;42.9795265
-3.9285345;42.9795380
-3.9256644;42.9796333
-3.9285495;42.9796753
-3.9309807;42.9797058
-3.8062167;42.9797287
-3.9285629;42.9797440
-3.9284277;42.9797974
-3.8854434;42.9794350
-3.8851790;42.9798508
-3.9262664;42.9798737
-3.9329219;42.9799805
-3.9286594;42.9800110
-3.9339082;42.9800415
-3.9309471;42.9800453
-3.9312456;42.9802132
-3.8313267;42.9800034
-3.7905836;42.9802780
-3.9315388;42.9802818
-3.9314291;42.9803505
-3.8318663;42.9800606
-3.8320243;42.9804001
-3.9314106;42.9804115
-3.9318821;42.9805336
-3.7671387;42.9808502
-3.7671547;42.9809570
-3.8010237;42.9810677
-3.7668436;42.9810905
-3.8333461;42.9810944
-3.8010590;42.9811821
-3.8326342;42.9814301
-3.8107512;42.9815025
-3.8111162;42.9816132
-3.8327265;42.9816437
-3.8330579;42.9816208
-3.7676625;42.9816475
-3.7679980;42.9812241
-3.8336015;42.9816818
-3.8333962;42.9818268
-3.7661695;42.9818497
-3.7661433;42.9819145
-3.8327222;42.9819679
-3.8323047;42.9821014
-3.8317070;42.9819412
-3.7672544;42.9821091
-3.8326449;42.9821320
-3.8334947;42.9821358
-3.8340712;42.9821205
-3.8321679;42.9821548
-3.8318524;42.9821358
-3.8336406;42.9821815
-3.8344698;42.9821815
-3.8129983;42.9821854
-3.7660255;42.9821968
-3.7668431;42.9822578
-3.7666476;42.9823875
-3.8335767;42.9824867
-3.7919028;42.9824867
-3.7637777;42.9825058
-3.7639604;42.9823647
-3.7658963;42.9825058
-3.8349328;42.9825096
-3.8140018;42.9826889
-3.8321276;42.9827003
-3.8141725;42.9829102
-3.8146243;42.9830246
-3.7655518;42.9831009
-3.7646091;42.9828415
-3.7647014;42.9831924
-3.7659969;42.9832306
-3.7668180;42.9832802
-3.7647870;42.9833221
-3.7659702;42.9833984
-3.7637196;42.9835320
-3.7635262;42.9834938
-3.7628839;42.9835587
-3.7651992;42.9836388
-3.7658799;42.9837074
-3.7640054;42.9837265
-3.7663043;42.9837532
-3.8740418;42.9838982
-3.7657006;42.9839172
-3.7658968;42.9840393
-3.8144269;42.9842262
-3.8037553;42.9842873
-3.7623823;42.9843445
-3.8038037;42.9843750
-3.8140309;42.9844589
-3.8145838;42.9846878
-3.8149440;42.9854431
-3.8578031;42.9865570
-3.7939627;42.9867058
-3.8578780;42.9867668
-3.8054149;42.9874420
-3.8052325;42.9877434
-3.8047948;42.9873657
-3.8052719;42.9878120
-3.8057168;42.9879456
-3.8058608;42.9876595
-3.8053577;42.9879951
-3.7946520;42.9879990
-3.8058803;42.9880676
-3.8063340;42.9882355
-3.8058488;42.9882698
-3.8073213;42.9888115
-3.8076925;42.9892006
-3.8074439;42.9892578
-3.7659771;42.9896927
-3.7656646;42.9903412
-3.8650565;42.9903526
-3.7940142;42.9904289
-3.8441107;42.9921875
-3.8265405;42.9924355
-3.8272190;42.9927216
-3.7949853;42.9936256
-3.8339572;42.9943466
-3.7951345;42.9943848
-3.7963812;42.9948769
-3.7965252;42.9945107
-3.7949212;42.9949570
-3.7945809;42.9949799
-3.7946811;42.9947472
-3.7969275;42.9950638
-3.7972374;42.9949760
-3.7953267;42.9950829
-3.7936800;42.9951363
-3.7974486;42.9951744
-3.7954457;42.9951935
-3.7949579;42.9952202
-3.8464520;42.9960403
-3.8591855;42.9963989
-3.8590744;42.9985657
-3.8480444;43.0006485
-3.8420489;43.0026970
-3.8453209;43.0040474
-3.8423331;43.0045929
-3.8587096;43.0046120
-3.8436587;43.0061035
-3.8438327;43.0063629
-3.8448007;43.0082703
-3.8446085;43.0083160
-3.8448665;43.0084915
-3.8446224;43.0085144
-3.8563004;43.0088234
-3.8562529;43.0088692
-3.8472283;43.0116386
-3.8485985;43.0137444
-3.8486979;43.0139008
-3.8537452;43.0150299
-3.8538003;43.0151672
-3.8505955;43.0167885
-3.8509424;43.0173264
-3.8514199;43.0180283
-3.8544345;43.0206566
-3.8561618;43.0211143
-3.8563626;43.0217247
-3.8564720;43.0218582
-3.8558624;43.0218811
-3.8561311;43.0219688
-3.8564696;43.0220222
-3.8561080;43.0220642
-3.8561778;43.0220909
-3.8566585;43.0222778
-3.8566890;43.0225143
-3.8573008;43.0231209
-3.8573878;43.0231972
-3.8570964;43.0234337
-3.8610508;43.0263710
-3.8599515;43.0254288
-3.8583562;43.0265465
-3.8592408;43.0284271
-3.8632135;43.0284615
-3.8635762;43.0286560
-3.8636942;43.0286713
-3.8636158;43.0287018
-3.8633301;43.0287361
-3.8596923;43.0288048
-3.8633907;43.0291405
-3.8794258;43.0316010
-3.8927801;43.0385361
-3.8776066;43.0415497
-3.8777659;43.0417099
-3.8778610;43.0417976
-3.8780465;43.0419655
-3.8595457;43.0422554
-3.8594968;43.0425491
-3.7815754;42.8678017
-3.7816246;42.8677902
-3.7237046;42.8548660
-3.7237766;42.8547897
-3.7325339;42.8413200
-3.7325938;42.8412399
-3.7311049;42.8405571
-3.7823048;42.8698692
-3.7824404;42.8698959
-3.7308142;42.8370514
-3.7318373;42.8391495
-3.7326767;42.8382072
-3.7326560;42.8396225
-3.7313001;42.8402443
-3.7313471;42.8402977
-3.7313914;42.8406219
-3.7322013;42.8410378
-3.7325151;42.8411560
-3.7326295;42.8411827
-3.7296197;42.8418961
-3.7295268;42.8419800
-3.7383006;42.8433990
-3.7554178;42.8450432
-3.7555342;42.8450966
-3.7544188;42.8475151
-3.7551589;42.8476906
-3.7554057;42.8476524
-3.7559106;42.8479881
-3.7540345;42.8484802
-3.7541263;42.8484268
-3.7539790;42.8482780
-3.7526679;42.8476753
-3.7538695;42.8484802
-3.7540617;42.8485451
-3.7543249;42.8486176
-3.7546356;42.8484535
-3.7542741;42.8485184
-3.7542579;42.8486443
-3.7537324;42.8487663
-3.7534959;42.8487167
-3.7553904;42.8491249
-3.7553399;42.8491821
-3.7559023;42.8492012
-3.7553627;42.8495140
-3.7281177;42.8496513
-3.7279713;42.8496780
-3.7542741;42.8497009
-3.7542078;42.8496017
-3.7537744;42.8497734
-3.7539871;42.8498688
-3.7556827;42.8500214
-3.7542219;42.8501053
-3.7541108;42.8504143
-3.7541509;42.8504295
-3.7547543;42.8507347
-3.7569733;42.8508186
-3.7571857;42.8508377
-3.7575283;42.8508568
-3.7570999;42.8509293
-3.7578785;42.8509521
-3.7575579;42.8509827
-3.7575336;42.8511047
-3.7576487;42.8511086
-3.7574251;42.8511887
-3.7573433;42.8511467
-3.7586811;42.8512764
-3.7715228;42.8513718
-3.7311027;42.8519707
-3.7309451;42.8514137
-3.7285244;42.8535919
-3.7285161;42.8537903
-3.7281375;42.8536301
-3.7245567;42.8538780
-3.7284250;42.8541374
-3.7242498;42.8542137
-3.7234316;42.8550034
-3.7193365;42.8561211
-3.7187662;42.8570404
-3.7196872;42.8580093
-3.7198231;42.8581123
-3.7205546;42.8582802
-3.7207329;42.8583221
-3.7208819;42.8583755
-3.7212143;42.8585854
-3.7759202;42.8585854
-3.7218685;42.8587074
-3.7214270;42.8590965
-3.7210636;42.8589668
-3.7223446;42.8594933
-3.7203197;42.8595657
-3.7222524;42.8605194
-3.7299051;42.8631592
-3.7403708;42.8646851
-3.7404726;42.8642960
-3.7399914;42.8649368
-3.7397273;42.8649750
-3.7394741;42.8647118
-3.7400613;42.8649979
-3.7406981;42.8650017
-3.7397203;42.8650398
-3.7392671;42.8649483
-3.7407885;42.8650894
-3.7397463;42.8650970
-3.7397833;42.8651810
-3.7399378;42.8652458
-3.7393091;42.8652992
-3.7392905;42.8654366
-3.7391100;42.8654747
-3.7411451;42.8655090
-3.7409306;42.8657494
-3.7416551;42.8661079
-3.7405703;42.8662262
-3.7423706;42.8664055
-3.7356968;42.8665695
-3.7816033;42.8675613
-3.7817550;42.8671608
-3.7816730;42.8677864
-3.7818255;42.8680267
-3.7816277;42.8682861
-3.7811778;42.8686447
-3.7804563;42.8683472
-3.7433383;42.8689804
-3.7431865;42.8689957
-3.7815022;42.8690567
-3.7825532;42.8691940
-3.7818499;42.8696136
-3.7829108;42.8702049
-3.1222365;42.5716476
-3.1221409;42.5716972
-3.1233089;42.5711632
-3.1225400;42.5715027
-3.1222868;42.5716324
-3.1220882;42.5717354
-3.1228449;42.5718994
-3.1188655;42.5713615
-3.1189013;42.5719681
-3.1193409;42.5719833
-3.1215193;42.5720062
-3.1212428;42.5720329
-3.1188366;42.5720634
-3.1220345;42.5721207
-3.1222236;42.5721474
-3.1188824;42.5722046
-3.1221988;42.5722504
-3.1202192;42.5724144
-3.1224902;42.5724564
-3.1215646;42.5724831
-3.1229098;42.5725021
-3.1195147;42.5725403
-3.1197262;42.5725670
-3.1188598;42.5726585
-3.1214955;42.5726738
-3.1192236;42.5726929
-3.1190312;42.5728760
-3.1189985;42.5729370
-3.1195791;42.5729637
-3.1191778;42.5729752
-3.1171434;42.5723495
-3.1184227;42.5729904
-3.1188865;42.5730209
-3.1192300;42.5730782
-3.1202509;42.5730820
-3.1222324;42.5731354
-3.1229327;42.5732269
-3.1226392;42.5732689
-3.1222813;42.5734634
-3.1192265;42.5734711
-3.1190853;42.5734901
-3.1193244;42.5735855
-3.1228266;42.5735970
-3.1194468;42.5736961
-3.1217892;42.5741806
-3.1193576;42.5742188
-3.1190627;42.5757790
-3.1198585;42.5777855
-3.1207635;42.5795784
-3.1209564;42.5844193
-3.1194854;42.5889664
-3.1185045;42.5901604
-3.1038985;42.5946770
-3.1020651;42.5955124
-3.0964653;42.5959549
-3.0973682;42.5965576
-3.2900083;42.6403961
-3.2898698;42.6404800
-3.2858019;42.6315498
-3.2856536;42.6315155
-3.3053818;42.6163635
-3.3062925;42.6244926
-3.3023980;42.6294060
-3.3020880;42.6299400
-3.3020678;42.6299744
-3.3010886;42.6298103
-3.3014433;42.6300354
-3.3009701;42.6300621
-3.3005924;42.6301231
-3.3003690;42.6298180
-3.3006651;42.6302452
-3.2998633;42.6302071
-3.2998757;42.6303024
-3.3003035;42.6303253
-3.3018434;42.6303253
-3.3011298;42.6303673
-3.2998896;42.6304092
-3.3016725;42.6304131
-3.3012183;42.6305084
-3.3011563;42.6305237
-3.2990816;42.6305428
-3.2986345;42.6305008
-3.3010507;42.6305580
-3.3022671;42.6305885
-3.3008900;42.6306076
-3.3016498;42.6306343
-3.3008068;42.6306343
-3.3020892;42.6306953
-3.3018467;42.6306190
-3.3025303;42.6307373
-3.2994964;42.6307373
-3.3004334;42.6307487
-3.3020072;42.6307564
-3.3000252;42.6308632
-3.2999701;42.6308784
-3.2996907;42.6309586
-3.3011532;42.6309586
-3.3016365;42.6310005
-3.3001800;42.6311035
-3.3008056;42.6311188
-3.3012905;42.6311798
-3.2990546;42.6311874
-3.3002260;42.6312599
-3.2999213;42.6312637
-3.3007438;42.6312637
-3.3005524;42.6312675
-3.2996540;42.6313019
-3.3008258;42.6313171
-3.3008256;42.6314278
-3.2987664;42.6315117
-3.3007026;42.6315727
-3.2969198;42.6324463
-3.2955208;42.6327896
-3.2935281;42.6340065
-3.3250341;42.6218300
-3.3247113;42.6219215
-3.3159990;42.6048164
-3.3164515;42.6058617
-3.3192024;42.6099281
-3.3198740;42.6107216
-3.3053725;42.6163101
-3.3224151;42.6212883
-3.3224430;42.6211510
-3.3221836;42.6208916
-3.3221602;42.6214981
-3.3250930;42.6216545
-3.3218977;42.6216812
-3.3232422;42.6217079
-3.3254123;42.6217613
-3.3219893;42.6217995
-3.3234591;42.6218109
-3.3217876;42.6218300
-3.3220661;42.6218872
-3.3235695;42.6219254
-3.3221903;42.6220093
-3.3239648;42.6220169
-3.3240824;42.6219292
-3.3237000;42.6220322
-3.3218615;42.6220436
-3.3238797;42.6220474
-3.3238142;42.6219330
-3.3230360;42.6220512
-3.3231902;42.6220741
-3.3238094;42.6221161
-3.3219070;42.6221199
-3.3235595;42.6221352
-3.3241034;42.6221466
-3.3233128;42.6221848
-3.3226206;42.6221848
-3.3224719;42.6220474
-3.3239510;42.6221962
-3.3239794;42.6222267
-3.3233397;42.6222725
-3.3224890;42.6222878
-3.3230615;42.6223145
-3.3227661;42.6223602
-3.3241675;42.6223869
-3.3226619;42.6224289
-3.3222837;42.6224327
-3.3229017;42.6224709
-3.3229864;42.6224174
-3.3242705;42.6224709
-3.3240159;42.6224976
-3.3243279;42.6225052
-3.3239994;42.6225243
-3.3224576;42.6225586
-3.3229311;42.6225586
-3.3241162;42.6225624
-3.3245957;42.6225052
-3.3244262;42.6225662
-3.3241317;42.6226196
-3.3245606;42.6226463
-3.3242781;42.6226616
-3.3246908;42.6227341
-3.3243203;42.6227951
-3.3248696;42.6228905
-3.3243165;42.6229477
-3.3240387;42.6244431
-3.8790090;42.5510712
-3.8789113;42.5509377
-3.9364552;42.5635681
-3.9105208;42.5688896
-3.9101689;42.5689507
-3.8952899;42.5756187
-3.8948421;42.5759087
-3.8934515;42.5768013
-3.8933375;42.5768700
-3.9178073;42.6166306
-3.9176667;42.6166801
-3.9232090;42.5708046
-3.9233620;42.5706635
-3.9247780;42.5850410
-3.9247749;42.5848312
-3.9246979;42.5860329
-3.9247634;42.5859146
-3.9274631;42.5967789
-3.9273272;42.5965805
-3.9012480;42.5680428
-3.9011323;42.5677910
-3.8811896;42.5504036
-3.8804877;42.5504837
-3.8975613;42.5506058
-3.8805254;42.5509033
-3.8803954;42.5509949
-3.8805406;42.5510979
-3.8807778;42.5511055
-3.8800809;42.5511513
-3.8790653;42.5511703
-3.8799605;42.5511856
-3.8791785;42.5512161
-3.8798599;42.5512199
-3.8792691;42.5512619
-3.8797483;42.5512962
-3.8806362;42.5513039
-3.8800805;42.5513115
-3.8789961;42.5513535
-3.8803909;42.5514603
-3.8804457;42.5515175
-3.8807182;42.5515327
-3.8794401;42.5516777
-3.8791337;42.5517273
-3.8786740;42.5517502
-3.8788598;42.5517845
-3.8785298;42.5518036
-3.8797662;42.5518188
-3.8789492;42.5519028
-3.8789692;42.5519600
-3.8799086;42.5520134
-3.8783698;42.5520134
-3.8785396;42.5521126
-3.8778868;42.5521431
-3.8785193;42.5521774
-3.8775463;42.5522957
-3.8782694;42.5522957
-3.8783534;42.5523224
-3.8773112;42.5523300
-3.8773930;42.5524483
-3.8785732;42.5526085
-3.8966808;42.5573502
-3.9235671;42.5657654
-3.9235494;42.5656395
-3.9237947;42.5657616
-3.9235005;42.5660248
-3.9234374;42.5660896
-3.9248958;42.5662117
-3.9243400;42.5662346
-3.9237366;42.5662575
-3.9234204;42.5662804
-3.9232476;42.5662918
-3.9228749;42.5663109
-3.9226890;42.5663185
-3.9222307;42.5657692
-3.9223149;42.5663376
-3.9222877;42.5663376
-3.9213295;42.5663872
-3.9232793;42.5664864
-3.9229474;42.5666046
-3.9209449;42.5668182
-3.9233387;42.5668221
-3.9007094;42.5668449
-3.9228261;42.5668526
-3.9233730;42.5670776
-3.9228411;42.5675125
-3.9234519;42.5676918
-3.9234567;42.5677299
-3.9136357;42.5682220
-3.9015045;42.5685349
-3.9010286;42.5687027
-3.9074306;42.5692902
-3.9072449;42.5692978
-3.8695092;42.5709801
-3.8668575;42.5712166
-3.8662589;42.5710068
-3.8658731;42.5712776
-3.8657720;42.5711899
-3.8665628;42.5711021
-3.8660927;42.5715065
-3.8678319;42.5715332
-3.8684726;42.5714569
-3.8674245;42.5712852
-3.8671567;42.5715675
-3.8677850;42.5715752
-3.8662674;42.5716743
-3.8662422;42.5717392
-3.8658605;42.5718307
-3.8668957;42.5718498
-3.8659134;42.5718575
-3.8672285;42.5718803
-3.8673689;42.5719261
-3.8667309;42.5720558
-3.8665712;42.5720749
-3.8677373;42.5721016
-3.8663037;42.5721397
-3.8683271;42.5720634
-3.8678694;42.5721550
-3.8666806;42.5721893
-3.8676374;42.5721970
-3.8660657;42.5722084
-3.8669531;42.5722237
-3.8674984;42.5722389
-3.8671606;42.5722656
-3.8677630;42.5722961
-3.8674684;42.5723495
-3.8670952;42.5723495
-3.8680677;42.5723610
-3.8669097;42.5724144
-3.8675051;42.5724220
-3.8676975;42.5724411
-3.8662324;42.5725250
-3.8664322;42.5725899
-3.8663704;42.5726051
-3.8670378;42.5727158
-3.8670456;42.5728149
-3.8670137;42.5729408
-3.9200523;42.5748367
-3.8837342;42.5773849
-3.8926358;42.5774307
-3.8919704;42.5776443
-3.8923807;42.5777512
-3.8921590;42.5780182
-3.8921971;42.5785713
-3.8921263;42.5784950
-3.8923111;42.5787468
-3.8924217;42.5788994
-3.8925307;42.5790596
-3.8928869;42.5791206
-3.8928514;42.5789986
-3.8922834;42.5791206
-3.8938484;42.5788879
-3.8933330;42.5792007
-3.8925896;42.5792389
-3.8935273;42.5792923
-3.8924522;42.5793304
-3.8931735;42.5793343
-3.8926461;42.5793877
-3.8933325;42.5794334
-3.8930528;42.5794563
-3.8935342;42.5794830
-3.8927858;42.5795174
-3.8931627;42.5795403
-3.8928761;42.5795746
-3.8934000;42.5795937
-3.8929224;42.5796013
-3.8925531;42.5796432
-3.8930182;42.5796623
-3.8914890;42.5796547
-3.8912599;42.5796700
-3.8928361;42.5797119
-3.8935206;42.5797501
-3.8931580;42.5797539
-3.8933911;42.5798073
-3.8930409;42.5798759
-3.8932781;42.5798950
-3.8930848;42.5799789
-3.8919046;42.5799980
-3.8916671;42.5800247
-3.8924923;42.5800552
-3.8912325;42.5800972
-3.8911233;42.5801125
-3.8907747;42.5800896
-3.8940535;42.5801048
-3.8937955;42.5801392
-3.8936636;42.5801430
-3.8942726;42.5801544
-3.8931985;42.5801620
-3.8937581;42.5802116
-3.8925622;42.5802193
-3.8941612;42.5802345
-3.8907382;42.5803833
-3.8911417;42.5804710
-3.8910415;42.5805092
-3.8901882;42.5805321
-3.8900492;42.5806198
-3.8905485;42.5806351
-3.8900111;42.5806389
-3.8943884;42.5806389
-3.8906679;42.5807686
-3.8903491;42.5807991
-3.8907390;42.5809250
-3.9244239;42.5809784
-3.8901145;42.5809937
-3.8906822;42.5810242
-3.8912299;42.5813866
-3.8911994;42.5837288
-3.8909018;42.5856857
-3.9245501;42.5862732
-3.9245307;42.5863037
-3.8897154;42.5864487
-3.9243548;42.5865707
-3.9243009;42.5866966
-3.9230270;42.5863991
-3.9242764;42.5868454
-3.9246814;42.5868568
-3.9236002;42.5871162
-3.9232957;42.5870438
-3.9242368;42.5871277
-3.9245358;42.5871506
-3.9234688;42.5871811
-3.9249148;42.5872078
-3.9247291;42.5874443
-3.9251356;42.5875206
-3.9240861;42.5875244
-3.9242852;42.5875549
-3.9246607;42.5876884
-3.9239490;42.5878677
-3.9245260;42.5879364
-3.9250164;42.5880165
-3.9250913;42.5881271
-3.9261191;42.5882950
-3.9237423;42.5889816
-3.8846612;42.5882721
-3.8837302;42.5892563
-3.8832304;42.5896873
-3.8882363;42.5898781
-3.8806217;42.5900421
-3.9238393;42.5903282
-3.8727322;42.5907211
-3.8706346;42.5908966
-3.8663018;42.5912666
-3.8559408;42.5921555
-3.9266188;42.5953445
-3.9267883;42.5956535
-3.9280984;42.5976410
-3.9288435;42.5974388
-3.9287715;42.5976410
-3.9285407;42.5975685
-3.9287491;42.5976906
-3.9288890;42.5977135
-3.9291675;42.5976601
-3.9286964;42.5978165
-3.9288580;42.5978165
-3.9284365;42.5978584
-3.9286668;42.5978966
-3.9289491;42.5979347
-3.9285238;42.5979424
-3.9286454;42.5979538
-3.9280992;42.5978508
-3.9280443;42.5980453
-3.9281628;42.5980644
-3.9286275;42.5980797
-3.9285994;42.5982628
-3.9281347;42.5982780
-3.9285433;42.5986252
-3.9287438;42.5986404
-3.9288480;42.5986519
-3.9284711;42.5987091
-3.9279792;42.5986176
-3.9291615;42.5987091
-3.9292316;42.5987129
-3.9283867;42.5987778
-3.9291301;42.5988007
-3.9274375;42.5988197
-3.9278831;42.5988235
-3.9288187;42.5988464
-3.9287286;42.5988503
-3.9285135;42.5988617
-3.9294641;42.5988693
-3.9289575;42.5988770
-3.9280598;42.5988960
-3.9284935;42.5989227
-3.9273598;42.5990868
-3.9292746;42.5991402
-3.9283347;42.5991478
-3.9282670;42.5991516
-3.9280438;42.5995293
-3.9288585;42.6116257
-3.9288304;42.6118927
-3.9270148;42.6125946
-3.9272318;42.6118660
-3.9269087;42.6126213
-3.9269981;42.6120377
-3.9263885;42.6129112
-3.9262114;42.6128960
-3.9263186;42.6130028
-3.9266727;42.6130257
-3.9266710;42.6132545
-3.9260418;42.6132622
-3.9255543;42.6132813
-3.9261894;42.6133041
-3.9266644;42.6134605
-3.9261720;42.6135788
-3.9273899;42.6136436
-3.9265804;42.6137123
-3.9267492;42.6137543
-3.9261203;42.6137581
-3.9261267;42.6138802
-3.9264667;42.6139679
-3.9261289;42.6140518
-3.9268658;42.6142082
-3.9259202;42.6142273
-3.9270899;42.6142693
-3.9271462;42.6141891
-3.9263437;42.6142998
-3.9266474;42.6143799
-3.9269779;42.6144180
-3.9265878;42.6144295
-3.9266922;42.6144753
-3.9264116;42.6145821
-3.9274516;42.6146431
-3.9263513;42.6147614
-3.9268458;42.6148262
-3.9260004;42.6148262
-3.9272265;42.6149216
-3.9267898;42.6151199
-3.9210238;42.6161995
-3.9208784;42.6162148
-3.9340837;42.6164780
-3.9227488;42.6165161
-3.9227998;42.6165314
-3.9077699;42.6167755
-3.9076207;42.6167603
-3.9257202;42.6169739
-3.9113150;42.6170578
-3.9321210;42.6170769
-3.9117560;42.6170807
-3.9163077;42.6170921
-3.9320107;42.6171036
-3.9018173;42.6171722
-3.8954446;42.6176872
-3.1646833;42.6502724
-3.1640120;42.6230659
-3.1640854;42.6351509
-3.1658163;42.6353874
-3.1665850;42.6354752
-3.1621525;42.6465645
-3.1616702;42.6455841
-3.1624150;42.6472549
-3.1619639;42.6472588
-3.1620274;42.6476669
-3.1626654;42.6477623
-3.1621046;42.6480408
-3.1628566;42.6480942
-3.1624672;42.6480980
-3.1661441;42.6481705
-3.1634793;42.6483192
-3.1622207;42.6483383
-3.1635730;42.6483383
-3.1629250;42.6483536
-3.1639214;42.6484261
-3.1639552;42.6484375
-3.1631367;42.6485405
-3.1643457;42.6485405
-3.1638103;42.6485672
-3.1631846;42.6485786
-3.1645267;42.6485863
-3.1637788;42.6485977
-3.1629426;42.6486206
-3.1632349;42.6486244
-3.1622279;42.6487160
-3.1635439;42.6489067
-3.1626260;42.6489449
-3.1625798;42.6489906
-3.1635826;42.6490135
-3.1621499;42.6490860
-3.1646945;42.6490974
-3.1639168;42.6492729
-3.1626737;42.6493301
-3.1635597;42.6493530
-3.1616621;42.6494102
-3.1640527;42.6494141
-3.1644220;42.6495552
-3.1635401;42.6498413
-3.1636207;42.6498489
-3.1626201;42.6501884
-3.2252517;42.6022758
-3.2254035;42.6023331
-3.2283218;42.6048088
-3.2284865;42.6048965
-3.2297995;42.5930634
-3.2295475;42.5933075
-3.2297308;42.5933647
-3.2299390;42.5931740
-3.2234995;42.6001015
-3.2231953;42.6003609
-3.2232618;42.6005363
-3.2236371;42.6002159
-3.2122269;42.5983543
-3.2135422;42.5985184
-3.2221291;42.5992813
-3.2255173;42.6024132
-3.2252302;42.6024551
-3.2355483;42.6028900
-3.2255921;42.6031761
-3.2285542;42.6035652
-3.2279897;42.6040001
-3.2258887;42.6041946
-3.2270777;42.6041985
-3.2268908;42.6043167
-3.2303543;42.6043243
-3.2260675;42.6044083
-3.2273161;42.6044121
-3.2272131;42.6045036
-3.2260802;42.6047173
-3.2259591;42.6047516
-3.2257769;42.6047554
-3.2253468;42.6048965
-3.2250776;42.6048203
-3.2285643;42.6049461
-3.2256453;42.6049919
-3.2249987;42.6050644
-3.2263060;42.6051979
-3.2254171;42.6053276
-3.2260859;42.6053276
-3.2290540;42.6053886
-3.2264798;42.6054382
-3.2259002;42.6054420
-3.2265694;42.6055527
-3.2255664;42.6055908
-3.2261419;42.6056633
-3.2262452;42.6057701
-3.2250981;42.6057892
-3.2257988;42.6058464
-3.2258911;42.6060028
-3.2265399;42.6063423
-3.2268846;42.6065445
-3.2268138;42.6066399
-3.2325158;42.6076431
-3.2258008;42.6076775
-3.2255676;42.6078949
-3.2238801;42.6089058
-3.2380338;42.6126099
-3.2381489;42.6127319
-3.2175694;42.6143799
-3.7779739;42.4933891
-3.8208544;42.4947166
-3.8377237;42.4991684
-3.7764435;42.5001259
-3.8359406;42.5085030
-3.8335001;42.5142288
-3.8335981;42.5147820
-3.8336949;42.5152397
-3.8325548;42.5156784
-3.8319736;42.5156593
-3.8337462;42.5157089
-3.8339291;42.5157471
-3.8339214;42.5154724
-3.8338926;42.5159302
-3.8341966;42.5159569
-3.8338864;42.5159607
-3.8331306;42.5165634
-3.8328142;42.5165710
-3.8344679;42.5164375
-3.8343966;42.5166016
-3.8339610;42.5167122
-3.8331196;42.5167198
-3.8339829;42.5167465
-3.8328717;42.5167465
-3.8332307;42.5167542
-3.8326416;42.5167923
-3.8325217;42.5167961
-3.8325098;42.5165482
-3.8323631;42.5167618
-3.8326089;42.5169334
-3.8324955;42.5169296
-3.8330107;42.5169983
-3.8327432;42.5169449
-3.8325984;42.5169983
-3.8323560;42.5169907
-3.8326004;42.5171928
-3.8338807;42.5172272
-3.8326209;42.5173302
-3.8325047;42.5173874
-3.8326833;42.5175476
-3.8339291;42.5175629
-3.8327601;42.5175781
-3.8324788;42.5178566
-3.8326743;42.5179863
-3.8340383;42.5180206
-3.8322344;42.5182571
-3.8608546;42.5188446
-3.8509614;42.5192947
-3.8463333;42.5199776
-3.8334537;42.5207253
-3.8418717;42.5210381
-3.8399611;42.5217743
-3.8336873;42.5223045
-3.8373685;42.5234108
-3.5623596;42.9694138
-3.5627606;42.9697495
-3.5647962;42.9802704
-3.5648136;42.9790764
-3.5663247;42.9751320
-3.5662940;42.9752197
-3.5151386;42.9744339
-3.5151126;42.9744644
-3.5150783;42.9744987
-3.5150259;42.9745369
-3.5148785;42.9742546
-3.5148475;42.9743118
-3.5638645;42.9413567
-3.5637295;42.9413605
-3.5679896;42.8935280
-3.5678639;42.8934937
-3.5672274;42.8967934
-3.5671387;42.8967171
-3.6174059;42.9718781
-3.6174190;42.9717827
-3.6005049;42.9425545
-3.6003792;42.9420738
-3.5763023;42.9428558
-3.5761874;42.9431458
-3.5847914;42.9114494
-3.5846934;42.9113960
-3.6176364;42.9792213
-3.6176438;42.9791489
-3.5858991;42.9363632
-3.5858009;42.9363022
-3.5143514;42.9796906
-3.5143180;42.9797554
-3.5135701;42.9825096
-3.5135794;42.9826050
-3.5136230;42.9833488
-3.5135925;42.9834595
-3.6054370;42.9713326
-3.6053078;42.9713478
-3.5901997;42.9800224
-3.5901642;42.9801140
-3.5758073;42.9821892
-3.5757351;42.9821510
-3.5814376;42.9865417
-3.5813110;42.9865456
-3.5959680;42.8751945
-3.5959606;42.8752861
-3.5965931;42.8779716
-3.5966475;42.8780518
-3.5977175;42.8840561
-3.5976353;42.8842163
-3.5966055;42.8863029
-3.5965586;42.8863945
-3.5949225;42.8897743
-3.5948763;42.8898621
-3.5934923;42.9031181
-3.5935903;42.9031868
-3.5977800;42.9060822
-3.5978725;42.9061432
-3.6034701;42.9106865
-3.6037350;42.9107857
-3.6311803;42.9530754
-3.6310391;42.9530830
-3.5606818;42.9567642
-3.5602882;42.9566765
-3.5619779;42.9615860
-3.5619614;42.9614944
-3.5624282;42.9641380
-3.5624118;42.9640427
-3.5648932;42.9749031
-3.5648985;42.9748077
-3.5646527;42.9843979
-3.5646477;42.9843063
-3.5640612;42.9970245
-3.5640223;42.9969330
-3.5648229;42.9997330
-3.5647297;42.9996681
-3.5616431;42.9925499
-3.5618937;42.9924774
-3.5895197;42.9032555
-3.5895362;42.9033470
-3.5903471;42.9083900
-3.5903533;42.9084816
-3.5627127;42.9478302
-3.5628560;42.9476166
-3.5477624;42.9639740
-3.5479479;42.9644012
-3.5875151;42.8903389
-3.5874665;42.8902893
-3.5909178;42.8913994
-3.5908039;42.8913460
-3.5674207;42.8926773
-3.5673106;42.8927307
-3.5622439;42.8961105
-3.5621097;42.8961067
-3.5544295;42.8968239
-3.5543070;42.8968468
-3.5523777;42.8968430
-3.5522449;42.8968315
-3.5478642;42.8973045
-3.5477338;42.8973198
-3.5401731;42.8976021
-3.5400257;42.8976135
-3.5278864;42.9018860
-3.5277653;42.9019165
-3.5150127;42.9068756
-3.5367751;42.9295235
-3.5367522;42.9294319
-3.5342364;42.8865471
-3.5342588;42.8864517
-3.5734892;42.9596863
-3.5734792;42.9597778
-3.5345349;42.9310684
-3.5344148;42.9310989
-3.5312605;42.9318924
-3.5311382;42.9319229
-3.5265582;42.9340324
-3.5264604;42.9340897
-3.5664873;42.9361610
-3.5663815;42.9361000
-3.5129323;42.9359856
-3.5087998;42.9614944
-3.5087316;42.9614296
-3.5109446;42.9659424
-3.5108929;42.9659081
-3.5110729;42.9660721
-3.5110130;42.9659920
-3.6112471;42.9710732
-3.6111116;42.9710808
-3.6169558;42.9835243
-3.6169803;42.9833984
-3.5579236;42.9314651
-3.5537617;42.9304504
-3.5673087;42.9437141
-3.5671906;42.9436913
-3.5670328;42.9437485
-3.5670671;42.9439316
-3.5688868;42.9447861
-3.5675058;42.9445839
-3.5977690;42.8787727
-3.5381124;42.8800774
-3.5372238;42.8803902
-3.5368693;42.8800659
-3.5367622;42.8804512
-3.5364671;42.8804703
-3.5360932;42.8805885
-3.5357912;42.8804207
-3.5367541;42.8806534
-3.5365672;42.8807869
-3.5374467;42.8809357
-3.5346160;42.8811874
-3.5341756;42.8808823
-3.5356438;42.8811226
-3.5352731;42.8812599
-3.5360575;42.8812675
-3.5363150;42.8813362
-3.5338378;42.8810463
-3.5356083;42.8814850
-3.5357690;42.8818665
-3.5349061;42.8819237
-3.5979879;42.8835945
-3.5348716;42.8839455
-3.5846221;42.8882027
-3.5829499;42.8885803
-3.5823579;42.8886528
-3.5806744;42.8888741
-3.5800316;42.8890152
-3.5794029;42.8892822
-3.5779705;42.8898048
-3.5767903;42.8902283
-3.5902684;42.8910522
-3.5690753;42.8919296
-3.5693648;42.8918762
-3.6112764;42.8919411
-3.5705814;42.8921967
-3.5703051;42.8923950
-3.6047177;42.8922691
-3.5683482;42.8926201
-3.5369983;42.8927231
-3.5953176;42.8927193
-3.5946774;42.8927307
-3.5989804;42.8927994
-3.5695877;42.8928719
-3.5941133;42.8929482
-3.5668809;42.8929520
-3.5933867;42.8929596
-3.5938249;42.8929634
-3.5719314;42.8930168
-3.5667443;42.8930244
-3.5697985;42.8930473
-3.5718470;42.8930779
-3.5934062;42.8930931
-3.5931182;42.8931007
-3.5717766;42.8931313
-3.5944629;42.8931541
-3.5928528;42.8931961
-3.5699716;42.8931999
-3.5927408;42.8932343
-3.5934904;42.8932686
-3.5695717;42.8933640
-3.5706623;42.8933830
-3.5929508;42.8934212
-3.5921776;42.8935509
-3.5693531;42.8936005
-3.5695748;42.8936157
-3.5688741;42.8936234
-3.5691721;42.8932762
-3.5922482;42.8936501
-3.5708501;42.8935509
-3.5705042;42.8937950
-3.5692811;42.8938103
-3.5714316;42.8938255
-3.5711329;42.8935890
-3.5692458;42.8939285
-3.5695844;42.8939476
-3.5707178;42.8939667
-3.5711558;42.8940506
-3.5704761;42.8940697
-3.5695717;42.8940773
-3.5692492;42.8941994
-3.5698979;42.8942413
-3.5689375;42.8942833
-3.5695171;42.8943405
-3.5706599;42.8944321
-3.5692148;42.8944740
-3.5695219;42.8944893
-3.5713379;42.8944588
-3.5704570;42.8945541
-3.5917115;42.8946304
-3.5918915;42.8944321
-3.5695574;42.8946533
-3.5912254;42.8946686
-3.5696998;42.8949928
-3.5687633;42.8950882
-3.5313463;42.8948517
-3.5316036;42.8951149
-3.5703642;42.8952332
-3.5314527;42.8952446
-3.5322030;42.8953781
-3.5324695;42.8945427
-3.5318241;42.8954048
-3.5318503;42.8954468
-3.5309489;42.8954697
-3.5316162;42.8954735
-3.5679865;42.8954773
-3.5682962;42.8951302
-3.5702167;42.8955803
-3.5684454;42.8956451
-3.5701911;42.8956528
-3.5312908;42.8957443
-3.5677099;42.8957520
-3.5316701;42.8957634
-3.5609846;42.8956528
-3.5594499;42.8957901
-3.5679536;42.8958206
-3.5323777;42.8958244
-3.5319893;42.8958282
-3.5314627;42.8958778
-3.5310528;42.8959236
-3.5321853;42.8959579
-3.5341547;42.8956871
-3.5335519;42.8959618
-3.5705814;42.8959694
-3.5682447;42.8959770
-3.5326960;42.8960075
-3.5704982;42.8960266
-3.5624380;42.8960304
-3.5331194;42.8960648
-3.5681608;42.8961258
-3.5328166;42.8961296
-3.5339606;42.8961868
-3.5329330;42.8962212
-3.5689039;42.8961639
-3.5684803;42.8962975
-3.5662739;42.8963509
-3.5670273;42.8952446
-3.5566049;42.8964005
-3.5332100;42.8964653
-3.5317342;42.8965111
-3.5320215;42.8965797
-3.5319080;42.8966370
-3.5333829;42.8966484
-3.5310798;42.8966141
-3.5711195;42.8968277
-3.5676308;42.8969345
-3.5325434;42.8969612
-3.5892756;42.8970222
-3.5460961;42.8972015
-3.5434895;42.8973656
-3.5889528;42.8974075
-3.5715070;42.8976059
-3.5378473;42.8977814
-3.5353727;42.8982620
-3.5348589;42.8983879
-3.5888801;42.8996544
-3.5313261;42.8997307
-3.5891461;42.8999405
-3.5889409;42.8999748
-3.5892992;42.9001541
-3.5894439;42.9002457
-3.5890064;42.9003563
-3.5302484;42.9007683
-3.5267038;42.9020958
-3.5257490;42.9021950
-3.5757048;42.9023476
-3.5925720;42.9024811
-3.5761065;42.9027061
-3.5238507;42.9031334
-3.5237610;42.9031830
-3.5204067;42.9049377
-3.5200155;42.9051437
-3.5969994;42.9055481
-3.5185637;42.9057846
-3.5792115;42.9058685
-3.5795710;42.9063759
-3.5789695;42.9061050
-3.5159626;42.9065475
-3.5811405;42.9066124
-3.5153477;42.9066162
-3.5901475;42.9067535
-3.5809689;42.9073372
-3.5814078;42.9074860
-3.5812604;42.9072456
-3.5803967;42.9075508
-3.5817964;42.9076157
-3.5812531;42.9076385
-3.5814018;42.9076843
-3.5810759;42.9077110
-3.5820374;42.9077644
-3.6001813;42.9077721
-3.5815635;42.9077988
-3.6002710;42.9078331
-3.5822873;42.9079475
-3.5903201;42.9079819
-3.5818141;42.9080734
-3.5810947;42.9080925
-3.5817556;42.9082794
-3.5815260;42.9080200
-3.5819557;42.9083138
-3.5799263;42.9084396
-3.5795610;42.9084244
-3.5805893;42.9083824
-3.5802331;42.9084511
-3.5820260;42.9085770
-3.5816271;42.9085960
-3.5817287;42.9087105
-3.5799685;42.9087181
-3.5821900;42.9088020
-3.5829997;42.9088478
-3.5827000;42.9088783
-3.5831115;42.9089088
-3.5831785;42.9087029
-3.5820658;42.9090347
-3.5831115;42.9090614
-3.5821495;42.9091034
-3.5823300;42.9092445
-3.5838459;42.9092979
-3.5833232;42.9094086
-3.5826404;42.9095039
-3.5841124;42.9095497
-3.5834932;42.9096451
-3.5828319;42.9096870
-3.5835071;42.9097061
-3.5829093;42.9097710
-3.5829599;42.9098244
-3.5837128;42.9098320
-3.5843647;42.9098358
-3.5833328;42.9098854
-3.5843930;42.9099579
-3.5845191;42.9099960
-3.5836844;42.9101105
-3.5902319;42.9101334
-3.5829010;42.9101791
-3.6016347;42.9079132
-3.6027207;42.9102707
-3.5835960;42.9103508
-3.5840106;42.9103775
-3.5899489;42.9104080
-3.6032617;42.9106102
-3.6039698;42.9106064
-3.5851872;42.9106522
-3.5893312;42.9107018
-3.5809484;42.9107208
-3.5837457;42.9107285
-3.5838580;42.9107285
-3.5851815;42.9108162
-3.5851693;42.9108696
-3.5848038;42.9108925
-3.5844097;42.9109497
-3.5840740;42.9109650
-3.5848200;42.9112930
-3.5845757;42.9113426
-3.5840373;42.9114304
-3.5849707;42.9115677
-3.5850904;42.9116440
-3.5850546;42.9117393
-3.5851991;42.9118614
-3.5854828;42.9119987
-3.5852370;42.9121475
-3.5826831;42.9121666
-3.5855632;42.9130287
-3.5852628;42.9133301
-3.6086366;42.9139977
-3.5831420;42.9153481
-3.5327637;42.9156036
-3.5329890;42.9152412
-3.5330591;42.9162788
-3.5351202;42.9163246
-3.5317700;42.9160919
-3.5321834;42.9165421
-3.5316215;42.9164696
-3.5323756;42.9165878
-3.5324655;42.9167061
-3.5310390;42.9167442
-3.5307312;42.9168129
-3.5312738;42.9169388
-3.5335333;42.9186058
-3.5332527;42.9188004
-3.5813913;42.9189949
-3.5337961;42.9192543
-3.6186864;42.9194412
-3.5811782;42.9194412
-3.6207378;42.9190598
-3.6228511;42.9207458
-3.5799568;42.9219666
-3.5795069;42.9222374
-3.5528052;42.9218559
-3.5529220;42.9222794
-3.5793188;42.9223289
-3.5798097;42.9223595
-3.5529568;42.9223900
-3.6263707;42.9224854
-3.5809166;42.9203644
-3.5798974;42.9224930
-3.5793548;42.9225388
-3.5797207;42.9225731
-3.5537798;42.9220085
-3.5532825;42.9226913
-3.5531197;42.9227943
-3.5528586;42.9228783
-3.5794232;42.9231033
-3.5523517;42.9229927
-3.5517917;42.9225578
-3.5523849;42.9231300
-3.5532706;42.9231339
-3.5527248;42.9232178
-3.5520995;42.9232407
-3.5791674;42.9232788
-3.5788555;42.9231682
-3.5828958;42.9233055
-3.5836985;42.9228363
-3.5525877;42.9233475
-3.5792994;42.9233551
-3.5795619;42.9234886
-3.5525277;42.9234924
-3.5527697;42.9235191
-3.5796893;42.9235229
-3.5534885;42.9235306
-3.5792058;42.9235497
-3.5527844;42.9236259
-3.5529068;42.9237022
-3.5531616;42.9237099
-3.5791235;42.9237213
-3.5532565;42.9238815
-3.5530186;42.9239845
-3.5741847;42.9240532
-3.5741572;42.9240341
-3.5821567;42.9241753
-3.5840800;42.9242134
-3.6279027;42.9245529
-3.5846016;42.9246178
-3.5788527;42.9246674
-3.5850964;42.9247665
-3.6312854;42.9248810
-3.5529394;42.9249077
-3.5785320;42.9249535
-3.5783205;42.9248848
-3.5757797;42.9251595
-3.5783439;42.9253426
-3.5770295;42.9252281
-3.5813775;42.9253464
-3.5759459;42.9253807
-3.5782979;42.9254341
-3.5784640;42.9254913
-3.5782273;42.9255791
-3.5784013;42.9256248
-3.5532498;42.9257469
-3.5781264;42.9257851
-3.5780580;42.9259262
-3.5807962;42.9262199
-3.5534883;42.9263687
-3.5809617;42.9266205
-3.5733917;42.9266624
-3.5809813;42.9266663
-3.5776737;42.9267197
-3.5776238;42.9268150
-3.5794678;42.9268188
-3.5816712;42.9266396
-3.5725403;42.9271202
-3.5794227;42.9273376
-3.5796678;42.9274330
-3.5796916;42.9275513
-3.5736282;42.9275551
-3.5741465;42.9275627
-3.5739198;42.9275742
-3.5799487;42.9276810
-3.5732055;42.9277039
-3.5733166;42.9278984
-3.5739579;42.9278984
-3.5736077;42.9279175
-3.5755990;42.9280243
-3.5750494;42.9276199
-3.5741446;42.9280624
-3.5735717;42.9280739
-3.5746357;42.9281006
-3.5746148;42.9272995
-3.5802150;42.9281425
-3.5764251;42.9281807
-3.5766916;42.9282837
-3.5535746;42.9282951
-3.5763526;42.9283638
-3.5769000;42.9283791
-3.5740740;42.9283867
-3.5741286;42.9284019
-3.5438712;42.9285507
-3.5438566;42.9284821
-3.5483348;42.9286575
-3.5440068;42.9286804
-3.5438368;42.9286919
-3.5447609;42.9286766
-3.5535645;42.9287109
-3.5799129;42.9287109
-3.5438139;42.9287109
-3.5442612;42.9287415
-3.5440803;42.9287682
-3.5437877;42.9288101
-3.5486133;42.9288254
-3.5436616;42.9288292
-3.5440595;42.9288673
-3.5438540;42.9288902
-3.5438941;42.9289055
-3.5782378;42.9286423
-3.5776496;42.9289398
-3.5431190;42.9289474
-3.5440025;42.9290810
-3.5418317;42.9292717
-3.5413725;42.9293785
-3.5782311;42.9293976
-3.5777731;42.9294662
-3.5796361;42.9296913
-3.5762086;42.9298096
-3.5764763;42.9298859
-3.5799515;42.9299126
-3.5767915;42.9299126
-3.5692043;42.9299316
-3.5385499;42.9300728
-3.5792131;42.9302406
-3.5759737;42.9302940
-3.5373950;42.9303589
-3.5535238;42.9303665
-3.5369911;42.9304619
-3.5757473;42.9307632
-3.5833125;42.9305038
-3.5756233;42.9310188
-3.5751476;42.9310989
-3.5755756;42.9311180
-3.5754862;42.9313011
-3.5752316;42.9318275
-3.5782120;42.9319115
-3.5756543;42.9319344
-3.5309100;42.9319801
-3.5796323;42.9319801
-3.5786364;42.9319916
-3.6579642;42.9320335
-3.5811560;42.9320946
-3.5794952;42.9320984
-3.5806277;42.9321175
-3.5798395;42.9321289
-3.5755639;42.9321289
-3.5795209;42.9322014
-3.5797980;42.9322166
-3.5813377;42.9322701
-3.5766082;42.9324265
-3.5723319;42.9326744
-3.5722597;42.9327126
-3.5727673;42.9329300
-3.5820994;42.9331360
-3.5746050;42.9331360
-3.5771294;42.9331970
-3.5752726;42.9333076
-3.5753210;42.9333191
-3.5770552;42.9333534
-3.5275977;42.9334221
-3.5761070;42.9335251
-3.5779114;42.9335709
-3.5768843;42.9337311
-3.5787399;42.9337769
-3.5734372;42.9339981
-3.5795653;42.9339981
-3.5758741;42.9340515
-3.5741525;42.9340744
-3.5803633;42.9342079
-3.5748038;42.9342995
-3.5734968;42.9344482
-3.5727699;42.9344940
-3.5816307;42.9345169
-3.5636492;42.9345284
-3.5735252;42.9346199
-3.5686507;42.9347115
-3.5764389;42.9347610
-3.5192542;42.9344406
-3.5190971;42.9348755
-3.5735652;42.9348488
-3.5681531;42.9349937
-3.5248013;42.9350395
-3.5787258;42.9350891
-3.5246880;42.9350929
-3.5736599;42.9350967
-3.5841930;42.9351006
-3.5246387;42.9351158
-3.5842528;42.9351311
-3.5646980;42.9351387
-3.5771897;42.9351463
-3.5772405;42.9351730
-3.5779979;42.9353294
-3.5735126;42.9354210
-3.5782433;42.9354591
-3.5793848;42.9354858
-3.5779066;42.9355202
-3.5726223;42.9355774
-3.5726957;42.9354019
-3.5780594;42.9356003
-3.5722227;42.9356003
-3.5718436;42.9354019
-3.5656111;42.9356613
-3.5725780;42.9356842
-3.5669186;42.9356880
-3.5733449;42.9357376
-3.5666661;42.9358253
-3.5760093;42.9358368
-3.5799325;42.9358444
-3.5659635;42.9358635
-3.5224218;42.9359970
-3.5742130;42.9360046
-3.5745161;42.9357491
-3.5662527;42.9360275
-3.5662739;42.9360390
-3.5663033;42.9360580
-3.5757298;42.9361076
-3.5737846;42.9361191
-3.5723698;42.9361458
-3.5716133;42.9361153
-3.5665419;42.9361916
-3.5457492;42.9362335
-3.5793247;42.9362640
-3.5730588;42.9363213
-3.5210366;42.9363441
-3.5462749;42.9695435
-3.5459411;42.9697838
-3.5213518;42.9334145
-3.5739598;42.9364395
-3.5794795;42.9365005
-3.5855854;42.9330711
-3.5721650;42.9365921
-3.5717659;42.9364929
-3.5458274;42.9366035
-3.5190663;42.9366570
-3.5729072;42.9366646
-3.5838873;42.9365883
-3.5844984;42.9366951
-3.5249443;42.9367027
-3.5801129;42.9367104
-3.5785947;42.9367294
-3.5245473;42.9367332
-3.5749147;42.9367447
-3.5184662;42.9367447
-3.5741785;42.9367447
-3.5769267;42.9367676
-3.5182736;42.9367676
-3.5249519;42.9367714
-3.5728388;42.9367790
-3.5676911;42.9368515
-3.5677948;42.9369164
-3.5837488;42.9369240
-3.5727360;42.9369812
-3.5780919;42.9370575
-3.5775518;42.9367294
-3.5719085;42.9370766
-3.5716164;42.9370041
-3.5744696;42.9370918
-3.5790153;42.9370918
-3.5796521;42.9371414
-3.5726383;42.9372177
-3.5683212;42.9372215
-3.5778329;42.9372292
-3.5726237;42.9372444
-3.5783525;42.9371643
-3.5781958;42.9372864
-3.5777402;42.9373055
-3.5741577;42.9373207
-3.5672975;42.9373703
-3.5687001;42.9374390
-3.5735598;42.9374504
-3.5779791;42.9374542
-3.5778370;42.9374619
-3.5725148;42.9374657
-3.5781772;42.9375038
-3.5259335;42.9373741
-3.5253439;42.9375420
-3.5739391;42.9375534
-3.5779035;42.9375725
-3.6688740;42.9373894
-3.5779152;42.9375992
-3.5828471;42.9376183
-3.5819943;42.9374886
-3.5670321;42.9376259
-3.5662739;42.9371834
-3.5716243;42.9376373
-3.5707664;42.9374123
-3.5830803;42.9376526
-3.5734591;42.9376755
-3.5678647;42.9376831
-3.5719914;42.9377174
-3.5721104;42.9374237
-3.5835061;42.9377289
-3.5737703;42.9377518
-3.5771627;42.9377937
-3.5839202;42.9378052
-3.5723426;42.9378090
-3.5841725;42.9378395
-3.5780318;42.9378929
-3.5744529;42.9378586
-3.5667343;42.9379158
-3.5660591;42.9373932
-3.5781696;42.9379196
-3.5766175;42.9379234
-3.5848505;42.9379387
-3.5676274;42.9379501
-3.5731239;42.9379807
-3.5728123;42.9377098
-3.5850933;42.9380035
-3.5787423;42.9380150
-3.5665469;42.9380951
-3.5661781;42.9378662
-3.5718033;42.9381104
-3.5759871;42.9381104
-3.5698845;42.9381294
-3.5787492;42.9381447
-3.5679944;42.9381485
-3.5680611;42.9381790
-3.5755780;42.9382439
-3.5856419;42.9382477
-3.5853491;42.9382019
-3.5706916;42.9382515
-3.5708635;42.9378204
-3.5714028;42.9382706
-3.5787325;42.9383087
-3.5752063;42.9383354
-3.5731220;42.9383583
-3.5735857;42.9383888
-3.5810478;42.9383926
-3.5720894;42.9384041
-3.5685637;42.9384117
-3.5756559;42.9384308
-3.5246060;42.9384422
-3.5245764;42.9382362
-3.5243590;42.9384384
-3.5729220;42.9384766
-3.5720723;42.9384842
-3.5248966;42.9384842
-3.5905168;42.9365387
-3.5887370;42.9384880
-3.5742924;42.9384956
-3.5800686;42.9384995
-3.5661447;42.9385071
-3.5653930;42.9380913
-3.5827935;42.9385834
-3.5819728;42.9384422
-3.5810227;42.9386139
-3.5251391;42.9386177
-3.5650251;42.9386215
-3.5827706;42.9386597
-3.5830312;42.9387016
-3.5712676;42.9387093
-3.5708301;42.9387054
-3.5665152;42.9387093
-3.5836747;42.9387169
-3.5666144;42.9387589
-3.5883911;42.9385414
-3.5883121;42.9387779
-3.5879230;42.9387207
-3.5695810;42.9387856
-3.5830097;42.9388046
-3.5667760;42.9388351
-3.5886996;42.9388390
-3.5712507;42.9388428
-3.5715218;42.9388733
-3.5248318;42.9388885
-3.5848355;42.9389038
-3.5250914;42.9389076
-3.5892842;42.9389229
-3.5829711;42.9389572
-3.5694761;42.9389801
-3.5719049;42.9389839
-3.5848107;42.9389915
-3.5458014;42.9390221
-3.5940740;42.9390488
-3.5949991;42.9387550
-3.5854259;42.9390793
-3.5730588;42.9390793
-3.5247993;42.9391060
-3.5647216;42.9391212
-3.5796900;42.9391327
-3.5673466;42.9391518
-3.5859945;42.9391708
-3.5743151;42.9392166
-3.5457950;42.9392242
-3.5767868;42.9392281
-3.5718150;42.9392281
-3.5252879;42.9392319
-3.5247538;42.9392815
-3.5885813;42.9392891
-3.5882399;42.9392357
-3.5250766;42.9393044
-3.5869699;42.9393196
-3.5745912;42.9393272
-3.5252581;42.9393425
-3.5713646;42.9393539
-3.5710146;42.9393272
-3.5245295;42.9393578
-3.5872743;42.9393654
-3.5874929;42.9385223
-3.5891445;42.9393806
-3.5747025;42.9393921
-3.5457892;42.9393959
-3.5869477;42.9394150
-3.5877426;42.9394455
-3.5878093;42.9391556
-3.5654171;42.9394836
-3.5741096;42.9394836
-3.5712793;42.9395027
-3.5702701;42.9395332
-3.5716090;42.9395370
-3.5256197;42.9395485
-3.5885098;42.9395714
-3.5715044;42.9396133
-3.5250945;42.9396248
-3.5679786;42.9396362
-3.5974958;42.9396477
-3.5258048;42.9395409
-3.5260575;42.9397125
-3.5939751;42.9397469
-3.5896347;42.9397469
-3.5897450;42.9391632
-3.5919850;42.9397659
-3.5717347;42.9397659
-3.5950811;42.9397812
-3.5945280;42.9397850
-3.5252819;42.9397926
-3.5245779;42.9398155
-3.5243776;42.9395065
-3.5710831;42.9398689
-3.5905273;42.9398804
-3.5255768;42.9398880
-3.5654154;42.9399948
-3.5907950;42.9399185
-3.5909021;42.9395142
-3.5868082;42.9399490
-3.5247073;42.9399796
-3.5905182;42.9399948
-3.5249696;42.9400330
-3.5685561;42.9400711
-3.5919049;42.9400978
-3.5247736;42.9401169
-3.5867357;42.9401855
-3.5723488;42.9401894
-3.5938909;42.9403381
-3.5944674;42.9404488
-3.5246425;42.9404602
-3.5728061;42.9405174
-3.5904775;42.9405212
-3.5944493;42.9405479
-3.6155109;42.9405594
-3.6152239;42.9405518
-3.5667543;42.9405670
-3.5961177;42.9405746
-3.6000535;42.9407539
-3.5704441;42.9403381
-3.5696526;42.9408646
-3.5691957;42.9404030
-3.5245035;42.9408836
-3.6180496;42.9405594
-3.6178429;42.9409180
-3.5904443;42.9409180
-3.5908046;42.9409332
-3.5965071;42.9409561
-3.5973921;42.9409561
-3.5975032;42.9401054
-3.5926428;42.9409752
-3.5455580;42.9410248
-3.5972087;42.9410934
-3.5674193;42.9411011
-3.6149945;42.9411049
-3.6146567;42.9410324
-3.5988944;42.9411201
-3.5975454;42.9411545
-3.5239625;42.9411583
-3.6152349;42.9411583
-3.5699790;42.9411736
-3.5664160;42.9411926
-3.5233698;42.9412079
-3.5993485;42.9412346
-3.5996130;42.9412918
-3.5997913;42.9413071
-3.5651264;42.9412994
-3.5644212;42.9413071
-3.5656643;42.9413071
-3.5970898;42.9413147
-3.6155252;42.9413300
-3.5663347;42.9413376
-3.5636890;42.9413643
-3.5926280;42.9413719
-3.5649171;42.9414177
-3.5643437;42.9414177
-3.5672367;42.9414330
-3.5973670;42.9414482
-3.5988641;42.9415169
-3.5245526;42.9415207
-3.6011643;42.9415245
-3.6011589;42.9409866
-3.5655556;42.9415436
-3.5653014;42.9414635
-3.6016490;42.9415512
-3.5993712;42.9415512
-3.5695076;42.9415512
-3.6004972;42.9415779
-3.5649979;42.9415779
-3.5995708;42.9415855
-3.5251379;42.9411125
-3.6173923;42.9415970
-3.6002653;42.9416008
-3.5652082;42.9416389
-3.5661695;42.9416428
-3.5658796;42.9416466
-3.5697019;42.9417114
-3.5699456;42.9417076
-3.5661256;42.9417267
-3.5645268;42.9417305
-3.5647528;42.9417114
-3.5702283;42.9417534
-3.5990365;42.9417610
-3.5683131;42.9417610
-3.6175985;42.9417686
-3.5655096;42.9418182
-3.5653787;42.9418373
-3.5641603;42.9418526
-3.5695395;42.9418564
-3.6188827;42.9418793
-3.5669844;42.9418793
-3.5646720;42.9418907
-3.5699677;42.9418983
-3.5645673;42.9419746
-3.5991538;42.9419785
-3.5693138;42.9420280
-3.5652816;42.9420662
-3.5617852;42.9420776
-3.5616090;42.9417953
-3.5696769;42.9420815
-3.5688531;42.9420967
-3.5654049;42.9421043
-3.5690694;42.9421883
-3.5658607;42.9422455
-3.5758388;42.9422646
-3.5452156;42.9422798
-3.5694206;42.9422836
-3.5674927;42.9423141
-3.5639012;42.9423370
-3.5635684;42.9422379
-3.6183643;42.9424400
-3.6010218;42.9424744
-3.6017296;42.9422684
-3.5691521;42.9425392
-3.5645702;42.9425392
-3.5646791;42.9422913
-3.5656943;42.9425583
-3.5649529;42.9423714
-3.5648353;42.9426193
-3.6017208;42.9426537
-3.5447962;42.9426651
-3.5452487;42.9426727
-3.5689158;42.9427452
-3.5453806;42.9428139
-3.5655549;42.9428177
-3.5666292;42.9429131
-3.5451441;42.9429665
-3.5664046;42.9430656
-3.5639987;42.9431496
-3.5637417;42.9430885
-3.6003666;42.9432068
-3.5661914;42.9432144
-3.5761323;42.9432831
-3.6004045;42.9433022
-3.5664768;42.9433060
-3.5634959;42.9430923
-3.5633721;42.9434204
-3.5630765;42.9433479
-3.5653839;42.9434280
-3.5997453;42.9435120
-3.5638564;42.9435387
-3.5447767;42.9435959
-3.5656242;42.9436111
-3.5655353;42.9436111
-3.5653069;42.9436874
-3.5652912;42.9437141
-3.5769908;42.9437256
-3.5835891;42.9435692
-3.5838857;42.9437408
-3.5671489;42.9436951
-3.5451164;42.9437714
-3.5976882;42.9438057
-3.5974140;42.9432144
-3.5653524;42.9438744
-3.5988779;42.9438782
-3.5451155;42.9438896
-3.5651782;42.9438896
-3.5447648;42.9439392
-3.5445418;42.9439507
-3.5974519;42.9439621
-3.5451338;42.9440155
-3.5651579;42.9441299
-3.5455143;42.9440155
-3.5453269;42.9441490
-3.5835435;42.9441757
-3.5647836;42.9441910
-3.5636637;42.9438896
-3.5451362;42.9441986
-3.5650818;42.9442329
-3.5841475;42.9443932
-3.5645692;42.9444275
-3.5451078;42.9445343
-3.5648892;42.9445381
-3.5831287;42.9445572
-3.5822585;42.9445953
-3.5836320;42.9446335
-3.5647731;42.9447060
-3.5447857;42.9447784
-3.5662045;42.9450111
-3.5447559;42.9452095
-3.5644047;42.9452477
-3.5648959;42.9454193
-3.5650339;42.9451447
-3.5655336;42.9456024
-3.5656645;42.9453392
-3.5647531;42.9456902
-3.5645270;42.9456139
-3.5653028;42.9458466
-3.5665247;42.9458771
-3.5673623;42.9460678
-3.5679109;42.9462090
-3.5452459;42.9694672
-3.5451825;42.9692497
-3.5448332;42.9698029
-3.6247652;42.9463730
-3.5635648;42.9465523
-3.5797930;42.9465752
-3.5896788;42.9462433
-3.5789359;42.9466171
-3.5639515;42.9466629
-3.5780811;42.9466820
-3.5759842;42.9466934
-3.5734890;42.9467010
-3.5760448;42.9467735
-3.5751903;42.9467773
-3.5771875;42.9467888
-3.5744038;42.9468346
-3.5747430;42.9468346
-3.5747857;42.9468613
-3.5736644;42.9470253
-3.5747867;42.9470558
-3.5634053;42.9477501
-3.5546541;42.9475403
-3.5546341;42.9478340
-3.5735662;42.9478607
-3.5769432;42.9486580
-3.5777953;42.9487267
-3.5786359;42.9487915
-3.5794723;42.9488525
-3.5854008;42.9488945
-3.5803213;42.9489174
-3.5822403;42.9489479
-3.5813546;42.9489822
-3.5619450;42.9489822
-3.5618937;42.9490585
-3.5575531;42.9493523
-3.5761733;42.9496155
-3.5767274;42.9497185
-3.5721834;42.9498596
-3.5775704;42.9498749
-3.5727282;42.9499931
-3.5783980;42.9500313
-3.5835700;42.9500885
-3.5792160;42.9501877
-3.5800369;42.9503403
-3.5759196;42.9503479
-3.5564303;42.9504166
-3.5764875;42.9504509
-3.5808523;42.9504929
-3.5773215;42.9506073
-3.5830688;42.9506111
-3.5816786;42.9506531
-3.5559862;42.9506683
-3.5835073;42.9506912
-3.5781488;42.9507599
-3.5825055;42.9508057
-3.5841312;42.9508057
-3.5558720;42.9508171
-3.5827231;42.9508896
-3.5789635;42.9509087
-3.5847425;42.9509201
-3.5453417;42.9698372
-3.6253719;42.9509621
-3.5825400;42.9510078
-3.5797839;42.9510612
-3.5565834;42.9510689
-3.5561938;42.9510727
-3.5855861;42.9510841
-3.5563974;42.9511337
-3.5806031;42.9512138
-3.5556531;42.9512558
-3.5560682;42.9513016
-3.6257026;42.9513550
-3.5814314;42.9513664
-3.5558512;42.9514885
-3.6254947;42.9514961
-3.5823729;42.9515419
-3.6265123;42.9516029
-3.5572751;42.9517632
-3.5563500;42.9518280
-3.5760145;42.9518509
-3.6045885;42.9518547
-3.6248200;42.9518547
-3.6246088;42.9518509
-3.5599654;42.9519882
-3.5768564;42.9520073
-3.5583572;42.9520187
-3.5579600;42.9520378
-3.5577769;42.9520416
-3.5565097;42.9520683
-3.5571165;42.9521599
-3.5776763;42.9521599
-3.5570409;42.9521637
-3.5566359;42.9522629
-3.5784941;42.9523087
-3.5567107;42.9523582
-3.5793142;42.9524612
-3.5580170;42.9524803
-3.5585167;42.9525261
-3.5820379;42.9525299
-3.5801327;42.9526138
-3.6050570;42.9526863
-3.5828319;42.9526939
-3.5850551;42.9527550
-3.5809562;42.9527664
-3.5834563;42.9528122
-3.5859997;42.9529343
-3.5840621;42.9529343
-3.5818977;42.9529419
-3.5749764;42.9530144
-3.5728641;42.9529076
-3.5676210;42.9529495
-3.5679922;42.9530716
-3.5849321;42.9531136
-3.5681109;42.9531250
-3.5871179;42.9531441
-3.5663919;42.9531593
-3.5679872;42.9531784
-3.5538373;42.9532204
-3.5538130;42.9532547
-3.5537162;42.9533424
-3.5523710;42.9537315
-3.5857189;42.9537773
-3.6057534;42.9538040
-3.5701854;42.9538193
-3.5779691;42.9538765
-3.5784891;42.9538956
-3.5770886;42.9538994
-3.5762200;42.9539223
-3.5753045;42.9539490
-3.5747418;42.9539490
-3.5866647;42.9539528
-3.5788088;42.9539680
-3.5657134;42.9539833
-3.5649149;42.9534645
-3.5715914;42.9541016
-3.5796180;42.9541473
-3.6060240;42.9542351
-3.5804274;42.9543228
-3.5813565;42.9545250
-3.5854192;42.9546547
-3.5821564;42.9547005
-3.5581567;42.9547386
-3.5523787;42.9547577
-3.5860257;42.9547691
-3.5827746;42.9548302
-3.5580940;42.9548340
-3.5833766;42.9549637
-3.5842335;42.9551544
-3.5525866;42.9553452
-3.5851779;42.9553604
-3.5548363;42.9550133
-3.5859346;42.9555626
-3.5575197;42.9558945
-3.6327245;42.9563332
-3.5741701;42.9563637
-3.6080489;42.9572182
-3.6314492;42.9576340
-3.6320517;42.9576912
-3.6328149;42.9575691
-3.6327233;42.9578667
-3.6327543;42.9579048
-3.6332374;42.9579811
-3.6330600;42.9576073
-3.6087706;42.9580460
-3.6329577;42.9580841
-3.6324461;42.9581184
-3.6310470;42.9581337
-3.6325283;42.9582024
-3.5737355;42.9582291
-3.6329911;42.9582443
-3.6336100;42.9580956
-3.6335461;42.9582481
-3.6335828;42.9583206
-3.6331494;42.9584045
-3.6327577;42.9584351
-3.6327324;42.9584541
-3.6327953;42.9584732
-3.6333811;42.9585342
-3.5614388;42.9585686
-3.6335287;42.9585991
-3.6333158;42.9586105
-3.6321096;42.9586372
-3.6328330;42.9586525
-3.6333494;42.9586792
-3.6329684;42.9586868
-3.6342516;42.9587669
-3.6325767;42.9588890
-3.6338074;42.9589272
-3.6332595;42.9589500
-3.6339269;42.9590416
-3.6348448;42.9590836
-3.6106849;42.9591026
-3.6105378;42.9588089
-3.6107445;42.9591255
-3.5735455;42.9591599
-3.6335645;42.9591637
-3.6114011;42.9591675
-3.6098716;42.9592018
-3.6102078;42.9592934
-3.6100068;42.9593315
-3.6103921;42.9593468
-3.6113310;42.9597282
-3.6114562;42.9597397
-3.6118879;42.9597397
-3.6108820;42.9597855
-3.6117444;42.9598465
-3.6112323;42.9600029
-3.6104765;42.9600220
-3.6099927;42.9603233
-3.6117194;42.9603539
-3.5733440;42.9611282
-3.5511909;42.9611435
-3.6117177;42.9611435
-3.5513382;42.9614182
-3.5517242;42.9614639
-3.5511312;42.9614830
-3.5514297;42.9616241
-3.5513566;42.9616623
-3.6120005;42.9617119
-3.5514145;42.9617805
-3.6120400;42.9617920
-3.5732911;42.9618378
-3.5509977;42.9619255
-3.5508575;42.9619293
-3.5507801;42.9619713
-3.6122751;42.9620895
-3.5502543;42.9622078
-3.5748050;42.9626884
-3.5755963;42.9624214
-3.5740895;42.9627113
-3.5742054;42.9627571
-3.5757225;42.9628410
-3.5745256;42.9628601
-3.5741403;42.9628601
-3.5746274;42.9628754
-3.5750878;42.9629517
-3.5753760;42.9629784
-3.5740547;42.9630280
-3.5757241;42.9631195
-3.5478311;42.9631462
-3.5477951;42.9631958
-3.5763435;42.9634781
-3.5624962;42.9645195
-3.5480096;42.9649849
-3.5627227;42.9657784
-3.6155524;42.9658241
-3.5465956;42.9670906
-3.5113211;42.9672890
-3.5483799;42.9672661
-3.5480235;42.9683685
-3.5469315;42.9681549
-3.5469496;42.9683762
-3.5471714;42.9680290
-3.5472107;42.9684029
-3.5476856;42.9684105
-3.5473819;42.9682693
-3.5476449;42.9684334
-3.5467274;42.9684372
-3.5463531;42.9685745
-3.5462952;42.9685936
-3.5468574;42.9680710
-3.5456090;42.9685974
-3.5448411;42.9685020
-3.5458150;42.9687614
-3.5470152;42.9687843
-3.5469162;42.9687996
-3.5454755;42.9687996
-3.5472980;42.9688034
-3.5447602;42.9688759
-3.5466554;42.9690514
-3.5326202;42.9690590
-3.5269926;42.9668236
-3.5437560;42.9691315
-3.5471663;42.9691353
-3.5468230;42.9692039
-3.5466232;42.9692230
-3.6174679;42.9693642
-3.5483179;42.9693871
-3.5616009;42.9673843
-3.5443258;42.9695091
-3.5648737;42.9689713
-3.5633786;42.9695435
-3.5493202;42.9696426
-3.5618861;42.9698677
-3.5467501;42.9699020
-3.5338964;42.9699402
-3.5455265;42.9700432
-3.5454693;42.9700851
-3.5474060;42.9702034
-3.5360548;42.9702454
-3.5622394;42.9702873
-3.5469527;42.9704666
-3.5473940;42.9704666
-3.5210235;42.9705811
-3.5442839;42.9706764
-3.5437558;42.9707565
-3.5442176;42.9707832
-3.5207725;42.9708023
-3.5430720;42.9708290
-3.5421128;42.9704971
-3.6175084;42.9709702
-3.5205479;42.9709892
-3.5418158;42.9710846
-3.6077847;42.9710732
-3.6076629;42.9710846
-3.5439537;42.9712067
-3.5475011;42.9712601
-3.5639808;42.9713287
-3.5407505;42.9713402
-3.5176890;42.9712982
-3.5175562;42.9713440
-3.5639980;42.9713821
-3.6174610;42.9714012
-3.5635958;42.9714203
-3.5188935;42.9714851
-3.5188322;42.9715004
-3.6164255;42.9716568
-3.5176821;42.9716797
-3.5382416;42.9717445
-3.5168235;42.9717751
-3.5168662;42.9714165
-3.5171394;42.9718628
-3.5172093;42.9717751
-3.5175772;42.9719009
-3.5172021;42.9719467
-3.6173944;42.9719582
-3.5170982;42.9720078
-3.5174608;42.9721336
-3.5454710;42.9721413
-3.5433731;42.9721451
-3.5472493;42.9721947
-3.5478089;42.9722023
-3.5165241;42.9722137
-3.5170047;42.9722786
-3.5483079;42.9722824
-3.5174382;42.9723969
-3.5186281;42.9720955
-3.5173368;42.9724159
-3.5162392;42.9725304
-3.5167992;42.9725761
-3.6172576;42.9726219
-3.5160460;42.9727554
-3.5156224;42.9725723
-3.5158837;42.9729691
-3.6024399;42.9729881
-3.5645344;42.9730453
-3.6180274;42.9730873
-3.5427711;42.9731178
-3.5685956;42.9726372
-3.5682282;42.9731827
-3.6184778;42.9732170
-3.6179721;42.9714088
-3.6017954;42.9732285
-3.5163138;42.9732590
-3.6183016;42.9733925
-3.5659952;42.9734230
-3.5664794;42.9734459
-3.5161932;42.9734497
-3.5168631;42.9730606
-3.5674911;42.9735298
-3.5681534;42.9735413
-3.6184762;42.9735985
-3.6189537;42.9736099
-3.6185100;42.9736862
-3.5156679;42.9737053
-3.6174483;42.9737167
-3.5679438;42.9738541
-3.6184990;42.9738617
-3.5151072;42.9738922
-3.5683086;42.9738960
-3.5152338;42.9738960
-3.6175964;42.9739380
-3.5677800;42.9739532
-3.5684357;42.9741211
-3.5153255;42.9741325
-3.5660481;42.9741364
-3.6187949;42.9741364
-3.6188116;42.9738884
-3.5156283;42.9739265
-3.6186028;42.9741936
-3.6189091;42.9742355
-3.5148263;42.9743538
-3.6186292;42.9743729
-3.5148816;42.9744492
-3.5147684;42.9744568
-3.6205199;42.9744682
-3.6206241;42.9743195
-3.6202383;42.9745178
-3.6184697;42.9745522
-3.6200192;42.9745598
-3.5149934;42.9745598
-3.6186996;42.9746323
-3.5146456;42.9746666
-3.5693948;42.9747162
-3.6179259;42.9748497
-3.6178541;42.9749146
-3.5141642;42.9749374
-3.5139329;42.9749336
-3.5152457;42.9749756
-3.5144362;42.9750900
-3.5682333;42.9751091
-3.5143051;42.9751282
-3.6186395;42.9752426
-3.5648739;42.9752502
-3.6183357;42.9753342
-3.5648673;42.9753685
-3.5638647;42.9755249
-3.5139766;42.9756012
-3.6186247;42.9756279
-3.5154827;42.9761467
-3.5931654;42.9761658
-3.5648174;42.9764252
-3.6188769;42.9764290
-3.6188607;42.9765244
-3.6184773;42.9765739
-3.5640252;42.9756660
-3.6179764;42.9766235
-3.6176124;42.9767685
-3.6180608;42.9768600
-3.6185946;42.9768829
-3.5648131;42.9770203
-3.5156269;42.9770355
-3.5402701;42.9771843
-3.6191106;42.9772453
-3.6183221;42.9773483
-3.5911627;42.9776306
-3.5910919;42.9776917
-3.6194851;42.9777679
-3.6182964;42.9777756
-3.6187696;42.9778099
-3.6182520;42.9778633
-3.6183529;42.9778709
-3.6188426;42.9780922
-3.6190846;42.9781303
-3.5396290;42.9782295
-3.6185896;42.9782448
-3.6179888;42.9782600
-3.6185470;42.9783020
-3.6190126;42.9783249
-3.6197040;42.9785004
-3.6181631;42.9785271
-3.6187997;42.9788780
-3.6176398;42.9789009
-3.5688694;42.9789276
-3.6176312;42.9792519
-3.6175542;42.9795189
-3.6175370;42.9801598
-3.5723610;42.9805756
-3.5403821;42.9816513
-3.5400443;42.9820366
-3.5401750;42.9823532
-3.5397387;42.9823608
-3.5407128;42.9823494
-3.5401676;42.9826469
-3.5397415;42.9826622
-3.5393338;42.9827614
-3.5135653;42.9835281
-3.5400915;42.9838600
-3.5401249;42.9839134
-3.5125217;42.9851189
-3.5908842;42.9854431
-3.5832694;42.9856682
-3.5647249;42.9857330
-3.5876963;42.9857597
-3.5647280;42.9857941
-3.5117872;42.9858246
-3.5119722;42.9859390
-3.5628664;42.9857368
-3.5116208;42.9860153
-3.5865617;42.9860497
-3.5867701;42.9853706
-3.5857558;42.9861298
-3.5842586;42.9861603
-3.5843265;42.9853363
-3.5834937;42.9859657
-3.5114667;42.9862442
-3.5862696;42.9862480
-3.5844347;42.9862671
-3.5860615;42.9863091
-3.5827355;42.9864197
-3.5856791;42.9864235
-3.5846643;42.9864273
-3.5862303;42.9864922
-3.5851529;42.9865494
-3.5843234;42.9865532
-3.5858300;42.9866257
-3.5419202;42.9866371
-3.5852175;42.9866943
-3.5861721;42.9867020
-3.5141857;42.9867210
-3.5865529;42.9867210
-3.5875552;42.9865417
-3.5846684;42.9867363
-3.5861125;42.9868736
-3.5849349;42.9869804
-3.5876858;42.9868279
-3.5874619;42.9870033
-3.5150595;42.9870338
-3.5786507;42.9870453
-3.5865767;42.9870491
-3.5848737;42.9870491
-3.5879688;42.9868050
-3.5874929;42.9870491
-3.5152316;42.9870987
-3.5154679;42.9868279
-3.5846715;42.9870987
-3.5867343;42.9871368
-3.5848389;42.9871521
-3.5850825;42.9871635
-3.5627778;42.9871826
-3.5626993;42.9859352
-3.5857229;42.9872017
-3.5838118;42.9872093
-3.5158653;42.9872131
-3.5164385;42.9872246
-3.5869544;42.9872246
-3.5167139;42.9870300
-3.5165126;42.9872360
-3.5872226;42.9872398
-3.5156038;42.9872780
-3.5724235;42.9871330
-3.5858860;42.9873428
-3.5873954;42.9873505
-3.5158329;42.9874039
-3.5853775;42.9874306
-3.5848117;42.9874611
-3.5629818;42.9874954
-3.5616508;42.9875031
-3.5610926;42.9873505
-3.5850229;42.9875603
-3.5188680;42.9872284
-3.5185001;42.9876900
-3.5848563;42.9876938
-3.5165124;42.9877052
-3.5187850;42.9877205
-3.5844853;42.9877625
-3.5877333;42.9877701
-3.5415480;42.9877930
-3.5411577;42.9876823
-3.5848596;42.9878235
-3.5646169;42.9878311
-3.5848610;42.9878883
-3.5645847;42.9878922
-3.5331473;42.9879112
-3.5632308;42.9879684
-3.5842781;42.9879913
-3.5419030;42.9881210
-3.5054457;42.9882011
-3.5423160;42.9876175
-3.5425911;42.9883232
-3.5413876;42.9883766
-3.5417912;42.9883766
-3.5027897;42.9885139
-3.5601754;42.9885864
-3.5598054;42.9886284
-3.5595775;42.9885902
-3.6163015;42.9886971
-3.5631294;42.9887009
-3.5595851;42.9887390
-3.5428910;42.9887695
-3.5628858;42.9888000
-3.5883579;42.9888840
-3.5616951;42.9889412
-3.5412867;42.9889526
-3.5433969;42.9889641
-3.5884707;42.9890404
-3.5629709;42.9890671
-3.5630965;42.9890709
-3.4990950;42.9890747
-3.5607638;42.9890900
-3.5435512;42.9891167
-3.5419006;42.9891357
-3.5409582;42.9892540
-3.5887280;42.9892693
-3.5885923;42.9893188
-3.5616775;42.9894180
-3.5660226;42.9895058
-3.5411534;42.9895897
-3.5626442;42.9895935
-3.5630507;42.9896278
-3.5625069;42.9897575
-3.5620143;42.9898300
-3.6160719;42.9899521
-3.5624056;42.9900322
-3.6195219;42.9895706
-3.5633478;42.9901772
-3.5638313;42.9902687
-3.5638852;42.9903793
-3.5632191;42.9903831
-3.5642097;42.9904099
-3.5631180;42.9905090
-3.5637925;42.9905548
-3.5657351;42.9909401
-3.5627890;42.9909477
-3.5674186;42.9909477
-3.5626123;42.9913979
-3.5642693;42.9914207
-3.5616636;42.9915047
-3.5675077;42.9917030
-3.5624571;42.9917412
-3.5636160;42.9918327
-3.5625124;42.9920273
-3.5621548;42.9923553
-3.5620432;42.9924164
-3.5615730;42.9925766
-3.5614378;42.9927673
-3.5279243;42.9951210
-3.5239735;42.9962234
-3.6245596;42.9965210
-3.6239045;42.9984093
-3.5752196;43.0001526
-3.5783584;42.4947472
-3.5763521;42.4996834
-3.5790470;42.5030975
-3.5765021;42.5031853
-3.5726194;42.5045013
-3.5720756;42.5044098
-3.5712714;42.5045013
-3.5717330;42.5045319
-3.5722065;42.5046234
-3.5722497;42.5046539
-3.5719829;42.5046997
-3.5709345;42.5047302
-3.5706739;42.5045319
-3.5714090;42.5048141
-3.5725493;42.5048714
-3.5728276;42.5049057
-3.5717044;42.5049133
-3.5708354;42.5049133
-3.5716836;42.5049324
-3.5725150;42.5049324
-3.5708230;42.5049515
-3.5706303;42.5049210
-3.5717981;42.5049706
-3.5720305;42.5050468
-3.5708084;42.5050621
-3.5720913;42.5050697
-3.5703988;42.5050774
-3.5722914;42.5051384
-3.5708797;42.5051498
-3.5714719;42.5051727
-3.5723910;42.5051727
-3.5710392;42.5051765
-3.5712681;42.5051804
-3.5725403;42.5052223
-3.5708835;42.5052414
-3.5707982;42.5052414
-3.5720053;42.5052452
-3.5704415;42.5052490
-3.5725136;42.5052681
-3.5710042;42.5052910
-3.5727720;42.5052986
-3.5719943;42.5053482
-3.5708010;42.5053787
-3.5713766;42.5053940
-3.5720518;42.5054245
-3.5716259;42.5054474
-3.5720663;42.5054512
-3.5717862;42.5054588
-3.5712547;42.5054588
-3.5722106;42.5054855
-3.5713475;42.5055084
-3.5713866;42.5055161
-3.5728226;42.5055313
-3.5707257;42.5055466
-3.5710166;42.5054893
-3.5715966;42.5055618
-3.5717511;42.5055847
-3.5720663;42.5056267
-3.5721686;42.5056343
-3.5717738;42.5056648
-3.5719512;42.5056877
-3.5722082;42.5057259
-3.5728586;42.5057487
-3.5722258;42.5058060
-3.5720103;42.5059128
-3.5714161;42.5057869
-3.5709784;42.5059204
-3.5723422;42.5060310
-3.5732458;42.5062943
-3.5732577;42.5066032
-3.5732617;42.5067101
-3.5733018;42.5072899
-3.5732121;42.5089302
-3.5722301;42.5103683
-3.5714517;42.5115471
-3.5713980;42.5119057
-3.5702162;42.5194206
-3.5591466;42.5317421
-3.5586503;42.5321503
-3.5589120;42.5323067
-3.5579987;42.5325584
-3.5578713;42.5326347
-3.5576639;42.5327568
-3.5576444;42.5329323
-3.5574179;42.5328522
-3.5572822;42.5329628
-3.5571084;42.5330315
-3.5574827;42.5330696
-3.5570285;42.5330925
-3.5572350;42.5330696
-3.5571599;42.5331306
-3.5573106;42.5332298
-3.5572929;42.5332565
-3.5569382;42.5332756
-3.5569844;42.5333595
-3.5567045;42.5334435
-3.5560997;42.5332909
-3.5559101;42.5336189
-3.5548005;42.5332603
-3.5558743;42.5336609
-3.5557418;42.5337029
-3.5560081;42.5337601
-3.5557745;42.5337868
-3.5558848;42.5338211
-3.5550542;42.5338516
-3.5551579;42.5339584
-3.5553641;42.5339622
-3.5551867;42.5339851
-3.5551050;42.5340195
-3.5545628;42.5340843
-3.5557995;42.5340843
-3.5542450;42.5341034
-3.5555177;42.5346107
-3.5554998;42.5346565
-3.7505305;42.7165489
-3.7506759;42.7164688
-3.7514682;42.7165070
-3.7928846;42.8326416
-3.7924962;42.8366203
-3.7482173;42.7136841
-3.7481275;42.7135506
-3.7691607;42.8010902
-3.7685709;42.8013077
-3.7782128;42.6389046
-3.7781210;42.6388321
-3.7878976;42.6411896
-3.7878265;42.6411285
-3.7799208;42.6627693
-3.7800250;42.6628304
-3.7661994;42.7892418
-3.7662470;42.7892952
-3.7832026;42.8458672
-3.7832119;42.8460388
-3.7454128;42.6706276
-3.7456045;42.6705513
-3.7364957;42.6816025
-3.7363105;42.6814766
-3.7367911;42.6840858
-3.7367680;42.6839905
-3.7527571;42.7258835
-3.7526908;42.7258339
-3.7677908;42.7271881
-3.7676978;42.7272339
-3.7510550;42.7435112
-3.7511885;42.7434959
-3.7269027;42.7069588
-3.7267771;42.7069244
-3.7074442;42.7968559
-3.7074547;42.7967911
-3.7096858;42.8008766
-3.7097247;42.8008156
-3.7218533;42.8018112
-3.7221789;42.8020134
-3.7566051;42.8073235
-3.7565780;42.8072586
-3.7918861;42.8374481
-3.7917566;42.8374596
-3.7329588;42.7150421
-3.7328556;42.7150764
-3.7039692;42.7256966
-3.7037218;42.7257996
-3.7022426;42.7261505
-3.7020509;42.7261925
-3.6999192;42.7304497
-3.6997712;42.7306099
-3.6873488;42.7395744
-3.6870041;42.7397957
-3.7372301;42.6902122
-3.7373188;42.6902504
-3.7453010;42.6515770
-3.7437994;42.6449890
-3.7440252;42.6449394
-3.7436383;42.6443176
-3.7428432;42.6408043
-3.7432001;42.6406174
-3.7428589;42.6404076
-3.7427018;42.6404686
-3.7477467;42.6433907
-3.7856662;42.6071014
-3.7850149;42.6074371
-3.7395012;42.6236763
-3.7391188;42.6235275
-3.7453139;42.6259346
-3.7454541;42.6259918
-3.7658567;42.6329002
-3.7672491;42.6337738
-3.7693160;42.6351891
-3.7695518;42.6352959
-3.7700095;42.6355057
-3.7739773;42.6352119
-3.7733850;42.6355858
-3.7728384;42.6357880
-3.7726440;42.6358986
-3.7728477;42.6360321
-3.7723875;42.6360512
-3.7723622;42.6361237
-3.7729454;42.6361732
-3.7731633;42.6362648
-3.7729833;42.6363335
-3.7724097;42.6364250
-3.7733047;42.6364288
-3.7720642;42.6364555
-3.7742732;42.6364365
-3.7751367;42.6363297
-3.7740383;42.6364784
-3.7733049;42.6364822
-3.7741432;42.6365128
-3.7732930;42.6365204
-3.7739136;42.6365776
-3.7734194;42.6366081
-3.7724209;42.6366272
-3.7724645;42.6366501
-3.7724881;42.6366615
-3.7735357;42.6366920
-3.7721045;42.6367340
-3.7731938;42.6367340
-3.7738469;42.6368179
-3.7737691;42.6368294
-3.7728910;42.6368561
-3.7729414;42.6368790
-3.7740622;42.6369019
-3.7730246;42.6369171
-3.7729259;42.6369362
-3.7731361;42.6369667
-3.7725599;42.6369934
-3.7737138;42.6370354
-3.7735355;42.6370583
-3.7735932;42.6370659
-3.7723365;42.6370697
-3.7723522;42.6369133
-3.7731719;42.6370888
-3.7732899;42.6370964
-3.7720354;42.6371880
-3.7721138;42.6372261
-3.7723281;42.6372948
-3.7724791;42.6372948
-3.7733195;42.6373405
-3.7719219;42.6373634
-3.7723286;42.6374397
-3.7749598;42.6374817
-3.7754679;42.6375465
-3.7426775;42.6402893
-3.8000684;42.6461411
-3.8008499;42.6463852
-3.7528822;42.6464806
-3.8017836;42.6466866
-3.8192103;42.6501122
-3.8216414;42.6502838
-3.8219709;42.6499596
-3.8220663;42.6502838
-3.8201268;42.6503830
-3.8221762;42.6504211
-3.8216341;42.6504326
-3.8209896;42.6503181
-3.8202169;42.6498489
-3.8202469;42.6504860
-3.8211415;42.6505737
-3.8216159;42.6505890
-3.8211319;42.6506310
-3.8204274;42.6506538
-3.8201063;42.6506920
-3.8220520;42.6506958
-3.8217399;42.6507149
-3.8222556;42.6507988
-3.8219526;42.6509018
-3.8219361;42.6509399
-3.8219697;42.6511765
-3.8223855;42.6512070
-3.8209987;42.6512642
-3.8210139;42.6512909
-3.8206151;42.6514702
-3.8211343;42.6514893
-3.8208184;42.6514473
-3.7453184;42.6516571
-3.8203397;42.6517410
-3.8216276;42.6517448
-3.8213031;42.6517601
-3.7453494;42.6518021
-3.8214450;42.6518822
-3.8216662;42.6520805
-3.8214777;42.6522865
-3.8219962;42.6522942
-3.7691939;42.6563377
-3.7487419;42.6595421
-3.6604395;42.6613731
-3.6601913;42.6585732
-3.7495933;42.6630898
-3.7804818;42.6631126
-3.6625948;42.6662674
-3.6626310;42.6663284
-3.6636305;42.6690598
-3.7456582;42.6705284
-3.7371621;42.6759415
-3.6645660;42.6804314
-3.6646371;42.6808319
-3.6652811;42.6848183
-3.6653032;42.6849556
-3.6655047;42.6855049
-3.7560151;42.6857681
-3.7560279;42.6855850
-3.7557209;42.6857719
-3.7559974;42.6859398
-3.7564614;42.6859589
-3.7559161;42.6862755
-3.7558796;42.6863670
-3.7563941;42.6864891
-3.7565238;42.6865616
-3.7566609;42.6866493
-3.7571585;42.6866722
-3.7567379;42.6866951
-3.7563589;42.6867867
-3.7556627;42.6868362
-3.7562525;42.6869278
-3.7555690;42.6869659
-3.7558603;42.6870155
-3.6670773;42.6873894
-3.7535319;42.6889267
-3.7363565;42.6899376
-3.7452545;42.6892815
-3.6726978;42.6943207
-3.6728356;42.6946602
-3.6726489;42.6947327
-3.6720488;42.6945534
-3.6734400;42.6947708
-3.6728985;42.6948662
-3.6738191;42.6949081
-3.6747022;42.6950264
-3.6744425;42.6950455
-3.6741388;42.6950684
-3.6742759;42.6948776
-3.6739385;42.6951790
-3.6739879;42.6952362
-3.6731791;42.6952591
-3.6738658;42.6952858
-3.6749191;42.6953239
-3.6748793;42.6953392
-3.6737106;42.6953430
-3.6741879;42.6953888
-3.6742079;42.6954079
-3.6732986;42.6954231
-3.6742775;42.6954803
-3.6739712;42.6955833
-3.6737320;42.6956100
-3.6740644;42.6956367
-3.6744046;42.6956711
-3.6741407;42.6956825
-3.6734629;42.6957817
-3.6739385;42.6957855
-3.6740158;42.6958580
-3.6747365;42.6958885
-3.6747739;42.6958961
-3.6736174;42.6960716
-3.6736827;42.6961327
-3.6738236;42.6961365
-3.6737351;42.6961784
-3.6744807;42.6963463
-3.6739786;42.6970596
-3.7307410;42.7008209
-3.7014451;42.7017059
-3.7014749;42.7017593
-3.7016039;42.7020645
-3.7018077;42.7025604
-3.7017291;42.7026062
-3.7015605;42.7026443
-3.7017932;42.7027969
-3.6993363;42.7028313
-3.7016740;42.7028580
-3.7069485;42.7029572
-3.7069116;42.7029686
-3.7059648;42.7031021
-3.7060726;42.7028809
-3.7047322;42.7033539
-3.7046170;42.7034111
-3.7045081;42.7035065
-3.7049346;42.7036552
-3.7068446;42.7034531
-3.7065518;42.7038612
-3.7066507;42.7039986
-3.7008615;42.7045174
-3.7002521;42.7046204
-3.7001445;42.7038803
-3.7001581;42.7050323
-3.7281172;42.7072792
-3.7386260;42.7107239
-3.7387278;42.7107697
-3.7387865;42.7107964
-3.7387190;42.7108841
-3.7380612;42.7108994
-3.7382364;42.7109184
-3.7385700;42.7110748
-3.7387421;42.7110825
-3.7395942;42.7111397
-3.7387130;42.7111702
-3.7390733;42.7112732
-3.7394936;42.7113113
-3.7385712;42.7113533
-3.7402091;42.7114067
-3.7384589;42.7114334
-3.7407975;42.7115097
-3.7388885;42.7115135
-3.7394371;42.7115250
-3.7404296;42.7115479
-3.7383268;42.7115631
-3.7382157;42.7116470
-3.7380030;42.7115669
-3.7387545;42.7116508
-3.7376559;42.7117691
-3.7434952;42.7124405
-3.7441301;42.7126617
-3.7478919;42.7128601
-3.7478948;42.7127457
-3.7454970;42.7129555
-3.7484550;42.7130661
-3.7485142;42.7128220
-3.7479002;42.7131996
-3.7480109;42.7133102
-3.7480924;42.7135010
-3.7482681;42.7137566
-3.7480927;42.7137985
-3.7490094;42.7137833
-3.7484722;42.7140236
-3.7488258;42.7146225
-3.7484102;42.7144547
-3.7489288;42.7147484
-3.7490604;42.7146568
-3.7492325;42.7151222
-3.7493558;42.7151299
-3.7492657;42.7151642
-3.7420173;42.7152252
-3.7496221;42.7151451
-3.7442310;42.7158012
-3.7497232;42.7163124
-3.7521830;42.7163315
-3.7527997;42.7161179
-3.7519636;42.7163849
-3.7515144;42.7163887
-3.7497408;42.7164192
-3.7489603;42.7164917
-3.7498825;42.7165413
-3.7515693;42.7165947
-3.7504320;42.7166481
-3.7478840;42.7169838
-3.7524006;42.7171326
-3.7523024;42.7172356
-3.7492335;42.7173119
-3.7520223;42.7173920
-3.7516131;42.7175636
-3.7514505;42.7180176
-3.7229993;42.7187233
-3.7199063;42.7187881
-3.7197120;42.7191582
-3.7200122;42.7192574
-3.7200668;42.7192879
-3.7205875;42.7193565
-3.7203419;42.7194290
-3.7200491;42.7195244
-3.7200053;42.7195396
-3.7211142;42.7195091
-3.7206814;42.7196198
-3.7196622;42.7196503
-3.7202926;42.7197838
-3.7206488;42.7198181
-3.7204292;42.7198524
-3.7205541;42.7199020
-3.7188904;42.7199821
-3.7212057;42.7199249
-3.7207222;42.7199898
-3.7202382;42.7200317
-3.7208185;42.7201538
-3.7209291;42.7201691
-3.7196829;42.7201729
-3.7196183;42.7201958
-3.7203867;42.7202225
-3.7204213;42.7202492
-3.7200880;42.7202797
-3.7200065;42.7203178
-3.7181132;42.7203712
-3.7190552;42.7205887
-3.7494533;42.7208138
-3.7185457;42.7208481
-3.7170527;42.7208748
-3.7210653;42.7210464
-3.7181950;42.7212257
-3.7495763;42.7216454
-3.7507193;42.7221184
-3.7508926;42.7220726
-3.7497289;42.7222404
-3.7500775;42.7222786
-3.7506964;42.7226067
-3.7506783;42.7223778
-3.7503316;42.7226486
-3.7504218;42.7227478
-3.7500489;42.7228432
-3.7505553;42.7228813
-3.7497191;42.7228889
-3.7493963;42.7229767
-3.7493489;42.7229919
-3.7500393;42.7230186
-3.7497792;42.7230415
-3.7523055;42.7254829
-3.7043469;42.7255363
-3.7532885;42.7262535
-3.7018077;42.7262840
-3.7534809;42.7263794
-3.7566633;42.7274132
-3.7004542;42.7289543
-3.7556288;42.7307320
-3.6994388;42.7309036
-3.6929762;42.7333794
-3.6924891;42.7334747
-3.6849422;42.7404099
-3.6842892;42.7409744
-3.7517469;42.7433739
-3.7204700;42.7495995
-3.7208529;42.7498779
-3.7211468;42.7502365
-3.7226784;42.7507401
-3.7215681;42.7511368
-3.7215552;42.7512207
-3.7213514;42.7514267
-3.7204010;42.7519684
-3.7691154;42.7733078
-3.7685764;42.7737999
-3.7684979;42.7738113
-3.7683589;42.7736855
-3.7685061;42.7739143
-3.7778516;42.7739677
-3.7690599;42.7739143
-3.7687945;42.7739754
-3.7683296;42.7739868
-3.7686353;42.7740364
-3.7686529;42.7741165
-3.7687831;42.7742004
-3.7685697;42.7742043
-3.7687273;42.7743073
-3.7681618;42.7743416
-3.7693124;42.7744408
-3.7666764;42.7743721
-3.7665575;42.7744446
-3.7676370;42.7744598
-3.7663040;42.7746277
-3.7659967;42.7745590
-3.7663271;42.7746391
-3.7674007;42.7745132
-3.7671537;42.7746849
-3.7669299;42.7746544
-3.7663031;42.7747269
-3.7659650;42.7746429
-3.7671232;42.7747307
-3.7690291;42.7747231
-3.7689009;42.7747383
-3.7670763;42.7747955
-3.7666061;42.7748299
-3.7674081;42.7748337
-3.7689188;42.7748413
-3.7670288;42.7748604
-3.7688031;42.7748680
-3.7690847;42.7747078
-3.7691813;42.7748833
-3.7689667;42.7749443
-3.7673316;42.7749672
-3.7692208;42.7750816
-3.7689474;42.7751579
-3.7700443;42.7764893
-3.7665582;42.7795296
-3.7657773;42.7803688
-3.7658191;42.7805939
-3.7652681;42.7806282
-3.7654078;42.7806435
-3.7657874;42.7807007
-3.7655673;42.7807579
-3.7658582;42.7807999
-3.7659261;42.7810326
-3.7663848;42.7814407
-3.7280571;42.7840462
-3.7291667;42.7841034
-3.7266152;42.7841187
-3.7263999;42.7839088
-3.7263420;42.7840996
-3.7265987;42.7842216
-3.7263618;42.7842178
-3.7275369;42.7842255
-3.7272894;42.7841644
-3.7269580;42.7842331
-3.7284393;42.7842865
-3.7279747;42.7842674
-3.7266717;42.7842941
-3.7274921;42.7843666
-3.7292140;42.7843781
-3.7272301;42.7844620
-3.7272582;42.7844849
-3.7275887;42.7846489
-3.7275088;42.7847824
-3.7273164;42.7848167
-3.7278247;42.7848282
-3.7273111;42.7851067
-3.7121377;42.7935448
-3.7121122;42.7927208
-3.7601209;42.7946129
-3.7588155;42.7937584
-3.7075539;42.7970390
-3.6808457;42.7965660
-3.6751184;42.7974930
-3.6754313;42.7979050
-3.7697728;42.7984505
-3.6894653;42.7985535
-3.7697213;42.7985916
-3.6898880;42.7990532
-3.7705901;42.7988167
-3.7704134;42.7991066
-3.6893969;42.7993088
-3.7704744;42.7993546
-3.7697253;42.7994232
-3.6906941;42.7994423
-3.7703276;42.7994881
-3.6907339;42.7995567
-3.6910186;42.7996597
-3.6911845;42.7997017
-3.6913354;42.7996407
-3.7204766;42.8000031
-3.6907287;42.8001137
-3.7697208;42.8001366
-3.7697141;42.8003769
-3.7699716;42.8004036
-3.6906955;42.8005447
-3.6906900;42.8005638
-3.7206030;42.8005829
-3.7203851;42.8005981
-3.7696667;42.8006630
-3.7698348;42.8007088
-3.7697785;42.8007469
-3.7225616;42.8004761
-3.7224836;42.8007851
-3.7223184;42.8007812
-3.7698004;42.8008080
-3.7239797;42.8008423
-3.7234747;42.8007355
-3.7234814;42.8008614
-3.7702785;42.8008804
-3.7704060;42.8008499
-3.7702677;42.8007927
-3.7701364;42.8009033
-3.7226837;42.8009033
-3.7206907;42.8008537
-3.7203722;42.8009644
-3.7694156;42.8009720
-3.7695050;42.8010292
-3.7222652;42.8010330
-3.7695649;42.8010559
-3.7207179;42.8010445
-3.7203612;42.8010712
-3.7207620;42.8011513
-3.7216904;42.8011856
-3.7217729;42.8011971
-3.7214036;42.8012314
-3.7212305;42.8012848
-3.7703397;42.8013306
-3.7705908;42.8012238
-3.7704217;42.8013420
-3.7210386;42.8013535
-3.7203391;42.8013573
-3.7684224;42.8013611
-3.7198451;42.8013229
-3.7203784;42.8014450
-3.7217979;42.8014603
-3.7216272;42.8014641
-3.7705221;42.8014908
-3.7203238;42.8014908
-3.7704651;42.8015060
-3.7682536;42.8015060
-3.7112458;42.8015175
-3.7705722;42.8015709
-3.7709939;42.8013039
-3.7707419;42.8015862
-3.7708294;42.8013115
-3.7707069;42.8016052
-3.7704148;42.8016090
-3.7702947;42.8015976
-3.7706378;42.8016396
-3.7214491;42.8016663
-3.7704253;42.8016777
-3.7199161;42.8016930
-3.7706735;42.8016968
-3.7217560;42.8017387
-3.7708728;42.8017426
-3.7705979;42.8017616
-3.7709622;42.8017693
-3.7217841;42.8017731
-3.7200530;42.8017921
-3.7712629;42.8018875
-3.7197161;42.8019180
-3.7704349;42.8019371
-3.7211065;42.8019485
-3.7204916;42.8019638
-3.7210686;42.8019791
-3.7708280;42.8019791
-3.7714689;42.8019943
-3.7203209;42.8020058
-3.7205322;42.8020287
-3.7195172;42.8020325
-3.7716172;42.8020706
-3.7712204;42.8020821
-3.7702825;42.8020859
-3.7713900;42.8021088
-3.7707112;42.8021164
-3.7714763;42.8021851
-3.7198613;42.8023834
-3.7194457;42.8023109
-3.7709014;42.8024254
-3.7712951;42.8024521
-3.7707493;42.8025322
-3.7709603;42.8025360
-3.7713554;42.8025398
-3.7710795;42.8026962
-3.7197280;42.8027077
-3.7710192;42.8028831
-3.6883931;42.8034439
-3.6894436;42.8046608
-3.7167373;42.8053627
-3.6955609;42.8058701
-3.7203770;42.8061523
-3.7685208;42.8018837
-3.7749882;42.8070145
-3.7565787;42.8070450
-3.7573972;42.8077469
-3.7753303;42.8086395
-3.7751863;42.8096237
-3.7756393;42.8097496
-3.7754159;42.8098183
-3.7671854;42.8099556
-3.7754056;42.8099785
-3.7758200;42.8101273
-3.7752857;42.8101692
-3.7761679;42.8104897
-3.7762566;42.8105392
-3.7758353;42.8108673
-3.7758074;42.8110428
-3.7758684;42.8111572
-3.7760077;42.8113480
-3.7765486;42.8113518
-3.7759786;42.8114357
-3.7772133;42.8111916
-3.7770157;42.8115501
-3.7767394;42.8113060
-3.7769747;42.8116302
-3.7771943;42.8117485
-3.7770586;42.8117523
-3.7768152;42.8117867
-3.7782888;42.8115234
-3.7779784;42.8118858
-3.7776761;42.8118896
-3.7764373;42.8119698
-3.7763896;42.8119926
-3.7755127;42.8120003
-3.7776685;42.8120079
-3.7782578;42.8120079
-3.7772675;42.8120117
-3.7775416;42.8120155
-3.7775412;42.8120575
-3.7761488;42.8121376
-3.7777662;42.8121452
-3.7780764;42.8121643
-3.7760954;42.8122063
-3.7775662;42.8122177
-3.7776191;42.8122482
-3.7762206;42.8122597
-3.7776041;42.8123665
-3.7781351;42.8124161
-3.7781708;42.8124237
-3.7759769;42.8124237
-3.7761588;42.8124390
-3.7791493;42.8124275
-3.7757595;42.8125534
-3.7762623;42.8126106
-3.7751861;42.8126831
-3.7746933;42.8123283
-3.7747247;42.8127556
-3.7779484;42.8129807
-3.7695324;42.8178787
-3.7699578;42.8245659
-3.7650025;42.8260918
-3.7624636;42.8304062
-3.7937632;42.8320580
-3.7931850;42.8323898
-3.7933855;42.8326645
-3.7933581;42.8326836
-3.7619362;42.8330574
-3.7932467;42.8330307
-3.7930877;42.8330879
-3.7929242;42.8331375
-3.7933528;42.8331146
-3.7931528;42.8331795
-3.7933905;42.8333588
-3.7931993;42.8333588
-3.7930865;42.8333778
-3.7935824;42.8333244
-3.7933939;42.8334694
-3.7928665;42.8334846
-3.7927012;42.8333321
-3.7937052;42.8334618
-3.7935121;42.8335304
-3.7928507;42.8335609
-3.7925336;42.8333740
-3.7928913;42.8336639
-3.7925937;42.8336296
-3.7935302;42.8336868
-3.7934353;42.8336449
-3.7938399;42.8336563
-3.7936518;42.8337135
-3.7927132;42.8337097
-3.7935469;42.8337364
-3.7935801;42.8337631
-3.7930460;42.8338776
-3.7925818;42.8337288
-3.7932022;42.8339119
-3.7933400;42.8339195
-3.7931693;42.8338127
-3.8196707;42.8278008
-3.7942135;42.8339310
-3.7939928;42.8339729
-3.7934165;42.8339882
-3.7934525;42.8339996
-3.7938266;42.8340073
-3.7937613;42.8340187
-3.7935784;42.8340454
-3.7930999;42.8340797
-3.7937174;42.8341637
-3.7942069;42.8341637
-3.7932894;42.8342514
-3.7938108;42.8342552
-3.7934952;42.8342628
-3.7941740;42.8342705
-3.7934651;42.8344269
-3.7935939;42.8344345
-3.7940521;42.8344727
-3.7938030;42.8344879
-3.7607331;42.8345299
-3.7938089;42.8346062
-3.7934449;42.8346367
-3.7938120;42.8346596
-3.7592626;42.8349380
-3.7588954;42.8345261
-3.7595110;42.8350525
-3.7591116;42.8350754
-3.7932289;42.8350830
-3.7933061;42.8350754
-3.7939196;42.8351173
-3.7589724;42.8351555
-3.7584906;42.8348770
-3.7933457;42.8351707
-3.7597935;42.8351860
-3.7589686;42.8352776
-3.7940214;42.8353043
-3.7595611;42.8352509
-3.7595124;42.8353195
-3.7935681;42.8353233
-3.7933009;42.8353577
-3.7595718;42.8353500
-3.7939148;42.8354492
-3.7588711;42.8354874
-3.7933474;42.8355293
-3.7936926;42.8355293
-3.7584960;42.8355331
-3.7598004;42.8355560
-3.7940714;42.8355675
-3.7589326;42.8355751
-3.7593658;42.8356361
-3.7594864;42.8356476
-3.7937670;42.8356590
-3.7937808;42.8356781
-3.7936184;42.8357239
-3.7937021;42.8358231
-3.7591920;42.8358498
-3.7933393;42.8359032
-3.7586114;42.8359070
-3.7934773;42.8359337
-3.7936172;42.8359566
-3.7935975;42.8359833
-3.7938402;42.8360405
-3.7940450;42.8361130
-3.7939792;42.8363876
-3.7940834;42.8363991
-3.7936442;42.8364067
-3.7937472;42.8364677
-3.7935541;42.8365860
-3.7764938;42.8387794
-3.7813134;42.8432236
-3.7823644;42.8438492
-3.7856245;42.8500023
-3.7717276;42.8512344
-3.7717073;42.8512573
-3.7929299;42.8611832
-3.7938027;42.8625145
-3.7980993;42.8707619
-3.7991743;42.8737564
-3.7674112;42.7745094
-3.7042243;42.5062370
-3.7041767;42.5061417
-3.7041504;42.5062561
-3.7046144;42.5067329
-3.6455109;42.4992599
-3.6453886;42.4992676
-3.7051647;42.5061302
-3.7050395;42.5061188
-3.7150557;42.5712662
-3.7151082;42.5712509
-3.6291454;42.5143242
-3.6292102;42.5144081
-3.6091692;42.5336418
-3.6093466;42.5337257
-3.6915133;42.5472488
-3.6914110;42.5473366
-3.5908954;42.5666046
-3.5909374;42.5665512
-3.6955476;42.5122414
-3.6960669;42.5112343
-3.7008533;42.5483627
-3.7010291;42.5485992
-3.7101841;42.5689507
-3.7103169;42.5690422
-3.7167552;42.5733414
-3.7168086;42.5733986
-3.7281079;42.6281166
-3.7281170;42.6282082
-3.7273695;42.5300941
-3.7274158;42.5302277
-3.7377083;42.5442581
-3.7378509;42.5446053
-3.6337790;42.6036110
-3.6337724;42.6036987
-3.6933579;42.5159531
-3.6932666;42.5159454
-3.6790576;42.5432129
-3.6785195;42.5435333
-3.5959530;42.5675583
-3.5958166;42.5674477
-3.5902755;42.5676994
-3.5902386;42.5678596
-3.5889580;42.5764389
-3.5889010;42.5765533
-3.5888000;42.5766373
-3.5887315;42.5766678
-3.7423947;42.6401329
-3.7349753;42.6219368
-3.7348740;42.6217995
-3.7347429;42.6219711
-3.7344670;42.6220474
-3.7344627;42.6218643
-3.7348480;42.6216049
-3.7346356;42.6216583
-3.7345490;42.6219521
-3.7347798;42.6216850
-3.7284050;42.6239510
-3.7281036;42.6240234
-3.7270045;42.6243019
-3.7231655;42.6252708
-3.7274513;42.6237221
-3.7275834;42.6242485
-3.7276778;42.6241760
-3.7274182;42.6242638
-3.7276299;42.6245880
-3.7259691;42.6177139
-3.7275198;42.6239929
-3.7273636;42.6240730
-3.7276685;42.6240158
-3.1630015;42.9568367
-3.1636512;42.9602585
-3.6951826;42.4948845
-3.6453869;42.4976501
-3.6453340;42.4978638
-3.6456711;42.4979057
-3.6453371;42.4982758
-3.6454864;42.4982796
-3.6450915;42.4983673
-3.6449633;42.4983406
-3.6453402;42.4983788
-3.6453300;42.4985352
-3.6450548;42.4985809
-3.6442344;42.4985847
-3.6441486;42.4985542
-3.6440067;42.4985924
-3.6447139;42.4986000
-3.6439240;42.4986153
-3.6460638;42.4975433
-3.6458573;42.4986610
-3.6446693;42.4987221
-3.6450944;42.4988594
-3.6452336;42.4988861
-3.6449811;42.4990082
-3.6445074;42.4990501
-3.6448944;42.4991112
-3.6451092;42.4991608
-3.6457112;42.4992218
-3.6456554;42.4992218
-3.6458311;42.4991951
-3.6448202;42.4992943
-3.6446235;42.4992332
-3.6444387;42.4993629
-3.6449590;42.4994316
-3.6447470;42.4994507
-3.6447089;42.4999733
-3.6445622;42.5016670
-3.2634435;42.9600105
-3.2633269;42.9602737
-3.7013574;42.5021477
-3.7032821;42.5039558
-3.6441150;42.5041275
-3.7036874;42.5048027
-3.7038648;42.5050430
-3.7062109;42.5051689
-3.7069194;42.5034523
-3.7081528;42.5054245
-3.7059548;42.5056152
-3.7050900;42.5048370
-3.7035809;42.5056190
-3.7065058;42.5056381
-3.7039070;42.5056381
-3.7081313;42.5057602
-3.7035890;42.5058136
-3.7040966;42.5059662
-3.7078240;42.5060959
-3.7074490;42.5057144
-3.7043757;42.5061340
-3.7040761;42.5061417
-3.7053497;42.5061493
-3.7040942;42.5061684
-3.7071109;42.5066757
-3.7064927;42.5066910
-3.7024548;42.5068321
-3.7061386;42.5068779
-3.7055559;42.5067635
-3.7087884;42.5069542
-3.7081487;42.5070152
-3.6432130;42.5070801
-3.7058580;42.5070953
-3.6432016;42.5071335
-3.7081094;42.5071754
-3.7087932;42.5071983
-3.7093141;42.5075951
-3.7015872;42.5082016
-3.6369376;42.5089722
-3.6354122;42.5103340
-3.6291816;42.5115089
-3.6326306;42.5116653
-3.6288397;42.5118370
-3.6287701;42.5119057
-3.6292925;42.5120621
-3.6282337;42.5122070
-3.6278889;42.5123444
-3.6256001;42.5123444
-3.6252017;42.5120621
-3.6271622;42.5124779
-3.6266034;42.5124588
-3.6267834;42.5125008
-3.6275065;42.5125198
-3.2636037;42.9601822
-3.2634284;42.9603195
-3.2633812;42.9602547
-3.6439266;42.5125694
-3.6287849;42.5125809
-3.6263845;42.5125885
-3.6258750;42.5125504
-3.6272073;42.5126419
-3.6279142;42.5126724
-3.6290984;42.5126915
-3.6269228;42.5127449
-3.6256263;42.5127754
-3.6273067;42.5128059
-3.6268153;42.5128059
-3.6279044;42.5128899
-3.6265898;42.5129013
-3.6297514;42.5129242
-3.6263950;42.5129585
-3.6300058;42.5130119
-3.6251745;42.5130196
-3.6278536;42.5130539
-3.6265836;42.5130348
-3.6269872;42.5130997
-3.6255782;42.5131454
-3.6280911;42.5131912
-3.6950691;42.5132217
-3.6950545;42.5132446
-3.6248264;42.5133705
-3.6949332;42.5134850
-3.6275449;42.5135078
-3.2632802;42.9603233
-3.6950679;42.5137024
-3.6947081;42.5138893
-3.6946123;42.5140572
-3.6753109;42.5151634
-3.6752996;42.5150795
-3.6940501;42.5151901
-3.6756516;42.5158157
-3.6762893;42.5155602
-3.6756587;42.5158882
-3.6934230;42.5159607
-3.6936457;42.5159988
-3.6934922;42.5162659
-3.6761963;42.5167961
-3.6929550;42.5168800
-3.6764309;42.5172691
-3.6854000;42.5179977
-3.6780112;42.5187073
-3.6748164;42.5186386
-3.6743886;42.5187073
-3.6754282;42.5188293
-3.6762044;42.5188522
-3.6763813;42.5187340
-3.6770663;42.5188828
-3.6751783;42.5189247
-3.6750543;42.5189743
-3.6741183;42.5190392
-3.6746347;42.5191269
-3.6745229;42.5191650
-3.6752510;42.5191841
-3.6742508;42.5192528
-3.6749661;42.5193329
-3.6747215;42.5193443
-3.6748674;42.5193481
-3.7086775;42.5193825
-3.6759684;42.5192909
-3.6750917;42.5194359
-3.6735613;42.5194664
-3.6734614;42.5194931
-3.6746676;42.5195007
-3.7266340;42.5202332
-3.6904850;42.5212517
-3.6905229;42.5214424
-3.6640160;42.5249214
-3.1841602;42.9603348
-3.1867428;42.9598579
-3.2577548;42.9599762
-3.2567210;42.9603653
-3.7117624;42.5261803
-3.6488554;42.5265732
-3.7135289;42.5274620
-3.6925881;42.5282173
-3.6609073;42.5286026
-3.6601682;42.5286674
-3.6597488;42.5284386
-3.6596143;42.5288353
-3.6598289;42.5288696
-3.6595633;42.5289345
-3.6599238;42.5289726
-3.6600888;42.5289955
-3.6606429;42.5290565
-3.6576121;42.5290604
-3.6594517;42.5291939
-3.6582260;42.5292168
-3.6597245;42.5292778
-3.6593084;42.5292816
-3.6606727;42.5292702
-3.6598794;42.5293159
-3.6598718;42.5294342
-3.6484077;42.5299225
-3.6598241;42.5299759
-3.7275126;42.5304756
-3.7276428;42.5307274
-3.6082177;42.5326004
-3.6084633;42.5324936
-3.6486568;42.5325775
-3.6081126;42.5328522
-3.6081028;42.5329437
-3.6082814;42.5335274
-3.6104093;42.5333977
-3.6095634;42.5335541
-3.6083021;42.5335770
-3.6083786;42.5334702
-3.6083531;42.5337029
-3.6075754;42.5340271
-3.6079383;42.5342178
-3.6074092;42.5342293
-3.6081853;42.5343056
-3.6081564;42.5343704
-3.6084702;42.5344124
-3.6081245;42.5344810
-3.6081913;42.5348587
-3.6142375;42.5355034
-3.6948056;42.5357246
-3.6216571;42.5359230
-3.6948674;42.5359383
-3.6948919;42.5360222
-3.6919267;42.5360718
-3.6918542;42.5360718
-3.6933877;42.5363235
-3.6932917;42.5358505
-3.6934812;42.5363312
-3.6937521;42.5364075
-3.6937957;42.5361671
-3.6939104;42.5364532
-3.6940715;42.5364685
-3.6945853;42.5366173
-3.6950779;42.5366554
-3.6938493;42.5367775
-3.7208493;42.5367813
-3.6940877;42.5367889
-3.6936700;42.5368042
-3.6935668;42.5369148
-3.2632103;42.9603996
-3.6888685;42.5368843
-3.6932831;42.5369606
-3.6929541;42.5366325
-3.6951752;42.5369987
-3.6930501;42.5369606
-3.6937306;42.5370712
-3.6938868;42.5370865
-3.6943648;42.5370903
-3.6935043;42.5371399
-3.6363580;42.5373611
-3.7223032;42.5376320
-3.7226367;42.5374069
-3.7227826;42.5378609
-3.7228942;42.5379143
-3.6954722;42.5379333
-3.7223308;42.5379906
-3.7222369;42.5382004
-3.7223783;42.5382843
-3.7217836;42.5384293
-3.7215908;42.5385513
-3.7222021;42.5385857
-3.7212799;42.5386314
-3.7200336;42.5385056
-3.7226574;42.5386696
-3.7216754;42.5387802
-3.7224097;42.5387955
-3.7228825;42.5388298
-3.7209513;42.5388794
-3.7231410;42.5389404
-3.7226684;42.5389404
-3.7224200;42.5390015
-3.7240968;42.5392799
-3.7226553;42.5393143
-3.6458166;42.5396004
-3.7232935;42.5399704
-3.6964762;42.5406456
-3.6847324;42.5408096
-3.7361934;42.5410118
-3.6807976;42.5422211
-3.6805937;42.5423470
-3.6440306;42.5426292
-3.6736412;42.5425873
-3.6736112;42.5428734
-3.6735966;42.5430679
-3.6735556;42.5432091
-3.6731334;42.5437088
-3.6721342;42.5429802
-3.6730874;42.5438271
-3.6779706;42.5438385
-3.6736283;42.5439110
-3.6737072;42.5437737
-3.6738493;42.5440254
-3.6728816;42.5440254
-3.6727450;42.5439644
-3.6732357;42.5441055
-3.6730263;42.5442276
-3.6726968;42.5442505
-3.6751022;42.5443001
-3.6770024;42.5443077
-3.6734695;42.5443230
-3.6729822;42.5444183
-3.6729941;42.5445557
-3.6730080;42.5447311
-3.6982985;42.5452499
-3.6989603;42.5460739
-3.6914339;42.5454521
-3.6907890;42.5460930
-3.6904061;42.5459213
-3.6990032;42.5461197
-3.6899853;42.5459671
-3.6911860;42.5462685
-3.6423986;42.5463486
-3.6913583;42.5463562
-3.6992362;42.5463829
-3.6989346;42.5464935
-3.6984577;42.5462761
-3.6912847;42.5465240
-3.6993902;42.5465813
-3.6907837;42.5465889
-3.6922197;42.5468788
-3.6997485;42.5470238
-3.6924477;42.5470314
-3.6921453;42.5472450
-3.6413643;42.5502892
-3.6384661;42.5585098
-3.6384680;42.5587196
-3.6382937;42.5587234
-3.6381922;42.5587692
-3.6384909;42.5589333
-3.6374719;42.5591125
-3.7058570;42.5600014
-3.7059147;42.5601845
-3.6285944;42.5622940
-3.6094234;42.5639114
-3.6066670;42.5638008
-3.6110919;42.5639458
-3.6011407;42.5643692
-3.7060211;42.5652542
-3.5907524;42.5653038
-3.5906825;42.5649338
-3.5928843;42.5651627
-3.5926335;42.5654678
-3.5923061;42.5657692
-3.5911257;42.5658798
-3.5921929;42.5659103
-3.5913067;42.5659714
-3.5915084;42.5659752
-3.5916009;42.5660133
-3.5916677;42.5660400
-3.5909581;42.5660896
-3.5919578;42.5661850
-3.5921435;42.5662270
-3.5925310;42.5662460
-3.5921905;42.5662498
-3.5903437;42.5662575
-3.5913372;42.5663872
-3.5910857;42.5663872
-3.5921066;42.5664177
-3.5925665;42.5664253
-3.5918822;42.5664864
-3.5905712;42.5665398
-3.5911064;42.5666351
-3.5918500;42.5666466
-3.5914826;42.5666504
-3.5926759;42.5666504
-3.5920181;42.5666809
-3.5918345;42.5667267
-3.5912540;42.5667648
-3.5908589;42.5668831
-3.5907576;42.5669708
-3.5904241;42.5669785
-3.5918186;42.5670090
-3.5916131;42.5670090
-3.5922151;42.5670204
-3.5903783;42.5672722
-3.5905745;42.5673370
-3.6389067;42.5673485
-3.5970564;42.5674324
-3.6391418;42.5676651
-3.6389225;42.5677567
-3.6387489;42.5678291
-3.6393442;42.5678978
-3.6395979;42.5681686
-3.6398742;42.5684738
-3.6384804;42.5692177
-3.7107463;42.5693283
-3.7115424;42.5698662
-3.6407697;42.5701408
-3.6408107;42.5703278
-3.7125328;42.5703087
-3.7122488;42.5703316
-3.6371648;42.5703659
-3.6371107;42.5703583
-3.7123053;42.5703659
-3.6385365;42.5704002
-3.6393201;42.5697212
-3.6384950;42.5705719
-3.7121322;42.5705757
-3.7127409;42.5706520
-3.6379368;42.5706635
-3.7119024;42.5706749
-3.6403191;42.5705833
-3.6399899;42.5707359
-3.6378951;42.5707588
-3.6384006;42.5707664
-3.6383426;42.5709038
-3.7115858;42.5709305
-3.7131541;42.5709419
-3.6371205;42.5709572
-3.6377954;42.5709724
-3.7128077;42.5710449
-3.6382442;42.5711250
-3.6376796;42.5712051
-3.7136571;42.5712662
-3.7108421;42.5712814
-3.7100298;42.5712929
-3.7098472;42.5712929
-3.7133851;42.5713196
-3.7138348;42.5713921
-3.6387720;42.5714417
-3.6372821;42.5715637
-3.6379611;42.5715904
-3.7141502;42.5715904
-3.6382747;42.5715981
-3.7126193;42.5716057
-3.6374426;42.5716209
-3.6384218;42.5716248
-3.7138381;42.5716324
-3.7134831;42.5716515
-3.7132359;42.5716248
-3.7130430;42.5716553
-3.6386254;42.5716667
-3.7117755;42.5716667
-3.6381803;42.5717087
-3.7125597;42.5717506
-3.7137055;42.5717697
-3.6377208;42.5717926
-3.6377172;42.5719490
-3.6372051;42.5719604
-3.6378036;42.5719757
-3.6378789;42.5720139
-3.7139792;42.5720177
-3.7124410;42.5720596
-3.7120543;42.5720406
-3.7126856;42.5720711
-3.7090168;42.5721397
-3.6383958;42.5722351
-3.6376519;42.5722427
-3.6375124;42.5721817
-3.7115970;42.5722580
-3.7140019;42.5722733
-3.7131348;42.5722733
-3.7141669;42.5722771
-3.7125366;42.5722885
-3.7119927;42.5722885
-3.7133737;42.5723724
-3.6376021;42.5723801
-3.6377673;42.5724297
-3.6375704;42.5724525
-3.6390650;42.5724602
-3.7136383;42.5724869
-3.6400912;42.5725060
-3.6377792;42.5725212
-3.7139938;42.5725250
-3.7125709;42.5725441
-3.7156298;42.5725784
-3.7130880;42.5726013
-3.6381478;42.5726089
-3.7141278;42.5726242
-3.6371264;42.5726318
-3.6399834;42.5726509
-3.6374788;42.5726585
-3.7132599;42.5727386
-3.7125640;42.5727386
-3.6373141;42.5727692
-3.6376357;42.5727768
-3.7142665;42.5727844
-3.7135406;42.5728302
-3.7139094;42.5728569
-3.7160459;42.5728607
-3.7150345;42.5728645
-3.7157166;42.5729256
-3.6369855;42.5729904
-3.6369174;42.5726357
-3.6372709;42.5730095
-3.7132957;42.5730247
-3.6369901;42.5734177
-3.6372054;42.5734711
-3.7176239;42.5743256
-3.6385841;42.5744972
-3.6370697;42.5745392
-3.6384754;42.5746498
-3.6369781;42.5753899
-3.6378858;42.5754433
-3.6372557;42.5756073
-3.6376147;42.5757713
-3.6374805;42.5759392
-3.7184098;42.5762291
-3.6371059;42.5764656
-3.5880523;42.5769272
-3.5879340;42.5770187
-3.5874989;42.5771523
-3.5875487;42.5771713
-3.6368110;42.5771942
-3.5878322;42.5773048
-3.5878534;42.5774117
-3.5880756;42.5774269
-3.5886011;42.5774879
-3.5896184;42.5776062
-3.5878825;42.5776062
-3.5883369;42.5777512
-3.5880263;42.5777664
-3.5876362;42.5778809
-3.5886052;42.5779228
-3.5883677;42.5778732
-3.5883350;42.5779991
-3.5894499;42.5778618
-3.5889294;42.5780182
-3.5887566;42.5781822
-3.5892642;42.5781937
-3.6352558;42.5841141
-3.7255390;42.5892105
-3.6341286;42.5899048
-3.6341162;42.5899734
-3.6339080;42.5910645
-3.6332154;42.5945587
-3.6331887;42.5946884
-3.6332252;42.6007957
-3.7258358;42.6013947
-3.7255731;42.6024818
-3.6337922;42.6030464
-3.7253652;42.6033401
-3.6337113;42.6052971
-3.6335189;42.6085625
-3.2622850;42.9604301
-3.6381557;42.6104355
-3.6390808;42.6097946
-3.6398368;42.6104393
-3.6395056;42.6105156
-3.7259462;42.6176186
-3.6289890;42.6228828
-3.6271274;42.6228943
-3.6270468;42.6249886
-3.7173586;42.6255226
-3.7175558;42.6251068
-3.7172744;42.6256485
-3.7169039;42.6254845
-3.7165508;42.6256905
-3.7172110;42.6257515
-3.7176268;42.6257820
-3.7174056;42.6258278
-3.7181170;42.6258888
-3.7205625;42.6259575
-3.7169974;42.6261444
-3.7168643;42.6261902
-3.7167408;42.6262131
-3.7175469;42.6262169
-3.7178235;42.6261826
-3.7173333;42.6262436
-3.7163870;42.6262474
-3.7156603;42.6262665
-3.7157497;42.6256218
-3.7155159;42.6262779
-3.7153583;42.6259842
-3.7155976;42.6263847
-3.7167268;42.6264305
-3.7163033;42.6264458
-3.7161703;42.6264839
-3.7192490;42.6264877
-3.7172763;42.6265411
-3.7158246;42.6265793
-3.7188883;42.6266518
-3.7193642;42.6266899
-3.7187352;42.6266975
-3.7196186;42.6267853
-3.7194014;42.6268044
-3.7200899;42.6268349
-3.7174425;42.6268501
-3.7167294;42.6268654
-3.7165194;42.6268959
-3.7178280;42.6269302
-3.7194507;42.6269875
-3.7174540;42.6270142
-3.7191479;42.6270447
-3.7158039;42.6270981
-3.7170742;42.6271057
-3.7188797;42.6271706
-3.7168143;42.6271706
-3.7173624;42.6272011
-3.7157586;42.6272697
-3.7196057;42.6272812
-3.7179406;42.6272850
-3.7158735;42.6274071
-3.7170222;42.6274071
-3.7156885;42.6274643
-3.7172718;42.6275864
-3.7150588;42.6276703
-3.7171052;42.6278687
-3.7172248;42.6281090
-3.7104518;42.6292191
-3.7283330;42.6298828
-3.6255443;42.6303978
-3.7084785;42.6304016
-3.6248360;42.6326065
-3.7309213;42.6327820
-3.7037227;42.6331978
-3.7036600;42.6332321
-3.7015028;42.6355667
-3.6237473;42.6361198
-3.6236322;42.6365051
-3.6251023;42.6366844
-3.6249461;42.6370049
-3.7006512;42.6372490
-3.6966529;42.6369057
-3.6241794;42.6374130
-3.6245198;42.6373978
-3.6244934;42.6375999
-3.6239724;42.6376724
-3.6248443;42.6377640
-3.6244555;42.6377792
-3.6244335;42.6378555
-3.7368510;42.6379051
-3.6246789;42.6379433
-3.6243999;42.6379547
-3.6241176;42.6378860
-3.7370727;42.6379890
-3.6243598;42.6380730
-3.6247437;42.6381378
-3.6235816;42.6382217
-3.6242733;42.6382561
-3.6242309;42.6383476
-3.6239591;42.6382370
-3.6247513;42.6384239
-3.6237860;42.6384315
-3.6234605;42.6385269
-3.6241572;42.6385574
-3.6250961;42.6385612
-3.6234572;42.6386070
-3.6229851;42.6386147
-3.6234992;42.6369476
-3.6241324;42.6386261
-3.6234632;42.6387253
-3.6232405;42.6387444
-3.6250489;42.6388206
-3.6245372;42.6388550
-3.6245100;42.6386795
-3.6234293;42.6388588
-3.6237419;42.6388931
-3.6240609;42.6389046
-3.6233997;42.6389809
-3.6237154;42.6390533
-3.6239603;42.6390800
-3.6233592;42.6391525
-3.6249135;42.6392441
-3.6240866;42.6392746
-3.6238854;42.6393013
-3.6238792;42.6393700
-3.6239991;42.6393700
-3.6240947;42.6393700
-3.6227889;42.6394806
-3.6241419;42.6395264
-3.6237905;42.6395340
-3.6245241;42.6395683
-3.6231241;42.6395874
-3.6245935;42.6396332
-3.6237497;42.6396370
-3.6262777;42.6396446
-3.6247110;42.6396828
-3.6231353;42.6397514
-3.6236403;42.6397972
-3.6258643;42.6398315
-3.6237438;42.6398354
-3.6261642;42.6398468
-3.6238718;42.6398544
-3.6241150;42.6398582
-3.6266241;42.6398773
-3.6235449;42.6399422
-3.6237137;42.6400261
-3.6237338;42.6405678
-3.6242771;42.6409874
-3.6762028;42.6442032
-3.6753335;42.6445847
-3.6741395;42.6479912
-3.6735227;42.6487999
-3.6708336;42.6505432
-3.6254752;42.6506577
-3.6335156;42.6517792
-3.6334460;42.6517601
-3.6238949;42.6520958
-3.6261771;42.6521378
-3.6239164;42.6521530
-3.6234622;42.6521835
-3.6232414;42.6521797
-3.6234913;42.6521873
-3.6234150;42.6522293
-3.6236241;42.6522865
-3.6546843;42.6522827
-3.6519339;42.6523170
-3.6235757;42.6523170
-3.6236727;42.6523170
-3.6236277;42.6523476
-3.6551707;42.6524124
-3.6237803;42.6524277
-3.6239016;42.6524391
-3.6232841;42.6524963
-3.6233637;42.6525345
-3.6674502;42.6526871
-3.6494699;42.6529045
-3.6470439;42.6534843
-3.6597145;42.6536369
-3.6217587;42.6537552
-3.6649439;42.6542854
-3.6092274;42.6550713
-3.6198862;42.6568680
-3.1191931;42.9368248
-3.1192462;42.9367180
-3.1193216;42.9365959
-3.3047078;42.9202766
-3.3047545;42.9205093
-3.2811937;42.9159164
-3.2811201;42.9159126
-3.2800097;42.9163628
-3.2799590;42.9163780
-3.2845011;42.9217949
-3.2844138;42.9217758
-3.2613542;42.9244957
-3.2612956;42.9244766
-3.2909174;42.9269562
-3.2908309;42.9269409
-3.2491052;42.9238663
-3.2490146;42.9238892
-3.2471449;42.9244537
-3.2470839;42.9244843
-3.3015013;42.9233055
-3.3014624;42.9233780
-3.2915492;42.9273529
-3.2914436;42.9273949
-3.2949414;42.9276581
-3.2946081;42.9272995
-3.2885892;42.9296455
-3.2885406;42.9296875
-3.2385685;42.9698639
-3.2382774;42.9700394
-3.2787225;42.9410744
-3.2786753;42.9411201
-3.1132834;42.9380836
-3.1134222;42.9380875
-3.1595325;42.9522209
-3.1596270;42.9522476
-3.1692562;42.9545555
-3.1694460;42.9545975
-3.1798534;42.9591484
-3.1799738;42.9591980
-3.2051945;42.9694862
-3.2049155;42.9693832
-3.2266858;42.9781456
-3.2267535;42.9781799
-3.2553954;42.9982643
-3.2555106;42.9983559
-3.2656851;43.0062828
-3.2657449;43.0063324
-3.2800078;43.0153923
-3.2801695;43.0154686
-3.2862747;43.0182457
-3.2864130;43.0183067
-3.3214293;43.0226822
-3.3215890;43.0226822
-3.3397734;43.0227280
-3.3395529;43.0227280
-3.1636784;42.9603233
-3.1647656;42.9625587
-3.1648560;42.9627419
-3.1501400;42.9518929
-3.1500976;42.9519348
-3.1444039;42.9588242
-3.1443760;42.9589272
-3.1439059;42.9608574
-3.1438911;42.9609261
-3.1444163;42.9644432
-3.1440344;42.9643745
-3.1284142;42.9589081
-3.1283667;42.9589844
-3.2758656;42.9479980
-3.2761028;42.9482536
-3.2739902;42.9510956
-3.2740071;42.9511757
-3.2741811;42.9522705
-3.2741117;42.9523277
-3.2716699;42.9555206
-3.2716506;42.9555740
-3.1977422;42.9627762
-3.1976774;42.9627419
-3.2580020;42.9688759
-3.2579794;42.9689178
-3.2547908;42.9782143
-3.2547746;42.9782715
-3.2459800;43.0080643
-3.2461073;43.0081253
-3.3320673;43.0181046
-3.3320935;43.0180206
-3.2414751;43.0285339
-3.2414129;43.0285950
-3.2261021;43.0545273
-3.2260604;43.0544739
-3.1195023;42.9180603
-3.1195319;42.9186172
-3.1195202;42.9186440
-3.2562501;42.9606781
-3.2562323;42.9606934
-3.2011323;42.9714699
-3.2020175;42.9715881
-3.2022007;42.9716110
-3.2074709;42.9750824
-3.2066066;42.9748192
-3.2540226;42.9805145
-3.2538974;42.9808388
-3.2539973;42.9812012
-3.2328238;42.9714890
-3.2325346;42.9729309
-3.2328327;42.9730530
-3.2316735;42.9713974
-3.2310717;42.9713402
-3.2338765;42.9716797
-3.2810664;42.9159279
-3.2791383;42.9176598
-3.3032329;42.9172745
-3.3039153;42.9180641
-3.1180842;42.9180145
-3.1182020;42.9180717
-3.3041518;42.9181137
-3.3042710;42.9180107
-3.1183410;42.9181976
-3.3038170;42.9184380
-3.3033628;42.9183540
-3.3037601;42.9186020
-3.1185775;42.9187813
-3.1183295;42.9185715
-3.1188517;42.9189453
-3.1188998;42.9186172
-3.2779860;42.9190216
-3.1188498;42.9190369
-3.1180353;42.9198380
-3.3041496;42.9199638
-3.3056507;42.9201164
-3.3065884;42.9199066
-3.3057292;42.9192886
-3.3046758;42.9202538
-3.2761343;42.9205170
-3.3059192;42.9205399
-3.3048561;42.9206123
-3.3047526;42.9206200
-3.3049035;42.9206963
-3.3047574;42.9207306
-3.3033254;42.9208755
-3.3059027;42.9210663
-3.3060374;42.9210358
-3.3057292;42.9211082
-3.3052394;42.9211655
-3.3060968;42.9212494
-3.3029919;42.9212990
-3.3049309;42.9213257
-3.2843413;42.9217796
-3.3050351;42.9217796
-3.3050411;42.9218216
-3.2847061;42.9219322
-3.2632582;42.9604759
-3.3020341;42.9220657
-3.3054566;42.9238243
-3.2493613;42.9238319
-3.2695558;42.9239922
-3.2604027;42.9245262
-3.2552977;42.9244652
-3.1197758;42.9245605
-3.3057816;42.9246178
-3.1196005;42.9247246
-3.1149220;42.9226990
-3.2871096;42.9255333
-3.2870643;42.9255333
-3.2923312;42.9256935
-3.2923479;42.9257164
-3.1127281;42.9257202
-3.2924027;42.9257812
-3.2881300;42.9260979
-3.1125641;42.9261436
-3.3065977;42.9266319
-3.2970476;42.9271431
-3.2925813;42.9272346
-3.2925539;42.9272881
-3.2917414;42.9272957
-3.1283715;42.9289284
-3.1280596;42.9286575
-3.1277480;42.9290161
-3.1275246;42.9288864
-3.1269441;42.9290199
-3.1278310;42.9290237
-3.1286302;42.9290733
-3.1282392;42.9291840
-3.1283092;42.9292755
-3.1289520;42.9292984
-3.1291115;42.9293251
-3.1293936;42.9293556
-3.1283226;42.9293861
-3.1292868;42.9294510
-3.1299148;42.9294968
-3.1301320;42.9295464
-3.1290977;42.9296646
-3.1315625;42.9297485
-3.1287510;42.9298477
-3.1273015;42.9299393
-3.1302867;42.9299736
-3.2882593;42.9300156
-3.2885666;42.9302750
-3.2890799;42.9296227
-3.2880812;42.9310074
-3.2880785;42.9310913
-3.2880888;42.9312401
-3.1096509;42.9314270
-3.2879450;42.9314308
-3.2876866;42.9313927
-3.2869301;42.9317932
-3.2864807;42.9308357
-3.2880480;42.9318123
-3.2884452;42.9317245
-3.1261086;42.9321556
-3.2867682;42.9324150
-3.2861512;42.9324913
-3.2862816;42.9320755
-3.2867498;42.9324989
-3.2892182;42.9326172
-3.3091083;42.9327736
-3.3109400;42.9329338
-3.3113899;42.9317741
-3.2856224;42.9330177
-3.3111625;42.9332390
-3.3095067;42.9333801
-3.2853017;42.9334030
-3.2899282;42.9335060
-3.2900565;42.9334412
-3.2895837;42.9335785
-3.2861385;42.9335823
-3.3100584;42.9336281
-3.2906151;42.9336319
-3.1086812;42.9336700
-3.3078868;42.9333687
-3.3082585;42.9337234
-3.3087747;42.9337273
-3.3086004;42.9334259
-3.3096218;42.9337654
-3.3101900;42.9337845
-3.3104892;42.9336815
-3.1241541;42.9339943
-3.2888415;42.9340096
-3.3103776;42.9340935
-3.2892787;42.9342270
-3.3095224;42.9343910
-3.2844112;42.9345093
-3.2892044;42.9346809
-3.2891800;42.9347115
-3.2853749;42.9347763
-3.2848639;42.9353447
-3.2845492;42.9355698
-3.3098295;42.9358749
-3.3099563;42.9363098
-3.1193357;42.9365807
-3.1076794;42.9365883
-3.1073074;42.9375496
-3.1078844;42.9376183
-3.1176293;42.9386406
-3.1065564;42.9387817
-3.1070814;42.9387856
-3.1079903;42.9387856
-3.1085782;42.9389648
-3.1079032;42.9391708
-3.1091242;42.9392014
-3.1077187;42.9392090
-3.1078181;42.9392548
-3.1230311;42.9404259
-3.2787735;42.9410210
-3.1518276;42.9426270
-3.1518404;42.9426613
-3.1520677;42.9433022
-3.1530149;42.9437447
-3.1523347;42.9438591
-3.1534450;42.9439621
-3.1538231;42.9439659
-3.1525426;42.9440765
-3.1522067;42.9441299
-3.1529775;42.9441566
-3.1525278;42.9441833
-3.1535530;42.9442444
-3.1530969;42.9443283
-3.1532092;42.9444008
-3.1527743;42.9444160
-3.1538217;42.9444275
-3.1541255;42.9444199
-3.1532874;42.9444389
-3.1520143;42.9444733
-3.1503906;42.9445229
-3.1518073;42.9446106
-3.1521175;42.9448166
-3.1506579;42.9448547
-3.2753713;42.9450340
-3.1705084;42.9446373
-3.1710711;42.9451485
-3.1711321;42.9452057
-3.1706581;42.9453468
-3.1704249;42.9453621
-3.1712813;42.9454384
-3.1705439;42.9454727
-3.1712918;42.9454803
-3.1704817;42.9455986
-3.1712508;42.9456406
-3.1543417;42.9456863
-3.1702254;42.9457130
-3.1525173;42.9457436
-3.1690307;42.9458733
-3.2743852;42.9458733
-3.1710887;42.9459114
-3.1708198;42.9459343
-3.1524451;42.9461479
-3.1706333;42.9461937
-3.1304271;42.9464951
-3.1523256;42.9467850
-3.1542485;42.9470062
-3.1679797;42.9477158
-3.2750170;42.9477768
-3.1332638;42.9479065
-3.2722602;42.9482574
-3.1332979;42.9483604
-3.1675866;42.9484634
-3.1440752;42.9485054
-3.1442866;42.9485550
-3.2766836;42.9482765
-3.2761738;42.9486313
-3.2761004;42.9487610
-3.2760744;42.9488029
-3.2764227;42.9488907
-3.2716026;42.9490166
-3.2752686;42.9490738
-3.2749934;42.9488144
-3.2753842;42.9491463
-3.2749157;42.9492989
-3.2755394;42.9493217
-3.2755787;42.9493713
-3.2750475;42.9494438
-3.2754805;42.9494438
-3.2756550;42.9495316
-3.2752347;42.9495430
-3.2753551;42.9495621
-3.2753017;42.9496231
-3.2745414;42.9497032
-3.2752094;42.9497337
-3.2755094;42.9497375
-3.2744105;42.9497681
-3.2741718;42.9495773
-3.2751064;42.9498100
-3.2753625;42.9498558
-3.2747285;42.9498940
-3.2753408;42.9499359
-3.2753413;42.9499588
-3.2748287;42.9499855
-3.2763567;42.9499893
-3.2745490;42.9499931
-3.2746859;42.9500656
-3.2746484;42.9500847
-3.2756147;42.9501343
-3.2752180;42.9502411
-3.1670475;42.9502754
-3.2753704;42.9503174
-3.1516449;42.9503326
-3.2751460;42.9503708
-3.2753763;42.9508591
-3.2739828;42.9510574
-3.1494362;42.9526024
-3.1624885;42.9529381
-3.1488514;42.9532318
-3.1323864;42.9536514
-3.2651546;42.9534836
-3.2652550;42.9536896
-3.1664159;42.9538841
-3.1621602;42.9541435
-3.1687129;42.9544373
-3.2650809;42.9549026
-3.1313426;42.9549484
-3.2649753;42.9550400
-3.2649412;42.9550781
-3.2647707;42.9554977
-3.2645152;42.9559822
-3.1303384;42.9562149
-3.1450901;42.9562225
-3.2644100;42.9563293
-3.2651289;42.9563446
-3.2709489;42.9565926
-3.1863706;42.9572792
-3.1862621;42.9571381
-3.1757174;42.9572868
-3.1865327;42.9573479
-3.1868887;42.9573784
-3.2659805;42.9573822
-3.2653220;42.9574280
-3.1894207;42.9576759
-3.1920471;42.9570618
-3.1908166;42.9578476
-3.1873724;42.9578590
-3.1906431;42.9578819
-3.1770825;42.9578896
-3.1903813;42.9579048
-3.2633164;42.9579391
-3.2632632;42.9579582
-3.1867590;42.9579697
-3.1909585;42.9579735
-3.1774042;42.9580307
-3.1893127;42.9580536
-3.1874666;42.9580536
-3.1852741;42.9581032
-3.1852875;42.9577560
-3.1908023;42.9581070
-3.1851540;42.9581375
-3.1845763;42.9580231
-3.1897893;42.9581413
-3.1895893;42.9581833
-3.1877346;42.9582138
-3.1873703;42.9582291
-3.1871843;42.9582329
-3.1864684;42.9582405
-3.1861510;42.9582558
-3.2691712;42.9583321
-3.1806581;42.9580383
-3.1816120;42.9583397
-3.1859858;42.9584465
-3.1902649;42.9584618
-3.1848841;42.9584999
-3.2615690;42.9585533
-3.1884730;42.9585686
-3.1888731;42.9585686
-3.1852202;42.9587288
-3.1855674;42.9587517
-3.1857960;42.9588280
-3.1871843;42.9588890
-3.2606041;42.9589119
-3.1902428;42.9589195
-3.1865323;42.9589272
-3.1865997;42.9589310
-3.1888938;42.9589348
-3.1908767;42.9589882
-3.1849337;42.9590034
-3.1904476;42.9590034
-3.1901944;42.9590111
-3.1848638;42.9590340
-3.2563767;42.9586868
-3.2572122;42.9590416
-3.1852822;42.9590569
-3.1888518;42.9590683
-3.1863627;42.9591789
-3.1841466;42.9591942
-3.1897531;42.9592056
-3.2597635;42.9592247
-3.2637701;42.9601974
-3.2634666;42.9605255
-3.2629800;42.9593544
-3.2656999;42.9594536
-3.1887171;42.9594955
-3.1908748;42.9595108
-3.1921997;42.9595261
-3.2650490;42.9595718
-3.2656848;42.9596519
-3.2643743;42.9596596
-3.2639065;42.9595222
-3.2634287;42.9596863
-3.2631867;42.9595108
-3.2573035;42.9597702
-3.2581954;42.9598083
-3.2640510;42.9598198
-3.1842248;42.9598770
-3.2567413;42.9599152
-3.2638984;42.9599342
-3.2639785;42.9599342
-3.2642021;42.9598961
-3.2638168;42.9599609
-3.2563810;42.9599648
-3.2637231;42.9600182
-3.2639780;42.9601250
-3.2642887;42.9602242
-3.2543626;42.9605865
-3.2633860;42.9606743
-3.1836715;42.9608498
-3.1640182;42.9610100
-3.1268015;42.9610138
-3.1267300;42.9610863
-3.1264415;42.9613800
-3.2620637;42.9623375
-3.2543213;42.9623718
-3.2542675;42.9624062
-3.1252730;42.9627495
-3.2605863;42.9629288
-3.2520111;42.9635963
-3.1430590;42.9642487
-3.1243527;42.9643517
-3.1430223;42.9643822
-3.1426489;42.9644165
-3.1446252;42.9644890
-3.1474099;42.9647102
-3.1935859;42.9649010
-3.1662023;42.9655037
-3.1249185;42.9651871
-3.1241052;42.9655533
-3.1662316;42.9655647
-3.1662719;42.9655571
-3.1666923;42.9656219
-3.1627836;42.9656677
-3.1670384;42.9656906
-3.1230848;42.9656906
-3.1676359;42.9656906
-3.1231668;42.9657326
-3.1667490;42.9657326
-3.1661174;42.9657593
-3.1670468;42.9658508
-3.1225500;42.9658737
-3.1659012;42.9660645
-3.1232517;42.9660759
-3.1248970;42.9661026
-3.1968811;42.9662323
-3.1250830;42.9662743
-3.1656430;42.9662819
-3.1659238;42.9663048
-3.1659951;42.9661789
-3.1236410;42.9663658
-3.1233058;42.9663773
-3.1661308;42.9664230
-3.1265969;42.9664497
-3.1665189;42.9664764
-3.1248019;42.9665527
-3.1673899;42.9665871
-3.1215889;42.9665909
-3.1664236;42.9666100
-3.1222870;42.9666138
-3.1234055;42.9666252
-3.1650515;42.9666328
-3.1222811;42.9667053
-3.1649451;42.9667473
-3.1657217;42.9668007
-3.1223209;42.9670067
-3.1216183;42.9670334
-3.1296539;42.9671783
-3.1673896;42.9671974
-3.1216888;42.9672165
-3.1659520;42.9672394
-3.1234760;42.9673042
-3.1665154;42.9673576
-3.1640379;42.9673767
-3.1639426;42.9667206
-3.1211298;42.9673958
-3.1677608;42.9675064
-3.1221020;42.9675064
-3.1670878;42.9675865
-3.1639118;42.9676208
-3.1265769;42.9676437
-3.1263862;42.9676476
-3.1639016;42.9676895
-3.1250412;42.9676971
-3.1259887;42.9672432
-3.2432106;42.9677124
-3.1670897;42.9677544
-3.1238434;42.9677811
-3.1698337;42.9676971
-3.1679296;42.9678268
-3.1241210;42.9678497
-3.1637743;42.9678535
-3.1671371;42.9678574
-3.1246085;42.9678650
-3.1221397;42.9679184
-3.1238503;42.9679680
-3.1666560;42.9680290
-3.1660988;42.9680634
-3.2423089;42.9681282
-3.2422166;42.9681702
-3.2427690;42.9669228
-3.1217854;42.9681854
-3.1224537;42.9682961
-3.1207409;42.9682961
-3.1670697;42.9683037
-3.1236198;42.9683342
-3.2418582;42.9683342
-3.1253860;42.9683571
-3.1251447;42.9683762
-3.1235683;42.9684181
-3.2419548;42.9684868
-3.1659796;42.9684906
-3.1637664;42.9683266
-3.1646233;42.9685936
-3.1229112;42.9685974
-3.1252196;42.9686089
-3.2412140;42.9686279
-3.1649506;42.9686432
-3.1231058;42.9686623
-3.1652088;42.9686737
-3.1226921;42.9687119
-3.2412815;42.9687233
-3.1658051;42.9688263
-3.1664929;42.9688301
-3.1670780;42.9688950
-3.1670611;42.9689293
-3.2416990;42.9689674
-3.2039030;42.9689827
-3.2418799;42.9690247
-3.1647859;42.9690323
-3.1230998;42.9690475
-3.2422605;42.9691353
-3.2400970;42.9691353
-3.2378278;42.9673996
-3.1668937;42.9691658
-3.2428169;42.9691734
-3.1657407;42.9692497
-3.1641536;42.9692574
-3.2427526;42.9692688
-3.2415755;42.9692688
-3.2417471;42.9692917
-3.2421091;42.9693069
-3.1637874;42.9693069
-3.1235805;42.9693222
-3.1657739;42.9693565
-3.1662469;42.9693832
-3.2407191;42.9691238
-3.2405584;42.9693947
-3.1654103;42.9694176
-3.1658113;42.9694862
-3.2420213;42.9694901
-3.2417686;42.9694901
-3.1652544;42.9694977
-3.1649411;42.9695244
-3.1230960;42.9695244
-3.1647816;42.9695511
-3.2414525;42.9695930
-3.1669571;42.9695930
-3.1655712;42.9696045
-3.2390065;42.9696274
-3.2414298;42.9696350
-3.2423465;42.9697113
-3.1645665;42.9698067
-3.1658199;42.9698181
-3.1145391;42.9698982
-3.1658301;42.9699974
-3.1664093;42.9699554
-3.2381454;42.9701080
-3.2414548;42.9701843
-3.2070005;42.9701881
-3.2411277;42.9701462
-3.1397412;42.9702339
-3.1658473;42.9702988
-3.1374998;42.9703140
-3.1374056;42.9703217
-3.1380105;42.9703789
-3.1393626;42.9703789
-3.1390078;42.9704475
-3.1393125;42.9705086
-3.1665554;42.9705467
-3.1374061;42.9706001
-3.1370728;42.9706612
-3.1379609;42.9707146
-3.2432356;42.9707108
-3.2434621;42.9707222
-3.2435064;42.9707260
-3.1370893;42.9707870
-3.1377292;42.9707909
-3.2426529;42.9708900
-3.2430971;42.9709892
-3.2420011;42.9710350
-3.1374652;42.9710960
-3.1374481;42.9712410
-3.1364517;42.9712563
-3.2100852;42.9713821
-3.1997702;42.9712791
-3.2410069;42.9715195
-3.2394323;42.9714127
-3.2059577;42.9715767
-3.2024615;42.9716187
-3.2026489;42.9716682
-3.2020054;42.9716797
-3.2407041;42.9716873
-3.1414025;42.9715996
-3.1410565;42.9717598
-3.2048714;42.9717674
-3.2047119;42.9717712
-3.1402469;42.9718246
-3.2429383;42.9718285
-3.1372144;42.9718781
-3.1383226;42.9719124
-3.2036467;42.9719543
-3.1391537;42.9720993
-3.2009027;42.9720879
-3.1383231;42.9721069
-3.2097781;42.9721146
-3.1391144;42.9721489
-3.2051804;42.9721527
-3.1396391;42.9722099
-3.1396968;42.9722176
-3.1384838;42.9722328
-3.2018368;42.9722481
-3.1404216;42.9722595
-3.1395924;42.9725647
-3.1381650;42.9727135
-3.2441111;42.9727669
-3.1071088;42.9728355
-3.2034607;42.9729614
-3.2329490;42.9729996
-3.2053535;42.9730530
-3.2145066;42.9731064
-3.2146704;42.9731712
-3.2024515;42.9732399
-3.2100418;42.9732857
-3.2007105;42.9733315
-3.2100604;42.9733543
-3.2082117;42.9721832
-3.2072532;42.9737549
-3.2126372;42.9738235
-3.0869932;42.9738350
-3.2124872;42.9738503
-3.2034826;42.9738731
-3.2165303;42.9738922
-3.2047939;42.9739151
-3.2025464;42.9739380
-3.2121165;42.9739380
-3.2081206;42.9740181
-3.2017944;42.9740944
-3.2029464;42.9740982
-3.2002647;42.9741516
-3.2024851;42.9741554
-3.2028849;42.9741554
-3.2133646;42.9741783
-3.2098143;42.9742012
-3.2119486;42.9742508
-3.2012084;42.9742813
-3.2033732;42.9742966
-3.2003050;42.9743042
-3.2088890;42.9743500
-3.2008259;42.9743538
-3.2135549;42.9743958
-3.2102931;42.9744911
-3.2092578;42.9745102
-3.2101047;42.9745102
-3.2041888;42.9745293
-3.2011960;42.9745293
-3.1062262;42.9745331
-3.2084792;42.9745331
-3.2041492;42.9745941
-3.2013526;42.9746017
-3.2101650;42.9746513
-3.2115805;42.9746857
-3.2152417;42.9747429
-3.2053654;42.9747658
-3.2032382;42.9748077
-3.2058458;42.9748077
-3.2031658;42.9748154
-3.2008862;42.9748802
-3.2099631;42.9749870
-3.2003739;42.9750710
-3.2132680;42.9750748
-3.2132173;42.9751205
-3.2123408;42.9751816
-3.2144029;42.9752579
-3.2101209;42.9752617
-3.2084255;42.9751930
-3.2141271;42.9753380
-3.2140405;42.9753761
-3.2028239;42.9754143
-3.2142866;42.9754333
-3.2104976;42.9754715
-3.2175093;42.9755020
-3.2123172;42.9755440
-3.2125614;42.9755745
-3.2130270;42.9756088
-3.2131052;42.9756241
-3.2010214;42.9756508
-3.2010312;42.9757156
-3.2212894;42.9757347
-3.2196035;42.9759331
-3.2166927;42.9759598
-3.2117324;42.9759903
-3.2204447;42.9761124
-3.2125037;42.9761543
-3.2029240;42.9761620
-3.2175810;42.9761620
-3.2119956;42.9762115
-3.2122624;42.9762878
-3.2184775;42.9763680
-3.2120693;42.9764328
-3.2193384;42.9765511
-3.2258234;42.9765854
-3.2119837;42.9766541
-3.2099714;42.9767189
-3.2202318;42.9767342
-3.2136240;42.9767380
-3.2253571;42.9767799
-3.2099800;42.9767990
-3.2241435;42.9768257
-3.2243040;42.9768982
-3.2243829;42.9769096
-3.2251678;42.9769363
-3.2201285;42.9769859
-3.2182016;42.9770088
-3.2172484;42.9770126
-3.2247872;42.9770546
-3.2247162;42.9770889
-3.2248604;42.9770889
-3.2247839;42.9771271
-3.2191303;42.9772301
-3.2120285;42.9772301
-3.2251661;42.9772835
-3.2250977;42.9773064
-3.2242796;42.9773102
-3.2155726;42.9773254
-3.2243438;42.9773445
-3.2252493;42.9773674
-3.2240028;42.9774933
-3.2236311;42.9776878
-3.2235646;42.9777336
-3.2225595;42.9784546
-3.2208765;42.9796867
-3.0976515;42.9802208
-3.0978210;42.9803925
-3.0979695;42.9805412
-3.2189147;42.9810791
-3.0988693;42.9811249
-3.2532303;42.9808578
-3.2534091;42.9811707
-3.2527354;42.9810104
-3.2536139;42.9813156
-3.0988257;42.9813576
-3.0969670;42.9812431
-3.1043646;42.9813652
-3.1000304;42.9814758
-3.0989327;42.9815025
-3.2182357;42.9815712
-3.1005363;42.9815788
-3.1007545;42.9817429
-3.1002488;42.9817505
-3.1002727;42.9818001
-3.0992110;42.9819489
-3.0999727;42.9819870
-3.0999544;42.9820023
-3.2543237;42.9820518
-3.0991364;42.9820557
-3.2539504;42.9821205
-3.0993841;42.9822731
-3.1021779;42.9822617
-3.0988824;42.9823608
-3.1007049;42.9823837
-3.1012754;42.9824104
-3.1003025;42.9824219
-3.1002548;42.9824257
-3.1007659;42.9824600
-3.1001232;42.9824677
-3.0985916;42.9824715
-3.0997968;42.9824982
-3.2345264;42.9825554
-3.2544332;42.9825859
-3.1002941;42.9826050
-3.2542539;42.9826775
-3.1002653;42.9827042
-3.0999882;42.9827957
-3.1004422;42.9827995
-3.0999396;42.9828720
-3.0997369;42.9829330
-3.2545474;42.9829445
-3.2539763;42.9829712
-3.2540803;42.9829826
-3.2351804;42.9829941
-3.0999725;42.9830170
-3.1004672;42.9830246
-3.2539229;42.9830475
-3.2532012;42.9820251
-3.1000834;42.9830933
-3.1004841;42.9831696
-3.1002049;42.9832802
-3.2550609;42.9831619
-3.2546735;42.9833794
-3.2334421;42.9833908
-3.2322328;42.9825821
-3.2546961;42.9834328
-3.2543900;42.9835281
-3.2362216;42.9836922
-3.2341440;42.9837990
-3.2328436;42.9838486
-3.2542453;42.9839478
-3.2366788;42.9839973
-3.2353880;42.9810410
-3.2344961;42.9840279
-3.2368553;42.9841156
-3.2550344;42.9841309
-3.2541063;42.9842224
-3.2556462;42.9844627
-3.2352028;42.9844780
-3.2353086;42.9845505
-3.2536411;42.9846878
-3.2377408;42.9846992
-3.2335742;42.9848289
-3.2358987;42.9848976
-3.2401092;42.9848442
-3.2398884;42.9850655
-3.2383511;42.9851112
-3.2160096;42.9851761
-3.2564435;42.9852028
-3.2397180;42.9852409
-3.2388899;42.9847717
-3.2341745;42.9852676
-3.2556462;42.9854431
-3.2369850;42.9854660
-3.2555108;42.9854851
-3.2369421;42.9855118
-3.2413008;42.9853096
-3.2407641;42.9856720
-3.2348661;42.9857330
-3.2568436;42.9857750
-3.2393398;42.9857788
-3.2406487;42.9859009
-3.2372475;42.9859009
-3.2337041;42.9865150
-3.2406018;42.9866295
-3.2407625;42.9867401
-3.2352464;42.9869003
-3.2375124;42.9869118
-3.2387369;42.9870300
-3.2346089;42.9871368
-3.2574313;42.9872017
-3.2415977;42.9873009
-3.2374983;42.9873390
-3.2404628;42.9874268
-3.2578900;42.9874687
-3.2414322;42.9874916
-3.2411046;42.9875031
-3.2404003;42.9875565
-3.2408392;42.9878082
-3.2141566;42.9880333
-3.2402465;42.9881020
-3.2411282;42.9881821
-3.2415340;42.9882050
-3.2429321;42.9882240
-3.2415073;42.9882469
-3.2442272;42.9882660
-3.2445536;42.9877853
-3.2423716;42.9883804
-3.2413681;42.9884377
-3.2426612;42.9884529
-3.2413981;42.9885559
-3.2433856;42.9886284
-3.2408924;42.9886551
-3.2405009;42.9887047
-3.2416894;42.9888687
-3.2420537;42.9889641
-3.2411244;42.9890289
-3.2438383;42.9890327
-3.2416933;42.9890404
-3.2412744;42.9890480
-3.2428067;42.9890518
-3.2383931;42.9890633
-3.2388792;42.9885178
-3.2428908;42.9890709
-3.2418838;42.9891281
-3.2430906;42.9891319
-3.2401330;42.9891548
-3.2436879;42.9892578
-3.2441273;42.9892654
-3.2447910;42.9889183
-3.2441704;42.9892998
-3.2396953;42.9893494
-3.2445433;42.9895821
-3.2390785;42.9896164
-3.2378135;42.9895668
-3.2372415;42.9896393
-3.1895847;42.9893150
-3.1897829;42.9896393
-3.2408786;42.9896469
-3.2409790;42.9896545
-3.2443857;42.9896622
-3.2440190;42.9896202
-3.2421999;42.9896851
-3.2391772;42.9897232
-3.2447462;42.9897308
-3.2436202;42.9897423
-3.2442720;42.9897499
-3.2414598;42.9898224
-3.2426085;42.9898720
-3.2420280;42.9898834
-3.2443488;42.9898911
-3.2403305;42.9899063
-3.2402954;42.9899101
-3.2433846;42.9899139
-3.2397602;42.9899178
-3.2401619;42.9899406
-3.2416396;42.9899673
-3.2416096;42.9899521
-3.2443843;42.9899750
-3.2407203;42.9899864
-3.1905766;42.9899979
-3.2414286;42.9900055
-3.2432609;42.9900131
-3.2427671;42.9900169
-3.2400010;42.9900360
-3.1897628;42.9900436
-3.2401822;42.9900970
-3.2419486;42.9901695
-3.2434926;42.9901733
-3.2429368;42.9902077
-3.2420690;42.9902267
-3.2441165;42.9902306
-3.2397492;42.9902534
-3.2426269;42.9902954
-3.2425003;42.9903374
-3.2406490;42.9903488
-3.1896544;42.9903679
-3.2422540;42.9904251
-3.1900854;42.9904518
-3.2434437;42.9904556
-3.2457309;42.9904861
-3.2495935;42.9905243
-3.2448149;42.9905319
-3.2419887;42.9905624
-3.2395048;42.9905701
-3.2423780;42.9905739
-3.2419646;42.9905777
-3.2412727;42.9905815
-3.2444215;42.9906044
-3.2446823;42.9906235
-3.2437439;42.9906540
-3.2448535;42.9906654
-3.2449033;42.9906731
-3.2456770;42.9906921
-3.2410016;42.9906960
-3.1901813;42.9907036
-3.2450495;42.9907036
-3.2441404;42.9907188
-3.2460506;42.9907303
-3.2459488;42.9908142
-3.2450211;42.9908752
-3.2426920;42.9908943
-3.2432866;42.9909019
-3.2417758;42.9909019
-3.2445040;42.9909668
-3.2444291;42.9908943
-3.2403612;42.9909706
-3.2489474;42.9909782
-3.2490120;42.9909668
-3.2428198;42.9909897
-3.2449944;42.9910965
-3.2455637;42.9911156
-3.2411418;42.9911270
-3.2514002;42.9911308
-3.2431250;42.9911575
-3.2483203;42.9901390
-3.2466512;42.9911804
-3.2443385;42.9911919
-3.2430878;42.9912262
-3.2415872;42.9912262
-3.2465646;42.9912415
-3.2461951;42.9909401
-3.2443588;42.9912872
-3.2422910;42.9911194
-3.2446508;42.9914284
-3.2443841;42.9914665
-3.2470322;42.9914742
-3.2449644;42.9915047
-3.2468967;42.9915085
-3.2413421;42.9915504
-3.2450914;42.9915504
-3.2490411;42.9915657
-3.2413902;42.9916077
-3.2440405;42.9916229
-3.2439108;42.9916611
-3.2448428;42.9917374
-3.2423155;42.9917641
-3.2420404;42.9917946
-3.2456503;42.9918404
-3.2463648;42.9918671
-3.2412817;42.9918976
-3.2469776;42.9919815
-3.2459571;42.9920158
-3.2409854;42.9920273
-3.2115083;42.9921417
-3.2114866;42.9921761
-3.2480001;42.9922218
-3.2474146;42.9923210
-3.2471509;42.9922676
-3.2404397;42.9923210
-3.2452171;42.9924850
-3.2478149;42.9926529
-3.2474482;42.9932137
-3.2486467;42.9934616
-3.2495444;42.9934769
-3.2450113;42.9935036
-3.2478306;42.9935760
-3.2491615;42.9937859
-3.2484100;42.9937935
-3.2493036;42.9938850
-3.2487009;42.9939003
-3.2489774;42.9940224
-3.2491357;42.9940872
-3.2485530;42.9940910
-3.2489059;42.9942665
-3.2499685;42.9943657
-3.2485132;42.9947433
-3.2476795;42.9947662
-3.2505832;42.9948120
-3.2512076;42.9952545
-3.2480550;42.9953041
-3.2500827;42.9953613
-3.2518733;42.9953690
-3.2500196;42.9954338
-3.2516296;42.9955978
-3.2518032;42.9957390
-3.2476878;42.9957886
-3.2486465;42.9958000
-3.2506843;42.9958153
-3.2506111;42.9958916
-3.2523911;42.9961967
-3.2492337;42.9962730
-3.2082789;42.9963455
-3.2529805;42.9966850
-3.2498090;42.9967461
-3.2539871;42.9971085
-3.2535639;42.9971771
-3.2503970;42.9972191
-3.2537367;42.9973183
-3.2541354;42.9976463
-3.2509930;42.9976959
-3.2511573;42.9978333
-3.2473409;42.9981003
-3.2547379;42.9981384
-3.2552431;42.9981461
-3.2515898;42.9981880
-3.2473059;42.9982681
-3.2550375;42.9983711
-3.2521551;42.9986610
-3.2521880;42.9986877
-3.2527447;42.9991341
-3.2533102;42.9996147
-3.2536106;42.9998436
-3.2479203;43.0015144
-3.2480733;43.0017509
-3.2041650;43.0020218
-3.2481575;43.0020905
-3.2620804;43.0034790
-3.2479215;43.0038643
-3.2479260;43.0039711
-3.2025552;43.0039864
-3.2467377;43.0061264
-3.2457225;43.0071793
-3.2671247;43.0074120
-3.2671878;43.0074615
-3.2669444;43.0089531
-3.2668929;43.0092316
-3.2668648;43.0093956
-3.2664037;43.0095406
-3.2660122;43.0094376
-3.2667172;43.0097580
-3.2671793;43.0098381
-3.2666812;43.0098495
-3.2675869;43.0102768
-3.2670507;43.0104561
-3.2667174;43.0104790
-3.2656257;43.0100441
-3.2684822;43.0105438
-3.2667985;43.0106583
-3.2667804;43.0106697
-3.2661498;43.0106773
-3.2688012;43.0107193
-3.2683835;43.0107346
-3.2714629;43.0107918
-3.2667859;43.0108070
-3.2666628;43.0107803
-3.2678628;43.0108299
-3.2715318;43.0108452
-3.2691061;43.0108986
-3.2680063;43.0110283
-3.2677019;43.0109863
-3.2673955;43.0110817
-3.2692065;43.0111046
-3.2703052;43.0109634
-3.2699239;43.0111046
-3.2691238;43.0111198
-3.2644486;43.0111656
-3.2692828;43.0112000
-3.2668910;43.0112343
-3.2682617;43.0112724
-3.2669258;43.0113335
-3.2682199;43.0113411
-3.2687314;43.0113754
-3.2696202;43.0113792
-3.2686064;43.0113945
-3.2667422;43.0114555
-3.2692664;43.0116234
-3.2684546;43.0116768
-3.2674320;43.0116806
-3.2683988;43.0117149
-3.2685032;43.0117149
-3.2690160;43.0117645
-3.2692966;43.0117912
-3.2688658;43.0118027
-3.2678525;43.0118370
-3.2688034;43.0118446
-3.2672105;43.0119171
-3.2666328;43.0119476
-3.2686179;43.0119896
-3.2666335;43.0121002
-3.2690246;43.0121498
-3.2671094;43.0121536
-3.2696853;43.0122299
-3.2678032;43.0122566
-3.2673743;43.0123138
-3.2666531;43.0123672
-3.2698901;43.0123749
-3.2682858;43.0124474
-3.2676797;43.0124702
-3.2680664;43.0125351
-3.2673030;43.0125465
-3.2711432;43.0125809
-3.2678339;43.0125961
-3.2692978;43.0126495
-3.2700086;43.0127258
-3.2689385;43.0127907
-3.2700031;43.0128365
-3.2675006;43.0128441
-3.2693183;43.0128517
-3.2675171;43.0129280
-3.2684526;43.0129623
-3.2685497;43.0133438
-3.2681530;43.0133934
-3.2688141;43.0138474
-3.3074009;43.0147018
-3.3073843;43.0147400
-3.3325448;43.0150070
-3.3325410;43.0150452
-3.2802348;43.0154953
-3.3324993;43.0166779
-3.3324687;43.0167465
-3.3067470;43.0169640
-3.3066313;43.0171051
-3.2797010;43.0182953
-3.2796822;43.0185280
-3.2869797;43.0185623
-3.2873955;43.0187607
-3.2800076;43.0188866
-3.2795556;43.0189781
-3.2801893;43.0190659
-3.3054392;43.0191498
-3.2795029;43.0192642
-3.2801206;43.0193901
-3.2803967;43.0195122
-3.2803080;43.0194435
-3.3312712;43.0200615
-3.2950253;43.0211945
-3.3043365;43.0220070
-3.3309362;43.0227165
-3.3308067;43.0240784
-3.1921289;43.0241241
-3.1919460;43.0244179
-3.2425199;43.0244446
-3.1918347;43.0246010
-3.3304770;43.0246544
-3.3288503;43.0236626
-3.3305027;43.0249596
-3.3308985;43.0253944
-3.3332472;43.0254517
-3.3332906;43.0253334
-3.3313169;43.0254593
-3.3328285;43.0254745
-3.3322856;43.0255051
-3.3031294;43.0255051
-3.3318412;43.0255165
-3.3317413;43.0255356
-3.3336329;43.0255852
-3.3309565;43.0256042
-3.3347788;43.0253372
-3.3337991;43.0256233
-3.3337839;43.0256500
-3.3317566;43.0256729
-3.3318677;43.0256424
-3.3337193;43.0256920
-3.3322880;43.0257301
-3.3291662;43.0257339
-3.3324804;43.0258560
-3.3311617;43.0258560
-3.3336601;43.0259361
-3.3325551;43.0259552
-3.3330050;43.0259781
-3.3331177;43.0257835
-3.3305335;43.0259972
-3.3326972;43.0260468
-3.3336647;43.0260506
-3.3327303;43.0261688
-3.3319421;43.0262260
-3.3319700;43.0262566
-3.3326993;43.0263138
-3.3335810;43.0263290
-3.3320510;43.0263596
-3.3326967;43.0264702
-3.3314855;43.0264778
-3.3333557;43.0264893
-3.3320138;43.0265312
-3.3327961;43.0265465
-3.3320003;43.0265770
-3.3328321;43.0265923
-3.3326588;43.0266457
-3.3334765;43.0266991
-3.3326046;43.0267143
-3.3325355;43.0267792
-3.3333747;43.0267792
-3.3321042;43.0267868
-3.3319240;43.0268021
-3.3323278;43.0268097
-3.3317716;43.0268402
-3.3324423;43.0269394
-3.3313775;43.0269623
-3.3300941;43.0269051
-3.1923134;43.0267754
-3.3315156;43.0270042
-3.3337686;43.0270462
-3.3340864;43.0271111
-3.3333604;43.0272064
-3.3315530;43.0272408
-3.3330674;43.0272903
-3.2425880;43.0273438
-3.3315372;43.0273514
-3.3306241;43.0274353
-3.3331916;43.0276566
-3.1928239;43.0279160
-3.1928344;43.0283241
-3.2996790;43.0289497
-3.2990193;43.0289230
-3.2997756;43.0289574
-3.2408965;43.0289764
-3.3008320;43.0289803
-3.2994874;43.0290222
-3.3008153;43.0290756
-3.2993703;43.0290794
-3.3004527;43.0291023
-3.3005803;43.0291862
-3.2953367;43.0285110
-3.2964292;43.0291939
-3.2963445;43.0291901
-3.2983825;43.0292778
-3.2978015;43.0291977
-3.2973728;43.0292816
-3.2969060;43.0293121
-3.2953634;43.0293274
-3.2977939;43.0293617
-3.2963068;43.0294571
-3.3008559;43.0295372
-3.2989259;43.0295677
-3.2949491;43.0295830
-3.3013973;43.0296173
-3.3017793;43.0296288
-3.2991779;43.0296707
-3.3022687;43.0296745
-3.2993228;43.0296783
-3.2994192;43.0296860
-3.3005140;43.0296936
-3.2996552;43.0297050
-3.3004804;43.0297127
-3.2989202;43.0297585
-3.2978678;43.0297890
-3.2970219;43.0297890
-3.2966161;43.0296822
-3.2988241;43.0298157
-3.2979093;43.0298920
-3.2986500;43.0299187
-3.2987728;43.0299454
-3.2969606;43.0300102
-3.2966418;43.0298805
-3.2988954;43.0300369
-3.2982156;43.0301094
-3.2988431;43.0301285
-3.2983947;43.0301399
-3.2983382;43.0301971
-3.2975812;43.0302200
-3.2982869;43.0302467
-3.2990732;43.0302582
-3.2981038;43.0303459
-3.2998629;43.0303688
-3.2983644;43.0304527
-3.2994449;43.0304794
-3.2993951;43.0304794
-3.2994130;43.0305176
-3.2968605;43.0305176
-3.2967775;43.0304871
-3.3001127;43.0305519
-3.3005543;43.0306053
-3.2993524;43.0306091
-3.2950945;43.0306091
-3.2986968;43.0306511
-3.2987843;43.0306625
-3.2988579;43.0306854
-3.2990057;43.0306969
-3.2950151;43.0307045
-3.2978101;43.0307961
-3.2962043;43.0308037
-3.2976999;43.0308304
-3.2981331;43.0308647
-3.2989740;43.0308685
-3.3005886;43.0310135
-3.2979860;43.0310135
-3.2989738;43.0310707
-3.2987301;43.0310707
-3.2998927;43.0311623
-3.2998772;43.0311928
-3.2994978;43.0311966
-3.2990181;43.0312195
-3.2994573;43.0312195
-3.2995300;43.0313187
-3.3001215;43.0313377
-3.3007216;43.0316124
-3.2997196;43.0318794
-3.3011193;43.0320129
-3.2966495;43.0323334
-3.2352998;43.0391312
-3.2338567;43.0447426
-3.2337048;43.0451355
-3.2239575;43.0508308
-3.2238691;43.0507851
-3.2228580;43.0510292
-3.2225482;43.0512848
-3.2225287;43.0513000
-3.2220042;43.0514374
-3.2217870;43.0514641
-3.2213197;43.0516396
-3.2221580;43.0516739
-3.2224739;43.0519180
-3.2218685;43.0519600
-3.2299156;43.0573959
-3.2354960;43.0578384
-3.2320626;43.0581169
-3.2330687;43.0581856
-3.2343588;43.0581741
-3.2332444;43.0581932
-3.2345068;43.0582161
-3.2354550;43.0582199
-3.2355649;43.0582504
-3.2332156;43.0582848
-3.2332044;43.0583839
-3.2350752;43.0583916
-3.2352400;43.0584106
-3.2356598;43.0584145
-3.2357590;43.0584106
-3.2348590;43.0585022
-3.2333319;43.0585251
-3.2344053;43.0586433
-3.2343061;43.0586739
-3.2339935;43.0591393
-3.2355597;43.0593491
-3.2337067;43.0598221
-3.2335417;43.0599518
-3.2332535;43.0593681
-3.2333388;43.0599556
-3.2333677;43.0600052
-3.2335215;43.0601158
-3.2335510;43.0602608
-3.2340779;43.0602913
-3.2325327;43.0603027
-3.2336252;43.0608063
-3.2633770;42.9596481
-2.9994435;42.6318283
-2.9975977;42.6330223
-2.9992177;42.6310577
-2.9994531;42.6317177
-2.9944699;42.6312943
-2.9918871;42.6300735
-2.9967475;42.6330261
-2.9949267;42.6301689
-3.0005512;42.6269798
-3.0007088;42.6269531
-3.0012724;42.6270638
-3.0010355;42.6266060
-2.9994359;42.6271477
-2.9995761;42.6269531
-3.0009878;42.6264915
-2.9980767;42.6281548
-2.9987793;42.6274834
-2.9988811;42.6277771
-2.9998746;42.6262856
-3.0003116;42.6272774
-2.9863470;42.6274414
-2.9761252;42.6313629
-3.0190289;42.6153107
-3.0190656;42.6153145
-2.9969969;42.6181412
-3.0015204;42.6170158
-2.9906113;42.6286240
-3.0003285;42.6276283
-2.9994841;42.6273384
-3.0002360;42.6276932
-2.9986353;42.6282043
-3.0009582;42.6263466
-2.9997261;42.6270790
-3.0140121;42.6152992
-3.0089352;42.6160431
-3.0194182;42.6153297
-3.0204294;42.6153984
-3.0063651;42.6232605
-3.0081964;42.6185837
-3.0002718;42.6254616
-3.0009916;42.6254959
-3.0006952;42.6257439
-2.9941251;42.6292953
-2.9946139;42.6262856
-3.0016038;42.6270027
-2.9964769;42.6178818
-2.9910641;42.6201210
-2.9877193;42.6220436
-2.9831173;42.6240997
-2.9852943;42.5656395
-2.9888070;42.5637932
-2.9842510;42.5315666
-2.9844167;42.5315208
-2.9879627;42.5625420
-2.9900720;42.5635109
-2.9865596;42.5658417
-2.9905655;42.5634346
-2.9958932;42.5633430
-2.9836135;42.5653687
-2.9814398;42.5595970
-2.9872787;42.5622330
-2.9913869;42.5641098
-2.9934785;42.5650330
-2.9935310;42.5650597
-2.9904954;42.5634346
-3.0260653;42.6213379
-3.0256274;42.6198578
-3.0245979;42.6303253
-3.0267460;42.6262665
-3.0348136;42.5903397
-3.0349233;42.5904694
-3.0350137;42.5905762
-3.0350676;42.5906372
-3.0347886;42.5907555
-3.0389936;42.5926399
-3.0387471;42.5928116
-3.0389750;42.5929070
-3.0495703;42.5975952
-3.0496151;42.5975266
-3.0584824;42.6006584
-3.0587206;42.6007614
-3.0350685;42.5902634
-3.0215316;42.6154709
-3.0252211;42.6157570
-3.0391905;42.6160393
-3.0396638;42.6154976
-3.0263226;42.6158409
-3.0369864;42.6148338
-3.0367196;42.6149712
-3.0372813;42.6150246
-3.0389385;42.6148682
-3.0394495;42.6152534
-3.0387471;42.6150475
-3.0436089;42.5943260
-3.0379632;42.6154442
-3.0388150;42.6159668
-3.0390227;42.6161423
-3.0389049;42.6162186
-3.0363514;42.6150360
-3.0377917;42.6142731
-3.0380945;42.6145172
-3.0394421;42.6156197
-3.0389810;42.6158752
-3.0391047;42.6158066
-3.0376201;42.6147919
-3.0378468;42.6146469
-3.0376909;42.6147423
-3.0370727;42.6147842
-3.0394411;42.6134224
-3.0380669;42.6141319
-3.0372486;42.6135483
-3.0383441;42.6152382
-3.0499332;42.5970306
-3.0575616;42.6002731
-3.0517461;42.5954933
-3.0325868;42.6144218
-3.0419006;42.6092148
-3.0288131;42.6175995
-3.0295005;42.6161232
-3.0399196;42.6150475
-3.0395730;42.6167831
-3.0446849;42.6049538
-3.0481079;42.5997734
-3.0317051;42.5867615
-3.0565670;42.5882416
-3.0570140;42.5869179
-3.0565219;42.5884857
-3.0549614;42.5930023
-3.0485718;42.5990868
-3.0574670;42.6090622
-3.0636377;42.6073952
-3.0499566;42.6110840
-3.0422564;42.6136360
-3.0648403;42.6070518
-3.0655174;42.6068687
-3.0420489;42.6089668
-3.0417902;42.6089897
-2.9989533;42.5675049
-2.9993632;42.5676880
-3.0206516;42.5774803
-3.0211334;42.5777245
-2.9931517;42.5888634
-2.9956341;42.5870934
-3.0206740;42.5778656
-3.0209343;42.5778313
-2.9992471;42.5678749
-2.9988232;42.5678024
-3.0000446;42.5679932
-2.9985297;42.5677567
-2.9957776;42.5868607
-2.9919484;42.5899849
-2.9928114;42.5893555
-3.0215609;42.5780563
-3.0208170;42.5778046
-3.0104804;42.5802498
-3.0101254;42.5795288
-3.0145667;42.5806618
-3.0130010;42.5810051
-3.0129330;42.5810585
-3.0127752;42.5812302
-3.0126419;42.5812721
-3.0125432;42.5813065
-3.0123210;42.5814285
-3.0121536;42.5814819
-3.0116456;42.5808449
-3.0107710;42.5806046
-3.0116980;42.5827789
-3.0107472;42.5828247
-3.0123878;42.5734863
-3.0145338;42.5745773
-3.0257549;42.5808907
-3.0262163;42.5814056
-2.9915538;42.5666428
-2.9917426;42.5666733
-3.0122097;42.5827675
-3.0125184;42.5827522
-3.0136034;42.5827637
-3.0142174;42.5828819
-3.0098488;42.5828781
-3.0087428;42.5828209
-3.0028315;42.5843315
-3.0133734;42.5814857
-3.0132535;42.5815811
-3.0130496;42.5817223
-3.0131011;42.5818253
-3.0106339;42.5811348
-3.0101750;42.5803337
-3.0117459;42.5812950
-3.0125194;42.5822945
-3.0138168;42.5816383
-3.0139208;42.5821037
-3.0295928;42.5843391
-3.0308573;42.5857811
-3.0175047;42.5758705
-2.9852891;42.5913734
-3.0157549;42.5797424
-3.0159042;42.5797005
-3.0122511;42.5819283
-3.0121486;42.5822792
-3.0116422;42.5816841
-3.0116808;42.5823250
-3.0116603;42.5825348
-3.0119517;42.5815468
-3.0122635;42.5823746
-3.0120440;42.5823936
-3.0123835;42.5816498
-3.0111310;42.5810928
-3.0121644;42.5818405
-3.0124941;42.5821114
-3.0127099;42.5822220
-3.0125639;42.5821609
-3.0124223;42.5823517
-3.0137670;42.5816689
-3.0101798;42.5811462
-3.0108349;42.5822067
-2.9831302;42.5918770
-3.0200937;42.5780182
-3.0119045;42.5813942
-3.0016809;42.5843277
-3.0148387;42.5801468
-3.0077288;42.5713882
-3.0003333;42.5681229
-3.0060740;42.5707207
-2.9962146;42.5862846
-3.0309849;42.5859222
-3.0313935;42.5863991
-3.0137432;42.5829811
-3.0111485;42.5802383
-3.0112410;42.5811119
-3.0096855;42.5793076
-3.0107737;42.5825539
-3.0110426;42.5809746
-3.0136926;42.5813370
-3.0118163;42.5815697
-3.0132413;42.5824242
-3.0138967;42.5810852
-3.0130637;42.5822029
-3.0156419;42.5797729
-3.0151954;42.5799294
-3.0152085;42.5797272
-3.0151012;42.5796242
-3.0191736;42.5025330
-3.0172358;42.5013199
-3.0204561;42.5019760
-3.0205243;42.5018501
-3.0180306;42.5039291
-3.0185857;42.5039902
-3.0188866;42.5039291
-3.0201259;42.5018883
-3.0198202;42.5017967
-3.0199194;42.5016518
-3.0199890;42.5015068
-3.0200701;42.5021133
-3.0205624;42.5021935
-3.0203722;42.5019569
-3.0201716;42.5017128
-3.0201666;42.5017319
-3.0200410;42.5022545
-3.0199597;42.5025215
-3.0198872;42.5027046
-3.0193429;42.5036774
-3.0195737;42.5025673
-3.0195818;42.5021973
-3.0200562;42.5008316
-3.0202327;42.5014610
-3.0194526;42.5021973
-3.0187824;42.5032768
-3.0188322;42.5032997
-3.0186551;42.5037804
-3.0180037;42.5039673
-3.0162385;42.5035210
-3.0191617;42.5024910
-3.0188270;42.5031242
-3.0191448;42.5032082
-3.0240529;42.5008163
-3.0241807;42.5002747
-3.0242267;42.4999695
-3.0242634;42.4998169
-3.0242934;42.4996872
-3.0243435;42.4993210
-3.0248702;42.4999619
-3.0250378;42.5000229
-3.0255175;42.5002136
-3.0238979;42.4992943
-3.0238879;42.5002747
-3.0196393;42.5042801
-3.0189779;42.5039902
-3.0176051;42.5045586
-3.0185394;42.5043259
-3.0184181;42.5043983
-3.0203822;42.5016785
-3.0204191;42.5016098
-3.0205150;42.5017204
-3.0207083;42.5020447
-3.0207810;42.5024490
-3.0216820;42.5011787
-3.0214105;42.5011711
-3.0272765;42.5009117
-3.0253499;42.5007744
-3.0211010;42.4929886
-3.0206842;42.5006180
-3.0204365;42.5044365
-3.0206578;42.5044174
-3.0149913;42.5033340
-3.0145998;42.5034256
-3.0223522;42.5011864
-3.0248139;42.5123978
-3.0248780;42.5125008
-3.0075238;42.5118256
-3.0052965;42.5150299
-3.0103593;42.5090752
-3.0227203;42.5084801
-3.0230932;42.5093994
-3.0216711;42.5059052
-3.0069287;42.5048332
-3.0319817;42.5018883
-3.0308695;42.5018616
-3.0203044;42.5011978
-3.0213182;42.5043335
-3.0206430;42.5012665
-3.0209253;42.5043831
-3.0211051;42.5043602
-3.0472553;42.5014229
-3.0475698;42.5019264
-3.0477030;42.5009003
-3.0471008;42.5005226
-3.0479267;42.5000572
-3.0475717;42.5039139
-3.0473931;42.5038567
-3.0478284;42.5039673
-3.0483360;42.5050888
-3.0482588;42.5039101
-3.0483499;42.5043678
-3.0465071;42.5037308
-3.0465374;42.5039215
-3.0465481;42.5039864
-3.0458393;42.5040550
-3.0451815;42.5041046
-3.0477767;42.5029373
-3.0476494;42.5032539
-3.0478094;42.5028191
-3.0475910;42.5022278
-3.0477047;42.5036011
-3.0472171;42.5033569
-3.0466394;42.5033798
-3.0462363;42.5037079
-3.0458543;42.5037537
-3.0443704;42.5042458
-3.0470152;42.5028839
-3.0463700;42.5029144
-3.0464578;42.5030098
-3.0479760;42.5020523
-3.0448556;42.5038033
-3.0456200;42.5033264
-3.0459795;42.5031548
-3.0468013;42.5026436
-3.0470760;42.5024757
-3.0474980;42.5019493
-3.0469525;42.5028992
-3.0483315;42.5027847
-3.0490680;42.5022621
-3.0488880;42.5014534
-3.0488107;42.5013123
-3.0482986;42.5015259
-3.0487058;42.5011215
-3.0481832;42.5012665
-3.0486569;42.5009117
-3.0486646;42.4999237
-3.0460880;42.5024719
-3.0453725;42.5030861
-3.0446303;42.5039635
-3.0429208;42.5051765
-3.0490439;42.5020714
-3.0504086;42.5026245
-3.0480268;42.5020294
-3.0471342;42.5017586
-3.0457983;42.5015182
-3.0465178;42.5000687
-3.0461442;42.4997330
-3.0443826;42.5010414
-3.0470736;42.5022774
-3.0471146;42.5020447
-3.0478251;42.5018463
-3.0483506;42.5016479
-3.0496328;42.5011864
-3.0497887;42.5011597
-3.0503545;42.5010071
-3.0470030;42.5020714
-3.0468061;42.5021133
-3.0438721;42.5026779
-3.0459759;42.5023384
-3.0443296;42.5030785
-3.0428336;42.5027847
-3.0480895;42.5009804
-3.0461357;42.5034752
-3.0470834;42.5038414
-3.0489802;42.5015869
-3.0276928;42.5163345
-3.0304897;42.5197830
-3.0544138;42.4995613
-3.0530140;42.5002632
-3.0413921;42.5029373
-3.0475264;42.5295982
-3.0481608;42.5318794
-3.0521691;42.5015984
-3.0520666;42.5006065
-3.0501702;42.5020409
-3.0507171;42.5019188
-3.0511212;42.5008278
-3.0517762;42.5016785
-3.0515187;42.5007324
-3.0441761;42.5037117
-3.0436959;42.5031090
-3.0552065;42.4992561
-3.0571070;42.4986725
-3.0580337;42.4982605
-3.0329609;42.5263367
-3.0328407;42.5270119
-3.0463033;42.5252800
-3.0466404;42.5264282
-3.0373285;42.5026474
-3.0322065;42.5019035
-3.0417435;42.5058517
-3.0416319;42.5072899
-3.0324910;42.5258102
-3.0439532;42.5170250
-3.0448940;42.5203171
-3.0429680;42.5135269
-3.0417449;42.5097771
-3.0413811;42.5087624
-3.0415268;42.5079002
-3.0374703;42.5026703
-3.0325806;42.5259094
-3.0327203;42.5260735
-3.0328798;42.5262413
-3.0066352;42.5256271
-3.0073600;42.5253677
-3.0042727;42.5236588
-3.0031979;42.5229225
-3.0053179;42.5243721
-3.0061283;42.5236282
-3.0038953;42.5261040
-3.0046518;42.5260506
-3.0050557;42.5252419
-3.0038366;42.5259361
-3.0035434;42.5260887
-3.0031815;42.5264816
-3.0031469;42.5265617
-3.0031438;42.5267448
-3.0048287;42.5247917
-3.0045514;42.5250473
-3.0040488;42.5247307
-3.0035579;42.5244293
-3.0028083;42.5242043
-3.0026820;42.5242233
-3.0040033;42.5256653
-3.0054605;42.5253944
-3.0062270;42.5257607
-3.0065744;42.5263710
-3.0037596;42.5261574
-3.0041380;42.5263557
-3.0034986;42.5260506
-3.0030589;42.5257988
-3.0029359;42.5263596
-3.0028071;42.5266571
-3.0032218;42.5268402
-3.0029380;42.5269432
-3.0034306;42.5255203
-3.0031114;42.5254669
-3.0033343;42.5250015
-3.0031333;42.5252571
-3.0038812;42.5242081
-3.0039852;42.5247917
-3.0036981;42.5251122
-3.0034564;42.5245628
-3.0033982;42.5246353
-3.0031924;42.5249176
-3.0030437;42.5248566
-3.0029831;42.5248451
-3.0034971;42.5240440
-3.0037451;42.5241318
-3.0051668;42.5245018
-3.0053129;42.5255356
-3.0050275;42.5257988
-3.0020514;42.5241623
-3.0013993;42.5244293
-3.0037885;42.5258980
-3.0029852;42.5261459
-3.0022717;42.5274887
-3.0353930;42.5311546
-3.0352919;42.5336380
-3.0029843;42.5196075
-3.0049701;42.5232124
-3.0041680;42.5229492
-3.0045528;42.5235291
-3.0049238;42.5239410
-3.0040884;42.5230217
-3.0052719;42.5227623
-3.0055678;42.5234032
-3.0058689;42.5229721
-3.0064378;42.5231781
-3.0319927;42.5279617
-3.0033226;42.5241623
-3.0046551;42.5240631
-3.0039654;42.5238914
-3.0032673;42.5243111
-3.0034838;42.5238914
-3.0035036;42.5234337
-3.0017965;42.5246124
-3.0054629;42.5244827
-2.9992630;42.5270576
-2.9998267;42.5265427
-3.0003693;42.5258331
-3.0004649;42.5257072
-3.0005920;42.5258942
-3.0007102;42.5257912
-3.0006614;42.5253334
-3.0000241;42.5261803
-3.0005066;42.5258255
-3.0963202;42.5470390
-3.0965719;42.5469780
-3.0968430;42.5474319
-3.0968311;42.5469360
-3.0967102;42.5469513
-3.0966387;42.5456123
-3.0966821;42.5458984
-3.0959697;42.5464821
-3.0958514;42.5460777
-3.0972345;42.5456505
-3.0967114;42.5465240
-3.0961134;42.5466766
-3.0954442;42.5467224
-3.0975320;42.5476761
-3.0976365;42.5475197
-3.0879433;42.5442200
-3.0933833;42.5473061
-3.0960529;42.5474930
-3.0961442;42.5475121
-3.0780554;42.5476990
-3.0799742;42.5480881
-3.0767896;42.5476074
-3.0827043;42.5474854
-3.0981345;42.5463943
-3.0976286;42.5463371
-3.0981166;42.5458908
-3.0975080;42.5463943
-3.0982752;42.5467453
-3.0979974;42.5465736
-3.0948489;42.5477104
-3.0932271;42.5479431
-3.0954356;42.5472145
-3.0951116;42.5476151
-3.0962362;42.5475273
-3.0964656;42.5474930
-3.0968680;42.5466309
-3.0964072;42.5478783
-3.0956087;42.5480042
-3.0938380;42.5485115
-3.0973847;42.5463943
-3.0975564;42.5465889
-3.0967715;42.5474396
-3.0973043;42.5474930
-3.0978129;42.5480728
-3.0962803;42.5476685
-3.0961661;42.5477524
-3.0959926;42.5477982
-3.0948987;42.5478592
-3.0955768;42.5478401
-3.0965996;42.5477333
-3.0962982;42.5462494
-3.0642676;42.4966431
-3.0583847;42.4980888
-3.0520239;42.5575523
-3.0522845;42.5573654
-3.0473316;42.5577278
-3.0466084;42.5574188
-3.0538406;42.5527649
-3.0549240;42.5528717
-3.0004296;42.5638313
-3.0032330;42.5638390
-3.0494363;42.5569267
-3.0488613;42.5571480
-3.0441506;42.5487289
-3.0443029;42.5488815
-3.0469539;42.5589294
-3.0495014;42.5614204
-3.0491412;42.5613098
-3.0139649;42.5639038
-3.0142739;42.5639076
-3.0362513;42.5368767
-3.0392098;42.5408936
-3.0398841;42.5414429
-3.0410767;42.5423279
-3.0502696;42.5594978
-3.0499783;42.5604057
-3.0485797;42.5580864
-3.0492010;42.5585480
-3.0506380;42.5601082
-3.0515766;42.5591316
-3.0514455;42.5591469
-3.0517745;42.5584450
-3.0543234;42.5575104
-3.0530748;42.5564499
-3.0529282;42.5563583
-3.0533721;42.5558777
-3.0507905;42.5595894
-3.0530753;42.5596886
-3.0524640;42.5595207
-3.0521872;42.5585556
-3.0522168;42.5599442
-3.0525095;42.5587997
-3.0516899;42.5590706
-3.0519073;42.5601234
-3.0495343;42.5586624
-3.0496907;42.5581322
-3.0501189;42.5586739
-3.0487652;42.5592270
-3.0521123;42.5578232
-3.0522153;42.5571327
-3.0551639;42.5560265
-3.0494862;42.5575409
-3.0499966;42.5569916
-3.0512521;42.5580559
-3.0523500;42.5569725
-3.0526664;42.5567398
-3.0484722;42.5581474
-3.0446999;42.5612030
-3.0524099;42.5548286
-3.0503211;42.5594597
-3.0495698;42.5593300
-3.0457709;42.5618248
-3.0481813;42.5600052
-3.0488837;42.5595398
-3.0488861;42.5600891
-3.0481699;42.5609360
-3.0485170;42.5616264
-3.0496080;42.5624161
-3.0495501;42.5606308
-3.0508339;42.5587273
-3.0505147;42.5588531
-3.0497460;42.5591698
-3.0551426;42.5530815
-3.0504961;42.5601311
-3.0505185;42.5596848
-3.0525186;42.5566254
-3.0530369;42.5565376
-3.0524158;42.5576591
-3.0523465;42.5581703
-3.0520158;42.5578537
-3.0507295;42.5592499
-3.0508676;42.5543594
-3.0514596;42.5554771
-3.0520229;42.5556908
-3.0505633;42.5563164
-3.0511494;42.5566368
-3.0480039;42.5575600
-3.0465229;42.5570793
-3.0507648;42.5577965
-3.0503116;42.5578117
-3.0504951;42.5582123
-3.0499213;42.5579109
-3.0505776;42.5573959
-3.0506589;42.5580635
-3.0451007;42.5496712
-3.0574923;42.5519218
-3.0496275;42.5501099
-3.0550435;42.5529861
-3.0483770;42.5410233
-3.0495501;42.5600853
-3.0497534;42.5599899
-3.0494840;42.5598145
-3.0518146;42.5579567
-3.0512943;42.5584755
-3.0506420;42.5593910
-3.0491343;42.5606880
-3.0466685;42.5620155
-3.0519791;42.5566597
-3.0518730;42.5563850
-3.0514059;42.5571022
-3.0516527;42.5572395
-3.0517223;42.5572777
-3.0514731;42.5576363
-3.0506120;42.5585709
-3.0521061;42.5562096
-3.0489104;42.5575752
-3.0524690;42.5566483
-3.0480797;42.5580063
-3.0536606;42.5749779
-3.0439029;42.5617371
-3.0376501;42.5635262
-3.0707915;42.5472031
-3.0731490;42.5473595
-3.0482113;42.5343781
-3.0483146;42.5387383
-3.0536499;42.5754623
-3.0541799;42.5773239
-3.0562024;42.5806007
-3.0565283;42.5833817
-3.0324244;42.5636520
-3.0358915;42.5634575
-3.0181391;42.5636482
-3.0195842;42.5635567
-3.0212276;42.5634384
-3.0258372;42.5631371
-3.0112731;42.5638924
-3.0457926;42.5576096
-3.0522716;42.5603905
-3.0532305;42.5568962
-3.0295269;42.5635910
-3.0447485;42.5616417
-3.0454364;42.5617981
-3.0475607;42.5574455
-3.0474579;42.5584755
-3.9642310;43.0153236
-3.9648435;43.0160141
-3.9524689;43.0286407
-3.9484742;43.0290031
-3.9556141;43.0319977
-3.9542396;43.0331345
-3.9717586;43.0350838
-3.9717088;43.0350266
-3.9664230;43.0159416
-3.9673057;43.0161667
-3.9647284;43.0163155
-3.9675987;43.0169106
-3.9652362;43.0166702
-3.9651051;43.0157051
-3.9654124;43.0148659
-3.9665227;43.0149574
-3.9646375;43.0150566
-3.9650745;43.0153503
-3.9653134;43.0154495
-3.9635003;43.0159340
-3.9669302;43.0156136
-3.9647889;43.0185356
-3.9657078;43.0198631
-3.9828820;43.0210838
-3.9754269;43.0260735
-3.9672282;43.0253143
-3.9653020;43.0256805
-3.9646318;43.0255432
-3.9604523;43.0257378
-3.9653170;43.0257416
-3.9662068;43.0260010
-3.9676688;43.0260735
-3.9676721;43.0261459
-3.9677608;43.0261688
-3.9673657;43.0262260
-3.9677334;43.0262413
-3.9708612;43.0262070
-3.9689081;43.0262375
-3.9682221;43.0262451
-3.9670622;43.0262680
-3.9728909;43.0262299
-3.9701662;43.0262794
-3.9694541;43.0262947
-3.9684026;43.0263023
-3.9695954;43.0264740
-3.9694827;43.0264816
-3.9696636;43.0265846
-3.9717233;43.0270424
-3.9577594;43.0272408
-3.9573870;43.0275917
-3.9561658;43.0277100
-3.9560184;43.0276260
-3.9558551;43.0277176
-3.9567599;43.0282364
-3.9563942;43.0284767
-3.9561446;43.0285950
-3.9540761;43.0287476
-3.9564271;43.0287781
-3.9478467;43.0290642
-3.9472234;43.0291557
-3.9468815;43.0292511
-3.9478867;43.0293427
-3.9458697;43.0295982
-3.9462726;43.0298462
-3.9451196;43.0298843
-3.9455731;43.0301476
-3.9438341;43.0302620
-3.9492035;43.0302887
-3.9439855;43.0303650
-3.9423211;43.0305290
-3.9419832;43.0305901
-3.9563711;43.0307198
-3.9497185;43.0309753
-3.9496505;43.0311813
-3.9435351;43.0314980
-3.9562438;43.0314407
-3.9409111;43.0316811
-3.9502304;43.0316963
-3.9411666;43.0317841
-3.9431984;43.0318489
-3.9480283;43.0321770
-3.9425104;43.0323067
-3.9429038;43.0324020
-3.9408257;43.0326881
-3.9510698;43.0328751
-3.9751046;43.0327377
-3.9610708;43.0324287
-3.9517770;43.0333672
-3.9645786;43.0327911
-3.9534874;43.0337029
-3.9527295;43.0338287
-3.9405849;43.0342026
-3.9404845;43.0343742
-3.9391747;43.0353394
-3.9385607;43.0356636
-3.9720585;43.0354118
-3.9177105;43.0360222
-3.9152639;43.0354919
-3.9058616;43.0368042
-3.9066908;43.0360947
-3.9752429;43.0367584
-3.9749358;43.0368538
-3.9738774;43.0369110
-3.9745288;43.0370674
-3.9750278;43.0372620
-3.9302084;43.0379372
-3.9742889;43.0376282
-3.9739177;43.0375633
-3.9338202;43.0380402
-3.8940711;43.0385399
-3.9317231;43.0382500
-3.8958478;43.0385704
-3.8940845;43.0387573
-3.9758170;43.0381889
-3.8972752;43.0389595
-3.8937173;43.0390358
-3.9009109;43.0390129
-3.9007473;43.0390701
-3.9755957;43.0386276
-3.8991649;43.0393295
-3.8938224;43.0394974
-3.8931291;43.0395012
-3.8936479;43.0399017
-3.8933465;43.0399628
-3.8931162;43.0399208
-3.8936582;43.0399780
-3.8932221;43.0401039
-3.8930922;43.0401611
-3.9727077;43.0395355
-3.8934672;43.0402069
-3.9752588;43.0395851
-3.8933268;43.0402985
-3.8937190;43.0403175
-3.8937306;43.0403633
-3.8954268;43.0403557
-3.8960192;43.0403328
-3.8948045;43.0406380
-3.8939869;43.0406761
-3.9729302;43.0400848
-3.8948805;43.0409698
-3.9750128;43.0403595
-3.9717546;43.0404396
-3.8951070;43.0410728
-3.9755950;43.0404434
-3.9716568;43.0406075
-3.8939574;43.0412445
-3.9725542;43.0406113
-3.8951008;43.0413284
-3.8948631;43.0413551
-3.8955586;43.0413704
-3.8954828;43.0413857
-3.9714234;43.0409241
-3.9715784;43.0409851
-3.9715352;43.0410614
-3.9722865;43.0411491
-3.9715991;43.0411644
-3.9748719;43.0411453
-3.9727342;43.0411568
-3.9745331;43.0412025
-3.9713945;43.0412369
-3.9753125;43.0414200
-3.9744642;43.0415382
-3.9724197;43.0416069
-3.8786862;43.0425072
-3.9725323;43.0419121
-3.9726746;43.0419502
-3.9752886;43.0421906
-3.9725189;43.0425797
-3.9725115;43.0429649
-3.9727945;43.0430794
-3.9711857;43.0431290
-3.9720886;43.0433197
-3.9720919;43.0433846
-3.9721420;43.0436745
-3.9728458;43.0443916
-3.9710786;43.0445213
-3.9732089;43.0445595
-3.9704731;43.0446930
-3.9711604;43.0447922
-3.9709401;43.0449982
-3.9715226;43.0450325
-3.8775873;43.0457993
-3.9706168;43.0452347
-3.9717357;43.0452461
-3.9716790;43.0456963
-3.8942945;43.1682625
-3.8938460;43.1682663
-3.8874769;43.0596771
-3.8875442;43.0599632
-3.8865969;43.0620880
-3.8852174;43.0655098
-3.9021924;43.0989685
-3.9023950;43.0990906
-3.9027202;43.0994911
-3.8892179;43.0739479
-3.8892012;43.0743484
-3.9014757;43.1258125
-3.9014759;43.1260910
-3.8669355;43.0603905
-3.8670487;43.0604095
-3.8807683;43.0620728
-3.8804057;43.0618629
-3.8811324;43.0639496
-3.8811269;43.0637321
-3.9010653;43.1109810
-3.9012623;43.1109810
-3.9012933;43.1109276
-3.9010055;43.1107979
-3.8988466;43.0916595
-3.8987463;43.0921288
-3.8981521;43.0915070
-3.8981693;43.0944290
-3.8982697;43.0945854
-3.8983707;43.0947342
-3.8866301;43.0618553
-3.8847208;43.0653191
-3.8844824;43.0652275
-3.8810017;43.0648918
-3.8593805;43.0429192
-3.8507295;43.0421600
-3.8775768;43.0458221
-3.8802342;43.0491714
-3.8499355;43.0497513
-3.8825345;43.0510712
-3.8854504;43.0542908
-3.8867455;43.0554581
-3.8421259;43.0567436
-3.8668559;43.0604019
-3.8643289;43.0612221
-3.8621209;43.0596581
-3.8607962;43.0619736
-3.8679063;43.0619316
-3.8794472;43.0624733
-3.8613291;43.0626640
-3.8621585;43.0634041
-3.8696141;43.0636292
-3.8631988;43.0643616
-3.9266462;42.8128777
-3.9219387;42.8173523
-3.8394508;43.0647697
-3.8712776;43.0645370
-3.8642700;43.0650177
-3.8752503;43.0649529
-3.8742862;43.0657234
-3.9212916;42.8171844
-3.9213078;42.8176994
-3.8632720;43.0666008
-3.8852034;43.0666771
-3.8854048;43.0673981
-3.8630521;43.0684128
-3.8630493;43.0685654
-3.8446894;43.0688400
-3.8630238;43.0688667
-3.8848243;43.0690231
-3.9101000;42.8182449
-3.9110584;42.8178368
-3.9086666;42.8183441
-3.9089282;42.8180847
-3.8618948;43.0706406
-3.8844144;43.0704193
-3.8617010;43.0715218
-3.8862481;43.0714226
-3.8622699;43.0718002
-3.8476255;43.0722504
-3.8619142;43.0721817
-3.8879194;43.0730934
-3.8633811;43.0736275
-3.8889022;43.0735245
-3.8636272;43.0737419
-3.9077168;42.8181305
-3.8657420;43.0744019
-3.8671582;43.0749207
-3.8891037;43.0752640
-3.8501534;43.0757751
-3.8686395;43.0757065
-3.8892183;43.0757637
-3.8694422;43.0760918
-3.8894370;43.0761147
-3.8898244;43.0767403
-3.8718193;43.0770645
-3.8718948;43.0771027
-3.8909614;43.0774078
-3.8922048;43.0778961
-3.8926787;43.0784111
-3.8928454;43.0785980
-3.8937731;43.0806313
-3.8937330;43.0852394
-3.8936112;43.0863914
-3.8939879;43.0872421
-3.8961971;43.0896492
-3.8973420;43.0899620
-3.8984165;43.0905724
-3.8976462;43.0915413
-3.8986399;43.0923233
-3.9167163;43.0924072
-3.9158738;43.0916977
-3.9167755;43.0926208
-3.9170067;43.0931168
-3.9284999;43.0930939
-3.9275863;43.0931282
-3.9166155;43.0936394
-3.9271009;43.0936508
-3.9270604;43.0936852
-3.9099648;42.8183746
-3.9086537;42.8184357
-3.9091613;42.8186264
-3.9107215;43.0936279
-3.9138319;43.0937920
-3.9164691;43.0938911
-3.9257264;43.0938110
-3.9026005;43.0938683
-3.9029977;43.0941277
-3.9032667;43.0942307
-3.9015484;43.0933762
-3.9020095;43.0942802
-3.8981035;43.0943375
-3.9020295;43.0943832
-3.9018049;43.0944176
-3.9016361;43.0944366
-3.9014335;43.0943336
-3.9020882;43.0945587
-3.9020660;43.0946732
-3.9104066;42.8187065
-3.9044738;43.0946655
-3.9017327;43.0946999
-3.9013877;43.0947037
-3.9020426;43.0947227
-3.9018264;43.0947685
-3.9019842;43.0948143
-3.8984573;43.0948715
-3.9008434;43.0949249
-3.9034297;43.0949097
-3.9018955;43.0949287
-3.9014363;43.0949364
-3.9008503;43.0949783
-3.9014554;43.0950165
-3.9018030;43.0950279
-3.9016116;43.0950356
-3.9017122;43.0953712
-3.9018917;43.0954514
-3.9021158;43.0956192
-3.9181249;43.0969887
-3.9068944;43.0977020
-3.9012830;43.0984726
-3.9014525;43.0985641
-3.9025450;43.1007538
-3.9080601;43.1031647
-3.9074619;43.1028595
-3.9080534;43.1037216
-3.9076779;43.1040878
-3.9020662;43.1048622
-3.9018705;43.1054497
-3.9077728;43.1056099
-3.9076149;43.1058121
-3.9017112;43.1063538
-3.9065542;43.1073189
-3.9022560;43.1077271
-3.9069316;43.1077347
-3.9063308;43.1092491
-3.9053881;43.1094246
-3.8993480;43.1095810
-3.8982115;43.1062088
-3.8996055;43.1096535
-3.8999403;43.1098442
-3.8996272;43.1098671
-3.9003937;43.1090317
-3.8999984;43.1098709
-3.8995862;43.1100311
-3.8999979;43.1101646
-3.8995831;43.1102066
-3.9000626;43.1102371
-3.8995688;43.1103096
-3.9001081;43.1104317
-3.8996313;43.1104813
-3.9001491;43.1104965
-3.9004207;43.1105461
-3.9006588;43.1100311
-3.9008923;43.1105881
-3.9001408;43.1106300
-3.8995883;43.1106567
-3.9013703;43.1109581
-3.8996110;43.1110229
-3.9002876;43.1110268
-3.9019065;43.1114349
-3.9017971;43.1124916
-3.9017744;43.1136742
-3.9017854;43.1143379
-3.9017961;43.1148224
-3.9020076;43.1162453
-3.9022281;43.1178055
-3.9020617;43.1184082
-3.9022596;43.1184883
-3.9019272;43.1188469
-3.9037044;43.1190605
-3.9017093;43.1233749
-3.9015112;43.1242599
-3.9014754;43.1254120
-3.9014726;43.1262016
-3.9014602;43.1264191
-3.9012120;43.1276588
-3.9205289;43.1264420
-3.9198127;43.1277580
-3.9194295;43.1285629
-3.9003730;43.1289825
-3.9194887;43.1292496
-3.8997979;43.1300507
-3.9201872;43.1304398
-3.8999078;43.1322060
-3.9244540;43.1340675
-3.9265354;43.1343651
-3.9285281;43.1344299
-3.9288509;43.1345901
-3.9300892;43.1359215
-3.9003093;43.1368484
-3.9313107;43.1370659
-3.9004664;43.1374130
-3.9291966;43.1388016
-3.9269731;43.1396904
-3.9254005;43.1422005
-3.9248037;43.1425934
-3.9242845;43.1429596
-3.9240878;43.1429329
-3.9241590;43.1432152
-3.9238877;43.1433449
-3.9240873;43.1433907
-3.9239318;43.1435890
-3.9262855;43.1436501
-3.9240198;43.1437378
-3.9242673;43.1437683
-3.9240041;43.1437950
-3.9236076;43.1437149
-3.9240179;43.1439247
-3.9190295;43.1436920
-3.9096849;42.8189774
-3.9080768;42.8191109
-3.9107695;43.1443291
-3.9265311;43.1442032
-3.9266667;43.1440201
-3.9265904;43.1443596
-3.9270687;43.1444244
-3.9273543;43.1441345
-3.9265656;43.1444817
-3.9262805;43.1446342
-3.9260988;43.1447639
-3.9275906;43.1451149
-3.8997574;43.1456184
-3.8998544;43.1458626
-3.9068196;43.1460190
-3.9060497;43.1463699
-3.8992767;43.1471634
-3.8985119;43.1480103
-3.9194379;42.8196030
-3.9196565;42.8192444
-3.9196820;42.8196373
-3.8981929;43.1495514
-3.8980885;43.1498375
-3.8976369;43.1516914
-3.8969374;43.1533585
-3.8969705;43.1541252
-3.8975277;43.1614418
-3.8977921;43.1616898
-3.8975799;43.1654549
-3.8972547;43.1656609
-3.8962061;43.1668243
-3.8947566;43.1667480
-3.8948321;43.1672440
-3.8953559;43.1670799
-3.8951399;43.1672935
-3.8951216;43.1674156
-3.8955142;43.1674156
-3.8947699;43.1676292
-3.8950851;43.1676483
-3.8956826;43.1677322
-3.8909359;43.1679993
-3.8909466;43.1679420
-3.8912134;43.1679688
-3.8904366;43.1682167
-3.8900936;43.1682091
-3.8906798;43.1678886
-3.8905780;43.1682205
-3.8908157;43.1679115
-3.8907089;43.1682243
-3.8907943;43.1682281
-3.8908346;43.1682281
-3.8951635;43.1682320
-3.8932006;43.1682587
-3.8936131;43.1682663
-3.8952448;43.1683922
-3.8903482;43.1685295
-3.8960361;43.1685829
-3.8817079;43.1690254
-3.8773854;43.1687965
-3.8978584;43.1694717
-3.8981793;43.1696434
-3.8982198;43.1697845
-3.8980622;43.1698456
-3.8984525;43.1698608
-3.8981652;43.1699028
-3.8979940;43.1699829
-3.8975680;43.1700706
-3.8997118;43.1708527
-3.8693695;43.1726189
-3.9710898;42.9908791
-3.9710021;42.9907608
-3.9703217;42.9906044
-3.9707735;42.9908371
-3.7279601;43.1346474
-3.7280459;43.1345329
-3.4971294;43.1782684
-3.4955463;43.1787605
-3.4940958;43.1784821
-3.9683714;42.9876328
-3.9680145;42.9869232
-3.9679353;42.9868813
-3.9672973;42.9878464
-3.9685733;42.9879074
-3.9679904;42.9882126
-3.9680762;42.9883804
-3.8005047;43.1469498
-3.8006456;43.1470528
-3.9682267;42.9886742
-3.9677093;42.9885750
-3.9676447;42.9887810
-3.9672472;42.9891510
-3.9678311;42.9892731
-3.7847631;43.1609268
-3.7852581;43.1610756
-3.9697313;42.9893990
-3.9696298;42.9890862
-3.9698787;42.9895325
-3.9683776;42.9895477
-3.9699810;42.9895744
-3.9701507;42.9896393
-3.9707959;42.9897537
-3.9709413;42.9897766
-3.9796288;42.9897881
-3.9696033;42.9902077
-3.9703457;42.9902725
-3.9700425;42.9904518
-3.9709432;42.9906845
-3.9711504;42.9909630
-3.9696085;42.9905167
-3.9691644;42.9911690
-3.7853167;43.1605148
-3.5314834;43.1779785
-3.5307009;43.1788216
-3.5305510;43.1781197
-3.5331998;43.1788406
-3.5335517;43.1785355
-3.5325601;43.1777954
-3.5096827;43.1790810
-3.5093725;43.1789703
-3.4974957;43.1791649
-3.4977067;43.1792488
-3.4962368;43.1791534
-3.5338507;43.1785126
-3.5338812;43.1791916
-3.5096900;43.1793175
-3.5096967;43.1794815
-3.5095153;43.1795998
-3.8183355;43.1414223
-3.8185539;43.1416359
-3.8184011;43.1441460
-3.8302779;43.0808754
-3.8248153;43.0830269
-3.8197906;43.0879135
-3.8173883;43.0937309
-3.8188107;43.0961800
-3.8214095;43.1030846
-3.8191164;43.1043816
-3.8189921;43.1050377
-3.8188899;43.1059570
-3.8188264;43.1060715
-3.8180096;43.1066475
-3.8177922;43.1067505
-3.8169096;43.1097870
-3.8091629;43.1100121
-3.8074131;43.1096802
-3.8175693;43.1101913
-3.8045902;43.1105270
-3.8053203;43.1109657
-3.8057570;43.1113129
-3.8103895;43.1111908
-3.8104417;43.1112251
-3.8104913;43.1112595
-3.8110869;43.1115799
-3.8075416;43.1125069
-3.8133159;43.1132851
-3.8137405;43.1139946
-3.8179781;43.1147614
-3.8182640;43.1149445
-3.8188188;43.1148415
-3.8177211;43.1151085
-3.8077936;43.1152802
-3.8183966;43.1153297
-3.8185213;43.1153679
-3.8187356;43.1154137
-3.8184762;43.1154900
-3.8190758;43.1156425
-3.8182490;43.1157227
-3.8173282;43.1163025
-3.8150601;43.1171303
-3.8146963;43.1176414
-3.8141379;43.1320496
-3.8152783;43.1339264
-3.8158002;43.1343536
-3.8191831;43.1473236
-3.8209121;43.1517944
-3.8571327;43.1668282
-3.8579786;43.1669731
-3.8620188;43.1690903
-3.8638721;43.1703568
-3.8675737;43.1708336
-3.8689106;43.1720390
-3.6760204;43.1665955
-3.6759636;43.1665764
-3.6872962;43.1748772
-3.6871669;43.1748276
-3.6874423;43.1764488
-3.6872327;43.1763611
-3.6757865;43.1665878
-3.6866305;43.1700401
-3.6858432;43.1700668
-3.6784930;43.1705894
-3.5244584;43.1782341
-3.5207784;43.1795731
-3.6649661;43.1714897
-3.6810267;43.1710854
-3.6863396;43.1733437
-3.6866183;43.1746597
-3.6871653;43.1778069
-3.6870041;43.1789551
-3.9412570;42.8072929
-3.9413352;42.8070831
-3.6867409;43.1817436
-3.6873231;43.1837158
-3.6883605;43.1871223
-3.9343035;42.8073578
-3.9355595;42.8070412
-3.9336748;42.8072014
-3.9346726;42.8074303
-3.9408422;42.8072205
-3.9405971;42.8073807
-3.9342034;42.8081856
-3.8917758;43.1733017
-3.8873084;43.1716843
-3.8842063;43.1746788
-3.8840306;43.1742706
-3.8928199;43.1749840
-3.8843489;43.1754723
-3.8959677;43.1763725
-3.8865273;43.1770058
-3.7963703;43.1765938
-3.7968187;43.1768837
-3.7972131;43.1774101
-3.8016980;43.1817169
-3.8034232;43.1853600
-3.5155075;43.1786270
-3.5155206;43.1788368
-3.5155418;43.1822586
-3.4514389;43.1412544
-3.4515162;43.1411324
-3.4498549;43.1429024
-3.4497297;43.1430435
-3.4466925;43.1466522
-3.4475632;43.1457977
-3.5772002;43.1828156
-3.5771489;43.1827278
-3.5898368;43.1799889
-3.5897336;43.1800613
-3.5615585;43.1736336
-3.5614326;43.1736069
-3.5711472;43.1756554
-3.5710726;43.1755791
-3.5310357;43.1758499
-3.5309796;43.1757584
-3.5161650;43.1827698
-3.5160425;43.1826935
-3.5162554;43.1831245
-3.5162253;43.1832161
-3.5143468;43.1845970
-3.5147245;43.1847420
-3.4517090;43.1407661
-3.4512103;43.1415100
-3.4500871;43.1426353
-3.4492171;43.1437378
-3.4445450;43.1488266
-3.4418211;43.1514626
-3.4397218;43.1523132
-3.5716774;43.1524849
-3.5683632;43.1525269
-3.4474523;43.1554070
-3.5712130;43.1551743
-3.5754254;43.1563263
-3.4308438;43.1565323
-3.4302135;43.1573448
-3.4305527;43.1575127
-3.5758672;43.1570053
-3.4298153;43.1578636
-3.5807459;43.1600494
-3.5840163;43.1606483
-3.5844493;43.1606522
-3.9273734;42.8097229
-3.4611726;43.1635971
-3.4595346;43.1644974
-3.5917604;43.1638908
-3.4462667;43.1651001
-3.4519854;43.1650391
-3.4577045;43.1660576
-3.4578869;43.1661110
-3.4578953;43.1662140
-3.4492581;43.1674080
-3.5121982;43.1692047
-3.5119264;43.1689529
-3.5124223;43.1694412
-3.5122051;43.1694984
-3.5118651;43.1693993
-3.5126078;43.1695404
-3.5128050;43.1696701
-3.9667242;42.8147583
-3.9546790;42.8028564
-3.5133543;43.1697464
-3.5131080;43.1698074
-3.5120075;43.1696014
-3.5124545;43.1698570
-3.5128069;43.1699219
-3.5128198;43.1701546
-3.4642851;43.1704903
-3.5271292;43.1703796
-3.5269532;43.1698532
-3.5269611;43.1705360
-3.9679322;42.8166046
-3.5151145;43.1695938
-3.5264382;43.1716843
-3.5260427;43.1724510
-3.5302606;43.1727028
-3.5297809;43.1727791
-3.5295279;43.1721191
-3.5137408;43.1730423
-3.9359434;42.8063431
-3.9361172;42.8082733
-3.9204025;42.8164673
-3.4365606;43.1734657
-3.5290124;43.1731110
-3.5124452;43.1737251
-3.5932634;43.1735649
-3.5127091;43.1740608
-3.5124102;43.1741447
-3.5622001;43.1739845
-3.4370289;43.1749268
-3.5639377;43.1747971
-3.5637469;43.1747093
-3.5250514;43.1745644
-3.5249968;43.1749840
-3.5634968;43.1749763
-3.5663817;43.1749954
-3.5637157;43.1750870
-3.5644355;43.1751060
-3.5249889;43.1753387
-3.5248392;43.1754074
-3.5245948;43.1754684
-3.5633314;43.1753387
-3.5667429;43.1753654
-3.5667837;43.1753960
-3.5667958;43.1751404
-3.5668623;43.1754494
-3.5669682;43.1754875
-3.5250831;43.1757545
-3.5249448;43.1757660
-3.5647495;43.1755943
-3.5665472;43.1756821
-3.5250797;43.1758995
-3.5245819;43.1759186
-3.5300593;43.1759224
-3.5298181;43.1759720
-3.5645549;43.1758423
-3.5292802;43.1761665
-3.5298390;43.1762161
-3.5299518;43.1762581
-3.5288348;43.1763535
-3.5302427;43.1763344
-3.5707588;43.1766472
-3.5330315;43.1766930
-3.5327423;43.1768799
-3.5321705;43.1766052
-3.5706532;43.1767960
-3.5253057;43.1774559
-3.5933044;43.1771812
-3.5325594;43.1775970
-3.4962263;43.1769829
-3.4978638;43.1777954
-3.5542529;43.1774864
-3.5535181;43.1775665
-3.4966979;43.1779442
-3.4964621;43.1778564
-3.5530925;43.1777306
-3.5308282;43.1777611
-3.5304286;43.1778641
-3.5093651;43.1780396
-3.9193306;42.8171806
-3.5245135;43.1779861
-3.5547521;43.1777763
-3.5543203;43.1779060
-3.5523505;43.1779900
-3.5516148;43.1780472
-3.5290406;43.1779175
-3.5336270;43.1784096
-3.5341430;43.1780777
-3.5338490;43.1784439
-3.5103106;43.1785545
-3.5436854;43.1795654
-3.5892825;43.1794205
-3.5097084;43.1799202
-3.5092287;43.1799278
-3.9190509;42.8172264
-3.9188688;42.8172684
-3.9186337;42.8173065
-3.9189644;42.8173294
-3.5721490;43.1796761
-3.5094414;43.1800499
-3.5895975;43.1796684
-3.5084040;43.1800690
-3.5094926;43.1800652
-3.5096145;43.1801033
-3.5097704;43.1803436
-3.5748770;43.1801834
-3.5755146;43.1800919
-3.5063736;43.1805954
-3.5206883;43.1805458
-3.5746534;43.1803322
-3.5059836;43.1806717
-3.5057116;43.1807098
-3.5751290;43.1806107
-3.5751894;43.1807098
-3.5743468;43.1807480
-3.5777595;43.1807518
-3.5778520;43.1803665
-3.5778980;43.1807899
-3.5744662;43.1808395
-3.5748878;43.1808968
-3.5769515;43.1809654
-3.4361827;43.1815910
-3.5753036;43.1809769
-3.9188976;42.8173599
-3.5779586;43.1810837
-3.5736599;43.1811676
-3.5751052;43.1812057
-3.5747886;43.1813393
-3.5780442;43.1814613
-3.4692998;43.1820831
-3.5680654;43.1818008
-3.5678241;43.1816635
-3.5687618;43.1817818
-3.5685749;43.1818428
-3.5692434;43.1819305
-3.5679476;43.1819687
-3.5676904;43.1819763
-3.5680077;43.1819801
-3.5688803;43.1819992
-3.9190040;42.8174171
-3.5670736;43.1820755
-3.5687175;43.1822014
-3.5685995;43.1821938
-3.5683494;43.1822052
-3.5689044;43.1822205
-3.5681708;43.1822357
-3.5676744;43.1822510
-3.5677030;43.1822548
-3.5762050;43.1822395
-3.5683649;43.1823578
-3.5694282;43.1823654
-3.5690379;43.1824303
-3.5684361;43.1824646
-3.5692239;43.1825104
-3.5683203;43.1825294
-3.5758390;43.1825104
-3.5683248;43.1825523
-3.5687690;43.1826019
-3.5687704;43.1827164
-3.5692711;43.1827240
-3.5700793;43.1827278
-3.5687017;43.1827507
-3.5758951;43.1827507
-3.5700202;43.1827965
-3.5707707;43.1827927
-3.5689609;43.1828156
-3.5681894;43.1828270
-3.5710871;43.1828575
-3.5703869;43.1830635
-3.5673833;43.1830635
-3.5672278;43.1832619
-3.5535944;43.1833534
-3.5537944;43.1830406
-3.5675888;43.1833038
-3.5767374;43.1838455
-3.5521805;43.1840019
-3.5534854;43.1835403
-3.4889619;43.1845551
-3.4892220;43.1843987
-3.5143158;43.1845741
-3.5758145;43.1843681
-3.4886332;43.1847725
-3.4367955;43.1850510
-3.4731050;43.1849861
-3.4882081;43.1849594
-3.4887424;43.1849823
-3.5844827;43.1832657
-3.5587502;43.1846581
-3.5582650;43.1848869
-3.4885755;43.1853447
-3.4733469;43.1854095
-3.4357078;43.1856003
-3.4876099;43.1854897
-3.5590212;43.1852837
-3.5862134;43.1851959
-3.5754588;43.1855469
-3.5701818;43.1874123
-3.5139120;43.1879272
-3.4417167;43.1975555
-3.9271483;42.8069649
-3.8416286;42.9303284
-3.8417206;42.9302902
-3.8420751;42.9294395
-3.8421762;42.9292870
-3.8594244;42.9232788
-3.9085991;42.8791351
-3.9087460;42.8791122
-3.9304042;42.8044624
-3.9301662;42.8044243
-3.9278467;42.8021736
-3.9272542;42.8026123
-3.9272342;42.8028717
-3.9278436;42.8034286
-3.9562776;42.7920799
-3.9558518;42.7920723
-3.9034455;42.8303909
-3.9034085;42.8304901
-3.8607154;42.8324089
-3.8609905;42.8328896
-3.9547319;42.8026619
-3.9631064;42.7873802
-3.9628303;42.7870827
-3.9719639;42.7993584
-3.9714916;42.7993507
-3.8763578;42.9016228
-3.8764725;42.9017677
-3.9068737;42.8239212
-3.9064591;42.8235207
-3.9566934;42.7921143
-3.9571502;42.7921333
-3.8341320;42.8309364
-3.8338623;42.8305206
-3.9752777;42.7966385
-3.9751873;42.7968063
-3.9445868;42.7699966
-3.9438703;42.7705536
-3.9433279;42.7707329
-3.9383948;42.7726135
-3.9382210;42.7734909
-3.9760160;42.7743950
-3.9754989;42.7744865
-3.9751298;42.7743721
-3.9750435;42.7745476
-3.9752800;42.7746735
-3.9748857;42.7748451
-3.9746366;42.7745476
-3.9730108;42.7749214
-3.9755399;42.7749138
-3.9758906;42.7748070
-3.9753578;42.7749786
-3.9750965;42.7749863
-3.9762142;42.7749977
-3.9748945;42.7750931
-3.9761939;42.7753029
-3.9337022;42.7768593
-3.9358809;42.7762260
-3.9364321;42.7770309
-3.9687312;42.7777596
-3.9804702;42.7777367
-3.9715056;42.7786560
-3.9613740;42.7796326
-3.9380515;42.7804070
-3.9384086;42.7818794
-3.9619305;42.7828140
-3.9618325;42.7830353
-3.9618926;42.7839508
-3.9619551;42.7842369
-3.9619887;42.7843399
-3.9621372;42.7846565
-3.9623694;42.7848244
-3.9629169;42.7844391
-3.9617209;42.7849121
-3.9618309;42.7849960
-3.9620783;42.7852058
-3.9612768;42.7853508
-3.9601154;42.7849312
-3.9617045;42.7854004
-3.9620738;42.7854080
-3.9619586;42.7854347
-3.9627614;42.7856560
-3.9644828;42.7858429
-3.9621644;42.7858887
-3.9624846;42.7860641
-3.9620259;42.7862053
-3.9620101;42.7864494
-3.9613967;42.7871971
-3.9335024;42.7888832
-3.9634492;42.7888298
-3.9321613;42.7914543
-3.9314027;42.7919121
-3.9312534;42.7915382
-3.9546626;42.7912750
-3.9564753;42.7921028
-3.9539158;42.7930298
-3.9545288;42.7932739
-3.9317646;42.7934608
-3.9302580;42.7934914
-3.9294477;42.7928848
-3.9556906;42.7933121
-3.9312012;42.7935791
-3.9539046;42.7934151
-3.9646158;42.7934875
-3.9557574;42.7935982
-3.9301865;42.7938538
-3.9560604;42.7936630
-3.9562643;42.7936554
-3.9293997;42.7938690
-3.9650435;42.7936287
-3.9550619;42.7937737
-3.9314270;42.7939796
-3.9547424;42.7938843
-3.9319994;42.7941437
-3.9542372;42.7939758
-3.9551053;42.7940445
-3.9535608;42.7940979
-3.9548984;42.7941322
-3.9565897;42.7940865
-3.9542749;42.7942085
-3.9535027;42.7942238
-3.9332564;42.7944107
-3.9527490;42.7942963
-3.9550540;42.7943153
-3.9297915;42.7945709
-3.9529457;42.7947273
-3.9658353;42.7949715
-3.9658866;42.7951126
-3.9290762;42.7956085
-3.9664185;42.7956047
-3.9675207;42.7953110
-3.9702544;42.7956314
-3.9655116;42.7957458
-3.9703472;42.7957077
-3.9762111;42.7957420
-3.9656348;42.7959099
-3.9664392;42.7959328
-3.9654117;42.7960091
-3.9301312;42.7964516
-3.9651794;42.7962608
-3.9737682;42.7966805
-3.9744878;42.7962074
-3.9740531;42.7960243
-3.9734621;42.7962341
-3.9648936;42.7968178
-3.9653478;42.7968483
-3.9743869;42.7966652
-3.9740047;42.7967758
-3.9745035;42.7966957
-3.9746256;42.7972527
-3.9742098;42.7974586
-3.9744616;42.7975922
-3.9740252;42.7976151
-3.9746044;42.7976341
-3.9737217;42.7977219
-3.9754255;42.7969894
-3.9751451;42.7980614
-3.9738526;42.7981224
-3.9736104;42.7984924
-3.9712546;42.7991638
-3.9714198;42.7993431
-3.9712908;42.7993622
-3.9713125;42.7998238
-3.9716275;42.8012695
-3.9285588;42.8017921
-3.9297342;42.8023758
-3.9271448;42.8027611
-3.9546087;42.8027077
-3.9348888;42.8103333
-3.9316919;42.8072662
-3.9804127;42.8030396
-3.9290881;42.8036575
-3.9293358;42.8037109
-3.9300668;42.8032990
-3.9523308;42.8038330
-3.9299860;42.8042259
-3.9301622;42.8044243
-3.9466565;42.8044548
-3.9315958;42.8047371
-3.9450541;42.8048935
-3.9336960;42.8051224
-3.9316208;42.8053741
-3.9311602;42.8053246
-3.9316382;42.8053970
-3.9415433;42.8055382
-3.9402733;42.8046379
-3.9455929;42.8055496
-3.9445274;42.8054199
-3.9410508;42.8057060
-3.9407961;42.8057365
-3.9404151;42.8054276
-3.9405656;42.8057480
-3.9404554;42.8057480
-3.9398010;42.8057632
-3.9455147;42.8057213
-3.9395595;42.8057747
-3.9392588;42.8051910
-3.9390478;42.8058586
-3.9372280;42.8053474
-3.9393249;42.8058548
-3.9342322;42.8052444
-3.9369934;42.8059273
-3.9312449;42.8059959
-3.9410918;42.8059196
-3.9334378;42.8059921
-3.9372509;42.8059731
-3.9406335;42.8059578
-3.9368770;42.8060722
-3.9299610;42.8044052
-3.9297280;42.8044052
-3.9368722;42.8061638
-3.9331024;42.8062973
-3.9452827;42.8062286
-3.9272301;42.8061829
-3.9284503;42.8063316
-3.9378135;42.8064117
-3.9324563;42.8063622
-3.9403839;42.8066025
-3.9412596;42.8067245
-3.9390714;42.8067818
-3.9310389;42.8070717
-3.9398463;42.8194809
-3.9187124;42.8198891
-3.9180369;42.8200455
-3.9178190;42.8198280
-3.9411719;42.8196259
-3.9185874;42.8202133
-3.9186776;42.8202515
-3.9189579;42.8202286
-3.9182222;42.8204041
-3.9185627;42.8204384
-3.9180148;42.8204918
-3.9187601;42.8205338
-3.9189937;42.8205032
-3.9177244;42.8206558
-3.9187925;42.8207092
-3.9174256;42.8208199
-3.9172115;42.8208046
-3.9191883;42.8208656
-3.9175675;42.8209419
-3.9173131;42.8209496
-3.9161985;42.8209839
-3.9157443;42.8209343
-3.9177067;42.8210144
-3.9172385;42.8210220
-3.9154432;42.8210907
-3.9185641;42.8211441
-3.9172742;42.8212166
-3.9051554;42.8222198
-3.9051604;42.8223000
-3.9182832;42.8222084
-3.9694705;42.8220711
-3.9043114;42.8228645
-3.8934598;42.8230896
-3.8935893;42.8228340
-3.9701290;42.8225632
-3.9711964;42.8225822
-3.8972743;42.8232002
-3.9715257;42.8226509
-3.9719706;42.8223076
-3.8967957;42.8232765
-3.9714303;42.8226700
-3.8947680;42.8232689
-3.8945160;42.8234978
-3.9702473;42.8229065
-3.9717767;42.8229027
-3.8937001;42.8235626
-3.8946526;42.8238068
-3.8951597;42.8233910
-3.8948288;42.8238182
-3.8951406;42.8238335
-3.8942182;42.8239098
-3.9704201;42.8233757
-3.8941000;42.8240013
-3.8940034;42.8240166
-3.8941991;42.8241577
-3.8945587;42.8241081
-3.9080887;42.8240967
-3.8942745;42.8242950
-3.9702363;42.8238983
-3.9074476;42.8244514
-3.9075379;42.8244781
-3.9075637;42.8245888
-3.9076300;42.8245926
-3.9075594;42.8246651
-3.9708824;42.8243408
-3.9725304;42.8248253
-3.9727919;42.8248787
-3.9179361;42.8254662
-3.9467213;42.8260498
-3.9466891;42.8261566
-3.9467235;42.8265076
-3.9200382;42.8267288
-3.8695333;42.8273315
-3.8695047;42.8271408
-3.8702497;42.8275070
-3.8689909;42.8275833
-3.8687055;42.8275986
-3.9474764;42.8270874
-3.9470470;42.8273926
-3.9481869;42.8274078
-3.9460583;42.8275146
-3.9490621;42.8275337
-3.9477181;42.8277283
-3.9501166;42.8277206
-3.9490488;42.8278580
-3.9483750;42.8278809
-3.9463456;42.8279266
-3.9482627;42.8279266
-3.9494047;42.8279343
-3.8689775;42.8286209
-3.8694293;42.8285027
-3.8687742;42.8287086
-3.9479456;42.8281136
-3.8681788;42.8287659
-3.9482470;42.8282471
-3.9515638;42.8282242
-3.9513307;42.8280067
-3.9519556;42.8282661
-3.9495008;42.8283272
-3.9505408;42.8283195
-3.9493792;42.8283501
-3.8678904;42.8290749
-3.8315763;42.8293381
-3.8314993;42.8295746
-3.8670859;42.8293304
-3.8665564;42.8290787
-3.9482059;42.8286896
-3.8316531;42.8296280
-3.8317695;42.8294792
-3.9492350;42.8288040
-3.9514432;42.8287888
-3.9488387;42.8288307
-3.8342187;42.8297653
-3.8339453;42.8297882
-3.8316743;42.8298111
-3.8664105;42.8295555
-3.8315644;42.8298340
-3.9517562;42.8289261
-3.8654785;42.8295364
-3.8680751;42.8296318
-3.8319032;42.8299026
-3.8315468;42.8300209
-3.9508386;42.8291512
-3.9034162;42.8295517
-3.8338714;42.8300819
-3.8343561;42.8302841
-3.8333731;42.8303719
-3.8331354;42.8303909
-3.9036548;42.8298912
-3.8338292;42.8304558
-3.9033868;42.8299713
-3.8337474;42.8305130
-3.8646371;42.8303452
-3.8335054;42.8305931
-3.8332722;42.8306351
-3.9038353;42.8301811
-3.9034226;42.8302422
-3.9036946;42.8302727
-3.9035807;42.8302841
-3.9041293;42.8304596
-3.8640845;42.8307762
-3.9042890;42.8305016
-3.8342066;42.8310509
-3.8608952;42.8311501
-3.8607645;42.8306313
-3.8626108;42.8312149
-3.8632724;42.8315964
-3.9196439;42.8313637
-3.9038188;42.8311005
-3.9037232;42.8318672
-3.8606768;42.8323059
-3.8609855;42.8322830
-3.9055510;42.8319931
-3.9061184;42.8319931
-3.9198151;42.8318939
-3.9028485;42.8320808
-3.9039266;42.8321571
-3.9068654;42.8321419
-3.9043901;42.8321686
-3.9040463;42.8322182
-3.9054172;42.8322830
-3.9051721;42.8323059
-3.9058940;42.8323059
-3.9047134;42.8323593
-3.9051514;42.8323631
-3.9050112;42.8323975
-3.9053922;42.8324547
-3.9050493;42.8325195
-3.9042292;42.8325348
-3.9003434;42.8326340
-3.9039421;42.8326187
-3.9003272;42.8327446
-3.8610311;42.8331184
-3.8961856;42.8328552
-3.8618751;42.8331184
-3.9003928;42.8329086
-3.9030201;42.8329620
-3.9007573;42.8329926
-3.8593674;42.8335953
-3.9017537;42.8333282
-3.8612645;42.8338394
-3.8874259;42.8337173
-3.9083948;42.8335800
-3.8628635;42.8340454
-3.8864191;42.8339920
-3.8851614;42.8331184
-3.8969157;42.8339348
-3.8613853;42.8342896
-3.9085672;42.8340645
-3.8854797;42.8342781
-3.8580835;42.8346214
-3.8579862;42.8343506
-3.8575199;42.8347397
-3.8482583;42.8352737
-3.8503036;42.8356438
-3.8622437;42.8372192
-3.9098408;42.8374863
-3.8594763;42.8385658
-3.8587136;42.8389511
-3.8585556;42.8386459
-3.8584518;42.8389664
-3.8580072;42.8388214
-3.8601372;42.8389664
-3.8591485;42.8390198
-3.9269526;42.8385048
-3.8596396;42.8390312
-3.8592989;42.8391609
-3.8652067;42.8393478
-3.8608024;42.8394279
-3.8594151;42.8397484
-3.8586929;42.8392677
-3.8678956;42.8402443
-3.9270198;42.8397980
-3.8593152;42.8404770
-3.8588564;42.8402100
-3.8941278;42.8404388
-3.8602285;42.8415909
-3.9270389;42.8411369
-3.8600352;42.8417168
-3.9289410;42.8413620
-3.9283538;42.8413773
-3.8602695;42.8419800
-3.9269392;42.8414879
-3.9290056;42.8414803
-3.9283795;42.8415413
-3.8610425;42.8421135
-3.8601370;42.8421326
-3.9283845;42.8417053
-3.9265008;42.8417244
-3.9255807;42.8417740
-3.9252734;42.8418617
-3.9270458;42.8419418
-3.9272296;42.8421593
-3.9290235;42.8421860
-3.9265890;42.8422356
-3.9278984;42.8427086
-3.8731444;42.8431435
-3.9286597;42.8429222
-3.8670282;42.8439941
-3.8672969;42.8423119
-3.8667843;42.8440361
-3.8671651;42.8441544
-3.8663986;42.8441887
-3.8771842;42.8442154
-3.8772070;42.8438148
-3.8668509;42.8444633
-3.8760555;42.8443985
-3.8679073;42.8445854
-3.8675117;42.8443985
-3.8757389;42.8446121
-3.8936756;42.8447266
-3.8936152;42.8451157
-3.8933203;42.8451996
-3.8941250;42.8450966
-3.8940196;42.8452530
-3.8777902;42.8454247
-3.8943996;42.8453407
-3.8923986;42.8453598
-3.8935540;42.8454247
-3.8788254;42.8459663
-3.8937027;42.8460121
-3.8785381;42.8466454
-3.8796849;42.8493233
-3.8798912;42.8494453
-3.8804247;42.8510895
-3.8805726;42.8513222
-3.9129705;42.8583603
-3.9293048;42.8662033
-3.9168670;42.8694839
-3.9164665;42.8692169
-3.9169161;42.8689957
-3.9171164;42.8695602
-3.9175541;42.8697014
-3.9169705;42.8698349
-3.9179990;42.8703728
-3.9179869;42.8706436
-3.8638182;42.8707848
-3.8635564;42.8711433
-3.9187741;42.8708839
-3.8638880;42.8715439
-3.8641911;42.8713837
-3.9182827;42.8711243
-3.8638160;42.8717918
-3.8623314;42.8719521
-3.9177444;42.8715897
-3.8647847;42.8720856
-3.8620789;42.8721237
-3.8618257;42.8719368
-3.8631644;42.8722725
-3.8618271;42.8722954
-3.9180946;42.8719635
-3.8628266;42.8724060
-3.8619499;42.8724785
-3.9178925;42.8720856
-3.8624625;42.8725204
-3.8626964;42.8726006
-3.8614385;42.8726501
-3.8625064;42.8726501
-3.9180245;42.8722572
-3.8619533;42.8727188
-3.8628476;42.8727379
-3.8628843;42.8728065
-3.9453602;42.8722153
-3.9445486;42.8719978
-3.9457645;42.8722115
-3.8629510;42.8729286
-3.8622074;42.8731003
-3.8614366;42.8732643
-3.8603821;42.8734131
-3.8604558;42.8734665
-3.8601542;42.8735695
-3.8596263;42.8733978
-3.9461005;42.8729286
-3.9473579;42.8723984
-3.8600590;42.8736343
-3.8597479;42.8735275
-3.8610449;42.8736420
-3.8607166;42.8738480
-3.8606014;42.8738785
-3.8598690;42.8738937
-3.9459348;42.8732719
-3.9136760;42.8736191
-3.9458857;42.8734779
-3.9449749;42.8735924
-3.9451644;42.8736076
-3.9457631;42.8739548
-3.9452355;42.8739891
-3.9457030;42.8741798
-3.9456167;42.8745079
-3.9361811;42.8752518
-3.9389284;42.8769264
-3.9397793;42.8771706
-3.9108660;42.8776016
-3.9084408;42.8779793
-3.9074461;42.8788681
-3.9068718;42.8788719
-3.9074466;42.8789406
-3.9078441;42.8790016
-3.9088471;42.8790970
-3.9074478;42.8791199
-3.9071288;42.8791161
-3.9080379;42.8793526
-3.9076619;42.8793793
-3.9077971;42.8797264
-3.9085324;42.8801117
-3.9520302;42.8794937
-3.9517248;42.8800354
-3.9531384;42.8800278
-3.8530660;42.8808594
-3.9469302;42.8803139
-3.8529863;42.8812714
-3.9472172;42.8806267
-3.9513307;42.8806114
-3.9480450;42.8805389
-3.9479091;42.8806686
-3.9490724;42.8806229
-3.9484921;42.8807449
-3.9502621;42.8809586
-3.9512241;42.8810883
-3.9474146;42.8817902
-3.9067867;42.8911476
-3.9067087;42.8913879
-3.9068866;42.8914642
-3.9148109;42.8947029
-3.9152429;42.8945503
-3.9149468;42.8944054
-3.9133687;42.8947754
-3.9124744;42.8946800
-3.9142952;42.8948288
-3.9137523;42.8939972
-3.9136755;42.8948402
-3.9145253;42.8949165
-3.9146190;42.8950996
-3.9134095;42.8954201
-3.9150963;42.8954964
-3.9137206;42.8959961
-3.9136643;42.8957939
-3.9134698;42.8960381
-3.9137735;42.8961868
-3.9140682;42.8967247
-3.9135258;42.8967514
-3.9015512;42.8971939
-3.9126887;42.8971291
-3.9177318;42.8968277
-3.9059823;42.8970642
-3.9185336;42.8965836
-3.9183261;42.8971481
-3.9063253;42.8972473
-3.9092104;42.8982506
-3.9133070;42.8982964
-3.9137003;42.8983650
-3.9122910;42.8993950
-3.8973191;42.8995590
-3.9119134;42.8994751
-3.9114246;42.8991203
-3.9135563;42.8997307
-3.9126925;42.8998642
-3.9114752;42.8998909
-3.9121251;42.9001350
-3.9115772;42.9001808
-3.9130907;42.9004707
-3.9118254;42.9004974
-3.9130378;42.9010315
-3.9133384;42.9014778
-3.8767605;42.9019470
-3.9135859;42.9018974
-3.9139326;42.9026489
-3.9145789;42.9041939
-3.8676276;42.9059105
-3.8673234;42.9065399
-3.8671274;42.9069786
-3.8678844;42.9071884
-3.8679466;42.9074020
-3.8670418;42.9075775
-3.8671544;42.9076157
-3.8672447;42.9076309
-3.8690214;42.9076271
-3.8684390;42.9076385
-3.8665516;42.9077606
-3.8668332;42.9081116
-3.9168236;42.9079742
-3.8686984;42.9085464
-3.8674893;42.9117851
-3.8673029;42.9135246
-3.8704145;42.9136276
-3.8703320;42.9134674
-3.8680718;42.9137650
-3.8669183;42.9137878
-3.8665202;42.9131889
-3.8695333;42.9137764
-3.8673558;42.9138412
-3.8673799;42.9139824
-3.8688576;42.9140396
-3.8688641;42.9143143
-3.8674533;42.9143677
-3.9078357;42.9148788
-3.8625333;42.9198074
-3.8624051;42.9199753
-3.8622785;42.9200172
-3.8623300;42.9202919
-3.8618739;42.9204559
-3.8624134;42.9204559
-3.8620622;42.9205666
-3.8620455;42.9206696
-3.8355970;42.9209099
-3.8345118;42.9175606
-3.8621533;42.9207458
-3.8616543;42.9208374
-3.8611279;42.9210129
-3.8608797;42.9209175
-3.8375566;42.9219284
-3.8611078;42.9219208
-3.8413904;42.9222183
-3.8410337;42.9225044
-3.8409064;42.9225845
-3.8417037;42.9223328
-3.8414032;42.9227333
-3.8388391;42.9227715
-3.8603070;42.9226837
-3.8402209;42.9229012
-3.8399851;42.9228897
-3.8394940;42.9229279
-3.8392873;42.9229393
-3.8413610;42.9229813
-3.8409195;42.9230270
-3.8602586;42.9229012
-3.8416195;42.9230423
-3.8596957;42.9229126
-3.8404980;42.9230881
-3.8600681;42.9229927
-3.8388088;42.9231529
-3.8601620;42.9230995
-3.8601611;42.9232063
-3.8406954;42.9233551
-3.8408108;42.9235687
-3.8608527;42.9234390
-3.8599026;42.9236412
-3.8606997;42.9235306
-3.8596778;42.9239807
-3.9079244;42.9242172
-3.8641117;42.9253197
-3.8837636;42.9250679
-3.8831000;42.9282188
-3.8779242;42.9287605
-3.8830163;42.9290047
-3.8826385;42.9290047
-3.8830168;42.9291534
-3.8830264;42.9292641
-3.8834198;42.9293175
-3.8833065;42.9295044
-3.8830643;42.9296608
-3.8830712;42.9297829
-3.8413830;42.9303894
-3.8829098;42.9301720
-3.8386590;42.9307976
-3.8828340;42.9307861
-3.8829200;42.9324951
-3.8490684;43.1666756
-3.7925894;43.1377220
-3.7928119;43.1380501
-3.7969661;43.1430817
-3.8209643;43.1519051
-3.8209989;43.1519775
-3.7842431;43.1562920
-3.7845426;43.1563110
-3.7135854;43.1207733
-3.7135494;43.1209679
-3.7215450;43.1253815
-3.7218919;43.1254044
-3.7458584;43.1376419
-3.7461190;43.1376343
-3.7826011;43.1672401
-3.7828035;43.1670265
-3.7850685;43.1598091
-3.7852893;43.1599121
-3.8079743;43.1571884
-3.8075149;43.1572075
-3.8220315;43.1607132
-3.8219237;43.1606560
-3.8294592;43.1643944
-3.8293538;43.1641541
-3.7142103;43.1177483
-3.7077382;43.1194458
-3.7149899;43.1225395
-3.7109270;43.1231689
-3.7151721;43.1248703
-3.7269490;43.1263885
-3.7229033;43.1265259
-3.7259843;43.1272697
-3.7195873;43.1294403
-3.7281802;43.1298714
-3.7309079;43.1344910
-3.7279174;43.1347847
-3.7492738;43.1366158
-3.7522304;43.1360245
-3.7324741;43.1370544
-3.7584019;43.1384277
-3.7590234;43.1386795
-3.7602255;43.1394272
-3.7637219;43.1412544
-3.7655172;43.1420326
-3.7658463;43.1421890
-3.7666197;43.1424942
-3.7853484;43.1318703
-3.7693756;43.1436691
-3.7712352;43.1445732
-3.7983232;43.1448059
-3.7719126;43.1458321
-3.8001993;43.1466942
-3.7224720;43.1460228
-3.7276361;43.1474876
-3.7732091;43.1472244
-3.7735379;43.1478386
-3.7734239;43.1480751
-3.7297459;43.1485901
-3.8018639;43.1481514
-3.8022447;43.1490173
-3.7741663;43.1495132
-3.7743218;43.1497307
-3.8025179;43.1497116
-3.8027008;43.1502762
-3.7328258;43.1507835
-3.7765245;43.1512070
-3.7366972;43.1519966
-3.7784328;43.1523094
-3.8041270;43.1521950
-3.7789137;43.1526527
-3.7392509;43.1534615
-3.7401900;43.1539116
-3.7804663;43.1537743
-3.7405047;43.1543121
-3.7812467;43.1543388
-3.7815039;43.1545258
-3.8215349;43.1544685
-3.7806170;43.1548424
-3.7819290;43.1544914
-3.7819719;43.1548576
-3.7828455;43.1554985
-3.7834792;43.1555595
-3.7431669;43.1558762
-3.7832167;43.1557770
-3.7832785;43.1558228
-3.7834146;43.1559181
-3.7833056;43.1559448
-3.7842402;43.1559525
-3.7841346;43.1559868
-3.7833390;43.1560097
-3.7833142;43.1560478
-3.7836335;43.1560707
-3.7842557;43.1561127
-3.7841930;43.1562881
-3.7461009;43.1572342
-3.7838130;43.1573105
-3.7946193;43.1572533
-3.7941680;43.1572227
-3.7832210;43.1573753
-3.7955427;43.1573143
-3.7858651;43.1575165
-3.7976861;43.1574402
-3.7969692;43.1573982
-3.8070908;43.1573906
-3.7867675;43.1575890
-3.7984557;43.1575165
-3.7872865;43.1576195
-3.7989438;43.1575661
-3.7983766;43.1576767
-3.7946837;43.1577339
-3.8010831;43.1577911
-3.8028841;43.1578102
-3.7988551;43.1578712
-3.7844269;43.1578636
-3.7848539;43.1580658
-3.7992687;43.1580162
-3.7831199;43.1582336
-3.8009431;43.1582413
-3.7841706;43.1583786
-3.8028765;43.1582603
-3.7824283;43.1585083
-3.7815790;43.1583977
-3.7991478;43.1584206
-3.7499292;43.1590919
-3.7802675;43.1589546
-3.7847090;43.1589928
-3.7853489;43.1590805
-3.8179529;43.1583443
-3.7844517;43.1595116
-3.7825930;43.1595497
-3.7832088;43.1596031
-3.7807708;43.1598663
-3.7826231;43.1598625
-3.7807558;43.1600113
-3.7784464;43.1600494
-3.7809291;43.1600761
-3.7785394;43.1600914
-3.7804322;43.1601639
-3.7775309;43.1601868
-3.7817376;43.1602249
-3.7798953;43.1604919
-3.7844789;43.1605911
-3.7784815;43.1606445
-3.7688625;43.1607704
-3.7795079;43.1608963
-3.7874591;43.1607742
-3.7886658;43.1609154
-3.8221564;43.1607895
-3.7656829;43.1617470
-3.7533629;43.1618423
-3.7534239;43.1619034
-3.7918882;43.1622505
-3.7608652;43.1627312
-3.7595601;43.1629333
-3.7923782;43.1627541
-3.7587175;43.1632271
-3.7571669;43.1635704
-3.7942746;43.1633835
-3.7569401;43.1636505
-3.7944083;43.1634560
-3.7942855;43.1636238
-3.7894177;43.1634560
-3.8276320;43.1637154
-3.7857792;43.1647568
-3.8297732;43.1648445
-3.7765408;43.1655502
-3.7741113;43.1672058
-3.7743077;43.1673660
-3.8455417;43.1669960
-3.8445897;43.1677513
-3.7835045;43.1703224
-3.7842050;43.1703644
-3.7897177;43.1702995
-3.7897768;43.1703949
-3.8059905;43.1829605
-3.8061228;43.1829796
-3.8073573;43.1875076
-3.3610630;43.1808929
-3.3604553;43.1801186
-3.3596900;43.1846046
-3.3593955;43.1836014
-3.3504641;43.1800117
-3.3601036;43.1807785
-3.3606026;43.1809082
-3.3602624;43.1809349
-3.3598399;43.1812820
-3.4279156;43.1634750
-3.4269104;43.1631660
-3.3731902;43.1822281
-3.3729777;43.1843643
-3.4283416;43.1634178
-3.4286113;43.1627007
-3.4281993;43.1619301
-3.4289846;43.1640854
-3.4285924;43.1639786
-3.4319477;43.1697311
-3.4317641;43.1700821
-3.3838933;43.1853752
-3.3837514;43.1853104
-3.3831627;43.1807976
-3.3821046;43.1812477
-3.3783436;43.1824837
-3.3781521;43.1831551
-3.3777237;43.1844864
-3.3802838;43.1846313
-3.3808985;43.1855545
-3.3830516;43.1853828
-3.3770442;43.1800423
-3.3723505;43.1821938
-3.3717687;43.1818733
-3.3721523;43.1823273
-3.3726311;43.1820908
-3.3735392;43.1806221
-3.3737116;43.1804886
-3.3734243;43.1804276
-3.3739021;43.1799469
-3.3589673;43.1847725
-3.3586175;43.1849899
-3.3606730;43.1803741
-3.3604887;43.1806030
-3.3602641;43.1805840
-3.3597507;43.1806488
-3.4280217;43.1607437
-3.4260437;43.1594200
-3.4277928;43.1601601
-3.4282115;43.1639709
-3.4330328;43.1778908
-3.4342136;43.1861992
-3.4311864;43.1840706
-3.4314935;43.1830330
-3.3590622;43.1830254
-3.4113085;43.1691360
-3.4237473;43.1641960
-3.3668766;43.1833649
-3.3601637;43.1776390
-3.3600709;43.1775475
-3.3600271;43.1775398
-3.3595660;43.1850777
-3.3866339;43.1821747
-3.3907084;43.1817932
-3.3910439;43.1818314
-3.3930559;43.1819801
-3.3941472;43.1816902
-3.3956749;43.1812019
-3.3986371;43.1803398
-3.3645492;43.1854744
-3.3589878;43.1830750
-3.4279852;43.1627884
-3.3834085;43.1809044
-3.3829224;43.1803970
-3.3836598;43.1800194
-3.3816741;43.1754036
-3.3819432;43.1754417
-3.4279163;43.1664619
-3.4263446;43.1682854
-3.4281769;43.1662598
-3.4338398;43.1861534
-3.4004128;43.1750755
-3.1022274;43.1667709
-3.1069069;43.1472931
-3.1281414;43.1659813
-3.1276374;43.1660652
-3.1281340;43.1656914
-3.1281652;43.1658173
-3.1247964;43.1674004
-3.1160989;43.1677361
-3.1174233;43.1679192
-3.1076283;43.1608849
-3.1118925;43.1596947
-3.1200829;43.1674995
-3.1215534;43.1673927
-3.1052024;43.1659203
-3.1078920;43.1665802
-3.1120434;43.1675568
-3.1123357;43.1675110
-3.1360297;43.1816063
-3.1365230;43.1812897
-3.1365426;43.1812782
-3.1366410;43.1812325
-3.1383867;43.1810112
-3.1384668;43.1811028
-3.2111452;43.1788712
-3.2124286;43.1774940
-3.2183545;43.1757812
-3.2155738;43.1740303
-3.2160196;43.1757355
-3.2158351;43.1764374
-3.2149923;43.1766853
-3.2130017;43.1768684
-3.2126100;43.1766319
-3.2128258;43.1764526
-3.2124741;43.1758537
-3.2051284;43.1814308
-3.2054775;43.1808205
-3.2026916;43.1830940
-3.2028306;43.1829262
-3.2017949;43.1831131
-3.2189178;43.1757889
-3.2185059;43.1757889
-3.2231658;43.1726608
-3.2026207;43.1853600
-3.2146320;43.1759911
-3.2148211;43.1760712
-3.2057993;43.1806564
-3.2061813;43.1804428
-3.2041957;43.1763420
-3.1993120;43.1855965
-3.2001526;43.1832657
-3.2062728;43.1823654
-3.2108636;43.1790962
-3.2108526;43.1792831
-3.2086587;43.1807899
-3.2201385;43.1751328
-3.2210503;43.1743431
-3.2211268;43.1742783
-3.2213972;43.1740456
-3.2223675;43.1732483
-3.2224395;43.1731796
-3.2313781;43.1798058
-3.2290642;43.1801109
-3.2310002;43.1789932
-3.2300279;43.1784897
-3.2281139;43.1778564
-3.2235894;43.1742973
-3.2177031;43.1766434
-3.2128606;43.1770134
-3.2044277;43.1851501
-3.2051065;43.1841316
-3.2039990;43.1853752
-3.2041671;43.1853447
-3.2213132;43.1738396
-3.2190423;43.1761703
-3.2195649;43.1756973
-3.2192714;43.1758766
-3.2192190;43.1758881
-3.2192192;43.1759224
-3.2190287;43.1760826
-3.2227027;43.1731491
-3.2057934;43.1831398
-3.2045920;43.1848068
-3.2062240;43.1824379
-3.2036567;43.1834831
-3.2044170;43.1824074
-3.2231319;43.1729431
-3.2230365;43.1732063
-3.2228615;43.1728554
-3.2226706;43.1729660
-3.2231586;43.1730919
-3.2232594;43.1732979
-3.2242844;43.1746750
-3.1643174;43.1850128
-3.1642852;43.1881676
-3.1404934;43.1811180
-3.1436589;43.1806183
-3.1427152;43.1809044
-3.1429715;43.1879387
-3.1430931;43.1848221
-3.1307588;43.1851044
-3.2067106;43.1636620
-3.1282825;42.6909599
-3.1290979;42.6849365
-3.7821579;43.0337296
-3.1478708;43.0587044
-3.6936810;42.7675896
-3.2744513;43.0135841
-3.2952943;42.8400917
