-4.0280323;42.5860710
-4.0279036;42.5860901
-4.0267215;42.5860710
-4.0265303;42.5861130
-4.0269623;42.5860481
-4.0270534;42.5861893
-3.7270885;42.4346504
-3.7274511;42.4347687
-3.5469463;42.6406097
-3.5466812;42.6407471
-3.5525486;42.6218796
-3.5525260;42.6219406
-3.5526166;42.6217003
-3.6200354;42.6238480
-3.6199336;42.6238708
-3.5525270;42.6251335
-3.5525072;42.6252251
-3.6126757;42.6254539
-3.6124516;42.6254921
-3.5818093;42.6237259
-3.5814166;42.6237526
-3.5817864;42.6230469
-3.5810659;42.6228027
-3.5815015;42.6231499
-3.5809233;42.6226349
-3.5802009;42.6224976
-3.5799005;42.6223373
-3.5777950;42.6242943
-3.5779161;42.6236420
-3.5520034;42.6179581
-3.5519233;42.6180725
-3.6069019;42.5992393
-3.6059470;42.5984764
-3.6066790;42.5999069
-3.6066151;42.5999985
-3.6063702;42.6024628
-3.6081090;42.6040993
-3.6189950;42.6060219
-3.6252959;42.6078224
-3.6318111;42.6090279
-3.6334033;42.6091957
-3.6331599;42.6092949
-3.6334524;42.6095390
-3.6334651;42.6093636
-3.6334262;42.6099014
-3.6338475;42.6098518
-3.6335409;42.6099434
-3.6334217;42.6099625
-3.6332562;42.6125450
-3.6331747;42.6135178
-3.6328201;42.6149864
-3.5523243;42.6158409
-3.5523453;42.6153641
-3.5527575;42.6162415
-3.5529993;42.6161308
-3.5528004;42.6163445
-3.5532303;42.6164398
-3.5525420;42.6167259
-3.5509369;42.6171036
-3.5517499;42.6171188
-3.5521660;42.6172028
-3.5520902;42.6172523
-3.5519793;42.6172562
-3.5524337;42.6174088
-3.5522270;42.6175003
-3.5520067;42.6175461
-3.5518739;42.6175842
-3.5517395;42.6178627
-3.5513959;42.6178131
-3.5669017;42.6182823
-3.5538359;42.6183472
-3.5530248;42.6185493
-3.5708284;42.6210213
-3.5842192;42.6224899
-3.5837927;42.6225624
-3.5813227;42.6224594
-3.5826187;42.6228752
-3.5805531;42.6228981
-3.5818870;42.6231003
-3.5817549;42.6231575
-3.6258326;42.6229019
-3.6222370;42.6233063
-3.6222010;42.6233177
-3.5813069;42.6233330
-3.5811949;42.6233368
-3.5809834;42.6233406
-3.5797272;42.6233673
-3.5796335;42.6233711
-3.5818007;42.6233711
-3.5823512;42.6233864
-3.5789614;42.6233978
-3.5811903;42.6234398
-3.5818169;42.6234627
-3.5782065;42.6234970
-3.5825253;42.6235008
-3.5796902;42.6236076
-3.5802860;42.6236496
-3.5820942;42.6236572
-3.5812259;42.6236877
-3.5793319;42.6236954
-3.5823617;42.6236992
-3.5797150;42.6237144
-3.5741010;42.6237259
-3.5785220;42.6237030
-3.5799589;42.6237640
-3.5817513;42.6238518
-3.5816395;42.6238632
-3.5821695;42.6239052
-3.5815096;42.6239548
-3.5746117;42.6240044
-3.5808966;42.6240387
-3.5751505;42.6242371
-3.6024499;42.6250610
-3.6022151;42.6250038
-3.5939386;42.6251068
-3.6027930;42.6251755
-3.6042109;42.6259842
-3.6100492;42.6260262
-3.6098106;42.6260681
-3.5481005;42.6261787
-3.6026669;42.6566696
-3.6000295;42.6573143
-3.5946937;42.6586227
-3.5935669;42.6588936
-3.4920161;42.7423859
-3.4919147;42.7423973
-3.5122926;42.7093010
-3.5065222;42.7106972
-3.4933162;42.7123222
-3.4886553;42.7093811
-3.5047610;42.7127113
-3.4956167;42.7138519
-3.5040498;42.7144623
-3.4965038;42.7147789
-3.5038645;42.7150574
-3.5042830;42.7145691
-3.5005906;42.7156677
-3.5038052;42.7156830
-3.5042939;42.7156792
-3.5008895;42.7157745
-3.5021372;42.7159119
-3.5015936;42.7160110
-3.5018668;42.7160721
-3.5029202;42.7160912
-3.5033550;42.7156219
-3.5027649;42.7160721
-3.5031192;42.7161636
-3.5034306;42.7157059
-3.5028954;42.7162476
-3.5025375;42.7162933
-3.5035357;42.7163124
-3.5039513;42.7162781
-3.5034444;42.7163277
-3.5031042;42.7163391
-3.5033059;42.7163696
-3.5028722;42.7164001
-3.5020056;42.7164116
-3.5020621;42.7165108
-3.5025439;42.7165298
-3.5023813;42.7165794
-3.5027814;42.7166862
-3.5032303;42.7167435
-3.5027189;42.7168694
-3.5022299;42.7169380
-3.5038972;42.7170563
-3.5021744;42.7172737
-3.5023980;42.7173424
-3.5027225;42.7185745
-3.5037997;42.7201576
-3.5041268;42.7209587
-3.5051219;42.7229004
-3.5055485;42.7230682
-3.5061066;42.7228851
-3.5058548;42.7231636
-3.5055847;42.7232742
-3.5057502;42.7233429
-3.5058668;42.7233925
-3.5063913;42.7233925
-3.5079300;42.7236938
-3.5105934;42.7235832
-3.5058222;42.7242126
-3.5163789;42.7249641
-3.5059140;42.7253342
-3.5086937;42.7283058
-3.5083992;42.7300644
-3.5083759;42.7305565
-3.5083575;42.7310257
-3.5079777;42.7306900
-3.5083408;42.7312088
-3.5092230;42.7312431
-3.5103762;42.7312050
-3.5083051;42.7312813
-3.5073743;42.7312851
-3.5080767;42.7315369
-3.5071914;42.7318954
-3.4824810;42.7358742
-3.4793077;42.7374725
-3.4775507;42.7378120
-3.4948885;42.7397041
-3.4933000;42.7401657
-3.4938662;42.7402153
-3.4938130;42.7400856
-3.4931433;42.7403069
-3.4936142;42.7404022
-3.4935119;42.7404404
-3.4936321;42.7406845
-3.4930933;42.7407036
-3.4888713;42.7408524
-3.4931693;42.7409477
-3.4907248;42.7421303
-3.4930503;42.7422371
-3.4928873;42.7422523
-3.4926450;42.7422867
-3.4932370;42.7425613
-3.4927218;42.7426109
-3.4932935;42.7426529
-3.4938028;42.7426453
-3.4931736;42.7428551
-3.4947150;42.7436981
-3.4960506;42.7473068
-3.4985332;42.7500610
-3.5018806;42.7510948
-3.4841206;42.7540245
-3.4734707;42.7495995
-3.5804293;42.7435112
-3.5804253;42.7433624
-3.6138084;42.6876259
-3.6138093;42.6877327
-3.5880432;42.7481308
-3.5880213;42.7479401
-3.6333246;42.7600822
-3.6334333;42.7600746
-3.6361575;42.7626266
-3.6362250;42.7627258
-3.6143713;42.6830368
-3.6139827;42.6841507
-3.6139288;42.6950035
-3.6133165;42.6983261
-3.6132987;42.6985664
-3.6133525;42.7047348
-3.6143613;42.7065430
-3.6131344;42.7088509
-3.6147523;42.7082329
-3.6143067;42.7091751
-3.6137588;42.7101784
-3.6137559;42.7104797
-3.6139185;42.7105408
-3.6140995;42.7105789
-3.6136353;42.7109680
-3.6131668;42.7110138
-3.6135919;42.7112007
-3.6134756;42.7112389
-3.6131165;42.7115364
-3.6136889;42.7117081
-3.6132131;42.7122803
-3.6137247;42.7168579
-3.6137366;42.7199898
-3.6137362;42.7202148
-3.6131597;42.7263565
-3.6131887;42.7263794
-3.6135714;42.7288361
-3.6130586;42.7314720
-3.6131768;42.7326355
-3.6133814;42.7347603
-3.5536504;42.7352943
-3.5507026;42.7338600
-3.6133564;42.7388573
-3.6130872;42.7390671
-3.6128433;42.7398529
-3.6130397;42.7398911
-3.6130941;42.7419624
-3.6133425;42.7420540
-3.5797443;42.7421761
-3.5798092;42.7419662
-3.5793922;42.7420731
-3.5799816;42.7422218
-3.5797284;42.7422523
-3.5796170;42.7424698
-3.5790706;42.7422676
-3.5730999;42.7424889
-3.5823603;42.7426224
-3.5816755;42.7427063
-3.5807841;42.7428131
-3.5800226;42.7428322
-3.5805886;42.7428551
-3.5811791;42.7428780
-3.5802264;42.7428932
-3.5801001;42.7429123
-3.5806484;42.7430611
-3.5819585;42.7430649
-3.5815101;42.7431374
-3.5804765;42.7431831
-3.5824525;42.7431908
-3.5804131;42.7432518
-3.5817819;42.7433052
-3.5816548;42.7433395
-3.5821335;42.7433777
-3.5816541;42.7434502
-3.5807140;42.7435226
-3.5807250;42.7436867
-3.5848348;42.7429962
-3.5811300;42.7437248
-3.5805612;42.7438889
-3.5804670;42.7439232
-3.5803943;42.7439461
-3.5806348;42.7439995
-3.5797863;42.7440529
-3.5805423;42.7444115
-3.6836143;42.7427368
-3.6802197;42.7458916
-3.6792164;42.7465363
-3.6139226;42.7469978
-3.6137969;42.7470703
-3.6138754;42.7473373
-3.6135879;42.7494164
-3.5935531;42.7505035
-3.5921881;42.7505379
-3.5932384;42.7505569
-3.5915232;42.7507439
-3.5922153;42.7507896
-3.5928173;42.7508698
-3.5923679;42.7509041
-3.5924828;42.7509689
-3.5917828;42.7510414
-3.5916972;42.7512856
-3.5921116;42.7513275
-3.5906632;42.7514191
-3.5923858;42.7514267
-3.5937982;42.7514496
-3.5923615;42.7514496
-3.5919099;42.7516785
-3.5914872;42.7519608
-3.6689198;42.7523766
-3.6679685;42.7528687
-3.6019268;42.7531586
-3.6131675;42.7534866
-3.6129303;42.7537117
-3.6132057;42.7538948
-3.6103518;42.7541084
-3.6596024;42.7557449
-3.6139641;42.7570839
-3.6147392;42.7595978
-3.6331196;42.7601814
-3.6155999;42.7623978
-3.6517892;42.7626038
-3.6487317;42.7646751
-3.6163526;42.7649231
-3.6469243;42.7651596
-3.6463790;42.7653046
-3.6458328;42.7654228
-3.6230524;42.7656860
-3.6239514;42.7656212
-3.6167297;42.7662468
-3.6164479;42.7662544
-3.6276979;42.7665176
-3.6500211;42.7666893
-3.6525266;42.7670059
-3.6530435;42.7668533
-3.6526532;42.7670059
-3.6532216;42.7670898
-3.6516354;42.7671471
-3.6519864;42.7671852
-3.6516147;42.7672043
-3.6524725;42.7672462
-3.6532385;42.7672539
-3.6516619;42.7674942
-3.6525543;42.7675667
-3.6527598;42.7679634
-3.6510749;42.7680702
-3.6543691;42.7680779
-3.6526024;42.7682800
-3.8716640;42.7681618
-3.8721097;42.7677765
-3.6162252;42.7683945
-3.6174064;42.7684746
-3.6178527;42.7683563
-3.6172776;42.7685204
-3.6180398;42.7686386
-3.6169186;42.7686424
-3.6172411;42.7686691
-3.6161914;42.7687798
-3.6163633;42.7688141
-3.6182027;42.7688141
-3.6178758;42.7689056
-3.6168556;42.7689362
-3.6173546;42.7690544
-3.6181390;42.7690849
-3.6183801;42.7691116
-3.6187489;42.7691307
-3.6177406;42.7691879
-3.6190867;42.7688713
-3.6188705;42.7691917
-3.6189873;42.7692261
-3.6171978;42.7692757
-3.6177809;42.7692833
-3.6167531;42.7693024
-3.6138747;42.7692986
-3.6136575;42.7693024
-3.6107647;42.7692528
-3.6161320;42.7693253
-3.6173191;42.7693291
-3.6161232;42.7694054
-3.6106887;42.7694130
-3.6183047;42.7694588
-3.6178913;42.7694626
-3.6176074;42.7695389
-3.6180968;42.7695541
-3.6165152;42.7695694
-3.6180382;42.7696266
-3.6181676;42.7698441
-3.6173663;42.7698898
-3.6160657;42.7699242
-3.6187029;42.7703133
-3.6157491;42.7753639
-3.6177425;42.7798042
-3.6180983;42.7806549
-3.6194975;42.7839470
-3.6211665;42.7882500
-3.8721581;42.7681770
-3.8723376;42.7681084
-3.8715875;42.7682190
-3.8713436;42.7680397
-3.8736277;42.7686195
-3.8736715;42.7684593
-3.3728933;42.6262665
-3.3730140;42.6264000
-3.3870094;42.6416664
-3.3870411;42.6418533
-3.3948815;42.6492271
-3.3950167;42.6493683
-3.3987863;42.6533203
-3.3988395;42.6533813
-3.3630521;42.6190491
-3.3724430;42.6256065
-3.3741262;42.6276932
-3.3753569;42.6291351
-3.3794639;42.6328926
-3.3795485;42.6329689
-3.3824391;42.6353149
-3.3855534;42.6379852
-3.3869154;42.6410904
-3.3877761;42.6434212
-3.3881900;42.6438484
-3.3890498;42.6446495
-3.3890522;42.6447182
-3.3894188;42.6447754
-3.3880200;42.6447868
-3.3908088;42.6449738
-3.3911221;42.6450462
-3.3863974;42.6450195
-3.3905814;42.6450539
-3.3903925;42.6450691
-3.3902388;42.6451035
-3.3917706;42.6451683
-3.3822761;42.6451721
-3.3895721;42.6451912
-3.3915064;42.6451950
-3.3916404;42.6452942
-3.3901830;42.6453247
-3.3916116;42.6453323
-3.3903542;42.6453476
-3.3906491;42.6453590
-3.3913856;42.6454353
-3.3914943;42.6454735
-3.3895373;42.6455650
-3.3890674;42.6455345
-3.3914135;42.6455688
-3.3909583;42.6455727
-3.3900368;42.6455956
-3.3897514;42.6455269
-3.3928871;42.6456032
-3.3935978;42.6455688
-3.3932431;42.6456146
-3.3920348;42.6456184
-3.3903365;42.6456261
-3.3895705;42.6456299
-3.3905461;42.6456337
-3.3896661;42.6456528
-3.3908050;42.6456757
-3.3911381;42.6456985
-3.3921239;42.6457253
-3.3899434;42.6457367
-3.3925846;42.6457443
-3.3912792;42.6457710
-3.3925600;42.6457748
-3.3900752;42.6457787
-3.3919477;42.6457825
-3.3913624;42.6458054
-3.3902633;42.6458321
-3.3914475;42.6458511
-3.3903489;42.6458588
-3.3927553;42.6458626
-3.3905313;42.6459007
-3.3906255;42.6459236
-3.3924441;42.6459236
-3.3894820;42.6459274
-3.3906946;42.6459389
-3.3901706;42.6459846
-3.3909056;42.6460037
-3.3920159;42.6460495
-3.3894107;42.6460495
-3.3913374;42.6460533
-3.3901143;42.6461067
-3.3921742;42.6461372
-3.3915381;42.6461601
-3.3911886;42.6461868
-3.3927863;42.6462250
-3.3917539;42.6462288
-3.3903308;42.6462326
-3.3922858;42.6462555
-3.3917971;42.6462555
-3.3911049;42.6462593
-3.3915455;42.6462975
-3.3901210;42.6463852
-3.3902612;42.6464500
-3.3909192;42.6464844
-3.3904557;42.6465416
-3.3898499;42.6465492
-3.3896079;42.6464920
-3.3916013;42.6465683
-3.3910897;42.6465721
-3.3924477;42.6466026
-3.3925138;42.6467056
-3.3909357;42.6467590
-3.3901098;42.6467705
-3.3915160;42.6467819
-3.3893566;42.6468315
-3.3921933;42.6469917
-3.3928125;42.6470757
-3.3920736;42.6472511
-3.3912520;42.6475868
-3.3590066;42.6478043
-3.3936324;42.6478996
-3.3938529;42.6481361
-3.3947399;42.6490860
-3.3950579;42.6494141
-3.3966970;42.6510963
-3.3993831;42.6534996
-3.3992176;42.6534996
-3.3989489;42.6535110
-3.3990445;42.6536026
-3.3993626;42.6539307
-3.4085348;42.6550140
-3.4145143;42.6554718
-3.4033518;42.6625633
-3.4048514;42.6649933
-3.4056256;42.6659546
-3.9637594;42.7182655
-3.9631979;42.7182274
-3.9653678;42.6513405
-3.9652705;42.6512642
-3.8863580;42.6473427
-3.8867021;42.6474686
-3.9492834;42.6808739
-3.9494188;42.6809502
-3.9874587;42.7023659
-3.9875917;42.7024307
-3.9915683;42.7044373
-3.9916344;42.7044716
-3.9936888;42.7055244
-3.9937894;42.7055740
-3.9955912;42.7063332
-3.9957142;42.7063751
-4.0161762;42.7130547
-4.0159035;42.7128754
-4.0159497;42.7132607
-4.0162582;42.7132492
-3.8911579;42.6207809
-3.8909559;42.6209450
-3.8776107;42.6319389
-3.8776174;42.6321487
-3.8754113;42.6347122
-3.8749650;42.6347008
-3.9588976;42.6973610
-3.9585843;42.6972198
-3.9854102;42.7032890
-3.9851308;42.7034607
-3.9981124;42.6985168
-3.9978538;42.6985397
-3.9508431;42.7095528
-3.9504917;42.7095299
-3.9040184;42.6555710
-3.9039001;42.6557541
-3.9921513;42.7039223
-3.9922776;42.7039909
-3.9798462;42.6931572
-3.9808395;42.6939125
-3.9764564;42.6899376
-3.9369497;42.6748581
-3.9362977;42.6781731
-3.8952379;42.6177673
-3.8921130;42.6200867
-3.8836079;42.6267204
-3.8817303;42.6286011
-3.8794825;42.6296806
-3.8780563;42.6304932
-3.8778050;42.6307106
-3.8597507;42.6295052
-3.8622539;42.6307144
-3.8775973;42.6317291
-3.8774462;42.6326256
-3.8774278;42.6326561
-3.8775146;42.6329308
-3.8775909;42.6329613
-3.8775873;42.6331215
-3.8774009;42.6331444
-3.8771403;42.6331940
-3.8769989;42.6334305
-3.8775678;42.6336250
-3.8773172;42.6336327
-3.8772187;42.6336708
-3.8770287;42.6337280
-3.8768282;42.6337357
-3.8777592;42.6338959
-3.8775258;42.6339073
-3.8765543;42.6340103
-3.8770118;42.6340256
-3.8768971;42.6341171
-3.8771925;42.6341820
-3.8763442;42.6341820
-3.8774879;42.6341934
-3.8771629;42.6342125
-3.8775625;42.6342621
-3.8762491;42.6342964
-3.8696418;42.6343079
-3.8778000;42.6343613
-3.8780615;42.6344223
-3.8783224;42.6344490
-3.8760550;42.6344566
-3.8765554;42.6344604
-3.8766360;42.6344681
-3.8767648;42.6345062
-3.8769627;42.6345520
-3.8773489;42.6345825
-3.8773346;42.6346130
-3.8775485;42.6346283
-3.8769159;42.6346397
-3.8748126;42.6347008
-3.8759727;42.6347198
-3.8757317;42.6347237
-3.8781369;42.6347580
-3.8759086;42.6348190
-3.8764875;42.6348305
-3.8780649;42.6349907
-3.8764243;42.6350403
-3.8765454;42.6350937
-3.8766980;42.6351204
-3.8769665;42.6351280
-3.8769426;42.6351700
-3.8743796;42.6351814
-3.8719881;42.6365166
-3.8721230;42.6366577
-3.8723533;42.6370049
-3.8725040;42.6370659
-3.8733146;42.6372375
-3.8732681;42.6372566
-3.8730781;42.6376495
-3.8773177;42.6417084
-3.8828919;42.6460609
-3.8836040;42.6463509
-3.8816316;42.6462708
-3.8816886;42.6463852
-3.8827789;42.6463890
-3.8837733;42.6464233
-3.8822730;42.6465263
-3.8844507;42.6461029
-3.8842394;42.6465454
-3.8816793;42.6465912
-3.8816130;42.6465492
-3.8845973;42.6466751
-3.8814747;42.6466942
-3.8833628;42.6467476
-3.8847282;42.6467705
-3.8840802;42.6467857
-3.8831136;42.6467896
-3.8821959;42.6468430
-3.8823965;42.6468964
-3.8827958;42.6468735
-3.8819580;42.6468964
-3.8829999;42.6469040
-3.8814883;42.6469116
-3.9140472;42.6466026
-3.9141524;42.6469193
-3.8837302;42.6470032
-3.9140964;42.6470070
-3.9140971;42.6468697
-3.8832431;42.6470108
-3.9147675;42.6465340
-3.9146197;42.6471100
-3.8829684;42.6471405
-3.8834863;42.6471596
-3.8839321;42.6471710
-3.9144366;42.6472855
-3.8834426;42.6473465
-3.8827782;42.6474152
-3.8833311;42.6474609
-3.8838603;42.6474838
-3.8831074;42.6475105
-3.8831644;42.6475563
-3.9141123;42.6477165
-3.8831511;42.6477966
-3.8830643;42.6478920
-3.9130559;42.6470032
-3.9125757;42.6479912
-3.9132845;42.6480980
-3.9119103;42.6481934
-3.9115613;42.6480865
-3.9121437;42.6482811
-3.9126034;42.6483269
-3.9113929;42.6486969
-3.9644666;42.6487732
-3.9647348;42.6484947
-3.9123182;42.6487999
-3.9641671;42.6488037
-3.9639351;42.6488228
-3.9636717;42.6487122
-3.9122655;42.6488304
-3.9120023;42.6488495
-3.9635630;42.6489105
-3.9119720;42.6489944
-3.9634800;42.6490211
-3.9629071;42.6487083
-3.9640439;42.6490250
-3.9119532;42.6490593
-3.9635558;42.6490746
-3.9121330;42.6491318
-3.9644001;42.6491318
-3.9639890;42.6492882
-3.9117358;42.6492958
-3.9641159;42.6493607
-3.9634016;42.6493645
-3.9650126;42.6493683
-3.9634807;42.6494102
-3.9654644;42.6494560
-3.9638774;42.6495056
-3.9654703;42.6495895
-3.9660840;42.6495972
-3.9659729;42.6494598
-3.9637589;42.6496315
-3.9649665;42.6496620
-3.9649997;42.6496849
-3.9657922;42.6497955
-3.9647436;42.6498299
-3.9652865;42.6498451
-3.9638891;42.6498528
-3.9654548;42.6499062
-3.9657817;42.6499176
-3.9661381;42.6499176
-3.9641550;42.6499252
-3.9642987;42.6497688
-3.9657476;42.6499825
-3.9663985;42.6499901
-3.9651637;42.6500130
-3.9664667;42.6500397
-3.9649267;42.6500664
-3.9670892;42.6502686
-3.9661882;42.6503258
-3.9663241;42.6503410
-3.9656289;42.6504707
-3.9655001;42.6505966
-3.9651964;42.6508026
-3.9650383;42.6507874
-3.9653788;42.6508179
-3.9578397;42.6511879
-3.9577951;42.6512375
-3.9574814;42.6515083
-3.9647887;42.6522598
-3.9556322;42.6531258
-3.9067526;42.6535530
-3.9067307;42.6535797
-3.9538326;42.6546669
-3.9532428;42.6551781
-3.9531586;42.6552429
-3.9529538;42.6553383
-3.9897377;42.6561470
-3.9035122;42.6567650
-3.9036932;42.6568489
-3.9472358;42.6577644
-3.9464033;42.6587105
-4.0000463;42.6588097
-3.9458292;42.6594048
-3.9096646;42.6595039
-3.9444466;42.6609421
-3.9440999;42.6613350
-3.9165821;42.6627579
-3.9169371;42.6629524
-3.9395568;42.6648636
-3.9383161;42.6658859
-3.9380374;42.6662216
-3.9380085;42.6662712
-3.9121349;42.6675873
-3.9378476;42.6685333
-3.9377131;42.6705360
-3.9376876;42.6711197
-3.9376960;42.6713562
-3.9304297;42.6715393
-3.9141867;42.6721687
-3.9143500;42.6724815
-3.9147491;42.6728058
-3.9145434;42.6723785
-3.9151666;42.6729126
-3.9147952;42.6729927
-3.9147246;42.6730652
-3.9143815;42.6730690
-3.9150541;42.6731606
-3.9149661;42.6732597
-3.9155316;42.6733475
-3.9153683;42.6733475
-3.9159050;42.6734543
-3.9147463;42.6734810
-3.9147351;42.6735802
-3.9150422;42.6737289
-3.9150908;42.6737747
-3.9371490;42.6742973
-3.9369426;42.6745110
-3.9369800;42.6745262
-3.9371073;42.6745834
-3.9373035;42.6746712
-4.0237136;42.6764603
-4.0159755;42.6747284
-3.9426773;42.6771889
-3.9366455;42.6792831
-3.9366193;42.6793518
-3.9367223;42.6801224
-4.0081553;42.6801453
-4.0077472;42.6800499
-4.0084686;42.6803093
-4.0080171;42.6803093
-4.0086365;42.6803207
-4.0087433;42.6801567
-4.0086713;42.6803246
-4.0078883;42.6804886
-4.0074902;42.6804962
-4.0090132;42.6805191
-4.0078349;42.6805649
-4.0084829;42.6805801
-4.0080819;42.6806068
-4.0088129;42.6806946
-4.0077147;42.6808167
-4.0083413;42.6808434
-4.0085740;42.6808548
-4.0074024;42.6808548
-3.9360833;42.6808624
-3.9359620;42.6809464
-4.0085649;42.6810570
-4.0060592;42.6810608
-4.0061617;42.6810455
-4.0062947;42.6810799
-3.9362564;42.6811256
-4.0075264;42.6812172
-3.9354255;42.6812210
-3.9350698;42.6811562
-4.0069151;42.6812248
-4.0075750;42.6812325
-3.9352491;42.6813316
-4.0074315;42.6813431
-4.0082803;42.6814079
-3.9376297;42.6814156
-4.0073843;42.6814346
-3.9346774;42.6814537
-3.9346962;42.6814690
-3.9353304;42.6815071
-3.9355762;42.6813812
-4.0082140;42.6815109
-3.9348893;42.6815987
-4.0070639;42.6816177
-4.0066466;42.6816483
-3.9349744;42.6816521
-3.9352517;42.6817818
-3.9352665;42.6818123
-3.9346557;42.6818962
-4.0063348;42.6819115
-3.9356921;42.6819267
-3.9347005;42.6819496
-4.0067778;42.6819611
-3.9379935;42.6820107
-4.0074978;42.6820107
-3.9367781;42.6820183
-3.9365160;42.6817131
-3.9366808;42.6820335
-3.9354112;42.6820488
-4.0070853;42.6821060
-3.9355538;42.6821480
-3.9355924;42.6822014
-3.9351466;42.6822090
-3.9350986;42.6822472
-3.9364655;42.6822510
-3.9372518;42.6822128
-3.9370809;42.6822815
-3.9373465;42.6823120
-3.9349000;42.6823425
-4.0062847;42.6823883
-3.9375091;42.6824303
-3.9363241;42.6824799
-4.0068541;42.6824989
-3.9552691;42.6825066
-3.9365458;42.6826820
-3.9376671;42.6829071
-3.9374955;42.6829796
-4.0059352;42.6842651
-3.9719510;42.6862564
-4.0049162;42.6917305
-3.9562058;42.6960182
-3.9563274;42.6960754
-3.9566970;42.6961021
-3.9565182;42.6961632
-3.9567649;42.6962471
-3.9563727;42.6962776
-3.9566197;42.6963806
-3.9560802;42.6965256
-3.9556053;42.6963654
-3.9561851;42.6965790
-3.9572239;42.6963806
-3.9577072;42.6965942
-3.9562194;42.6965942
-3.9571888;42.6966133
-3.9565043;42.6966248
-3.9562356;42.6966286
-3.9577003;42.6966400
-3.9565334;42.6966629
-3.9573503;42.6967163
-3.9562693;42.6967239
-3.9568050;42.6967659
-3.9575515;42.6967850
-3.9564838;42.6968231
-3.9565253;42.6970825
-4.0017915;42.6971169
-3.9581122;42.6970940
-3.9557400;42.6978493
-3.9551733;42.6977425
-3.9559116;42.6978264
-3.9557180;42.6979103
-3.9552097;42.6981544
-3.9548612;42.6981659
-3.9552989;42.6982307
-3.9614577;42.6983223
-3.9552174;42.6983719
-3.9701087;42.6981163
-3.9977453;42.6985550
-3.9751933;42.6994781
-3.9774015;42.7001343
-3.9852078;42.7001495
-3.9876542;42.7010880
-3.9880080;42.7011719
-3.9881933;42.7012138
-3.9886045;42.7013092
-3.9887135;42.7013321
-3.9860671;42.7013702
-3.9875274;42.7013969
-3.9889908;42.7014313
-3.9890974;42.7011070
-3.9943907;42.7015572
-3.9894090;42.7016792
-3.9896145;42.7016144
-3.9913971;42.7017517
-3.9908338;42.7017975
-3.9881957;42.7019157
-3.9900429;42.7019730
-3.9897995;42.7019768
-3.9881189;42.7019920
-3.9902992;42.7021103
-3.9886534;42.7021751
-3.9899390;42.7021790
-3.9872665;42.7022552
-3.9888754;42.7022820
-3.9889920;42.7023087
-3.9892657;42.7020569
-3.9902134;42.7023544
-3.9893589;42.7024612
-3.9900708;42.7024727
-3.9896364;42.7025070
-3.9911807;42.7024384
-3.9909072;42.7025299
-3.9895360;42.7025566
-3.9898460;42.7026520
-3.9880776;42.7026749
-3.9906325;42.7026749
-3.9868546;42.7026749
-3.9899714;42.7027130
-3.9903083;42.7027397
-3.9904261;42.7028084
-3.9899595;42.7028122
-3.9887202;42.7028465
-3.9891758;42.7028618
-3.9904950;42.7028656
-3.9884722;42.7028732
-3.9883547;42.7029305
-3.9880774;42.7029457
-3.9899840;42.7029572
-3.9879427;42.7029686
-3.9889786;42.7029800
-3.9889271;42.7029991
-3.9869874;42.7030067
-3.9884293;42.7030602
-3.9888425;42.7030602
-3.9898307;42.7030907
-3.9886062;42.7030945
-3.9903507;42.7031097
-3.9891865;42.7031479
-3.9893091;42.7033005
-3.9894111;42.7033501
-3.9914272;42.7034569
-3.9904895;42.7034683
-3.9914782;42.7034912
-3.9834864;42.7044220
-3.9916911;42.7044983
-3.9816234;42.7050972
-3.9957740;42.7061386
-3.9966371;42.7067070
-3.9803102;42.7069435
-3.9450955;42.7073288
-3.9456499;42.7073097
-3.9983978;42.7073402
-3.9443293;42.7074699
-3.9462929;42.7075539
-3.9478118;42.7077675
-3.9471309;42.7078476
-3.9456904;42.7076187
-3.9478774;42.7078819
-3.9479008;42.7079353
-3.9479749;42.7080193
-3.9478543;42.7080269
-3.9801607;42.7081261
-3.9489129;42.7085190
-3.9501212;42.7086296
-3.9493740;42.7088623
-3.9502580;42.7090263
-3.9499452;42.7091980
-3.9503140;42.7092018
-3.9497738;42.7092094
-4.0036054;42.7092323
-3.9498072;42.7092438
-3.9496944;42.7092781
-4.0039682;42.7093620
-3.9499433;42.7093811
-4.0043178;42.7094536
-4.0044270;42.7094803
-3.9500337;42.7094917
-3.9501219;42.7095108
-4.0047922;42.7095375
-4.0050430;42.7095528
-4.0043340;42.7096329
-4.0047312;42.7098351
-4.0088110;42.7099228
-4.0098162;42.7100182
-3.9797163;42.7102318
-3.9750752;42.7111893
-4.0097160;42.7114525
-4.0140357;42.7116623
-3.9801078;42.7128105
-4.0164714;42.7132607
-4.0146899;42.7132988
-4.0166187;42.7133636
-4.0103831;42.7142754
-3.9811432;42.7149658
-3.9604850;42.7165642
-3.9606872;42.7165604
-3.9609978;42.7166023
-3.9604216;42.7166328
-3.9601738;42.7165794
-3.9612820;42.7166405
-3.9606588;42.7166634
-3.9615440;42.7166862
-3.9599771;42.7168236
-3.9605947;42.7168274
-3.9614887;42.7168770
-3.9608030;42.7169113
-3.9602590;42.7169113
-3.9603417;42.7169380
-3.9626541;42.7169724
-3.9604893;42.7169838
-3.9626939;42.7169952
-3.9614537;42.7170143
-3.9620504;42.7170296
-3.9610355;42.7170525
-3.9608693;42.7169876
-3.9609699;42.7171745
-3.9618578;42.7171860
-3.9614778;42.7172432
-3.9613984;42.7172623
-4.0255694;42.7172737
-3.9631405;42.7173805
-3.9626546;42.7173843
-3.9631929;42.7174606
-3.9633288;42.7174301
-3.9622951;42.7174454
-3.9627297;42.7175179
-3.9620750;42.7176323
-3.9625089;42.7176971
-3.9745800;42.7172203
-3.9623995;42.7178116
-3.9626620;42.7178154
-3.9631503;42.7179375
-3.9630957;42.7182503
-4.0178046;42.7182884
-3.9628811;42.7190437
-4.0171609;42.7197876
-4.0166817;42.7199326
-3.9633074;42.7248268
-3.9499547;42.7282600
-3.9497385;42.7283020
-3.9407730;42.7285156
-3.9354918;42.7279434
-3.9549942;42.7308502
-3.3689625;42.5321846
-3.3580379;42.5399094
-3.3878975;42.5230217
-3.3768098;42.5251503
-3.3760900;42.5281181
-3.3696508;42.5322151
-3.6958530;42.3859444
-3.6953769;42.3860397
-3.6914656;42.3879013
-3.6912122;42.3885612
-3.6940680;42.3891487
-3.6939554;42.3893204
-3.6908433;42.3895569
-3.6966014;42.3914642
-3.6972060;42.3922615
-3.6969364;42.3923187
-3.6969666;42.3923607
-3.6901777;42.3940086
-3.6902971;42.3944969
-3.6906083;42.3946686
-3.6907079;42.3946991
-3.6903493;42.3947144
-3.6902595;42.3947220
-3.6903586;42.3947525
-3.6906235;42.3947601
-3.6904714;42.3948708
-3.6904006;42.3949203
-3.4667413;42.7318497
-3.4649987;42.7291336
-3.4670889;42.7327309
-3.4671245;42.7332230
-3.4670918;42.7335320
-3.4670901;42.7336235
-3.4675708;42.7337036
-3.4678547;42.7337151
-3.4671404;42.7337227
-3.4671600;42.7339249
-3.4667368;42.7339134
-3.4667640;42.7340622
-3.4666920;42.7342339
-3.4672036;42.7343712
-3.4670377;42.7344093
-3.4711363;42.7344170
-3.4703960;42.7343750
-3.4713123;42.7344284
-3.4672856;42.7344513
-3.4667842;42.7344589
-3.4666948;42.7344627
-3.4695899;42.7345695
-3.4669871;42.7345963
-3.4667261;42.7345963
-3.4675987;42.7346306
-3.4669161;42.7346992
-3.4678824;42.7347603
-3.4660726;42.7347946
-3.4672339;42.7348099
-3.4666083;42.7348213
-3.4699619;42.7348328
-3.4660735;42.7348404
-3.4668043;42.7348900
-3.4660378;42.7349472
-3.4669092;42.7350044
-3.4663594;42.7350693
-3.4667714;42.7351227
-3.4651151;42.7351532
-3.4744565;42.7351685
-3.4665117;42.7353287
-3.4666641;42.7353706
-3.4658234;42.7354431
-3.4660408;42.7354126
-3.4659071;42.7362175
-3.4665875;42.7479973
-3.4662349;42.7481461
-3.4678748;42.7485199
-3.4731894;42.7495880
-3.4725039;42.7496147
-3.4932277;42.6001015
-3.4924648;42.6014557
-3.4925022;42.6051216
-3.4935603;42.5963860
-3.4977684;42.5787125
-3.4978032;42.5788078
-3.4513223;42.5644989
-3.4512408;42.5645866
-3.5192454;42.5968628
-3.5191250;42.5969696
-3.4934654;42.5960236
-3.4935036;42.5961685
-3.4680791;42.5603447
-3.4679208;42.5603752
-3.4484637;42.5663567
-3.4482024;42.5664406
-3.5163848;42.5980301
-3.5161862;42.5979500
-3.4838555;42.5980873
-3.4838021;42.5981865
-3.4974682;42.6089325
-3.4971902;42.6090050
-3.4748540;42.5595741
-3.4744413;42.5596695
-3.4682245;42.5603180
-3.4544883;42.5631218
-3.4540138;42.5631790
-3.4528644;42.5634346
-3.4524457;42.5635414
-3.4522440;42.5636063
-3.4523523;42.5630493
-3.4521945;42.5636406
-3.4529963;42.5636520
-3.4525182;42.5636635
-3.4519598;42.5638199
-3.4520788;42.5639839
-3.4517877;42.5639839
-3.4521823;42.5641251
-3.4514737;42.5643349
-3.4509351;42.5643196
-3.4508047;42.5645294
-3.4508893;42.5648842
-3.4506931;42.5646935
-3.4508667;42.5648956
-3.4500310;42.5652657
-3.4499395;42.5653419
-3.4481514;42.5664749
-3.4454851;42.5701370
-3.4982467;42.5694351
-3.4984593;42.5707550
-3.4989939;42.5770454
-3.4992521;42.5765572
-3.4974744;42.5775909
-3.4974785;42.5776596
-3.4974959;42.5778236
-3.4983697;42.5780487
-3.4989142;42.5783119
-3.4992864;42.5783348
-3.4989662;42.5783997
-3.4990268;42.5785179
-3.4991825;42.5785217
-3.4993274;42.5785561
-3.4986191;42.5785828
-3.4983294;42.5786476
-3.4990866;42.5787849
-3.4992654;42.5788574
-3.4986687;42.5789070
-3.4984674;42.5789185
-3.4983919;42.5789185
-3.4986770;42.5789375
-3.4991086;42.5789604
-3.4986892;42.5789871
-3.4997406;42.5790062
-3.4978294;42.5790749
-3.4987085;42.5791054
-3.4997542;42.5791397
-3.4983778;42.5794373
-3.4971035;42.5810471
-3.4969959;42.5813370
-3.4918058;42.5877838
-3.4902477;42.5895004
-3.4932017;42.5925903
-3.5214977;42.5958214
-3.5214901;42.5957375
-3.5208898;42.5965805
-3.5202026;42.5967064
-3.5198934;42.5964775
-3.5200701;42.5967903
-3.5204146;42.5967484
-3.5203359;42.5968170
-3.5204823;42.5969162
-3.5198903;42.5970459
-3.5201683;42.5971718
-3.5202835;42.5971947
-3.5202949;42.5972214
-3.5186937;42.5973816
-3.5204577;42.5974083
-3.5198815;42.5975761
-3.5190983;42.5975914
-3.5200353;42.5976639
-3.5206518;42.5976868
-3.5206535;42.5977440
-3.5199964;42.5977707
-3.5197487;42.5977783
-3.5198057;42.5977898
-3.5207169;42.5978355
-3.5151558;42.5979042
-3.5201170;42.5979919
-3.5208490;42.5980301
-3.4837766;42.5982323
-3.5195966;42.5982513
-3.5122328;42.5997772
-3.4791107;42.6047478
-3.4910927;42.6088524
-4.0280051;42.5862045
-3.4390533;42.5290565
-3.4390261;42.5289268
-3.4388478;42.5301628
-3.4388568;42.5300713
-3.4240232;42.5513229
-3.4240956;42.5512199
-3.4223862;42.5572433
-3.4223611;42.5571213
-3.4531069;42.5212135
-3.4439404;42.5218887
-3.4384968;42.5254555
-3.4384904;42.5259895
-3.4385684;42.5266685
-3.4383807;42.5272751
-3.4382660;42.5272980
-3.4378064;42.5271530
-3.4381247;42.5274734
-3.4378703;42.5275040
-3.4380190;42.5282555
-3.4384284;42.5282593
-3.4379864;42.5286179
-3.4389396;42.5287209
-3.4381180;42.5288010
-3.4381578;42.5288582
-3.4390585;42.5291481
-3.4425881;42.5376587
-3.4431245;42.5374527
-3.4422426;42.5375900
-3.4431646;42.5378304
-3.4432881;42.5378685
-3.4251821;42.5419006
-3.4249837;42.5421524
-3.4250596;42.5429153
-3.4250195;42.5429878
-3.4242413;42.5430908
-3.4247508;42.5434570
-3.4245076;42.5486526
-3.4221475;42.5579834
-3.7270555;42.4347343
-3.7268531;42.4347725
-3.9286466;42.5233688
-3.9285867;42.5232391
-3.9340274;42.5251007
-3.9338722;42.5250473
-3.9470057;42.5342064
-3.9469693;42.5341530
-3.9299898;42.5150108
-3.9298942;42.5151901
-3.9287145;42.5174789
-3.9286690;42.5176163
-3.9328530;42.5034142
-3.9302576;42.5124512
-3.8825369;42.5174980
-3.8817692;42.5175552
-3.8662968;42.5185928
-3.9244015;42.5194931
-3.9233332;42.5194778
-3.9245458;42.5195351
-3.9243016;42.5195618
-3.9218571;42.5195618
-3.9218085;42.5192299
-3.9238026;42.5196533
-3.9251499;42.5194893
-3.9249377;42.5196838
-3.9252760;42.5195999
-3.9243696;42.5197563
-3.9242542;42.5196991
-3.9232857;42.5197906
-3.9233942;42.5198021
-3.9248457;42.5198364
-3.9237442;42.5198441
-3.8952765;42.5198555
-3.8952191;42.5198784
-3.9241862;42.5199394
-3.9253795;42.5196571
-3.9251406;42.5199547
-3.9115906;42.5199127
-3.9088688;42.5199776
-3.8932681;42.5200043
-3.8923805;42.5199165
-3.9245079;42.5200119
-3.9248185;42.5200806
-3.9250240;42.5201225
-3.9255402;42.5200272
-3.9253569;42.5203323
-3.9244928;42.5205498
-3.9251101;42.5206070
-3.9270551;42.5215378
-3.8653779;42.5222435
-3.8653138;42.5193024
-3.8647897;42.5232544
-3.9236338;42.5236053
-3.9219818;42.5245552
-3.9289157;42.5246735
-3.9290388;42.5247612
-3.9059734;42.5248566
-3.9058192;42.5249901
-3.9048808;42.5247841
-3.9057782;42.5250244
-3.9058661;42.5251045
-3.9341168;42.5251312
-3.9055653;42.5251923
-3.9053881;42.5250969
-3.9054666;42.5252914
-3.9056783;42.5254021
-3.9052255;42.5254059
-3.9048593;42.5249367
-3.9280009;42.5255699
-3.9277604;42.5256271
-3.9060152;42.5256386
-3.9063911;42.5253677
-3.9058995;42.5255508
-3.9285948;42.5256538
-3.9055178;42.5256844
-3.9273388;42.5257607
-3.9269323;42.5253448
-3.9287434;42.5257759
-3.9058561;42.5257759
-3.9056084;42.5258179
-3.9289594;42.5258636
-3.9278755;42.5259247
-3.9274790;42.5259361
-3.9057157;42.5259514
-3.9364600;42.5260162
-3.9276125;42.5260582
-3.9272552;42.5260620
-3.9279692;42.5260696
-3.9367275;42.5261116
-3.9267278;42.5261574
-3.9286416;42.5261879
-3.9274664;42.5262108
-3.9273663;42.5263062
-3.9053829;42.5263062
-3.9281833;42.5263176
-3.9284914;42.5263901
-3.9058738;42.5264282
-3.9287477;42.5264091
-3.9272480;42.5264320
-3.9283631;42.5264587
-3.9059062;42.5265160
-3.9282179;42.5265274
-3.9269841;42.5265427
-3.9266057;42.5265846
-3.9267113;42.5265999
-3.9062104;42.5266495
-3.9270661;42.5266724
-3.9267399;42.5266991
-3.9293296;42.5267067
-3.9286072;42.5267143
-3.9274180;42.5267143
-3.9282711;42.5267372
-3.9259388;42.5267448
-3.9274275;42.5268021
-3.9271247;42.5269547
-3.9267588;42.5270309
-3.9265895;42.5271683
-3.9064388;42.5273933
-3.9294641;42.5274048
-3.9074552;42.5275307
-3.8639781;42.5276337
-3.9122875;42.5278130
-3.9431756;42.5285339
-3.9450400;42.5314140
-3.8698325;42.5322914
-3.8703275;42.5319023
-3.8695531;42.5324554
-3.8689303;42.5318642
-3.8699503;42.5327797
-3.8704345;42.5328293
-3.8704622;42.5334053
-3.9479065;42.5355263
-3.7733960;42.5563889
-3.7732551;42.5562515
-3.7992601;42.5641670
-3.7989349;42.5641823
-3.7763946;42.5278664
-3.7761850;42.5279045
-3.7764080;42.5003662
-3.7753766;42.5048332
-3.7750022;42.5064735
-3.7740932;42.5103912
-3.7733734;42.5135727
-3.7729180;42.5154724
-3.7718701;42.5195999
-3.7716987;42.5200272
-3.7716177;42.5202599
-3.7716103;42.5203667
-3.7722824;42.5203934
-3.7716000;42.5205383
-3.7718499;42.5204849
-3.7710173;42.5208664
-3.7715921;42.5208702
-3.7717860;42.5208588
-3.7711394;42.5209694
-3.7708542;42.5210037
-3.7710564;42.5210266
-3.7709022;42.5210762
-3.7704930;42.5210953
-3.7704659;42.5210609
-3.7711692;42.5211449
-3.7708466;42.5211449
-3.7715900;42.5212135
-3.7696519;42.5212402
-3.7695644;42.5212364
-3.7715874;42.5213013
-3.7705350;42.5213470
-3.7712421;42.5213966
-3.7715840;42.5214119
-3.7722173;42.5214691
-3.7721124;42.5215187
-3.7703557;42.5215454
-3.7692127;42.5215454
-3.7692506;42.5216789
-3.7715957;42.5216980
-3.7692468;42.5217323
-3.7720644;42.5217361
-3.7711954;42.5217552
-3.7709000;42.5217705
-3.7706072;42.5217705
-3.7715750;42.5217781
-3.7689691;42.5217819
-3.7690697;42.5219116
-3.7706113;42.5219231
-3.7694073;42.5219269
-3.7704544;42.5219460
-3.7715707;42.5219803
-3.7706389;42.5220375
-3.7691119;42.5220528
-3.7695351;42.5220566
-3.7722123;42.5220642
-3.7724617;42.5220451
-3.7689650;42.5221291
-3.7694197;42.5221558
-3.7692106;42.5222092
-3.7719979;42.5222206
-3.7715786;42.5222397
-3.7698545;42.5222664
-3.7706611;42.5223312
-3.7715433;42.5223732
-3.7713141;42.5223885
-3.7711468;42.5223999
-3.7715228;42.5224838
-3.7713296;42.5224838
-3.7708044;42.5225029
-3.7708952;42.5225334
-3.7706635;42.5225830
-3.7715008;42.5226479
-3.7721570;42.5227127
-3.7710867;42.5227242
-3.7703538;42.5227852
-3.7714450;42.5229225
-3.7705033;42.5230217
-3.7714489;42.5232620
-3.7717066;42.5245514
-3.7729177;42.5262680
-3.7748246;42.5277176
-3.7753553;42.5281105
-3.7782156;42.5286636
-3.7789056;42.5293579
-3.7793596;42.5299759
-3.8011062;42.5383453
-3.7958648;42.5388870
-3.7912946;42.5393791
-3.7916529;42.5395317
-3.7919333;42.5395813
-3.8077753;42.5402145
-3.8083291;42.5403290
-3.8080199;42.5403900
-3.8095772;42.5403938
-3.8095362;42.5402679
-3.8087268;42.5404282
-3.8088074;42.5405045
-3.8086119;42.5405045
-3.8082187;42.5405273
-3.8088572;42.5405540
-3.8092668;42.5405693
-3.8095694;42.5406380
-3.8088813;42.5406609
-3.8084600;42.5407219
-3.8087513;42.5407257
-3.8093939;42.5407753
-3.8097327;42.5408096
-3.8089628;42.5409012
-3.8089058;42.5409851
-3.8088052;42.5410080
-3.8095047;42.5411453
-3.8093102;42.5413132
-3.8093138;42.5413628
-3.8092482;42.5414009
-3.8094659;42.5414467
-3.8091035;42.5414619
-3.8091514;42.5415344
-3.8097208;42.5416451
-3.8089447;42.5417709
-3.8088517;42.5417938
-3.8091538;42.5419769
-3.7762115;42.5426445
-3.7760804;42.5518684
-3.7741847;42.5546036
-3.7731318;42.5561333
-3.7750461;42.5564957
-3.7781639;42.5574875
-3.7782462;42.5575180
-3.7721095;42.5620804
-3.7712867;42.5620537
-3.8025489;42.5640182
-3.8024507;42.5640221
-3.8022687;42.5640297
-3.8032651;42.5640793
-3.8035419;42.5640030
-3.8033032;42.5641098
-3.8040185;42.5641785
-3.8043890;42.5641785
-3.8042209;42.5638084
-3.8034101;42.5642090
-3.7981725;42.5642128
-3.8035083;42.5642662
-3.8124530;42.5639725
-3.8064339;42.5646629
-3.8029180;42.5643158
-3.8044729;42.5643158
-3.8036194;42.5643692
-3.8042178;42.5643845
-3.8036869;42.5644112
-3.8030167;42.5644150
-3.8037150;42.5644226
-3.8031056;42.5644417
-3.8045869;42.5644722
-3.8037963;42.5644836
-3.8032186;42.5645370
-3.8028743;42.5645790
-3.8040125;42.5646210
-3.8041995;42.5646324
-3.8040652;42.5646324
-3.8045015;42.5646553
-3.8034091;42.5646706
-3.8034446;42.5647278
-3.8032284;42.5648804
-3.8027666;42.5649948
-3.8131680;42.5651169
-3.8135655;42.5653419
-3.8132191;42.5654030
-3.8139954;42.5654182
-3.8137505;42.5655136
-3.8140867;42.5655289
-3.8141227;42.5655785
-3.8142807;42.5654945
-3.8148820;42.5656242
-3.8148527;42.5655823
-3.8154929;42.5656471
-3.8149655;42.5656700
-3.8139007;42.5657043
-3.8148284;42.5657616
-3.8139865;42.5657997
-3.8140540;42.5658340
-3.8146899;42.5658875
-3.8142204;42.5659332
-3.8141704;42.5659637
-3.8148882;42.5660133
-3.8135562;42.5660248
-3.8149335;42.5660439
-3.8142347;42.5661316
-3.8148932;42.5663033
-3.8152437;42.5661774
-4.0046315;42.6588860
-4.0045376;42.6590385
-4.0392661;42.6101303
-4.0454550;42.6161995
-4.0098648;42.6520576
-4.0102358;42.6519165
-4.0099740;42.6520844
-4.0105200;42.6521187
-4.0104032;42.6521378
-4.0108266;42.6515274
-4.0101509;42.6523209
-4.0100689;42.6524010
-4.0102425;42.6524658
-4.0100107;42.6524658
-4.0097303;42.6523247
-4.0099258;42.6525841
-4.0095887;42.6525536
-4.0093184;42.6526070
-4.0111833;42.6526146
-4.0109668;42.6524925
-4.0104566;42.6526489
-4.0111914;42.6527710
-4.0116897;42.6528091
-4.0118847;42.6528130
-4.0120764;42.6528397
-4.0120573;42.6529503
-4.0111952;42.6529846
-4.0111866;42.6530838
-4.0127344;42.6531448
-4.0117373;42.6533012
-4.0115604;42.6539116
-4.0080929;42.6540375
-4.0279713;42.6557846
-4.0043073;42.6592979
-3.6128409;42.4073219
-3.6127422;42.4073753
-3.6245840;42.3984680
-3.6247127;42.3983803
-3.6126547;42.4074211
-3.6247494;42.3983536
-3.6182754;42.4034081
-3.6171477;42.4042091
-3.6164932;42.4046783
-3.6138840;42.4049492
-3.6132867;42.4052277
-3.6153986;42.4054413
-3.6145861;42.4054794
-3.6146438;42.4055595
-3.6148238;42.4058609
-3.6136837;42.4059715
-3.6133966;42.4060898
-3.6133115;42.4056511
-3.6139083;42.4061508
-3.6145527;42.4061584
-3.6144450;42.4062157
-3.6138725;42.4062271
-3.6140153;42.4063301
-3.6136825;42.4063339
-3.6124697;42.4063568
-3.6124842;42.4063759
-3.6126635;42.4063416
-3.6126411;42.4063873
-3.6134691;42.4064140
-3.6124201;42.4064293
-3.6123648;42.4064331
-3.6138995;42.4064331
-3.6126504;42.4064522
-3.6138630;42.4064674
-3.6138418;42.4064865
-3.6130092;42.4065170
-3.6126776;42.4066277
-3.6124940;42.4066849
-3.6136377;42.4066887
-3.6131957;42.4070969
-3.6136744;42.4072990
-3.6118174;42.4078522
-3.5969756;42.4153786
-3.9399776;42.4029503
-3.9382682;42.4026756
-3.9403489;42.4029732
-3.9401345;42.4031029
-3.9402447;42.4032631
-3.9402814;42.4030762
-3.9036496;42.3920860
-3.9034746;42.3920021
-3.9034281;42.3919792
-3.9011106;42.3917236
-3.9306662;42.4288712
-3.9304886;42.4288902
-3.8882921;42.3872795
-3.9167752;42.3819313
-3.9064600;42.3901329
-3.9055829;42.3907433
-3.8984671;42.3921013
-3.8983345;42.3921165
-3.9037833;42.3921432
-3.8982575;42.3921280
-3.8955483;42.3919983
-3.8951552;42.3921623
-3.8949449;42.3919487
-3.8953092;42.3922882
-3.8957508;42.3922958
-3.8957081;42.3921928
-3.8959403;42.3923111
-3.8966138;42.3923111
-3.8955336;42.3923302
-3.9042118;42.3923416
-3.8947470;42.3924255
-3.8950887;42.3925095
-3.8940749;42.3925476
-3.8939438;42.3925056
-3.9046271;42.3925591
-3.8945680;42.3925819
-3.8944335;42.3926315
-3.8953357;42.3926582
-3.9039259;42.3926659
-3.9038289;42.3926506
-3.8948317;42.3927307
-3.8948896;42.3926277
-3.8954122;42.3927498
-3.8938160;42.3927765
-3.9040833;42.3927956
-3.9043593;42.3928337
-3.8940864;42.3928604
-3.9051805;42.3926582
-3.9048150;42.3929138
-3.8939927;42.3929253
-3.9042664;42.3929329
-3.9038134;42.3929596
-3.8948379;42.3929787
-3.8950541;42.3929825
-3.8960712;42.3929863
-3.9047081;42.3930092
-3.8960187;42.3930321
-3.8958967;42.3931084
-3.9042592;42.3931122
-3.8950496;42.3931160
-3.9035938;42.3931313
-3.8958185;42.3931770
-3.9045157;42.3931808
-3.9041231;42.3931923
-3.9043069;42.3932343
-3.8947983;42.3932381
-3.9038203;42.3932686
-3.8967974;42.3929634
-3.8965673;42.3932915
-3.8960073;42.3932991
-3.8958228;42.3933296
-3.9037118;42.3933716
-3.9041731;42.3933907
-3.8965287;42.3934174
-3.8956714;42.3934288
-3.8949056;42.3934860
-3.9044695;42.3934937
-3.8959780;42.3935356
-3.8961899;42.3934631
-3.8959634;42.3936501
-3.8945560;42.3936996
-3.8950975;42.3937263
-3.8950000;42.3937759
-3.8961709;42.3938599
-3.8964365;42.3939972
-3.8955193;42.3940887
-3.8956668;42.3941307
-3.8958483;42.3941841
-3.8969374;42.3940773
-3.8966691;42.3941917
-3.8959138;42.3942108
-3.8962522;42.3942184
-3.8954275;42.3942795
-3.8967237;42.3944206
-3.8962615;42.3944435
-3.8961422;42.3947983
-3.8956091;42.3948021
-3.9348724;42.3962975
-3.9336312;42.3922958
-3.9350793;42.3974457
-3.9458165;42.4036827
-3.9456489;42.4035797
-3.9459701;42.4036942
-3.9459665;42.4036064
-3.9454448;42.4037170
-3.9424193;42.4037666
-3.9462013;42.4037552
-3.9460471;42.4038086
-3.9456923;42.4038239
-3.9453616;42.4038391
-3.9451311;42.4038582
-3.9449062;42.4037666
-3.9450974;42.4038925
-3.9462001;42.4040031
-3.9447680;42.4040070
-3.9444318;42.4039955
-3.9449921;42.4040070
-3.9448073;42.4040108
-3.9462850;42.4040337
-3.9461601;42.4040337
-3.9457235;42.4040489
-3.9452779;42.4041100
-3.9448657;42.4041138
-3.9460011;42.4041595
-3.9441638;42.4041710
-3.9447882;42.4041824
-3.9394109;42.4042244
-3.9442947;42.4042358
-3.9432042;42.4042358
-3.9450150;42.4042397
-3.9414525;42.4042740
-3.9462433;42.4042778
-3.9455924;42.4042854
-3.9445465;42.4043922
-3.9464579;42.4043999
-3.9466116;42.4042778
-3.9419169;42.4044456
-3.9419875;42.4043579
-3.9457662;42.4044533
-3.9460909;42.4044571
-3.9445596;42.4044876
-3.9444728;42.4045334
-3.9450533;42.4045448
-3.9456973;42.4045448
-3.9448729;42.4045563
-3.9448519;42.4043922
-3.9464889;42.4045830
-3.9421494;42.4045944
-3.9423213;42.4044342
-3.9465415;42.4046631
-3.9472640;42.4045563
-3.9468644;42.4046898
-3.9450111;42.4047050
-3.9439318;42.4047050
-3.9423189;42.4047356
-3.9453280;42.4047585
-3.9440029;42.4047623
-3.9445317;42.4047661
-3.9452724;42.4047661
-3.9453979;42.4047813
-3.9469674;42.4047813
-3.9440291;42.4047813
-3.9456041;42.4047928
-3.9458296;42.4048157
-3.9460480;42.4048347
-3.9448500;42.4048576
-3.9451911;42.4048843
-3.9427080;42.4049530
-3.9455247;42.4049911
-3.9427664;42.4050217
-3.9452307;42.4050903
-3.9462769;42.4050903
-3.9424984;42.4051323
-3.9445522;42.4051857
-3.9446130;42.4052277
-3.9448538;42.4053574
-3.9432456;42.4055214
-3.9433017;42.4055824
-3.9359736;42.4060097
-3.9474952;42.4069710
-3.9483328;42.4106445
-3.9337158;42.4168167
-3.9511402;42.4180107
-3.9578781;42.4261742
-3.9583623;42.4269829
-3.9314258;42.4287872
-3.9284883;42.4291077
-3.9321184;42.4294815
-3.9274247;42.4295311
-3.9263937;42.4296913
-3.9245756;42.4301758
-3.9245486;42.4301414
-3.9252234;42.4303780
-3.9240685;42.4303856
-3.9240725;42.4302902
-3.9251826;42.4304123
-3.9247377;42.4304466
-3.9242191;42.4304581
-3.9238181;42.4305191
-3.9237483;42.4304543
-3.9242783;42.4305687
-3.9238231;42.4306221
-3.9241529;42.4306679
-3.9247057;42.4306793
-3.9244354;42.4307022
-3.9245028;42.4307632
-3.9252367;42.4307899
-3.9243395;42.4308243
-3.9252338;42.4308853
-3.9241610;42.4308891
-3.9256377;42.4308891
-3.9232347;42.4308968
-3.9232259;42.4307899
-3.9238381;42.4309158
-3.9233844;42.4309578
-3.9230814;42.4309959
-3.9251888;42.4310074
-3.9230208;42.4310341
-3.9229007;42.4309425
-3.9257116;42.4310303
-3.9235623;42.4310570
-3.9229746;42.4310913
-3.9234087;42.4311104
-3.9232972;42.4311638
-3.9250462;42.4312325
-3.9235594;42.4312782
-3.9243262;42.4312897
-3.9250891;42.4313354
-3.9251022;42.4313622
-3.9243457;42.4313889
-3.9230392;42.4314194
-3.9225779;42.4311523
-3.9247582;42.4314537
-3.9243422;42.4315224
-3.9250085;42.4316063
-3.9231224;42.4316254
-3.9248412;42.4316444
-3.9230580;42.4316597
-3.9250376;42.4316750
-3.9254911;42.4317398
-3.9258513;42.4316292
-3.9243650;42.4317436
-3.9242496;42.4317589
-3.9252782;42.4318275
-3.9232256;42.4319038
-3.9252930;42.4319344
-3.9255612;42.4319534
-3.9249678;42.4319534
-3.9243937;42.4319572
-3.9249787;42.4319763
-3.9232056;42.4320145
-3.9232173;42.4320450
-3.9252837;42.4320869
-3.9250546;42.4320908
-3.9244361;42.4320984
-3.9256809;42.4321327
-3.9243596;42.4321823
-3.9228666;42.4321938
-3.9245701;42.4321747
-3.9244845;42.4321938
-3.9237959;42.4322243
-3.9243269;42.4322815
-3.9236491;42.4323120
-3.9232714;42.4325104
-3.9230490;42.4325676
-3.9228718;42.4326859
-3.9232075;42.4327660
-3.9359479;42.4384956
-3.9388916;42.4434624
-3.4602177;42.6249084
-3.4601376;42.6248436
-3.4275281;42.6119728
-3.4276271;42.6120796
-3.4482746;42.6229858
-3.4484618;42.6230621
-3.4542530;42.6234665
-3.4544420;42.6235046
-3.4631886;42.6364975
-3.4632564;42.6366158
-3.4765840;42.6089897
-3.4764614;42.6091156
-3.4776812;42.6069908
-3.4764009;42.6091576
-3.4218526;42.6089401
-3.4248421;42.6103630
-3.4264169;42.6111145
-3.4281328;42.6121788
-3.4279888;42.6121254
-3.4289613;42.6121979
-3.4292336;42.6119461
-3.4292157;42.6122017
-3.4282708;42.6122055
-3.4278541;42.6123657
-3.4286666;42.6124382
-3.4280138;42.6125679
-3.4282060;42.6127815
-3.4700654;42.6140633
-3.4303253;42.6144066
-3.4682379;42.6152153
-3.4349437;42.6153259
-3.4401166;42.6186142
-3.4626975;42.6218109
-3.4459448;42.6219597
-3.4482181;42.6229591
-3.4549463;42.6235924
-3.4591057;42.6236229
-3.4593410;42.6235237
-3.4587395;42.6239090
-3.4589314;42.6239128
-3.4593337;42.6236839
-3.4590993;42.6239471
-3.4574165;42.6239967
-3.4580624;42.6240997
-3.4584370;42.6241875
-3.4585845;42.6242523
-3.4594886;42.6242752
-3.4596355;42.6241188
-3.4578953;42.6243019
-3.4587431;42.6243172
-3.4593246;42.6243401
-3.4591093;42.6244087
-3.4609611;42.6244278
-3.4594440;42.6244583
-3.4582191;42.6244659
-3.4576929;42.6244812
-3.4581504;42.6245041
-3.4588490;42.6245193
-3.4598048;42.6245995
-3.4588618;42.6246071
-3.4574909;42.6246147
-3.4578648;42.6246452
-3.4574988;42.6247139
-3.4579568;42.6248016
-3.4584162;42.6249008
-3.4586117;42.6249123
-3.4579630;42.6249237
-3.4581566;42.6249237
-3.4602537;42.6249390
-3.4580169;42.6250191
-3.4575105;42.6250305
-3.4581692;42.6250458
-3.4579246;42.6250916
-3.4575400;42.6251984
-3.4577053;42.6254311
-3.4581103;42.6257019
-3.4577806;42.6258698
-3.4618793;42.6262627
-3.4570405;42.6270142
-3.4619410;42.6303558
-3.4619396;42.6305923
-3.4502678;42.6328049
-3.4615262;42.6334190
-3.4618001;42.6342201
-3.4486399;42.6343765
-3.4479139;42.6348572
-3.4455178;42.6375999
-3.4641318;42.6380577
-3.9391561;42.4603539
-3.9390514;42.4604530
-3.9425976;42.4539299
-3.9426129;42.4545555
-3.9463980;42.4552422
-3.9464545;42.4551735
-3.9425082;42.4552803
-3.9461267;42.4553871
-3.9460161;42.4554482
-3.9464037;42.4554787
-3.9465435;42.4554672
-3.9459519;42.4554863
-3.9458630;42.4554443
-3.9450147;42.4556046
-3.9449282;42.4555130
-3.9439726;42.4556160
-3.9441292;42.4554939
-3.9449172;42.4556427
-3.9440382;42.4556580
-3.9456542;42.4556618
-3.9449260;42.4551353
-3.9452021;42.4557610
-3.9453087;42.4557724
-3.9443061;42.4558029
-3.9438701;42.4558029
-3.9445770;42.4558372
-3.9448884;42.4558411
-3.9446604;42.4558449
-3.9453380;42.4558754
-3.9449909;42.4559631
-3.9449735;42.4560013
-3.9458249;42.4560280
-3.9445803;42.4560509
-3.9455409;42.4560661
-3.9444666;42.4560776
-3.9453695;42.4561005
-3.9458852;42.4561882
-3.9450114;42.4561920
-3.9456024;42.4562302
-3.9445972;42.4562721
-3.9446523;42.4563484
-3.9444149;42.4563942
-3.9459202;42.4564362
-3.9450116;42.4565849
-3.9447865;42.4566269
-3.9449387;42.4569588
-3.9448237;42.4569817
-3.9462724;42.4572372
-3.9462740;42.4572830
-3.9459815;42.4575081
-3.9461267;42.4574623
-3.9452450;42.4576645
-3.9447887;42.4577179
-3.9461882;42.4577446
-3.9455547;42.4577522
-3.9458559;42.4578209
-3.9455123;42.4578476
-3.9447598;42.4579315
-3.9450257;42.4579353
-3.9394376;42.4580269
-3.9456666;42.4581299
-3.9459078;42.4580841
-3.9456346;42.4581718
-3.9447699;42.4582481
-3.9381378;42.4613190
-3.9371791;42.4622421
-3.7852745;42.5907745
-3.7852676;42.5907173
-3.7783890;42.5802002
-3.7785251;42.5800743
-3.7829928;42.5926857
-3.7828512;42.5925446
-3.7683020;42.5624275
-3.7484684;42.5552864
-3.7655709;42.5628815
-3.7678947;42.5629272
-3.7656660;42.5632935
-3.7656944;42.5634155
-3.7676387;42.5637932
-3.7660363;42.5646400
-3.7663004;42.5650673
-3.7675860;42.5663490
-3.7688344;42.5667000
-3.7690415;42.5671768
-3.7690644;42.5672264
-3.7686567;42.5673866
-3.7692025;42.5675583
-3.7688551;42.5675812
-3.7689571;42.5676880
-3.7691169;42.5678825
-3.7694466;42.5683594
-3.7696574;42.5687523
-3.7714491;42.5711517
-3.7785819;42.5776787
-3.7791567;42.5783997
-3.7794867;42.5786934
-3.7795625;42.5788841
-3.7792435;42.5789909
-3.7793078;42.5791206
-3.7799225;42.5792274
-3.7798467;42.5792389
-3.7791128;42.5793114
-3.7789900;42.5795059
-3.7806761;42.5800018
-3.7777805;42.5807610
-3.7768364;42.5821075
-3.7754064;42.5830727
-3.7752035;42.5831642
-3.7754695;42.5834961
-3.7760487;42.5835915
-3.7756827;42.5836067
-3.7758479;42.5836487
-3.7753811;42.5836563
-3.7750399;42.5835075
-3.7750421;42.5836678
-3.7749388;42.5835838
-3.7759681;42.5836906
-3.7752337;42.5838509
-3.7755170;42.5838852
-3.7760041;42.5838966
-3.7762613;42.5837746
-3.7755907;42.5839195
-3.7762744;42.5839233
-3.7758641;42.5839424
-3.7763853;42.5839462
-3.7764316;42.5838089
-3.7774203;42.5839653
-3.7774704;42.5839386
-3.7765770;42.5839882
-3.7766788;42.5839996
-3.7766979;42.5838394
-3.7758505;42.5839996
-3.7771716;42.5840302
-3.7774038;42.5837555
-3.7770991;42.5838089
-3.7767239;42.5840874
-3.7771890;42.5840988
-3.7775490;42.5841484
-3.7772024;42.5841522
-3.7752657;42.5841064
-3.7751846;42.5841866
-3.7752554;42.5842476
-3.7750959;42.5842705
-3.7759960;42.5843163
-3.7753868;42.5843315
-3.7775340;42.5843010
-3.7776251;42.5843391
-3.7773280;42.5844154
-3.7764425;42.5844650
-3.7777066;42.5845222
-3.7778606;42.5845375
-3.7761123;42.5845680
-3.7760270;42.5845871
-3.7762234;42.5845871
-3.7776656;42.5846443
-3.7766929;42.5846748
-3.7767684;42.5846863
-3.7772243;42.5846863
-3.7767453;42.5847282
-3.7774618;42.5847359
-3.7763824;42.5847435
-3.7751274;42.5847931
-3.7750950;42.5848083
-3.7748914;42.5844879
-3.7776091;42.5848389
-3.7766685;42.5848579
-3.7777839;42.5849075
-3.7770610;42.5849266
-3.7763143;42.5849342
-3.7758424;42.5849342
-3.7764316;42.5850143
-3.7733595;42.5850029
-3.7728837;42.5850372
-3.7765441;42.5850449
-3.7765131;42.5850563
-3.7764530;42.5851326
-3.7773051;42.5851479
-3.7768877;42.5852623
-3.7762420;42.5852737
-3.7769246;42.5853004
-3.7769561;42.5853233
-3.7771053;42.5853271
-3.7770550;42.5853767
-3.7778394;42.5854340
-3.7777739;42.5851212
-3.7767272;42.5855560
-3.7776465;42.5856285
-3.7776089;42.5856667
-3.7783346;42.5857086
-3.7786043;42.5856667
-3.7765799;42.5858116
-3.7762239;42.5858536
-3.7760727;42.5858154
-3.7786562;42.5858879
-3.7781305;42.5858955
-3.7767322;42.5859032
-3.7780945;42.5859261
-3.7764668;42.5859489
-3.7769377;42.5859947
-3.7760320;42.5860329
-3.7767289;42.5860519
-3.7763572;42.5860634
-3.7771301;42.5861320
-3.7765510;42.5861816
-3.7787542;42.5862427
-3.7764180;42.5862732
-3.7772233;42.5862923
-3.7761214;42.5863647
-3.7759135;42.5864563
-3.7757399;42.5865135
-3.7771716;42.5865173
-3.7756755;42.5865250
-3.7756524;42.5864182
-3.7756236;42.5865326
-3.7755198;42.5865440
-3.7754390;42.5864105
-3.7751524;42.5865860
-3.7769349;42.5865898
-3.7767262;42.5865746
-3.7757678;42.5866547
-3.7759204;42.5866623
-3.7795820;42.5867500
-3.7755489;42.5867729
-3.7753367;42.5867615
-3.7757936;42.5867958
-3.7761941;42.5868149
-3.7759275;42.5868225
-3.7759471;42.5867081
-3.7753973;42.5869102
-3.7753191;42.5869102
-3.7754488;42.5870590
-3.7753067;42.5871010
-3.7802424;42.5871239
-3.7812216;42.5876579
-3.7823317;42.5883026
-3.7865939;42.5937424
-3.7862847;42.5942688
-3.7866464;42.5942764
-3.7870665;42.5942802
-3.7867105;42.5944138
-3.7871552;42.5945549
-3.7878621;42.5951004
-3.7924743;42.5994682
-3.7901039;42.6048927
-3.7892423;42.6052971
-3.7891419;42.6053429
-3.7889762;42.6054497
-3.7611456;42.6094475
-3.7583702;42.6098862
-3.7579741;42.6098900
-3.7579858;42.6099892
-3.7577784;42.6100006
-3.7577522;42.6100502
-3.7570205;42.6102448
-3.7832980;42.6082954
-3.7766011;42.6111450
-3.7718349;42.6120224
-3.7627602;42.6096001
-3.7516582;42.6125526
-3.7498960;42.6136055
-3.7462130;42.6158257
-3.4116805;42.7364426
-3.4115472;42.7366409
-3.4117405;42.7363510
-3.4176722;42.7339020
-3.4177566;42.7342377
-3.4319541;42.7046776
-3.4319654;42.7047768
-3.4184043;42.7337761
-3.4183984;42.7341614
-3.4120667;42.7363014
-3.4123399;42.7365150
-3.4528239;42.7052422
-3.4529314;42.7051926
-3.4100096;42.7353287
-3.4099605;42.7352791
-3.4080026;42.7446060
-3.4078591;42.7454681
-3.4096427;42.7475471
-3.4100771;42.7480812
-3.4104874;42.7495880
-3.4109840;42.7502480
-3.4318795;42.6949654
-3.4318922;42.6950111
-3.4089408;42.7470436
-3.4091883;42.7472000
-3.4101877;42.7484131
-3.4103637;42.7491417
-3.4604933;42.7266350
-3.4605153;42.7265434
-3.4294651;42.6814384
-3.4289782;42.6816292
-3.4301825;42.6649628
-3.4301364;42.6651001
-3.4273016;42.6743698
-3.4272664;42.6745110
-3.4491837;42.7208557
-3.4491508;42.7209435
-3.4440401;42.7234955
-3.4439085;42.7234764
-3.4327114;42.6581650
-3.4327919;42.6581612
-3.4319313;42.6585426
-3.4321518;42.6583595
-3.4111524;42.7511330
-3.4110157;42.7512169
-3.4127667;42.7515564
-3.4124756;42.7516022
-3.4371192;42.6626778
-3.4372604;42.6627655
-3.4202266;42.6831245
-3.4200125;42.6831512
-3.4285693;42.6854668
-3.4285314;42.6853867
-3.4098082;42.7351265
-3.4100266;42.7349625
-3.4118814;42.7348213
-3.4139121;42.7337608
-3.4109006;42.7353401
-3.4454594;42.6376648
-3.4368863;42.6452370
-3.4348872;42.6495056
-3.4335327;42.6541443
-3.4337177;42.6551132
-3.4338624;42.6555634
-3.4338927;42.6556282
-3.4155049;42.6556282
-3.4343314;42.6557236
-3.4344912;42.6553497
-3.4344454;42.6557312
-3.4349041;42.6559563
-3.4344287;42.6559944
-3.4349437;42.6561356
-3.4353878;42.6559525
-3.4347997;42.6561928
-3.4345059;42.6562347
-3.4344687;42.6562576
-3.4342074;42.6562958
-3.4338727;42.6563606
-3.4352634;42.6562767
-3.4347293;42.6564026
-3.4179387;42.6564903
-3.4343090;42.6565819
-3.4347463;42.6566734
-3.4343410;42.6567383
-3.4347298;42.6569443
-3.4353716;42.6569443
-3.4343681;42.6569595
-3.4341314;42.6569824
-3.4350271;42.6570625
-3.4340894;42.6572495
-3.4346969;42.6573257
-3.4344068;42.6573563
-3.4352875;42.6575928
-3.4349535;42.6576576
-3.4349113;42.6575508
-3.4343123;42.6576653
-3.4346333;42.6577339
-3.4340391;42.6579170
-3.4347591;42.6579399
-3.4345655;42.6579399
-3.4343667;42.6579437
-3.4335532;42.6580772
-3.4356079;42.6581306
-3.4364002;42.6575851
-3.4328523;42.6581573
-3.4354630;42.6581955
-3.4343345;42.6581993
-3.4257762;42.6582451
-3.4350901;42.6585350
-3.4343657;42.6585732
-3.4341249;42.6585770
-3.4318426;42.6586189
-3.4343741;42.6586914
-3.4356122;42.6587105
-3.4316728;42.6587257
-3.4317918;42.6587334
-3.4343996;42.6588249
-3.4339700;42.6589317
-3.4318275;42.6589355
-3.4339926;42.6590576
-3.4347200;42.6591034
-3.4347253;42.6587143
-3.4347835;42.6591492
-3.4342983;42.6591606
-3.4344969;42.6592102
-3.4357436;42.6592331
-3.4349563;42.6592636
-3.4356210;42.6592789
-3.4345129;42.6593170
-3.4350071;42.6593933
-3.4360247;42.6595726
-3.4350758;42.6596375
-3.4363444;42.6600761
-3.4343514;42.6601257
-3.4349127;42.6603165
-3.4386992;42.6637268
-3.4431016;42.6667900
-3.4110234;42.6693497
-3.4484167;42.6696587
-3.4123595;42.6702271
-3.4283168;42.6709366
-3.3574789;42.6721687
-3.4567533;42.6729469
-3.4547901;42.6732178
-3.4196692;42.6737061
-3.3924243;42.6739426
-3.3925860;42.6739349
-3.3923445;42.6737137
-3.3930585;42.6740417
-3.3925848;42.6740532
-3.3922353;42.6742668
-3.3924546;42.6743279
-3.3922138;42.6743507
-3.3921895;42.6743774
-3.3920569;42.6743736
-3.3919716;42.6746140
-3.3912389;42.6746483
-3.3919458;42.6748886
-3.3923898;42.6748810
-3.4462206;42.6749153
-3.3919311;42.6749649
-3.3916967;42.6753120
-3.3922234;42.6755028
-3.4433749;42.6755409
-3.3914669;42.6757698
-3.3932550;42.6755943
-3.4386852;42.6758308
-3.3907292;42.6758385
-3.3906238;42.6757278
-3.3908174;42.6759491
-3.4230762;42.6759796
-3.3904634;42.6760445
-3.3849704;42.6763039
-3.3842835;42.6763077
-3.3910503;42.6763344
-3.3912680;42.6763535
-3.3915102;42.6763725
-3.3851719;42.6764603
-3.3890395;42.6765976
-3.3911805;42.6766052
-3.3912692;42.6765976
-3.3861303;42.6766701
-3.3862462;42.6765289
-3.3911545;42.6766815
-3.3850083;42.6767654
-3.3858042;42.6768112
-3.3785696;42.6768150
-3.3787479;42.6768532
-3.3854513;42.6768570
-3.3852625;42.6768608
-3.3842514;42.6768646
-3.3860993;42.6768799
-3.3845835;42.6769371
-3.3851526;42.6769371
-3.3910444;42.6770134
-3.3854232;42.6770554
-3.3857310;42.6771049
-3.3858213;42.6769829
-3.3852623;42.6771507
-3.3857315;42.6771851
-3.3908503;42.6771965
-3.3858690;42.6772270
-3.3854520;42.6772194
-3.3850152;42.6772537
-3.3868551;42.6768837
-3.3806794;42.6772842
-3.3841929;42.6772995
-3.3844717;42.6773453
-3.3849664;42.6774025
-3.3858433;42.6774216
-3.3910215;42.6775208
-3.3853533;42.6775246
-3.3878157;42.6775398
-3.3853548;42.6775780
-3.3849187;42.6776276
-3.3846838;42.6776237
-3.3850403;42.6777153
-3.3859057;42.6777267
-3.3862751;42.6774445
-3.3862956;42.6777306
-3.3840683;42.6777611
-3.3839674;42.6770668
-3.3856926;42.6777802
-3.3865316;42.6777802
-3.3848517;42.6778297
-3.4335606;42.6778641
-3.3840020;42.6778717
-3.3832803;42.6777191
-3.3847334;42.6778908
-3.3842618;42.6779099
-3.3859568;42.6779327
-3.3852339;42.6779823
-3.3838992;42.6780396
-3.3861871;42.6780396
-3.3860219;42.6780434
-3.3850758;42.6780472
-3.3842649;42.6781044
-3.3848670;42.6781502
-3.3847759;42.6781960
-3.3828790;42.6782570
-3.3853333;42.6782913
-3.3858182;42.6783791
-3.3859260;42.6784019
-3.4252183;42.6784172
-3.3863161;42.6784668
-3.3841434;42.6785126
-3.4257672;42.6786270
-3.3855557;42.6786652
-3.3848383;42.6786804
-3.4256094;42.6786804
-3.4255545;42.6788139
-3.3897407;42.6790352
-3.3909395;42.6790810
-3.4257989;42.6790924
-3.3867702;42.6791573
-3.3909216;42.6792183
-3.4263380;42.6798210
-3.3961182;42.6801300
-3.4266896;42.6805038
-3.4263661;42.6805229
-3.4262679;42.6806831
-3.4000039;42.6807098
-3.4022014;42.6809883
-3.4298809;42.6810188
-3.4268856;42.6810989
-3.4266126;42.6817131
-3.4263606;42.6817398
-3.4259582;42.6817665
-3.4259098;42.6819458
-3.4263978;42.6819725
-3.4255421;42.6819992
-3.4252505;42.6814194
-3.4246638;42.6817017
-3.4258881;42.6820297
-3.4104233;42.6820755
-3.4272678;42.6821861
-3.4268477;42.6821899
-3.4258506;42.6821976
-3.4264457;42.6821976
-3.4260342;42.6822014
-3.4263031;42.6822014
-3.4122205;42.6823769
-3.4279950;42.6824265
-3.4258285;42.6824341
-3.4253778;42.6824913
-3.4241142;42.6821594
-3.4260321;42.6825180
-3.4258146;42.6825180
-3.4262991;42.6825180
-3.4264374;42.6825218
-3.4268634;42.6825562
-3.4257901;42.6826744
-3.4268136;42.6827011
-3.4250462;42.6827278
-3.4263778;42.6827507
-3.4140255;42.6827850
-3.4145651;42.6828461
-3.4264622;42.6828575
-3.4257517;42.6828613
-3.4267352;42.6829224
-3.4257202;42.6830177
-3.4266024;42.6830406
-3.4270890;42.6828957
-3.4270737;42.6830597
-3.4268880;42.6830673
-3.4275730;42.6830750
-3.4255142;42.6831131
-3.4256833;42.6831551
-3.4158449;42.6831779
-3.4269075;42.6832428
-3.4176941;42.6831512
-3.4175005;42.6832466
-3.4250655;42.6832466
-3.4257286;42.6833420
-3.4270480;42.6833534
-3.4266934;42.6833687
-3.4265141;42.6833801
-3.4264073;42.6833878
-3.4274683;42.6834259
-3.4174125;42.6834450
-3.4174876;42.6835289
-3.4264083;42.6835823
-3.4270589;42.6835938
-3.4266465;42.6836166
-3.4268062;42.6836586
-3.4263837;42.6836891
-3.4258330;42.6836929
-3.4277756;42.6837006
-3.4255550;42.6837044
-3.4248013;42.6836052
-3.4185977;42.6837463
-3.4263639;42.6837502
-3.4189379;42.6837616
-3.4254827;42.6838875
-3.4277186;42.6838875
-3.4272926;42.6838875
-3.4257698;42.6839485
-3.4254494;42.6839752
-3.4262931;42.6839752
-3.4279227;42.6840363
-3.4204464;42.6841011
-3.4261460;42.6842842
-3.4281206;42.6844635
-3.4251277;42.6851501
-3.4284654;42.6852455
-3.4272566;42.6856728
-3.4279621;42.6859398
-3.4287522;42.6860161
-3.4287229;42.6863670
-3.4290850;42.6868668
-3.4296315;42.6881752
-3.4313371;42.6933022
-3.4320109;42.6953697
-3.4318976;42.7037125
-3.4318819;42.7039719
-3.4534256;42.7039642
-3.4535117;42.7042427
-3.4536276;42.7044220
-3.4537392;42.7043877
-3.4539590;42.7044792
-3.4610744;42.6996422
-3.4547250;42.7044830
-3.4538054;42.7045097
-3.4531918;42.7045822
-3.4527702;42.7044983
-3.4533935;42.7046204
-3.4319499;42.7046394
-3.4322619;42.7045403
-3.4534218;42.7046814
-3.4532139;42.7046890
-3.4540076;42.7047119
-3.4531498;42.7047844
-3.4522688;42.7045403
-3.4326940;42.7048111
-3.4328368;42.7047119
-3.4325078;42.7047653
-3.4323123;42.7048187
-3.4326560;42.7048531
-3.4319744;42.7048531
-3.4540417;42.7048988
-3.4541919;42.7049179
-3.4537005;42.7049789
-3.4536002;42.7050056
-3.4532659;42.7050095
-3.4540648;42.7050247
-3.4332416;42.7049942
-3.4330246;42.7050819
-3.4324517;42.7050819
-3.4531794;42.7050819
-3.4530315;42.7051926
-3.4537942;42.7052231
-3.4326086;42.7052536
-3.4527316;42.7052841
-3.4513118;42.7053642
-3.4336450;42.7053528
-3.4331617;42.7054825
-3.4330308;42.7054901
-3.4333358;42.7054977
-3.4326603;42.7055130
-3.4322109;42.7055359
-3.4325724;42.7055435
-3.4321733;42.7055435
-3.4507003;42.7055740
-3.4320216;42.7055740
-3.4318559;42.7055435
-3.4315002;42.7056274
-3.4313519;42.7054443
-3.4333096;42.7056427
-3.4320130;42.7056885
-3.4320922;42.7056923
-3.4319305;42.7056999
-3.4321585;42.7057037
-3.4320066;42.7057495
-3.4312959;42.7057724
-3.4324949;42.7057877
-3.4327912;42.7057915
-3.4319968;42.7058487
-3.4315138;42.7058563
-3.4309788;42.7059174
-3.4317088;42.7059402
-3.4328918;42.7060471
-3.4304004;42.7061539
-3.4332621;42.7061729
-3.4298186;42.7062149
-3.4319673;42.7062302
-3.4325068;42.7062111
-3.4310625;42.7063446
-3.4313114;42.7063751
-3.4316356;42.7063828
-3.4319439;42.7063904
-3.4312937;42.7064743
-3.4318428;42.7066650
-3.4521151;42.7134399
-3.4515982;42.7161980
-3.4393420;42.7171631
-3.4496284;42.7199478
-3.4493759;42.7205238
-3.4499869;42.7205658
-3.4500048;42.7202568
-3.4497979;42.7204514
-3.4501405;42.7206802
-3.4511280;42.7207298
-3.4513757;42.7208138
-3.4511962;42.7208977
-3.4511535;42.7209473
-3.4521029;42.7209473
-3.4507341;42.7209969
-3.4514284;42.7210083
-3.4505205;42.7211418
-3.4509518;42.7211647
-3.4512603;42.7212982
-3.4516535;42.7213440
-3.4517763;42.7211266
-3.4519951;42.7214470
-3.4524195;42.7215614
-3.4524951;42.7216187
-3.4511001;42.7216644
-3.4512551;42.7217216
-3.4510722;42.7217255
-3.4527571;42.7217712
-3.4531646;42.7218513
-3.4526587;42.7218628
-3.4509473;42.7218933
-3.4508200;42.7218742
-3.4503734;42.7219009
-3.4530056;42.7219162
-3.4507091;42.7219429
-3.4514408;42.7218018
-3.4478400;42.7219849
-3.4498782;42.7220230
-3.4507732;42.7221031
-3.4509513;42.7220917
-3.4507887;42.7223091
-3.4508471;42.7223091
-3.4533803;42.7223778
-3.4507768;42.7227554
-3.4420123;42.7232285
-3.4551892;42.7233391
-3.3599088;42.7233849
-3.4447825;42.7235527
-3.4448345;42.7235527
-3.4562755;42.7239838
-3.4576986;42.7241707
-3.4579298;42.7242622
-3.4573154;42.7242622
-3.4581695;42.7244873
-3.4576864;42.7245293
-3.4584470;42.7247238
-3.4581134;42.7246323
-3.4579871;42.7248268
-3.4587495;42.7248421
-3.4582932;42.7248840
-3.4579809;42.7249260
-3.4582446;42.7249413
-3.4585412;42.7249908
-3.4577250;42.7250633
-3.4583197;42.7253571
-3.4581721;42.7255516
-3.4588115;42.7256584
-3.4592321;42.7257767
-3.3746276;42.7264519
-3.3747735;42.7261620
-3.3750563;42.7267036
-3.3741820;42.7267532
-3.3740139;42.7267609
-3.3740857;42.7265778
-3.3733823;42.7263641
-3.3754334;42.7267990
-3.3754704;42.7265472
-3.3749161;42.7267990
-3.3751702;42.7268257
-3.3751566;42.7270126
-3.3752413;42.7270355
-3.3761230;42.7271309
-3.3762798;42.7268600
-3.3741937;42.7272873
-3.3744605;42.7273331
-3.3742042;42.7274170
-3.3739250;42.7273979
-3.4397485;42.7274704
-3.3738024;42.7275124
-3.3736622;42.7274170
-3.3741827;42.7276001
-3.3737745;42.7276421
-3.3706958;42.7278252
-3.4598770;42.7278366
-3.3747699;42.7279816
-3.3741913;42.7279854
-3.3741713;42.7280693
-3.3737645;42.7280960
-3.3734827;42.7281723
-3.3731310;42.7282791
-3.3729341;42.7283401
-3.3782821;42.7286491
-3.3824494;42.7303009
-3.3836915;42.7316628
-3.4159098;42.7326202
-3.4154351;42.7324257
-3.4166677;42.7326241
-3.4146218;42.7327919
-3.4146402;42.7324829
-3.4150710;42.7325974
-3.4150741;42.7329979
-3.4145668;42.7330780
-3.4150002;42.7333145
-3.4144688;42.7333641
-3.4165797;42.7334175
-3.4150603;42.7335701
-3.4144897;42.7335968
-3.4170115;42.7336540
-3.4150944;42.7337036
-3.4148817;42.7337074
-3.4177077;42.7337303
-3.4141369;42.7339516
-3.4160469;42.7339516
-3.4153442;42.7339745
-3.4150999;42.7339821
-3.4148903;42.7340050
-3.4145689;42.7340660
-3.4137640;42.7341042
-3.4197893;42.7341080
-3.4201221;42.7337189
-3.4136422;42.7341194
-3.4137454;42.7342339
-3.4147096;42.7342377
-3.4150884;42.7342606
-3.4137278;42.7345276
-3.4134796;42.7345505
-3.4140968;42.7345695
-3.4133003;42.7345963
-3.4135022;42.7345963
-3.4132259;42.7342606
-3.4137380;42.7346344
-3.3993061;42.7340164
-3.4133084;42.7346687
-3.4223070;42.7346687
-3.4185593;42.7347908
-3.4181566;42.7347984
-3.4129865;42.7348938
-3.4176061;42.7349892
-3.4268231;42.7349243
-3.4294310;42.7350311
-3.4145906;42.7348213
-3.4136965;42.7351303
-3.4137161;42.7348137
-3.4125857;42.7351875
-3.4132690;42.7352600
-3.4127736;42.7352104
-3.4195030;42.7354012
-3.4142056;42.7354279
-3.4101288;42.7354469
-3.4217203;42.7354584
-3.4140773;42.7355576
-3.4093583;42.7356186
-3.4221127;42.7356911
-3.4378440;42.7358627
-3.4389067;42.7352371
-3.4361081;42.7352104
-3.4119811;42.7359581
-3.4117353;42.7358513
-3.4118521;42.7361832
-3.4375908;42.7362099
-3.4374137;42.7364731
-3.4371397;42.7365494
-3.4432950;42.7354317
-3.4387612;42.7365913
-3.4125309;42.7367249
-3.4128168;42.7364693
-3.4262102;42.7365303
-3.4272771;42.7367287
-3.4362879;42.7368317
-3.4249432;42.7369232
-3.4121866;42.7369843
-3.4121888;42.7371826
-3.4288769;42.7371902
-3.4359772;42.7375793
-3.4330578;42.7376442
-3.4331071;42.7376747
-3.4338984;42.7377434
-3.4358790;42.7377701
-3.4101558;42.7380066
-3.4363384;42.7382088
-3.4368014;42.7382164
-3.4357462;42.7382507
-3.4356062;42.7382622
-3.4353633;42.7382889
-3.4356065;42.7383499
-3.4289594;42.7383728
-3.4351079;42.7383842
-3.4348655;42.7384033
-3.4346061;42.7384338
-3.4339480;42.7384949
-3.4357042;42.7384949
-3.4353957;42.7386742
-3.4343421;42.7387390
-3.4353843;42.7387543
-3.4361408;42.7388039
-3.4291224;42.7388611
-3.4358647;42.7389145
-3.4363396;42.7389297
-3.4356096;42.7391090
-3.4357848;42.7394028
-3.4506438;42.7414780
-3.4524484;42.7409248
-3.4606569;42.7457161
-3.4621971;42.7473793
-3.4103763;42.7492027
-3.4711711;42.7498436
-3.4115572;42.7506027
-3.4129000;42.7515106
-3.3749301;42.7515411
-3.3732150;42.7508087
-3.3611240;42.7518845
-3.4134135;42.7520828
-3.4094210;42.7526207
-3.4010248;42.7524605
-3.4197769;42.7552872
-3.4387088;42.7641220
-3.5316362;42.7061615
-3.5315416;42.7062378
-3.5331807;42.7056732
-3.5330942;42.7056580
-3.5331180;42.7066727
-3.5330455;42.7067490
-3.5307727;42.7046928
-3.5321841;42.7049026
-3.5320590;42.7043304
-3.5325050;42.7050171
-3.5327258;42.7052345
-3.5320306;42.7053146
-3.5326104;42.7054214
-3.5346205;42.7052422
-3.5335441;42.7055321
-3.5337300;42.7055969
-3.5335188;42.7056236
-3.5339634;42.7056427
-3.5330091;42.7056427
-3.5334711;42.7057457
-3.5335681;42.7057724
-3.5323648;42.7057724
-3.5338192;42.7057991
-3.5326390;42.7058067
-3.5320821;42.7058105
-3.5328655;42.7058334
-3.5335107;42.7059479
-3.5342827;42.7060394
-3.5315073;42.7062645
-3.5309849;42.7064285
-3.5328972;42.7068558
-3.5328081;42.7071381
-3.5329723;42.7072372
-3.5284405;42.7072754
-3.5263019;42.7085609
-3.5453510;42.6401711
-3.5464001;42.6407623
-3.5463362;42.6408997
-3.5462995;42.6409492
-3.9699607;42.4334106
-3.9722168;42.4349022
-3.9681787;42.4319038
-3.9612372;42.4286690
-3.9616745;42.4288788
-3.9833174;42.4298630
-3.9747510;42.4389267
-3.9736147;42.4408340
-3.9735992;42.4407463
-3.9737663;42.4409866
-3.9739821;42.4409218
-3.9727542;42.4411659
-3.9725633;42.4408607
-3.9745772;42.4410057
-3.9741640;42.4412003
-3.9738872;42.4412422
-3.9742532;42.4412880
-3.9733999;42.4413757
-3.9727066;42.4414139
-3.9745042;42.4414215
-3.9746411;42.4412193
-3.9730778;42.4414406
-3.9727077;42.4414520
-3.9744918;42.4414825
-3.9740996;42.4414940
-3.9721317;42.4415054
-3.9718378;42.4415207
-3.9718285;42.4413071
-3.9746687;42.4415550
-3.9727204;42.4415627
-3.9736812;42.4415970
-3.9736376;42.4416580
-3.9716592;42.4416656
-3.9710243;42.4416504
-3.9722197;42.4416809
-3.9727802;42.4416809
-3.9755597;42.4416847
-3.9716847;42.4417076
-3.9720354;42.4417458
-3.9742739;42.4417648
-3.9724007;42.4417763
-3.9737890;42.4418297
-3.9734623;42.4418602
-3.9738913;42.4418640
-3.9739885;42.4418297
-3.9727359;42.4418983
-3.9735296;42.4419136
-3.9722307;42.4419136
-3.9718709;42.4419174
-3.9739234;42.4419289
-3.9732401;42.4419441
-3.9734814;42.4419632
-3.9728699;42.4420204
-3.9714775;42.4420204
-3.9733334;42.4420395
-3.9734139;42.4420052
-3.9712510;42.4420891
-3.9722598;42.4421349
-3.9720299;42.4421425
-3.9727530;42.4421616
-3.9722891;42.4421921
-3.9721045;42.4422035
-3.9719055;42.4422035
-3.9712834;42.4423561
-3.9725957;42.4424286
-3.9719429;42.4424858
-3.9718556;42.4423904
-3.9715993;42.4424858
-3.9713352;42.4424896
-3.9710917;42.4425354
-3.9710159;42.4425774
-3.9717922;42.4426613
-3.9707921;42.4426765
-3.9717655;42.4427223
-3.9718957;42.4427910
-3.9716160;42.4428520
-3.9713855;42.4429512
-3.9716640;42.4429512
-3.9756041;42.4437141
-3.9756663;42.4454117
-3.9757049;42.4468536
-3.9759293;42.4553185
-3.9755425;42.4610176
-3.5103064;42.6393280
-3.5027001;42.6382713
-3.8750598;42.4367867
-3.8764982;42.4399643
-3.7966809;42.4055977
-3.7965827;42.4055786
-3.8174360;42.4097786
-3.8171113;42.4097481
-3.8783934;42.4415512
-3.8784766;42.4414558
-3.8313000;42.3917809
-3.8312695;42.3919182
-3.8287764;42.4009819
-3.8287611;42.4011116
-3.8125644;42.4287949
-3.8121364;42.4287682
-3.8316419;42.3903465
-3.8303363;42.3962593
-3.8298404;42.3975220
-3.8068078;42.4020576
-3.8058577;42.4013977
-3.8099799;42.4024582
-3.8097184;42.4026566
-3.7946067;42.4038773
-3.7944741;42.4042931
-3.8266907;42.4043198
-3.7947822;42.4044189
-3.7944543;42.4046326
-3.7942805;42.4047394
-3.7949252;42.4049263
-3.7950952;42.4047775
-3.7945254;42.4050369
-3.7952065;42.4049797
-3.7949600;42.4050369
-3.7945247;42.4050674
-3.7938211;42.4047928
-3.7960005;42.4052925
-3.7960439;42.4050484
-3.7955110;42.4052925
-3.7954595;42.4049416
-3.7953482;42.4053383
-3.7952549;42.4053726
-3.7965987;42.4053345
-3.7962167;42.4054070
-3.7949061;42.4054298
-3.7962739;42.4054375
-3.7957685;42.4054565
-3.7949083;42.4054832
-3.7965584;42.4055710
-3.8008940;42.4055824
-3.7962618;42.4056244
-3.7946413;42.4056396
-3.7974696;42.4056435
-3.7958493;42.4055557
-3.7955160;42.4056511
-3.7955976;42.4056931
-3.7977712;42.4057159
-3.7960551;42.4057198
-3.7957013;42.4057961
-3.7978694;42.4057999
-3.7950547;42.4058228
-3.7942502;42.4058647
-3.7963526;42.4058723
-3.7963631;42.4059143
-3.7948923;42.4059143
-3.7937396;42.4057999
-3.7942758;42.4059486
-3.7961462;42.4059792
-3.7957489;42.4060173
-3.7951758;42.4060707
-3.7964509;42.4061279
-3.7966108;42.4060707
-3.7951190;42.4061279
-3.7962084;42.4062080
-3.7960405;42.4063263
-3.7960174;42.4063454
-3.7946253;42.4063377
-3.7961359;42.4064636
-3.7962997;42.4064789
-3.7964315;42.4065018
-3.7965751;42.4065056
-3.7967691;42.4065170
-3.7924461;42.4067230
-3.7966454;42.4068642
-3.8244359;42.4068642
-3.7966533;42.4069633
-3.7986677;42.4070206
-3.8239989;42.4072418
-3.8233004;42.4078178
-3.8231990;42.4072723
-3.8231382;42.4079018
-3.8228023;42.4076004
-3.8230770;42.4079361
-3.8227191;42.4080849
-3.8224547;42.4079437
-3.8234723;42.4082108
-3.8223469;42.4085197
-3.8222530;42.4087219
-3.8218200;42.4088478
-3.8216417;42.4086037
-3.8221791;42.4089394
-3.8215370;42.4089737
-3.8210621;42.4087105
-3.8227773;42.4091415
-3.8230503;42.4091759
-3.8221676;42.4092102
-3.8211820;42.4092484
-3.8222885;42.4092903
-3.8220525;42.4093018
-3.8157458;42.4093132
-3.8223860;42.4093704
-3.8226810;42.4093819
-3.8158319;42.4094734
-3.8215218;42.4095802
-3.8225703;42.4096336
-3.8216617;42.4096756
-3.7917852;42.4096985
-3.8169298;42.4097290
-3.8225822;42.4097519
-3.8207631;42.4097977
-3.8212125;42.4098282
-3.8228474;42.4098740
-3.8231585;42.4095993
-3.8206630;42.4098892
-3.8214645;42.4099541
-3.8214190;42.4100075
-3.8223026;42.4100266
-3.8223624;42.4100647
-3.8203483;42.4100876
-3.8207018;42.4101791
-3.8225849;42.4102211
-3.8221903;42.4102402
-3.8220055;42.4102707
-3.8207369;42.4103546
-3.8211386;42.4103546
-3.8225131;42.4103699
-3.8211098;42.4104042
-3.8194420;42.4104118
-3.8201497;42.4104996
-3.8198905;42.4100761
-3.8200777;42.4105949
-3.8209388;42.4106407
-3.8214300;42.4107132
-3.8226702;42.4107132
-3.8236761;42.4107399
-3.8208055;42.4108200
-3.8207679;42.4108086
-3.8233185;42.4108772
-3.8207238;42.4109306
-3.8206806;42.4109917
-3.8249252;42.4110336
-3.8251224;42.4105873
-3.8253961;42.4111137
-3.8255887;42.4108276
-3.8260176;42.4112473
-3.8269641;42.4114723
-3.7914972;42.4116020
-3.7879705;42.4123421
-3.7876110;42.4123878
-3.7870605;42.4124527
-3.7805285;42.4139137
-3.7803121;42.4139977
-3.8307481;42.4142609
-3.7766290;42.4154510
-3.7765722;42.4154739
-3.8345394;42.4162598
-3.7726266;42.4170265
-3.8380940;42.4175224
-3.8482344;42.4207077
-3.8486252;42.4209023
-3.8510575;42.4220963
-3.8595896;42.4277077
-3.8591182;42.4279556
-3.8600421;42.4280624
-3.8174500;42.4284210
-3.8173027;42.4283676
-3.8169417;42.4284859
-3.8208683;42.4286842
-3.8212140;42.4286194
-3.8193970;42.4287376
-3.8205509;42.4287949
-3.8208160;42.4288216
-3.8200843;42.4289207
-3.8204086;42.4289589
-3.8199668;42.4284515
-3.8203990;42.4290009
-3.8250799;42.4290199
-3.8252475;42.4289780
-3.8244081;42.4289055
-3.8206446;42.4290695
-3.8207703;42.4291115
-3.8244586;42.4291420
-3.8241684;42.4290237
-3.8247738;42.4291611
-3.8210440;42.4291801
-3.8214905;42.4287834
-3.8212681;42.4292755
-3.8197415;42.4292793
-3.8235879;42.4293137
-3.8240221;42.4290161
-3.8094280;42.4293251
-3.8241062;42.4293518
-3.8204744;42.4293671
-3.8205993;42.4293861
-3.8232481;42.4293938
-3.8217542;42.4294052
-3.8198402;42.4293442
-3.8231826;42.4294205
-3.8230574;42.4292603
-3.8219821;42.4294510
-3.8221512;42.4293709
-3.8255925;42.4294586
-3.8261876;42.4294205
-3.8257089;42.4294586
-3.8244953;42.4295349
-3.8233788;42.4295387
-3.8204820;42.4295464
-3.8239546;42.4295578
-3.8227651;42.4295616
-3.8226788;42.4292908
-3.8237395;42.4295692
-3.8211911;42.4295692
-3.8222876;42.4295769
-3.8213799;42.4295807
-3.8225746;42.4295998
-3.8236847;42.4296036
-3.8233714;42.4296227
-3.8209391;42.4296875
-3.8233590;42.4296951
-3.8233080;42.4297523
-3.8222053;42.4298210
-3.8223281;42.4298248
-3.8217452;42.4298286
-3.8554766;42.4298820
-3.8229094;42.4298973
-3.8239775;42.4299355
-3.8228371;42.4299355
-3.8212867;42.4299393
-3.8218534;42.4299431
-3.8216543;42.4299889
-3.8212891;42.4299889
-3.8221967;42.4300117
-3.8223336;42.4302902
-3.8223431;42.4303093
-3.8239734;42.4304199
-3.8543828;42.4304581
-3.8207178;42.4304962
-3.8051226;42.4313545
-3.8528872;42.4313812
-3.8646038;42.4315872
-3.8523748;42.4327660
-3.8449938;42.4328651
-3.8513839;42.4329605
-3.8481345;42.4335175
-3.8482969;42.4335327
-3.8663838;42.4329910
-3.8765728;42.4401321
-3.8786123;42.4412460
-3.8774624;42.4416695
-3.8772314;42.4410973
-3.8774433;42.4417877
-3.8769150;42.4418488
-3.8775661;42.4420586
-3.8769789;42.4420891
-3.8772247;42.4420929
-3.8774107;42.4421043
-3.8774407;42.4421043
-3.8767900;42.4421196
-3.8771930;42.4421196
-3.8770189;42.4422607
-3.8770483;42.4423866
-3.8763864;42.4423027
-3.8770967;42.4427376
-3.8780491;42.4429741
-3.8783350;42.4426765
-3.8778408;42.4430122
-3.8769486;42.4431381
-3.8771734;42.4432220
-3.8772120;42.4433250
-3.8772228;42.4434395
-3.8785231;42.4433174
-3.8778682;42.4434776
-3.8767107;42.4437675
-3.8766754;42.4440041
-3.8769543;42.4440231
-3.8773398;42.4440346
-3.8773453;42.4440842
-3.8771381;42.4442062
-3.8769724;42.4442139
-3.8765337;42.4442482
-3.8770864;42.4443130
-3.8770299;42.4443436
-3.8771434;42.4443512
-3.8780167;42.4447250
-3.8763030;42.4444389
-3.8761170;42.4441719
-3.8762965;42.4445076
-3.8764012;42.4445343
-3.8771029;42.4444695
-3.8767738;42.4444122
-3.8763866;42.4446907
-3.8765092;42.4447021
-3.8762281;42.4447365
-3.8753679;42.4448395
-3.8756521;42.4449120
-3.8751202;42.4449425
-3.8782234;42.4511833
-3.5450146;42.6389427
-3.5438340;42.6389771
-3.4109645;42.6011505
-3.4111254;42.6012230
-3.4164956;42.6053276
-3.4166117;42.6054268
-3.4227688;42.5872078
-3.4224565;42.5873184
-3.4216528;42.5876083
-3.4186242;42.5890617
-3.4161522;42.5895767
-3.4147685;42.5896950
-3.4144652;42.5897102
-3.4142506;42.5897255
-3.4143410;42.5898209
-3.4137347;42.5898399
-3.4135470;42.5891266
-3.4131768;42.5897408
-3.4128966;42.5898743
-3.4127648;42.5897331
-3.4136477;42.5898743
-3.4141312;42.5898895
-3.4130650;42.5900574
-3.4127402;42.5901604
-3.4126422;42.5900002
-3.4124186;42.5894737
-3.4113204;42.5901756
-3.4106982;42.5900917
-3.4136398;42.5902061
-3.4130857;42.5902252
-3.4141557;42.5902328
-3.4135623;42.5902596
-3.4122095;42.5903130
-3.4134650;42.5903244
-3.4120157;42.5903549
-3.4117186;42.5901260
-3.4135382;42.5903549
-3.4116986;42.5904541
-3.4134440;42.5906906
-3.4131656;42.5907097
-3.4130394;42.5907745
-3.4135008;42.5907784
-3.4135375;42.5908356
-3.4129097;42.5908928
-3.4131815;42.5908966
-3.4136162;42.5909538
-3.4128017;42.5909996
-3.4132981;42.5911064
-3.4129453;42.5911217
-3.4132025;42.5911522
-3.4137771;42.5911560
-3.4124594;42.5913315
-3.3977611;42.5927010
-3.3962517;42.5919762
-3.3982637;42.5929451
-3.5472550;42.6405830
-3.5476890;42.6401596
-3.3996296;42.5939598
-3.4040325;42.5969505
-3.4069092;42.5992661
-3.4070506;42.5993652
-3.4109356;42.6011391
-3.4120088;42.6016731
-3.4161289;42.6050262
-3.4172308;42.6059380
-3.4186416;42.6071243
-3.4216959;42.6088638
-3.5470495;42.6405792
-3.5472212;42.6407356
-3.5265894;42.6791344
-3.5261734;42.6745758
-3.4894054;42.6241684
-3.4891710;42.6271286
-3.5022998;42.6680031
-3.5022173;42.6680565
-3.4984879;42.6670341
-3.4985077;42.6671104
-3.4891765;42.6300697
-3.4891882;42.6309814
-3.4829807;42.6436691
-3.4830277;42.6437988
-3.4857280;42.6542206
-3.4857559;42.6544571
-3.4869959;42.6565895
-3.4870930;42.6566887
-3.4897225;42.6659241
-3.4898779;42.6658058
-3.4755309;42.6695595
-3.4753506;42.6695251
-3.5254714;42.6705437
-3.5253670;42.6704826
-3.5471516;42.6276016
-3.5469196;42.6278496
-3.5148346;42.6384888
-3.5146854;42.6385269
-3.5448756;42.6387444
-3.4823215;42.6574707
-3.4824214;42.6574745
-3.4815252;42.6574860
-3.4818220;42.6574783
-3.4893253;42.6294136
-3.4895768;42.6294518
-3.4900694;42.6298752
-3.4902012;42.6299591
-3.4899952;42.6087646
-3.4897664;42.6091805
-3.4891098;42.6180916
-3.4891453;42.6279373
-3.4891665;42.6292877
-3.4891748;42.6299515
-3.4903522;42.6300354
-3.4907558;42.6302223
-3.4921358;42.6303864
-3.4920809;42.6304703
-3.4922974;42.6305313
-3.4920168;42.6305809
-3.4922686;42.6306267
-3.5446825;42.6306267
-3.4911642;42.6304398
-3.4912317;42.6307449
-3.4912093;42.6307945
-3.4917252;42.6305504
-3.4915824;42.6308784
-3.4916339;42.6309052
-3.4933600;42.6309700
-3.4934504;42.6308174
-3.4917917;42.6309814
-3.4932432;42.6307755
-3.4931087;42.6310196
-3.4915142;42.6311417
-3.4923413;42.6311874
-3.4891918;42.6312637
-3.4907813;42.6312866
-3.4891922;42.6313057
-3.4902155;42.6313133
-3.4928992;42.6313896
-3.4915369;42.6313934
-3.4933593;42.6314774
-3.4914472;42.6315346
-3.5445249;42.6315727
-3.4909332;42.6316719
-3.4927120;42.6316872
-3.4913125;42.6316872
-3.4916682;42.6316910
-3.4915941;42.6317558
-3.4919512;42.6317749
-3.4937193;42.6318398
-3.4909062;42.6318474
-3.4924488;42.6318855
-3.4923160;42.6316414
-3.4908841;42.6318932
-3.4925864;42.6319046
-3.4908075;42.6319962
-3.4913449;42.6321068
-3.4906931;42.6321564
-3.4908009;42.6323433
-3.4892049;42.6325989
-3.4892013;42.6327591
-3.4901049;42.6328735
-3.5423701;42.6346970
-3.4951801;42.6360168
-3.4877024;42.6362381
-3.4876971;42.6362648
-3.5419641;42.6373291
-3.5302436;42.6365700
-3.5194190;42.6373558
-3.5177214;42.6381607
-3.5445571;42.6383591
-3.5153654;42.6383591
-3.5149477;42.6384621
-3.4644260;42.6385384
-3.4843135;42.6389999
-3.5466230;42.6410027
-3.5466456;42.6410255
-3.5468228;42.6411896
-3.5468760;42.6412697
-3.5457897;42.6412964
-3.5465546;42.6414261
-3.5459263;42.6414413
-3.5464489;42.6414642
-3.5475540;42.6415215
-3.5462217;42.6415482
-3.5455749;42.6416130
-3.5455940;42.6416397
-3.5456576;42.6417770
-3.5456724;42.6421165
-3.5472119;42.6423454
-3.4828987;42.6434479
-3.4841948;42.6469574
-3.4678161;42.6498756
-3.4855332;42.6533813
-3.4726877;42.6539154
-3.4741657;42.6554527
-3.4777045;42.6561394
-3.4822323;42.6574707
-3.4814196;42.6574860
-3.4827225;42.6576843
-3.4837155;42.6588135
-3.5921490;42.6592407
-3.4841087;42.6592598
-3.4878912;42.6607056
-3.4879048;42.6607819
-3.4879529;42.6616287
-3.4880893;42.6616554
-3.5797009;42.6618309
-3.5042567;42.6619186
-3.5028906;42.6616440
-3.5033536;42.6630096
-3.6194012;42.6577835
-3.6170070;42.6630554
-3.5732899;42.6630745
-3.5022914;42.6630859
-3.5013371;42.6612473
-3.5005207;42.6632462
-3.5718529;42.6633530
-3.5034647;42.6633759
-3.5716960;42.6633873
-3.4997380;42.6635323
-3.4983199;42.6631966
-3.5003505;42.6635551
-3.4996407;42.6621971
-3.5009265;42.6635590
-3.5032432;42.6639366
-3.5024452;42.6635742
-3.5680997;42.6640930
-3.5676119;42.6641960
-3.4953899;42.6643715
-3.5029254;42.6644211
-3.5019026;42.6648407
-3.5641124;42.6648903
-3.5639563;42.6649208
-3.5022595;42.6649666
-3.5023406;42.6650009
-3.4956400;42.6650124
-3.5021408;42.6651192
-3.4957848;42.6651649
-3.5008509;42.6651840
-3.4996519;42.6653671
-3.4985247;42.6651688
-3.5022438;42.6653595
-3.5020313;42.6653900
-3.5028763;42.6654816
-3.5022604;42.6655006
-3.5012336;42.6655045
-3.4983914;42.6655388
-3.5029821;42.6655731
-3.5009232;42.6655731
-3.5009632;42.6655731
-3.5025561;42.6655731
-3.4986205;42.6656151
-3.5018287;42.6656685
-3.4987671;42.6656761
-3.5028992;42.6657143
-3.5004275;42.6657181
-3.5022922;42.6657181
-3.5015714;42.6657219
-3.5021143;42.6657257
-3.5019152;42.6657333
-3.5028527;42.6657639
-3.5006149;42.6657944
-3.5022650;42.6658173
-3.5028517;42.6658401
-3.5590377;42.6658707
-3.5024281;42.6658897
-3.5001650;42.6659126
-3.5024896;42.6659126
-3.5028489;42.6659317
-3.5028033;42.6659508
-3.5011828;42.6659508
-3.5009465;42.6659622
-3.5019224;42.6660004
-3.5008919;42.6660118
-3.5003278;42.6660309
-3.5022743;42.6660423
-3.5017066;42.6658707
-3.5017228;42.6660461
-3.5019162;42.6660576
-3.5014677;42.6660767
-3.4968417;42.6660843
-3.5014153;42.6660995
-3.5005243;42.6661224
-3.5004387;42.6661301
-3.5013447;42.6661339
-3.5023603;42.6661339
-3.5022774;42.6661377
-3.5025923;42.6661453
-3.5027783;42.6661530
-3.4998415;42.6661530
-3.4889989;42.6661606
-3.4835274;42.6651688
-3.5009336;42.6661835
-3.5023413;42.6661987
-3.4815428;42.6662140
-3.5025847;42.6662216
-3.5010567;42.6663017
-3.5021422;42.6663094
-3.5007396;42.6663437
-3.4955397;42.6662941
-3.5563757;42.6664009
-3.5008328;42.6664009
-3.5007961;42.6664085
-3.5019953;42.6664200
-3.5007322;42.6664658
-3.5015910;42.6665306
-3.5005696;42.6665382
-3.5006144;42.6665573
-3.4980702;42.6665688
-3.5027745;42.6665993
-3.5026090;42.6666260
-3.4979949;42.6666603
-3.5015128;42.6666679
-3.5013874;42.6667099
-3.5019155;42.6667099
-3.5012958;42.6667519
-3.5027795;42.6667633
-3.5026355;42.6667862
-3.5022700;42.6668129
-3.5023942;42.6668396
-3.5018048;42.6668434
-3.5535836;42.6669273
-3.5017967;42.6669579
-3.5017507;42.6670227
-3.5023043;42.6670647
-3.5028665;42.6671143
-3.5017970;42.6671181
-3.5017357;42.6671562
-3.4986908;42.6673088
-3.5031564;42.6674118
-3.4792025;42.6675758
-3.5027149;42.6677628
-3.5028865;42.6678772
-3.5004842;42.6679230
-3.5005510;42.6679230
-3.5012481;42.6679306
-3.5014431;42.6679840
-3.5014496;42.6680717
-3.5021498;42.6680908
-3.4998000;42.6681213
-3.5472198;42.6681786
-3.4997206;42.6681976
-3.5034127;42.6682091
-3.5005648;42.6682854
-3.4987123;42.6683960
-3.4954388;42.6684303
-3.5009768;42.6684456
-3.5013583;42.6684494
-3.5013306;42.6685715
-3.5016935;42.6685715
-3.5038416;42.6678963
-3.4692264;42.6685104
-3.4675534;42.6690140
-3.4988844;42.6690292
-3.5353439;42.6690826
-3.5350902;42.6690941
-3.5220644;42.6691933
-3.5099862;42.6667938
-3.5226297;42.6692886
-3.5337794;42.6693382
-3.4766815;42.6697159
-3.4779952;42.6697693
-3.4775660;42.6721458
-3.4584744;42.6724777
-3.4762599;42.6782379
-3.6143713;42.6812363
-3.6143942;42.6827011
-3.3761096;42.5894623
-3.3759389;42.5894547
-3.3808296;42.5895882
-3.3807027;42.5895576
-3.3916197;42.5898132
-3.3914552;42.5898209
-3.3685389;42.5870743
-3.3684103;42.5870285
-3.3669875;42.5853691
-3.3667626;42.5858307
-3.3668544;42.5851707
-3.3669205;42.5859222
-3.3667171;42.5859871
-3.3667994;42.5862160
-3.3668482;42.5863419
-3.3668470;42.5867043
-3.3670487;42.5867882
-3.3663516;42.5868912
-3.3672755;42.5869293
-3.3668308;42.5870209
-3.3680646;42.5870018
-3.3678234;42.5870361
-3.3679571;42.5870399
-3.3668373;42.5871086
-3.3671885;42.5871162
-3.3677452;42.5871162
-3.3663151;42.5872269
-3.3691404;42.5872269
-3.3671966;42.5872459
-3.3672614;42.5872459
-3.3677976;42.5872536
-3.3667960;42.5872536
-3.3697853;42.5872765
-3.3710346;42.5874023
-3.3675938;42.5874786
-3.3677604;42.5875664
-3.3746147;42.5893517
-3.3777404;42.5894852
-3.3804231;42.5894966
-3.3812442;42.5896263
-3.3925526;42.5900917
-3.3881366;42.5902367
-3.3943577;42.5912552
-3.6818213;42.4496651
-3.6818244;42.4497490
-3.6887581;42.4575272
-3.6884835;42.4586029
-3.6886945;42.4588509
-3.6889942;42.4576950
-3.6878290;42.4630394
-3.6878307;42.4635773
-3.6880531;42.4635963
-3.6880598;42.4630585
-3.6822410;42.4519463
-3.6822126;42.4518814
-3.6855171;42.4603729
-3.6854892;42.4603004
-3.6994610;42.4537430
-3.6993032;42.4537430
-3.6936255;42.4547653
-3.6934860;42.4547424
-3.6769960;42.4506378
-3.6770346;42.4505653
-3.6862528;42.4630547
-3.6860745;42.4633064
-3.6864109;42.4633522
-3.6864908;42.4628677
-3.6866567;42.4633827
-3.6914289;42.4444160
-3.6923330;42.4401321
-3.6920769;42.4401970
-3.6911721;42.4444504
-3.6792006;42.4460640
-3.6793110;42.4457626
-3.6810317;42.4450836
-3.6814971;42.4465370
-3.6780396;42.4486923
-3.6837001;42.4490242
-3.6840353;42.4483337
-3.6835177;42.4489899
-3.6837838;42.4491768
-3.6839497;42.4492531
-3.6842277;42.4494400
-3.6829393;42.4495354
-3.6839964;42.4496117
-3.6836388;42.4496536
-3.6841452;42.4497528
-3.6838400;42.4497566
-3.6785815;42.4497681
-3.6779270;42.4497414
-3.6830673;42.4498138
-3.6846812;42.4498596
-3.6848676;42.4494057
-3.6773942;42.4498978
-3.6829615;42.4499092
-3.6833642;42.4499588
-3.6845174;42.4500885
-3.6831527;42.4501266
-3.6826470;42.4501381
-3.6838176;42.4501457
-3.6845179;42.4501572
-3.6855433;42.4499092
-3.6828930;42.4503326
-3.6830304;42.4505005
-3.6876187;42.4505234
-3.6877620;42.4506454
-3.6818545;42.4506454
-3.6806901;42.4504623
-3.6829727;42.4506645
-3.6824064;42.4507332
-3.6818700;42.4507408
-3.6822259;42.4507408
-3.6820734;42.4507675
-3.6833827;42.4507713
-3.6819084;42.4509773
-3.6767728;42.4510536
-3.6870885;42.4510918
-3.6827104;42.4511185
-3.6848211;42.4511795
-3.6853292;42.4506226
-3.6828489;42.4512024
-3.6837633;42.4512444
-3.6831205;42.4512978
-3.6834340;42.4510574
-3.6830583;42.4513092
-3.6886485;42.4514008
-3.6820686;42.4514771
-3.6863155;42.4515610
-3.6862512;42.4516029
-3.6859031;42.4513054
-3.6827748;42.4516068
-3.6877375;42.4516182
-3.6821735;42.4517670
-3.6821907;42.4518166
-3.6857300;42.4519348
-3.6872931;42.4523926
-3.6867445;42.4527931
-3.6868229;42.4528580
-3.6870697;42.4530106
-3.6826923;42.4531097
-3.6897731;42.4536896
-3.6985719;42.4537277
-3.6900189;42.4537544
-3.7039278;42.4531670
-3.6905291;42.4538689
-3.6881537;42.4600029
-3.6883299;42.4604988
-3.6866486;42.4628525
-3.6869335;42.4631538
-3.6898370;42.4633026
-3.6894076;42.4635391
-3.6896901;42.4638329
-3.6872885;42.4649315
-3.6879082;42.4654083
-3.6882792;42.4661446
-3.6876009;42.4664612
-3.6876867;42.4671097
-3.6884222;42.4678574
-3.8323374;42.3858757
-3.6816804;42.4239006
-3.6818926;42.4260254
-3.6810830;42.4232063
-3.6821668;42.4239655
-3.6820681;42.4252014
-3.6822259;42.4232330
-3.6984177;42.3986053
-3.6983650;42.3991356
-3.6985981;42.3992348
-3.6986465;42.3986626
-3.6883974;42.4115295
-3.6885741;42.4112740
-3.6877229;42.4122047
-3.6879427;42.4121552
-3.6895721;42.4125328
-3.6889770;42.4128799
-3.6896272;42.4123993
-3.6900897;42.4129982
-3.6886072;42.4132042
-3.6899631;42.4121933
-3.6909988;42.3947983
-3.6904399;42.3950806
-3.6906934;42.3956223
-3.6917443;42.3968468
-3.6953177;42.3971786
-3.6922510;42.3974304
-3.6980531;42.3986549
-3.6989017;42.3991432
-3.7001712;42.3998718
-3.6929834;42.4007187
-3.6929340;42.4008789
-3.6928687;42.4010201
-3.7044888;42.4020615
-3.7067230;42.4029617
-3.7081299;42.4034996
-3.6978364;42.4075699
-3.6975768;42.4076958
-3.6976044;42.4100113
-3.6973536;42.4100533
-3.6975558;42.4105034
-3.6874685;42.4105034
-3.6973078;42.4105453
-3.6872993;42.4108009
-3.6872237;42.4109306
-3.6871052;42.4111404
-3.6883647;42.4112015
-3.6878462;42.4113235
-3.6866195;42.4119911
-3.6871483;42.4122429
-3.6863899;42.4123878
-3.6816986;42.4110107
-3.6862283;42.4126625
-3.6920841;42.4124146
-3.6906137;42.4130821
-3.6874428;42.4132195
-3.6867239;42.4133492
-3.6879106;42.4134331
-3.6903553;42.4134560
-3.6892734;42.4134941
-3.6888528;42.4137039
-3.6895695;42.4138031
-3.6890163;42.4138031
-3.6900702;42.4138069
-3.6887581;42.4138145
-3.6894600;42.4138641
-3.6889312;42.4139099
-3.6897068;42.4139404
-3.6889822;42.4139671
-3.6898608;42.4139786
-3.6899230;42.4140129
-3.6898093;42.4140244
-3.6890671;42.4140701
-3.6891651;42.4142456
-3.6903338;42.4142456
-3.6888993;42.4143753
-3.6892850;42.4143829
-3.6893291;42.4144249
-3.6879964;42.4144897
-3.6881824;42.4145050
-3.6890466;42.4145088
-3.6884792;42.4146156
-3.6881170;42.4146576
-3.6887724;42.4146652
-3.6883385;42.4147186
-3.6886313;42.4147415
-3.6889050;42.4147873
-3.6904805;42.4147987
-3.6884968;42.4148331
-3.6882014;42.4148712
-3.6870327;42.4140701
-3.6910226;42.4150085
-3.6889172;42.4150391
-3.6880424;42.4150620
-3.6883128;42.4150658
-3.6914055;42.4151382
-3.6882496;42.4151459
-3.6892011;42.4151993
-3.6886189;42.4152756
-3.6928072;42.4148941
-3.6925809;42.4152908
-3.6879151;42.4152985
-3.6889770;42.4154854
-3.6845667;42.4155617
-3.6873693;42.4155693
-3.6969430;42.4159203
-3.6842272;42.4161644
-3.6871624;42.4161720
-3.6903238;42.4163017
-3.6966338;42.4163322
-3.6913552;42.4163589
-3.6841083;42.4163742
-3.6844583;42.4162064
-3.6849346;42.4164619
-3.6902425;42.4166031
-3.6854165;42.4167175
-3.6859183;42.4169884
-3.6927598;42.4170380
-3.6867874;42.4174538
-3.6837556;42.4174843
-3.6843123;42.4176331
-3.6848693;42.4177818
-3.6854155;42.4179268
-3.6859882;42.4180794
-3.6834252;42.4181213
-3.6839888;42.4182777
-3.6845443;42.4184303
-3.6829226;42.4185562
-3.6852913;42.4186401
-3.6829813;42.4191246
-3.6835024;42.4192657
-3.6840274;42.4194069
-3.6845725;42.4195557
-3.6772413;42.4202576
-3.6765618;42.4192429
-3.6736059;42.4188805
-3.6818752;42.4202805
-3.6793742;42.4203453
-3.6808007;42.4202461
-3.6808414;42.4210739
-3.6808712;42.4210930
-3.6787069;42.4212532
-3.6811755;42.4212837
-3.6786883;42.4212875
-3.6823757;42.4213486
-3.6812830;42.4213524
-3.6797802;42.4213066
-3.6798668;42.4215622
-3.6957715;42.4217682
-3.6810360;42.4217987
-3.6817334;42.4218407
-3.6955152;42.4218559
-3.6823313;42.4219055
-3.6818655;42.4219208
-3.6823292;42.4219322
-3.6823249;42.4219856
-3.6807647;42.4221992
-3.6823065;42.4222145
-3.6786761;42.4222183
-3.6781647;42.4221725
-3.6780024;42.4222412
-3.6807106;42.4222794
-3.6804392;42.4221764
-3.6786652;42.4224854
-3.6812634;42.4224968
-3.6805313;42.4225578
-3.6780407;42.4225655
-3.6804302;42.4225769
-3.6800108;42.4226532
-3.6797724;42.4217072
-3.6793597;42.4227180
-3.6791544;42.4227371
-3.6786876;42.4227715
-3.6797376;42.4227715
-3.6796651;42.4227753
-3.6786451;42.4227753
-3.6799247;42.4228172
-3.6778278;42.4228554
-3.6776764;42.4228745
-3.6715777;42.4228477
-3.6717482;42.4228783
-3.6771293;42.4228859
-3.6822443;42.4229965
-3.6772804;42.4230080
-3.6777742;42.4230156
-3.6809702;42.4230537
-3.6776865;42.4230537
-3.6797371;42.4231186
-3.6784985;42.4232292
-3.6767621;42.4232330
-3.6767220;42.4232521
-3.6784892;42.4232597
-3.6795907;42.4234276
-3.6788034;42.4234390
-3.6788919;42.4234428
-3.6801629;42.4237671
-3.6784317;42.4238358
-3.6756990;42.4239426
-3.6748860;42.4245872
-3.6742535;42.4250870
-3.6775072;42.4251366
-3.6946671;42.4303246
-3.6944311;42.4303246
-3.6786969;42.4255867
-3.6820240;42.4256363
-3.6838391;42.4256592
-3.6819906;42.4265594
-3.6818466;42.4270325
-3.6818423;42.4268608
-3.6820858;42.4267998
-3.6819975;42.4272003
-3.6708763;42.4275055
-3.6704257;42.4277916
-3.6819870;42.4279060
-3.6819823;42.4280586
-3.6819928;42.4283981
-3.6819959;42.4285049
-3.6818457;42.4285660
-3.6798348;42.4287262
-3.6801572;42.4279060
-3.6678131;42.4290009
-3.4388092;42.5908241
-3.4386892;42.5907555
-3.4388936;42.5782394
-3.4387965;42.5783157
-3.4375429;42.5900383
-3.4376974;42.5901566
-3.4435585;42.5745430
-3.4435079;42.5748367
-3.4431164;42.5771446
-3.4425721;42.5773430
-3.4423223;42.5773239
-3.4403462;42.5773926
-3.4404016;42.5771446
-3.4402747;42.5774155
-3.4425027;42.5774193
-3.4400513;42.5774307
-3.4423192;42.5774460
-3.4396405;42.5775146
-3.4405692;42.5775604
-3.4402854;42.5775642
-3.4389365;42.5775795
-3.4391050;42.5773888
-3.4383883;42.5774498
-3.4399750;42.5775833
-3.4402263;42.5776405
-3.4393826;42.5777206
-3.4427626;42.5777245
-3.4420824;42.5777550
-3.4403162;42.5777626
-3.4395969;42.5777740
-3.4404373;42.5777779
-3.4405491;42.5777931
-3.4421978;42.5778160
-3.4410071;42.5778351
-3.4411800;42.5778580
-3.4401846;42.5778656
-3.4412785;42.5778694
-3.4419470;42.5779152
-3.4416652;42.5779305
-3.4404738;42.5779495
-3.4420676;42.5779533
-3.4425282;42.5780220
-3.4420171;42.5780411
-3.4409983;42.5781479
-3.4423988;42.5781898
-3.4415472;42.5782890
-3.4416609;42.5783195
-3.4404366;42.5783463
-3.4386537;42.5784302
-3.4421930;42.5784645
-3.4414353;42.5785294
-3.4426732;42.5786400
-3.4451549;42.5786247
-3.4450085;42.5786705
-3.4447286;42.5788879
-3.4376209;42.5789604
-3.4452560;42.5789719
-3.4427478;42.5790253
-3.4444575;42.5791740
-3.4451258;42.5791817
-3.4371259;42.5791893
-3.4450727;42.5794029
-3.4457641;42.5794182
-3.4454234;42.5795517
-3.4331241;42.5816536
-3.4258349;42.5860825
-3.4253283;42.5862503
-3.4303925;42.5880280
-3.4304996;42.5880623
-3.4348528;42.5879631
-3.4385724;42.5906982
-3.4402018;42.5908241
-3.4395664;42.5910568
-3.4394095;42.5907364
-3.4394050;42.5910683
-3.4397550;42.5910912
-3.4394662;42.5911293
-3.4399862;42.5911369
-3.4396720;42.5912247
-3.4399335;42.5912704
-3.4389892;42.5910797
-3.4389105;42.5913429
-3.4392328;42.5913582
-3.4391012;42.5914688
-3.4395702;42.5914955
-3.4390218;42.5915756
-3.4395213;42.5916443
-3.4389198;42.5917168
-3.4391878;42.5918388
-3.4387970;42.5920181
-3.4790299;42.6048698
-3.5063913;42.5411682
-3.5060477;42.5421867
-3.5176461;42.5195045
-3.5158179;42.5245094
-3.5157208;42.5246086
-3.5060072;42.5423126
-3.4809389;42.5582161
-3.4807124;42.5582695
-3.4885812;42.5591049
-3.4884169;42.5590820
-3.4762721;42.5592651
-3.4761574;42.5592880
-3.5126309;42.5297127
-3.5118668;42.5316849
-3.5109370;42.5327339
-3.5105999;42.5325775
-3.5114362;42.5327911
-3.5102797;42.5329018
-3.5104325;42.5329437
-3.5101829;42.5330200
-3.5101418;42.5330696
-3.5099454;42.5332985
-3.5096998;42.5335999
-3.5089779;42.5343170
-3.5088773;42.5344887
-3.5071566;42.5349884
-3.5069637;42.5347595
-3.5070651;42.5352249
-3.5085824;42.5350342
-3.5058208;42.5356216
-3.5087917;42.5357323
-3.5081844;42.5365677
-3.5080466;42.5368958
-3.5080068;42.5369911
-3.5066586;42.5396118
-3.5034301;42.5504150
-3.5033431;42.5506325
-3.5011852;42.5511017
-3.5014517;42.5513191
-3.5020266;42.5522232
-3.5026290;42.5523338
-3.5021346;42.5523949
-3.5023141;42.5521889
-3.5025885;42.5525551
-3.5030377;42.5525398
-3.5023506;42.5526276
-3.5025647;42.5526733
-3.5022845;42.5527000
-3.5022354;42.5528412
-3.5013144;42.5530815
-3.5012510;42.5530891
-3.5021539;42.5530930
-3.5020578;42.5533028
-3.5020347;42.5533562
-3.5022240;42.5541153
-3.5017486;42.5541496
-3.5012834;42.5538559
-3.5023167;42.5544357
-3.5016263;42.5545540
-3.5019798;42.5546036
-3.5020301;42.5548172
-3.5017669;42.5550804
-3.5016940;42.5551796
-3.5021987;42.5551872
-3.5019441;42.5552902
-3.5009766;42.5555382
-3.5005679;42.5560837
-3.5003910;42.5562859
-3.4995344;42.5572243
-3.4757633;42.5593719
-3.4970341;42.5597382
-3.4963920;42.5603867
-3.4979968;42.5686951
-3.5261297;42.7289734
-3.5259838;42.7290039
-3.5317240;42.7290459
-3.5316107;42.7290382
-3.5176489;42.7259560
-3.5196362;42.7275200
-3.5294518;42.7289352
-3.5320623;42.7285919
-3.5318127;42.7290497
-3.5331368;42.7288857
-3.5334499;42.7291679
-3.5339992;42.7292709
-3.5330501;42.7295265
-3.5337868;42.7296295
-3.5332961;42.7298126
-3.5329914;42.7298508
-3.5315783;42.7296028
-3.5312803;42.7301826
-3.5301113;42.7306290
-3.5299654;42.7307129
-3.5304115;42.7309647
-3.5317252;42.7305183
-3.5335793;42.7384567
-3.5334184;42.7392311
-3.5366426;42.7461014
-3.5369985;42.7472916
-3.5391614;42.7482224
-3.5410759;42.7493019
-3.5415213;42.7497787
-3.5416572;42.7503777
-3.5416176;42.7507286
-3.5413635;42.7511787
-3.5419276;42.7511864
-3.5418627;42.7511902
-3.5413816;42.7514534
-3.5421476;42.7515373
-3.5427048;42.7515297
-3.5414238;42.7517548
-3.5406785;42.7518539
-3.5406945;42.7519073
-3.5419455;42.7524300
-3.5027218;42.7528000
-3.5424602;42.7540588
-3.5041983;42.7549324
-3.5074620;42.7544899
-3.5072145;42.7549858
-3.5072796;42.7550468
-3.5069678;42.7550812
-3.5076423;42.7550888
-3.5075858;42.7551346
-3.5062385;42.7550926
-3.5076816;42.7551727
-3.5071423;42.7551842
-3.5068998;42.7552071
-3.5060647;42.7552605
-3.5045652;42.7552643
-3.5421467;42.7559166
-3.5060487;42.7560692
-3.5419366;42.7563133
-3.5422151;42.7636948
-3.5206923;42.7639503
-3.4947929;42.7661514
-3.4759884;42.6904678
-3.4759781;42.6905518
-3.4741151;42.6872940
-3.4741271;42.6872444
-3.4762251;42.6783867
-3.4744158;42.6860161
-3.4743311;42.6863518
-3.4739351;42.6880341
-3.4737399;42.6888313
-3.4736054;42.6893730
-3.4735241;42.6896973
-3.4741681;42.6898994
-3.4747212;42.6900597
-3.4760098;42.6903000
-3.4739633;42.6904831
-3.4733210;42.6905022
-3.4729719;42.6904755
-3.4733510;42.6907234
-3.4726515;42.6904449
-3.4735179;42.6910248
-3.4736967;42.6910362
-3.4747708;42.6911964
-3.4757521;42.6913986
-3.4751718;42.6914940
-3.4741156;42.6917038
-3.4755988;42.6917152
-3.4741654;42.6918411
-3.4743438;42.6918907
-3.4765377;42.6919060
-3.4727728;42.6919518
-3.4731483;42.6921883
-3.4724445;42.6922264
-3.4736249;42.6922989
-3.4738648;42.6923714
-3.4740231;42.6924210
-3.4729042;42.6924362
-3.4720981;42.6924438
-3.4736567;42.6924934
-3.4742889;42.6925735
-3.4727671;42.6925774
-3.4736512;42.6925926
-3.4716704;42.6926460
-3.4741387;42.6926460
-3.4747455;42.6924782
-3.4744542;42.6926689
-3.4741542;42.6927338
-3.4737756;42.6927452
-3.4746189;42.6927757
-3.4737301;42.6928406
-3.4753060;42.6925659
-3.4751654;42.6928825
-3.4761984;42.6929245
-3.4758039;42.6929321
-3.4757800;42.6927223
-3.4723465;42.6930046
-3.4742043;42.6931686
-3.4743955;42.6932526
-3.4720609;42.6932831
-3.4716079;42.6932678
-3.4717681;42.6935349
-3.4752290;42.6937294
-3.4711740;42.6939125
-3.4708219;42.6936302
-3.4700947;42.6945572
-3.4696457;42.6948242
-3.4737096;42.6953392
-3.4736810;42.6953621
-3.4725287;42.6984215
-3.4754488;42.7001534
-3.4772196;42.7015343
-3.4836786;42.7056122
-3.4858382;42.7075424
-3.4131410;42.5590286
-3.4133191;42.5590057
-3.3951612;42.5501633
-3.3953016;42.5501137
-3.4018090;42.5523224
-3.4019623;42.5523224
-3.3963487;42.5503960
-3.3950839;42.5504227
-3.3866358;42.5510406
-3.3867230;42.5508423
-3.3875170;42.5519714
-3.3872173;42.5522575
-3.3871558;42.5522957
-3.3870914;42.5523376
-3.3880954;42.5524483
-3.3874209;42.5525551
-3.3870592;42.5525589
-3.3884547;42.5527306
-3.3867600;42.5531044
-3.8720865;42.7682724
-3.3869078;42.5539284
-3.4012997;42.5541687
-3.4008205;42.5545731
-3.3836651;42.5556526
-3.3827958;42.5558853
-3.3822777;42.5560875
-3.3986337;42.5570755
-3.3992469;42.5571671
-3.4076722;42.5571480
-3.4065373;42.5574112
-3.4078670;42.5571442
-3.4078505;42.5575066
-3.4082983;42.5576057
-3.4072740;42.5581474
-3.3767638;42.5583153
-3.3763971;42.5583801
-3.4026120;42.5585098
-3.4025295;42.5585747
-3.3817503;42.5586433
-3.4217997;42.5587120
-3.4147289;42.5585327
-3.4130156;42.5590477
-3.4086943;42.5594749
-3.3677437;42.5595894
-3.3646669;42.5600662
-3.3832490;42.5610123
-3.3839183;42.5614128
-3.3960273;42.5634384
-3.3866162;42.5637169
-3.3892877;42.5638313
-3.3938079;42.5642929
-3.8713996;42.7683907
-3.8739891;42.7684135
-3.8735704;42.7681046
-3.8716178;42.7685013
-3.8732975;42.7662315
-3.8730254;42.7663383
-3.9315424;42.7685661
-3.9262755;42.7681236
-3.8768554;42.6876183
-3.8767943;42.6875038
-3.8765228;42.6876831
-3.8765185;42.6875839
-3.8771334;42.6876984
-3.8772256;42.6876183
-3.8770678;42.6877251
-3.8765123;42.6877518
-3.8774168;42.6878586
-3.8775263;42.6877556
-3.8764954;42.6878624
-3.8761120;42.6878662
-3.8765848;42.6878738
-3.8775048;42.6879082
-3.8769019;42.6879120
-3.8776233;42.6879158
-3.8763793;42.6879539
-3.8774409;42.6879921
-3.8761666;42.6880074
-3.8761673;42.6879387
-3.8765659;42.6880074
-3.8773291;42.6880722
-3.8769734;42.6880798
-3.8762944;42.6880989
-3.8762224;42.6881180
-3.8760815;42.6881409
-3.8777590;42.6881866
-3.8898757;42.6881943
-3.8897049;42.6881828
-3.8779428;42.6882133
-3.8904231;42.6881828
-3.8892360;42.6882248
-3.8892355;42.6881943
-3.8894427;42.6882362
-3.8901043;42.6882401
-3.8776798;42.6882553
-3.8712375;42.7685280
-3.8898501;42.6882706
-3.8896837;42.6882591
-3.8903215;42.6882935
-3.8891039;42.6882973
-3.8772111;42.6883240
-3.8769853;42.6883469
-3.8774421;42.6883469
-3.8898244;42.6883507
-3.8908179;42.6884003
-3.8893414;42.6884041
-3.8769052;42.6884117
-3.8774533;42.6884384
-3.8768601;42.6884460
-3.8772397;42.6884689
-3.8765731;42.6886024
-3.8664410;42.6885796
-3.8901594;42.6887627
-3.8907936;42.6885376
-3.8899088;42.6887665
-3.8898389;42.6887779
-3.8900535;42.6888657
-3.8893325;42.6888733
-3.8892844;42.6887589
-3.8892236;42.6888351
-3.8894196;42.6888885
-3.8899665;42.6889267
-3.8892899;42.6890869
-3.9094245;42.7111244
-3.9092703;42.7110023
-3.9098635;42.7112236
-3.9093783;42.7114716
-3.9096344;42.7113037
-3.9094217;42.7116547
-3.9098547;42.7113876
-3.9083869;42.7115898
-3.9089394;42.7119102
-3.9091842;42.7119560
-3.9093723;42.7119675
-3.9099064;42.7120819
-3.9102530;42.7120857
-3.9104455;42.7119141
-3.9102299;42.7121048
-3.9095488;42.7121353
-3.9098883;42.7121429
-3.9096141;42.7121582
-3.9098573;42.7122078
-3.9100244;42.7122574
-3.9105072;42.7122574
-3.9091632;42.7121429
-3.9097767;42.7122879
-3.9099464;42.7123222
-3.9106588;42.7124481
-3.9115756;42.7124901
-3.9111526;42.7123375
-3.9104168;42.7125282
-3.9114947;42.7125816
-3.9117839;42.7126122
-3.9117110;42.7126923
-3.9110107;42.7127266
-3.9119039;42.7127686
-3.9120474;42.7127876
-3.9120836;42.7127914
-3.9117641;42.7129517
-3.9122589;42.7130165
-3.9118896;42.7130013
-3.9121237;42.7130623
-3.9130604;42.7140503
-3.9135065;42.7144012
-3.9142027;42.7267036
-3.9141841;42.7267151
-3.9349508;42.7280579
-3.9347072;42.7280655
-3.9345648;42.7280655
-3.9273906;42.7288971
-3.9127553;42.7289696
-3.9111781;42.7371788
-3.9104393;42.7373543
-3.9096940;42.7409477
-3.9043605;42.7409897
-3.9106894;42.7409897
-3.9108720;42.7409477
-3.9106247;42.7409935
-3.9106317;42.7408524
-3.9103777;42.7410812
-3.9103367;42.7408485
-3.9104016;42.7411804
-3.9104223;42.7413330
-3.9104230;42.7413559
-3.9099076;42.7413597
-3.9097419;42.7413673
-3.9106541;42.7414169
-3.9109712;42.7411804
-3.9114826;42.7414551
-3.9109788;42.7414551
-3.9110160;42.7413025
-3.9106760;42.7414551
-3.9104266;42.7415085
-3.9093668;42.7415390
-3.9104278;42.7415924
-3.9093537;42.7415962
-3.9096513;42.7416000
-3.9101655;42.7416115
-3.9098637;42.7416191
-3.9102128;42.7416573
-3.9095492;42.7416725
-3.9089391;42.7416878
-3.9098608;42.7417107
-3.9092951;42.7418709
-3.9095464;42.7417984
-3.9104261;42.7418747
-3.9096313;42.7418785
-3.9085560;42.7419052
-3.9085975;42.7417412
-3.9083817;42.7418976
-3.9088867;42.7419090
-3.9088855;42.7418404
-3.9092834;42.7419357
-3.9100025;42.7419930
-3.9113824;42.7420006
-3.9036357;42.7420235
-3.9090321;42.7420425
-3.9098158;42.7420578
-3.9094694;42.7421150
-3.9094355;42.7421341
-3.9101210;42.7421722
-3.9095967;42.7422295
-3.9113688;42.7424126
-3.8982620;42.7417908
-3.8952322;42.7424202
-3.9089673;42.7424355
-3.9094651;42.7424355
-3.9095302;42.7424660
-3.9085276;42.7424850
-3.9084198;42.7424927
-3.9082234;42.7424927
-3.9075251;42.7423325
-3.9082620;42.7424965
-3.9090936;42.7425385
-3.9084501;42.7426262
-3.9080653;42.7426453
-3.9083238;42.7426567
-3.8945560;42.7426605
-3.9083393;42.7426949
-3.9085333;42.7427597
-3.9082589;42.7428932
-3.9080737;42.7430115
-3.9079955;42.7429504
-3.9079318;42.7431183
-3.9078224;42.7431450
-3.9077232;42.7430725
-3.9080055;42.7431831
-3.8926685;42.7431831
-3.8924327;42.7432747
-3.9075437;42.7434196
-3.9025140;42.7442398
-3.8986220;42.7446976
-3.8987885;42.7447739
-3.8888080;42.7447853
-3.8882520;42.7448845
-3.8862629;42.7457466
-3.9017761;42.7459526
-3.8836234;42.7468529
-3.8832629;42.7469559
-3.8831110;42.7470016
-3.8825893;42.7471848
-3.8662407;42.7476234
-3.8662741;42.7475433
-3.8664210;42.7476387
-3.8667307;42.7474098
-3.8667293;42.7476654
-3.8662238;42.7476692
-3.8659153;42.7476921
-3.8662033;42.7477226
-3.8659430;42.7477951
-3.8661692;42.7478104
-3.8816776;42.7478294
-3.8663669;42.7478638
-3.8664045;42.7478218
-3.8661420;42.7478790
-3.8661203;42.7479362
-3.8659182;42.7478561
-3.8663046;42.7479362
-3.8661120;42.7480278
-3.8665583;42.7480431
-3.8661015;42.7481613
-3.8658352;42.7481766
-3.8664277;42.7481880
-3.8658800;42.7482147
-3.8665652;42.7482376
-3.8656309;42.7483101
-3.9006591;42.7483444
-3.8662751;42.7483597
-3.8657815;42.7483635
-3.8666439;42.7483711
-3.8667328;42.7484131
-3.8662124;42.7484322
-3.8661656;42.7485123
-3.8659635;42.7484245
-3.8661005;42.7486267
-3.9005029;42.7486839
-3.8803842;42.7488213
-3.9004171;42.7488785
-3.8802357;42.7489395
-3.8664370;42.7489510
-3.8658650;42.7490616
-3.8800611;42.7490768
-3.8684175;42.7492447
-3.8684113;42.7495995
-3.8688264;42.7503510
-3.8774018;42.7516327
-3.8960564;42.7516441
-3.8955240;42.7521172
-3.8685956;42.7524490
-3.8689084;42.7525406
-3.8717093;42.7533417
-3.8757234;42.7533760
-3.8938770;42.7541275
-3.8744655;42.7551956
-3.8741910;42.7552910
-3.8742318;42.7553253
-3.8744502;42.7555962
-3.8744850;42.7559776
-3.8921728;42.7562828
-3.8920896;42.7563744
-3.8952701;42.7578316
-3.8957987;42.7580910
-3.8734286;42.7610817
-3.8996246;42.7626648
-3.9120340;42.7636375
-3.8738174;42.7640839
-3.8244126;42.7644768
-3.8232627;42.7626686
-3.8765752;42.7652016
-3.9173937;42.7653542
-3.8747697;42.7657051
-3.8746073;42.7657623
-3.9192240;42.7659264
-3.8725243;42.7671242
-3.8727348;42.7671623
-3.8730803;42.7669868
-3.8731565;42.7673225
-3.8734128;42.7671280
-3.8729310;42.7673683
-3.8734438;42.7673187
-3.8732505;42.7673950
-3.8528366;42.7672577
-3.8724263;42.7674255
-3.8733501;42.7675400
-3.8727314;42.7676010
-3.8726528;42.7676392
-3.8727756;42.7679062
-3.8722696;42.7680092
-3.8724687;42.7679825
-3.8712316;42.7680969
-3.8711224;42.7679787
-3.8711717;42.7681389
-3.8731794;42.7686234
-3.8739493;42.7686081
-3.8728950;42.7686310
-3.8729789;42.7684860
-3.8734112;42.7685089
-3.8733120;42.7686615
-3.8727362;42.7686653
-3.8735983;42.7686653
-3.8672285;42.7686691
-3.8726604;42.7686806
-3.8734186;42.7687416
-3.8709021;42.7687759
-3.8704174;42.7684975
-3.8689787;42.7687912
-3.8729589;42.7687988
-3.8727396;42.7688179
-3.8707595;42.7688522
-3.8699126;42.7688560
-3.8702552;42.7688828
-3.8705616;42.7689056
-3.8715680;42.7689400
-3.8717341;42.7689400
-3.8736043;42.7689781
-3.8739018;42.7689285
-3.8735728;42.7689972
-3.8710706;42.7689972
-3.8729024;42.7690048
-3.8705196;42.7690697
-3.8704057;42.7690964
-3.8723617;42.7691002
-3.9906118;42.7690048
-3.9900925;42.7691154
-3.9915667;42.7690773
-3.8716555;42.7691269
-3.8702426;42.7691307
-3.8701842;42.7691460
-3.8713272;42.7691612
-3.8733327;42.7691727
-3.8735020;42.7692261
-3.8730695;42.7692337
-3.9398851;42.7692451
-3.8717742;42.7692719
-3.8709424;42.7692757
-3.8729351;42.7693062
-3.8737907;42.7693100
-3.8733323;42.7693329
-3.8699095;42.7693748
-3.8716633;42.7694321
-3.8730075;42.7694931
-3.8733041;42.7695122
-3.9434030;42.7695351
-3.8739729;42.7695503
-3.8741066;42.7695198
-3.8707125;42.7696114
-3.9439719;42.7696190
-3.8730552;42.7696266
-3.8740096;42.7696304
-3.8730669;42.7696609
-3.8740497;42.7697182
-3.8727734;42.7697296
-3.8726633;42.7695885
-3.8734560;42.7697601
-3.8735423;42.7697754
-3.8735595;42.7697182
-3.8737993;42.7697868
-3.9445674;42.7699013
-3.8723466;42.7699127
-3.8732932;42.7699127
-3.8720312;42.7699203
-3.8742330;42.7699394
-3.8734336;42.7699394
-3.8733346;42.7699471
-3.8733704;42.7699776
-3.8724864;42.7699928
-3.8741090;42.7700043
-3.8740504;42.7699394
-3.8730242;42.7700310
-3.8720753;42.7700386
-3.8725789;42.7700539
-3.8739781;42.7700577
-3.8738580;42.7699699
-3.8722672;42.7699928
-3.8743610;42.7700768
-3.8744619;42.7699814
-3.8720567;42.7701530
-3.8730631;42.7701797
-3.8729286;42.7701836
-3.8731503;42.7701988
-3.8736873;42.7702065
-3.8745294;42.7702065
-3.8721721;42.7702789
-3.8737307;42.7703438
-3.8733191;42.7704010
-3.8737798;42.7704506
-3.8717978;42.7704506
-4.0387959;42.3991966
-4.0386410;42.3992157
-4.0380411;42.3992767
-4.0445485;42.3984756
-4.0231442;42.3962517
-4.0242424;42.3960381
-3.9829099;42.3876495
-3.9825289;42.3887596
-4.0384965;42.4013023
-4.0382714;42.4012947
-4.0382719;42.4014931
-4.0384908;42.4015007
-4.0333028;42.3881836
-3.9736383;42.3882370
-3.9822614;42.3890724
-3.9819021;42.3891106
-3.9825845;42.3891258
-3.9821875;42.3891678
-3.9825945;42.3892517
-3.9822025;42.3892670
-3.9828985;42.3893051
-3.9825144;42.3893509
-4.0332031;42.3894081
-4.0331798;42.3897133
-3.9822478;42.3898544
-3.9748712;42.3898582
-3.9882255;42.3904152
-4.0347281;42.3912125
-3.9940321;42.3920479
-4.0377345;42.3919182
-4.0377297;42.3925934
-4.0335708;42.3928299
-4.0334959;42.3928757
-4.0317769;42.3929253
-4.0304546;42.3927612
-4.0370169;42.3931885
-4.0325985;42.3932571
-4.0338950;42.3934059
-4.0342469;42.3933449
-4.0374608;42.3934212
-3.9829445;42.3936462
-3.9838271;42.3935127
-4.0332432;42.3937836
-4.0373521;42.3937836
-3.9829907;42.3938332
-4.0372968;42.3938713
-3.9828718;42.3938751
-3.9830487;42.3939590
-3.9826045;42.3939819
-4.0342221;42.3939896
-3.9843810;42.3940659
-3.9842315;42.3936157
-3.9845550;42.3940735
-3.9830365;42.3942795
-3.9822061;42.3943253
-3.9819813;42.3942757
-4.0359020;42.3943329
-4.0351486;42.3943520
-3.9819236;42.3943710
-4.0314159;42.3944206
-3.9818487;42.3944435
-4.0313878;42.3944473
-4.0367780;42.3944550
-3.9820828;42.3944740
-3.9830909;42.3944817
-3.9809909;42.3945045
-4.0352464;42.3945045
-4.0345306;42.3945351
-3.9829013;42.3945541
-3.9835820;42.3944092
-3.9834538;42.3945656
-3.9820077;42.3945770
-3.9836297;42.3946152
-4.0312767;42.3946152
-4.0366931;42.3946609
-4.0357780;42.3946724
-4.0360627;42.3946991
-4.0342150;42.3947067
-4.0146523;42.3946533
-4.0157743;42.3947067
-3.9840097;42.3947144
-4.0318923;42.3947601
-3.9842284;42.3947678
-3.9827993;42.3947792
-3.9823956;42.3946724
-3.9833770;42.3948402
-3.9834979;42.3948822
-4.0308285;42.3949089
-3.9848247;42.3949127
-4.0321822;42.3949356
-3.9829466;42.3949394
-4.0321918;42.3949738
-3.9830437;42.3949738
-4.0354414;42.3949776
-4.0347180;42.3949890
-4.0343347;42.3949966
-4.0338302;42.3950500
-4.0327363;42.3945427
-4.0326247;42.3950958
-3.9833379;42.3951035
-4.0379415;42.3951073
-3.9826391;42.3951454
-4.0347729;42.3951569
-4.0345483;42.3951645
-3.9896395;42.3951874
-4.0059719;42.3952103
-3.9824545;42.3952370
-4.0360460;42.3952522
-4.0325642;42.3952560
-3.9834728;42.3952675
-4.0362802;42.3952866
-4.0348639;42.3952980
-4.0391283;42.3953590
-4.0295048;42.3953705
-3.9822381;42.3953819
-3.9832990;42.3954353
-4.0368533;42.3954353
-4.0368991;42.3954468
-3.9826190;42.3954659
-4.0360236;42.3954735
-4.0372715;42.3954811
-4.0349998;42.3955460
-4.0360117;42.3955803
-4.0361423;42.3955765
-4.0336452;42.3955803
-4.0350308;42.3956070
-4.0346293;42.3956184
-3.9922142;42.3956261
-4.0297360;42.3956451
-4.0359845;42.3956490
-4.0340319;42.3956490
-3.9828019;42.3957100
-3.9833949;42.3957176
-4.0335908;42.3957367
-3.9824057;42.3957748
-4.0322866;42.3957939
-4.0340042;42.3958244
-4.0359254;42.3958282
-3.9829271;42.3958511
-4.0370059;42.3958549
-4.0350995;42.3958855
-4.0316534;42.3959160
-4.0352974;42.3959351
-4.0346527;42.3959541
-4.0344410;42.3959579
-4.0367165;42.3959999
-4.0287871;42.3960190
-4.0354462;42.3960342
-4.0287371;42.3960915
-4.0346637;42.3961639
-4.0345073;42.3961639
-4.0355697;42.3961830
-4.0329585;42.3961945
-4.0353289;42.3962021
-4.0356321;42.3962440
-4.0359712;42.3962669
-4.0363727;42.3962898
-4.0352669;42.3962975
-4.0285411;42.3963051
-4.0281038;42.3963127
-4.0347285;42.3963127
-4.0335603;42.3963280
-4.0338297;42.3963356
-4.0350490;42.3963394
-4.0287709;42.3963470
-4.0367885;42.3963547
-4.0368576;42.3963699
-4.0284734;42.3963890
-4.0368366;42.3964348
-4.0328612;42.3964386
-4.0321269;42.3962822
-4.0287571;42.3964577
-4.0345664;42.3964844
-4.0289273;42.3964996
-4.0346694;42.3965111
-4.0285187;42.3965111
-4.0286846;42.3965225
-4.0352297;42.3965454
-4.0334392;42.3965607
-4.0350962;42.3965683
-4.0357738;42.3965683
-4.0292134;42.3965721
-4.0353184;42.3965759
-3.9817259;42.3964500
-4.0344887;42.3966370
-4.0364189;42.3967247
-4.0367332;42.3967400
-4.0344019;42.3967552
-4.0358782;42.3968582
-4.0353842;42.3968697
-4.0355740;42.3968697
-4.0359097;42.3969345
-4.0355062;42.3970413
-4.0347457;42.3970871
-4.0349035;42.3973503
-4.0363760;42.3977928
-4.0336847;42.3979416
-4.0338979;42.3980179
-4.0339675;42.3980446
-4.0389457;42.3982315
-4.0369921;42.3986969
-4.0371614;42.3989410
-4.0363574;42.3989410
-4.0366712;42.3990593
-4.0371842;42.3990669
-4.0367990;42.3991051
-4.0368748;42.3991470
-4.0369449;42.3991585
-4.0374384;42.3991585
-4.0371890;42.3991585
-4.0374999;42.3991852
-4.0371957;42.3992386
-4.0375257;42.3992767
-4.0378165;42.3992844
-4.0376773;42.3992882
-4.0304174;42.3992958
-3.9598782;42.3811455
-4.0372033;42.3993225
-4.0375376;42.3993225
-4.0372691;42.3993607
-4.0373936;42.3993874
-4.0375690;42.3994064
-4.0376196;42.3995209
-4.0377126;42.3997345
-3.9953129;42.4002724
-4.0382071;42.4003143
-3.9601438;42.3813744
-4.0324335;42.4003563
-4.0442338;42.4005623
-4.0385013;42.4006348
-4.0382905;42.4006729
-4.0385985;42.4006920
-4.0382714;42.4006958
-4.0385628;42.4008636
-4.0383258;42.4008713
-4.0437880;42.4008942
-4.0384102;42.4012680
-4.0383911;42.4015732
-4.0382738;42.4019089
-4.0384769;42.4019127
-4.0382051;42.4020576
-4.0385408;42.4020767
-4.0382409;42.4021072
-4.0385056;42.4021111
-4.0384021;42.4026489
-4.0384717;42.4030380
-3.9978998;42.4034500
-4.0040874;42.4039650
-4.0075817;42.4064102
-4.0399718;42.4083405
-4.0407872;42.4112129
-4.0125360;42.4125099
-4.0108385;42.4132652
-4.0404539;42.4130058
-4.0408578;42.4138145
-4.0135117;42.4138680
-4.0254622;42.4135857
-4.0310745;42.4132538
-4.0345473;42.4144478
-4.0394549;42.4147453
-4.0385609;42.4142380
-4.0419416;42.4149971
-4.0404162;42.4153023
-4.0421515;42.4153404
-4.0384479;42.4159966
-4.0394921;42.4160156
-4.0410047;42.4167862
-4.0406523;42.4165840
-4.0413451;42.4170227
-4.0057697;42.4171600
-4.0057101;42.4172211
-4.0398788;42.4173508
-4.0397043;42.4172935
-4.0409403;42.4173851
-4.0405908;42.4174728
-4.0402975;42.4176941
-4.0388503;42.4178467
-4.0410419;42.4179764
-4.0407972;42.4181099
-4.0398631;42.4182014
-4.0397305;42.4183426
-4.0401187;42.4183846
-4.0395951;42.4184113
-4.0394654;42.4184608
-4.0411849;42.4185600
-4.0384483;42.4188461
-4.0384250;42.4188538
-4.0382576;42.4188004
-4.0037084;42.4191856
-4.0035105;42.4193726
-4.0361400;42.4195595
-4.0413442;42.4195824
-4.0388074;42.4202156
-4.0383959;42.4202042
-4.0324402;42.4204407
-4.0314622;42.4206009
-4.0394726;42.4206276
-4.0384045;42.4216805
-4.0000873;42.4224472
-3.9999924;42.4225273
-3.9967787;42.4253120
-4.0364475;42.4273529
-4.0277705;42.4275322
-3.9868205;42.4278755
-4.0261016;42.4310226
-4.0342493;42.4336967
-4.0340691;42.4342728
-4.0227723;42.4386101
-4.0331211;42.4390564
-4.0326672;42.4416924
-4.0217156;42.4425125
-4.0214338;42.4434929
-4.0195947;42.4461708
-4.0303435;42.4472275
-4.0302076;42.4473686
-4.0297022;42.4486542
-3.7113321;42.4062462
-3.7112880;42.4061852
-3.7103920;42.4046860
-3.7123909;42.4076881
-3.7129056;42.4081955
-3.7133009;42.4084702
-3.7152607;42.4070206
-3.7144992;42.4084854
-3.7133877;42.4085312
-3.7129791;42.4087372
-3.7139165;42.4089012
-3.7140632;42.4090347
-3.7120869;42.4091454
-3.7139499;42.4091682
-3.7117643;42.4092026
-3.7142634;42.4092140
-3.7135577;42.4092979
-3.7137914;42.4093552
-3.7133877;42.4094849
-3.7111850;42.4095421
-3.7128108;42.4095879
-3.7136221;42.4096031
-3.7149737;42.4092560
-3.7143817;42.4096489
-3.7145274;42.4097748
-3.7130902;42.4097748
-3.7130542;42.4098129
-3.7135227;42.4098206
-3.7142155;42.4098320
-3.7125220;42.4098358
-3.7146418;42.4098740
-3.7148912;42.4095535
-3.7156739;42.4099083
-3.7155633;42.4099121
-3.7123818;42.4099236
-3.7146976;42.4099236
-3.7128959;42.4099731
-3.7132719;42.4099960
-3.7136517;42.4100075
-3.7132130;42.4100266
-3.7143338;42.4100456
-3.7127492;42.4101524
-3.7119493;42.4102211
-3.7113681;42.4099007
-3.7140934;42.4102211
-3.7138433;42.4102249
-3.7131476;42.4102287
-3.7138054;42.4102592
-3.7119255;42.4104042
-3.7321784;42.4098167
-3.7124131;42.4104881
-3.7133861;42.4106064
-3.7129099;42.4106674
-3.7129996;42.4106979
-3.7131824;42.4107590
-3.7102213;42.4108391
-3.7140679;42.4108124
-3.7135916;42.4108505
-3.7129688;42.4109001
-3.7101092;42.4109039
-3.7159483;42.4110832
-3.7159786;42.4111061
-3.7138295;42.4111290
-3.7104127;42.4111519
-3.7130637;42.4112053
-3.7120998;42.4112778
-3.7121222;42.4117889
-3.7129836;42.4117508
-3.7118804;42.4120369
-3.7117088;42.4124641
-3.7117817;42.4125137
-3.7117927;42.4125938
-3.7206960;42.4224396
-3.7215624;42.4239616
-3.9259677;42.4700165
-3.9259171;42.4699402
-3.9255702;42.4695473
-3.9358423;42.4663506
-3.9359033;42.4664383
-3.9064779;42.4635506
-3.9050837;42.4633179
-3.9080646;42.4638252
-3.9360597;42.4639549
-3.9132099;42.4656944
-3.9142516;42.4658051
-3.9363844;42.4671021
-3.9364979;42.4672394
-3.9219062;42.4677238
-3.9221292;42.4678078
-3.9370341;42.4684563
-3.9308228;42.4687614
-3.9277253;42.4701653
-3.9261792;42.4703674
-3.9271634;42.4703903
-3.9277217;42.4698219
-3.9262049;42.4704094
-3.9269524;42.4704323
-3.9263606;42.4704514
-3.9260356;42.4705238
-3.9265015;42.4705238
-3.9267766;42.4705620
-3.9265363;42.4705811
-3.9266810;42.4706230
-3.9264119;42.4706345
-3.9269233;42.4706688
-3.9262447;42.4707222
-3.9262116;42.4707527
-3.9266768;42.4707603
-3.9269607;42.4707718
-3.9260623;42.4708519
-3.9254417;42.4708710
-3.9264498;42.4709473
-3.9252651;42.4709778
-3.9260142;42.4710159
-3.9255764;42.4710388
-3.9259715;42.4710426
-3.9250882;42.4710922
-3.9257870;42.4710999
-3.9253829;42.4711075
-3.9256594;42.4711418
-3.9261608;42.4711494
-3.9258296;42.4711571
-3.9249456;42.4711761
-3.9252253;42.4712143
-3.9248087;42.4712944
-3.9249699;42.4713860
-3.9245789;42.4715004
-3.9249811;42.4715195
-3.9248760;42.4715614
-3.9247513;42.4716187
-3.9243979;42.4716263
-3.9250724;42.4716377
-3.9246230;42.4717445
-3.9253278;42.4717636
-3.9244969;42.4718666
-3.9243760;42.4719810
-3.9239900;42.4720039
-3.9242187;42.4720688
-3.9241095;42.4720688
-3.9238851;42.4720955
-3.9236126;42.4719582
-3.9247191;42.4720955
-3.9246287;42.4721375
-3.9238212;42.4721756
-3.9239905;42.4722366
-3.9240413;42.4722710
-3.9237180;42.4723816
-3.9238834;42.4724884
-3.9239821;42.4725113
-3.9236071;42.4726677
-3.9244859;42.4725494
-3.9232209;42.4727631
-3.9230864;42.4727249
-3.9236007;42.4728241
-3.9233904;42.4728279
-3.9232502;42.4730682
-3.9228802;42.4735069
-3.9388387;42.4832916
-3.9388390;42.4834557
-3.9400983;42.4842644
-3.9399703;42.4842758
-3.9371836;42.4719276
-3.9360976;42.4785080
-3.9565735;42.4808388
-3.9556203;42.4814034
-3.9452355;42.4817352
-3.9389503;42.4825668
-3.9395485;42.4824829
-3.9388454;42.4828949
-3.9385247;42.4827385
-3.9381111;42.4829636
-3.9388385;42.4830399
-3.9388387;42.4831848
-3.9391928;42.4832077
-3.9383235;42.4832191
-3.9380407;42.4833145
-3.9378500;42.4833755
-3.9388392;42.4836349
-3.9418149;42.4837189
-3.9385016;42.4837685
-3.9388382;42.4838257
-3.9391794;42.4837799
-3.9386182;42.4838905
-3.9382925;42.4839706
-3.9388804;42.4840202
-3.9386399;42.4840240
-3.9380679;42.4841309
-3.9389789;42.4841919
-3.9386876;42.4842072
-3.9382591;42.4842300
-3.9410534;42.4842377
-3.9388041;42.4842567
-3.9401684;42.4842567
-3.9393661;42.4843292
-3.9379168;42.4843407
-3.9391654;42.4843483
-3.9382257;42.4843750
-3.9385602;42.4844208
-3.9392347;42.4845123
-3.9392576;42.4846077
-3.9381044;42.4846878
-3.9390082;42.4846954
-3.9389303;42.4847183
-3.9386246;42.4847717
-3.9396508;42.4847221
-3.9393091;42.4848061
-3.9390082;42.4848213
-3.9380090;42.4848862
-3.9393201;42.4849358
-3.9374537;42.4850273
-3.9388127;42.4850731
-3.9388039;42.4851341
-3.9394107;42.4851837
-3.8047588;42.7100906
-3.8045862;42.7100410
-3.8008168;42.7362404
-3.8006375;42.7360802
-3.8015559;42.7361870
-3.8014908;42.7362213
-3.7962432;42.6855278
-3.7962196;42.6855812
-3.7986119;42.6885147
-3.7987390;42.6885605
-3.8020082;42.6913643
-3.8020222;42.6914177
-3.8045597;42.6971245
-3.8045840;42.6972046
-3.8040907;42.7010841
-3.8040814;42.7011452
-3.8011436;42.7214737
-3.8011749;42.7215652
-3.8038344;42.7338066
-3.8038371;42.7340202
-3.7978508;42.7605743
-3.7977750;42.7606659
-3.7760417;42.7277145
-3.7758858;42.7277260
-3.7911398;42.7279472
-3.7910063;42.7279701
-3.7966161;42.7315483
-3.7964828;42.7315598
-3.8230534;42.7625046
-3.8229580;42.7624359
-3.8511491;42.6922951
-3.8510122;42.6923676
-3.8119094;42.7082481
-3.8117983;42.7081909
-3.8209465;42.7097664
-3.8204136;42.7097473
-3.8453324;42.7140236
-3.8453567;42.7140770
-3.8450942;42.7216415
-3.8450956;42.7217369
-3.8410521;42.7254982
-3.8409457;42.7254677
-3.8356106;42.7256050
-3.8354912;42.7255592
-3.7808681;42.6633492
-3.7813246;42.6636238
-3.7860222;42.6673431
-3.7898324;42.6713448
-3.7914803;42.6735497
-3.7922630;42.6749992
-3.7920349;42.6760902
-3.7917783;42.6769829
-3.7971039;42.6841393
-3.7961023;42.6860085
-3.8544526;42.6888733
-3.8545928;42.6888771
-3.8546627;42.6891365
-3.8541527;42.6890678
-3.8546908;42.6892052
-3.8538129;42.6893463
-3.8536046;42.6893921
-3.8529894;42.6895447
-3.8527880;42.6894722
-3.8529689;42.6896324
-3.8536303;42.6896400
-3.8527687;42.6897240
-3.8540597;42.6899261
-3.8544765;42.6899529
-3.8548646;42.6900253
-3.8554115;42.6900978
-3.8557796;42.6900444
-3.8557849;42.6901474
-3.8552151;42.6902046
-3.8567410;42.6902580
-3.8568034;42.6901779
-3.8573654;42.6902161
-3.8574688;42.6903267
-3.8558342;42.6903343
-3.8548768;42.6909447
-3.8019412;42.6910439
-3.8023379;42.6930275
-3.8028572;42.6947136
-3.8019886;42.7048302
-3.8023403;42.7054634
-3.8031993;42.7075386
-3.8030915;42.7079201
-3.8034432;42.7079430
-3.8030748;42.7080688
-3.8032024;42.7081184
-3.8035378;42.7081413
-3.8035259;42.7082481
-3.8036363;42.7082672
-3.8030031;42.7082748
-3.8029916;42.7083282
-3.8039641;42.7083435
-3.8008156;42.7084808
-3.8006980;42.7082710
-3.8028286;42.7087059
-3.8029919;42.7087250
-3.8028038;42.7087326
-3.8025959;42.7086029
-3.8004065;42.7088013
-3.8011029;42.7088089
-3.8027618;42.7088394
-3.8034234;42.7088776
-3.8036225;42.7088547
-3.8035140;42.7086449
-3.8011818;42.7089195
-3.8008308;42.7089272
-3.8029928;42.7089539
-3.8036294;42.7089577
-3.8035865;42.7090149
-3.8024988;42.7090530
-3.8030670;42.7090759
-3.8031473;42.7091064
-3.8010952;42.7091484
-3.8033171;42.7091637
-3.8034272;42.7092018
-3.8012722;42.7092514
-3.8015637;42.7092514
-3.8036063;42.7092857
-3.8020668;42.7092896
-3.8015795;42.7093925
-3.8052769;42.7093735
-3.8052168;42.7094002
-3.8036411;42.7094574
-3.8034160;42.7094727
-3.8050499;42.7094803
-3.8049593;42.7093124
-3.8046932;42.7095566
-3.8044844;42.7093277
-3.8036406;42.7095718
-3.8033211;42.7096214
-3.8017292;42.7096481
-3.8017085;42.7096863
-3.8051448;42.7097359
-3.8219688;42.7097549
-3.8043497;42.7097740
-3.8044658;42.7100067
-3.8050444;42.7099724
-3.8048284;42.7101097
-3.8052189;42.7101097
-3.8162458;42.7101440
-3.8178153;42.7101898
-3.8017833;42.7102509
-3.8053467;42.7104378
-3.8065624;42.7104492
-3.8066516;42.7104759
-3.8082387;42.7111320
-3.8080380;42.7108765
-3.8077884;42.7111626
-3.8074896;42.7110481
-3.8085577;42.7111816
-3.8087373;42.7112274
-3.8082881;42.7113457
-3.8084798;42.7113533
-3.8024082;42.7113686
-3.8086464;42.7113838
-3.8026547;42.7124176
-3.8012447;42.7155914
-3.8008561;42.7169266
-3.8012285;42.7217979
-3.8012102;42.7226639
-3.8451231;42.7230988
-3.8451757;42.7240219
-3.8001211;42.7241096
-3.8450315;42.7241821
-3.8452094;42.7242546
-3.8448832;42.7243195
-3.8451462;42.7244263
-3.8449464;42.7245979
-3.8450208;42.7245140
-3.8431935;42.7245178
-3.8430958;42.7246132
-3.8428631;42.7245331
-3.8449903;42.7246170
-3.8445051;42.7246857
-3.8448770;42.7247200
-3.8449538;42.7247353
-3.8448143;42.7248039
-3.8432860;42.7248650
-3.8443413;42.7249184
-3.8430192;42.7249489
-3.8443751;42.7249603
-3.8430591;42.7249641
-3.8445995;42.7250023
-3.8433053;42.7250252
-3.8436086;42.7250900
-3.8437669;42.7250290
-3.8431959;42.7251015
-3.8439219;42.7251549
-3.8439596;42.7251549
-3.8449588;42.7251930
-3.8437865;42.7252045
-3.8435397;42.7252579
-3.8434722;42.7252693
-3.8434539;42.7251778
-3.8433478;42.7253151
-3.8431773;42.7253456
-3.8436692;42.7254333
-3.8443913;42.7255058
-3.8445542;42.7255096
-3.8411479;42.7255020
-3.8411369;42.7255211
-3.8424213;42.7255287
-3.8423209;42.7255478
-3.8419595;42.7254715
-3.8412824;42.7255516
-3.8415549;42.7254028
-3.8450453;42.7256203
-3.8452601;42.7255898
-3.8448713;42.7254181
-3.8447537;42.7256355
-3.8447902;42.7256584
-3.8409951;42.7256927
-3.8444657;42.7257004
-3.8437743;42.7257156
-3.8440518;42.7256203
-3.8445935;42.7258186
-3.8451395;42.7258224
-3.8437643;42.7258797
-3.8439283;42.7259636
-3.8443089;42.7260094
-3.8439510;42.7260857
-3.8437650;42.7261162
-3.8439751;42.7261620
-3.8438945;42.7261734
-3.8440218;42.7262726
-3.7745597;42.7278824
-3.7985241;42.7280006
-3.7986393;42.7283783
-3.7969937;42.7315369
-3.8015392;42.7329102
-3.8037937;42.7330780
-3.8038161;42.7333336
-3.8033350;42.7333717
-3.8007216;42.7334099
-3.8003805;42.7333679
-3.8013041;42.7334366
-3.8010061;42.7334633
-3.8009844;42.7332878
-3.8038232;42.7335052
-3.8013546;42.7335510
-3.8015456;42.7335587
-3.8006487;42.7335892
-3.8016601;42.7336197
-3.8011768;42.7336540
-3.8009048;42.7337151
-3.8016503;42.7338371
-3.8019459;42.7339478
-3.8016827;42.7341080
-3.8020351;42.7341957
-3.8018456;42.7343178
-3.8017554;42.7343407
-3.8017828;42.7344208
-3.8017020;42.7345085
-3.8036530;42.7346268
-3.8021958;42.7346725
-3.8019893;42.7347565
-3.8009872;42.7347908
-3.8018999;42.7350197
-3.8016090;42.7354088
-3.8021379;42.7359352
-3.8020699;42.7359695
-3.8005562;42.7361336
-3.8022790;42.7361450
-3.8024991;42.7361031
-3.8014565;42.7360840
-3.8011048;42.7364540
-3.8016443;42.7364960
-3.8012269;42.7365227
-3.8011813;42.7365837
-3.8020117;42.7364235
-3.8018403;42.7365875
-3.8008385;42.7366982
-3.8013294;42.7367287
-3.8013873;42.7367668
-3.8016622;42.7367668
-3.8012924;42.7368240
-3.8023715;42.7368240
-3.8019998;42.7368660
-3.8009269;42.7368698
-3.8007669;42.7369347
-3.8010812;42.7369232
-3.8006873;42.7369499
-3.8012292;42.7369957
-3.8002269;42.7384911
-3.8019986;42.7519379
-3.8031166;42.7523575
-3.8032386;42.7523422
-3.8030646;42.7523651
-3.8030555;42.7522926
-3.8030560;42.7525253
-3.8028884;42.7525291
-3.8026028;42.7522049
-3.8032589;42.7525482
-3.8031659;42.7525520
-3.8033922;42.7525597
-3.8035190;42.7525597
-3.8036985;42.7525482
-3.8035386;42.7523422
-3.8029194;42.7525597
-3.8030894;42.7525711
-3.8026857;42.7526093
-3.8028390;42.7526207
-3.8027587;42.7526321
-3.8022423;42.7520943
-3.8031299;42.7526855
-3.8029051;42.7527046
-3.8031242;42.7527466
-3.8034124;42.7528038
-3.8036642;42.7527962
-3.8030200;42.7528534
-3.8028488;42.7529907
-3.8033900;42.7530403
-3.8035457;42.7530403
-3.8035874;42.7530403
-3.8037741;42.7530212
-3.8037350;42.7531509
-3.8028498;42.7531967
-3.8030651;42.7532272
-3.8038335;42.7532616
-3.8033051;42.7532616
-3.8033459;42.7533226
-3.8038244;42.7533302
-3.8035860;42.7533340
-3.8030627;42.7533379
-3.8032801;42.7533951
-3.8041363;42.7534294
-3.8039093;42.7533951
-3.8030713;42.7534523
-3.8031492;42.7534866
-3.8036001;42.7534904
-3.8038285;42.7535019
-3.8028479;42.7535744
-3.8036370;42.7536545
-3.8037965;42.7536545
-3.8038409;42.7536621
-3.8039279;42.7536659
-3.8038437;42.7537613
-3.8046367;42.7529068
-3.8040786;42.7538872
-3.8037050;42.7539597
-3.8027208;42.7540398
-3.8039572;42.7540627
-3.8030181;42.7540932
-3.8039057;42.7541313
-3.8030193;42.7548599
-3.8028877;42.7550926
-3.8021405;42.7552299
-3.8018193;42.7556725
-3.8021107;42.7556992
-3.8019896;42.7557831
-3.8015215;42.7560921
-3.7981596;42.7610359
-3.7987082;42.7608528
-3.7975118;42.7616158
-3.8100789;42.7623253
-3.7881143;42.7663918
-3.7862420;42.7670326
-3.7833297;42.7682838
-3.7814133;42.7704468
-3.7803159;42.7715721
-3.7966061;42.6030197
-3.7968223;42.6031303
-3.8282137;42.5926666
-3.8279548;42.5926666
-3.8011796;42.5986404
-3.8009257;42.5987778
-3.7997491;42.6004601
-3.7996786;42.6005859
-3.8437259;42.6242752
-3.8436525;42.6244240
-3.8481631;42.5925255
-3.8476267;42.5925255
-3.8466346;42.5925255
-3.8382952;42.5925636
-3.8032987;42.5983696
-3.8018253;42.5984077
-3.8053854;42.5991859
-3.8078020;42.5994797
-3.8072827;42.5994873
-3.8090212;42.5993729
-3.8088982;42.5996017
-3.8076043;42.5996094
-3.8082967;42.5996208
-3.8082156;42.5996552
-3.8088689;42.5996552
-3.8078749;42.5996399
-3.8080149;42.5996704
-3.8091464;42.5997086
-3.8217547;42.5997200
-3.8085325;42.5997276
-3.8001323;42.5997353
-3.8079879;42.5997734
-3.8072255;42.5996704
-3.8088028;42.5997810
-3.8081977;42.5998268
-3.8070920;42.5998421
-3.8084309;42.5998955
-3.8074484;42.5999794
-3.8086493;42.5999794
-3.8087595;42.6000404
-3.8076720;42.6000671
-3.8090146;42.6000900
-3.8093874;42.6000595
-3.8092003;42.6001434
-3.8097537;42.6001968
-3.8094599;42.6002426
-3.8086355;42.6002617
-3.8086739;42.6001740
-3.8095067;42.6002655
-3.8083603;42.6002655
-3.8080773;42.6002998
-3.8090787;42.6003113
-3.8062055;42.5999489
-3.8087966;42.6003342
-3.7997997;42.6003571
-3.8087604;42.6003952
-3.8092005;42.6004066
-3.8218524;42.6004448
-3.8092976;42.6005135
-3.8090210;42.6005211
-3.8098805;42.6005707
-3.8098059;42.6006470
-3.8097305;42.6005745
-3.8099692;42.6007271
-3.8094952;42.6007729
-3.8097343;42.6008911
-3.8090928;42.6009178
-3.8098752;42.6010361
-3.8102937;42.6010742
-3.8099322;42.6011238
-3.8103206;42.6011276
-3.8101263;42.6011620
-3.8105075;42.6012459
-3.8102226;42.6012535
-3.7985625;42.6017990
-3.7971258;42.6022339
-3.7955241;42.6023331
-3.7962542;42.6025009
-3.7958319;42.6026268
-3.7954807;42.6027298
-3.7962296;42.6028328
-3.7965684;42.6030006
-3.7944918;42.6030312
-3.8197281;42.6045914
-3.8008816;42.6052132
-3.8009040;42.6052246
-3.8147919;42.6052475
-3.7872407;42.6063080
-3.8044767;42.6070175
-3.8073828;42.6084518
-3.8075230;42.6085205
-3.8453381;42.6163559
-3.8451297;42.6160278
-3.8164601;42.6164322
-3.8471470;42.6164322
-3.8472540;42.6163177
-3.8473744;42.6165085
-3.8470817;42.6165352
-3.8456993;42.6165428
-3.8164818;42.6165657
-3.8453722;42.6165771
-3.8450229;42.6165276
-3.8472159;42.6165771
-3.8159075;42.6165886
-3.8162324;42.6163101
-3.8158517;42.6165276
-3.8455913;42.6166801
-3.8459048;42.6162453
-3.8465362;42.6167107
-3.8160470;42.6167374
-3.8467824;42.6168213
-3.8161130;42.6168518
-3.8169644;42.6169243
-3.8167973;42.6169739
-3.8160329;42.6169739
-3.8461952;42.6170044
-3.8461452;42.6169662
-3.8165908;42.6170959
-3.8169374;42.6171036
-3.8468003;42.6171341
-3.8468411;42.6172218
-3.8461130;42.6172714
-3.8171537;42.6172905
-3.8471253;42.6174240
-3.8468792;42.6174583
-3.8460102;42.6176338
-3.8468323;42.6177483
-3.8461552;42.6177826
-3.8463318;42.6175575
-3.8471053;42.6178093
-3.8459978;42.6178207
-3.8459177;42.6178741
-3.8181911;42.6180382
-3.8456798;42.6180458
-3.8451588;42.6185303
-3.8451474;42.6189728
-3.8448105;42.6189842
-3.8446527;42.6190643
-3.8448639;42.6191444
-3.8450336;42.6193047
-3.8448479;42.6193161
-3.8453045;42.6193237
-3.8441896;42.6194305
-3.8450077;42.6194725
-3.8211725;42.6195030
-3.8449779;42.6197166
-3.8218732;42.6197205
-3.8219380;42.6197433
-3.8445702;42.6197586
-3.8443570;42.6197662
-3.8442714;42.6197701
-3.8441424;42.6197777
-3.8439379;42.6197929
-3.8438399;42.6198654
-3.8436143;42.6197319
-3.8436968;42.6199760
-3.8441238;42.6199875
-3.8442380;42.6200066
-3.8435833;42.6200294
-3.8433266;42.6199989
-3.8437710;42.6201134
-3.8456440;42.6201706
-3.8434477;42.6202240
-3.8438947;42.6203499
-3.8437309;42.6203537
-3.8435571;42.6215858
-3.8289084;42.6219215
-3.8438408;42.6227875
-3.8440228;42.6234207
-3.8423176;42.6240883
-3.8426578;42.6240959
-3.8425417;42.6241837
-3.8428864;42.6243515
-3.8436203;42.6245003
-3.8435504;42.6246948
-3.8434520;42.6247559
-3.8440144;42.6248360
-4.0265622;42.5859718
-4.0175495;42.4912872
-4.0173106;42.4912415
-4.0186667;42.4914589
-4.0185475;42.4914398
-4.0127711;42.5136604
-4.0129628;42.5136452
-4.0114188;42.5129738
-4.0111642;42.5125160
-4.0091085;42.5105743
-4.0088902;42.5103569
-4.0091033;42.5103569
-3.9955006;42.4983749
-3.9973378;42.4998245
-3.9955552;42.4982414
-3.9952319;42.4981613
-3.9951806;42.4982452
-3.9950025;42.4983101
-3.9952042;42.4983444
-3.9906840;42.4932785
-3.9904776;42.4930077
-3.9907026;42.4930267
-3.9904332;42.4932365
-3.9904017;42.4934082
-3.9905767;42.4932747
-3.9753234;42.4742203
-3.9750860;42.4742622
-3.9744043;42.4726830
-3.9748442;42.4741707
-3.9749622;42.4744377
-3.9745374;42.4743538
-3.9747379;42.4743881
-3.9747105;42.4742851
-4.0142536;42.5120430
-4.0145116;42.5120544
-4.0102334;42.5178604
-4.0103583;42.5179710
-4.0074306;42.5135384
-4.0076928;42.5138512
-4.0262170;42.5860939
-4.0261145;42.5860176
-3.8790090;42.5510712
-3.8789113;42.5509377
-3.9630604;42.5928192
-3.9628701;42.5927887
-4.0163283;42.5136833
-4.0165195;42.5136452
-3.9499421;42.5515251
-3.9498260;42.5514755
-4.0389900;42.5025482
-4.0387363;42.5026588
-4.0258837;42.5082283
-4.0257282;42.5082970
-4.0175467;42.5118484
-4.0174232;42.5118980
-3.9743226;42.5383377
-3.9741859;42.5384445
-3.9434991;42.5617294
-3.9433744;42.5617599
-3.9367783;42.5634575
-3.9364552;42.5635681
-3.9105208;42.5688896
-3.9101689;42.5689507
-3.8952899;42.5756187
-3.8948421;42.5759087
-3.8934515;42.5768013
-3.8933375;42.5768700
-3.9602859;42.5444679
-3.9604161;42.5446053
-4.0193582;42.5587044
-4.0194063;42.5588531
-4.0294924;42.5842781
-4.0295963;42.5844193
-4.0315914;42.5870476
-4.0316319;42.5870972
-3.9617043;42.5459633
-3.9615946;42.5458488
-3.9700165;42.5587006
-3.9699903;42.5586510
-3.9711418;42.5603676
-3.9709890;42.5601463
-3.9688375;42.5892220
-3.9687657;42.5894356
-3.9605651;42.6076698
-3.9606650;42.6078300
-3.9579878;42.6149025
-3.9577644;42.6149826
-3.9178073;42.6166306
-3.9176667;42.6166801
-3.9232090;42.5708046
-3.9233620;42.5706635
-3.9247780;42.5850410
-3.9247749;42.5848312
-3.9246979;42.5860329
-3.9247634;42.5859146
-3.9274631;42.5967789
-3.9273272;42.5965805
-3.8968892;42.5482178
-3.8968682;42.5480690
-3.9012480;42.5680428
-3.9011323;42.5677910
-4.0031161;42.5697784
-4.0032721;42.5697289
-4.0066271;42.5752258
-4.0065150;42.5752144
-4.0318851;42.5861359
-4.0318112;42.5861397
-4.0340466;42.5865707
-4.0338631;42.5865288
-3.9883785;42.4902916
-3.9884887;42.4904175
-4.0163665;42.5149269
-4.0166497;42.5150490
-3.9719024;42.5719795
-3.9718060;42.5719986
-3.9786773;42.5300255
-3.9785585;42.5299873
-4.0417700;42.5385399
-4.0393410;42.5397758
-4.0394711;42.5397110
-4.0304127;42.5443192
-4.0306439;42.5442047
-4.0246191;42.5472717
-4.0248337;42.5471611
-3.9794910;42.5636864
-3.9797399;42.5637970
-3.9975467;42.5679207
-3.9977517;42.5678558
-3.9990294;42.5684128
-3.9990442;42.5682449
-3.9348726;42.6204529
-3.9348099;42.6202660
-4.0263023;42.5861282
-3.9744091;42.4698296
-3.9690812;42.4742050
-3.9687424;42.4742355
-3.9685335;42.4742699
-3.9634030;42.4770737
-3.9762225;42.4764900
-3.9962239;42.4779892
-3.9957969;42.4781685
-3.9796314;42.4798393
-3.9798448;42.4800377
-3.9790413;42.4800415
-3.9786768;42.4800682
-3.9786146;42.4797745
-3.9786150;42.4801750
-3.9778805;42.4800797
-3.9792252;42.4802399
-3.9791858;42.4802132
-3.9795127;42.4804573
-3.9787138;42.4805069
-3.9788010;42.4806824
-3.9775379;42.4806862
-3.9774208;42.4802475
-3.9777360;42.4806938
-3.9781482;42.4807243
-3.9800713;42.4807892
-3.9802926;42.4808159
-3.9806643;42.4808197
-3.9802418;42.4808998
-3.9793065;42.4809380
-3.9788895;42.4810867
-3.9810464;42.4811783
-3.9778171;42.4811974
-3.9799263;42.4814720
-3.9789698;42.4814758
-3.9781394;42.4815674
-3.9804482;42.4815788
-3.9782174;42.4816551
-3.9806304;42.4817467
-3.9787514;42.4817810
-3.9783406;42.4818230
-3.9790883;42.4818573
-3.9836683;42.4820251
-3.9818599;42.4820061
-3.9782083;42.4821358
-3.9813004;42.4822922
-3.9815176;42.4821472
-3.9829171;42.4845009
-3.9860075;42.4872093
-4.0200706;42.4902382
-4.0200238;42.4903374
-4.0197887;42.4908562
-4.0196915;42.4910049
-4.0198035;42.4910049
-4.0143886;42.4846611
-4.0146465;42.4912796
-4.0146494;42.4913177
-4.0201511;42.4913788
-4.0205393;42.4913826
-4.0206771;42.4913826
-4.0212173;42.4914818
-4.0193057;42.4915619
-4.0193758;42.4915733
-4.0200768;42.4915924
-4.0200028;42.4916725
-4.0203204;42.4916763
-4.0204945;42.4917450
-4.0199614;42.4917908
-4.0194921;42.4917984
-4.0199847;42.4918709
-4.0192604;42.4919930
-4.0201001;42.4921417
-4.0191064;42.4923019
-4.0207968;42.4923401
-4.0202017;42.4923439
-4.0221796;42.4917564
-4.0204120;42.4928474
-4.0147214;42.4929390
-4.0147419;42.4935303
-3.9932084;42.4964600
-3.9872065;42.4975166
-3.9870322;42.4971619
-3.9870100;42.4976807
-3.9867699;42.4978638
-3.9875138;42.4979858
-3.9879880;42.4980087
-3.9882064;42.4980164
-3.9876730;42.4980202
-3.9864821;42.4981384
-3.9865952;42.4981613
-3.9874518;42.4981613
-3.9875338;42.4981766
-3.9867775;42.4982185
-3.9869130;42.4982300
-3.9865434;42.4982376
-3.9881020;42.4982567
-3.9877255;42.4982834
-3.9868662;42.4983063
-3.9874132;42.4983101
-3.9873657;42.4983559
-3.9877279;42.4983559
-3.9875965;42.4984055
-3.9875429;42.4984474
-3.9877052;42.4984970
-3.9870868;42.4985428
-3.9881146;42.4986076
-3.9873228;42.4986267
-3.9884071;42.4986687
-3.9875786;42.4987068
-3.9867821;42.4987106
-3.9877148;42.4987869
-3.9878800;42.4988861
-3.9870477;42.4989853
-3.9876182;42.4989891
-3.9895315;42.4990196
-3.9876106;42.4990616
-3.9883864;42.4991798
-3.9875808;42.4991913
-3.9878767;42.4994202
-3.9874895;42.4995308
-3.9883249;42.4997482
-3.9973707;42.4998512
-3.9975324;42.4999809
-4.0431557;42.5007362
-4.0309625;42.5060272
-4.0052900;42.5066490
-4.0227757;42.5095711
-4.0116758;42.5102577
-4.0102010;42.5115967
-4.0105009;42.5118637
-4.0155401;42.5107269
-4.0109577;42.5122757
-4.0107241;42.5120659
-4.0139313;42.5122871
-4.0138836;42.5116692
-4.0088310;42.5127945
-4.0074954;42.5133629
-4.0125632;42.5134163
-4.0073948;42.5134773
-4.0123310;42.5135155
-4.0120535;42.5131989
-4.0134315;42.5136108
-4.0115743;42.5136566
-4.0127044;42.5136642
-4.0123096;42.5137138
-4.0117550;42.5137901
-4.0113821;42.5138321
-4.0115623;42.5139351
-4.0143776;42.5140343
-4.0128622;42.5140800
-4.0100369;42.5140991
-4.0145411;42.5141068
-4.0127001;42.5141144
-4.0099010;42.5141487
-4.0115781;42.5141907
-4.0115499;42.5142975
-4.0113459;42.5142860
-4.0101690;42.5143166
-4.0126157;42.5143471
-4.0081644;42.5143776
-4.0115366;42.5143852
-4.0102315;42.5144463
-4.0110731;42.5144653
-4.0154171;42.5145073
-4.0106897;42.5145378
-4.0086479;42.5145531
-4.0109396;42.5145683
-4.0087008;42.5146332
-4.0083981;42.5146370
-4.0072565;42.5146561
-4.0122976;42.5147133
-4.0089297;42.5147324
-4.0074272;42.5147362
-4.0099168;42.5147591
-4.0121922;42.5148430
-4.0097761;42.5148811
-4.0077214;42.5149002
-4.0093322;42.5149078
-4.0133166;42.5149498
-4.0099330;42.5149536
-4.0071125;42.5150185
-4.0103412;42.5150299
-4.0101342;42.5150528
-4.0119562;42.5150604
-4.0124698;42.5150948
-4.0102315;42.5151062
-4.0111365;42.5151138
-4.0079713;42.5151482
-4.0117292;42.5151711
-4.0110373;42.5152130
-4.0081038;42.5152130
-4.0074501;42.5152206
-4.0079384;42.5152512
-4.0117564;42.5152588
-4.0066409;42.5152702
-4.0109644;42.5153008
-4.0073447;42.5153389
-4.0102515;42.5153389
-4.0097728;42.5153503
-4.0065575;42.5153542
-4.0121412;42.5153694
-4.0088601;42.5153885
-4.0086660;42.5153847
-4.0123787;42.5153885
-4.0090175;42.5154076
-4.0062947;42.5154648
-4.0073333;42.5155106
-4.0095177;42.5155182
-4.0084376;42.5155220
-4.0136566;42.5155449
-4.0093651;42.5155602
-4.0113268;42.5155640
-4.0104403;42.5156174
-4.0062213;42.5156937
-4.0101643;42.5157433
-4.0077996;42.5157585
-4.0091190;42.5157700
-4.0116782;42.5158119
-4.0074553;42.5158310
-4.0100055;42.5158348
-4.0115209;42.5158882
-4.0098233;42.5159378
-4.0071220;42.5159645
-4.0089388;42.5159798
-4.0106821;42.5159912
-4.0096016;42.5160294
-4.0115166;42.5160408
-4.0099664;42.5160484
-4.0105133;42.5160828
-4.0105066;42.5161247
-4.0054712;42.5161362
-4.0109973;42.5161591
-4.0098548;42.5161591
-4.0086598;42.5161819
-4.0099325;42.5162010
-4.0065455;42.5162659
-4.0108280;42.5162735
-4.0084791;42.5163460
-4.0151439;42.5163651
-4.0107627;42.5163994
-4.0096593;42.5164795
-4.0083318;42.5165062
-4.0063839;42.5165749
-4.0107956;42.5165901
-4.0067530;42.5167160
-4.0106492;42.5167732
-4.0077767;42.5167961
-4.0078988;42.5168648
-4.0092773;42.5168991
-4.0091810;42.5169983
-4.0129499;42.5170326
-4.0072665;42.5170403
-4.0092711;42.5170708
-4.0075068;42.5171852
-4.0101781;42.5172691
-4.0102844;42.5173683
-4.0068140;42.5175667
-4.0099430;42.5175896
-4.0067334;42.5176086
-4.0063677;42.5177841
-4.0101595;42.5177956
-4.0035701;42.5172882
-4.0041900;42.5178833
-4.0080967;42.5178833
-4.0064106;42.5179367
-4.0081220;42.5179596
-4.0078435;42.5179596
-4.0079842;42.5180473
-4.0063629;42.5182228
-4.0109601;42.5182571
-4.0049543;42.5186043
-4.0028715;42.5186386
-4.0028076;42.5186615
-4.0054293;42.5187798
-4.0067101;42.5189171
-4.0053210;42.5189362
-4.0064712;42.5190086
-4.0257788;42.5190964
-4.0015206;42.5191231
-4.0104647;42.5191307
-4.0036159;42.5193558
-4.0019827;42.5195770
-4.0059590;42.5195923
-3.9996395;42.5197220
-4.0065269;42.5197525
-3.9994583;42.5197601
-4.0024424;42.5200310
-4.0054927;42.5201569
-3.9969354;42.5204430
-3.9965899;42.5206528
-4.0045977;42.5208511
-3.9977357;42.5214005
-4.0057788;42.5214386
-3.9986281;42.5222321
-4.0105915;42.5233803
-4.0014772;42.5240479
-3.9754562;42.5242577
-3.9754474;42.5244446
-3.9755516;42.5246391
-3.9753380;42.5247421
-3.9748178;42.5248566
-3.9758418;42.5248146
-3.9757814;42.5248833
-3.9750597;42.5249672
-3.9751465;42.5249557
-3.9756548;42.5250244
-3.9750147;42.5250778
-3.9753723;42.5252609
-3.9744689;42.5252724
-3.9742124;42.5253181
-3.9753778;42.5253754
-3.9744709;42.5254211
-3.9751995;42.5254517
-3.9753911;42.5256653
-3.9763217;42.5249290
-3.9758651;42.5256958
-3.9758446;42.5257568
-3.9761012;42.5256805
-3.9754155;42.5258102
-3.9766433;42.5258141
-3.9761090;42.5260162
-3.9757555;42.5260773
-3.9756520;42.5261116
-3.9763143;42.5262947
-4.0439711;42.5263901
-3.9914312;42.5264053
-3.9757054;42.5264702
-4.0308452;42.5860596
-3.9757261;42.5269547
-4.0112610;42.5272751
-3.9893606;42.5276070
-3.9863670;42.5283852
-3.9851964;42.5295792
-3.9850662;42.5296860
-3.9849486;42.5296211
-3.9855933;42.5299034
-3.9846966;42.5299873
-3.9846199;42.5300522
-3.9844968;42.5299721
-3.9853630;42.5300598
-3.9850214;42.5301743
-3.9866226;42.5300636
-3.9851213;42.5302353
-3.9844420;42.5302696
-3.9850521;42.5302849
-3.9847183;42.5304298
-3.9853554;42.5304642
-3.9847925;42.5304718
-3.9840612;42.5304756
-3.9835477;42.5306396
-3.9845338;42.5306511
-3.9858265;42.5306854
-3.9844463;42.5307121
-3.9846659;42.5308304
-3.9842489;42.5308533
-3.9847710;42.5309105
-3.9840837;42.5309792
-3.9849136;42.5310135
-3.9836061;42.5313110
-3.9833245;42.5315399
-3.9855428;42.5322304
-3.9859333;42.5311508
-3.9984636;42.5331421
-3.9983675;42.5332680
-3.9494045;42.5381775
-3.9970770;42.5390053
-4.0403347;42.5392799
-4.0390177;42.5399361
-3.9974306;42.5399857
-4.0378547;42.5405273
-4.0263762;42.5861588
-3.9517195;42.5411797
-3.8964534;42.5413589
-3.8962896;42.5413094
-3.8979061;42.5418091
-3.9556460;42.5430832
-3.9597030;42.5431900
-3.9597371;42.5431480
-3.9594564;42.5430870
-3.9592907;42.5432663
-3.9588540;42.5433044
-3.9591286;42.5433388
-3.9591753;42.5434227
-3.9591250;42.5434952
-3.9587030;42.5434456
-3.9592097;42.5435219
-4.0319123;42.5435562
-3.9593754;42.5435829
-3.9984078;42.5436974
-3.9596038;42.5437164
-3.9598761;42.5433655
-3.9588642;42.5437164
-3.9586322;42.5437584
-3.9598877;42.5438232
-3.9600384;42.5436440
-3.9600534;42.5439339
-3.9601123;42.5439758
-3.9598825;42.5440292
-3.9587183;42.5440636
-3.9590406;42.5440865
-3.9588103;42.5441475
-3.9603906;42.5441704
-3.9601333;42.5443039
-3.9631424;42.5443459
-3.8972969;42.5443497
-3.9602184;42.5443916
-3.9582000;42.5445366
-3.9611342;42.5454025
-3.9614375;42.5454292
-3.9611025;42.5456352
-3.9613857;42.5456657
-3.9603622;42.5460701
-3.8832633;42.5468445
-3.8830690;42.5471458
-4.0213137;42.5474930
-4.0214415;42.5473824
-4.0213070;42.5475311
-4.0219541;42.5478325
-4.0233679;42.5479164
-4.0221453;42.5479698
-4.0222888;42.5478325
-4.0211339;42.5480042
-4.0209651;42.5479851
-4.0221825;42.5480614
-4.0230260;42.5480804
-4.0217981;42.5480843
-4.0217266;42.5480042
-4.0228095;42.5481606
-4.0218463;42.5481758
-4.0222797;42.5482101
-4.0224047;42.5482178
-4.0218086;42.5482597
-4.0211816;42.5482903
-4.0214863;42.5483742
-4.0219822;42.5484390
-4.0213823;42.5485420
-4.0207925;42.5485573
-4.0208588;42.5478477
-4.0207171;42.5485916
-4.0212021;42.5486107
-4.0205865;42.5486145
-3.8820817;42.5486565
-4.0215030;42.5487022
-4.0220523;42.5487175
-4.0209737;42.5487251
-3.8969612;42.5487328
-4.0194564;42.5487595
-4.0226641;42.5487633
-4.0222611;42.5487671
-4.0208855;42.5487785
-4.0228677;42.5487862
-4.0215669;42.5489120
-4.0216832;42.5489349
-4.0212045;42.5489960
-3.9994287;42.5490570
-3.8970225;42.5490875
-4.0217528;42.5491028
-4.0214448;42.5491066
-3.8968761;42.5491333
-4.0208845;42.5491371
-4.0218034;42.5491524
-4.0162916;42.5491676
-3.8965693;42.5491829
-4.0207577;42.5492249
-4.0202971;42.5491142
-3.9994848;42.5492401
-4.0213113;42.5492783
-3.8963811;42.5493431
-3.8962538;42.5494118
-3.8962128;42.5494080
-4.0207319;42.5494270
-4.0216718;42.5494347
-3.8969352;42.5495224
-3.8970597;42.5495033
-3.8971028;42.5495834
-3.8961005;42.5496025
-3.8977900;42.5496178
-3.8960304;42.5497284
-3.8965356;42.5498123
-3.8958297;42.5498505
-4.0216703;42.5498810
-4.0000186;42.5499077
-3.8972881;42.5499382
-3.8964338;42.5500565
-3.8965936;42.5503311
-3.8812370;42.5503616
-3.8811896;42.5504036
-3.8975577;42.5504494
-3.8811610;42.5499001
-3.8804877;42.5504837
-3.8975613;42.5506058
-3.8959069;42.5507278
-3.8807549;42.5507355
-3.8805254;42.5509033
-3.8788803;42.5509071
-3.8788342;42.5508614
-3.8803954;42.5509949
-3.8805406;42.5510979
-3.8807778;42.5511055
-3.8800809;42.5511513
-3.8790653;42.5511703
-3.8799605;42.5511856
-3.8791785;42.5512161
-3.8798599;42.5512199
-3.8792691;42.5512619
-3.8797483;42.5512962
-3.8806362;42.5513039
-3.8800805;42.5513115
-3.8789961;42.5513535
-3.8803909;42.5514603
-3.9490097;42.5513191
-3.9451249;42.5515022
-3.9455302;42.5508499
-3.9447842;42.5512810
-3.8804457;42.5515175
-3.9471555;42.5515213
-3.9468291;42.5514069
-3.8807182;42.5515327
-4.0170221;42.5515633
-3.9452798;42.5515938
-3.9469495;42.5516586
-3.8794401;42.5516777
-3.9471843;42.5516548
-3.9470353;42.5517273
-3.8791337;42.5517273
-3.8786740;42.5517502
-3.8788598;42.5517845
-3.8785298;42.5518036
-3.9978158;42.5518036
-4.0005980;42.5518188
-3.8797662;42.5518188
-3.9470456;42.5518188
-3.9977832;42.5518303
-3.9472225;42.5518532
-3.9521136;42.5518608
-3.8789492;42.5519028
-3.8789692;42.5519600
-3.9518049;42.5519600
-3.8799086;42.5520134
-3.8783698;42.5520134
-3.9464085;42.5520401
-3.9974606;42.5520630
-3.9973638;42.5513382
-3.9460380;42.5520744
-3.9464574;42.5520782
-3.9470649;42.5520859
-3.9522109;42.5520935
-3.8785396;42.5521126
-3.9978013;42.5521240
-3.9472651;42.5521317
-3.8778868;42.5521431
-3.9519160;42.5521507
-3.8785193;42.5521774
-3.9973176;42.5521774
-3.9973648;42.5521965
-3.9466491;42.5522194
-3.9462101;42.5522537
-3.9977961;42.5522652
-3.8775463;42.5522957
-3.8782694;42.5522957
-3.9467633;42.5523109
-3.8783534;42.5523224
-3.8773112;42.5523300
-3.9971995;42.5523491
-3.9972434;42.5523987
-3.9463387;42.5524025
-3.9461384;42.5524025
-3.9975016;42.5524063
-4.0006647;42.5524216
-3.8773930;42.5524483
-3.9468942;42.5524559
-3.9977331;42.5525665
-3.8785732;42.5526085
-3.9977160;42.5526390
-3.9973044;42.5526886
-3.9970384;42.5527000
-3.9973302;42.5527916
-4.0006995;42.5529366
-3.9976683;42.5529480
-3.9968574;42.5530891
-3.9976134;42.5532417
-3.9986537;42.5537148
-3.9989345;42.5535927
-3.9984291;42.5537720
-3.9986324;42.5538559
-3.9507248;42.5538712
-4.0006499;42.5539169
-3.9986193;42.5540047
-3.9987795;42.5540314
-3.9986131;42.5540504
-4.0178595;42.5542908
-4.0007415;42.5547104
-3.9497390;42.5553551
-3.9680159;42.5553932
-4.0182877;42.5555534
-4.0010304;42.5560265
-3.9688821;42.5565681
-4.0271692;42.5861664
-3.9692750;42.5572014
-3.8966808;42.5573502
-3.9698780;42.5584297
-3.9705551;42.5584602
-3.9701667;42.5589180
-3.9708090;42.5587959
-3.9703109;42.5591393
-3.9706929;42.5591507
-3.9695561;42.5592651
-3.9693410;42.5592690
-3.9692998;42.5591621
-3.9698772;42.5593338
-3.9696441;42.5594025
-3.9698486;42.5594521
-3.9688356;42.5594521
-3.9686539;42.5593910
-3.9692891;42.5594864
-3.9686954;42.5595016
-3.9693577;42.5595207
-3.9692147;42.5595551
-3.9695725;42.5596352
-3.9690192;42.5597420
-3.9697297;42.5598297
-3.9711690;42.5604172
-4.0200315;42.5604172
-3.9451208;42.5612907
-3.9749320;42.5617752
-3.9750168;42.5618134
-3.9754865;42.5620117
-4.0255041;42.5861740
-4.0252900;42.5859871
-3.9798324;42.5638542
-3.9821846;42.5652618
-3.9235671;42.5657654
-3.9235494;42.5656395
-3.9237947;42.5657616
-4.0128460;42.5658798
-4.0127883;42.5659103
-3.9235005;42.5660248
-3.9234374;42.5660896
-3.9248958;42.5662117
-3.9243400;42.5662346
-3.9237366;42.5662575
-3.9234204;42.5662804
-3.9232476;42.5662918
-3.9228749;42.5663109
-3.9226890;42.5663185
-3.9222307;42.5657692
-3.9223149;42.5663376
-3.9222877;42.5663376
-3.9213295;42.5663872
-3.9232793;42.5664864
-3.9229474;42.5666046
-3.9209449;42.5668182
-3.9233387;42.5668221
-3.9007094;42.5668449
-3.9228261;42.5668526
-3.9233730;42.5670776
-4.0224910;42.5671272
-3.9715362;42.5671654
-3.9989824;42.5674667
-3.9228411;42.5675125
-3.9960024;42.5675735
-3.9961035;42.5676384
-3.9715056;42.5676804
-3.9234519;42.5676918
-3.9962127;42.5677032
-3.9234567;42.5677299
-3.9990346;42.5680542
-3.9136357;42.5682220
-3.9990242;42.5684738
-3.9015045;42.5685349
-3.9010286;42.5687027
-4.0049639;42.5691109
-3.9074306;42.5692902
-3.9072449;42.5692978
-3.9997957;42.5695496
-4.0015821;42.5699577
-3.9999876;42.5699577
-4.0003252;42.5697746
-4.0008898;42.5699654
-4.0000367;42.5699959
-3.9998894;42.5699959
-3.9998169;42.5700798
-3.9995909;42.5700874
-3.9994330;42.5699081
-4.0014348;42.5701065
-4.0002561;42.5701981
-4.0013380;42.5702171
-4.0005841;42.5702362
-3.9998140;42.5702400
-3.9995711;42.5702820
-3.9994264;42.5703354
-3.9997721;42.5703506
-4.0012031;42.5703773
-4.0010009;42.5703316
-4.0000434;42.5704231
-3.9995415;42.5704880
-4.0011072;42.5704994
-4.0003529;42.5705223
-3.9992559;42.5706139
-3.9991429;42.5706291
-4.0004306;42.5706673
-4.0009751;42.5706749
-4.0010571;42.5707207
-4.0011935;42.5707932
-4.0003128;42.5708466
-3.9989955;42.5708542
-4.0008640;42.5708618
-3.9986978;42.5709038
-4.0007076;42.5710411
-3.9995551;42.5710411
-3.9996035;42.5711136
-4.0007658;42.5711174
-3.8695092;42.5709801
-3.8668575;42.5712166
-3.8662589;42.5710068
-3.8658731;42.5712776
-3.8657720;42.5711899
-3.9999087;42.5713539
-3.9995279;42.5714645
-3.8665628;42.5711021
-3.8660927;42.5715065
-4.0002198;42.5715218
-3.8678319;42.5715332
-3.8684726;42.5714569
-3.8674245;42.5712852
-3.9997790;42.5715485
-4.0002856;42.5715561
-3.8671567;42.5715675
-3.8677850;42.5715752
-3.9725103;42.5716438
-3.9994912;42.5716705
-3.8662674;42.5716743
-3.9996781;42.5717010
-3.8662422;42.5717392
-3.8658605;42.5718307
-3.9726379;42.5718422
-3.8668957;42.5718498
-4.0000362;42.5718536
-3.8659134;42.5718575
-3.8672285;42.5718803
-3.8673689;42.5719261
-3.8667309;42.5720558
-3.9658237;42.5720749
-3.9662333;42.5719872
-3.8665712;42.5720749
-4.0016985;42.5720940
-3.8677373;42.5721016
-3.8663037;42.5721397
-4.0017843;42.5721550
-3.8683271;42.5720634
-3.8678694;42.5721550
-3.9997671;42.5721626
-3.8666806;42.5721893
-3.8676374;42.5721970
-3.8660657;42.5722084
-3.9992292;42.5722198
-3.8669531;42.5722237
-3.9662571;42.5722275
-3.8674984;42.5722389
-3.9655876;42.5722656
-3.8671606;42.5722656
-3.9663577;42.5722809
-3.9655323;42.5722809
-3.8677630;42.5722961
-3.9663863;42.5723038
-3.9658990;42.5723190
-3.8674684;42.5723495
-3.8670952;42.5723495
-3.8680677;42.5723610
-3.8669097;42.5724144
-3.8675051;42.5724220
-3.9993918;42.5724258
-3.8676975;42.5724411
-3.8662324;42.5725250
-3.9656630;42.5725288
-3.9655886;42.5725098
-3.9660940;42.5725365
-3.8664322;42.5725899
-3.8663704;42.5726051
-3.9998362;42.5725784
-3.9998128;42.5726089
-3.9986317;42.5726357
-3.9997754;42.5726585
-3.9656534;42.5726585
-3.9664493;42.5726776
-3.9991972;42.5726852
-3.9666109;42.5727081
-3.8670378;42.5727158
-3.9661524;42.5727158
-3.9662085;42.5727730
-3.9990914;42.5728111
-3.8670456;42.5728149
-3.9990661;42.5728416
-3.9992740;42.5728455
-3.9666173;42.5728455
-3.9983630;42.5728683
-3.9663310;42.5728836
-3.9672854;42.5728912
-3.9667077;42.5729218
-3.9663000;42.5729446
-3.9660621;42.5729752
-3.9665329;42.5729904
-3.9674532;42.5730247
-3.9668691;42.5730591
-3.9664295;42.5730858
-3.8670137;42.5729408
-3.9662139;42.5731277
-3.9669034;42.5731850
-3.9663498;42.5732231
-3.9663284;42.5732613
-3.9661677;42.5732384
-3.9670768;42.5733604
-4.0513167;42.5734978
-3.9661839;42.5735474
-4.0038891;42.5740509
-3.9200523;42.5748367
-4.0086350;42.5753860
-4.0256162;42.5767593
-4.0113282;42.5768127
-3.8837342;42.5773849
-3.8926358;42.5774307
-3.8919704;42.5776443
-3.9752645;42.5777206
-3.8923807;42.5777512
-3.8921590;42.5780182
-3.8921971;42.5785713
-3.8921263;42.5784950
-3.8923111;42.5787468
-3.8924217;42.5788994
-3.8925307;42.5790596
-3.8928869;42.5791206
-3.8928514;42.5789986
-3.8922834;42.5791206
-3.8938484;42.5788879
-3.8933330;42.5792007
-3.8925896;42.5792389
-3.8935273;42.5792923
-3.8924522;42.5793304
-3.8931735;42.5793343
-3.8926461;42.5793877
-3.8933325;42.5794334
-3.8930528;42.5794563
-3.8935342;42.5794830
-3.8927858;42.5795174
-3.8931627;42.5795403
-3.8928761;42.5795746
-3.8934000;42.5795937
-3.8929224;42.5796013
-3.8925531;42.5796432
-3.8930182;42.5796623
-3.8914890;42.5796547
-3.8912599;42.5796700
-3.8928361;42.5797119
-3.8935206;42.5797501
-3.8931580;42.5797539
-3.8933911;42.5798073
-3.8930409;42.5798759
-3.8932781;42.5798950
-3.8930848;42.5799789
-3.8919046;42.5799980
-3.8916671;42.5800247
-3.8924923;42.5800552
-3.8912325;42.5800972
-3.8911233;42.5801125
-3.8907747;42.5800896
-3.8940535;42.5801048
-3.8937955;42.5801392
-3.8936636;42.5801430
-3.8942726;42.5801544
-3.8931985;42.5801620
-3.8937581;42.5802116
-3.8925622;42.5802193
-3.8941612;42.5802345
-3.8907382;42.5803833
-3.8911417;42.5804710
-3.8910415;42.5805092
-4.0267949;42.5805130
-3.9741893;42.5805283
-3.8901882;42.5805321
-3.8900492;42.5806198
-3.8905485;42.5806351
-3.8900111;42.5806389
-3.8943884;42.5806389
-3.8906679;42.5807686
-3.8903491;42.5807991
-3.8907390;42.5809250
-4.0270357;42.5809402
-3.9244239;42.5809784
-3.8901145;42.5809937
-4.0270967;42.5810242
-3.8906822;42.5810242
-3.8912299;42.5813866
-4.0281310;42.5824547
-4.0210247;42.5825043
-4.0282416;42.5826340
-4.0214677;42.5829010
-3.8911994;42.5837288
-4.0243058;42.5838432
-4.0248518;42.5843163
-4.0266857;42.5848923
-4.0266609;42.5849304
-4.0245728;42.5850220
-4.0265284;42.5851250
-4.0250535;42.5852547
-4.0258737;42.5855141
-4.0257225;42.5855179
-3.8909018;42.5856857
-4.0259061;42.5857086
-4.0260315;42.5858040
-4.0249906;42.5859833
-4.0371284;42.5859871
-4.0260882;42.5859871
-4.0249672;42.5859947
-4.0289974;42.5858803
-4.0279984;42.5858994
-4.0266356;42.5862503
-3.9245501;42.5862732
-4.0261006;42.5862885
-3.9245307;42.5863037
-4.0275979;42.5863266
-4.0273504;42.5863724
-4.0269208;42.5863457
-4.0267792;42.5864105
-4.0261798;42.5864143
-3.8897154;42.5864487
-4.0277677;42.5864525
-4.0272875;42.5864639
-4.0274286;42.5864792
-4.0259609;42.5865326
-4.0271702;42.5865707
-3.9243548;42.5865707
-4.0271320;42.5866051
-3.9243009;42.5866966
-3.9230270;42.5863991
-4.0262032;42.5867081
-4.0263696;42.5868073
-3.9242764;42.5868454
-3.9246814;42.5868568
-4.0268407;42.5868835
-4.0269499;42.5869331
-4.0277643;42.5869484
-4.0263591;42.5871086
-3.9236002;42.5871162
-3.9232957;42.5870438
-3.9242368;42.5871277
-4.0265150;42.5871391
-3.9245358;42.5871506
-3.9234688;42.5871811
-3.9249148;42.5872078
-3.9247291;42.5874443
-3.9251356;42.5875206
-3.9240861;42.5875244
-3.9242852;42.5875549
-3.9246607;42.5876884
-3.9481149;42.5878448
-3.9478199;42.5876923
-3.9239490;42.5878677
-3.9482121;42.5878983
-3.9245260;42.5879364
-3.9477713;42.5879669
-3.9250164;42.5880165
-3.9250913;42.5881271
-3.9487522;42.5882378
-3.9261191;42.5882950
-3.9480371;42.5883141
-3.9483659;42.5883522
-3.9485631;42.5884094
-3.9488926;42.5884476
-3.9499249;42.5880814
-3.9491537;42.5885048
-3.9481511;42.5885849
-3.9491551;42.5886040
-3.9689691;42.5887299
-3.9237423;42.5889816
-3.8846612;42.5882721
-3.8837302;42.5892563
-3.8832304;42.5896873
-3.9684668;42.5898514
-3.8882363;42.5898781
-3.8806217;42.5900421
-3.9238393;42.5903282
-4.0343289;42.5906525
-3.8727322;42.5907211
-3.8706346;42.5908966
-3.9666355;42.5911179
-3.9666104;42.5911293
-3.8663018;42.5912666
-3.9659116;42.5915794
-3.9644856;42.5920219
-3.9643037;42.5918655
-3.8559408;42.5921555
-3.9642353;42.5921783
-3.9644561;42.5923271
-3.9640281;42.5923805
-3.9637632;42.5918655
-3.9641039;42.5924187
-3.9647579;42.5924721
-3.9638481;42.5925751
-3.9634535;42.5925560
-3.9638016;42.5926285
-3.9640222;42.5926514
-3.9651537;42.5926590
-3.9637673;42.5926743
-3.9616358;42.5926628
-3.9620032;42.5927200
-3.9646122;42.5927277
-3.9644930;42.5926819
-3.9623542;42.5926476
-3.9623129;42.5927353
-3.9625018;42.5927467
-3.9619551;42.5928192
-3.9618568;42.5927963
-3.9650383;42.5928230
-3.9633238;42.5926552
-3.9632385;42.5928535
-3.9614749;42.5928841
-3.9645345;42.5928955
-3.9641724;42.5929298
-3.9644859;42.5929832
-3.9647551;42.5929947
-3.9618530;42.5930099
-3.9635932;42.5930099
-3.9644442;42.5930901
-3.9648750;42.5931053
-3.9637027;42.5931206
-3.9613338;42.5931587
-3.9643557;42.5931664
-3.9621422;42.5931816
-3.9638276;42.5932617
-3.9642093;42.5933533
-3.9639957;42.5933647
-3.9627178;42.5934105
-3.9641559;42.5934258
-3.9642806;42.5934753
-3.9619474;42.5935898
-3.9631338;42.5936050
-3.9647617;42.5936241
-3.9632297;42.5936508
-3.9635322;42.5936623
-3.9636793;42.5936699
-3.9638152;42.5937157
-3.9639757;42.5937233
-3.9634047;42.5938148
-3.9644170;42.5938263
-3.9637229;42.5943909
-3.9635148;42.5948753
-3.9633751;42.5951920
-3.9266188;42.5953445
-3.9633012;42.5953560
-4.0382686;42.5953979
-3.9632363;42.5955048
-3.9267883;42.5956535
-3.9629171;42.5962639
-3.9280984;42.5976410
-3.9288435;42.5974388
-3.9287715;42.5976410
-3.9285407;42.5975685
-3.9287491;42.5976906
-3.9288890;42.5977135
-3.9291675;42.5976601
-3.9286964;42.5978165
-3.9288580;42.5978165
-3.9622664;42.5978394
-3.9284365;42.5978584
-3.9286668;42.5978966
-3.9289491;42.5979347
-3.9285238;42.5979424
-3.9286454;42.5979538
-3.9280992;42.5978508
-3.9280443;42.5980453
-3.9281628;42.5980644
-3.9286275;42.5980797
-3.9285994;42.5982628
-3.9281347;42.5982780
-3.9285433;42.5986252
-3.9287438;42.5986404
-3.9288480;42.5986519
-3.9284711;42.5987091
-3.9279792;42.5986176
-3.9291615;42.5987091
-3.9292316;42.5987129
-3.9283867;42.5987778
-3.9291301;42.5988007
-3.9274375;42.5988197
-3.9278831;42.5988235
-3.9288187;42.5988464
-3.9287286;42.5988503
-3.9285135;42.5988617
-3.9294641;42.5988693
-3.9289575;42.5988770
-3.9280598;42.5988960
-3.9284935;42.5989227
-3.9273598;42.5990868
-3.9292746;42.5991402
-3.9283347;42.5991478
-3.9282670;42.5991516
-3.9280438;42.5995293
-3.9614799;42.5997772
-3.9607880;42.6014404
-3.9605880;42.6044006
-4.0387006;42.6070175
-3.9617579;42.6094627
-4.0391493;42.6099892
-3.9617388;42.6102524
-3.9288585;42.6116257
-3.9288304;42.6118927
-3.9270148;42.6125946
-3.9272318;42.6118660
-3.9269087;42.6126213
-3.9269981;42.6120377
-3.9263885;42.6129112
-3.9262114;42.6128960
-3.9263186;42.6130028
-3.9266727;42.6130257
-3.9266710;42.6132545
-3.9260418;42.6132622
-3.9255543;42.6132813
-3.9261894;42.6133041
-3.9266644;42.6134605
-3.9261720;42.6135788
-3.9273899;42.6136436
-3.9265804;42.6137123
-3.9267492;42.6137543
-3.9261203;42.6137581
-3.9261267;42.6138802
-3.9264667;42.6139679
-3.9261289;42.6140518
-3.9268658;42.6142082
-3.9259202;42.6142273
-3.9270899;42.6142693
-3.9271462;42.6141891
-3.9595535;42.6141853
-3.9263437;42.6142998
-3.9266474;42.6143799
-3.9269779;42.6144180
-3.9265878;42.6144295
-3.9266922;42.6144753
-3.9264116;42.6145821
-3.9274516;42.6146431
-3.9263513;42.6147614
-3.9268458;42.6148262
-3.9260004;42.6148262
-3.9272265;42.6149216
-3.9267898;42.6151199
-3.9566700;42.6152954
-3.9519365;42.6155586
-3.9348836;42.6159134
-3.9348526;42.6157761
-3.9355149;42.6157875
-3.9354103;42.6159325
-3.9351158;42.6159630
-3.9355805;42.6159782
-3.9348004;42.6161766
-3.9349356;42.6161880
-3.9354942;42.6162071
-3.9357169;42.6160164
-3.9210238;42.6161995
-3.9208784;42.6162148
-3.9384890;42.6162987
-3.9356000;42.6163254
-3.9354725;42.6163483
-3.9346392;42.6164017
-3.9342163;42.6164436
-3.9340837;42.6164780
-3.9399536;42.6165047
-3.9227488;42.6165161
-3.9418323;42.6162949
-3.9227998;42.6165314
-3.9077699;42.6167755
-3.9076207;42.6167603
-3.9257202;42.6169739
-3.9113150;42.6170578
-3.9321210;42.6170769
-3.9117560;42.6170807
-3.9163077;42.6170921
-3.9320107;42.6171036
-3.9018173;42.6171722
-3.8954446;42.6176872
-3.9347363;42.6198540
-3.9349487;42.6206245
-3.9354684;42.6215477
-3.9370720;42.6217384
-3.9372189;42.6218414
-3.9375105;42.6220474
-3.9361317;42.6220055
-3.9358602;42.6220970
-3.9370413;42.6221199
-3.9377913;42.6219559
-3.9377151;42.6222229
-3.9371405;42.6222496
-3.9377248;42.6222992
-3.9372208;42.6223259
-3.9368336;42.6223297
-3.9378173;42.6223450
-3.9370863;42.6224022
-3.9381151;42.6224213
-3.9376962;42.6224785
-3.9372675;42.6225014
-3.9368911;42.6225471
-3.9365988;42.6226349
-3.9377062;42.6226921
-3.9380362;42.6225929
-3.9380133;42.6227493
-3.9369271;42.6228027
-3.9374950;42.6228447
-3.9376485;42.6228676
-3.9384577;42.6229019
-3.9369972;42.6229057
-3.9382472;42.6229553
-3.9373775;42.6230240
-3.9375918;42.6230927
-3.9378901;42.6231155
-3.9376476;42.6231537
-3.9377542;42.6232109
-3.9380908;42.6232300
-3.9371493;42.6233063
-3.9379568;42.6233559
-3.9378815;42.6234245
-3.9374380;42.6235275
-3.9376278;42.6235313
-3.9372709;42.6238976
-3.9370728;42.6240807
-3.9367993;42.6239471
-3.9367981;42.6241570
-3.9369826;42.6241684
-3.9369974;42.6244011
-3.9368732;42.6244125
-3.9374545;42.6245117
-3.9381301;42.6248589
-3.9327734;42.3911095
-3.9327083;42.3909264
-3.9313638;42.3876038
-3.9335704;42.3922310
-3.6395464;42.3881683
-3.6375582;42.3902931
-3.6397030;42.3924866
-3.6396799;42.3924942
-3.6350701;42.3925858
-3.6392956;42.3926468
-3.6343706;42.3929176
-3.6384676;42.3929749
-3.6383643;42.3929977
-3.6384482;42.3938522
-3.6408210;42.3940048
-3.6405084;42.3941422
-3.6400404;42.3943291
-3.6397340;42.3945122
-3.6394296;42.3946838
-3.6386826;42.3940468
-3.6388948;42.3946915
-3.6394207;42.3947868
-3.6387258;42.3948059
-3.6372576;42.3942604
-3.6301684;42.3949089
-3.6301050;42.3949394
-3.6390226;42.3949585
-3.6390829;42.3950119
-3.6385887;42.3950348
-3.6386530;42.3950577
-3.6384840;42.3951492
-3.6401682;42.3954277
-3.6392274;42.3955879
-3.6389940;42.3954544
-3.6434996;42.3955841
-3.6434331;42.3955956
-3.6397827;42.3956184
-3.6431341;42.3956604
-3.6388316;42.3957329
-3.6384101;42.3958244
-3.6394050;42.3959160
-3.6425972;42.3959923
-3.6432221;42.3959961
-3.6425166;42.3960495
-3.6398790;42.3960609
-3.6395073;42.3960915
-3.6393130;42.3960953
-3.6376798;42.3961067
-3.6423211;42.3961182
-3.6279519;42.3961220
-3.6416347;42.3961792
-3.6429031;42.3961830
-3.6419985;42.3961983
-3.6405959;42.3962021
-3.6393406;42.3962250
-3.6416337;42.3962250
-3.6410992;42.3962631
-3.6384497;42.3963432
-3.6405346;42.3963737
-3.6402364;42.3963814
-3.6403813;42.3964462
-3.6415246;42.3964615
-3.6401374;42.3964882
-3.6407127;42.3965454
-3.6402750;42.3965492
-3.6421177;42.3966179
-3.6409190;42.3966293
-3.6405721;42.3966866
-3.6407886;42.3967972
-3.6377842;42.3968048
-3.6412196;42.3969154
-3.6416223;42.3969917
-3.6424544;42.3972244
-3.6369116;42.3973274
-4.0156097;42.4673958
-4.0156713;42.4674835
-4.0172992;42.4670296
-4.0172429;42.4671593
-4.0185409;42.4671059
-4.0184813;42.4672203
-4.0143399;42.4833565
-4.0143342;42.4831123
-4.0101309;42.4643936
-4.0100698;42.4645157
-4.0201898;42.4707146
-4.0205107;42.4708595
-4.0176950;42.4495392
-4.0171151;42.4505692
-4.0274124;42.4532471
-4.0148816;42.4554901
-4.0133395;42.4587402
-4.0250030;42.4596786
-4.0120254;42.4609604
-4.0112252;42.4622688
-4.0100560;42.4645462
-4.0198178;42.4648781
-4.0181589;42.4657936
-4.0170989;42.4662781
-4.0168667;42.4663963
-4.0149279;42.4664040
-4.0148454;42.4664192
-4.0147214;42.4664688
-4.0151095;42.4664764
-4.0161448;42.4665260
-4.0169301;42.4665298
-4.0172644;42.4665604
-4.0145574;42.4665680
-4.0142236;42.4669418
-4.0171504;42.4670410
-4.0171585;42.4671135
-4.0164723;42.4671974
-4.0177169;42.4672165
-4.0165191;42.4672775
-4.0184298;42.4673195
-4.0152965;42.4673920
-4.0152035;42.4674416
-4.0148945;42.4674911
-4.0147862;42.4675179
-4.0153475;42.4675636
-4.0153990;42.4675903
-4.0182428;42.4676666
-4.0086975;42.4676933
-4.0148430;42.4677925
-4.0166817;42.4678650
-4.0159431;42.4679031
-4.0157743;42.4679146
-4.0169091;42.4679298
-4.0162649;42.4679413
-4.0174828;42.4679451
-4.0170903;42.4679527
-4.0164242;42.4679565
-4.0171170;42.4680786
-4.0167212;42.4681091
-4.0158563;42.4682159
-4.0178084;42.4682693
-4.0180106;42.4682884
-4.0171561;42.4682999
-4.0177479;42.4683189
-4.0186148;42.4683456
-4.0167742;42.4683609
-4.0187373;42.4683762
-4.0176306;42.4684219
-4.0165949;42.4685593
-4.0161591;42.4686661
-4.0164967;42.4687195
-4.0164065;42.4687500
-4.0161991;42.4687729
-4.0167813;42.4689140
-4.0171309;42.4689369
-4.0157843;42.4689713
-4.0169296;42.4691505
-4.0083375;42.4692497
-4.0161047;42.4696426
-4.0164948;42.4696846
-4.0189848;42.4697075
-4.0164790;42.4698563
-4.0157022;42.4697418
-4.0197787;42.4704628
-4.0201564;42.4706955
-4.0215750;42.4712296
-4.0217643;42.4712791
-4.0570397;42.4714737
-4.0231533;42.4715080
-4.0240326;42.4717712
-4.0256605;42.4720840
-4.0130844;42.4721069
-4.0128694;42.4720993
-4.0112262;42.4721756
-4.0262523;42.4721985
-4.0165548;42.4722023
-4.0264769;42.4722481
-4.0383196;42.4723930
-4.0331841;42.4724922
-4.0300975;42.4725456
-4.0300269;42.4725571
-4.0073066;42.4735336
-4.0022020;42.4754753
-4.0017686;42.4756584
-4.0143161;42.4828377
-3.8761518;42.4600983
-3.8757405;42.4601059
-3.7736962;42.4504280
-3.7729309;42.4517097
-3.7891824;42.4425049
-3.7891371;42.4424591
-3.7860918;42.4769287
-3.7859733;42.4770317
-3.7690065;42.4560547
-3.7689004;42.4561005
-3.7992315;42.4672966
-3.7993057;42.4673843
-3.7999873;42.4679985
-3.8000736;42.4680328
-3.8005836;42.4682198
-3.8006821;42.4682579
-3.8011377;42.4684486
-3.8012691;42.4685020
-3.8063271;42.4754791
-3.8062866;42.4753532
-3.8087349;42.4821815
-3.8087113;42.4821320
-3.8163114;42.4930801
-3.8162327;42.4930191
-3.8194337;42.4949265
-3.8193343;42.4948959
-3.8028467;42.4323997
-3.8028052;42.4324455
-3.8011894;42.4352531
-3.8011818;42.4353447
-3.8065484;42.4469604
-3.8062785;42.4467545
-3.8087368;42.4472961
-3.8086603;42.4473000
-3.8018713;42.4540482
-3.8017700;42.4539108
-3.8047638;42.4569702
-3.8045690;42.4567184
-3.8065279;42.4575119
-3.8062878;42.4574585
-3.8049591;42.4314117
-3.8028803;42.4323616
-3.7772248;42.4366531
-3.7877145;42.4420624
-3.7893872;42.4427299
-3.7955384;42.4427338
-3.7954633;42.4428024
-3.7897134;42.4431190
-3.7955933;42.4432144
-3.7951772;42.4433784
-3.7951314;42.4433937
-3.7950203;42.4434357
-3.7948236;42.4429436
-3.7947147;42.4435463
-3.7950430;42.4435959
-3.7944722;42.4436226
-3.7951937;42.4436684
-3.7943418;42.4436836
-3.7940161;42.4433670
-3.7942450;42.4437141
-3.7948658;42.4437218
-3.7905133;42.4437256
-3.7929797;42.4437180
-3.7948012;42.4437675
-3.7936194;42.4437714
-3.7945209;42.4437866
-3.7957895;42.4433632
-3.7954829;42.4438057
-3.7937474;42.4438324
-3.7949753;42.4438362
-3.7946336;42.4438629
-3.7949235;42.4438744
-3.7951219;42.4439163
-3.7937586;42.4439468
-3.7954280;42.4439545
-3.7948384;42.4439926
-3.7942948;42.4440193
-3.7949545;42.4440269
-3.7953863;42.4440384
-3.7949269;42.4440422
-3.7950873;42.4441032
-3.7947724;42.4441605
-3.7935240;42.4442101
-3.7958956;42.4442711
-3.7952552;42.4443245
-3.7953441;42.4443932
-3.7943311;42.4444809
-3.7938838;42.4444389
-3.7945764;42.4445992
-3.7946835;42.4446793
-3.7957163;42.4449883
-3.7958586;42.4451447
-3.7813909;42.4451752
-3.8032801;42.4461403
-3.8029070;42.4462280
-3.7971842;42.4465446
-3.7979422;42.4473457
-3.8132148;42.4477806
-3.8132067;42.4475174
-3.8138223;42.4478188
-3.8138850;42.4476166
-3.8130767;42.4478226
-3.8143697;42.4478760
-3.8146667;42.4478035
-3.8142750;42.4475746
-3.8140721;42.4479561
-3.8116601;42.4480247
-3.8112607;42.4480324
-3.8147156;42.4481010
-3.8144698;42.4481659
-3.8150957;42.4481697
-3.8152430;42.4481049
-3.8144801;42.4482002
-3.8126707;42.4482460
-3.8131149;42.4483261
-3.8147132;42.4483681
-3.8146672;42.4483719
-3.8152230;42.4483795
-3.8140855;42.4484711
-3.8138871;42.4484978
-3.8137727;42.4485283
-3.8133903;42.4486351
-3.8134158;42.4486542
-3.8139076;42.4486504
-3.8142314;42.4487495
-3.8136849;42.4488602
-3.8143773;42.4488945
-3.8144848;42.4488335
-3.8153205;42.4490356
-3.8144164;42.4491501
-3.8126743;42.4491577
-3.8140640;42.4492378
-3.8145423;42.4492874
-3.7743948;42.4493637
-3.8124654;42.4493790
-3.8121998;42.4493713
-3.8129756;42.4494019
-3.8130682;42.4494362
-3.8136928;42.4494667
-3.8124905;42.4495316
-3.8137722;42.4496307
-3.8127596;42.4497223
-3.8122602;42.4497337
-3.8133509;42.4498825
-3.8004177;42.4517555
-3.7725351;42.4523773
-3.8005385;42.4524612
-3.8000631;42.4545517
-3.7696192;42.4558182
-3.7693446;42.4559212
-3.7444975;42.4562149
-3.7373686;42.4553680
-3.7466977;42.4562721
-3.7463973;42.4562874
-3.8097684;42.4564133
-3.8097367;42.4564896
-3.8091333;42.4566345
-3.8091915;42.4565544
-3.8090138;42.4565620
-3.8093743;42.4567375
-3.7674451;42.4568138
-3.8088398;42.4568634
-3.8087339;42.4566727
-3.8097980;42.4569359
-3.8087490;42.4570541
-3.8089519;42.4570847
-3.8099284;42.4571304
-3.8097100;42.4572258
-3.8096161;42.4573250
-3.8082085;42.4574013
-3.8080168;42.4573097
-3.8093274;42.4574165
-3.8094254;42.4574242
-3.7595024;42.4574318
-3.7593746;42.4572945
-3.7589998;42.4574394
-3.8084300;42.4574432
-3.8095398;42.4574738
-3.7592683;42.4575233
-3.8095276;42.4575272
-3.8096786;42.4575729
-3.8080974;42.4575806
-3.8083327;42.4576187
-3.8098779;42.4575233
-3.8098507;42.4576263
-3.7595458;42.4576302
-3.7596877;42.4576797
-3.8087051;42.4577065
-3.8086994;42.4575806
-3.7598739;42.4577179
-3.7598131;42.4574509
-3.8101835;42.4577332
-3.8094287;42.4577332
-3.8095973;42.4577560
-3.7601130;42.4577599
-3.8090439;42.4577637
-3.8100171;42.4577713
-3.8099222;42.4577942
-3.7605503;42.4578171
-3.8096321;42.4578362
-3.8111892;42.4578362
-3.8093369;42.4578514
-3.7591028;42.4579239
-3.7587516;42.4577751
-3.7601681;42.4579315
-3.8099332;42.4579353
-3.7612607;42.4579811
-3.7605932;42.4580040
-3.7616675;42.4580078
-3.7594056;42.4580116
-3.7639410;42.4580193
-3.7636704;42.4580650
-3.7607586;42.4580917
-3.7608123;42.4580040
-3.8096857;42.4581032
-3.7589190;42.4581680
-3.7588210;42.4581223
-3.7591100;42.4581909
-3.7609367;42.4581985
-3.7589996;42.4582062
-3.7600660;42.4582138
-3.8100078;42.4582443
-3.7598438;42.4582748
-3.8123932;42.4582825
-3.7592182;42.4582939
-3.7588415;42.4583168
-3.7589815;42.4583359
-3.7604234;42.4583473
-3.7596028;42.4584084
-3.8127263;42.4584122
-3.7591124;42.4584160
-3.7591310;42.4584465
-3.7600212;42.4585762
-3.7589800;42.4586296
-3.8795815;42.4587631
-3.8784616;42.4588394
-3.8784378;42.4590645
-3.7988684;42.4593353
-3.8779433;42.4591484
-3.8774254;42.4593391
-3.8773909;42.4593353
-3.8783154;42.4593735
-3.8776267;42.4593849
-3.8781376;42.4593964
-3.8776135;42.4594002
-3.8778129;42.4595070
-3.8779995;42.4595375
-3.8782058;42.4595413
-3.8805254;42.4595680
-3.8781667;42.4595985
-3.8775814;42.4596901
-3.8774011;42.4597473
-3.8777971;42.4597511
-3.8775411;42.4597588
-3.8749757;42.4597778
-3.8774364;42.4599228
-3.8733690;42.4599113
-3.8709035;42.4599571
-3.8778760;42.4600601
-3.8762939;42.4601097
-3.8767049;42.4601402
-3.8767807;42.4601440
-3.8768651;42.4601517
-3.8771062;42.4601669
-3.8776805;42.4601936
-3.8776081;42.4603004
-3.8749614;42.4603081
-3.8771648;42.4603195
-3.8781137;42.4603348
-3.8790417;42.4602013
-3.8775735;42.4603539
-3.8735669;42.4603539
-3.8775411;42.4603996
-3.8775592;42.4605141
-3.8775661;42.4605598
-3.8773208;42.4605942
-3.8771951;42.4606056
-3.8769400;42.4606056
-3.8733397;42.4606094
-3.8770146;42.4606094
-3.8767142;42.4606171
-3.8747914;42.4606247
-3.8775077;42.4606361
-3.8765378;42.4607010
-3.8751020;42.4607162
-3.8724511;42.4607620
-3.8734515;42.4607964
-3.8743870;42.4607506
-3.8743198;42.4608040
-3.8740346;42.4607315
-3.8733556;42.4608078
-3.8767571;42.4608078
-3.8770242;42.4608498
-3.8770771;42.4608612
-3.8736386;42.4608879
-3.8740954;42.4608879
-3.8743048;42.4609299
-3.8743958;42.4609756
-3.8744352;42.4609909
-3.8736160;42.4610023
-3.8731849;42.4610176
-3.8316140;42.4610901
-3.8312752;42.4610901
-3.8747442;42.4611168
-3.8739774;42.4611244
-3.8389654;42.4611511
-3.8423729;42.4611664
-3.8739100;42.4611893
-3.8456450;42.4612007
-3.8741958;42.4612083
-3.8757353;42.4612274
-3.8547833;42.4612389
-3.8753710;42.4612656
-3.8589659;42.4613037
-3.8755958;42.4613190
-3.8752861;42.4613724
-3.8773141;42.4614258
-3.8747175;42.4614639
-3.8231409;42.4614754
-3.8759749;42.4614983
-3.8750253;42.4617500
-3.8830404;42.4619637
-3.7979963;42.4627380
-3.8856356;42.4628258
-3.8246157;42.4629402
-3.8962355;42.4631538
-3.9013202;42.4632034
-3.7978778;42.4632530
-3.7977457;42.4637299
-3.7979734;42.4637718
-3.7982273;42.4640350
-3.7976089;42.4642792
-3.7973337;42.4643211
-3.7968605;42.4642487
-3.7979100;42.4643936
-3.7982810;42.4645004
-3.7978132;42.4645157
-3.7974043;42.4650345
-3.7973771;42.4651566
-3.7967713;42.4652100
-3.7970707;42.4663429
-3.8010530;42.4684143
-3.8018453;42.4687691
-3.8039718;42.4691734
-3.8044722;42.4692688
-3.8053153;42.4699593
-3.8026383;42.4710121
-3.8026607;42.4710579
-3.8088756;42.4718475
-3.8146474;42.4742508
-3.8196361;42.4757385
-3.7717690;42.4748268
-3.7729640;42.4757538
-3.7731464;42.4757462
-3.8071961;42.4767914
-3.7861114;42.4769135
-3.7763534;42.4778214
-3.7769387;42.4779968
-3.7790554;42.4781876
-3.7845507;42.4782448
-3.7842824;42.4784698
-3.8077044;42.4788780
-3.7807877;42.4790192
-3.7832386;42.4792366
-3.7830195;42.4791641
-3.7834105;42.4792976
-3.7836366;42.4791870
-3.7834833;42.4793243
-3.7831674;42.4793663
-3.7824657;42.4794464
-3.7824876;42.4792175
-3.7839339;42.4794464
-3.7853718;42.4794884
-3.7856762;42.4788399
-3.7839146;42.4795227
-3.7841635;42.4795723
-3.7833340;42.4795761
-3.7832329;42.4795380
-3.7852135;42.4796143
-3.7838719;42.4797211
-3.7838621;42.4797668
-3.7850730;42.4798126
-3.7822363;42.4798203
-3.7870746;42.4798279
-3.7874773;42.4794846
-3.7852695;42.4798279
-3.7834384;42.4798355
-3.7859409;42.4798546
-3.7821805;42.4798889
-3.7859976;42.4799042
-3.7862601;42.4798965
-3.7852407;42.4799080
-3.7838318;42.4799080
-3.7849984;42.4799194
-3.7833562;42.4799690
-3.7845771;42.4800606
-3.7838097;42.4800758
-3.7832394;42.4802132
-3.7820287;42.4802170
-3.7860599;42.4802856
-3.7835519;42.4803009
-3.7837601;42.4803200
-3.7860498;42.4804115
-3.7818754;42.4804115
-3.7812252;42.4801826
-3.7837272;42.4804230
-3.7838426;42.4804420
-3.7822461;42.4804497
-3.7864237;42.4804649
-3.7834206;42.4805374
-3.7863419;42.4805450
-3.7836783;42.4805756
-3.7848403;42.4806442
-3.7868078;42.4806557
-3.7849226;42.4806824
-3.7825835;42.4807396
-3.7860117;42.4807968
-3.7829902;42.4808693
-3.7828085;42.4809723
-3.7853906;42.4809875
-3.7855461;42.4810867
-3.7827473;42.4811020
-3.7833965;42.4811172
-3.7843630;42.4811287
-3.7845991;42.4812012
-3.7842495;42.4812088
-3.7857835;42.4812393
-3.7821419;42.4812393
-3.7852490;42.4812622
-3.7821569;42.4813080
-3.7817848;42.4813156
-3.7815967;42.4812202
-3.7836535;42.4813194
-3.7839587;42.4813232
-3.7837214;42.4813652
-3.7837369;42.4814415
-3.7848988;42.4814606
-3.7819302;42.4815140
-3.7841401;42.4815445
-3.7825909;42.4815559
-3.8264704;42.4815750
-3.7831192;42.4815979
-3.7825506;42.4816093
-3.7835665;42.4816246
-3.7830815;42.4816666
-3.7843993;42.4816895
-3.7831380;42.4817123
-3.7817688;42.4817276
-3.7822723;42.4818459
-3.7822320;42.4818840
-3.8086793;42.4820633
-3.7839849;42.4822884
-3.7817211;42.4825974
-3.8274155;42.4826584
-3.7824516;42.4827995
-3.8284614;42.4829102
-3.8091230;42.4830437
-3.8090436;42.4831238
-3.8088782;42.4832993
-3.8281982;42.4836235
-3.8295150;42.4836311
-3.8281894;42.4836540
-3.8276479;42.4836998
-3.8275630;42.4837074
-3.8283377;42.4837494
-3.8286290;42.4837532
-3.8276525;42.4837837
-3.8275824;42.4837875
-3.8288193;42.4838409
-3.8289301;42.4836426
-3.8293560;42.4838486
-3.8292534;42.4838448
-3.8281403;42.4838753
-3.8282387;42.4838905
-3.8101120;42.4839134
-3.8308036;42.4838257
-3.8302970;42.4839172
-3.8288438;42.4839172
-3.8300862;42.4839325
-3.8301504;42.4837646
-3.8101337;42.4839363
-3.8292224;42.4839363
-3.8293653;42.4839439
-3.8086650;42.4839554
-3.8091624;42.4834480
-3.8295844;42.4839554
-3.8296244;42.4839592
-3.8284438;42.4839592
-3.8296127;42.4840088
-3.8093185;42.4840126
-3.8093555;42.4839134
-3.8091218;42.4838753
-3.8292248;42.4840775
-3.8280852;42.4841232
-3.8302023;42.4840736
-3.8300140;42.4841423
-3.8292496;42.4841690
-3.8301001;42.4841843
-3.8086495;42.4841919
-3.8091474;42.4842148
-3.8085251;42.4842567
-3.8082333;42.4841347
-3.8295262;42.4842682
-3.8087502;42.4842911
-3.8294888;42.4843216
-3.8287554;42.4843864
-3.8091807;42.4844475
-3.8098304;42.4840012
-3.8095198;42.4844780
-3.8098943;42.4845200
-3.8100572;42.4842911
-3.8090606;42.4845390
-3.8094854;42.4845734
-3.8091238;42.4846001
-3.8100493;42.4846191
-3.8081987;42.4846497
-3.8080571;42.4845276
-3.8092594;42.4847145
-3.8086815;42.4847450
-3.8087294;42.4847908
-3.8080585;42.4848213
-3.8094640;42.4848328
-3.8079467;42.4849129
-3.8078017;42.4848251
-3.8098519;42.4849358
-3.8089812;42.4849510
-3.8077724;42.4850502
-3.8086269;42.4851227
-3.8111215;42.4851227
-3.8110056;42.4851761
-3.8088510;42.4852066
-3.8145676;42.4877357
-3.7785053;42.4910812
-3.8158529;42.4920654
-3.8165863;42.4932213
-3.7779739;42.4933891
-3.8208544;42.4947166
-3.8377237;42.4991684
-3.7764435;42.5001259
-3.8359406;42.5085030
-3.8335001;42.5142288
-3.8335981;42.5147820
-3.8336949;42.5152397
-3.8325548;42.5156784
-3.8319736;42.5156593
-3.8337462;42.5157089
-3.8339291;42.5157471
-3.8339214;42.5154724
-3.8338926;42.5159302
-3.8341966;42.5159569
-3.8338864;42.5159607
-3.8331306;42.5165634
-3.8328142;42.5165710
-3.8344679;42.5164375
-3.8343966;42.5166016
-3.8339610;42.5167122
-3.8331196;42.5167198
-3.8339829;42.5167465
-3.8328717;42.5167465
-3.8332307;42.5167542
-3.8326416;42.5167923
-3.8325217;42.5167961
-3.8325098;42.5165482
-3.8323631;42.5167618
-3.8326089;42.5169334
-3.8324955;42.5169296
-3.8330107;42.5169983
-3.8327432;42.5169449
-3.8325984;42.5169983
-3.8323560;42.5169907
-3.8326004;42.5171928
-3.8338807;42.5172272
-3.8326209;42.5173302
-3.8325047;42.5173874
-3.8326833;42.5175476
-3.8339291;42.5175629
-3.8327601;42.5175781
-3.8324788;42.5178566
-3.8326743;42.5179863
-3.8340383;42.5180206
-3.8322344;42.5182571
-3.8652291;42.5186424
-3.8615062;42.5188141
-3.8608546;42.5188446
-3.8509614;42.5192947
-3.8463333;42.5199776
-3.8334537;42.5207253
-3.8418717;42.5210381
-3.8399611;42.5217743
-3.8336873;42.5223045
-3.8373685;42.5234108
-3.6199138;42.4587402
-3.6119061;42.4607010
-3.6419270;42.4537659
-3.6420507;42.4537621
-3.6354625;42.4534111
-3.6355360;42.4536514
-3.6372845;42.4305725
-3.6373706;42.4305000
-3.6475616;42.4332237
-3.6473627;42.4332123
-3.6518056;42.4333382
-3.6516209;42.4333420
-3.6353490;42.4530678
-3.6353836;42.4531937
-3.6280575;42.4569359
-3.6279240;42.4569626
-3.6222892;42.4581375
-3.6222212;42.4581528
-3.6117589;42.4607353
-3.6060660;42.4621429
-3.6340523;42.4588776
-3.6344118;42.4588661
-3.6340387;42.4569740
-3.6333625;42.4575958
-3.6335342;42.4588890
-3.6338482;42.4608917
-3.6347070;42.4608345
-3.6392419;42.4267731
-3.6389546;42.4271355
-3.6392329;42.4272156
-3.6391597;42.4273148
-3.6377718;42.4278526
-3.6378219;42.4271851
-3.6375544;42.4277649
-3.6378458;42.4278755
-3.6393092;42.4280167
-3.6383355;42.4280243
-3.6396461;42.4280624
-3.6390843;42.4276581
-3.6387646;42.4281693
-3.6391928;42.4282417
-3.6389186;42.4282646
-3.6394587;42.4282837
-3.6399164;42.4282341
-3.6392345;42.4283180
-3.6391542;42.4284554
-3.6393633;42.4285049
-3.6390843;42.4285583
-3.6398962;42.4286499
-3.6389947;42.4286880
-3.6391132;42.4287682
-3.6392376;42.4287300
-3.6391461;42.4287872
-3.6404102;42.4287910
-3.6391840;42.4288139
-3.6397421;42.4288597
-3.6393409;42.4288864
-3.6399364;42.4289703
-3.6395707;42.4290237
-3.6388452;42.4290810
-3.6386337;42.4291153
-3.6390431;42.4291763
-3.6392217;42.4292717
-3.6396849;42.4293633
-3.6395311;42.4293175
-3.6397009;42.4294548
-3.6383443;42.4294891
-3.6374278;42.4293327
-3.6369078;42.4309044
-3.6371450;42.4296913
-3.6439786;42.4327736
-3.6518557;42.4333382
-3.6506555;42.4333611
-3.6339536;42.4338570
-3.6575372;42.4337997
-3.6337788;42.4340820
-3.6593187;42.4342270
-3.6319995;42.4365921
-3.6323171;42.4377899
-3.6324668;42.4381981
-3.6350465;42.4453583
-3.6350632;42.4454231
-3.6350331;42.4455223
-3.6331336;42.4486656
-3.6399117;42.4522820
-3.6401634;42.4525185
-3.6403980;42.4525642
-3.6405096;42.4528961
-3.6407316;42.4528618
-3.6404340;42.4529305
-3.6400430;42.4529724
-3.6403151;42.4529762
-3.6400816;42.4529800
-3.6402850;42.4529877
-3.6398222;42.4529991
-3.6407979;42.4530106
-3.6405468;42.4530678
-3.6400619;42.4531174
-3.6406107;42.4531593
-3.6405888;42.4531670
-3.6405442;42.4531860
-3.6404705;42.4532089
-3.6416104;42.4533081
-3.6400430;42.4533234
-3.6398723;42.4533348
-3.6354251;42.4533463
-3.6579833;42.4532623
-3.6550305;42.4533653
-3.6390076;42.4533844
-3.6409352;42.4533234
-3.6407669;42.4533844
-3.6404102;42.4534264
-3.6401503;42.4534988
-3.6409128;42.4535179
-3.6399961;42.4535255
-3.6391208;42.4535828
-3.6409476;42.4535942
-3.6402380;42.4536400
-3.6387701;42.4536591
-3.6445825;42.4536896
-3.6396990;42.4536591
-3.6393397;42.4537086
-3.6439543;42.4537086
-3.6355479;42.4537125
-3.6437414;42.4537125
-3.6392136;42.4537392
-3.6441784;42.4529076
-3.6415997;42.4537964
-3.6413050;42.4538307
-3.6412761;42.4538345
-3.6401560;42.4538345
-3.6398301;42.4538422
-3.6402578;42.4538460
-3.6394336;42.4538612
-3.6393995;42.4538651
-3.6381605;42.4538689
-3.6383846;42.4538498
-3.6404750;42.4538689
-3.6401691;42.4538727
-3.6392999;42.4538803
-3.6408083;42.4538841
-3.6356146;42.4539032
-3.6405029;42.4539337
-3.6388521;42.4539413
-3.6386280;42.4537239
-3.6386294;42.4539452
-3.6380754;42.4539795
-3.6386404;42.4539909
-3.6413651;42.4539948
-3.6393316;42.4540062
-3.6402123;42.4540253
-3.6408184;42.4541245
-3.6386709;42.4541283
-3.6386755;42.4541473
-3.6375170;42.4541588
-3.6374426;42.4539948
-3.6374657;42.4541779
-3.6391029;42.4541893
-3.6395161;42.4542198
-3.6398072;42.4542236
-3.6399643;42.4542274
-3.6400359;42.4541092
-3.6391628;42.4542274
-3.6403246;42.4542313
-3.6372576;42.4542427
-3.6371217;42.4542923
-3.6370525;42.4543190
-3.6375678;42.4543381
-3.6377873;42.4542732
-3.6389167;42.4543495
-3.6399281;42.4543533
-3.6401789;42.4543648
-3.6368980;42.4543724
-3.6366909;42.4542961
-3.6398437;42.4543762
-3.6398528;42.4544144
-3.6358333;42.4544296
-3.6366923;42.4544601
-3.6396577;42.4544640
-3.6382635;42.4544716
-3.6405208;42.4544487
-3.6401513;42.4544754
-3.6365824;42.4545059
-3.6376882;42.4545326
-3.6379046;42.4543953
-3.6383488;42.4546242
-3.6378968;42.4546280
-3.6377370;42.4546509
-3.6375496;42.4546585
-3.6375215;42.4546623
-3.6382093;42.4546623
-3.6379466;42.4547310
-3.6377745;42.4547577
-3.6359730;42.4547653
-3.6400452;42.4547691
-3.6398356;42.4547958
-3.6373775;42.4548492
-3.6366873;42.4548683
-3.6383865;42.4548798
-3.6371515;42.4549255
-3.6371055;42.4548454
-3.6361187;42.4549789
-3.6378372;42.4549789
-3.6384673;42.4550629
-3.6368909;42.4550781
-3.6384158;42.4550896
-3.6381435;42.4551163
-3.6379955;42.4551430
-3.6382904;42.4552574
-3.6365516;42.4554100
-3.6384542;42.4554214
-3.6361277;42.4555473
-3.6364574;42.4555550
-3.6360395;42.4555588
-3.6400137;42.4555702
-3.6373692;42.4555435
-3.6371260;42.4555893
-3.6387930;42.4556808
-3.6337020;42.4557419
-3.6383603;42.4557686
-3.6329985;42.4559021
-3.6372261;42.4559517
-3.6363323;42.4560051
-3.6358850;42.4559937
-3.6330240;42.4560127
-3.6324279;42.4560280
-3.6317949;42.4561539
-3.6394989;42.4569359
-3.6394744;42.4570084
-3.6332862;42.4570236
-3.6220415;42.4581947
-3.5702162;42.5194206
-3.5591466;42.5317421
-3.5586503;42.5321503
-3.5589120;42.5323067
-3.5579987;42.5325584
-3.5578713;42.5326347
-3.5576639;42.5327568
-3.5576444;42.5329323
-3.5574179;42.5328522
-3.5572822;42.5329628
-3.5571084;42.5330315
-3.5574827;42.5330696
-3.5570285;42.5330925
-3.5572350;42.5330696
-3.5571599;42.5331306
-3.5573106;42.5332298
-3.5572929;42.5332565
-3.5569382;42.5332756
-3.5569844;42.5333595
-3.5567045;42.5334435
-3.5560997;42.5332909
-3.5559101;42.5336189
-3.5548005;42.5332603
-3.5558743;42.5336609
-3.5557418;42.5337029
-3.5560081;42.5337601
-3.5557745;42.5337868
-3.5558848;42.5338211
-3.5550542;42.5338516
-3.5551579;42.5339584
-3.5553641;42.5339622
-3.5551867;42.5339851
-3.5551050;42.5340195
-3.5545628;42.5340843
-3.5557995;42.5340843
-3.5542450;42.5341034
-3.5555177;42.5346107
-3.5554998;42.5346565
-3.7505305;42.7165489
-3.7506759;42.7164688
-3.7514682;42.7165070
-3.7482173;42.7136841
-3.7481275;42.7135506
-3.7782128;42.6389046
-3.7781210;42.6388321
-3.7878976;42.6411896
-3.7878265;42.6411285
-3.7799208;42.6627693
-3.7800250;42.6628304
-3.7661994;42.7892418
-3.7454128;42.6706276
-3.7456045;42.6705513
-3.7364957;42.6816025
-3.7363105;42.6814766
-3.7367911;42.6840858
-3.7367680;42.6839905
-3.7527571;42.7258835
-3.7526908;42.7258339
-3.7677908;42.7271881
-3.7676978;42.7272339
-3.7510550;42.7435112
-3.7511885;42.7434959
-3.7269027;42.7069588
-3.7267771;42.7069244
-3.7329588;42.7150421
-3.7328556;42.7150764
-3.7039692;42.7256966
-3.7037218;42.7257996
-3.7022426;42.7261505
-3.7020509;42.7261925
-3.6999192;42.7304497
-3.6997712;42.7306099
-3.6873488;42.7395744
-3.6870041;42.7397957
-3.7372301;42.6902122
-3.7373188;42.6902504
-3.7453010;42.6515770
-3.7437994;42.6449890
-3.7440252;42.6449394
-3.7436383;42.6443176
-3.7428432;42.6408043
-3.7432001;42.6406174
-3.7428589;42.6404076
-3.7427018;42.6404686
-3.7477467;42.6433907
-3.7856662;42.6071014
-3.7850149;42.6074371
-3.7395012;42.6236763
-3.7391188;42.6235275
-3.7453139;42.6259346
-3.7454541;42.6259918
-3.7658567;42.6329002
-3.7672491;42.6337738
-3.7693160;42.6351891
-3.7695518;42.6352959
-3.7700095;42.6355057
-3.7739773;42.6352119
-3.7733850;42.6355858
-3.7728384;42.6357880
-3.7726440;42.6358986
-3.7728477;42.6360321
-3.7723875;42.6360512
-3.7723622;42.6361237
-3.7729454;42.6361732
-3.7731633;42.6362648
-3.7729833;42.6363335
-3.7724097;42.6364250
-3.7733047;42.6364288
-3.7720642;42.6364555
-3.7742732;42.6364365
-3.7751367;42.6363297
-3.7740383;42.6364784
-3.7733049;42.6364822
-3.7741432;42.6365128
-3.7732930;42.6365204
-3.7739136;42.6365776
-3.7734194;42.6366081
-3.7724209;42.6366272
-3.7724645;42.6366501
-3.7724881;42.6366615
-3.7735357;42.6366920
-3.7721045;42.6367340
-3.7731938;42.6367340
-3.7738469;42.6368179
-3.7737691;42.6368294
-3.7728910;42.6368561
-3.7729414;42.6368790
-3.7740622;42.6369019
-3.7730246;42.6369171
-3.7729259;42.6369362
-3.7731361;42.6369667
-3.7725599;42.6369934
-3.7737138;42.6370354
-3.7735355;42.6370583
-3.7735932;42.6370659
-3.7723365;42.6370697
-3.7723522;42.6369133
-3.7731719;42.6370888
-3.7732899;42.6370964
-3.7720354;42.6371880
-3.7721138;42.6372261
-3.7723281;42.6372948
-3.7724791;42.6372948
-3.7733195;42.6373405
-3.7719219;42.6373634
-3.7723286;42.6374397
-3.7749598;42.6374817
-3.7754679;42.6375465
-3.7426775;42.6402893
-3.8000684;42.6461411
-3.8008499;42.6463852
-3.7528822;42.6464806
-3.8017836;42.6466866
-3.8192103;42.6501122
-3.8216414;42.6502838
-3.8219709;42.6499596
-3.8220663;42.6502838
-3.8201268;42.6503830
-3.8221762;42.6504211
-3.8216341;42.6504326
-3.8209896;42.6503181
-3.8202169;42.6498489
-3.8202469;42.6504860
-3.8211415;42.6505737
-3.8216159;42.6505890
-3.8211319;42.6506310
-3.8204274;42.6506538
-3.8201063;42.6506920
-3.8220520;42.6506958
-3.8217399;42.6507149
-3.8222556;42.6507988
-3.8219526;42.6509018
-3.8219361;42.6509399
-3.8219697;42.6511765
-3.8223855;42.6512070
-3.8209987;42.6512642
-3.8210139;42.6512909
-3.8206151;42.6514702
-3.8211343;42.6514893
-3.8208184;42.6514473
-3.7453184;42.6516571
-3.8203397;42.6517410
-3.8216276;42.6517448
-3.8213031;42.6517601
-3.7453494;42.6518021
-3.8214450;42.6518822
-3.8216662;42.6520805
-3.8214777;42.6522865
-3.8219962;42.6522942
-3.7691939;42.6563377
-3.7487419;42.6595421
-3.6604395;42.6613731
-3.6601913;42.6585732
-3.7495933;42.6630898
-3.7804818;42.6631126
-3.6625948;42.6662674
-3.6626310;42.6663284
-3.6636305;42.6690598
-3.7456582;42.6705284
-3.7371621;42.6759415
-3.6645660;42.6804314
-3.6646371;42.6808319
-3.6652811;42.6848183
-3.6653032;42.6849556
-3.6655047;42.6855049
-3.7560151;42.6857681
-3.7560279;42.6855850
-3.7557209;42.6857719
-3.7559974;42.6859398
-3.7564614;42.6859589
-3.7559161;42.6862755
-3.7558796;42.6863670
-3.7563941;42.6864891
-3.7565238;42.6865616
-3.7566609;42.6866493
-3.7571585;42.6866722
-3.7567379;42.6866951
-3.7563589;42.6867867
-3.7556627;42.6868362
-3.7562525;42.6869278
-3.7555690;42.6869659
-3.7558603;42.6870155
-3.6670773;42.6873894
-3.7535319;42.6889267
-3.7363565;42.6899376
-3.7452545;42.6892815
-3.6726978;42.6943207
-3.6728356;42.6946602
-3.6726489;42.6947327
-3.6720488;42.6945534
-3.6734400;42.6947708
-3.6728985;42.6948662
-3.6738191;42.6949081
-3.6747022;42.6950264
-3.6744425;42.6950455
-3.6741388;42.6950684
-3.6742759;42.6948776
-3.6739385;42.6951790
-3.6739879;42.6952362
-3.6731791;42.6952591
-3.6738658;42.6952858
-3.6749191;42.6953239
-3.6748793;42.6953392
-3.6737106;42.6953430
-3.6741879;42.6953888
-3.6742079;42.6954079
-3.6732986;42.6954231
-3.6742775;42.6954803
-3.6739712;42.6955833
-3.6737320;42.6956100
-3.6740644;42.6956367
-3.6744046;42.6956711
-3.6741407;42.6956825
-3.6734629;42.6957817
-3.6739385;42.6957855
-3.6740158;42.6958580
-3.6747365;42.6958885
-3.6747739;42.6958961
-3.6736174;42.6960716
-3.6736827;42.6961327
-3.6738236;42.6961365
-3.6737351;42.6961784
-3.6744807;42.6963463
-3.6739786;42.6970596
-3.7307410;42.7008209
-3.7014451;42.7017059
-3.7014749;42.7017593
-3.7016039;42.7020645
-3.7018077;42.7025604
-3.7017291;42.7026062
-3.7015605;42.7026443
-3.7017932;42.7027969
-3.6993363;42.7028313
-3.7016740;42.7028580
-3.7069485;42.7029572
-3.7069116;42.7029686
-3.7059648;42.7031021
-3.7060726;42.7028809
-3.7047322;42.7033539
-3.7046170;42.7034111
-3.7045081;42.7035065
-3.7049346;42.7036552
-3.7068446;42.7034531
-3.7065518;42.7038612
-3.7066507;42.7039986
-3.7008615;42.7045174
-3.7002521;42.7046204
-3.7001445;42.7038803
-3.7001581;42.7050323
-3.7281172;42.7072792
-3.7386260;42.7107239
-3.7387278;42.7107697
-3.7387865;42.7107964
-3.7387190;42.7108841
-3.7380612;42.7108994
-3.7382364;42.7109184
-3.7385700;42.7110748
-3.7387421;42.7110825
-3.7395942;42.7111397
-3.7387130;42.7111702
-3.7390733;42.7112732
-3.7394936;42.7113113
-3.7385712;42.7113533
-3.7402091;42.7114067
-3.7384589;42.7114334
-3.7407975;42.7115097
-3.7388885;42.7115135
-3.7394371;42.7115250
-3.7404296;42.7115479
-3.7383268;42.7115631
-3.7382157;42.7116470
-3.7380030;42.7115669
-3.7387545;42.7116508
-3.7376559;42.7117691
-3.7434952;42.7124405
-3.7441301;42.7126617
-3.7478919;42.7128601
-3.7478948;42.7127457
-3.7454970;42.7129555
-3.7484550;42.7130661
-3.7485142;42.7128220
-3.7479002;42.7131996
-3.7480109;42.7133102
-3.7480924;42.7135010
-3.7482681;42.7137566
-3.7480927;42.7137985
-3.7490094;42.7137833
-3.7484722;42.7140236
-3.7488258;42.7146225
-3.7484102;42.7144547
-3.7489288;42.7147484
-3.7490604;42.7146568
-3.7492325;42.7151222
-3.7493558;42.7151299
-3.7492657;42.7151642
-3.7420173;42.7152252
-3.7496221;42.7151451
-3.7442310;42.7158012
-3.7497232;42.7163124
-3.7521830;42.7163315
-3.7527997;42.7161179
-3.7519636;42.7163849
-3.7515144;42.7163887
-3.7497408;42.7164192
-3.7489603;42.7164917
-3.7498825;42.7165413
-3.7515693;42.7165947
-3.7504320;42.7166481
-3.7478840;42.7169838
-3.7524006;42.7171326
-3.7523024;42.7172356
-3.7492335;42.7173119
-3.7520223;42.7173920
-3.7516131;42.7175636
-3.7514505;42.7180176
-3.7229993;42.7187233
-3.7199063;42.7187881
-3.7197120;42.7191582
-3.7200122;42.7192574
-3.7200668;42.7192879
-3.7205875;42.7193565
-3.7203419;42.7194290
-3.7200491;42.7195244
-3.7200053;42.7195396
-3.7211142;42.7195091
-3.7206814;42.7196198
-3.7196622;42.7196503
-3.7202926;42.7197838
-3.7206488;42.7198181
-3.7204292;42.7198524
-3.7205541;42.7199020
-3.7188904;42.7199821
-3.7212057;42.7199249
-3.7207222;42.7199898
-3.7202382;42.7200317
-3.7208185;42.7201538
-3.7209291;42.7201691
-3.7196829;42.7201729
-3.7196183;42.7201958
-3.7203867;42.7202225
-3.7204213;42.7202492
-3.7200880;42.7202797
-3.7200065;42.7203178
-3.7181132;42.7203712
-3.7190552;42.7205887
-3.7494533;42.7208138
-3.7185457;42.7208481
-3.7170527;42.7208748
-3.7210653;42.7210464
-3.7181950;42.7212257
-3.7495763;42.7216454
-3.7507193;42.7221184
-3.7508926;42.7220726
-3.7497289;42.7222404
-3.7500775;42.7222786
-3.7506964;42.7226067
-3.7506783;42.7223778
-3.7503316;42.7226486
-3.7504218;42.7227478
-3.7500489;42.7228432
-3.7505553;42.7228813
-3.7497191;42.7228889
-3.7493963;42.7229767
-3.7493489;42.7229919
-3.7500393;42.7230186
-3.7497792;42.7230415
-3.7523055;42.7254829
-3.7043469;42.7255363
-3.7532885;42.7262535
-3.7018077;42.7262840
-3.7534809;42.7263794
-3.7566633;42.7274132
-3.7004542;42.7289543
-3.7556288;42.7307320
-3.6994388;42.7309036
-3.6929762;42.7333794
-3.6924891;42.7334747
-3.7253478;42.4347534
-3.7258501;42.4347229
-3.7262218;42.4347878
-3.6849422;42.7404099
-3.6842892;42.7409744
-3.7517469;42.7433739
-3.7204700;42.7495995
-3.7208529;42.7498779
-3.7211468;42.7502365
-3.7226784;42.7507401
-3.7215681;42.7511368
-3.7215552;42.7512207
-3.7213514;42.7514267
-3.7204010;42.7519684
-3.7691154;42.7733078
-3.7685764;42.7737999
-3.7684979;42.7738113
-3.7683589;42.7736855
-3.7685061;42.7739143
-3.7778516;42.7739677
-3.7690599;42.7739143
-3.7687945;42.7739754
-3.7683296;42.7739868
-3.7686353;42.7740364
-3.7686529;42.7741165
-3.7687831;42.7742004
-3.7685697;42.7742043
-3.7687273;42.7743073
-3.7681618;42.7743416
-3.7693124;42.7744408
-3.7666764;42.7743721
-3.7665575;42.7744446
-3.7676370;42.7744598
-3.7663040;42.7746277
-3.7659967;42.7745590
-3.7663271;42.7746391
-3.7674007;42.7745132
-3.7671537;42.7746849
-3.7669299;42.7746544
-3.7663031;42.7747269
-3.7659650;42.7746429
-3.7671232;42.7747307
-3.7690291;42.7747231
-3.7689009;42.7747383
-3.7670763;42.7747955
-3.7666061;42.7748299
-3.7674081;42.7748337
-3.7689188;42.7748413
-3.7670288;42.7748604
-3.7688031;42.7748680
-3.7690847;42.7747078
-3.7691813;42.7748833
-3.7689667;42.7749443
-3.7673316;42.7749672
-3.7692208;42.7750816
-3.7689474;42.7751579
-3.7700443;42.7764893
-3.7665582;42.7795296
-3.7657773;42.7803688
-3.7658191;42.7805939
-3.7652681;42.7806282
-3.7654078;42.7806435
-3.7657874;42.7807007
-3.7655673;42.7807579
-3.7658582;42.7807999
-3.7659261;42.7810326
-3.7663848;42.7814407
-3.7280571;42.7840462
-3.7291667;42.7841034
-3.7266152;42.7841187
-3.7263999;42.7839088
-3.7263420;42.7840996
-3.7265987;42.7842216
-3.7263618;42.7842178
-3.7275369;42.7842255
-3.7272894;42.7841644
-3.7269580;42.7842331
-3.7284393;42.7842865
-3.7279747;42.7842674
-3.7266717;42.7842941
-3.7274921;42.7843666
-3.7292140;42.7843781
-3.7272301;42.7844620
-3.7266085;42.4347878
-3.7272582;42.7844849
-3.7275887;42.7846489
-3.7275088;42.7847824
-3.7273164;42.7848167
-3.7278247;42.7848282
-3.7273111;42.7851067
-3.7121377;42.7935448
-3.7674112;42.7745094
-3.6672938;42.4646530
-3.6664994;42.4644356
-3.7042243;42.5062370
-3.7041767;42.5061417
-3.7041504;42.5062561
-3.7046144;42.5067329
-3.6455109;42.4992599
-3.6453886;42.4992676
-3.7051647;42.5061302
-3.7050395;42.5061188
-3.6663263;42.4644470
-3.7150557;42.5712662
-3.7151082;42.5712509
-3.6771729;42.4377136
-3.6770067;42.4376221
-3.6695509;42.4631195
-3.6696255;42.4632072
-3.6291454;42.5143242
-3.6292102;42.5144081
-3.6091692;42.5336418
-3.6093466;42.5337257
-3.6915133;42.5472488
-3.6914110;42.5473366
-3.5908954;42.5666046
-3.5909374;42.5665512
-3.6955476;42.5122414
-3.6960669;42.5112343
-3.6892872;42.4710312
-3.6891694;42.4707718
-3.6920474;42.4771461
-3.6919906;42.4769936
-3.6964471;42.4917145
-3.6969285;42.4911842
-3.7008533;42.5483627
-3.7010291;42.5485992
-3.7101841;42.5689507
-3.7103169;42.5690422
-3.7167552;42.5733414
-3.7168086;42.5733986
-3.7281079;42.6281166
-3.7281170;42.6282082
-3.7273695;42.5300941
-3.7274158;42.5302277
-3.7377083;42.5442581
-3.7378509;42.5446053
-3.6753361;42.4526787
-3.6752181;42.4526825
-3.6712098;42.4528427
-3.6709495;42.4528503
-3.6672385;42.4529533
-3.6670549;42.4529533
-3.7149222;42.4506226
-3.7148852;42.4505692
-3.6763880;42.4517708
-3.6764691;42.4516296
-3.6530755;42.4916840
-3.6529436;42.4917336
-3.6485763;42.4938507
-3.6485262;42.4939117
-3.6337790;42.6036110
-3.6337724;42.6036987
-3.6933579;42.5159531
-3.6932666;42.5159454
-3.6790576;42.5432129
-3.6785195;42.5435333
-3.5959530;42.5675583
-3.5958166;42.5674477
-3.5902755;42.5676994
-3.5902386;42.5678596
-3.5889580;42.5764389
-3.5889010;42.5765533
-3.5888000;42.5766373
-3.5887315;42.5766678
-3.7423947;42.6401329
-3.7349753;42.6219368
-3.7348740;42.6217995
-3.7347429;42.6219711
-3.7344670;42.6220474
-3.7344627;42.6218643
-3.7348480;42.6216049
-3.7346356;42.6216583
-3.7345490;42.6219521
-3.7347798;42.6216850
-3.7284050;42.6239510
-3.7281036;42.6240234
-3.7270045;42.6243019
-3.7231655;42.6252708
-3.7274513;42.6237221
-3.7275834;42.6242485
-3.7276778;42.6241760
-3.7274182;42.6242638
-3.7276299;42.6245880
-3.7259691;42.6177139
-3.7275198;42.6239929
-3.7273636;42.6240730
-3.7276685;42.6240158
-3.7243295;42.4283943
-3.6818738;42.4287720
-3.6820140;42.4290886
-3.6669796;42.4293404
-3.6906157;42.4305267
-3.6911087;42.4302483
-3.6822906;42.4305496
-3.6834466;42.4299049
-3.6820629;42.4305840
-3.6820705;42.4307861
-3.6812110;42.4306641
-3.6838191;42.4308090
-3.6839993;42.4304123
-3.6841056;42.4311447
-3.6843233;42.4310379
-3.6820874;42.4312439
-3.6836979;42.4313469
-3.6844172;42.4314919
-3.7049065;42.4315605
-3.6974089;42.4304047
-3.6838551;42.4315796
-3.6820967;42.4316025
-3.6792731;42.4317551
-3.6790223;42.4316940
-3.6848030;42.4318008
-3.6858249;42.4304695
-3.6800616;42.4319458
-3.6801965;42.4316483
-3.7079229;42.4320297
-3.6820986;42.4320793
-3.7116570;42.4320679
-3.6839855;42.4317169
-3.6820824;42.4323692
-3.7267487;42.4323730
-3.6609824;42.4325256
-3.7269197;42.4327431
-3.6820872;42.4327736
-3.7186587;42.4328423
-3.7270579;42.4328918
-3.7271733;42.4330177
-3.6821060;42.4333496
-3.6809762;42.4333496
-3.6811955;42.4333458
-3.6809268;42.4329758
-3.6815693;42.4333878
-3.6821046;42.4334373
-3.6829166;42.4334564
-3.6811955;42.4334869
-3.6810184;42.4335213
-3.6793776;42.4335327
-3.7280498;42.4335556
-3.7274411;42.4335632
-3.6812108;42.4335861
-3.6815219;42.4335899
-3.7269242;42.4336357
-3.7262671;42.4335365
-3.6809173;42.4336510
-3.6802590;42.4333572
-3.6810579;42.4337540
-3.6792912;42.4337540
-3.6785684;42.4333115
-3.7273548;42.4337921
-3.7272205;42.4338379
-3.6820741;42.4338646
-3.6818614;42.4338112
-3.6795754;42.4338760
-3.6812901;42.4338913
-3.7283425;42.4338989
-3.7286015;42.4338837
-3.6800842;42.4339027
-3.7281756;42.4339180
-3.7273791;42.4339180
-3.6820562;42.4340019
-3.6802106;42.4340324
-3.7275372;42.4341087
-3.6817560;42.4341431
-3.7272065;42.4341927
-3.7280316;42.4342270
-3.7261651;42.4342308
-3.7260792;42.4340935
-3.7293463;42.4342499
-3.6820254;42.4342651
-3.7284727;42.4343262
-3.7224119;42.4343414
-3.7277811;42.4343719
-3.7281952;42.4343948
-3.6809933;42.4341965
-3.6808238;42.4344101
-3.7253666;42.4344254
-3.7258215;42.4344368
-3.6812110;42.4343376
-3.6810505;42.4345245
-3.7241294;42.4345665
-3.7236366;42.4345741
-3.7256081;42.4345779
-3.7230389;42.4346313
-3.7274978;42.4346313
-3.6813254;42.4346695
-3.6819429;42.4346848
-3.7277322;42.4347992
-3.7224295;42.4348755
-3.7278750;42.4348869
-3.7242312;42.4348869
-3.6804163;42.4349098
-3.7266812;42.4349213
-3.7276347;42.4349518
-3.7250128;42.4349594
-3.7259994;42.4349747
-3.7282562;42.4350052
-3.6809053;42.4350128
-3.7251670;42.4350700
-3.7289388;42.4350929
-3.7279718;42.4351654
-3.7255340;42.4351692
-3.7268174;42.4351730
-3.7246108;42.4352074
-3.7214410;42.4352074
-3.6804671;42.4352150
-3.7258890;42.4352226
-3.7251780;42.4352875
-3.7265868;42.4353142
-3.7248077;42.4353752
-3.7243237;42.4353790
-3.7299979;42.4354820
-3.7305946;42.4356194
-3.7259803;42.4356499
-3.7265160;42.4357147
-3.7237306;42.4357567
-3.6794178;42.4359016
-3.6785645;42.4354362
-3.7260563;42.4359093
-3.7256770;42.4359970
-3.6816561;42.4361725
-3.6790771;42.4362106
-3.6784940;42.4359131
-3.6785564;42.4362946
-3.7229083;42.4362984
-3.6788580;42.4364967
-3.6930661;42.4367027
-3.6932940;42.4367676
-3.6781635;42.4367714
-3.6780839;42.4372978
-3.6780009;42.4374924
-3.6767673;42.4375038
-3.6765380;42.4373856
-3.6782577;42.4376106
-3.6786184;42.4377861
-3.6777270;42.4378166
-3.6774213;42.4378433
-3.7207189;42.4378471
-3.6788321;42.4378777
-3.6777818;42.4379654
-3.6769397;42.4379730
-3.6774752;42.4380493
-3.6763620;42.4380836
-3.6768894;42.4380951
-3.6787629;42.4382401
-3.6772616;42.4382591
-3.6774175;42.4383621
-3.6785128;42.4383965
-3.6780462;42.4384041
-3.6782346;42.4384995
-3.6785085;42.4385948
-3.6773636;42.4386711
-3.6793454;42.4379730
-3.6788359;42.4386864
-3.6787655;42.4387817
-3.6791627;42.4388351
-3.6773157;42.4388542
-3.6769984;42.4384880
-3.6775672;42.4388618
-3.6758392;42.4388733
-3.6752896;42.4383583
-3.6794298;42.4389534
-3.6776760;42.4389839
-3.6795869;42.4390068
-3.7187395;42.4390259
-3.6772549;42.4390450
-3.6797440;42.4390640
-3.7186782;42.4391251
-3.6811244;42.4391708
-3.6844151;42.4394150
-3.6790652;42.4394341
-3.6844084;42.4394417
-3.6766691;42.4408264
-3.6808128;42.4408493
-3.6779625;42.4409485
-3.6838062;42.4417419
-3.6779914;42.4420586
-3.6781037;42.4418526
-3.6788731;42.4421997
-3.6794689;42.4422836
-3.6805360;42.4424629
-3.6805036;42.4425850
-3.6805480;42.4430008
-3.6785648;42.4434242
-3.6787720;42.4434700
-3.6805744;42.4435158
-3.6801980;42.4435883
-3.6803303;42.4437294
-3.6806419;42.4438133
-3.6800106;42.4440651
-3.7141688;42.4442978
-3.6809232;42.4446640
-3.7138937;42.4448280
-3.6810079;42.4449921
-3.6795564;42.4451675
-3.7145278;42.4499855
-3.6765676;42.4514427
-3.6759419;42.4526482
-3.6731956;42.4527664
-3.6687753;42.4528999
-3.6639171;42.4530716
-3.7188892;42.4532547
-3.6581974;42.4532547
-3.7057168;42.4533195
-3.7047400;42.4531860
-3.7198908;42.4538651
-3.7241039;42.4545517
-3.7239439;42.4542770
-3.7323654;42.4547462
-3.7308991;42.4545631
-3.7220149;42.4548302
-3.7229257;42.4551353
-3.7360988;42.4552155
-3.7242842;42.4552536
-3.7249196;42.4555092
-3.7238400;42.4555130
-3.7240536;42.4555321
-3.7248490;42.4556427
-3.7252350;42.4557724
-3.7254593;42.4558182
-3.7277138;42.4557381
-3.7268465;42.4558754
-3.7257361;42.4561081
-3.7253025;42.4562073
-3.7239561;42.4562263
-3.7261908;42.4562759
-3.7237723;42.4562950
-3.7245848;42.4563255
-3.7246103;42.4561806
-3.7241554;42.4563560
-3.7254283;42.4563866
-3.7247472;42.4564171
-3.7249520;42.4564934
-3.7254090;42.4565277
-3.7244885;42.4565582
-3.7257712;42.4565926
-3.7258353;42.4564285
-3.7250795;42.4565964
-3.7255695;42.4566002
-3.7272861;42.4564247
-3.7270980;42.4566116
-3.7268653;42.4566078
-3.7242718;42.4566345
-3.7265275;42.4566422
-3.7261360;42.4567108
-3.7246616;42.4567642
-3.7255733;42.4567642
-3.7251050;42.4567909
-3.7271185;42.4568100
-3.7273734;42.4566612
-3.7242935;42.4568329
-3.7254303;42.4568405
-3.7237985;42.4565582
-3.7266254;42.4568710
-3.7248054;42.4569244
-3.7252622;42.4569435
-3.7274837;42.4569817
-3.7258651;42.4570427
-3.7255738;42.4571724
-3.7245979;42.4572449
-3.7252803;42.4573174
-3.7258108;42.4573746
-3.7256138;42.4574738
-3.7262182;42.4574776
-3.7256837;42.4577103
-3.7266445;42.4577255
-3.7255280;42.4578018
-3.7244189;42.4579773
-3.7261422;42.4583969
-3.7255797;42.4590302
-3.7249265;42.4593277
-3.7247474;42.4596710
-3.6716239;42.4606628
-3.6714666;42.4609756
-3.6716409;42.4610519
-3.6682613;42.4622231
-3.6705670;42.4633026
-3.6698799;42.4634018
-3.6703322;42.4636459
-3.6683242;42.4639206
-3.6717446;42.4640350
-3.6701307;42.4640427
-3.6700735;42.4642258
-3.6714637;42.4642525
-3.6720974;42.4642868
-3.6705358;42.4640694
-3.6703944;42.4642982
-3.6696146;42.4644241
-3.6662467;42.4644547
-3.6699116;42.4644928
-3.6701014;42.4646530
-3.6673315;42.4646835
-3.6698635;42.4647102
-3.6694252;42.4647560
-3.6686807;42.4648476
-3.6690419;42.4648857
-3.6678040;42.4648972
-3.6679285;42.4649277
-3.6691241;42.4650154
-3.6676388;42.4656181
-3.6677327;42.4660225
-3.6696765;42.4660378
-3.6682379;42.4663467
-3.6673968;42.4664154
-3.6688695;42.4668121
-3.6652074;42.4669418
-3.6691091;42.4670639
-3.6675229;42.4671593
-3.6666138;42.4673843
-3.6878035;42.4673920
-3.6664536;42.4675789
-3.6681137;42.4677467
-3.6641836;42.4682198
-3.6632023;42.4685326
-3.6655009;42.4687309
-3.6899338;42.4720955
-3.6617506;42.4732895
-3.6615121;42.4735489
-3.6633139;42.4739037
-3.6609359;42.4739227
-3.6608012;42.4740028
-3.6901264;42.4721642
-3.6564715;42.4770050
-3.6933894;42.4806290
-3.6951265;42.4850845
-3.6951568;42.4851570
-3.6963122;42.4880219
-3.6964240;42.4883003
-3.6966896;42.4889526
-3.6970167;42.4890060
-3.6971660;42.4891167
-3.6971805;42.4880753
-3.6968038;42.4892349
-3.7022045;42.4891624
-3.7015636;42.4895401
-3.6543322;42.4897575
-3.6992970;42.4899216
-3.6991510;42.4888344
-3.7007570;42.4900589
-3.7028055;42.4899788
-3.7023211;42.4902496
-3.7030692;42.4903526
-3.7032990;42.4902077
-3.7010527;42.4884262
-3.6997759;42.4903603
-3.7014880;42.4907341
-3.7024384;42.4907684
-3.6995852;42.4908714
-3.7012455;42.4908981
-3.7021096;42.4910278
-3.6982975;42.4913216
-3.6991751;42.4913635
-3.6981573;42.4914169
-3.6984870;42.4914398
-3.6995952;42.4912987
-3.6982567;42.4915619
-3.6986594;42.4916191
-3.6984732;42.4874954
-3.6974075;42.4916306
-3.6531558;42.4916573
-3.6531067;42.4916763
-3.6973951;42.4917221
-3.6963940;42.4917603
-3.6984603;42.4917793
-3.6962655;42.4918785
-3.6983957;42.4918861
-3.6976171;42.4919777
-3.6978357;42.4919891
-3.6980691;42.4920006
-3.6988242;42.4920807
-3.6987031;42.4921417
-3.6960244;42.4921494
-3.6979041;42.4921875
-3.6977148;42.4923248
-3.6984949;42.4924011
-3.6983693;42.4925728
-3.6968656;42.4925995
-3.6980596;42.4928627
-3.6983762;42.4929390
-3.6988959;42.4929695
-3.6992457;42.4930611
-3.7008417;42.4930649
-3.7014380;42.4925156
-3.6979992;42.4930649
-3.6993608;42.4930878
-3.6988609;42.4931030
-3.6492081;42.4931602
-3.6982462;42.4931679
-3.6976137;42.4931984
-3.6974716;42.4932365
-3.6972833;42.4931679
-3.6998363;42.4932365
-3.6978679;42.4932899
-3.6988080;42.4933205
-3.6998632;42.4933472
-3.6983042;42.4933815
-3.6992843;42.4934196
-3.6987970;42.4934273
-3.7006330;42.4934998
-3.6979058;42.4935570
-3.6978903;42.4937668
-3.6971793;42.4937782
-3.6973426;42.4938316
-3.6987233;42.4939613
-3.6986060;42.4937820
-3.6979122;42.4940796
-3.6986625;42.4941101
-3.6988740;42.4942169
-3.6980274;42.4943390
-3.6989636;42.4943428
-3.6996441;42.4943733
-3.6982844;42.4944038
-3.6983044;42.4947853
-3.6976545;42.4947853
-3.6974454;42.4947472
-3.6951826;42.4948845
-3.7000082;42.4949417
-3.6980047;42.4950409
-3.6978087;42.4952126
-3.6990099;42.4954605
-3.6471813;42.4954948
-3.7007368;42.4961548
-3.6462965;42.4965096
-3.6458237;42.4974823
-3.6459291;42.4973602
-3.6454380;42.4975548
-3.6453869;42.4976501
-3.6459048;42.4978180
-3.6453340;42.4978638
-3.6456711;42.4979057
-3.6453371;42.4982758
-3.6454864;42.4982796
-3.6450915;42.4983673
-3.6449633;42.4983406
-3.6453402;42.4983788
-3.6453300;42.4985352
-3.6450548;42.4985809
-3.6442344;42.4985847
-3.6441486;42.4985542
-3.6440067;42.4985924
-3.6447139;42.4986000
-3.6439240;42.4986153
-3.6460638;42.4975433
-3.6458573;42.4986610
-3.6446693;42.4987221
-3.6450944;42.4988594
-3.6452336;42.4988861
-3.6449811;42.4990082
-3.6445074;42.4990501
-3.6448944;42.4991112
-3.6451092;42.4991608
-3.6457112;42.4992218
-3.6456554;42.4992218
-3.6458311;42.4991951
-3.6448202;42.4992943
-3.6446235;42.4992332
-3.6444387;42.4993629
-3.6449590;42.4994316
-3.6447470;42.4994507
-3.6447089;42.4999733
-3.6445622;42.5016670
-3.7013574;42.5021477
-3.7032821;42.5039558
-3.6441150;42.5041275
-3.7036874;42.5048027
-3.7038648;42.5050430
-3.7062109;42.5051689
-3.7069194;42.5034523
-3.7081528;42.5054245
-3.7059548;42.5056152
-3.7050900;42.5048370
-3.7035809;42.5056190
-3.7065058;42.5056381
-3.7039070;42.5056381
-3.7081313;42.5057602
-3.7035890;42.5058136
-3.7040966;42.5059662
-3.7078240;42.5060959
-3.7074490;42.5057144
-3.7043757;42.5061340
-3.7040761;42.5061417
-3.7053497;42.5061493
-3.7040942;42.5061684
-3.7071109;42.5066757
-3.7064927;42.5066910
-3.7024548;42.5068321
-3.7061386;42.5068779
-3.7055559;42.5067635
-3.7087884;42.5069542
-3.7081487;42.5070152
-3.6432130;42.5070801
-3.7058580;42.5070953
-3.6432016;42.5071335
-3.7081094;42.5071754
-3.7087932;42.5071983
-3.7093141;42.5075951
-3.7015872;42.5082016
-3.6369376;42.5089722
-3.6354122;42.5103340
-3.6291816;42.5115089
-3.6326306;42.5116653
-3.6288397;42.5118370
-3.6287701;42.5119057
-3.6292925;42.5120621
-3.6282337;42.5122070
-3.6278889;42.5123444
-3.6256001;42.5123444
-3.6252017;42.5120621
-3.6271622;42.5124779
-3.6266034;42.5124588
-3.6267834;42.5125008
-3.6275065;42.5125198
-3.6439266;42.5125694
-3.6287849;42.5125809
-3.6263845;42.5125885
-3.6258750;42.5125504
-3.6272073;42.5126419
-3.6279142;42.5126724
-3.6290984;42.5126915
-3.6269228;42.5127449
-3.6256263;42.5127754
-3.6273067;42.5128059
-3.6268153;42.5128059
-3.6279044;42.5128899
-3.6265898;42.5129013
-3.6297514;42.5129242
-3.6263950;42.5129585
-3.6300058;42.5130119
-3.6251745;42.5130196
-3.6278536;42.5130539
-3.6265836;42.5130348
-3.6269872;42.5130997
-3.6255782;42.5131454
-3.6280911;42.5131912
-3.6950691;42.5132217
-3.6950545;42.5132446
-3.6248264;42.5133705
-3.6949332;42.5134850
-3.6275449;42.5135078
-3.6950679;42.5137024
-3.6947081;42.5138893
-3.6946123;42.5140572
-3.6753109;42.5151634
-3.6752996;42.5150795
-3.6940501;42.5151901
-3.6756516;42.5158157
-3.6762893;42.5155602
-3.6756587;42.5158882
-3.6934230;42.5159607
-3.6936457;42.5159988
-3.6934922;42.5162659
-3.6761963;42.5167961
-3.6929550;42.5168800
-3.6764309;42.5172691
-3.6854000;42.5179977
-3.6780112;42.5187073
-3.6748164;42.5186386
-3.6743886;42.5187073
-3.6754282;42.5188293
-3.6762044;42.5188522
-3.6763813;42.5187340
-3.6770663;42.5188828
-3.6751783;42.5189247
-3.6750543;42.5189743
-3.6741183;42.5190392
-3.6746347;42.5191269
-3.6745229;42.5191650
-3.6752510;42.5191841
-3.6742508;42.5192528
-3.6749661;42.5193329
-3.6747215;42.5193443
-3.6748674;42.5193481
-3.7086775;42.5193825
-3.6759684;42.5192909
-3.6750917;42.5194359
-3.6735613;42.5194664
-3.6734614;42.5194931
-3.6746676;42.5195007
-3.7266340;42.5202332
-3.6904850;42.5212517
-3.6905229;42.5214424
-3.6640160;42.5249214
-3.7117624;42.5261803
-3.6488554;42.5265732
-3.7135289;42.5274620
-3.6925881;42.5282173
-3.6609073;42.5286026
-3.6601682;42.5286674
-3.6597488;42.5284386
-3.6596143;42.5288353
-3.6598289;42.5288696
-3.6595633;42.5289345
-3.6599238;42.5289726
-3.6600888;42.5289955
-3.6606429;42.5290565
-3.6576121;42.5290604
-3.6594517;42.5291939
-3.6582260;42.5292168
-3.6597245;42.5292778
-3.6593084;42.5292816
-3.6606727;42.5292702
-3.6598794;42.5293159
-3.6598718;42.5294342
-3.6484077;42.5299225
-3.6598241;42.5299759
-3.7275126;42.5304756
-3.7276428;42.5307274
-3.6082177;42.5326004
-3.6084633;42.5324936
-3.6486568;42.5325775
-3.6081126;42.5328522
-3.6081028;42.5329437
-3.6082814;42.5335274
-3.6104093;42.5333977
-3.6095634;42.5335541
-3.6083021;42.5335770
-3.6083786;42.5334702
-3.6083531;42.5337029
-3.6075754;42.5340271
-3.6079383;42.5342178
-3.6074092;42.5342293
-3.6081853;42.5343056
-3.6081564;42.5343704
-3.6084702;42.5344124
-3.6081245;42.5344810
-3.6081913;42.5348587
-3.6142375;42.5355034
-3.6948056;42.5357246
-3.6216571;42.5359230
-3.6948674;42.5359383
-3.6948919;42.5360222
-3.6919267;42.5360718
-3.6918542;42.5360718
-3.6933877;42.5363235
-3.6932917;42.5358505
-3.6934812;42.5363312
-3.6937521;42.5364075
-3.6937957;42.5361671
-3.6939104;42.5364532
-3.6940715;42.5364685
-3.6945853;42.5366173
-3.6950779;42.5366554
-3.6938493;42.5367775
-3.7208493;42.5367813
-3.6940877;42.5367889
-3.6936700;42.5368042
-3.6935668;42.5369148
-3.6888685;42.5368843
-3.6932831;42.5369606
-3.6929541;42.5366325
-3.6951752;42.5369987
-3.6930501;42.5369606
-3.6937306;42.5370712
-3.6938868;42.5370865
-3.6943648;42.5370903
-3.6935043;42.5371399
-3.6363580;42.5373611
-3.7223032;42.5376320
-3.7226367;42.5374069
-3.7227826;42.5378609
-3.7228942;42.5379143
-3.6954722;42.5379333
-3.7223308;42.5379906
-3.7222369;42.5382004
-3.7223783;42.5382843
-3.7217836;42.5384293
-3.7215908;42.5385513
-3.7222021;42.5385857
-3.7212799;42.5386314
-3.7200336;42.5385056
-3.7226574;42.5386696
-3.7216754;42.5387802
-3.7224097;42.5387955
-3.7228825;42.5388298
-3.7209513;42.5388794
-3.7231410;42.5389404
-3.7226684;42.5389404
-3.7224200;42.5390015
-3.7240968;42.5392799
-3.7226553;42.5393143
-3.6458166;42.5396004
-3.7232935;42.5399704
-3.6964762;42.5406456
-3.6847324;42.5408096
-3.7361934;42.5410118
-3.6807976;42.5422211
-3.6805937;42.5423470
-3.6440306;42.5426292
-3.6736412;42.5425873
-3.6736112;42.5428734
-3.6735966;42.5430679
-3.6735556;42.5432091
-3.6731334;42.5437088
-3.6721342;42.5429802
-3.6730874;42.5438271
-3.6779706;42.5438385
-3.6736283;42.5439110
-3.6737072;42.5437737
-3.6738493;42.5440254
-3.6728816;42.5440254
-3.6727450;42.5439644
-3.6732357;42.5441055
-3.6730263;42.5442276
-3.6726968;42.5442505
-3.6751022;42.5443001
-3.6770024;42.5443077
-3.6734695;42.5443230
-3.6729822;42.5444183
-3.6729941;42.5445557
-3.6730080;42.5447311
-3.6982985;42.5452499
-3.6989603;42.5460739
-3.6914339;42.5454521
-3.6907890;42.5460930
-3.6904061;42.5459213
-3.6990032;42.5461197
-3.6899853;42.5459671
-3.6911860;42.5462685
-3.6423986;42.5463486
-3.6913583;42.5463562
-3.6992362;42.5463829
-3.6989346;42.5464935
-3.6984577;42.5462761
-3.6912847;42.5465240
-3.6993902;42.5465813
-3.6907837;42.5465889
-3.6922197;42.5468788
-3.6997485;42.5470238
-3.6924477;42.5470314
-3.6921453;42.5472450
-3.6413643;42.5502892
-3.6384661;42.5585098
-3.6384680;42.5587196
-3.6382937;42.5587234
-3.6381922;42.5587692
-3.6384909;42.5589333
-3.6374719;42.5591125
-3.7058570;42.5600014
-3.7059147;42.5601845
-3.6285944;42.5622940
-3.6094234;42.5639114
-3.6066670;42.5638008
-3.6110919;42.5639458
-3.6011407;42.5643692
-3.7060211;42.5652542
-3.5907524;42.5653038
-3.5906825;42.5649338
-3.5928843;42.5651627
-3.5926335;42.5654678
-3.5923061;42.5657692
-3.5911257;42.5658798
-3.5921929;42.5659103
-3.5913067;42.5659714
-3.5915084;42.5659752
-3.5916009;42.5660133
-3.5916677;42.5660400
-3.5909581;42.5660896
-3.5919578;42.5661850
-3.5921435;42.5662270
-3.5925310;42.5662460
-3.5921905;42.5662498
-3.5903437;42.5662575
-3.5913372;42.5663872
-3.5910857;42.5663872
-3.5921066;42.5664177
-3.5925665;42.5664253
-3.5918822;42.5664864
-3.5905712;42.5665398
-3.5911064;42.5666351
-3.5918500;42.5666466
-3.5914826;42.5666504
-3.5926759;42.5666504
-3.5920181;42.5666809
-3.5918345;42.5667267
-3.5912540;42.5667648
-3.5908589;42.5668831
-3.5907576;42.5669708
-3.5904241;42.5669785
-3.5918186;42.5670090
-3.5916131;42.5670090
-3.5922151;42.5670204
-3.5903783;42.5672722
-3.5905745;42.5673370
-3.6389067;42.5673485
-3.5970564;42.5674324
-3.6391418;42.5676651
-3.6389225;42.5677567
-3.6387489;42.5678291
-3.6393442;42.5678978
-3.6395979;42.5681686
-3.6398742;42.5684738
-3.6384804;42.5692177
-3.7107463;42.5693283
-3.7115424;42.5698662
-3.6407697;42.5701408
-3.6408107;42.5703278
-3.7125328;42.5703087
-3.7122488;42.5703316
-3.6371648;42.5703659
-3.6371107;42.5703583
-3.7123053;42.5703659
-3.6385365;42.5704002
-3.6393201;42.5697212
-3.6384950;42.5705719
-3.7121322;42.5705757
-3.7127409;42.5706520
-3.6379368;42.5706635
-3.7119024;42.5706749
-3.6403191;42.5705833
-3.6399899;42.5707359
-3.6378951;42.5707588
-3.6384006;42.5707664
-3.6383426;42.5709038
-3.7115858;42.5709305
-3.7131541;42.5709419
-3.6371205;42.5709572
-3.6377954;42.5709724
-3.7128077;42.5710449
-3.6382442;42.5711250
-3.6376796;42.5712051
-3.7136571;42.5712662
-3.7108421;42.5712814
-3.7100298;42.5712929
-3.7098472;42.5712929
-3.7133851;42.5713196
-3.7138348;42.5713921
-3.6387720;42.5714417
-3.6372821;42.5715637
-3.6379611;42.5715904
-3.7141502;42.5715904
-3.6382747;42.5715981
-3.7126193;42.5716057
-3.6374426;42.5716209
-3.6384218;42.5716248
-3.7138381;42.5716324
-3.7134831;42.5716515
-3.7132359;42.5716248
-3.7130430;42.5716553
-3.6386254;42.5716667
-3.7117755;42.5716667
-3.6381803;42.5717087
-3.7125597;42.5717506
-3.7137055;42.5717697
-3.6377208;42.5717926
-3.6377172;42.5719490
-3.6372051;42.5719604
-3.6378036;42.5719757
-3.6378789;42.5720139
-3.7139792;42.5720177
-3.7124410;42.5720596
-3.7120543;42.5720406
-3.7126856;42.5720711
-3.7090168;42.5721397
-3.6383958;42.5722351
-3.6376519;42.5722427
-3.6375124;42.5721817
-3.7115970;42.5722580
-3.7140019;42.5722733
-3.7131348;42.5722733
-3.7141669;42.5722771
-3.7125366;42.5722885
-3.7119927;42.5722885
-3.7133737;42.5723724
-3.6376021;42.5723801
-3.6377673;42.5724297
-3.6375704;42.5724525
-3.6390650;42.5724602
-3.7136383;42.5724869
-3.6400912;42.5725060
-3.6377792;42.5725212
-3.7139938;42.5725250
-3.7125709;42.5725441
-3.7156298;42.5725784
-3.7130880;42.5726013
-3.6381478;42.5726089
-3.7141278;42.5726242
-3.6371264;42.5726318
-3.6399834;42.5726509
-3.6374788;42.5726585
-3.7132599;42.5727386
-3.7125640;42.5727386
-3.6373141;42.5727692
-3.6376357;42.5727768
-3.7142665;42.5727844
-3.7135406;42.5728302
-3.7139094;42.5728569
-3.7160459;42.5728607
-3.7150345;42.5728645
-3.7157166;42.5729256
-3.6369855;42.5729904
-3.6369174;42.5726357
-3.6372709;42.5730095
-3.7132957;42.5730247
-3.6369901;42.5734177
-3.6372054;42.5734711
-3.7176239;42.5743256
-3.6385841;42.5744972
-3.6370697;42.5745392
-3.6384754;42.5746498
-3.6369781;42.5753899
-3.6378858;42.5754433
-3.6372557;42.5756073
-3.6376147;42.5757713
-3.6374805;42.5759392
-3.7184098;42.5762291
-3.6371059;42.5764656
-3.5880523;42.5769272
-3.5879340;42.5770187
-3.5874989;42.5771523
-3.5875487;42.5771713
-3.6368110;42.5771942
-3.5878322;42.5773048
-3.5878534;42.5774117
-3.5880756;42.5774269
-3.5886011;42.5774879
-3.5896184;42.5776062
-3.5878825;42.5776062
-3.5883369;42.5777512
-3.5880263;42.5777664
-3.5876362;42.5778809
-3.5886052;42.5779228
-3.5883677;42.5778732
-3.5883350;42.5779991
-3.5894499;42.5778618
-3.5889294;42.5780182
-3.5887566;42.5781822
-3.5892642;42.5781937
-3.6352558;42.5841141
-3.7255390;42.5892105
-3.6341286;42.5899048
-3.6341162;42.5899734
-3.6339080;42.5910645
-3.6332154;42.5945587
-3.6331887;42.5946884
-3.6332252;42.6007957
-3.7258358;42.6013947
-3.7255731;42.6024818
-3.6337922;42.6030464
-3.7253652;42.6033401
-3.6337113;42.6052971
-3.6335189;42.6085625
-3.6381557;42.6104355
-3.6390808;42.6097946
-3.6398368;42.6104393
-3.6395056;42.6105156
-3.7259462;42.6176186
-3.6289890;42.6228828
-3.6271274;42.6228943
-3.6270468;42.6249886
-3.7173586;42.6255226
-3.7175558;42.6251068
-3.7172744;42.6256485
-3.7169039;42.6254845
-3.7165508;42.6256905
-3.7172110;42.6257515
-3.7176268;42.6257820
-3.7174056;42.6258278
-3.7181170;42.6258888
-3.7205625;42.6259575
-3.7169974;42.6261444
-3.7168643;42.6261902
-3.7167408;42.6262131
-3.7175469;42.6262169
-3.7178235;42.6261826
-3.7173333;42.6262436
-3.7163870;42.6262474
-3.7156603;42.6262665
-3.7157497;42.6256218
-3.7155159;42.6262779
-3.7153583;42.6259842
-3.7155976;42.6263847
-3.7167268;42.6264305
-3.7163033;42.6264458
-3.7161703;42.6264839
-3.7192490;42.6264877
-3.7172763;42.6265411
-3.7158246;42.6265793
-3.7188883;42.6266518
-3.7193642;42.6266899
-3.7187352;42.6266975
-3.7196186;42.6267853
-3.7194014;42.6268044
-3.7200899;42.6268349
-3.7174425;42.6268501
-3.7167294;42.6268654
-3.7165194;42.6268959
-3.7178280;42.6269302
-3.7194507;42.6269875
-3.7174540;42.6270142
-3.7191479;42.6270447
-3.7158039;42.6270981
-3.7170742;42.6271057
-3.7188797;42.6271706
-3.7168143;42.6271706
-3.7173624;42.6272011
-3.7157586;42.6272697
-3.7196057;42.6272812
-3.7179406;42.6272850
-3.7158735;42.6274071
-3.7170222;42.6274071
-3.7156885;42.6274643
-3.7172718;42.6275864
-3.7150588;42.6276703
-3.7171052;42.6278687
-3.7172248;42.6281090
-3.7104518;42.6292191
-3.7283330;42.6298828
-3.6255443;42.6303978
-3.7084785;42.6304016
-3.6248360;42.6326065
-3.7309213;42.6327820
-3.7037227;42.6331978
-3.7036600;42.6332321
-3.7015028;42.6355667
-3.6237473;42.6361198
-3.6236322;42.6365051
-3.6251023;42.6366844
-3.6249461;42.6370049
-3.7006512;42.6372490
-3.6966529;42.6369057
-3.6241794;42.6374130
-3.6245198;42.6373978
-3.6244934;42.6375999
-3.6239724;42.6376724
-3.6248443;42.6377640
-3.6244555;42.6377792
-3.6244335;42.6378555
-3.7368510;42.6379051
-3.6246789;42.6379433
-3.6243999;42.6379547
-3.6241176;42.6378860
-3.7370727;42.6379890
-3.6243598;42.6380730
-3.6247437;42.6381378
-3.6235816;42.6382217
-3.6242733;42.6382561
-3.6242309;42.6383476
-3.6239591;42.6382370
-3.6247513;42.6384239
-3.6237860;42.6384315
-3.6234605;42.6385269
-3.6241572;42.6385574
-3.6250961;42.6385612
-3.6234572;42.6386070
-3.6229851;42.6386147
-3.6234992;42.6369476
-3.6241324;42.6386261
-3.6234632;42.6387253
-3.6232405;42.6387444
-3.6250489;42.6388206
-3.6245372;42.6388550
-3.6245100;42.6386795
-3.6234293;42.6388588
-3.6237419;42.6388931
-3.6240609;42.6389046
-3.6233997;42.6389809
-3.6237154;42.6390533
-3.6239603;42.6390800
-3.6233592;42.6391525
-3.6249135;42.6392441
-3.6240866;42.6392746
-3.6238854;42.6393013
-3.6238792;42.6393700
-3.6239991;42.6393700
-3.6240947;42.6393700
-3.6227889;42.6394806
-3.6241419;42.6395264
-3.6237905;42.6395340
-3.6245241;42.6395683
-3.6231241;42.6395874
-3.6245935;42.6396332
-3.6237497;42.6396370
-3.6262777;42.6396446
-3.6247110;42.6396828
-3.6231353;42.6397514
-3.6236403;42.6397972
-3.6258643;42.6398315
-3.6237438;42.6398354
-3.6261642;42.6398468
-3.6238718;42.6398544
-3.6241150;42.6398582
-3.6266241;42.6398773
-3.6235449;42.6399422
-3.6237137;42.6400261
-3.6237338;42.6405678
-3.6242771;42.6409874
-3.6762028;42.6442032
-3.6753335;42.6445847
-3.6741395;42.6479912
-3.6735227;42.6487999
-3.6708336;42.6505432
-3.6254752;42.6506577
-3.6335156;42.6517792
-3.6334460;42.6517601
-3.6238949;42.6520958
-3.6261771;42.6521378
-3.6239164;42.6521530
-3.6234622;42.6521835
-3.6232414;42.6521797
-3.6234913;42.6521873
-3.6234150;42.6522293
-3.6236241;42.6522865
-3.6546843;42.6522827
-3.6519339;42.6523170
-3.6235757;42.6523170
-3.6236727;42.6523170
-3.6236277;42.6523476
-3.6551707;42.6524124
-3.6237803;42.6524277
-3.6239016;42.6524391
-3.6232841;42.6524963
-3.6233637;42.6525345
-3.6674502;42.6526871
-3.6494699;42.6529045
-3.6470439;42.6534843
-3.6597145;42.6536369
-3.6217587;42.6537552
-3.6649439;42.6542854
-3.6092274;42.6550713
-3.6198862;42.6568680
-3.7101960;42.4044495
-3.7099471;42.4042511
-3.7445278;42.4064255
-3.7445774;42.4064941
-3.7645502;42.4345627
-3.7646699;42.4345894
-3.7758148;42.4284172
-3.7757170;42.4283943
-3.7277339;42.3822708
-3.7460129;42.3868141
-3.7764189;42.3877373
-3.7333820;42.3877983
-3.7325261;42.3879623
-3.7751420;42.3879929
-3.7566984;42.3880730
-3.7758803;42.3881111
-3.7755685;42.3881378
-3.7745759;42.3882027
-3.7365184;42.3882256
-3.7752151;42.3882599
-3.7755020;42.3882942
-3.7761071;42.3882942
-3.7760649;42.3883972
-3.7758644;42.3884354
-3.7551558;42.3885078
-3.7759864;42.3886185
-3.7498755;42.3886261
-3.7326097;42.3888435
-3.7338576;42.3889084
-3.7339871;42.3891220
-3.7759233;42.3891678
-3.7370002;42.3899765
-3.7517557;42.3905945
-3.7510319;42.3906860
-3.7143819;42.3931427
-3.7135918;42.3929443
-3.7168977;42.3935966
-3.7157161;42.3936882
-3.7160952;42.3939171
-3.7166126;42.3921089
-3.7162752;42.3940277
-3.7159059;42.3944626
-3.7162189;42.3945656
-3.7158010;42.3946037
-3.7156417;42.3945465
-3.7166190;42.3943329
-3.7163508;42.3946075
-3.7142546;42.3946571
-3.7132175;42.3943672
-3.7144864;42.3947029
-3.7156577;42.3948021
-3.7154272;42.3947563
-3.7149382;42.3948212
-3.7157807;42.3948402
-3.7158494;42.3948975
-3.7142196;42.3949318
-3.7168224;42.3949471
-3.7157238;42.3949966
-3.7146451;42.3950768
-3.7154622;42.3950882
-3.7165103;42.3951607
-3.7152374;42.3951797
-3.7151377;42.3951874
-3.7160277;42.3952026
-3.7150192;42.3952217
-3.7154226;42.3952370
-3.7157903;42.3952484
-3.7144556;42.3952713
-3.7142186;42.3950882
-3.7174101;42.3953438
-3.7153735;42.3954010
-3.7143073;42.3954391
-3.7141674;42.3954659
-3.7155373;42.3954849
-3.7157197;42.3953514
-3.7150350;42.3954887
-3.7149360;42.3955269
-3.7147877;42.3954239
-3.7153170;42.3955765
-3.7374687;42.3958054
-3.7151182;42.3958702
-3.7158515;42.3958817
-3.7140105;42.3974953
-3.7381179;42.3977051
-3.7135968;42.3981133
-3.7102501;42.4025688
-3.7099214;42.4028702
-3.7088959;42.4038010
-3.7452650;42.4074326
-3.7468801;42.4094810
-3.7468204;42.4095154
-3.7471817;42.4097672
-3.7323940;42.4097519
-3.7322724;42.4097786
-3.7461488;42.4099236
-3.7452195;42.4104996
-3.7479508;42.4107552
-3.7492778;42.4108124
-3.7498071;42.4099464
-3.7482841;42.4108200
-3.7480054;42.4108505
-3.7479537;42.4108925
-3.7488189;42.4109077
-3.7490799;42.4111061
-3.7481399;42.4111252
-3.7478812;42.4112053
-3.7494628;42.4113998
-3.7487957;42.4114151
-3.7483065;42.4114304
-3.7488246;42.4115143
-3.7491093;42.4115677
-3.7470474;42.4116020
-3.7489436;42.4116478
-3.7485189;42.4117050
-3.7501068;42.4116249
-3.7498155;42.4117393
-3.7495677;42.4117775
-3.7486250;42.4118156
-3.7492216;42.4118462
-3.7496662;42.4118538
-3.7504754;42.4118614
-3.7523227;42.4116249
-3.7503622;42.4118767
-3.7500052;42.4118919
-3.7481387;42.4118919
-3.7487338;42.4119301
-3.7493355;42.4119301
-3.7470839;42.4117661
-3.7500198;42.4120216
-3.7488372;42.4120483
-3.7498724;42.4121628
-3.7499943;42.4122200
-3.7494338;42.4122543
-3.7495325;42.4125175
-3.7492659;42.4127235
-3.7489216;42.4130096
-3.7495840;42.4130478
-3.7496314;42.4131126
-3.7502506;42.4137306
-3.7705016;42.4181595
-3.7704258;42.4182014
-3.7517090;42.4196358
-3.7663002;42.4203568
-3.7656918;42.4206734
-3.7656090;42.4207153
-3.7654269;42.4208107
-3.7652907;42.4208794
-3.7630289;42.4232140
-3.7617781;42.4245605
-3.7772672;42.4259033
-3.7774401;42.4255791
-3.7774997;42.4261551
-3.7774277;42.4263916
-3.7773912;42.4265137
-3.7777054;42.4265175
-3.7769220;42.4265289
-3.7771139;42.4266129
-3.7772639;42.4266434
-3.7779725;42.4268379
-3.7784898;42.4264565
-3.7767806;42.4268456
-3.7764156;42.4266853
-3.7769108;42.4268761
-3.7772398;42.4269714
-3.7769637;42.4272919
-3.7767644;42.4274025
-3.7769117;42.4274712
-3.7765992;42.4275894
-3.7583764;42.4275513
-3.7757862;42.4275932
-3.7770033;42.4276695
-3.7764876;42.4277267
-3.7770345;42.4277802
-3.7764707;42.4281921
-3.7587647;42.4282837
-3.7763157;42.4283447
-3.7745674;42.4283943
-3.7761443;42.4284668
-3.7595463;42.4290695
-3.7595811;42.4291000
-3.7600300;42.4291153
-3.7636776;42.4295921
-3.7640200;42.4296227
-3.7649579;42.4297562
-3.7681112;42.4302254
-3.7603998;42.4306145
-3.7712328;42.4344215
-3.7710080;42.4343872
-3.7647662;42.4345970
-3.7722151;42.4347305
-3.7730875;42.4349289
-4.0085020;42.7787819
-4.0086789;42.7787971
-4.0086579;42.7791100
-4.0097742;42.7793884
-4.0098329;42.7793198
-4.0105729;42.7791862
-4.0099831;42.7795334
-4.0086098;42.7793770
-4.0092320;42.7799034
-4.0101652;42.7795334
-4.0105891;42.7795715
-4.0096560;42.7798882
-4.0108309;42.7796555
-4.0105090;42.7797966
-4.0102730;42.7797585
-4.0108042;42.7800522
-4.0087810;42.7801704
-4.0091138;42.7805748
-4.0092211;42.7804184
-4.0130839;42.7823372
-4.0118551;42.7812195
-4.0132442;42.7824745
-4.0093341;42.7802849
-4.0088458;42.7803345
-4.0086899;42.7876778
-3.9445868;42.7699966
-3.9438703;42.7705536
-3.9433279;42.7707329
-3.9383948;42.7726135
-3.9382210;42.7734909
-3.9760160;42.7743950
-3.9754989;42.7744865
-3.9751298;42.7743721
-3.9750435;42.7745476
-3.9752800;42.7746735
-3.9748857;42.7748451
-3.9746366;42.7745476
-3.9730108;42.7749214
-3.9755399;42.7749138
-3.9758906;42.7748070
-3.9753578;42.7749786
-3.9750965;42.7749863
-3.9762142;42.7749977
-3.9748945;42.7750931
-3.9761939;42.7753029
-3.9796696;42.7759552
-3.9337022;42.7768593
-3.9358809;42.7762260
-3.9364321;42.7770309
-3.9687312;42.7777596
-3.9804702;42.7777367
-3.9804699;42.7777977
-3.9917867;42.7783012
-3.9916964;42.7780952
-3.9913859;42.7783089
-3.9918168;42.7783089
-3.9919446;42.7780151
-3.9922645;42.7783585
-3.9715056;42.7786560
-3.9853880;42.7784233
-3.9898779;42.7785568
-3.9911256;42.7785454
-3.9920568;42.7785530
-3.9915278;42.7785835
-3.9916475;42.7786255
-3.9907696;42.7786484
-3.9918492;42.7786865
-3.9906611;42.7786942
-3.9925485;42.7790451
-3.9903710;42.7790947
-3.9613740;42.7796326
-3.9903870;42.7796402
-3.9380515;42.7804070
-3.9384086;42.7818794
-3.9881327;42.7819481
-3.9619305;42.7828140
-3.9618325;42.7830353
-3.9783955;42.7831650
-3.9618926;42.7839508
-3.9619551;42.7842369
-3.9619887;42.7843399
-3.9780757;42.7842903
-3.9621372;42.7846565
-3.9623694;42.7848244
-3.9629169;42.7844391
-3.9617209;42.7849121
-3.9618309;42.7849960
-3.9620783;42.7852058
-3.9335024;42.7888832
-3.9777532;42.7903709
-3.9814899;42.7948227
-3.6948071;42.4302826
-3.6943181;42.4302711
-3.6912251;42.4302330
-3.6951516;42.4302940
-3.6949515;42.4255219
-3.6952083;42.4253616
-3.6936810;42.7675896
