0;1;0.647
2;3;3.922
4;5;4.116
6;7;7.817
8;9;6.425
10;11;0.414
12;10;1.236
13;14;0.523
15;16;0.630
17;18;1.141
19;20;7.841
21;22;16.197
21;23;6.307
24;25;15.823
25;26;7.593
27;28;17.594
29;30;3.465
31;32;6.948
33;31;5.022
34;33;0.689
35;34;18.158
36;35;14.156
37;36;58.956
38;37;34.563
39;38;33.067
40;41;3.534
41;39;6.880
42;43;0.920
41;42;5.381
44;42;1.937
45;46;1.644
46;44;1.529
47;46;1.442
47;44;0.342
47;48;13.763
49;50;7.986
51;52;12.793
53;54;6.193
53;51;14.029
53;55;2.877
56;55;9.804
55;57;11.704
57;56;18.114
58;59;16.651
60;57;19.750
60;59;12.788
61;60;2.072
59;62;6.112
62;61;2.226
63;61;8.615
64;65;4.530
65;64;8.533
65;66;2.805
66;62;10.484
64;29;13.165
67;66;8.059
67;68;6.883
29;67;5.787
69;70;64.752
70;71;4.404
72;69;27.022
71;12;21.703
73;74;2.173
24;75;10.524
22;24;5.277
74;76;6.142
22;77;10.426
76;78;5.854
78;21;2.422
78;79;1.138
80;81;18.133
81;82;0.189
79;83;3.773
83;84;0.829
85;22;14.587
84;85;1.562
85;86;9.272
25;86;28.147
86;87;0.693
79;88;5.826
88;83;9.937
89;76;16.292
89;88;10.860
87;90;4.966
84;91;2.769
88;92;2.453
90;93;5.752
94;89;4.632
95;87;6.441
93;28;2.587
91;96;18.715
92;97;9.277
91;98;6.602
99;95;7.868
94;100;6.240
97;100;5.385
96;101;11.388
101;95;2.809
101;99;7.626
102;72;24.205
92;19;7.075
99;90;21.827
97;19;7.211
93;103;10.831
104;96;7.123
82;13;11.228
19;105;3.592
105;106;2.225
100;107;6.737
105;107;8.396
106;108;3.536
109;102;3.137
106;110;15.408
28;111;14.317
111;109;3.161
112;113;1.217
114;73;52.167
11;15;23.656
115;112;1.850
113;114;41.136
14;17;37.238
116;115;8.810
18;117;12.339
117;118;1.225
16;119;27.197
118;116;43.314
120;121;10.926
121;122;22.121
122;123;4.663
124;125;0.758
126;127;30.889
128;129;30.647
127;130;15.990
131;128;15.284
130;132;12.303
133;131;7.918
134;135;15.549
134;132;16.470
136;133;21.188
137;134;16.908
137;138;9.613
139;136;1.627
132;140;21.208
141;139;3.804
140;142;2.550
142;141;2.127
143;144;15.394
143;145;3.091
146;147;14.953
143;146;4.854
148;143;4.162
149;142;14.549
150;151;8.352
150;137;17.667
152;150;1.821
153;146;4.770
154;152;2.973
153;154;4.349
155;153;4.842
149;155;7.151
156;142;3.591
157;156;1.051
158;155;7.846
158;149;6.249
159;158;3.537
157;159;6.767
154;160;13.775
160;159;9.506
152;161;13.099
161;162;10.625
160;162;5.139
163;157;4.488
164;161;33.662
165;163;3.382
162;166;14.696
166;163;11.919
167;165;9.381
168;167;11.856
169;168;5.662
170;169;15.630
171;170;3.571
172;173;8.929
173;171;2.467
171;174;2.074
173;175;5.240
174;175;3.750
176;175;2.619
177;173;4.574
178;177;8.158
179;178;13.605
174;180;9.531
181;179;30.389
180;182;7.569
182;183;24.928
183;184;17.890
184;185;4.910
185;186;4.708
186;187;11.893
186;188;1.840
189;185;28.832
189;188;17.364
190;189;22.784
188;191;0.760
191;192;18.664
191;193;3.070
193;194;7.522
195;196;23.048
196;197;9.703
194;198;94.286
198;199;13.157
200;198;24.473
201;200;11.512
199;202;1.899
203;200;7.095
204;203;2.259
204;199;9.115
205;203;8.164
206;204;10.984
202;206;4.096
207;195;48.274
208;205;12.193
206;208;2.533
209;207;12.491
208;210;13.066
210;211;1.212
211;212;1.820
212;124;4.732
125;209;9.439
210;213;3.541
212;214;8.850
215;216;11.163
213;215;1.007
213;217;8.412
215;218;15.007
218;219;25.736
219;220;25.216
220;221;20.138
222;223;63.372
224;225;3.910
226;227;0.557
228;229;1.260
230;231;0.540
232;233;0.755
234;235;6.146
235;226;18.603
227;236;38.773
236;237;17.991
237;238;1.279
238;239;32.889
239;240;32.253
239;241;21.987
242;243;15.957
243;241;14.750
243;244;17.294
244;245;7.999
246;247;3.687
247;248;14.636
245;248;13.495
244;249;15.082
248;250;6.249
250;251;2.559
241;252;14.371
250;253;13.719
252;254;3.970
254;255;24.497
255;256;16.695
256;257;1.200
258;259;0.201
259;260;20.550
257;260;46.995
260;261;14.287
261;262;6.217
262;263;11.358
264;265;20.176
266;263;22.354
263;267;29.343
267;268;5.374
269;266;5.645
268;270;14.341
271;269;11.746
272;273;5.806
272;274;7.449
275;276;5.150
276;272;2.060
277;276;6.242
278;277;12.223
279;264;110.961
280;281;13.643
281;282;17.860
282;275;23.008
283;277;13.542
283;277;17.681
282;284;3.990
281;285;10.753
284;286;7.197
286;287;2.560
287;283;2.736
285;288;11.549
288;284;5.689
280;289;15.626
289;290;9.029
290;285;10.686
288;291;4.739
291;286;9.237
292;289;10.519
291;293;2.250
293;287;12.104
289;294;7.327
294;295;2.670
295;290;6.270
225;293;2.942
296;294;9.116
295;297;2.949
298;224;5.614
298;299;4.401
300;301;28.304
301;298;10.864
301;302;4.502
302;303;0.760
303;224;11.130
303;304;0.587
305;302;3.278
304;306;4.605
306;279;37.317
304;307;12.899
308;309;27.758
309;310;6.547
311;271;26.840
270;312;34.714
313;311;1.827
312;313;1.814
229;300;58.778
313;314;11.132
315;316;10.269
315;317;6.425
316;318;5.331
316;319;6.868
317;320;13.663
317;321;20.931
319;321;4.415
320;322;7.714
321;322;2.838
319;323;11.032
318;323;9.445
318;228;30.993
323;324;6.720
321;325;12.411
318;326;24.850
322;327;13.299
328;320;24.651
327;329;0.772
328;327;28.182
329;330;11.065
325;330;10.500
330;331;11.263
310;332;63.880
332;333;5.705
334;315;46.024
314;335;21.791
335;336;4.784
335;337;2.187
337;336;4.647
336;338;12.945
338;334;44.274
333;339;45.405
337;340;17.284
340;341;13.738
342;230;1.216
341;343;15.299
339;344;63.910
231;232;22.350
344;345;21.323
343;346;13.795
345;347;9.445
347;348;2.848
348;349;4.229
349;233;53.915
350;351;4.443
352;350;31.266
353;352;1.387
346;353;7.137
351;354;19.348
354;342;73.088
349;355;23.057
356;357;15.516
356;358;2.486
358;359;13.429
360;356;19.061
361;360;7.051
362;360;1.620
355;362;8.543
363;358;7.342
364;363;15.062
365;362;8.249
366;363;9.991
366;365;17.692
367;366;11.706
368;365;22.873
369;367;32.291
367;370;11.107
371;372;5.061
353;373;11.425
374;375;9.324
376;374;2.779
375;377;8.430
378;376;7.782
374;379;6.106
379;378;6.464
380;373;3.867
378;381;12.798
381;380;3.488
382;377;5.876
377;383;8.011
383;379;13.989
384;378;7.968
384;381;10.225
379;385;13.336
382;386;7.303
386;387;4.859
388;382;14.669
387;388;7.471
383;389;7.965
389;385;8.483
390;391;9.668
391;388;2.896
392;391;2.493
385;393;6.789
394;389;2.636
393;395;8.849
395;384;9.959
396;397;4.269
397;398;56.818
399;380;5.467
399;396;46.192
400;393;2.761
401;399;0.813
398;402;4.564
388;403;12.697
387;403;9.408
386;404;11.225
404;394;6.425
394;405;7.623
403;406;4.813
406;404;4.734
407;395;8.737
407;401;9.192
408;406;2.263
405;408;9.647
408;409;6.538
405;410;10.561
410;407;18.874
411;407;13.357
411;401;5.208
409;410;16.588
409;412;16.393
413;411;29.111
414;413;24.961
415;414;4.751
416;415;18.394
417;416;23.848
418;419;3.957
420;371;0.800
420;421;6.792
422;423;4.514
424;425;0.852
426;427;1.006
428;429;0.918
430;431;0.382
432;433;52.886
433;424;3.938
425;434;8.165
434;435;9.102
435;436;25.791
436;437;0.522
437;438;16.915
438;439;18.799
439;440;17.514
440;426;3.103
427;441;8.957
442;441;5.273
443;442;10.255
443;444;1.846
445;443;3.010
444;446;20.530
447;445;29.167
448;447;6.478
446;449;8.364
450;447;5.143
450;451;4.718
451;452;3.698
452;445;6.925
451;450;5.318
453;448;14.394
449;454;20.562
444;455;16.989
456;448;8.568
453;457;4.389
457;456;3.785
458;455;12.529
457;459;1.174
460;458;3.432
447;461;10.738
461;452;3.946
461;460;5.808
456;462;6.865
462;461;14.805
459;463;4.367
463;462;2.356
455;464;9.987
465;464;9.354
463;466;3.013
467;461;3.120
458;468;7.710
468;469;5.891
470;453;25.142
471;472;7.104
472;470;7.008
473;459;11.497
474;460;7.469
464;475;1.908
476;474;4.153
469;477;3.732
477;475;1.957
478;476;5.208
467;478;4.470
466;479;8.135
479;467;1.829
480;473;3.408
468;481;4.218
481;477;5.902
470;482;7.904
482;473;12.245
483;479;1.284
482;484;0.980
485;481;2.814
480;486;4.454
487;466;8.109
487;483;0.706
474;488;5.807
488;485;3.998
489;487;0.781
490;488;1.850
484;491;4.501
476;492;7.121
492;490;3.753
493;492;1.934
484;494;4.610
494;480;8.288
475;495;8.226
478;496;7.389
496;493;1.432
497;485;6.309
490;497;5.848
483;498;9.727
498;496;4.499
499;489;4.641
495;500;3.540
489;501;5.847
497;502;3.378
495;502;13.354
494;503;9.172
503;499;1.462
504;501;4.894
501;505;4.608
505;498;7.437
472;506;18.736
504;507;4.608
493;508;10.117
502;508;5.427
506;509;9.984
509;503;1.444
499;510;6.991
507;510;1.104
505;511;2.564
512;504;5.153
507;512;6.889
508;513;5.871
511;512;11.659
513;514;3.252
511;515;7.014
508;515;13.438
514;516;4.508
513;517;6.926
517;518;5.021
510;519;9.213
515;520;4.100
506;521;12.034
521;509;3.671
522;521;1.153
520;523;5.818
514;524;9.101
525;520;10.063
517;526;12.250
522;527;9.950
527;525;14.630
528;522;4.304
527;529;7.678
525;530;22.706
454;531;119.036
532;528;10.240
532;533;1.523
533;534;6.147
534;428;0.942
429;535;0.302
535;536;11.057
536;430;14.422
537;431;6.810
538;537;1.953
431;539;0.834
539;538;3.411
539;540;0.604
541;538;7.809
540;541;2.154
537;542;46.464
542;543;31.339
541;544;49.706
544;545;14.453
545;546;5.970
547;548;4.152
549;550;2.937
551;552;1.506
553;554;0.672
555;556;0.631
557;558;0.313
559;560;0.469
561;562;0.532
563;564;1.438
565;566;1.523
567;568;1.480
569;570;1.393
571;572;2.199
573;574;1.805
575;576;1.791
577;578;1.281
579;580;1.733
581;582;1.347
583;584;1.153
585;586;5.616
587;585;21.820
588;589;25.363
586;585;19.166
590;591;21.799
591;567;6.595
568;592;52.878
592;593;15.577
593;594;13.477
594;595;8.879
595;596;1.928
597;598;11.772
596;599;6.959
599;569;1.407
570;600;3.342
600;601;0.337
602;603;1.727
603;604;4.235
604;605;3.730
602;605;6.261
605;606;5.312
601;606;5.784
606;607;2.573
601;607;34.438
604;608;13.401
608;609;4.971
605;609;13.193
609;610;2.187
610;611;4.060
607;612;3.299
611;612;3.976
613;614;4.612
608;614;7.678
612;615;3.434
610;616;10.371
611;616;8.046
616;617;3.323
614;618;9.875
615;619;2.315
619;615;22.845
614;620;7.835
618;620;5.831
618;621;1.003
617;621;5.830
620;622;2.400
619;623;1.315
598;624;34.824
622;625;5.351
625;626;12.453
625;626;5.413
626;627;5.187
623;628;2.160
623;629;8.305
617;630;10.709
629;630;1.605
630;631;2.738
621;632;9.871
631;632;4.051
633;622;9.500
633;634;0.837
632;634;7.508
635;633;4.096
632;636;2.544
631;636;6.035
572;637;0.757
628;638;7.234
628;639;3.586
639;571;1.577
626;640;9.294
640;635;12.113
638;641;2.997
639;641;4.320
629;642;9.985
642;638;10.611
640;643;6.373
642;644;5.719
641;644;11.741
644;645;2.763
636;646;13.499
646;645;3.084
634;647;16.849
648;647;1.136
646;648;5.033
637;649;3.986
647;635;26.604
645;648;20.804
624;650;15.053
650;651;0.922
650;652;8.961
651;653;2.637
652;653;2.017
649;654;14.752
654;651;17.813
655;654;0.635
653;655;9.984
656;655;7.245
653;656;3.854
656;657;27.363
657;658;31.995
658;659;5.990
660;661;3.301
662;659;16.321
659;663;1.451
662;664;12.163
664;661;12.087
665;666;13.008
663;666;3.653
661;667;5.525
667;668;1.753
666;669;2.929
668;670;4.763
663;671;12.088
669;672;1.372
666;673;7.976
671;673;14.150
671;674;5.049
674;662;16.139
667;675;12.200
664;676;11.346
675;676;4.173
677;676;7.903
675;678;4.884
674;679;4.006
679;677;4.122
680;678;9.366
668;680;20.679
681;682;9.581
673;683;8.983
684;682;2.611
685;684;3.612
686;671;7.331
679;686;5.568
676;677;14.637
687;688;16.337
688;682;10.540
679;689;7.629
683;690;6.367
690;686;6.261
691;669;18.694
690;691;10.713
692;688;5.885
672;551;7.109
690;693;5.043
678;694;21.358
695;693;3.785
693;696;9.650
690;697;12.375
698;695;4.210
697;698;1.670
684;699;19.176
698;700;8.131
700;701;3.058
701;697;19.368
702;703;28.051
699;704;19.541
704;703;14.392
705;706;7.441
703;707;11.600
705;707;5.169
707;708;9.788
705;709;16.902
710;711;9.700
704;712;26.673
710;713;5.958
713;714;4.589
714;715;5.997
712;716;1.312
717;716;6.100
707;717;15.767
714;718;7.747
715;718;5.792
716;719;7.240
717;719;3.824
718;720;3.371
720;721;14.134
722;713;6.506
719;723;1.828
720;724;2.045
712;725;9.649
710;726;9.787
722;726;7.581
727;722;7.141
724;727;10.295
725;728;2.274
727;729;3.107
724;730;8.739
731;726;13.624
730;732;2.010
733;731;9.238
729;734;6.119
732;734;9.429
733;735;3.530
736;737;6.396
736;733;12.800
734;738;4.078
726;739;18.209
731;740;10.736
739;740;0.893
741;735;11.188
739;742;6.307
729;742;18.733
743;740;7.097
738;744;6.931
730;744;18.570
735;745;8.489
745;743;3.715
741;746;3.245
741;747;7.561
747;746;7.028
748;749;5.009
744;748;5.579
750;746;1.918
750;745;6.126
736;751;14.534
751;747;5.516
743;752;5.126
753;751;1.888
742;754;7.380
742;754;14.217
755;753;13.694
756;747;14.141
757;755;15.273
757;753;8.539
756;757;2.707
758;756;11.787
758;750;14.853
758;759;4.166
754;759;18.287
748;760;31.690
760;761;3.129
762;759;6.350
762;760;3.611
763;764;0.390
550;762;12.269
764;765;2.380
766;763;41.108
765;767;14.134
728;768;37.913
768;769;0.221
767;770;13.576
770;771;4.488
771;772;0.601
772;773;1.192
769;581;19.058
774;549;125.765
549;766;6.862
582;775;7.066
552;775;82.946
775;776;0.842
773;777;34.413
777;778;7.521
779;774;53.977
778;780;5.436
776;781;27.441
780;782;12.335
782;783;3.114
781;784;32.339
784;785;1.734
783;786;33.347
786;787;9.183
787;788;2.624
788;789;0.369
784;790;42.782
789;791;15.122
791;792;13.353
792;793;3.906
793;794;1.567
785;795;70.134
790;796;33.062
796;797;2.242
798;799;12.883
800;798;8.707
798;801;5.020
801;802;2.389
802;803;6.747
797;803;15.858
800;804;6.997
801;804;6.793
805;804;3.174
802;805;9.167
800;806;17.095
807;806;3.215
804;807;8.000
806;808;7.903
805;809;7.362
803;809;13.859
810;809;4.327
807;811;12.099
811;810;7.356
812;811;1.527
794;813;20.005
795;814;30.123
813;815;4.267
814;815;0.170
816;813;4.604
815;816;0.577
816;817;0.912
588;817;5.496
814;588;5.598
818;819;41.420
817;820;25.035
589;821;7.862
821;822;0.487
822;823;5.224
824;825;17.032
826;824;8.191
827;824;5.140
827;825;9.118
828;826;3.311
829;830;4.685
830;828;0.694
827;831;5.421
825;832;13.077
819;833;54.877
830;833;8.845
831;834;2.236
834;832;7.030
828;835;7.512
826;836;11.280
831;836;4.910
833;837;2.290
838;834;7.154
836;839;8.199
837;840;2.371
841;838;6.226
832;841;9.950
842;823;6.064
840;839;1.756
820;553;32.578
842;843;3.301
840;844;5.384
845;846;2.062
846;847;2.760
843;848;7.968
838;849;11.339
843;850;12.903
850;851;7.219
841;852;13.991
847;852;12.965
839;853;7.031
853;849;0.259
850;854;4.584
851;854;6.131
849;855;0.959
855;852;10.645
856;844;10.982
823;857;9.704
855;858;0.964
844;856;16.640
851;859;11.765
859;860;0.523
861;862;6.003
854;861;5.263
863;856;3.009
863;853;14.577
854;864;10.055
860;864;5.196
858;865;10.684
866;852;12.521
847;866;17.146
864;867;2.204
861;868;7.480
867;868;6.450
868;869;0.895
870;867;8.984
866;871;9.509
869;872;8.910
873;870;1.672
866;874;8.822
857;875;4.355
863;876;19.666
857;877;23.530
878;877;9.733
877;879;1.963
869;880;7.034
876;881;8.657
858;881;7.097
881;874;7.203
872;882;6.498
882;880;3.856
883;882;1.597
880;884;6.780
884;885;1.377
873;885;11.168
879;886;7.674
872;886;17.785
887;888;4.599
879;888;10.280
887;889;15.179
889;887;3.244
890;873;16.167
884;883;12.180
885;890;5.547
874;891;15.193
875;892;14.723
892;889;4.519
886;893;6.717
893;883;16.314
881;894;4.339
554;895;24.790
888;896;15.291
893;896;6.938
875;897;6.430
896;898;20.548
897;898;1.064
894;899;12.590
895;900;69.040
900;587;27.592
899;901;51.090
902;903;2.834
904;905;4.024
903;905;4.441
906;905;5.336
905;907;4.206
907;903;6.679
906;908;4.604
908;907;5.768
907;909;8.807
909;910;11.092
909;911;2.531
912;913;11.040
911;914;0.777
915;912;6.152
915;906;13.397
908;916;7.016
914;916;5.684
914;917;0.920
913;918;1.298
916;919;1.172
920;915;4.227
921;917;2.640
922;919;6.013
918;923;4.811
923;920;4.358
919;924;4.484
921;924;5.485
922;920;14.653
917;921;15.238
923;918;22.599
924;925;7.348
901;926;40.062
925;922;17.801
574;927;2.479
928;929;12.760
930;928;4.205
928;931;1.716
929;932;11.079
933;932;6.858
931;934;12.298
932;934;2.647
935;573;14.278
934;936;4.184
932;933;15.992
937;935;42.782
926;577;20.782
578;938;0.544
939;937;26.591
940;939;11.702
586;941;38.251
942;941;20.562
943;942;2.731
944;943;1.429
945;944;3.173
945;946;0.843
941;947;7.366
942;948;8.514
949;950;8.948
946;949;2.268
943;944;16.468
938;951;29.340
952;953;5.156
949;952;3.970
951;954;14.768
954;955;4.183
946;956;18.609
955;957;6.095
957;958;6.230
952;958;4.124
956;959;2.502
955;960;13.620
960;957;6.330
956;961;11.394
957;962;2.252
958;962;2.307
947;963;6.691
961;964;5.197
959;961;18.480
965;966;8.563
964;965;2.396
960;967;8.033
967;962;7.421
963;555;0.965
965;968;8.273
967;969;4.269
962;969;3.101
969;970;8.625
971;972;5.878
962;973;4.856
973;968;4.332
970;974;5.690
968;964;30.109
556;975;2.303
972;976;6.677
977;940;49.462
974;978;3.014
976;972;13.247
969;979;3.195
976;980;5.448
979;980;1.120
974;981;5.295
982;975;8.054
973;982;11.020
983;973;6.490
980;984;0.764
982;985;2.987
975;985;1.879
985;986;1.753
986;987;3.308
975;987;4.755
988;979;8.634
987;989;1.636
989;977;5.696
990;983;3.036
991;990;0.662
991;982;3.792
989;992;4.702
986;993;2.364
989;993;5.949
994;991;1.513
985;994;1.766
988;995;4.654
970;995;19.987
993;996;2.188
996;994;2.881
997;984;7.101
997;988;8.281
998;983;4.713
998;990;3.650
997;995;13.912
992;575;8.250
999;998;2.808
994;999;2.232
999;1000;0.489
996;1000;10.346
984;1001;9.055
997;1002;11.591
1001;1003;0.492
1003;583;6.580
576;1004;10.320
1000;557;10.271
558;1005;0.270
1004;1006;10.246
1005;559;9.575
584;1007;33.536
560;561;8.166
1007;1008;8.530
562;1008;4.038
1006;1009;15.175
1010;1011;34.416
1008;1012;7.702
1011;1010;4.161
1010;1013;17.677
1011;1014;5.349
1015;1014;31.350
1016;1014;6.863
1016;1017;29.102
1015;1018;3.306
1015;1018;4.590
1018;1019;1.661
1019;1020;2.686
1019;1021;2.652
1021;1016;5.635
1009;1022;7.895
1021;1023;9.234
1023;1024;33.170
1024;1025;16.022
1023;1025;4.856
1024;1026;10.977
1027;1026;8.462
1026;1028;4.810
1025;1029;4.573
1012;1030;22.820
1027;1031;3.033
1031;1029;0.410
1029;1032;2.711
1030;1033;1.586
1034;1027;6.096
1034;1031;1.710
1033;1035;1.464
1035;1036;0.447
1037;1034;1.301
1038;1037;0.669
580;1038;1.823
1036;1039;1.474
1040;1030;5.911
1039;1040;0.992
1035;1041;2.874
1033;1041;6.111
1042;1039;5.552
1042;1036;7.014
1041;1042;5.707
1043;1040;14.966
1044;1043;3.984
1022;1045;14.288
1046;579;129.488
1022;1046;34.396
1042;1047;26.856
1048;1044;19.118
1045;1049;17.512
564;1048;9.791
1050;563;1.600
1051;565;6.194
1047;1051;28.442
1052;1050;0.799
566;1052;1.979
1047;1053;19.311
1049;1054;15.292
1055;1056;4.020
1056;1057;6.199
1058;1055;2.222
1058;1059;5.346
1057;1060;5.684
1056;1061;2.832
1060;1062;5.293
1061;1057;8.190
1059;1063;7.558
1059;1063;17.288
1061;1064;4.555
1062;1065;5.296
1064;1066;4.639
1067;1058;8.089
1063;1067;6.015
1068;1067;1.764
1062;1069;24.118
1064;1070;4.644
1070;1068;3.157
1069;1071;1.008
1072;1065;3.676
1069;1073;12.000
1065;1073;11.738
1074;1060;11.974
1074;1075;3.674
1074;1072;8.936
1076;1074;3.528
1076;1070;10.705
1073;1077;5.737
1077;1078;7.654
1078;1072;6.184
1078;1079;1.638
1079;1076;8.771
1052;1080;41.256
1071;1081;13.746
1082;1071;10.487
1083;1084;2.784
1081;1083;2.375
1082;1085;8.342
1081;1086;8.854
1082;1086;3.922
1077;1087;13.396
1087;1079;16.723
1086;1088;6.490
1054;1089;44.381
1088;1090;3.747
1090;1087;7.972
1088;1091;4.392
1083;1092;12.915
1086;1092;14.351
1092;548;7.804
548;1093;0.792
1093;1090;18.204
1053;1094;45.875
1089;547;57.748
1093;1095;8.310
1096;1097;10.178
1095;1098;41.594
1099;1100;1.100
1101;1102;32.566
1100;1101;49.710
1103;1099;32.385
1098;1103;67.718
1104;1105;76.269
1106;1107;61.628
1107;1108;21.771
1108;1109;43.236
1109;1104;3.460
1112;1113;3.659
1111;1114;45.173
1114;1115;2.502
1113;1116;5.492
1117;1110;77.124
1118;1117;3.657
1115;1119;57.884
1119;1120;0.199
1116;1121;24.243
1121;1122;2.655
1123;1122;4.738
1124;1123;1.272
1123;1125;3.227
1122;1125;1.165
1121;1126;11.753
1125;1127;0.203
1126;1127;1.267
1127;1128;3.143
1129;1128;2.615
1127;1130;0.919
1131;1132;21.090
1133;1131;7.203
1134;1133;3.397
1135;1134;3.129
1136;1135;0.940
1135;1137;24.618
1138;1137;6.706
1137;1139;8.537
1139;1136;1.073
1140;1139;2.018
1138;1140;15.344
1136;1141;25.141
1142;1143;5.269
1144;1140;4.502
1144;1145;3.417
1143;1145;8.621
1146;1147;3.647
1148;1146;0.867
1149;1144;1.023
1145;1150;5.176
1150;1151;1.769
1151;1143;6.177
1147;1152;6.375
1145;1153;5.176
1150;1154;3.907
1155;1149;2.906
1153;1156;3.150
1154;1156;4.633
1157;1155;2.474
1151;1158;15.721
1149;1159;10.049
1159;1153;9.004
1154;1160;6.450
1152;1161;10.150
1162;1160;11.357
1158;1162;1.199
1156;1163;5.517
1160;1163;4.258
1152;1157;13.985
1162;1164;3.073
1159;1165;8.680
1163;1165;3.709
1160;1166;8.263
1166;1164;7.094
1165;1167;4.184
1158;1168;21.147
1169;1148;16.976
1166;1170;10.308
1167;1171;6.858
1170;1171;3.184
1164;1172;13.923
1173;1172;4.409
1172;1174;22.198
197;1169;24.073
1175;1176;2.097
1177;1175;7.428
1178;1179;3.422
1180;1181;9.862
1181;1182;24.660
1183;1180;25.702
1184;1185;0.981
1186;1187;1.050
1188;1189;3.691
1190;1191;0.999
1192;1193;0.805
1194;1195;1.415
1196;1197;1.114
1198;1199;0.701
1200;1201;1.454
1202;1203;2.128
1203;1204;31.279
1204;1192;0.738
1193;1205;68.849
1205;1206;2.366
1206;1207;5.923
1207;1208;3.275
1208;1209;1.626
1210;1209;15.010
1209;1211;0.514
1207;1212;6.365
1208;1213;3.593
1211;1214;2.489
1215;1214;5.745
1214;1216;2.075
1217;1216;8.819
1211;1217;15.334
1216;1218;4.182
1218;1219;10.678
1218;1186;2.001
1219;1220;6.181
1187;1221;3.993
1221;1222;6.413
1221;1223;0.203
1223;1224;7.203
1224;1225;0.679
1225;1194;10.144
1195;1226;0.332
1226;1227;27.840
1228;1229;8.841
1230;1231;14.230
1229;1232;47.956
1232;1233;0.682
1233;1234;1.659
1235;1232;29.253
1235;1234;18.271
1231;1236;49.128
1236;1235;13.278
1237;1238;6.661
1238;1236;2.513
1239;1238;3.363
1240;1239;3.163
1241;1240;2.987
1239;1242;8.238
1242;1243;5.997
1234;1184;9.095
1244;1240;7.199
1241;1245;8.177
1242;1246;10.217
1247;1243;7.727
1247;1246;3.982
1248;1247;1.493
1249;1244;9.141
1246;1249;0.876
1244;1250;4.735
1250;1251;8.295
1249;1251;1.314
1252;1241;16.681
1252;1250;12.562
1243;1253;15.477
1185;1253;2.712
1251;1254;3.191
1255;1252;3.544
1256;1255;29.681
1253;1257;13.855
1257;1258;2.010
1258;1259;50.826
1259;1260;13.873
1259;1261;33.470
1262;1263;2.178
1261;1190;22.962
1264;1262;23.960
1265;1266;8.613
1265;1267;3.454
1268;1269;2.354
1265;1269;3.973
1266;1188;16.367
1270;1264;12.070
1269;1270;4.046
1271;1189;18.250
1272;1271;8.411
1273;1270;8.454
1273;1272;2.381
1274;1273;0.704
1271;1272;16.880
1189;1275;14.041
1276;1274;6.025
1274;1276;7.945
1277;1278;21.648
1275;1278;9.734
1279;1277;3.862
1276;1280;8.417
1280;1281;1.510
1279;1281;14.036
1279;1282;3.242
1283;1277;6.065
1284;1283;1.200
1282;1284;3.829
1278;1283;15.665
1281;1285;2.757
1197;1286;5.469
1285;1287;12.562
1287;1282;6.377
1285;1288;7.110
1275;1196;13.246
1260;1198;67.319
1199;1289;0.335
1290;1287;12.335
1286;1291;19.460
1289;1292;50.226
1191;1183;1.478
1291;1200;96.478
1201;1293;30.531
1294;0;3.632
1295;1296;0.867
1297;1298;0.636
1299;1300;0.767
1301;1302;0.841
1304;1305;37.279
1305;1306;3.574
1306;1307;4.544
1308;1307;17.440
1309;1308;2.329
1309;1310;10.591
1311;1309;5.493
1312;1311;5.139
1312;1310;9.562
1313;1311;21.190
1313;1312;20.364
1314;1308;27.086
1315;1313;9.756
1307;1316;20.905
1316;1314;18.075
1317;1314;16.969
1317;1315;5.867
1318;1317;1.665
1316;1296;1.458
1319;1295;0.618
1298;1319;6.369
1320;1321;12.162
1322;1320;7.081
1323;1321;10.600
1320;1323;12.516
1323;1324;2.677
1325;1297;176.502
1326;1325;2.917
1327;1326;23.593
1328;1327;2.072
1329;1326;10.864
1329;1328;16.206
1330;1328;13.952
1331;1329;41.475
1300;1331;18.394
1302;1299;42.790
1332;1301;5.066
1333;1334;4.150
1335;1336;0.899
1337;1338;0.842
1339;1340;0.394
1341;1342;1.295
1343;1344;0.932
1345;1346;63.169
1346;1341;18.036
1342;1343;16.326
1347;1348;3.801
1348;1349;76.580
1350;1351;34.376
1352;1350;3.156
1350;1353;5.779
1354;1355;8.955
1351;1356;12.281
1357;1358;7.070
1358;1359;8.858
1352;1360;6.842
1360;1361;2.799
1362;1354;10.804
1363;1351;9.027
1363;1362;0.814
1358;1364;4.401
1356;1365;5.251
1365;1363;2.621
1366;1367;0.322
1360;1368;6.052
1368;1365;3.401
1369;1370;9.463
1364;1370;8.260
1371;1372;13.450
1373;1374;4.415
1364;1375;8.230
1375;1360;7.702
1375;1368;2.490
1376;1375;2.389
1367;1373;9.926
1377;1378;10.495
1370;1377;5.069
1377;1376;1.581
1372;1366;68.272
1379;1377;3.264
1354;1371;51.917
1374;1347;55.969
1376;1380;14.132
1377;1381;13.306
1344;1382;27.533
1382;1379;11.797
1383;1384;19.689
1336;1382;13.798
1385;1383;7.374
1382;1386;21.784
1386;1387;10.336
1388;1335;9.032
1389;1388;0.849
1390;1391;4.667
1391;1392;21.114
1391;1393;1.243
1338;1389;24.335
1393;1394;2.787
1395;1337;0.487
1393;1396;6.168
1396;1397;4.369
1396;1398;3.352
1398;1399;5.780
1398;1400;5.637
1400;1401;18.118
1402;1403;4.985
1404;1405;10.323
1404;1406;3.275
1388;1407;27.347
1408;1400;9.589
1409;1410;13.733
1403;1409;9.391
1407;1411;4.538
1412;1404;4.854
1408;1412;11.076
1413;1408;1.492
1411;1414;4.858
1407;1415;15.936
1415;1403;8.326
1416;1409;5.448
1412;1417;5.486
1417;1413;1.534
1418;1395;12.971
1415;1419;6.281
1419;1416;4.166
1416;1420;5.617
1411;1421;17.192
1421;1415;4.262
1422;1418;1.466
1420;1423;10.734
1409;1423;16.454
1414;1424;11.840
1419;1425;5.012
1425;1420;5.906
1421;1426;13.463
1425;1426;3.202
1413;1427;14.016
1424;1428;9.724
1428;1421;7.904
1424;1429;6.182
1430;1417;4.935
1429;1431;5.334
1426;1432;4.076
1427;1430;13.172
1429;1433;3.111
1433;1428;5.163
1434;1430;0.911
1433;1435;3.396
1432;1436;6.021
1423;1437;12.358
1438;1437;2.130
1436;1438;5.793
1434;1439;7.021
1436;1440;3.740
1441;1438;2.620
1414;1442;25.643
1442;1443;14.250
1443;1433;8.367
1435;1444;16.677
1432;1444;8.305
1443;1445;6.669
1435;1445;5.767
1437;1446;13.880
1444;1447;2.347
1445;1447;18.207
1447;1448;7.301
1448;1441;12.306
1448;1449;7.497
1441;1449;9.122
1449;1450;5.041
1451;1434;9.719
1442;1452;18.906
1453;1451;7.688
1454;1385;30.603
1455;1453;23.947
1387;1455;53.029
1456;1422;35.729
1457;1456;21.508
1458;1459;14.231
1460;1458;7.052
1460;1461;20.828
1460;1462;11.670
1462;1454;46.446
1458;1463;18.983
1462;1464;19.714
1340;1457;20.622
1465;1339;9.845
1466;1467;1.175
1468;1469;1.608
1470;1471;1.070
1472;1473;30.205
1473;1474;11.115
1474;1475;26.515
1475;1476;21.522
1476;1477;12.867
1477;1478;28.029
1478;1479;2.979
1479;1480;2.411
1480;1481;1.046
1481;1482;13.652
1483;1484;5.189
1481;1483;1.736
1485;1480;21.418
1486;1487;3.874
1483;1486;3.315
1488;1485;3.655
1485;1489;4.918
1488;1490;2.286
1490;1491;3.296
1489;1491;2.119
1492;1489;7.546
1492;1493;1.028
1490;1494;3.847
1491;1495;2.178
1486;1496;3.409
1496;1488;11.751
1497;1492;17.061
1498;1497;1.725
1496;1499;0.888
1495;1500;8.168
1495;1501;12.667
1499;1502;1.109
1499;1501;7.888
1502;1503;14.622
1503;1504;2.419
1500;1505;6.312
1497;1505;16.117
1506;1498;11.115
1507;1506;3.693
1502;1508;2.867
1509;1507;1.407
1503;1510;11.060
1501;1511;11.111
1508;1510;10.048
1512;1500;14.551
1512;1513;5.772
1505;1513;8.098
1511;1512;5.899
1508;1514;0.815
1511;1514;8.260
1509;1515;5.795
1509;1516;7.559
1513;1517;4.160
1518;1509;6.051
1517;1519;3.140
1514;1520;2.000
1521;1520;18.572
1521;1517;3.085
1518;1522;6.739
1523;1518;4.292
1524;1525;4.989
1510;1524;9.601
1522;1526;3.529
1523;1527;3.486
1522;1528;4.617
1524;1529;5.981
1530;1529;8.284
1520;1530;2.609
1531;1523;8.642
1532;1521;7.799
1532;1531;16.005
1530;1533;1.370
1534;1533;4.534
1534;1535;3.314
1533;1536;1.119
1536;1537;3.809
1537;1534;2.579
1538;1532;5.827
1539;1538;2.115
1537;1539;9.071
1540;1538;3.493
1540;1532;8.851
1536;1541;1.657
1529;1542;13.687
1539;1543;6.303
1544;1540;8.195
1544;1531;17.015
1541;1545;2.784
1543;1545;8.916
1543;1546;14.240
1546;1544;7.011
1545;1547;3.376
1547;1548;8.798
1548;1549;12.961
1549;1550;13.520
1471;1551;4.317
1550;1551;3.704
1552;1470;11.136
1553;1552;5.771
1554;1553;4.733
1555;1556;26.578
1557;1554;91.307
1558;1557;2.040
1559;1558;1.432
1556;1559;21.458
1560;1555;35.546
1561;1562;7.900
1560;1562;2.538
1563;1564;3.460
1565;1561;16.034
1566;1565;2.532
1565;1567;3.017
1561;1568;5.926
1562;1568;1.988
1569;1566;1.699
1569;1570;8.084
1571;1563;10.924
1563;1571;6.719
1572;1569;2.882
1566;1573;8.989
1568;1573;2.648
1572;1574;3.069
1575;1571;5.045
1575;1570;6.010
1576;1571;5.744
1576;1575;7.510
1577;1575;9.180
1577;1572;6.619
1578;1577;2.525
1579;1578;0.769
1573;1579;3.821
1580;1576;9.977
1575;1580;10.141
1581;1580;6.076
1578;1581;4.623
1582;1581;1.284
1583;1582;1.666
1582;1584;3.767
1585;1583;3.302
1583;1584;7.127
1585;1586;2.127
1584;1587;7.310
1588;1585;10.878
1589;1588;1.935
1588;1590;6.815
1551;1591;107.670
1591;1592;69.143
1592;1593;34.404
1593;1594;12.141
1467;1594;1.005
1595;1466;8.530
1596;1595;16.946
1597;1596;0.464
1594;1598;62.386
1598;1599;4.519
1600;1601;0.726
1601;1602;1.345
1603;1604;5.863
1603;1600;3.617
1605;1603;0.422
1602;1468;14.869
1606;1607;12.476
1606;1608;12.178
1609;1605;1.242
1610;1597;109.834
1469;1610;3.773
1611;1606;11.026
1611;1609;0.934
1612;1613;31.267
1614;1605;9.325
1601;1614;12.089
1615;1607;3.998
1616;1611;1.331
1617;1615;5.360
1618;1616;0.636
1619;1614;3.330
1606;1620;9.085
1620;1618;0.243
1609;1621;8.705
1621;1619;1.904
1615;1622;4.907
1623;1617;8.815
1623;1620;0.870
1624;1616;9.110
1621;1624;3.355
1619;1625;5.276
1626;1623;2.127
1617;1627;6.674
1628;1626;0.410
1627;1628;0.993
1629;1627;2.246
1618;1630;8.976
1630;1624;5.640
1613;1629;9.524
1626;1631;11.540
1630;1631;1.652
1629;1628;17.560
1632;1631;5.954
1633;1632;9.648
1624;1633;15.302
1634;1612;8.592
1635;1634;10.017
1635;1636;7.600
1638;1637;5.480
1637;1639;3.469
1638;1635;9.268
1640;1641;3.829
1640;1639;1.512
1642;1643;1.227
1643;1641;14.690
1644;1645;13.613
1645;1642;2.051
1646;1640;5.519
1646;1638;5.872
1647;1645;3.699
1642;1647;4.571
1648;1646;3.042
1649;1648;1.624
1650;1647;4.313
1651;1649;7.765
1652;1651;1.259
1652;1649;4.130
1651;1650;10.518
1650;1653;5.176
1648;1654;11.210
1653;1655;1.185
1656;1652;6.820
1656;1654;16.108
1657;1658;10.581
1653;1657;10.945
1659;1660;1.111
1661;1662;40.841
1663;1664;10.162
1665;1663;2.254
1666;1667;2.365
1668;1667;21.016
1667;1665;9.286
1667;1669;7.007
1669;1670;2.704
1670;1671;3.800
1670;1672;2.045
1672;1673;6.668
1672;1674;3.594
1674;1675;2.511
1675;1676;2.092
1677;1666;24.816
1677;1678;6.929
1666;1679;18.181
1679;1674;3.962
1680;1677;4.233
1680;1679;5.569
1681;1680;2.476
1682;1681;0.976
1683;1682;0.972
1683;1684;2.958
1680;1685;5.672
1685;1686;2.671
1681;1685;15.993
1687;1684;19.926
1682;1688;13.334
1684;1689;27.579
1676;1690;11.373
1683;1691;81.146
1690;1659;37.403
1660;1692;2.113
1692;779;21.766
1693;1694;0.917
1695;1696;0.875
1697;1694;0.526
1696;1698;0.249
1699;1695;45.513
1700;1699;7.707
1700;1701;6.733
1702;1703;14.107
1701;1704;11.133
1701;1705;47.042
1705;1702;21.679
1704;1706;15.296
1706;1705;2.432
1704;1707;5.976
1705;1708;22.928
1708;1709;6.524
1710;1709;11.906
1706;1711;22.416
1708;1711;6.495
1712;1707;9.669
1713;1712;2.658
1711;1714;2.173
1707;1715;7.611
1714;1715;3.892
1714;1716;4.701
1717;1718;0.566
1719;1720;1.336
1718;1720;3.117
1716;1721;4.724
1709;1721;8.967
1722;1718;1.915
1723;1722;1.092
1724;1713;12.325
1715;1724;1.338
1720;1725;1.689
1724;1726;0.449
1726;1727;0.258
1716;1727;5.164
1721;1728;9.514
1728;1725;7.392
1728;1729;7.253
1725;1729;4.750
1729;1730;3.938
1730;1722;6.968
1727;1731;2.504
1721;1731;8.531
1731;1732;5.226
1731;1730;34.781
1731;1733;16.409
1732;1693;3.465
1734;1697;5.031
1735;1734;89.672
1736;1737;6.946
1738;1736;7.477
1736;1739;3.422
1739;1740;2.936
1740;1741;3.033
1739;1741;1.799
1741;1738;1.938
1742;1743;1.021
1743;1744;0.272
1744;1745;11.879
1746;1747;0.886
1749;1750;75.278
1750;1751;5.953
1745;1752;13.313
1752;1753;0.661
1754;1742;0.770
1753;1755;0.385
1756;1757;8.930
1758;1757;7.088
1757;1759;4.540
1760;1761;2.830
1760;1762;3.778
1762;1763;13.360
1764;1760;4.659
1751;1765;19.107
1765;1754;3.752
1759;1764;6.529
1766;1748;47.990
1767;1759;7.346
1767;1766;2.680
1768;1769;2.827
1770;1765;10.089
1766;1771;5.564
1771;1772;2.964
1772;1768;7.452
1764;1773;9.892
1773;1767;2.359
1765;1774;10.498
1774;1775;1.947
1776;1777;5.054
1776;1771;6.522
1773;1778;1.099
1768;1779;7.924
1780;1774;4.685
1781;1770;9.062
1772;1782;9.394
1783;1784;10.078
1784;1770;11.248
1782;1785;2.565
1786;1781;3.174
1786;1780;5.138
1787;1780;6.885
1788;1776;6.660
1789;1788;4.272
1778;1789;9.870
1755;1790;12.889
1790;1762;18.285
1784;1791;3.364
1791;1781;8.329
1790;1792;0.406
1793;1792;1.187
1794;1786;5.123
1795;1789;3.556
1787;1796;6.407
1797;1793;0.903
1778;1797;5.451
1791;1798;5.878
1794;1799;3.425
1799;1787;8.719
1798;1794;6.058
1799;1800;3.806
1801;1788;6.988
1801;1782;17.364
1796;1802;5.967
1803;1804;9.832
1805;1797;4.981
1797;1806;4.067
1807;1796;7.438
1800;1808;4.897
1804;1809;3.468
1809;1793;14.993
1806;1810;4.010
1811;1801;6.955
1800;1812;7.851
1806;1813;6.258
1814;1813;5.405
1813;1815;3.081
1811;1816;8.931
1817;1811;7.416
1817;1818;2.331
1809;1819;13.811
1815;1819;6.981
1819;1820;6.436
1821;1817;13.245
1822;1815;14.163
1822;1821;3.132
1823;1822;3.835
1824;1825;6.255
1820;1825;7.343
1819;1826;10.585
1826;1823;1.476
1820;1827;6.974
1828;1821;5.405
1825;1829;6.162
1830;1826;10.216
1831;1830;9.776
1832;1823;17.182
1833;1834;22.167
1835;1833;6.167
1737;1835;32.571
1738;1736;1.471
1836;1837;4.313
1838;1839;2.350
1836;1838;3.476
1837;1840;5.448
1841;1738;9.437
1842;1843;3.399
1838;1843;3.449
1844;1836;4.485
1840;1844;5.800
1845;1840;3.668
1846;1840;7.675
1847;1846;5.048
1848;1846;1.143
1843;1849;5.996
1850;1847;7.034
1851;1850;7.220
1852;1848;3.686
1850;1853;0.792
1853;1852;3.801
1854;1849;1.861
1849;1855;1.152
1844;1856;6.633
1857;1848;6.871
1852;1857;6.269
1858;1852;3.783
1855;1859;4.589
1859;1856;6.253
1851;1860;14.031
1861;1858;2.416
1861;1853;5.798
1740;1862;7.778
1863;1851;6.959
1860;1863;3.095
1864;1841;3.993
1865;1858;5.292
1866;1862;10.254
1867;1855;7.202
1867;1859;5.715
1856;1868;6.967
1857;1868;8.113
1869;1861;7.356
1869;1863;6.526
1870;1871;5.107
1870;1867;5.375
1872;1873;2.769
1872;1866;3.858
1868;1874;5.863
1875;1867;5.641
1874;1875;6.444
1876;1869;2.782
1877;1876;2.143
1868;1878;13.800
1879;1874;2.857
1878;1880;3.580
1880;1881;5.972
1882;1870;4.950
1875;1882;8.728
1883;1884;5.447
1883;1872;2.266
1880;1876;8.544
1885;1882;2.431
1886;1887;8.671
1887;1885;6.430
1888;1878;4.734
1889;1860;17.125
1889;1864;7.152
1890;1883;1.890
1891;1879;9.875
1892;1889;0.754
1877;1893;8.046
1894;1891;1.117
1888;1894;5.394
1891;1895;1.504
1896;1887;3.116
1897;1877;10.968
1897;1892;0.285
1895;1898;4.094
1879;1899;7.637
1898;1899;4.492
1899;1900;4.349
1900;1885;11.710
1901;1888;5.255
1893;1901;7.497
1902;1894;3.561
1903;1890;3.706
1892;1903;9.825
1904;1898;5.487
1905;1903;2.150
1906;1895;8.995
1907;1900;9.166
1905;1908;6.056
1909;1893;11.319
1909;1897;5.598
1910;1901;11.273
1910;1909;0.625
1911;1910;2.206
1912;1905;16.379
1913;1912;1.929
1862;1914;21.544
1911;1915;17.094
1915;1916;19.987
1914;1917;73.555
1916;1918;41.237
1918;1919;53.506
1919;1920;4.720
1917;1921;81.679
1921;1746;3.790
1747;1922;9.981
1921;1923;5.771
1922;1924;6.129
1924;1925;5.227
1926;1927;1.036
1925;1928;7.412
1929;1930;2.525
1928;1931;1.197
1926;1932;7.933
1933;1926;10.291
1933;1929;3.784
1934;1929;6.129
1935;1934;2.246
1936;1933;3.351
1937;1934;2.999
1938;1936;3.665
1931;1939;11.876
1932;1940;9.628
1940;1936;4.679
1939;1941;4.566
1941;1940;2.108
1942;1931;10.193
1942;1939;11.213
1941;1943;3.619
1943;1938;5.551
1944;1942;2.481
1943;1945;3.928
1946;1944;7.978
1947;1948;2.805
1949;1938;9.208
1945;1949;6.836
1950;1935;15.337
1947;1950;3.379
1951;1947;4.052
1952;1944;3.439
1951;1953;1.589
1953;1954;3.452
1955;1952;10.598
1949;1956;6.606
1950;1956;4.461
1957;1953;1.776
1956;1958;3.358
1958;1959;2.651
1959;1951;6.201
1960;1952;6.781
1961;1958;5.348
1962;1945;11.165
1963;1960;2.803
1964;1963;0.779
1965;1960;14.627
1965;1962;2.614
1959;1966;8.563
1966;1967;12.017
1964;1968;7.238
1968;1969;8.425
1969;1965;3.610
1970;1964;8.361
1966;1971;5.756
1972;1970;3.483
1972;1968;5.391
1971;1973;1.593
1974;1970;1.995
1975;1976;7.738
1975;1963;17.747
1977;1969;5.898
1977;1978;2.318
1979;1975;4.878
1980;1962;27.235
1971;1980;7.862
1981;1979;2.839
1982;1975;5.890
1982;1981;5.318
1983;1979;7.045
1983;1972;8.592
1984;1977;5.767
1985;1983;0.649
1980;1986;2.986
1986;1987;0.785
1988;1981;4.070
1989;1985;3.390
1985;1990;11.227
1990;1984;3.837
1991;1982;5.431
1992;1990;2.718
1986;1993;8.369
1994;1995;1.762
1995;1992;2.606
1996;1984;13.919
1997;1992;2.794
1997;1996;10.590
1998;1996;3.710
1998;1987;11.409
1999;1998;9.172
2000;1999;4.641
1987;2000;14.385
2001;2000;4.707
1999;2002;8.904
1923;2003;64.008
2003;2004;36.141
2005;2006;0.881
2007;2008;0.876
2009;2010;1.052
2011;2012;0.964
2013;2014;0.859
2015;2016;1.043
2017;2015;14.367
2016;2018;0.420
2019;2020;17.495
2020;2021;9.225
2021;2007;8.032
2022;2023;3.233
2024;2025;8.622
2026;2024;5.089
2025;2027;30.495
2027;2022;2.912
2022;2028;7.396
2008;2028;2.196
2029;2024;8.642
2029;2027;10.470
2027;2030;10.996
2028;2030;1.558
2031;2029;12.895
2030;2031;1.723
2018;2032;46.451
2031;2033;15.190
2032;2034;11.879
2033;2035;23.576
2035;2036;33.697
2034;2037;51.988
2036;2038;36.849
2038;2039;13.009
2039;2009;0.332
2012;2040;2.549
2041;2042;5.349
2010;2011;29.701
2043;2041;10.548
2044;2041;10.482
2044;2043;3.777
2045;2046;10.110
2046;2044;3.429
2040;2047;12.451
2048;2047;4.873
2049;2043;9.458
2049;2048;2.908
2050;2049;1.285
2051;2052;5.675
2048;2053;6.372
2054;2050;1.336
2051;2055;3.629
2055;2046;12.575
2055;2056;4.624
2056;2054;2.865
2037;2057;19.460
2058;2051;5.790
2058;2056;2.518
2050;2059;9.171
2053;2060;6.237
2059;2061;1.703
2061;2053;7.369
2062;2054;5.744
2063;2058;3.022
2056;2064;8.302
2064;2062;2.374
2060;2065;5.339
2065;2047;16.537
2061;2066;6.736
2060;2066;5.488
2067;2065;2.671
2066;2067;7.861
2066;2068;4.625
2006;2063;3.479
2062;2069;13.510
2064;2070;9.628
2070;2069;3.884
2063;2070;26.140
2068;2071;3.198
2069;2072;5.242
2059;2072;16.564
2068;2072;5.080
2057;2073;4.864
2073;2005;0.394
2074;2072;3.759
2075;2067;8.478
2074;2076;3.752
2071;2075;10.998
2077;2074;2.687
2077;2071;4.605
2078;2075;4.629
2067;2078;28.079
2079;2077;10.220
2079;2078;7.100
2073;2080;12.916
2080;2081;2.030
2081;2079;11.798
2073;2082;11.931
2081;2083;8.502
2082;2084;27.318
2084;2085;1.584
2083;2086;51.313
2085;2087;19.063
2087;2088;5.562
2086;2089;13.189
2089;2090;4.823
2088;2013;16.651
2090;2091;21.747
2014;2092;10.530
2093;2094;0.840
2004;2095;72.670
2095;2096;4.253
2097;2098;2.492
2096;2099;4.851
2100;2097;6.808
2097;2100;10.697
2101;2100;2.751
2102;2103;2.770
2097;2102;6.280
2104;2101;1.589
2104;2105;2.073
2101;2102;8.257
2106;2107;2.933
2108;2109;4.501
2108;2099;7.693
2106;2110;2.164
2108;2111;0.650
2112;2104;7.519
2112;2113;20.479
2114;2106;5.589
2112;2115;7.430
2114;2115;2.960
2111;2116;2.446
2111;2117;5.088
2116;2118;5.417
2119;2114;6.614
2120;2109;15.486
2118;2120;1.663
2120;2119;4.531
2115;2121;2.794
2121;2122;7.278
2122;2119;3.889
2122;2123;1.039
2112;2124;10.431
2123;2125;7.975
2125;2118;5.705
2126;2124;5.688
2121;2126;6.727
2125;2127;2.361
2116;2127;8.007
2128;2126;3.504
2124;2129;4.437
2123;2130;5.197
2129;2131;5.697
2127;2132;5.816
2130;2133;8.237
2132;2133;2.312
2132;2134;4.946
2129;2135;6.686
2135;2136;18.382
2130;2136;10.476
2136;2137;4.587
2133;2137;7.884
2137;2138;9.315
2138;2139;2.350
2135;2140;22.499
2140;2141;1.282
2141;2142;9.147
2142;2143;4.158
2138;2144;19.757
2139;2145;19.648
2146;2141;12.433
2144;2147;6.541
2144;2145;10.604
2148;2146;6.931
2148;2142;8.799
2147;2148;6.237
2147;2149;2.648
2145;2150;5.828
2150;2151;5.252
2099;2152;24.846
2148;2153;9.068
2153;2154;4.996
2153;2155;1.321
2150;2156;8.433
2152;2093;16.126
2094;2157;7.316
2157;2158;7.768
2159;2160;0.304
2161;2162;1.073
2163;2164;1.170
1599;2165;15.851
2166;2167;82.073
2165;2168;3.910
2167;2169;2.221
2169;2170;0.659
2168;2171;6.027
2170;2172;6.701
2172;2173;2.495
2173;2174;8.521
2171;2175;20.271
2175;2176;3.339
2177;2176;0.834
2176;2178;6.190
2174;2178;6.952
2177;2179;5.554
2180;2177;6.236
2178;2180;1.301
2181;2180;0.701
2181;2179;4.240
2181;2182;1.215
2179;2183;13.095
2182;2183;2.846
2183;2184;2.268
2184;2185;14.762
2185;2186;45.003
2186;2187;4.462
2188;2186;6.491
2189;2188;3.186
2187;2189;3.036
2189;2190;4.601
2187;2190;9.628
2191;2189;4.846
2192;2188;3.316
2192;2189;6.974
2189;2193;2.203
2191;2193;7.956
2194;2191;3.832
2190;2194;5.305
2195;2194;1.436
2196;2192;5.097
2193;2196;5.245
2162;2195;4.452
2197;2161;4.794
2198;2197;10.172
2199;2200;6.082
2201;2199;14.955
2202;2198;10.625
2201;2203;5.093
2199;2204;26.416
2203;2204;3.436
2205;2201;4.572
2205;2206;8.016
2207;2205;6.845
2207;2208;3.068
2209;2202;1.183
2204;2209;3.433
2210;2207;7.264
2203;2211;8.202
2211;2210;5.675
2212;2213;21.444
2214;2211;1.694
2212;2215;5.373
2216;2209;2.639
2214;2216;5.549
2217;2218;3.817
2215;2217;2.283
2219;2220;1.186
2217;2221;3.923
2222;2223;4.274
2221;2222;2.041
2224;2216;0.585
2225;2226;8.684
2225;2227;6.052
2222;2228;2.457
2229;2219;5.831
2229;2225;1.881
2219;2230;6.329
2231;2229;1.438
2228;2231;9.934
2232;2233;2.666
2210;2233;11.666
2234;2214;11.121
2234;2233;2.114
2233;2235;2.846
2236;2212;12.267
2224;2237;12.792
2237;2234;3.421
2238;2239;2.072
2240;2238;5.106
2231;2240;7.372
2228;2241;11.566
2238;2242;16.258
2243;2242;3.057
2215;2244;17.530
2244;2245;1.742
2245;2224;6.053
2241;2246;5.507
2246;2244;2.257
2247;2242;3.306
2240;2247;9.342
2241;2248;9.045
2248;2249;1.526
2240;2250;7.570
2250;2249;9.008
2249;2251;1.181
2250;2252;4.853
2248;2253;6.717
2246;2253;5.872
2237;2254;13.403
2254;2255;0.768
2255;2256;9.471
2257;2247;5.381
2252;2257;4.012
2251;2258;3.802
2257;2259;4.159
2251;2258;12.995
2250;2260;8.710
2261;2253;5.468
2261;2245;4.088
2262;2254;14.762
2261;2262;9.351
2263;2261;1.193
2264;2265;9.495
2258;2266;5.512
2255;2264;35.601
2266;2267;0.699
2267;2263;0.727
2268;2263;3.163
2269;2252;11.714
2269;2266;15.993
2270;2267;3.455
2268;2271;5.624
2272;2270;0.458
2273;2272;0.332
2274;2269;6.232
2274;2270;4.779
2275;2274;1.593
2275;2273;0.896
2276;2269;13.029
2276;2277;13.238
2273;2278;7.740
2278;2268;12.849
2279;2276;6.409
2279;2274;13.335
2280;2279;1.280
2280;2275;5.028
2281;2276;12.191
2281;2282;6.064
2283;2278;8.872
2284;2285;3.153
2286;2281;7.915
2287;2281;6.347
2287;2279;11.854
2288;2283;3.836
2289;2287;1.137
2289;2280;4.420
2290;2283;4.242
2290;2284;5.437
2291;2288;4.772
2284;2292;6.542
2288;2293;3.990
2294;2290;3.761
2295;2291;5.262
2291;2295;8.563
2294;2296;4.926
2297;2287;15.440
2296;2298;4.139
2299;2295;4.923
2300;2294;11.360
2300;2301;4.751
2301;2302;3.745
2303;2299;6.245
2296;2303;16.347
2302;2304;1.304
2304;2305;2.888
2304;2306;1.049
2306;2307;2.066
2307;2308;3.875
2307;2309;7.321
2310;2303;5.049
2310;2311;4.124
2302;2312;3.773
2313;2301;6.156
2314;2289;13.705
2306;2315;6.942
2316;2315;4.191
2315;2317;5.008
2318;2310;16.473
2318;2300;12.162
2319;2320;3.033
2317;2319;2.744
2319;2318;5.637
2321;2317;9.953
2322;2321;1.539
2321;2323;4.106
2323;2324;3.022
2323;2319;14.684
2325;2314;4.104
2326;2325;6.000
2327;2326;6.973
2160;2196;63.006
2164;2327;29.862
2328;2159;16.812
2329;2163;19.357
2328;2330;9.219
2331;2328;3.405
2331;2330;5.066
2330;2329;4.286
2332;2331;4.895
2329;2332;5.561
2333;2332;5.721
2334;2331;5.385
2334;2333;12.128
2335;2334;29.538
2336;2337;4.015
2337;2338;0.463
2338;2339;0.872
2340;2341;11.331
2341;2342;4.707
2341;2343;1.609
2342;2344;3.085
2343;2345;0.974
2344;2345;0.845
2345;2346;3.062
2347;2348;30.780
2349;2350;38.230
2348;2349;20.623
2346;2351;24.725
2351;2352;8.921
2352;2353;18.717
2354;2355;2.236
2356;2354;1.005
2357;2358;9.106
2359;2360;0.976
2361;2362;10.348
2363;2364;7.795
2365;2366;0.931
2367;2368;1.634
2369;2370;4.661
2371;2372;3.333
2373;2374;4.113
2375;2376;0.251
2377;2378;1.275
2379;2380;3.945
2381;2382;0.620
2383;2384;2.169
2385;2386;0.954
2387;2388;0.963
2389;2390;0.624
2391;2392;0.656
2393;2394;0.398
2395;2396;1.627
2397;2398;0.881
2399;2400;1.468
2401;2402;0.916
2403;2404;1.071
2405;2406;1.370
2407;2408;6.069
2408;2409;41.722
2368;2407;5.068
2407;2410;118.468
2408;2411;19.861
2412;2091;0.510
2413;2412;66.197
2414;2413;31.272
2415;2414;32.332
2416;2415;6.516
2416;2417;4.636
2417;2418;0.666
543;2419;5.060
2420;2418;9.000
2421;2422;10.212
2422;2420;2.261
2422;2423;12.359
2423;2424;9.412
2420;2424;7.471
2425;2426;10.120
2423;2425;4.842
2427;2425;3.218
2428;2427;5.889
2424;2428;6.596
2428;2429;0.986
2429;2430;5.255
2418;2430;7.072
2430;2431;6.865
2432;2433;11.059
2427;2433;5.811
2419;2434;13.272
2429;2435;9.221
2430;2435;2.950
2433;2436;7.358
2435;2436;11.263
2435;2437;1.583
2436;2438;8.173
2436;2439;16.540
2438;2440;7.129
2437;2440;2.228
2437;2441;7.771
2438;2442;8.878
2441;2443;7.158
2438;2444;10.414
2445;2444;5.795
2440;2445;3.977
2444;2446;15.153
2447;2446;6.804
2447;2448;2.996
2445;2449;3.195
2450;2447;6.619
2445;2450;10.980
2449;2451;3.229
2443;2451;17.770
2450;2452;6.039
2453;2452;3.805
2454;2453;3.915
2449;2454;7.537
2451;2455;3.980
2456;2457;21.845
2456;2425;66.311
2458;2455;3.517
2394;2458;0.298
2456;2459;3.358
2446;2459;16.517
2453;2460;8.380
2454;2460;6.783
2434;2461;40.779
2396;2393;3.153
2452;2462;17.193
2460;2463;9.978
2464;2463;9.097
2465;2395;0.677
2463;2466;3.190
2459;2467;14.027
2462;2467;12.189
2468;2465;1.097
2469;2465;1.902
2469;2468;1.406
2461;2468;29.554
2466;2470;3.592
2451;2471;27.575
2466;2471;12.427
2472;2469;3.289
2468;2472;3.914
2471;2473;3.344
2462;2474;17.058
2474;2475;10.329
2474;2470;9.761
2476;2474;1.788
2473;2477;6.621
2470;2478;10.622
2477;2478;4.119
2478;2476;6.487
2467;2479;14.202
2480;2476;4.545
2479;2481;2.670
2478;2482;2.877
2481;2480;13.646
2480;2483;3.608
2482;2477;18.537
2482;2483;13.079
2484;2479;10.570
2481;2485;16.190
2483;2485;6.738
2473;2485;35.533
2486;2484;15.010
2485;2487;20.581
2484;2488;31.092
2486;2401;18.186
2402;2489;9.547
2472;2385;41.296
2489;2490;30.021
546;2491;28.157
2490;2492;34.472
2491;2493;7.037
2386;2494;39.888
2496;2497;7.857
2492;2497;39.975
2493;2498;34.324
2499;2500;3.187
2499;2501;6.303
2500;2502;11.225
2503;2500;3.198
2502;2503;10.597
2499;2504;9.393
2501;2504;22.200
2505;2503;8.380
2506;2505;4.800
2504;2506;2.319
2494;2387;23.426
2506;2507;0.849
2507;2508;2.629
2502;2505;25.243
2507;2509;7.633
2510;2509;14.476
2511;2512;8.738
2509;2511;7.377
2497;2513;35.046
2511;2514;2.051
2514;2515;10.495
2514;2516;16.002
2513;2517;11.716
2515;2518;13.103
2518;2519;36.236
2517;2520;18.566
2515;2521;24.083
2521;2522;3.640
2518;2523;13.605
2523;2521;3.379
2498;2524;18.178
2523;2525;7.417
2521;2525;7.567
2526;2527;13.654
2528;2523;11.293
2518;2529;16.042
2529;2528;4.325
2529;2530;4.780
2531;2526;5.801
2525;2532;31.808
2533;2534;1.756
2529;2533;6.895
2535;2536;4.430
2533;2537;2.058
2528;2537;17.967
2526;2538;12.427
2535;2539;7.526
2495;2540;86.592
2540;2541;0.729
2539;2542;8.280
2542;2531;11.928
2542;2543;3.768
2538;2543;5.749
2544;2538;18.307
2545;2535;5.620
2545;2539;6.084
2544;2546;7.438
2543;2547;2.947
2537;2548;9.171
2547;2549;6.174
2550;2551;3.630
2550;2542;8.600
2549;2552;5.338
2553;2550;2.172
2549;2553;7.016
2548;2554;6.130
2555;2545;10.416
2555;2553;2.936
2553;2556;5.703
2547;2557;8.991
2538;2557;17.521
2557;2556;9.314
2558;2555;24.551
2541;2559;7.934
2560;2544;11.711
2560;2561;6.117
2557;2562;4.074
2553;2563;6.731
2548;2564;13.466
2563;2565;10.027
2565;2562;8.411
2532;2566;34.894
2565;2567;1.362
2562;2568;6.031
2568;2569;4.619
2567;2570;7.370
2563;2571;8.193
2572;2573;7.632
2573;2571;7.668
2574;2560;12.685
2574;2575;19.932
2571;2576;4.426
2567;2576;8.662
2566;2577;26.610
2577;2573;4.829
2570;2578;4.939
2568;2578;5.598
2520;2579;23.059
2580;2574;3.155
2580;2581;14.747
2578;2582;2.799
2578;2583;12.005
2571;2584;5.625
2577;2584;14.058
2576;2585;10.497
2570;2585;8.070
2586;2580;4.906
2559;2586;13.293
2587;2588;3.252
2584;2588;3.233
2585;2589;3.554
2582;2590;10.915
2586;2590;1.854
2589;2591;4.961
2582;2591;7.439
2591;2592;2.168
2590;2592;3.871
2586;2593;20.881
2594;2589;11.383
2592;2594;4.222
2594;2595;3.681
2596;2576;17.364
2595;2596;0.818
2524;2597;15.498
2588;2598;13.190
2596;2598;2.946
2590;2599;11.108
2388;2600;28.935
2595;2601;9.219
2594;2602;14.305
2600;2603;2.046
2603;2597;6.454
2603;2604;2.407
2597;2604;2.492
2598;2605;13.811
2564;2606;10.413
2607;2600;8.027
2604;2607;1.770
2608;2598;20.465
2606;2609;0.915
2605;2609;4.746
2607;2610;4.442
2609;2611;21.006
2610;2612;7.283
2613;2612;6.381
2610;2613;18.669
2613;2614;4.750
2611;2615;15.593
2615;2616;8.770
2579;2617;23.186
2612;2618;6.151
2618;2613;18.519
2617;2383;2.809
2619;2614;28.236
2619;2620;5.011
2620;2621;7.940
2614;2621;29.428
2621;2622;4.945
2623;2620;6.249
2623;2622;9.623
2624;2625;16.923
2624;2626;20.984
2622;2627;2.208
2627;2624;6.845
2616;2628;32.853
2618;2629;11.199
2630;2619;13.631
2627;2631;4.553
2630;2632;7.905
2632;2623;6.083
2631;2633;3.610
2634;2632;2.805
2633;2634;5.291
2629;2630;8.309
2628;2635;7.247
2384;2636;5.741
2631;2637;6.374
2638;2637;8.978
2624;2638;13.582
2638;2639;28.157
2640;2633;8.374
2640;2641;4.279
2637;2641;2.178
2634;2642;8.434
2642;2640;5.248
2643;2632;8.647
2643;2642;2.721
2630;2644;10.175
2644;2643;8.474
2641;2645;4.242
2646;2644;3.980
2647;2638;9.237
2648;2643;6.184
2640;2648;9.869
2635;2649;7.423
2650;2649;2.150
2651;2646;11.092
2648;2651;3.299
2645;2651;14.199
2645;2652;5.045
2646;2653;6.067
2652;2654;4.149
2652;2654;10.335
2653;2655;4.101
2651;2655;5.686
2656;2657;4.334
2653;2657;7.599
2658;2657;3.668
2655;2658;5.658
2636;2659;3.837
2629;2659;9.174
2638;2660;16.776
2639;2403;20.486
2654;2661;3.725
2660;2661;3.506
2649;2662;7.453
2663;2658;4.660
2664;2665;2.805
2660;2666;9.971
2404;2664;11.583
2665;2650;35.990
2661;2667;5.114
2657;2668;7.846
2668;2669;6.985
2669;2670;3.539
2670;2671;2.108
2655;2671;10.056
2671;2667;13.404
2657;2672;12.508
2673;2664;5.905
2665;2673;3.457
2673;2650;11.646
2662;2673;19.230
2662;2674;6.727
2675;2671;5.124
2668;2676;6.386
2677;2669;6.615
2677;2670;6.758
2675;2677;4.775
2676;2678;5.860
2677;2678;3.480
2679;2675;2.877
2679;2680;10.855
2667;2680;9.579
2659;2681;6.417
2672;2681;9.546
2682;2683;15.188
2680;2682;5.601
2673;2684;14.977
2674;2684;4.520
2685;2679;1.719
2686;2664;21.406
2686;2673;6.232
2678;2685;18.362
2682;2687;5.112
2672;2688;13.400
2676;2689;9.315
2687;2690;5.852
2687;2691;2.377
2692;2685;6.184
2680;2692;11.795
2681;2693;3.510
2694;2686;6.205
2684;2694;7.520
2692;2695;9.676
2696;2693;4.538
2694;2697;19.240
2698;2696;8.184
2406;2698;2.394
2697;2699;8.825
2699;2700;3.125
2698;2701;21.342
2701;2699;20.867
2701;2702;5.746
2700;2702;11.414
2702;2405;16.652
2702;2703;9.131
2700;2703;6.713
2704;2698;49.222
2703;2704;7.314
2704;2705;28.131
2705;2375;9.113
2376;2706;1.983
2706;2707;46.550
2707;2708;1.389
2709;2710;7.567
2711;2712;2.412
2710;2711;5.342
2712;2713;5.030
2714;2715;45.427
2713;2716;3.118
2712;2716;3.417
2717;2718;8.566
2716;2719;8.672
2711;2719;7.034
2719;2710;14.027
2719;2717;4.093
2720;2721;6.878
2708;2720;6.706
2720;2359;0.373
2719;2722;1.777
2722;2723;4.093
2723;2717;2.933
2713;2724;6.310
2722;2724;11.605
2723;2725;2.807
2725;2726;18.495
2727;2728;3.862
2729;2730;4.100
2731;2727;1.352
2730;2732;6.702
2360;2732;0.791
2724;2733;4.967
2734;2715;5.873
2735;2733;7.065
2736;2735;2.089
2722;2736;9.539
2737;2722;9.443
2737;2736;6.630
2738;2734;1.400
2733;2738;3.396
2739;2740;4.858
2740;2727;9.900
2741;2731;7.280
2730;2741;8.409
2742;2737;2.558
2725;2742;8.302
2743;2742;4.112
2366;2743;0.744
2744;2738;2.810
2744;2735;6.687
2740;2745;9.374
2741;2745;5.527
2746;2365;0.806
2743;2744;6.056
2746;2747;7.155
2748;2749;10.125
2749;2750;2.579
2749;2751;3.449
2750;2752;7.308
2752;2745;7.126
2745;2753;11.137
2752;2754;1.902
2754;2753;7.111
2753;2755;0.767
2747;2756;3.316
2755;2757;3.101
2732;2757;7.218
2757;2758;3.434
2758;2759;7.354
2760;2759;5.739
2751;2761;3.906
2757;2762;1.118
2763;2762;1.566
2762;2764;1.659
2758;2764;5.056
2755;2765;4.343
2765;2763;1.349
2763;2766;2.468
2762;2766;0.637
2759;2767;5.621
2754;2768;6.889
2768;2765;7.343
2750;2769;12.111
2769;2768;5.825
2766;2770;0.973
2764;2770;4.141
2764;2771;9.316
2771;2767;5.171
2767;2772;7.556
2770;2773;6.175
2773;2771;4.810
2769;2774;7.145
2772;2775;13.041
2751;2776;23.206
2775;2777;11.560
2778;2779;10.629
2770;2778;3.826
2780;2772;11.587
2781;2780;5.055
2780;2775;15.095
2773;2782;12.075
2778;2783;1.597
2783;2782;6.065
2782;2781;6.763
2781;2784;2.700
2783;2785;2.845
2756;2786;55.229
2786;2787;18.747
2788;2785;76.545
2787;2789;26.824
2789;2790;4.054
2791;2792;8.375
2791;2793;4.806
2794;2791;4.594
2790;2794;5.849
2795;2796;5.511
2790;2389;2.406
2796;2797;4.517
2798;2797;1.613
2796;2799;15.026
2800;2798;11.206
2794;2800;5.399
2797;2801;5.440
2802;2800;5.715
2798;2803;6.980
2800;2803;2.331
2803;2804;2.703
2805;2806;6.249
2804;2805;2.948
2805;2807;2.714
2799;2808;18.281
2807;2808;9.025
2808;2809;2.120
2810;2804;10.287
2810;2811;3.419
2812;2810;1.718
2800;2812;22.351
2809;2813;6.556
2813;2814;10.604
2815;2813;3.133
2809;2815;7.265
2807;2815;6.430
2816;2812;5.071
2816;2817;2.546
2817;2818;9.094
2813;2819;6.203
2817;2820;3.999
2821;2816;12.975
2390;2822;10.155
2818;2823;10.978
2824;2825;4.348
2818;2824;9.781
2826;2827;1.149
2824;2826;5.489
2815;2828;7.391
2826;2829;11.933
2830;2788;35.994
2831;2828;11.040
2392;2830;9.482
2833;2391;3.671
2822;2834;18.352
2834;2833;0.254
2835;2831;6.854
2836;2837;5.353
2838;2836;7.934
2838;2835;21.986
2839;2837;7.624
2840;2837;8.608
2840;2838;10.182
2839;2841;8.364
2842;2841;7.967
2843;2840;9.867
2841;2844;6.770
2845;2841;5.208
2843;2845;6.243
2843;2846;2.741
2845;2847;1.772
2845;2848;5.649
2849;2846;6.174
2835;2849;15.215
2846;2850;13.635
2851;2850;5.932
2849;2851;5.925
2850;2852;12.962
2851;2852;4.929
2852;2853;3.318
2854;2855;8.252
2382;2853;8.400
2856;2854;11.042
2857;2854;11.977
2858;2859;5.162
2860;2858;16.287
2857;2858;3.340
2861;2862;6.727
2856;2863;3.765
2864;2861;5.394
2864;2856;3.937
2865;2864;6.250
2866;2861;7.432
2866;2865;1.768
2867;2868;9.202
2866;2867;17.574
2869;2857;14.442
2858;2869;17.401
2870;2865;16.747
2871;2870;5.545
2871;2869;3.469
2872;2871;5.513
2873;2830;24.346
2874;2875;3.797
2876;2871;4.898
2876;2874;7.866
2874;2877;3.515
2878;2832;63.768
2879;2381;8.891
2880;2881;4.265
2881;2876;10.325
2881;2882;2.189
2881;2883;3.331
2883;2884;2.210
2884;2885;1.871
2885;2886;1.048
2886;2878;11.727
2887;2880;17.927
1132;2879;28.180
2888;2887;23.671
2889;2888;11.160
2890;2891;10.678
2892;2890;14.914
2893;2894;8.218
2893;2895;12.862
2890;2896;19.746
2897;2896;10.196
2897;2893;7.796
2896;2898;8.594
2899;2897;7.809
2899;2898;10.788
2900;2890;28.721
2901;2900;30.795
2898;2901;6.911
2901;2902;11.227
2902;2899;6.285
2903;2900;12.194
2904;2901;3.610
2904;2905;4.181
2905;2902;8.443
2903;2906;13.837
2906;2357;4.724
2907;2410;9.050
2908;2903;20.711
2908;2909;13.848
2909;2904;12.031
2909;2910;4.807
2910;2911;4.168
2905;2911;7.973
2912;2911;6.530
2907;2912;9.039
2907;2913;8.415
2410;2913;11.725
2914;2915;12.362
2914;2361;10.760
2361;2906;5.149
2913;2916;2.427
2917;2912;16.875
2913;2917;3.386
2918;2912;5.294
2908;2919;20.988
2919;2910;7.469
2919;2918;7.472
2920;2917;7.871
2921;2920;5.061
2922;2918;14.959
2920;2922;7.544
2923;2921;3.764
2921;2924;1.308
2925;2923;16.853
2926;2920;2.845
2927;2889;92.087
2928;2923;1.870
2929;2914;19.557
2922;2926;16.320
2362;2930;17.284
2931;2930;7.912
2932;2926;16.317
2933;2931;13.238
2934;2935;10.390
2906;2936;25.532
2936;2937;7.344
2937;2938;8.452
2929;2934;18.461
2939;2932;11.419
2937;2940;3.413
2940;2932;11.226
2941;2939;5.241
2942;2933;39.743
2943;2358;78.426
2358;2931;16.828
2935;2873;65.067
2944;2367;3.964
2930;2945;65.080
2943;2946;6.965
2946;2943;6.379
2944;2947;4.013
2948;2945;2.473
2947;2927;60.070
2949;2950;26.740
2949;2951;38.737
2940;2952;11.844
2939;2952;24.804
2952;2953;5.598
2952;2954;2.439
2955;2949;10.533
2954;2363;5.310
2956;2955;8.795
2364;2946;42.722
2957;2956;5.739
2958;2959;27.461
2959;2956;6.749
2954;2356;1.871
2355;2944;16.104
2960;2961;8.799
2960;2364;6.705
2962;2963;21.754
2964;2957;18.373
2933;2960;117.536
2962;2965;7.263
2965;2948;16.879
2966;2960;9.689
2967;2960;15.483
2963;2968;34.766
2969;2964;21.089
2968;2970;89.263
2970;2971;1.261
2972;2964;53.271
2971;2972;16.148
2973;2969;5.574
2355;2974;17.228
2975;2976;9.106
2977;2975;11.700
2977;2973;14.312
2978;2977;2.772
2979;2978;4.812
2978;2980;2.270
2981;2968;37.008
2982;2973;23.085
2983;2982;4.792
2984;2983;5.268
2984;2972;24.253
2985;2984;13.038
2986;2975;14.640
2986;2977;6.783
2982;2986;12.165
2986;2987;8.208
2983;2987;13.812
2984;2988;9.677
2987;2989;2.067
2986;2990;11.881
2991;2981;14.676
2989;2992;10.527
2990;2993;5.195
2990;2992;7.660
2994;2992;7.271
2989;2994;10.743
2994;2995;8.496
2996;2958;71.355
2997;2996;10.510
2974;2369;37.373
2998;2997;91.547
2370;2377;9.718
2999;2998;15.156
2378;2371;2.573
1176;2999;21.316
2372;2379;1.811
2380;3000;0.337
3000;2373;2.099
223;1178;1.385
3001;1177;19.565
1179;3001;6.975
2374;3002;2.946
3002;3003;7.207
3004;3005;9.743
3003;2399;0.724
2400;2397;7.675
3005;3006;61.545
3003;3007;3.668
2398;3008;12.266
3008;3009;41.602
3007;3010;32.049
3009;3004;169.990
3010;3011;91.049
3012;3013;1.052
3014;3015;1.755
3016;3017;2.473
3018;3019;28.604
3020;3021;21.854
3019;3021;7.000
3021;3022;7.289
3019;3023;11.415
3022;3024;5.651
3023;3024;11.751
3025;3026;39.260
3027;3026;5.000
3026;3028;2.507
3025;3029;18.060
3027;3029;5.016
3030;3022;13.621
3028;3027;5.277
3015;3030;1.720
3031;3028;3.366
3014;3031;6.029
3031;3032;2.013
3024;3033;10.552
3029;3034;5.085
3034;3032;4.991
3033;3035;5.474
3033;3036;5.714
3023;3036;4.989
3037;3030;5.809
3035;3037;4.500
3032;3038;4.898
3039;3034;11.262
3036;3012;4.808
3035;3037;25.960
3039;3038;23.665
3013;3040;0.354
3040;3041;4.323
3038;3016;20.892
3017;3042;4.076
3040;3042;32.250
3042;3043;7.754
3043;3044;4.161
3041;3045;14.258
3045;3046;13.563
3046;126;71.962
3047;3048;26.017
9;3048;5.765
3048;3049;3.883
3049;3050;1.562
3051;3052;12.117
3051;3053;10.802
3054;1920;14.628
3054;3055;2.053
3055;3053;30.331
3056;3057;74.895
3052;3057;23.672
3058;3059;2.271
3060;3061;4.613
3060;3058;6.700
3058;3062;19.317
3062;3063;9.023
3064;3065;9.890
3065;3066;5.601
3066;3060;7.264
3067;3065;3.081
3066;3068;10.267
3062;3069;8.245
3070;3071;6.078
3070;3067;6.172
3068;3072;6.612
3072;3069;9.269
3069;3073;1.073
3074;3070;1.640
3067;3075;6.299
3073;3076;11.490
3075;3074;7.910
3076;3077;5.950
3077;3078;5.808
3074;3079;4.105
3073;3080;2.882
3081;3075;8.700
3068;3081;8.178
3082;3081;1.784
3077;3083;6.025
3083;3084;12.669
3076;3085;5.015
3086;3072;11.108
3080;3086;3.380
3057;3087;15.369
3083;3088;1.281
3089;3085;4.046
3077;3089;7.423
3079;3090;9.842
3091;3080;8.525
3085;3091;4.814
3082;3092;5.521
3093;3082;6.599
3094;3095;2.126
3092;3094;2.443
3096;3086;5.958
3092;3097;5.675
3097;3093;1.944
3091;3098;5.013
3098;3089;5.977
3099;3088;6.683
3094;3100;1.872
3101;3093;4.975
3097;3102;1.631
3103;3101;7.582
3096;3103;4.183
3099;3104;8.245
3088;3104;10.282
3105;3106;1.830
3101;3105;3.129
3107;3104;4.832
3084;3107;14.130
3098;3108;6.032
3109;3099;6.730
3103;3110;4.659
3111;3096;11.757
3108;3111;1.545
3112;3108;3.522
3112;3109;2.185
3109;3113;2.980
3107;3114;7.149
3105;3115;18.930
3116;3112;9.446
3117;3116;3.030
3114;3118;10.335
3118;3119;5.477
3114;3119;3.677
3119;3120;4.960
3114;3120;6.962
3120;3121;1.882
3111;3116;24.269
3116;3122;5.617
3122;3118;6.020
3121;3123;5.125
3122;3124;1.690
3124;3125;3.170
3124;3126;4.588
3126;3127;5.285
3121;3127;12.380
3126;3128;2.876
3087;3129;10.812
3129;3130;9.061
3130;3131;7.685
3131;3132;45.116
3132;3133;30.465
3134;3135;38.305
3136;3137;22.340
3138;3139;0.502
3140;3141;1.620
3142;3143;3.002
3144;3145;0.917
3146;3147;0.889
3148;3149;2.125
3150;3144;9.733
3145;3151;29.342
3151;3152;8.775
3152;3146;23.733
3153;3154;6.500
3155;3156;1.844
3156;3153;19.162
3157;3158;11.441
3147;3159;23.954
3160;3158;7.006
3158;3161;9.087
3161;3162;4.458
3163;3164;5.546
3163;3165;8.497
3161;3165;10.872
3166;3167;5.112
3167;3163;3.006
3165;3168;0.832
3169;3168;23.758
3170;3171;6.798
3172;3173;12.034
3172;3170;9.915
3174;3172;3.420
3174;3166;9.976
3174;3175;2.054
3176;3177;7.856
3170;3177;5.225
3178;3167;10.572
3168;3178;12.679
3177;3179;1.425
3180;3174;9.146
3181;3175;7.466
3181;3178;1.422
3179;3182;6.649
3182;3139;0.514
3154;3183;38.636
3184;3179;5.074
3185;3181;2.520
3186;3138;3.918
3187;3188;7.466
3175;3188;12.067
3188;3189;2.008
3190;3186;1.598
3191;3184;4.768
3191;3192;7.286
3189;3192;3.437
3193;3190;0.758
3189;3194;12.367
3194;3181;15.930
3195;3185;3.690
3196;3182;9.024
3196;3184;6.800
3197;3196;1.150
3198;3194;4.043
3198;3185;8.898
3195;3199;4.213
3200;3195;2.222
3197;3201;4.626
3201;3191;7.206
3192;3202;5.995
3198;3200;13.214
3203;3198;6.983
3202;3203;12.285
3204;3205;3.525
3204;3197;5.945
3203;3206;1.951
3207;3204;5.296
3207;3201;6.411
3208;3207;4.624
3209;3208;0.686
3202;3209;10.439
3210;3200;14.529
3209;3211;3.901
3208;3212;6.771
3213;3212;2.681
3214;3204;10.452
3214;3213;2.940
3215;3214;3.947
3199;3216;10.296
3217;3214;9.652
3159;3218;20.388
3219;3217;2.651
3183;3220;14.607
3220;3193;9.880
3218;3221;4.980
3221;3222;5.153
3222;3223;14.620
3222;3224;1.465
3224;3225;10.420
3224;3226;0.381
3226;3227;3.035
3227;3228;6.521
3229;3224;10.913
3227;3230;5.258
3230;3231;1.435
3231;3230;12.460
3232;3233;7.351
3231;3234;1.496
3232;3234;7.978
3232;3235;6.550
3235;3236;11.783
3237;3226;32.718
3238;3237;5.466
3234;3239;2.926
3235;3240;10.178
3241;3234;12.689
3241;3239;3.205
3239;3242;1.263
3242;3235;13.419
3243;3155;78.311
3244;3241;2.875
3245;3237;6.637
3245;3244;6.716
3246;3243;1.143
3247;3240;11.086
3248;3245;7.112
3248;3244;8.037
3242;3249;4.788
3249;3247;3.771
3216;3250;24.847
3251;3246;5.933
3141;3251;0.904
3252;3248;3.168
3240;3253;17.976
3254;3247;9.668
3255;3256;9.593
3255;3252;7.431
3253;3257;3.134
3254;3253;11.297
3249;3258;3.160
3258;3254;5.990
3258;3259;0.640
3252;3260;9.182
3260;3249;5.913
3260;3261;0.586
3257;3262;8.165
3263;3257;8.328
3263;3262;8.443
3264;3255;10.646
3264;3261;2.245
3261;3265;5.700
3265;3266;3.766
3266;3259;13.597
3267;3263;5.884
3259;3268;4.068
3267;3268;8.013
3269;3264;4.256
3269;3265;7.279
3268;3270;0.524
3271;3140;10.791
3266;3270;19.919
3272;3267;12.462
3262;3272;11.907
3272;3273;13.581
3274;3272;2.963
3271;3274;13.493
3270;3275;2.687
3276;3275;10.021
3277;3269;12.474
3278;3264;6.909
3275;3279;2.044
3279;3280;0.800
3281;3278;9.467
3279;3282;0.835
3282;3283;0.465
3284;3285;12.509
3284;3278;9.877
3286;3287;8.554
3286;3284;3.581
3288;3286;4.791
3288;3289;4.917
3250;3290;14.620
3290;3291;18.140
3291;3292;1.800
3292;3293;2.754
3293;3294;34.110
3294;3295;1.201
3289;3296;26.439
3295;3297;20.607
3297;3298;0.318
3296;3299;23.082
3298;3300;22.050
3299;3301;19.521
3301;3302;59.491
3302;3303;2.315
3303;3304;14.411
3304;3305;56.613
3305;3306;2.849
3305;3307;3.241
3308;3309;0.812
3283;3309;120.689
3309;3310;1.985
3311;3312;7.146
3308;3313;9.940
3314;3311;8.578
3315;3311;3.752
3313;3316;5.400
3317;3314;6.494
3317;3318;16.284
3319;3317;1.066
3316;3319;2.466
3320;3321;3.481
3320;3322;13.598
3323;3314;9.784
3319;3323;1.294
3323;3324;0.682
3310;3148;22.831
3325;3326;6.578
3327;3320;7.164
3327;3325;6.308
3328;3329;13.800
3324;3328;2.148
3328;3330;1.930
3331;3316;12.087
3332;3333;12.483
3149;3334;14.244
3325;3335;10.025
3324;3336;9.663
3336;3337;2.522
3338;3332;7.090
3330;3339;3.824
3336;3340;13.645
3338;3341;0.563
3341;3342;5.679
3343;3344;3.973
3339;3343;1.747
3345;3327;18.353
3346;3347;2.381
3345;3347;0.861
3348;3335;10.828
3348;3345;8.163
3349;3338;1.827
3350;3337;4.803
3351;3348;4.016
3351;3332;12.870
3341;3352;3.395
3352;3353;7.471
3354;3351;1.593
3349;3354;2.907
3337;3355;12.718
3343;3356;2.684
3330;3357;8.632
3355;3357;3.744
3352;3358;1.475
3359;3354;1.404
3358;3356;2.162
3360;3349;2.253
3361;3355;6.057
3362;3359;6.932
3362;3360;1.877
3363;3362;1.862
3356;3364;6.702
3365;3364;2.424
3366;3339;16.945
3357;3366;9.801
3306;3367;22.085
3368;3363;8.958
3368;3360;13.273
3369;3359;12.088
3370;3368;1.796
3370;3358;11.844
3371;3357;10.011
3366;3372;3.707
3373;3372;4.130
3373;3371;7.752
3374;3371;1.406
3364;3375;5.041
3372;3375;7.020
3374;3373;7.379
3375;3370;13.255
3376;3370;19.590
3376;3375;7.908
3377;3376;0.582
3378;3363;22.360
3367;3379;6.634
3380;3374;17.743
3334;3381;25.411
3379;3382;9.607
3307;3383;32.551
3382;3384;11.576
3385;3346;98.694
3384;3386;6.143
3387;3385;16.192
3388;3387;0.818
3386;3388;16.531
3383;3389;12.820
3389;3136;70.690
3137;3390;1.160
3143;3391;6.208
3392;3393;16.044
3394;3392;3.168
3390;3395;11.697
3396;3142;21.332
3396;3394;9.676
3397;3395;1.633
3398;3394;9.295
3399;3398;3.684
3400;3396;2.807
3400;3399;0.595
3397;3401;4.449
3402;3398;0.954
3392;3402;16.610
3397;3403;1.739
3404;3402;8.235
3403;3404;1.276
3405;3403;17.595
3404;3406;3.525
3407;3408;11.581
3407;3409;4.228
3410;3406;11.156
3406;3411;4.848
3411;3410;4.964
3409;3412;15.633
3411;3412;1.096
3412;3413;1.144
3414;3415;13.738
3415;3407;14.112
3415;3413;14.609
3410;3416;17.500
3416;3417;6.400
3418;3417;6.017
3413;3419;3.991
3419;3418;7.664
3419;3420;0.515
3421;3420;5.331
3422;3421;3.281
3422;3418;5.170
3423;3422;8.760
3417;3423;7.082
3424;3421;3.055
3424;3425;1.524
3426;3424;1.503
3420;3427;8.325
3428;3423;7.110
3428;3429;8.016
3430;3428;1.833
3431;3432;14.141
3431;3433;10.777
3430;3431;2.174
3434;3431;4.167
3434;3435;2.439
3436;3434;3.377
3437;3430;20.524
3438;3436;12.274
3439;3437;5.602
3440;3427;43.275
3441;3047;12.541
3047;3442;10.979
3443;3444;0.917
3445;3446;0.871
3447;3448;1.712
3448;3449;4.397
3449;3450;17.862
3450;3451;12.646
3451;3452;6.867
3452;3453;2.242
3453;3454;1.591
3455;3453;3.871
3454;3455;3.115
3454;3456;3.989
3457;3456;20.750
3458;3459;6.593
3460;3459;4.603
3456;3461;0.734
3462;3455;4.499
3461;3463;4.669
3463;3459;5.889
3463;3464;2.605
3465;3464;4.663
3466;3467;29.376
3468;3467;12.472
3462;3469;13.461
3470;3463;4.537
3462;3471;9.311
3469;3472;2.082
3472;3461;10.398
3455;3471;20.327
3464;3473;4.207
3472;3474;2.610
3470;3474;9.926
3473;3475;1.496
3475;3476;11.965
3477;3469;4.512
3474;3477;1.673
3478;3475;2.535
3467;3478;10.607
3477;3479;9.387
3479;3480;5.504
3474;3480;11.976
3480;3481;3.238
3481;3470;14.730
3481;3473;20.955
3479;3482;2.562
3471;3483;21.640
3482;3483;1.660
3481;3484;4.074
3482;3485;7.032
3481;3485;4.307
3483;3486;3.549
3484;3487;3.597
3486;3488;7.446
3485;3488;6.157
3489;3487;4.315
3488;3490;2.268
3490;3484;9.036
3486;3491;6.256
3487;3492;11.194
3493;3494;8.937
3495;3493;2.982
3496;3497;14.365
3478;3495;70.979
3495;3498;9.631
3498;3499;29.503
3499;3500;21.103
3500;3501;0.998
3501;3502;22.501
3502;3443;0.164
3444;3503;5.321
3503;3504;30.170
3504;3445;2.711
3446;3505;4.577
3505;3506;10.515
3506;3507;19.109
3507;2019;0.924
3496;3508;4.103
3508;8;2.172
3509;3496;4.148
3508;3509;5.485
3510;3511;28.033
3512;3513;19.890
3514;3515;2.209
3516;3517;2.050
3518;3519;6.078
3520;3521;0.899
3522;3523;1.579
3524;3525;0.825
3526;3527;0.882
3528;3529;0.731
3530;3531;0.524
3532;3533;2.008
3534;3535;0.771
3536;3441;1.496
3537;3538;0.493
3539;3540;1.460
3541;3542;1.267
3543;3544;0.851
1182;3545;27.273
1293;3545;5.433
3545;3546;2.991
3546;3547;61.879
3547;3512;41.683
119;3532;10.606
3513;3548;5.396
3548;3549;8.985
3549;3541;1.184
3542;3543;3.873
3549;3550;4.431
3544;3551;0.905
3550;3518;0.781
3551;3552;2.341
3553;3554;2.587
3555;3553;6.169
3554;3555;4.555
3554;3556;3.194
3555;3557;2.630
3556;3557;5.105
3533;3558;22.125
3559;3560;8.547
3560;3561;1.449
3562;3563;9.133
3563;3560;7.784
3563;3564;1.251
3565;3566;4.517
3556;3567;11.597
3564;3567;3.722
3568;3569;7.020
3565;3569;5.494
3564;3570;6.680
3557;3571;15.935
3567;3571;12.151
3519;3572;1.887
3573;3561;20.025
3572;3574;0.282
3573;3575;11.231
3569;3576;10.642
3571;3576;12.229
3567;3577;12.083
3577;3570;8.454
3578;3565;15.822
3579;3577;4.181
3570;3579;16.751
3558;3580;6.356
3561;3581;25.107
3576;3582;8.749
3579;3583;4.854
3583;3581;8.411
3584;3579;5.971
3578;3582;16.932
3585;3584;2.317
3583;3585;5.831
3571;3586;17.508
3586;3584;6.033
3587;3578;12.123
3581;3588;4.642
3588;3573;15.141
3589;3590;7.324
3589;3586;10.289
3588;3591;1.362
3582;3592;6.310
3592;3589;2.736
3591;3593;3.075
3593;3591;14.133
3585;3594;10.595
3593;3595;4.900
3594;3596;12.890
3574;3597;8.603
3597;3598;1.080
3599;3598;4.511
3580;3600;23.937
3601;3599;32.699
3598;3602;24.543
3602;3603;0.173
3604;3605;59.264
3605;3606;55.379
3606;3607;10.355
3135;3601;40.726
3600;3608;27.531
3609;3610;2.166
3610;3534;0.583
3607;3609;13.241
2092;3611;3.508
3608;3536;3.001
3442;3604;14.508
3603;3612;25.884
3535;3134;22.289
9;3613;6.985
3049;3613;6.319
8;3614;13.335
3614;3613;0.768
3509;3615;14.570
3615;3614;5.609
3616;3615;2.448
3050;3617;13.830
3616;3618;7.588
3618;3050;13.668
3619;3617;4.829
3618;3620;2.331
3620;3619;10.342
3621;3616;15.606
3620;3622;4.979
3617;3623;9.561
3619;3624;8.478
3623;3624;0.832
3622;3625;13.270
3624;3625;3.809
3625;3626;9.061
3627;3622;35.681
3612;3628;31.056
3628;3520;1.519
3521;3629;21.820
3611;3630;78.726
3629;3631;43.405
3630;3632;36.873
3631;3522;5.694
3632;3633;12.881
3633;3634;18.435
3523;3524;16.496
3635;3537;0.439
3540;3635;2.019
3636;3539;0.520
3634;3636;21.820
3538;3637;2.124
3637;3638;8.973
123;3639;5.880
3638;3640;3.546
3525;3641;28.718
3641;3642;0.512
3642;3643;5.646
3640;3643;26.191
3643;3644;0.694
3639;3645;52.270
3646;3647;28.129
3647;3648;37.788
3649;3650;29.663
3645;3651;26.078
3648;3652;21.304
3653;3654;57.207
3651;3655;5.846
3656;3646;41.884
3648;3656;10.039
3655;3657;0.638
3658;3659;29.451
3654;3660;9.072
3660;3661;39.228
3658;3660;12.091
3662;3654;11.650
3660;3662;11.477
3663;3656;15.601
3663;3664;18.477
3657;3665;14.643
3665;3666;1.993
3644;3667;60.413
3668;3663;14.284
3669;3662;40.436
3666;3670;14.257
3670;3671;0.635
3672;3669;8.287
3668;3673;19.522
3673;3672;1.819
3674;3667;17.910
3675;3672;4.719
3669;3675;8.808
3676;3674;5.041
3660;3677;44.504
3675;3673;9.765
3658;3678;49.050
3678;3679;22.877
3680;3681;4.276
3668;3682;36.197
3682;3680;13.745
3680;3683;3.799
3675;3684;20.582
3667;3685;25.023
3686;3682;3.198
3687;3677;20.446
3684;3688;5.625
3677;3688;13.438
3688;3687;0.789
3689;3683;9.580
3685;3690;1.848
3681;3691;11.799
3678;3692;19.634
3690;3692;1.257
3693;3686;4.178
3694;3678;17.878
3695;3689;8.378
3683;3695;5.918
3696;3691;5.257
3696;3684;11.797
3697;3695;3.504
3697;3681;9.076
3698;3697;3.918
3691;3698;3.317
3699;3693;1.576
3699;3689;9.359
3700;3687;8.497
3700;3694;4.219
3695;3701;2.719
3702;3699;2.032
3701;3702;11.773
3671;3703;20.000
3704;3701;3.732
3694;3705;7.328
3706;3704;1.389
3707;3702;2.434
3708;3707;1.058
3708;3706;6.254
3709;3710;15.097
3710;3709;5.841
3698;3711;7.146
3710;3712;1.778
3713;3700;8.488
3705;3713;4.512
3701;3714;5.988
3714;3711;7.012
3715;3716;4.680
3711;3717;1.513
3717;3716;3.812
3718;3696;9.788
3719;3685;12.675
3719;3676;32.826
3716;3718;5.951
3720;3718;1.199
3720;3709;6.521
3712;3721;7.828
3722;3721;2.764
3713;3722;3.429
3723;3720;1.694
3709;3723;5.892
3704;3724;6.751
3725;3724;1.632
3714;3725;2.533
3726;3706;6.790
3727;3708;5.371
3727;3726;3.660
3705;3728;9.021
3692;3728;9.240
3729;3730;22.468
3526;3729;3.178
3731;3712;4.667
3724;3732;1.773
3730;3733;9.616
3734;3726;1.978
3732;3734;4.818
3723;3735;7.212
3731;3735;4.002
3736;3725;5.728
3731;3737;6.457
3721;3737;7.232
3738;3719;5.521
3527;3738;23.549
3703;3739;10.848
3735;3740;5.173
3740;3741;0.741
3737;3741;2.056
3742;3736;4.152
3717;3742;9.971
3741;3743;1.995
3722;3743;10.753
3723;3744;11.657
3728;3745;6.598
3743;3746;3.349
3745;3746;0.390
3690;3747;28.812
3748;3727;12.137
3749;3748;3.335
3749;3734;11.508
3747;3750;3.164
3750;3719;28.631
3744;3751;4.904
3752;3751;2.717
3735;3752;12.690
3742;3753;7.970
3754;3752;2.101
3754;3740;13.006
3753;3736;15.286
3755;3748;4.503
3755;3756;2.913
3756;3749;4.292
3732;3757;16.461
3745;3747;52.474
3756;3758;4.970
3757;3758;2.891
3753;3759;4.115
3744;3759;10.712
3759;3751;8.283
3739;3760;11.335
3759;3761;3.080
3761;3762;1.987
3762;3754;11.564
3750;3516;13.988
3757;3763;8.379
3761;3763;10.429
3764;3755;9.696
3758;3764;11.889
3765;3762;2.679
3765;3766;0.600
3746;3766;10.208
3517;3767;6.545
3764;3768;10.338
3733;3769;11.979
3763;3770;23.065
3770;3765;9.571
3771;3770;1.702
3772;3767;39.507
3773;3772;1.310
3774;3773;13.714
3775;3774;4.096
3766;3514;29.688
3775;3776;2.293
3515;3777;1.599
3777;3775;14.303
3772;3778;16.048
3760;3779;25.903
3778;3780;2.512
3781;3771;5.111
3782;3773;9.632
3782;3780;16.958
3778;3783;22.661
3767;3784;18.038
3774;3785;15.068
3782;3785;9.508
3776;3786;10.353
3776;3786;32.670
3787;3786;3.226
3785;3787;8.358
3787;3788;7.154
3789;3781;10.219
3790;3791;7.237
3780;3792;27.963
3779;3793;46.979
3793;3794;0.999
3795;3796;55.636
3797;3795;2.278
3794;3798;5.604
3796;3789;61.956
3529;3790;26.560
3799;3528;4.608
3769;3800;13.041
3800;3799;5.224
3531;3797;14.707
3784;3800;90.210
3801;3800;15.981
3791;3802;40.978
3511;3530;26.838
3803;3801;41.126
3798;3510;63.692
3650;3804;98.004
3804;3805;7.816
3805;234;1.785
3806;3807;0.841
3808;3809;0.654
3810;3811;0.811
3812;3813;0.703
3814;3815;13.334
3816;3815;19.293
3815;3817;3.962
3818;3815;4.276
3817;3819;10.182
3819;3818;6.388
3820;3819;3.519
3821;3820;9.888
3820;3822;12.658
3821;3822;4.583
3818;3823;25.851
3822;3824;5.836
3825;3821;8.501
3825;3823;10.188
3813;3826;1.768
3824;3827;11.943
3826;3828;0.592
3828;3827;0.659
3829;3825;2.363
3824;3830;5.219
3829;3830;6.917
3828;3831;1.738
3833;3812;3.158
3830;3834;3.474
3831;3835;3.813
3835;3834;0.481
3831;3836;3.772
3837;3829;3.928
3837;3832;3.562
3834;3837;3.002
3838;3833;3.192
3839;3838;6.231
3836;3840;7.297
3840;3835;10.448
3836;3841;9.472
3841;3840;4.073
3842;3839;22.077
3807;3842;6.562
3843;3806;8.034
3844;3843;13.213
3809;3844;1.435
3845;3808;2.064
3846;3810;5.111
3847;3845;34.510
3811;3847;16.959
3848;3846;11.795
3494;3848;10.607
3849;3850;0.863
3851;3852;4.379
3853;3854;4.711
3855;3856;2.141
3857;3858;2.154
3859;3860;0.359
3861;3862;0.394
3863;3864;0.779
3865;3866;0.708
3867;3868;0.414
3869;3870;4.544
3870;3871;4.194
3872;3869;4.304
3871;3873;2.524
3869;3871;5.393
3874;3875;17.342
3876;3877;17.227
3878;3879;3.104
3880;3881;14.905
3882;3878;27.642
3883;3884;19.746
3883;3885;3.746
3886;3883;4.648
3887;3886;3.872
3888;3887;7.445
3885;3889;18.914
3888;3890;6.422
3887;3891;12.432
3881;3849;31.427
3890;3892;5.970
3890;3893;5.037
3893;3891;4.857
3894;3895;12.951
3886;3896;22.715
3897;3898;15.635
3897;3888;14.354
3899;3882;12.962
3896;3900;3.289
3895;3899;13.036
3891;3901;9.764
3901;3896;7.960
3902;3897;9.390
3901;3903;6.136
3900;3903;6.951
3900;3904;8.758
3902;3905;17.121
3893;3905;10.467
3906;3902;1.810
3907;3906;23.579
3903;3908;7.528
3908;3904;7.140
3905;3909;18.215
3909;3908;5.221
3868;3899;3.836
3910;3911;4.305
3850;3912;8.939
3913;3912;23.677
3909;3914;4.769
3914;3915;4.248
3904;3915;28.573
3912;3916;0.965
3917;3912;7.776
3915;3917;1.341
3918;3917;3.081
3918;3916;4.086
3906;3919;27.893
3919;3914;3.477
3920;3918;6.898
3916;3920;2.394
3921;3867;2.372
3922;3911;17.858
3919;3923;16.193
3924;3925;17.972
3924;3919;12.047
3926;3923;3.510
3927;3919;15.292
3928;3929;8.997
3930;3928;1.287
3926;3930;5.155
3928;3927;13.599
3911;3931;26.672
3923;3932;15.904
3914;3932;29.141
3920;3932;5.136
3933;3922;19.713
3934;3933;1.679
3934;3935;10.439
3926;3936;15.196
3922;3937;19.006
3932;3938;2.996
3938;3939;0.489
3860;3939;0.367
3940;3934;13.597
3940;3924;10.092
3931;3941;37.617
3933;3941;29.387
3941;3942;15.224
3942;3940;11.395
3943;3942;0.873
3944;3943;2.380
3945;3859;6.461
3877;3946;37.174
3946;3944;14.091
3864;3947;3.610
3948;3874;37.551
3948;3946;1.284
3949;3863;22.685
3950;3948;2.632
3866;3950;15.734
3947;3865;25.633
3946;3851;15.629
3854;3948;16.052
3852;3951;5.675
3862;3945;39.883
3952;3853;6.671
3951;3953;41.988
3953;3872;1.888
3872;3861;13.838
3951;3855;12.197
3858;3952;10.268
3954;3953;6.631
3955;3952;41.296
3873;3954;5.434
3955;3956;5.925
3956;3954;29.921
3956;3957;5.233
3957;3955;11.535
3958;3870;11.101
3856;3959;7.331
3873;3959;30.867
3960;3957;35.387
3960;3857;10.213
3961;3958;8.262
3962;3961;3.464
3959;3963;9.909
3964;3150;30.261
3965;3966;57.801
3967;3965;21.945
3968;3969;12.362
3970;3968;7.322
3971;3972;2.127
3973;3974;2.287
3975;3976;7.618
3977;3978;4.691
3978;3975;19.043
3979;3980;15.107
3980;3978;28.637
3975;3981;34.191
3981;3979;3.836
3979;3982;16.390
3980;3983;11.851
3981;3984;8.584
3985;1124;3.786
1128;3985;4.484
3986;1129;3.366
1130;3986;0.860
3986;3987;3.060
3987;3988;7.769
3989;3985;26.968
3988;3990;3.706
1120;3971;25.657
3991;3989;16.703
3974;1118;26.278
3992;3991;5.304
3993;3992;7.937
3990;3994;18.249
3994;3995;0.870
3995;3996;0.792
3997;3993;25.908
3998;3997;12.552
3999;3998;7.821
4000;3973;33.382
3972;4001;34.289
4002;4000;9.789
4001;4003;9.448
4004;4002;1.963
3996;4005;54.873
4003;4006;1.975
4005;4007;3.221
4007;4008;1.437
4008;4009;2.255
3976;4010;4.569
4011;4009;18.414
4009;4012;6.166
4009;3977;30.980
4013;4012;12.412
4012;4014;4.314
4015;4014;108.885
4014;4016;2.984
4017;4018;34.417
4018;3982;10.573
4016;4019;7.046
4019;4020;14.630
3977;4021;32.954
4019;4021;4.068
4018;4022;11.236
4022;3982;13.409
3982;4023;20.948
4023;4024;11.371
4023;4025;10.051
4024;4026;4.149
4022;4027;11.200
4028;4024;3.431
4021;4028;7.336
4025;4029;2.795
4030;4026;3.345
4028;4030;1.612
4025;4031;4.574
4026;4032;5.899
4030;4032;0.690
4027;4033;6.161
4034;4027;6.713
4033;4034;1.553
4033;4035;1.615
4031;4035;3.025
4036;4031;13.220
4032;4036;1.206
4036;4037;1.897
4034;4038;10.239
4037;4039;6.271
4037;4040;1.647
4035;4041;14.287
4040;4041;0.518
4021;4042;30.571
4028;4043;21.737
4042;4043;3.708
4044;4040;5.783
4039;4044;4.618
4039;4045;10.565
4043;4046;4.236
4042;4046;5.127
4047;4044;6.782
4045;4048;3.910
4049;4047;3.488
4049;4045;4.490
4047;4050;4.234
4041;4051;9.365
4052;4049;3.665
4048;4052;4.357
4048;4053;4.871
4046;4053;5.918
4053;4054;31.530
4051;4055;4.733
4050;4056;8.664
4050;4056;10.145
4053;4057;5.996
4058;4052;7.162
4059;4055;8.309
4060;4058;2.456
4057;4060;4.642
4056;4061;7.052
4058;4062;9.708
4063;4064;13.512
4060;4062;11.774
4057;4065;6.787
4059;4064;24.037
4062;4066;9.201
4061;4066;10.737
4016;4067;31.468
4065;4068;13.111
4069;4004;21.734
4068;4070;66.334
4067;4070;6.497
4068;4071;16.491
4071;4065;31.661
4064;4059;61.343
4051;4072;40.774
4006;4073;23.217
4055;4074;36.926
4070;4075;2.282
4076;4077;11.608
4072;4078;8.181
4072;4074;27.926
4077;4079;11.742
4079;4080;12.227
4074;4081;34.201
4071;4082;35.011
4080;4082;21.169
4076;4083;36.754
4077;4084;33.532
4083;4084;11.687
4079;4085;30.273
4084;4085;11.691
4080;4086;26.902
4085;4086;11.461
4082;4087;23.087
4086;4087;12.022
4083;4088;18.218
4084;4089;18.361
4088;4089;11.884
4089;4090;11.710
4075;4091;23.499
4087;4092;20.313
4090;4092;15.748
4088;4093;28.131
4089;4094;28.015
4093;4094;10.964
4090;4095;27.946
4094;4095;11.040
4096;4092;28.355
4095;4096;11.464
4097;4098;30.648
4099;4097;83.421
4091;4100;50.501
4075;4101;143.869
4102;4101;37.191
4100;4103;32.045
4103;4104;0.772
4101;4105;27.677
4097;4105;39.830
4104;4106;7.867
4105;4107;0.985
4091;4108;28.275
4100;4109;30.852
4106;4109;2.776
4107;4110;22.436
4106;4104;21.443
4103;4111;23.351
4112;4069;23.636
4109;4113;12.859
4114;4113;8.411
4108;4114;12.292
4073;4115;22.324
4108;4116;5.597
4113;4117;10.006
4116;4118;0.248
4118;4114;7.199
4118;4119;0.553
4117;4119;5.543
4113;4120;4.489
4119;4121;2.301
4117;4121;7.284
4107;4122;24.824
4122;4123;11.681
4123;4124;3.708
4120;4125;0.891
4125;4126;6.244
4122;4127;7.177
4127;4122;10.007
4120;4128;15.879
4125;4129;2.062
4123;4130;10.756
4129;4131;0.770
4131;4132;3.194
4133;4132;32.964
4132;4134;4.881
4134;4135;1.532
4135;4136;3.472
4127;4136;7.615
4137;4131;14.872
4138;4137;1.432
4134;4138;6.249
4136;4139;0.318
4139;4130;13.268
4137;4140;3.871
4139;4141;6.102
4130;4141;8.874
4141;4142;1.141
4143;4144;3.470
4142;4145;11.945
4138;4134;11.536
4146;4116;18.383
4121;4146;7.816
4142;4147;3.234
4147;4145;4.456
4148;4142;4.212
4129;4149;15.771
4140;4149;21.719
4148;4150;2.110
4140;4151;8.838
4136;4152;12.752
4152;4148;15.496
4147;4153;4.455
4145;4153;11.755
4153;4154;0.918
4144;4154;100.608
4152;4155;0.855
4156;4151;9.090
4135;4157;20.218
4155;4157;7.809
4158;4157;1.752
4151;4158;19.825
4156;4158;16.667
4159;4156;15.237
4155;4160;15.612
4157;4160;15.193
4154;4161;10.329
4161;4162;8.808
4162;4163;6.853
4161;4164;47.892
4146;3970;2.371
4165;4112;34.358
4115;4166;34.009
4160;4167;50.326
3969;4168;4.361
3969;4169;42.046
3966;4168;10.639
4149;3967;4.607
4168;4170;9.212
4171;4172;4.541
4172;3966;22.306
4170;4173;6.905
4173;4174;10.905
4170;4174;6.399
4174;4171;5.385
4163;4175;23.237
4175;4176;2.917
4174;4177;7.075
4177;4178;1.532
4178;4179;2.254
4179;4180;0.699
4171;4181;41.197
4182;4183;23.590
4176;4184;15.283
4185;4186;2.962
4187;4188;0.702
4189;4190;1.094
1227;4191;31.155
4191;4192;1.971
4192;4193;15.507
4194;4193;12.322
4195;4194;4.955
4196;4197;6.823
4196;4198;1.514
4199;4194;2.482
4198;4200;4.427
4201;4199;3.693
4201;4195;3.317
4200;4202;10.440
4196;4203;9.582
4203;4204;5.611
4204;4198;3.992
4205;4206;6.095
4205;4207;11.353
4208;4200;4.489
4208;4202;6.923
4209;4204;2.409
4209;4208;5.179
4210;4202;7.543
4210;4205;9.584
4193;4211;6.349
4199;4211;9.910
4212;4201;10.564
4213;4209;3.795
4214;4210;4.446
4215;4203;7.814
4215;4213;2.426
4216;4215;2.251
4212;4217;2.848
4203;4218;15.702
4218;4216;9.094
4218;4219;3.461
4220;4213;3.818
4220;4214;4.436
4221;4195;29.925
4219;4221;1.955
4222;4212;5.083
4223;4222;5.865
4221;4223;7.814
4224;4216;4.413
4224;4220;2.299
4225;4217;4.458
4222;4225;2.609
4211;4226;3.445
4217;4226;8.646
4227;4225;2.497
4223;4227;7.585
4228;4219;8.692
4228;4224;4.357
4226;4229;1.944
4229;4227;8.541
4214;4187;4.659
4230;4228;4.295
4231;4227;13.486
4231;4230;0.900
4224;4232;10.781
4188;4233;1.033
4229;4234;3.128
4234;4231;4.184
4230;4235;6.756
4236;4234;10.574
4237;4238;3.214
4238;4239;8.018
4239;4226;51.739
4233;4240;6.204
4241;4238;9.389
4236;4242;10.478
4239;4243;9.469
4243;4236;37.992
4241;4244;7.122
4244;4239;11.078
4240;4245;2.879
4246;4244;6.039
4246;4243;13.548
4247;4241;15.731
4247;4248;7.741
4248;4246;8.024
4245;4249;25.653
4249;4250;46.984
4250;4251;2.730
4251;3447;14.119
4250;4252;25.947
4252;4253;0.583
4253;4254;21.531
4254;4189;19.276
4190;4255;5.650
4186;4255;2.746
4256;4257;22.060
4258;4259;10.740
4259;4185;13.553
4257;4260;3.834
4257;4261;2.736
4261;4259;1.957
4262;4256;9.325
4260;4262;4.710
4263;4260;3.870
4263;4261;4.812
4264;4262;3.753
4265;4266;7.234
4261;4267;7.772
4267;4268;3.896
4268;4266;5.070
4263;4269;7.535
4269;4267;7.552
4268;4270;3.299
4266;4270;7.220
4269;4271;4.140
4270;4272;4.282
4271;4273;8.443
4273;4272;6.242
4273;4274;9.029
4272;4274;8.386
1292;4275;0.895
4275;2017;15.857
4276;4277;6.996
4279;4280;0.830
4277;4281;0.862
4282;4283;1.169
4284;4285;0.825
4286;4287;0.584
4278;4279;36.555
4280;4288;37.825
4288;4289;13.671
4290;4291;7.882
4289;4292;7.679
4293;4291;10.761
4294;4293;3.216
4295;4293;3.630
4296;4295;1.570
4297;4296;7.306
4296;4297;13.995
4298;4297;9.398
4295;4298;38.494
4299;4298;23.849
4300;4299;5.011
4299;4301;44.040
4301;4302;7.237
4301;4303;6.563
4303;4304;37.445
4305;4303;27.847
4292;4306;23.835
4306;4307;6.352
4307;4308;2.283
4308;4309;0.661
4309;4310;18.735
4310;4276;10.581
4281;4311;55.603
4311;4312;1.525
4313;4314;7.934
4314;4315;26.707
4312;4316;11.870
4315;4317;5.054
4318;4317;7.814
4319;4320;9.648
4316;4319;5.973
4316;4321;3.582
4321;4319;5.988
4319;4322;3.180
4321;4323;0.884
4317;4323;9.399
4323;4324;1.471
4324;4325;20.725
4325;4326;1.276
4324;4327;2.587
4327;4328;2.224
4327;4328;15.435
4328;4329;0.549
4329;4330;21.435
4329;4331;8.239
4332;4331;13.377
4330;4333;8.815
4331;4334;4.121
4330;4335;14.077
4334;4335;7.097
4335;4336;5.900
4337;4336;8.957
4338;4337;2.923
4336;4339;10.633
4339;4340;5.772
4337;4340;6.600
4340;4338;10.190
4334;4341;11.007
4338;4341;18.019
4341;4342;4.150
4342;4343;1.595
4343;4344;7.551
4285;4282;38.113
4283;4286;22.855
4287;4345;2.022
4345;1202;4.677
4344;4346;20.792
4343;4284;67.725
4346;4347;5.361
4347;4348;57.430
4348;1228;5.117
4349;4350;0.745
4351;4352;0.837
4353;181;9.187
4354;4353;14.500
4355;4349;16.387
4356;4357;13.176
4357;4351;0.655
4352;4355;16.281
4350;4354;34.481
4358;4359;9.787
4359;4360;11.789
4359;4361;13.015
4361;4357;10.468
4362;4361;6.173
4363;4362;4.320
4364;4363;2.285
4364;4365;29.669
4366;4364;14.408
4367;4366;9.730
4368;4367;0.940
4369;4368;2.991
4370;4369;11.082
265;4370;103.333
4371;4368;64.156
4372;4371;5.273
4373;4372;51.278
4374;4373;8.819
4375;4374;13.142
4376;4375;12.033
4377;4376;3.876
4378;4377;6.055
4379;4378;3.688
4380;4379;13.219
4381;4382;1.275
4382;4380;9.932
4383;4380;7.460
4384;4382;12.924
4383;4384;15.287
4384;4385;11.092
4386;4383;8.111
4387;4383;17.765
4387;4379;9.010
4388;4387;0.543
4386;4389;20.707
4389;4388;10.739
4390;221;12.827
4389;4391;11.402
4392;4390;16.036
4393;4394;21.953
4394;4395;2.041
4394;4396;5.466
4397;4398;1.642
4398;4395;6.445
4396;4399;14.669
4400;4398;2.150
4395;4401;4.534
4396;4402;3.771
4399;4403;5.805
4399;4404;35.365
4404;4392;2.858
4391;4405;12.588
4404;4406;9.090
4405;4407;2.843
4407;4408;58.945
4406;4409;92.015
4411;4412;2.223
4413;4414;0.336
3802;2496;7.227
4415;3803;0.991
4416;4415;51.623
4417;4416;2.262
4414;4417;6.034
4418;4413;5.005
4419;4418;5.408
4420;4419;5.481
4421;4420;2.212
4422;4421;14.587
4423;4422;13.369
4424;4411;4.537
4425;4422;16.141
4426;4421;8.161
4426;4427;6.899
4428;4426;2.251
4428;4429;15.670
4430;4428;3.265
4431;4430;3.529
4432;4431;22.241
4412;4433;23.428
4433;4434;11.946
4434;4432;11.614
4432;4435;27.587
4431;4435;21.494
4433;4436;8.943
4436;4434;10.344
4435;4437;3.763
4434;4438;19.921
4437;4438;3.978
4439;4436;19.574
4440;4430;33.178
4441;4430;12.018
4441;4440;9.711
4440;4442;9.864
4437;4443;19.516
4443;4441;3.687
4444;4443;1.915
4438;4445;15.617
4445;4444;1.271
4441;4446;3.063
4446;4442;10.710
4442;4447;8.938
4444;4448;5.597
4449;4445;2.480
4446;4450;1.748
4447;4450;13.910
4451;4448;2.623
4447;4452;9.978
4449;4453;3.537
4448;4453;10.341
4454;4455;7.693
4455;4449;1.540
4453;4456;2.333
4457;4451;7.215
4456;4457;7.478
4436;4458;35.171
4458;4455;1.606
4457;4459;2.681
4451;4459;10.235
4460;4461;8.924
4461;4458;11.148
4462;4463;7.760
4464;4463;5.640
4463;4461;12.756
4450;4465;5.272
4466;4456;14.154
4459;4466;13.144
4466;4467;4.368
4465;4468;3.499
4468;4469;9.625
4468;4470;3.303
4471;4458;10.604
4470;4472;5.804
4473;4472;10.292
4472;4474;10.233
4474;4475;2.829
4476;4471;20.416
4477;4476;0.219
4478;4477;21.596
4475;2714;53.670
4479;4478;24.949
4480;4479;12.846
4481;4480;42.279
4482;4481;18.127
129;4482;18.623
4483;4484;0.888
4485;4486;0.844
4487;4488;0.786
4486;4489;5.599
4490;4485;1.837
4491;4492;5.644
4493;4491;31.168
4493;4494;9.661
4494;4495;1.598
4495;4496;1.677
4492;4497;51.235
4493;4498;18.719
4498;4499;7.963
4494;4499;8.766
4497;4500;11.365
4498;4497;25.183
4499;4501;17.471
4502;371;10.138
4496;4501;22.542
4489;4487;45.392
4501;4503;23.387
4488;4504;13.858
4504;4505;3.714
4503;4506;22.526
4506;4507;4.690
4507;4508;2.914
4509;4490;49.065
4510;4509;3.080
4511;4512;23.630
4513;4514;10.901
4511;4514;10.235
4514;4515;9.584
4514;4516;21.577
4516;4512;6.104
4508;4517;32.703
4517;4518;1.859
4519;4512;21.946
4519;4510;20.753
4520;4519;0.588
4508;4521;17.746
4522;1332;5.182
4523;4522;36.439
4484;4523;7.760
4524;4483;0.630
4525;4524;21.590
4516;4525;11.351
4518;4526;45.680
4526;4527;15.486
4521;4528;17.738
4528;4529;4.241
4530;4520;46.570
4529;4531;21.470
4531;4532;21.263
4533;4530;12.527
4532;4533;23.919
4534;420;2.192
4535;423;6.352
423;4536;9.699
4534;4537;5.383
4538;4539;1.511
4540;4541;26.028
4542;4543;3.273
4544;4545;2.642
4546;4547;2.833
4548;4546;1.458
4548;4542;5.047
4542;4549;9.295
4549;4544;1.879
4550;4551;3.467
4546;4550;7.026
4552;4549;3.012
4544;4553;13.520
4554;4552;1.780
4550;4555;2.181
4556;4548;6.307
4556;4554;6.310
4557;4555;2.333
4558;4552;3.978
4555;4559;2.547
4558;4560;4.391
4560;4561;1.796
4554;4562;3.548
4559;4563;3.033
4564;4563;7.141
4564;4556;4.770
4565;4558;5.200
4565;4566;1.486
4566;4560;3.150
4566;4567;2.843
4568;4559;8.090
4569;4570;1.265
4571;4568;3.704
4573;4574;0.764
4570;4575;5.957
4575;4573;4.078
4576;4569;1.162
4568;4577;2.464
4578;4534;1.834
4563;4577;8.510
4569;4579;2.126
4579;4580;3.286
4581;4572;4.120
4581;4576;1.709
4573;4582;3.244
4583;4584;4.468
4584;4564;7.202
4577;4585;5.256
4585;4583;4.689
4579;4586;2.119
4587;4581;3.875
4575;4588;4.873
4589;4584;2.450
4565;4589;19.763
4585;4590;2.445
4591;4589;1.253
4592;4583;3.820
4593;4594;53.553
4595;4596;14.621
4597;4595;4.999
4598;4597;1.410
4598;4576;15.416
4595;4599;4.186
4600;4601;3.162
4602;4600;2.363
4600;4603;1.782
4603;4598;8.897
4604;4597;5.581
4603;4605;5.905
4570;4593;127.869
4606;4607;4.451
4606;4608;9.173
4609;4610;8.490
4609;4606;9.541
4611;4612;12.952
4611;4609;4.980
4613;4614;21.726
4614;4613;14.549
4615;4614;4.972
4616;4611;8.655
4616;4615;3.708
4617;4616;11.108
4618;4619;5.906
4620;4618;0.710
4620;4617;6.388
4621;4615;8.627
4622;4617;1.612
4623;4622;6.867
4623;4621;1.406
4624;4622;1.921
4624;4623;5.089
4625;4624;3.552
4626;4620;6.928
4621;4627;10.240
4628;4624;2.610
4629;4625;2.294
4630;4626;5.862
4631;4632;9.228
4633;4625;10.777
4634;4631;2.912
4634;4626;21.332
4635;4631;5.263
4636;4635;2.551
4636;4634;5.189
4637;4630;2.569
4638;4636;4.407
4639;4638;2.854
4640;4635;7.570
4640;4639;0.721
4638;4641;5.566
4642;4640;6.926
4643;4639;6.545
4644;4642;2.917
4645;4637;13.403
4646;4645;3.213
4647;4646;98.143
4648;4647;0.126
1102;4649;2.850
4649;4650;1.198
4650;4651;0.699
4651;4652;35.847
4653;4648;16.762
4652;4654;99.333
4654;4653;57.906
4654;4655;3.813
4656;4654;27.462
4655;4657;38.518
4658;4659;3.818
4660;4658;1.281
4660;4661;3.851
4662;4660;5.454
4662;4663;6.233
4664;4658;9.453
4664;4662;2.697
4665;4664;4.081
4666;4665;0.685
4667;4665;10.141
4668;4667;3.260
4668;4656;11.199
4669;4670;8.909
4669;4666;5.402
4671;4672;9.895
4672;4673;4.095
4672;4674;5.949
4674;4669;1.072
4675;4666;4.012
4676;4668;9.735
4674;4677;6.485
4677;4675;2.282
4678;4676;1.512
4679;4678;5.903
4675;4680;6.545
4681;4667;7.074
4681;4679;4.209
4680;4681;7.019
4682;4680;1.528
4683;4679;2.792
4676;4684;10.327
4685;4681;2.504
4686;4687;5.387
4686;4678;7.416
4688;4677;7.502
4685;4689;6.369
4690;4691;4.433
4690;4692;3.443
4693;4694;1.917
4693;4690;6.685
4695;4686;1.709
4688;4696;8.911
4696;4685;8.025
4697;4688;19.182
4657;4698;7.760
4695;4699;5.734
4699;4693;4.576
4696;4700;4.064
4700;4701;7.154
4701;4702;0.896
4702;4695;6.135
4703;4696;5.309
4704;4701;3.985
4705;4697;12.858
4706;4707;16.142
4702;4708;12.329
4709;4700;12.999
4710;4709;1.521
4708;4711;8.744
4699;4711;15.924
4711;4712;2.123
4713;4714;14.589
4712;4715;3.108
4715;4713;0.776
4708;4716;3.699
4716;4709;7.951
4717;4712;3.630
4713;4718;5.101
4719;4717;2.616
4715;4719;4.398
4707;4720;3.689
4719;4721;1.108
4722;4717;3.981
4721;4723;6.476
4723;4721;7.303
4723;4724;4.835
4724;4725;2.188
4724;4726;4.033
4727;4728;2.716
4726;4727;3.421
4726;4729;2.242
4720;4730;9.957
4730;4731;1.321
4727;4732;9.186
4698;4733;15.836
4734;4706;21.124
4735;4734;0.955
4731;4736;20.472
4736;4737;2.811
4737;4738;11.413
4733;4739;11.975
4739;4735;16.664
4738;4740;15.167
4740;4741;1.900
4741;4742;0.800
4742;4743;2.859
4744;4745;2.208
4746;4747;10.825
4746;4744;0.892
4748;4746;2.285
4749;4744;1.204
4749;4750;7.279
4751;4749;1.486
4751;4752;5.485
4753;4751;2.449
4743;4754;6.206
4755;4756;1.381
4755;4753;4.151
4757;4753;1.959
4758;4757;1.549
4758;4759;4.665
4760;4755;2.296
4760;4757;3.538
4761;4758;2.416
4762;4760;5.760
4763;4761;3.638
4764;4761;12.746
4765;4762;4.619
4763;4766;4.558
4766;4764;1.343
4767;4762;7.107
4767;4765;3.008
4768;4764;5.394
4739;4769;16.861
4770;4765;5.446
4771;4766;5.630
4772;4767;5.498
4770;4772;7.515
4773;4772;2.086
4774;4770;2.276
4774;4763;7.587
4775;4774;2.363
4775;4776;4.623
4777;4775;3.332
4769;4778;2.382
4754;4779;9.169
4778;4780;1.373
4779;4781;1.070
4777;4782;15.531
4783;4777;12.420
4781;4784;1.255
4748;4785;15.064
4785;4786;2.389
4786;4787;5.407
4784;4788;21.467
4780;4789;28.358
4789;4790;4.092
4787;4791;16.255
4791;4792;1.651
4792;4793;14.757
4788;4794;14.251
4790;4795;15.660
4794;4796;13.772
4793;4797;17.877
4797;4798;0.303
4796;4799;2.671
4798;4799;2.099
4799;4800;2.569
4795;4801;16.655
4801;4802;0.733
4803;4802;18.394
4804;4803;3.126
4800;4805;35.518
4806;4804;38.656
4807;4806;62.271
4805;4808;20.754
4809;4810;14.172
4802;4811;98.921
4812;4807;28.686
4811;4813;9.478
4808;4813;11.755
4813;4814;0.887
4815;4812;9.767
4814;4538;7.156
4539;4816;9.210
4817;4818;8.274
4816;4817;4.257
4819;4820;7.998
4819;4821;4.581
4821;4817;6.654
4822;4823;4.344
4823;4819;2.714
4824;4809;200.568
4825;4816;3.108
4826;4823;4.289
4821;4827;10.810
4828;4825;8.078
372;4825;4.233
4826;4829;15.840
4830;4831;4.723
4830;372;6.937
421;4816;34.852
421;4832;2.683
4832;4833;3.856
4536;4826;15.605
419;4830;2.919
4541;4815;37.605
4832;4834;1.642
4835;4536;17.246
4836;422;6.377
4837;4835;5.591
4837;4838;4.270
4839;4840;4.690
4840;4835;2.805
4841;4837;3.222
4841;419;16.760
4842;422;1.363
4843;4824;71.571
4844;4841;1.546
4842;4845;4.071
4840;4845;2.986
4846;4578;3.497
4846;4847;14.035
4848;4843;8.630
4849;4850;4.342
4850;4844;4.033
4851;4846;1.288
4848;4852;6.905
4852;4853;2.533
4854;4851;1.545
4853;4854;2.267
4855;4578;12.706
4856;4844;20.114
4855;4856;3.265
4857;4858;6.202
4857;4842;8.364
4859;4857;0.761
4860;4855;9.918
4860;4851;7.239
4861;4845;12.341
4861;4850;5.905
4862;4860;11.936
4854;4862;4.453
4862;4863;2.348
4850;4864;10.620
4856;4864;13.123
4865;4866;11.821
4867;4865;19.479
4868;4855;5.389
4863;4869;3.350
4853;4869;6.685
4869;4870;1.202
4868;4871;6.665
4871;4860;6.795
4872;4859;6.885
4872;4873;3.641
4874;4872;5.464
4874;4861;7.147
4875;4540;41.207
4876;4868;4.496
4860;4877;8.393
4878;4874;3.545
4878;4864;12.525
4879;4859;9.477
4879;4880;10.059
4881;4870;8.178
4882;4871;9.873
4883;4878;5.171
4883;4884;6.861
4885;4875;17.376
4886;4887;2.739
4886;4879;7.563
4888;4863;16.418
4889;4885;2.849
4890;4883;3.652
4891;4886;2.264
4892;4890;0.915
4893;4891;2.453
4894;4890;6.197
4894;4895;4.322
4892;4896;8.158
4897;4898;1.601
4896;4897;1.739
4899;4891;5.968
4897;4899;5.079
4899;4893;5.460
4900;4889;3.730
4864;4901;21.818
4902;4896;5.137
4902;4892;8.133
4903;4901;6.470
4904;4893;6.940
4905;4906;1.994
4906;4902;1.253
4907;4906;1.086
4908;4894;9.047
4901;4908;3.502
4909;4904;2.968
4909;4910;2.067
4911;4907;6.934
4912;4903;3.295
4913;4911;8.857
4908;4913;2.426
4914;4909;2.950
4914;4915;3.356
4916;4912;4.804
4917;4918;3.161
4917;4904;4.387
4919;4912;3.722
4911;4920;4.220
4920;4921;2.740
4920;4922;1.808
4923;4914;7.257
4923;4907;8.682
4924;4917;4.834
4919;4903;23.316
4925;4913;10.326
4925;4919;4.029
4926;4923;3.845
4926;4927;8.220
4928;4926;2.926
4929;4925;8.654
4924;4928;17.099
4930;4931;0.621
4931;4932;2.396
4933;4930;23.052
4934;4935;4.493
4936;4937;7.652
4938;4939;0.667
4940;4941;0.649
4944;4945;4.300
4943;4945;34.194
4946;4937;5.938
4937;4944;6.146
4946;4944;4.010
4944;4947;1.809
4945;4947;1.171
4948;4946;2.030
4947;4948;1.665
4947;4949;1.601
4945;4949;4.363
4946;4950;4.718
4948;4950;1.236
4950;4951;4.607
4951;4948;1.897
4949;4951;4.029
4942;4952;8.197
4952;4953;2.024
4954;4951;8.639
4949;4954;9.455
4955;4943;50.200
4950;4956;21.862
4957;4953;50.398
4956;4958;24.759
4959;4960;18.395
4961;4953;21.235
4961;4962;1.898
4963;4964;26.618
4965;4957;70.347
4962;4966;24.623
4966;4963;18.790
4967;4968;7.136
4967;4961;4.166
4960;4969;22.750
4969;4965;10.742
4970;4971;18.480
4954;4970;25.668
4972;4967;16.762
4969;4973;9.877
4970;4974;1.263
4973;4975;2.534
4976;4974;2.593
4974;4977;1.318
4976;4977;4.839
4978;4976;6.005
4979;4967;4.201
4980;4981;12.302
4956;4982;123.329
4980;4982;3.452
4979;4972;23.387
4977;4980;27.374
4977;4983;3.333
4978;4983;11.863
4984;4978;13.092
4984;4985;4.650
4986;4987;15.206
4985;4988;2.823
4966;4989;39.026
4990;4988;2.454
4989;4991;0.843
4975;4992;18.778
4992;4986;17.645
4993;4984;4.605
4993;4988;4.140
4983;4994;2.106
4995;4990;17.264
4996;4987;4.515
4987;4997;13.178
4997;4979;5.917
4998;4994;4.404
4983;4998;7.970
4984;4998;15.010
4999;5000;4.927
4994;5000;2.816
5001;4993;3.141
5001;4990;4.695
5000;5002;1.388
4991;5003;5.055
5004;4992;5.725
5005;4986;9.363
5005;4996;11.445
5006;5005;5.670
5004;5006;12.560
4997;5007;7.745
5008;5009;4.453
5010;4982;20.231
5002;5010;2.981
5011;5003;12.955
5010;5012;1.706
4998;5013;6.351
5014;5013;9.972
4994;5015;11.286
5002;5016;7.642
5015;5016;2.651
5003;5017;11.864
5012;5018;4.649
5019;5011;8.857
5013;5020;5.250
5021;5019;1.060
5015;5022;7.922
5020;5022;2.152
5023;5005;11.174
5023;4996;13.132
5023;5024;15.446
5024;4997;4.744
5025;5007;8.089
5024;5025;7.603
5007;5026;12.089
5027;5028;14.878
5016;5029;6.700
5022;5029;6.768
4992;5030;29.060
5020;5031;8.128
5031;5001;19.876
5032;5024;1.714
5032;5033;4.443
5018;5034;24.223
4958;5035;50.383
5035;5008;34.464
5031;5036;4.396
5037;5006;14.766
5037;5023;14.249
5028;5038;4.484
5038;5021;11.568
5029;5039;5.317
5037;5040;4.727
5041;5032;1.590
5012;5039;25.929
5030;5042;24.654
5017;5043;33.615
5036;5044;5.809
5039;5045;5.774
5045;5031;15.406
5046;5004;22.227
5047;5046;0.960
5036;5048;6.915
5046;5049;16.476
5049;5037;5.878
5030;5050;16.643
5050;5047;7.458
5051;5041;2.674
5052;5053;2.575
5052;5049;2.863
5026;5054;14.588
5055;5041;14.147
5055;5051;0.644
5051;5056;9.091
5034;5057;13.067
5043;5058;8.812
5059;5052;1.918
5059;5055;18.881
5025;5060;20.111
5054;5060;7.848
5048;5061;7.543
5045;5062;8.016
5054;5063;4.284
5064;5048;10.878
5063;5065;25.904
5038;5065;15.509
5060;5066;4.743
5066;5063;8.513
5067;5059;4.920
5045;5068;13.337
5061;5068;4.483
5050;5069;11.297
5069;5047;11.269
5070;5055;2.805
5065;5071;12.937
5019;5071;28.449
5071;5058;38.703
5072;5070;1.554
5073;5070;9.025
5074;5073;4.209
5074;5066;9.384
5075;5067;16.322
5058;5076;5.925
5077;5067;12.484
5072;5077;1.488
5076;5078;0.539
5073;5079;5.645
5079;5080;3.087
5080;5074;6.906
5077;5081;1.833
5082;5071;26.920
5081;5083;4.789
5083;5072;7.136
5081;5084;0.771
5084;5085;6.727
5086;5075;10.962
5085;5086;7.969
5083;5087;2.866
5078;5088;4.169
5089;4935;15.497
5079;5090;4.363
5088;5089;5.193
5091;5082;12.440
5092;5063;16.785
5092;5091;5.326
5093;5090;6.367
5087;5093;4.521
5094;5078;4.269
5094;5088;2.809
5095;5075;9.607
5086;5095;8.404
5096;5069;13.995
5009;4934;31.206
5088;5097;1.520
5097;5089;1.515
5098;5096;1.801
5098;5095;2.299
5099;5082;6.720
5099;5100;15.368
5101;5094;1.782
5101;5097;1.183
5080;5102;8.693
5103;5101;0.709
5090;5104;5.382
5104;5102;2.166
5097;5105;2.135
5089;5105;5.892
5106;5103;2.896
5106;5101;1.369
5105;5106;1.990
5087;5107;6.612
5091;5108;6.677
5108;5099;11.893
5107;5109;2.732
5093;5109;7.170
5110;5085;9.102
5084;5110;3.420
5111;5094;6.346
5111;5103;1.194
5112;5107;1.943
5061;5113;42.324
5109;5104;9.278
5102;5114;4.446
5114;5092;15.725
5115;5110;13.448
5116;5098;8.355
5116;5115;6.216
5114;5117;3.718
5117;5108;19.896
5115;5118;11.248
5110;5118;2.982
5119;5114;19.242
5118;5120;6.020
5120;5119;3.747
5118;5121;0.786
5121;5122;8.473
5120;5122;4.783
5123;5124;8.137
5122;5124;20.132
5125;5116;29.104
5121;5125;9.273
5126;5111;19.125
5127;5126;0.935
5128;5127;0.306
5129;5096;67.037
5130;5125;6.752
5131;5130;1.824
5132;5128;10.586
5130;5133;11.515
5133;5132;1.387
5131;5134;2.037
5135;5133;0.561
5135;5136;1.131
5134;5137;3.551
5137;5135;0.641
5138;5131;4.845
5138;5139;2.961
5134;5139;1.476
5140;5138;0.848
5139;5141;1.250
5141;5137;1.085
5142;5140;1.508
5142;5141;1.322
4932;5143;0.887
5143;5140;4.079
5143;5144;0.550
5144;5142;0.603
5145;5146;224.865
5141;5147;1.340
5136;5147;4.784
5148;5142;0.709
5147;5149;0.991
5150;5148;2.066
5149;5150;1.531
5151;5148;1.412
5150;5151;2.104
5152;5144;3.889
5152;5151;1.941
5153;5152;3.577
5149;5153;8.037
5057;5154;35.822
5155;5153;4.570
5156;5157;231.033
5159;5155;6.231
5159;5160;2.268
5155;5160;5.908
5161;5159;1.247
5160;5162;0.367
5163;5161;2.418
5162;5164;2.575
5164;5163;2.563
5162;5145;83.306
5158;5161;58.108
5166;5163;6.786
5164;5166;6.411
4939;5145;24.935
5158;4938;17.376
5157;4940;18.025
4941;5165;15.939
5167;5166;2.046
5167;5168;5.569
5169;5167;5.490
5169;5168;2.134
5168;5170;2.226
5157;5170;61.692
5171;5165;54.454
5171;5169;2.497
5170;5172;0.760
5173;5171;0.584
5172;5173;3.004
5174;5173;8.736
5172;5174;8.928
5175;5174;2.600
5154;5176;25.739
5176;5177;31.332
5177;5178;24.349
5179;5175;36.100
5180;5179;19.566
5178;5181;47.464
5181;5182;9.776
5183;5184;24.143
5185;5186;82.113
5181;5185;10.269
5186;5187;32.889
5187;5188;19.053
5184;5189;41.177
5189;5190;22.248
5191;5192;31.560
5189;5192;24.242
5188;5194;21.872
5192;5195;26.332
5195;5194;21.164
5193;5195;59.770
5196;5197;8.799
5182;5199;36.889
5199;5200;0.517
5201;5202;3.761
5203;5204;7.271
5198;5204;7.166
5204;5201;15.013
5204;5205;3.102
5205;5201;12.960
5206;5194;19.152
5207;5204;16.323
5205;5209;6.019
5209;5210;1.726
5208;5211;15.301
5211;5209;7.673
5211;5210;7.754
5210;5212;1.200
5212;5206;7.898
5212;5213;1.087
5214;5211;21.595
5213;5215;22.626
5215;5216;0.498
5206;5216;28.758
5216;5217;3.625
5200;5218;16.398
5218;5219;1.583
5216;5220;49.441
5212;5221;17.463
5221;5222;53.592
5213;5222;18.366
5222;5223;2.034
5223;5224;29.443
5224;5225;4.994
5222;5226;17.392
5222;5227;14.931
5219;5228;26.558
5228;5229;0.715
5229;5230;24.443
5227;5231;31.212
5225;5232;49.761
5230;5233;52.590
5233;3056;21.813
5232;5234;24.674
5231;5235;34.912
5235;5236;3.153
5234;5237;53.233
5236;5238;25.809
5238;5239;14.161
5237;5240;26.536
5240;5241;6.680
5241;5242;20.159
5239;5243;31.303
5243;5244;0.926
5244;5245;7.185
5246;5247;0.454
5247;5248;10.938
5249;5246;10.941
5250;5249;4.248
5250;5251;4.020
5252;5253;42.250
5251;5254;0.884
5254;5255;9.794
5253;5256;15.982
5254;5256;5.378
5256;5257;1.720
5255;5258;20.706
5257;5259;4.233
5258;5260;6.586
5257;5261;2.347
5253;5261;22.150
5256;5262;12.738
5262;5255;18.945
5259;5263;5.925
5259;5263;13.914
5262;5264;6.033
5260;5265;15.175
5258;5266;18.595
5263;5267;7.508
5267;5264;5.622
5268;5269;15.829
5261;5269;4.399
5269;5270;1.668
5264;5271;9.712
5266;5271;7.464
5271;5272;1.205
5267;5273;6.175
5269;5274;5.896
5274;5267;13.484
5266;5275;8.785
5260;5275;22.856
5276;5277;12.704
5270;5276;1.311
5268;5278;22.209
5278;5279;2.187
5275;5280;3.788
5279;5281;17.098
5276;5281;0.640
5272;5282;5.311
5273;5283;6.994
5283;5272;6.590
5273;5284;5.740
5283;5285;1.385
5285;5282;6.545
5270;5286;8.153
5282;5287;5.613
5287;5280;9.506
5280;5288;11.663
5289;5288;15.416
5286;5290;6.705
5274;5291;12.932
5284;5291;7.018
5285;5292;6.173
5291;5293;1.159
5286;5290;10.794
5290;5293;7.006
5288;5294;4.890
5295;5278;85.491
5287;5296;11.257
5296;5294;9.883
5293;5297;12.444
5298;5296;10.919
5284;5299;22.629
5299;5298;1.950
5297;5300;5.709
5300;5299;3.981
5294;5301;35.806
5302;5303;9.939
5297;5303;7.637
5300;5304;5.673
5298;5304;7.674
5301;5305;2.797
5281;5306;15.053
5307;5306;0.211
5308;5303;8.830
5301;5309;9.116
5303;5310;14.084
5296;5311;22.629
5311;5309;36.778
5304;5312;29.388
5313;5312;19.795
5311;5314;20.696
5312;5314;9.802
5309;5315;44.423
5314;5316;12.909
5315;5316;1.947
5316;5317;2.083
5306;5316;102.487
5318;5307;79.644
5319;5318;10.996
5320;5321;0.571
5321;5322;3.130
5323;5324;0.666
5325;5326;7.054
5327;5325;8.040
2158;5328;12.744
5329;5327;28.800
5330;5329;5.193
5328;5323;16.449
5324;5331;5.014
5331;5332;1.083
5333;5330;42.827
5334;5333;1.234
5332;5335;8.766
5331;5336;29.577
5322;5334;21.191
5336;5337;18.086
5338;5320;2.551
5337;5339;3.191
5340;5339;20.350
5338;5341;0.470
5339;5342;1.617
5343;5341;1.224
5341;5344;4.540
5342;5345;3.456
5345;5343;1.580
5346;5342;5.048
5347;5345;1.681
5348;5346;2.490
5347;5348;4.314
5347;5349;2.810
5343;5349;5.178
5339;5350;8.842
5346;5350;4.085
5349;5351;4.087
5351;5352;0.994
5344;5352;6.989
5348;5353;3.684
5350;5354;2.759
5352;5355;3.994
5344;5356;14.941
5354;5353;8.069
5353;5357;7.589
5351;5357;7.229
5356;5358;4.483
5359;5355;5.864
5360;5356;5.183
5361;5359;1.054
5355;5361;7.553
5358;5362;4.669
5361;5363;3.949
5360;5364;4.243
5358;5364;4.195
5363;5365;2.760
5365;5360;3.195
5357;5366;9.055
5359;5366;4.601
5363;5367;1.777
5362;5368;3.582
5364;5369;4.273
5362;5369;4.242
5365;5369;9.628
5368;5370;4.157
5369;5371;6.912
5370;5371;4.025
5370;5372;7.140
5366;5373;27.888
5373;5374;2.370
5371;5374;5.144
5374;5375;2.874
5375;5372;4.652
5372;5376;4.925
5377;5373;3.683
5375;5377;7.941
5375;5378;4.265
5378;5376;6.001
5354;5379;42.679
5378;5380;4.082
5380;5381;3.863
5376;5382;12.925
5381;5383;3.904
5383;5384;3.002
5384;5382;2.919
5382;5385;3.176
5385;5386;6.462
5379;5387;15.350
5380;5387;11.449
5387;5388;2.089
5381;5388;8.491
5385;5389;2.484
5384;5390;5.102
5389;5390;3.764
5383;5391;6.430
5390;5391;1.304
5389;5392;5.972
5391;5393;6.589
5392;5393;4.325
5388;5394;16.719
5394;5393;2.055
5393;5395;7.275
5396;5394;13.716
5392;5397;14.118
5397;5398;2.816
5395;5399;5.522
5395;5400;6.094
5397;5400;3.792
5400;5401;7.002
5397;5401;13.263
5401;5402;13.966
5403;5404;1.609
5405;5406;0.635
5335;5407;23.147
5407;5408;45.325
5409;5410;6.022
5410;5411;53.919
5408;5412;32.376
5413;5414;19.423
5412;5414;3.407
5415;5416;14.661
5414;5417;1.433
5417;5415;10.153
5417;5418;1.466
5418;5419;7.934
5417;5420;11.269
5420;5416;8.018
5418;5403;1.066
5420;5421;6.115
5416;5421;10.215
5421;5422;4.103
5404;5423;1.826
5411;5424;22.693
5423;5425;7.572
5426;5427;6.870
5423;5426;1.872
5428;5425;4.014
5426;5428;5.121
5425;5429;8.069
5426;5430;2.006
5428;5431;3.692
5431;5429;7.025
5429;5432;7.446
5430;5433;1.868
5430;5434;6.475
5431;5434;5.570
5429;5435;6.899
5424;5436;5.564
5437;5434;2.656
5436;5438;4.370
5438;5405;0.347
5433;5437;4.340
5406;5439;4.499
5435;5440;7.840
5439;5441;1.499
5433;5441;2.093
5435;5442;3.919
5441;5437;9.701
5434;5443;6.233
5442;5443;6.735
5444;5439;7.074
5441;5444;1.743
5444;5445;0.966
5443;5446;12.000
5442;5446;8.712
5445;5447;5.450
5447;5443;11.867
5447;5448;1.659
5448;5449;6.202
5443;5449;10.565
5450;5451;7.161
5445;5451;2.014
5448;5452;3.178
5446;5453;5.584
5449;5453;12.705
5451;5454;0.889
5453;5455;11.602
5454;5456;10.763
5449;5456;9.038
5457;5456;1.575
5457;5453;17.226
5454;5458;2.557
5458;5457;13.290
5458;1345;129.013
5459;5460;3.634
5461;5462;5.547
5463;5464;0.582
5465;5466;0.307
5467;5468;0.553
5469;5470;0.301
5471;5472;0.433
5473;5474;0.337
5475;5476;0.496
5477;5478;1.142
5479;5480;0.576
5481;5482;0.617
5483;5484;0.540
5485;5486;0.529
5487;5488;0.653
5489;5490;0.829
5491;5492;0.730
5493;5494;2.684
5495;5496;0.374
5497;5498;0.624
5499;5500;0.573
5501;5502;0.660
5503;5504;2.314
5504;5505;27.274
5505;5506;26.103
5506;5507;13.414
5507;5508;8.415
5508;5509;5.900
5509;5510;4.866
5510;5511;56.224
5511;5465;8.169
5466;5512;2.307
5512;5467;17.896
5513;5514;2.756
5514;5515;7.078
5515;5516;10.187
5517;5515;1.935
5517;5518;17.813
5518;5519;4.299
5520;5519;13.512
5520;5521;5.604
5522;5520;2.375
5519;5523;6.608
5522;5524;4.690
5525;5522;24.403
5526;5517;21.687
5526;5525;8.230
5527;5526;7.890
5528;5527;10.931
5529;5530;2.699
5530;5528;7.472
5531;5528;6.020
5532;5533;3.282
5532;5530;19.271
5534;5535;3.688
5530;5536;5.182
5535;5532;15.947
4594;5537;60.725
5468;5538;19.538
5538;5469;1.722
5537;5489;21.191
5470;5539;8.672
5539;5540;9.242
5540;5471;14.592
5472;5473;20.823
5474;5541;22.307
5541;5542;3.649
5542;5543;11.683
5543;5544;2.075
5545;5543;12.811
5546;5544;1.515
5547;5545;6.748
5546;5547;1.059
5545;5548;5.654
5547;5549;2.700
5550;5549;0.562
5551;5546;2.119
5552;5551;0.519
5553;5550;1.691
5554;5555;6.052
5492;5553;41.791
5556;5552;3.962
5551;5556;20.795
5557;5556;3.262
5558;5556;0.326
5558;5559;7.553
5554;5560;15.005
5561;5554;10.442
5562;5558;1.147
5563;5564;3.955
5563;5565;6.515
5566;5561;3.313
5561;5567;6.202
5568;5552;21.990
5568;5562;5.500
5569;5570;1.739
5571;5562;2.884
5572;5568;4.056
5573;5563;8.175
5573;5572;1.748
5571;5572;12.548
5574;5566;6.644
5563;5575;8.759
5575;5573;3.689
5570;5576;5.930
5576;5575;2.393
5574;5577;4.772
5566;5578;11.644
5579;5576;4.251
5580;5571;3.971
5578;5580;10.492
5578;5581;4.506
5582;5583;1.397
5584;5579;4.883
5584;5585;4.442
5583;5586;3.877
5586;5587;4.854
5586;5588;7.355
5588;5589;7.446
5590;5584;3.034
5590;5591;6.492
5592;5580;4.419
5592;5574;26.333
5593;5592;0.407
5594;5586;7.137
5595;5493;5.027
5588;5596;9.083
5596;5590;18.113
5596;5597;6.649
5460;5597;2.537
5598;5599;5.623
5599;5594;12.480
5599;5459;1.465
5600;5594;12.517
5600;5599;7.841
5601;5491;29.294
5494;5602;13.197
5602;5601;7.740
5593;5603;3.849
5604;5600;10.078
5605;5600;28.206
5606;5605;1.879
5607;5608;8.113
5609;5610;6.584
5607;5609;8.933
5611;5607;6.460
5612;5611;3.728
5607;5613;5.798
5614;5611;5.177
5614;5613;3.816
5603;5615;6.448
5616;5614;3.379
5613;5609;22.498
5615;5617;5.717
5490;5495;169.373
5617;5618;17.966
5618;5619;7.301
5619;5475;24.572
5496;5497;51.839
5476;5620;1.261
5620;5621;4.648
5498;5622;9.082
5622;5623;6.299
5621;5624;8.856
5623;5625;1.924
5625;5626;3.989
5625;5627;1.759
5627;5628;6.254
5629;5630;2.764
5631;5632;3.180
5632;5633;5.622
5629;5634;0.996
5627;5635;4.628
5636;5629;3.493
5636;5637;1.574
5638;5636;2.624
5635;5638;6.878
5632;5639;10.479
5635;5640;2.643
5633;5641;12.559
5640;5642;1.255
5639;5643;5.248
5641;5643;0.893
5642;5644;4.725
5639;5645;4.831
5646;5647;3.509
5643;5648;4.594
5647;5649;4.749
5640;5650;3.684
5650;5649;0.277
5638;5651;10.705
5649;5652;1.121
5652;5653;1.891
5653;5654;0.512
5654;5655;2.535
5654;5656;1.018
5648;5656;6.523
5656;5657;1.296
5648;5657;8.654
5653;5658;5.303
5650;5659;12.955
5642;5660;15.396
5659;5660;3.235
5661;5662;0.608
5662;5499;0.670
5663;5641;23.274
5657;5663;5.878
5663;5664;0.765
5665;5664;7.496
5666;5667;7.472
5666;5662;1.110
5502;5595;175.859
5664;5666;7.778
5668;5669;4.601
5670;5671;6.222
5660;5671;5.158
5671;5672;0.946
5672;5668;5.228
5662;5673;5.457
5671;5674;6.415
5674;5659;8.247
5675;5676;6.311
5675;5652;13.649
5500;5501;40.414
5672;5677;5.754
5674;5677;4.055
5668;5678;5.705
5679;5675;4.385
5656;5679;18.678
5680;5679;3.929
5677;5681;7.565
5681;5680;8.118
5680;5682;3.373
5682;5683;3.739
5682;5684;2.004
5684;5685;1.612
5684;5686;3.146
5482;5687;5.278
5624;5688;22.190
5484;5481;59.471
5688;5689;2.078
5690;5485;1.487
5486;5483;30.403
5691;5690;19.579
5689;5692;34.373
5692;5693;1.365
5693;5694;5.719
5692;5694;7.718
5694;5691;7.610
5695;5696;6.800
5697;5698;6.541
5698;5699;6.036
5698;5695;5.790
5693;5700;0.916
5694;5700;6.395
5698;5701;7.236
5702;5697;5.753
5701;5702;3.809
5695;5703;4.971
5704;5702;2.814
5701;5705;4.615
5705;5706;6.083
5700;5477;1.602
5704;5707;5.987
5705;5707;10.600
5708;5704;10.835
5708;5707;12.472
5709;5707;7.272
5710;5708;6.770
5711;5710;5.235
5711;5709;7.238
5712;5711;1.866
5712;5709;6.342
5713;5712;2.206
5713;5714;2.883
5478;5715;3.341
5716;5710;13.632
5717;5716;4.878
5717;5713;9.895
5714;5718;21.180
5719;5717;7.242
5719;5714;16.252
5720;5719;12.151
5715;5721;9.270
5721;5722;0.600
5723;5462;2.141
5462;5720;26.181
5724;5725;5.195
5724;5722;6.252
5722;5463;4.366
5726;5463;3.338
5463;5724;17.273
5464;5727;3.676
5461;5727;8.174
5464;5728;7.919
5729;5728;8.500
5727;5729;3.022
5729;5730;1.895
5731;5732;5.478
5728;5732;4.555
5727;5733;3.191
5730;5734;4.928
5734;5735;1.909
5732;5736;6.668
5734;5737;2.764
5732;5738;12.214
5738;5739;7.495
5730;5740;9.179
5740;5741;3.600
5740;5742;3.747
5741;5743;1.597
5733;5743;1.454
5744;5741;12.663
5743;5745;8.578
5745;5746;102.845
5747;5748;2.437
5747;5749;1.034
5750;5749;1.957
5749;5751;4.729
5752;5753;10.261
5748;5754;5.511
5754;5755;1.829
5755;5747;5.210
5748;5756;9.333
5756;5754;2.630
5757;5758;3.538
5759;5757;5.811
5751;5760;2.835
5760;5752;1.068
5756;5757;2.499
5755;5761;1.593
5751;5761;1.320
5746;5762;8.451
5760;5763;2.352
5752;5763;3.346
5763;5764;1.606
5764;5765;17.642
5761;5766;3.313
5767;5766;4.445
5767;5763;2.531
5766;5768;1.615
5757;5769;7.324
5769;5768;5.896
5769;5770;5.089
5768;5771;3.563
5771;5767;4.648
5772;5764;9.721
5772;5771;6.067
5773;5769;6.269
5773;5774;3.060
5775;5776;3.705
5769;5775;7.205
5774;5775;0.818
5775;5777;4.167
5778;5772;5.475
5771;5779;9.953
5779;5778;4.320
5774;5780;10.079
5781;5773;6.214
5782;5781;1.771
5780;5783;1.890
5783;5784;4.684
5785;5781;5.437
5779;5785;2.931
5782;5786;2.506
5787;5780;13.926
5787;5788;4.611
5785;5789;3.162
5789;5790;2.020
5791;5782;7.183
5783;5792;4.545
5792;5791;4.498
5791;5790;9.009
5793;5789;5.722
5793;5778;10.039
5794;5791;4.434
5792;5795;4.210
5795;5794;3.134
5795;5796;0.887
5796;5797;1.713
5796;5798;2.660
5799;5800;7.089
5800;5787;12.434
5794;5801;8.525
5802;5793;12.735
5800;5803;1.313
5790;5804;16.866
5802;5804;6.024
5803;5805;0.526
5801;5806;27.862
5804;5806;20.742
5805;5807;8.120
5806;5807;6.742
5808;5802;33.697
5762;5809;31.891
5807;5810;5.563
5810;5809;3.675
5811;5810;2.021
5809;5811;3.480
5812;5811;7.414
5809;5812;2.520
5812;5479;28.077
5813;5479;14.883
5814;5813;12.248
5813;5815;21.370
5816;5799;157.235
5488;5816;72.235
4810;5487;1.516
5480;5817;51.077
5817;5818;8.106
5818;5819;13.374
5819;5820;13.781
5820;5821;7.376
5822;5823;1.030
5824;5825;1.021
5826;5827;1.246
5828;5829;0.724
5830;5831;1.047
5832;5833;2.114
5833;5834;3.906
5834;5835;32.846
5835;5824;39.714
5836;5837;5.910
5837;5826;2.846
5838;5836;9.388
5839;5840;10.289
5841;5842;6.566
5839;5843;7.012
5844;5839;10.821
5845;5844;1.813
5842;5846;1.556
5844;5846;11.299
5847;5848;2.899
5848;5845;4.098
5849;5842;5.642
5825;5850;47.447
5851;5844;5.458
5827;5852;6.122
5848;5853;2.782
5853;5854;15.391
5846;5855;3.561
5855;5851;5.522
5845;5856;4.644
5856;5853;4.374
5857;5838;7.575
5851;5858;4.896
5858;5856;4.948
5859;5857;1.587
5855;5860;6.461
5860;5858;4.841
5861;5860;2.701
5862;5859;0.994
5863;5849;10.671
5863;5861;5.186
5864;5865;5.766
5865;5863;3.919
5866;5849;21.306
5867;5865;5.766
5868;5869;2.434
5870;5867;1.105
5871;5869;8.484
5859;5871;25.476
5872;5862;2.020
5865;5873;5.112
5861;5873;10.564
5872;5874;38.774
5869;5875;7.089
5875;5868;3.732
5852;5876;3.567
5877;5875;1.768
5867;5878;6.721
5873;5878;3.480
5868;5877;6.627
5850;5879;3.871
5876;5828;0.587
5870;5880;9.063
5878;5880;3.476
5881;5877;6.138
5882;5870;11.208
5883;5882;2.630
5883;5884;2.416
5885;5882;4.445
5885;5883;4.920
5880;5886;7.905
5871;5886;31.349
5886;5887;5.732
5888;5872;5.181
5889;5887;4.771
5890;5885;13.149
5887;5890;12.232
5891;5889;2.521
5890;5892;1.781
5889;5893;5.976
5892;5894;4.830
5892;5895;3.900
5829;5896;8.176
5896;5897;6.112
2335;5898;19.429
5897;5899;3.718
5899;5898;9.364
5899;5900;1.796
5898;5900;1.979
5900;5901;1.484
5898;5901;7.051
5900;5902;1.907
5901;5902;9.213
5903;5899;10.044
5903;5902;1.611
5903;5822;0.182
5901;5904;4.216
5879;5905;32.966
5904;2336;20.004
5823;5906;19.469
5906;5907;0.106
5908;5888;32.429
5905;5908;23.289
2339;5909;8.228
5907;5910;17.009
5910;5911;13.759
5911;5912;0.660
5913;5914;9.620
5912;5915;57.152
5916;5917;3.763
5916;5918;4.957
5919;5916;3.025
5913;5920;13.731
5921;5915;1.361
5922;5913;6.577
5922;5923;7.214
5919;5924;2.869
5925;5926;12.410
5925;5927;1.899
5920;5928;4.284
5928;5922;5.114
5929;5930;17.886
5931;5925;4.887
5932;5919;10.897
5930;5932;5.729
5921;5933;10.610
5933;5931;3.332
5934;5935;3.569
5935;5921;4.769
5933;5936;4.084
5930;5937;10.752
5937;5938;1.429
5933;5939;11.476
5940;5935;1.649
5932;5941;10.506
5936;5939;14.007
5941;5942;2.519
5942;5943;15.677
5937;5943;7.409
5943;5928;19.036
5940;5944;1.315
5939;5944;12.286
5941;5945;16.210
5942;5946;6.395
5947;5943;9.986
5928;5947;30.282
5946;5948;8.200
5948;5949;13.416
5949;5950;8.446
5946;5951;13.083
5949;5952;3.290
5952;5947;5.019
5952;5953;2.118
5944;5954;5.737
5953;5955;1.632
5955;5956;4.151
5957;5958;6.640
5958;5956;13.894
5959;5958;3.776
5958;5960;4.753
5959;5960;4.880
5960;5961;5.813
5960;5962;5.927
5961;5963;5.349
5964;5959;13.476
5961;5965;4.483
5954;5966;14.139
5965;5967;6.561
5966;5968;2.997
5968;5969;0.284
5970;5971;4.201
5971;5964;9.837
5971;5972;1.692
5972;5973;2.546
5973;5974;4.041
5974;5964;10.922
5975;5974;2.741
5975;5976;7.288
5977;5975;4.157
5973;5978;5.541
5972;5979;6.315
5977;5980;2.646
5980;5981;5.181
5982;5977;3.913
5956;5983;11.260
5965;5983;23.498
5980;5984;6.114
5985;5982;6.750
5982;5986;6.473
5985;5987;8.686
5969;5988;29.808
5983;5989;19.980
5987;5989;8.140
5989;5990;4.367
5988;5991;54.412
5992;5991;4.155
5992;5993;1.988
5991;5993;1.017
5990;5830;5.873
5993;5994;1.629
5831;5995;0.545
5995;5992;14.249
5996;5995;3.177
5994;5996;3.196
5997;5996;1.713
5994;5997;9.380
5996;5998;1.977
5998;597;66.761
3;5999;3.954
6000;6001;1.212
6002;6003;0.603
6003;6000;5.030
6004;6005;1.428
6006;6007;4.948
6008;6009;4.327
6008;6010;4.042
6010;6009;2.636
6009;6008;6.539
6011;6012;10.604
6011;6013;2.316
6013;6014;4.770
6014;6015;1.518
6015;6016;2.368
6015;6017;1.608
6016;6017;2.461
6017;6011;3.961
6018;6019;1.672
6018;6020;4.514
6020;6019;2.764
6019;6021;4.089
6021;6022;2.767
6022;6023;3.009
6021;6023;1.815
6023;6018;1.269
6024;6025;2.893
6026;6027;8.118
6028;6027;1.508
6028;6025;3.543
6025;6027;3.507
6029;6030;2.434
6031;6029;2.311
6027;6031;2.563
6031;6030;1.652
6030;6028;2.946
6032;6033;5.105
6034;6035;1.441
6036;6037;9.826
6038;6039;1.100
6040;6041;4.021
6042;6043;3.819
6044;6045;3.896
6046;6047;0.658
6048;6049;1.161
6050;6051;0.714
6052;6053;0.558
6054;6055;0.790
6056;6057;0.519
6058;6059;1.400
6060;6061;1.422
6062;6063;2.348
6064;6065;0.580
6066;6067;1.119
6068;6069;0.813
6070;6071;0.863
6072;6073;0.320
6074;6075;0.929
6076;6077;0.544
6078;6079;1.666
6080;6081;1.486
6082;6083;1.227
6084;6085;1.232
6086;6087;0.765
6088;6089;1.210
6090;6091;1.380
6092;6093;0.868
6094;6095;1.478
6096;6097;1.004
6098;6099;1.768
6100;6101;0.843
6102;6103;0.558
6104;6105;0.363
6106;6107;0.948
6108;6109;0.807
6110;6111;1.299
6112;6113;0.494
6114;6115;0.629
6117;6118;0.767
6119;6120;1.383
6121;6122;1.280
6123;6124;1.423
6125;6126;1.103
6127;6128;1.125
6129;6130;1.301
3;6131;4.518
3133;6132;47.194
6132;6026;15.256
6133;6134;1.685
6134;6135;1.055
6029;6133;27.701
6026;6024;28.847
6135;6136;31.458
6028;6137;12.056
6138;6139;2.425
6137;6140;22.359
6140;6141;2.550
6142;6143;7.960
6144;6143;7.994
6143;6145;3.097
6146;6145;14.724
6147;6148;1.042
6149;6141;12.892
6149;6147;8.091
6147;6150;12.441
6145;6150;9.120
6150;6151;5.004
6152;6153;11.954
6154;6152;4.064
6155;6151;15.343
6155;6154;8.243
6151;6155;13.723
6156;6157;4.428
6141;6158;9.882
6136;5409;42.007
6157;6158;7.463
6157;6159;2.430
6156;6159;4.642
6160;6156;16.870
6160;6149;13.440
6151;6160;12.469
6161;6160;9.201
6151;6161;10.861
6158;6162;4.547
6161;6163;21.510
6154;6163;16.548
6159;6164;16.589
6160;6164;18.822
6161;6165;10.550
6163;6166;14.358
6165;6166;16.990
6162;6167;19.548
6167;6164;10.690
6164;6165;20.690
6166;6168;3.128
6169;6167;5.725
6167;6169;17.560
6165;6170;9.234
6171;6170;8.224
6165;6172;10.382
6139;6173;65.333
6173;6174;8.920
6162;6174;10.224
6170;6175;18.326
6176;6177;6.318
6169;6176;19.738
6176;6178;68.048
6174;6179;60.403
6179;6108;18.901
6180;6181;2.778
6181;6182;14.663
6182;6183;4.398
6182;6184;3.992
6184;6183;2.252
6185;6186;35.291
6001;6187;13.361
6186;6187;0.215
6184;6188;12.450
6189;6190;2.724
6188;6189;7.651
6190;6191;11.015
6192;6002;3.223
6183;6193;16.509
6193;6192;0.533
6188;6194;5.877
6194;6195;2.637
6195;6193;4.739
6189;6196;9.270
6194;6196;5.326
6190;6197;10.535
6196;6197;3.913
6195;6198;3.277
6198;6199;9.688
6193;6199;6.631
6196;6200;9.703
6198;6200;2.194
6199;6201;8.656
6200;6202;7.565
6201;6202;17.402
6201;6203;9.307
6197;6204;28.137
6202;6205;5.786
6206;6204;37.547
6204;6205;12.202
6205;6207;14.068
6187;6208;8.631
6109;6019;15.870
6208;6209;3.164
6018;6210;19.672
6211;6212;10.331
6213;6211;5.831
6214;6213;6.827
6215;6213;13.053
6216;6211;21.714
6217;6216;4.314
6216;6218;6.216
6218;6215;3.286
6219;6214;9.291
6220;6219;2.303
6215;6221;4.899
6222;6218;5.008
6222;6221;1.668
6223;6214;9.536
6223;6220;3.917
6221;6224;10.787
6224;6223;2.697
6220;6225;2.345
6226;6217;6.737
6210;6014;12.078
6216;6227;9.147
6228;6224;2.215
6228;6223;2.933
6229;6222;4.300
6230;6229;1.481
6231;6226;7.985
6227;6231;1.852
6131;6038;0.726
6016;6217;33.879
6227;6232;4.085
6232;6229;4.388
6232;6233;1.563
6233;6230;4.332
6231;6234;3.907
6234;6233;3.472
6235;6230;7.567
6235;6228;8.138
6236;6226;9.685
6233;6237;6.607
6237;6235;5.158
6238;6226;13.080
6238;6236;6.025
6234;6239;6.099
6239;6237;5.462
6235;6240;8.017
6241;6239;3.416
6242;6236;8.911
6242;6241;4.233
6243;6235;11.840
6241;6244;5.771
6238;6245;24.358
6242;6244;7.910
6244;6246;1.904
6246;6243;11.562
6238;6247;13.677
6247;6242;12.860
6246;6248;3.546
6248;6249;10.274
6248;6250;9.170
6247;6251;15.287
6014;6011;1.551
6012;6252;0.191
6252;6253;0.930
6254;6048;19.054
6049;6255;35.531
6253;6256;46.977
6255;6050;23.212
6051;6257;13.483
6209;6258;92.802
6256;6009;24.336
6259;6258;9.203
6008;6259;6.947
6257;6052;23.936
6260;6259;3.479
6033;6261;41.086
6262;6260;97.785
6262;6263;2.712
6263;6260;2.592
6264;6032;10.041
6264;6265;18.476
6258;6007;89.673
6007;6262;2.866
6007;6266;47.432
6266;6267;30.422
6268;6264;40.697
6269;6267;3.584
6268;6270;5.275
6270;6271;10.000
6036;6269;1.801
6272;6053;34.100
6005;6272;3.485
6273;6006;6.908
6274;6004;0.496
6274;6268;7.152
6275;6274;2.961
6275;6270;5.395
6276;6275;4.165
6276;6273;5.518
6273;6277;7.008
6278;6276;6.114
6277;6278;4.824
6279;6044;39.592
6272;6279;8.171
6005;6280;11.845
6277;6281;10.378
6279;6282;1.418
6283;6274;12.005
6281;6284;1.118
6284;6266;41.834
6285;6283;24.642
6285;6278;6.751
6286;6285;2.938
6287;6286;4.029
6287;6288;24.584
6288;6281;6.370
6289;6283;6.481
6290;6037;16.883
6291;6286;2.353
6292;6288;3.689
6293;6287;7.195
6282;6294;7.603
6295;6293;9.964
6292;6295;9.386
6284;6296;10.107
6297;6293;3.779
6297;6295;4.997
6296;6298;2.337
6296;6299;2.024
6299;6290;8.256
6300;6037;23.448
6301;6289;11.555
6301;6285;19.891
6288;6302;26.835
6298;6302;5.253
6303;6300;3.998
6304;6292;10.335
6305;6301;4.078
6291;6305;17.794
6306;6304;4.296
6290;6307;16.430
6307;6303;7.256
6302;6308;9.212
6294;6110;4.358
6309;6282;33.361
6309;6280;25.344
6308;6306;9.422
6304;6310;6.793
6310;6306;3.676
6303;6311;9.765
6312;6297;17.094
6313;6310;4.729
6314;6305;7.397
6315;6289;20.122
6314;6315;10.167
6316;6312;2.921
6313;6316;2.384
6317;6291;21.000
6299;6318;6.087
6319;6314;5.338
6317;6319;11.818
6280;6309;45.229
6320;6317;3.283
6312;6320;14.557
6298;6321;19.519
6321;6318;3.163
6307;6322;10.050
6322;6311;8.561
6318;6323;1.069
6319;6324;2.415
6311;6325;11.546
6326;6320;2.758
6322;6327;3.783
6327;6325;14.000
6316;6328;6.343
6329;6313;10.970
6323;6327;12.090
6325;6330;2.787
6324;6331;8.321
6332;6308;15.855
6333;6332;3.829
6334;6315;8.021
6331;6334;4.708
6335;6332;3.142
6336;6300;29.478
6329;6328;12.415
6327;6337;4.648
6338;6329;6.778
6339;6333;5.850
6339;6321;10.630
6340;6309;17.509
6330;6337;17.623
6338;6341;3.236
6341;6335;8.144
6342;6324;11.885
6326;6342;9.999
6335;6333;11.803
6343;6326;13.511
6328;6343;9.349
6330;6344;11.217
6344;6336;6.307
6343;6345;6.367
6323;6346;5.186
6341;6347;7.435
6348;6331;15.268
6342;6348;9.554
6337;6349;8.828
6346;6349;7.255
6345;6350;3.962
6350;6338;12.762
6351;6348;3.740
6350;6352;4.566
6353;6349;7.491
6347;6354;6.632
6343;6355;11.035
6356;6352;6.333
6356;6347;12.078
6357;6351;5.297
6352;6358;4.072
6355;6359;4.143
6345;6359;11.429
6359;6360;1.114
6344;6361;19.536
6362;6351;12.564
6355;6362;7.686
6358;6363;3.674
6363;6356;6.100
6354;6364;7.723
6339;6364;19.286
6365;6363;1.892
6358;6360;12.719
6366;6353;13.928
6367;6362;4.550
6364;6368;5.654
6369;6340;37.099
6370;6367;3.596
6360;6370;9.004
6371;6354;19.622
6346;6372;8.469
6344;6373;23.734
6374;6370;5.098
6367;6374;11.868
6375;6353;21.607
6375;6373;8.147
6374;6376;5.710
6376;6371;21.275
6377;6349;27.019
6372;6378;4.819
6378;6377;3.057
6371;6379;13.572
6379;6380;3.294
6372;6380;8.110
6381;6369;47.587
6381;6340;47.426
6377;6382;12.025
6382;6375;13.395
6380;6383;0.962
6378;6384;4.296
6384;6382;6.068
6376;6385;16.218
6379;6385;20.341
6386;6334;69.894
6385;6386;3.312
6384;6387;6.412
6373;6387;27.890
6385;6388;9.674
6383;6388;7.182
6387;6389;0.722
6389;6390;3.219
6391;6386;13.023
6388;6391;2.613
6391;6034;0.854
6392;6393;19.957
6383;6394;31.735
6390;6395;4.218
6396;6394;2.103
6388;6396;39.856
6394;6397;7.388
6397;6389;25.470
6398;6396;3.940
6397;6398;3.953
6395;6399;16.277
6395;6399;7.691
6400;6381;51.180
6035;6400;14.095
6390;6401;13.275
6393;6401;24.423
6393;6402;32.930
6402;6403;1.392
6401;6404;10.558
6398;6405;38.232
6406;6404;4.731
6405;6407;5.448
6399;6407;21.109
6404;6407;21.853
6111;6408;41.968
6403;6409;28.180
6035;6410;6.226
6401;6411;12.420
6411;6402;24.043
6035;6405;90.007
6409;6412;15.180
6407;6413;18.508
6409;6414;40.633
6407;6415;19.856
6414;6416;3.713
6411;6417;11.058
6412;6417;15.104
6413;6418;17.676
6416;6419;53.917
6419;6420;8.808
6418;6421;25.545
6421;6418;68.737
6412;6422;97.275
6420;6422;30.449
6415;6423;47.709
6423;6421;28.068
6417;6424;35.742
6422;6424;28.301
6424;6422;30.352
6410;6425;22.661
6421;6426;110.522
6427;6428;4.998
6428;6429;5.564
6429;6430;5.011
6428;6431;16.822
6432;6433;2.181
6429;6433;8.085
6434;6431;5.722
6435;6434;1.855
6433;6436;4.574
6436;6435;11.760
6434;6437;3.127
6436;6438;8.469
6435;6438;9.736
6431;6439;12.994
6439;6440;5.240
6438;6441;3.079
6439;6442;4.061
6442;6440;5.785
6441;6443;4.197
6441;6444;7.726
6445;6446;26.930
6446;6444;9.404
6446;6447;1.692
6448;6447;6.267
6444;6449;3.952
6449;6442;21.453
6450;6451;11.962
6451;6452;7.191
6447;6452;8.766
6452;6453;2.214
6449;6453;9.462
6451;6454;8.458
6408;6455;81.592
6424;6456;36.056
6453;6457;9.647
6105;6458;4.805
6459;6457;3.241
6425;6460;20.955
6456;6461;10.374
6462;6463;40.595
6463;6464;3.813
6464;6465;2.838
6461;6466;36.095
6466;6463;11.669
6464;6467;10.902
6115;6459;25.837
6467;6468;2.261
6468;6469;3.245
6466;6470;2.311
6467;6471;8.088
6470;6472;27.009
6470;6473;2.497
6471;6473;2.553
6468;6474;6.892
6473;6475;0.716
6471;6476;9.066
6474;6476;6.923
6475;6477;7.678
6475;6478;2.686
6476;6478;1.860
6474;6479;9.329
6479;6480;11.471
6478;6481;2.622
6477;6482;14.558
6481;6483;0.887
6483;6479;9.898
6484;6481;5.585
6483;6485;2.022
6486;6484;2.947
6484;6485;9.424
6485;6487;1.752
6477;6488;17.415
6488;6486;3.961
6486;6487;19.445
6487;6489;4.840
6489;6490;1.657
6490;6114;25.558
6491;6492;29.735
6488;6491;35.993
6493;6423;86.194
6494;6493;0.980
1465;6495;19.153
6490;6054;50.714
6496;6494;40.098
6497;6116;8.613
6118;6497;5.144
6498;6117;1.922
6499;6496;6.769
6500;6498;6.957
6501;6131;0.617
6495;6502;23.695
6503;6504;0.871
6505;6503;7.784
6502;6506;23.184
6507;6508;1.264
6507;6509;5.576
6509;6510;5.800
6511;6512;5.532
6510;6513;4.701
6512;6513;2.771
6513;6514;2.250
6515;6514;3.244
6514;6516;0.680
6517;6500;35.558
6506;6515;15.976
6518;6507;12.301
6516;6518;1.358
6519;6499;25.214
6520;6521;10.793
6518;6520;2.157
6516;6522;8.704
6522;6523;6.578
6524;6525;5.618
6520;6524;6.368
6524;6526;4.415
6526;6527;1.585
6526;6528;4.239
6520;6528;3.749
6522;6529;10.095
6530;6531;4.817
6529;6531;2.852
6120;6517;7.588
6532;6533;6.176
6528;6533;3.298
6055;6534;53.742
6535;6505;18.414
6533;6536;1.093
6536;6066;0.592
6529;6537;16.341
6531;6536;40.571
6067;6538;6.401
6534;6539;8.863
6539;6538;3.915
6539;6540;1.716
6538;6540;4.119
6541;6539;4.341
6540;6541;3.714
6075;6541;1.600
6540;6542;3.740
6504;6543;83.335
6543;6544;2.213
6122;6119;33.380
6545;6546;3.920
6547;6545;0.966
6548;6547;15.712
6549;6121;7.524
6550;6551;4.611
6550;6548;5.521
6552;6547;13.473
6552;6553;6.235
6554;6550;2.495
6097;6535;24.985
6555;6549;8.002
6556;6548;9.880
6557;6556;3.245
6558;6555;4.781
6559;6554;7.472
6559;6556;2.621
6560;6554;4.516
6560;6561;2.464
6561;6558;8.180
6562;6560;9.433
6562;6559;2.435
6563;6552;7.749
6564;6562;7.030
6563;6564;6.562
6562;6565;7.755
6564;6566;5.021
6567;6563;10.497
6567;6568;18.938
6569;6567;1.759
6566;6570;3.993
6571;6569;2.671
6544;6572;11.181
6573;6566;4.989
6573;6570;6.564
6574;6573;11.943
6570;6575;5.452
6576;6096;3.453
6571;6577;5.652
6558;6578;17.152
6578;6579;7.969
6561;6579;15.159
6579;6574;4.414
6575;6580;2.236
6569;6580;5.965
6581;6578;4.075
6582;6573;5.800
6583;6582;2.388
6575;6584;9.359
6585;6519;36.198
6586;6576;3.568
6587;6574;12.426
6587;6588;6.289
6582;6588;5.723
6589;6586;3.119
6580;6590;9.880
6579;6591;13.791
6591;6587;1.639
6577;6592;15.824
6460;6592;118.476
6593;6589;6.190
6590;6594;3.484
6594;6595;9.550
6596;6585;1.264
6589;6593;8.370
6588;6597;5.334
6590;6597;9.369
6593;6598;5.673
6599;6598;3.120
6599;6600;0.820
6594;6601;5.406
6591;6602;7.908
6597;6602;8.287
6603;6604;2.511
6603;6586;4.462
6598;6603;12.013
6605;6604;2.236
6606;6599;6.309
6604;6607;15.464
6608;6606;3.817
6603;6609;10.991
6609;6606;10.251
6608;6610;5.099
6602;6611;12.025
6612;6596;5.205
6613;6603;5.020
6607;6613;14.697
6614;6609;6.982
6614;6608;11.880
6613;6615;17.837
6615;6614;8.215
6572;6616;12.562
6616;6617;0.533
6618;6613;5.546
6619;6620;20.623
6618;6615;22.628
6621;6618;1.547
6614;6622;29.352
6617;6623;4.634
6620;6623;8.619
6623;6624;2.372
6625;6626;1.513
6041;6625;1.016
6624;6627;1.332
6628;6627;3.952
6629;6617;26.213
6629;6624;7.336
6627;6630;2.836
6631;6040;2.870
6630;6632;0.950
6620;6633;32.674
6633;6631;2.541
6632;6634;0.819
6635;6634;11.744
6635;6633;2.164
6634;6636;2.982
6637;6629;6.000
6637;6630;11.759
6632;6638;4.139
6635;6639;5.914
6631;6639;5.079
6630;6640;10.231
6047;6641;4.219
6642;6643;19.171
6642;6644;8.971
6640;6645;7.934
6640;6645;1.894
6641;6646;9.378
6647;6646;7.322
6648;6637;7.227
6592;6649;13.105
6645;6648;6.583
6650;6642;3.942
6646;6651;2.041
6636;6652;13.092
6653;6654;3.544
6654;6651;2.527
6652;6655;6.264
6639;6656;12.601
6657;6656;3.805
6655;6657;5.662
6656;6658;3.237
6596;6659;19.096
6660;6612;13.322
6636;6661;18.915
6652;6661;7.915
6662;6654;2.483
6659;6663;0.942
6664;6662;3.596
6542;6665;45.427
6655;6666;6.425
6666;6657;3.669
6667;6666;1.516
6668;6665;4.319
6046;6668;9.678
6661;6669;6.587
6658;6670;6.488
6651;6671;5.553
6663;6672;8.869
6672;6673;20.327
6674;6650;19.781
6671;6674;2.766
6671;6675;1.384
6676;6662;7.101
6665;6677;4.222
6670;6678;4.241
6663;6679;7.952
6672;6679;6.919
6676;6680;4.115
6658;6681;15.642
6665;6682;1.729
6682;6668;3.574
6677;6682;3.875
6678;6683;1.802
6672;6684;4.206
6685;6684;1.035
6686;6676;8.908
6675;6686;5.305
6675;6687;6.730
6687;6674;5.836
6679;6688;3.796
6688;6685;8.755
6681;6689;7.880
6670;6690;8.154
6681;6690;8.985
6686;6691;3.367
6690;6692;1.830
6689;6693;4.734
6692;6678;13.801
6684;6694;5.086
6694;6695;1.621
6696;6687;4.746
6687;6697;4.260
6698;6685;6.269
6695;6698;5.096
6699;6660;4.036
6689;6700;5.070
6691;6701;4.597
6697;6691;16.587
6688;6702;8.053
6692;6703;9.818
6702;6704;2.023
6704;6698;7.494
6695;6705;7.995
6705;6704;8.318
6706;6705;5.248
6694;6706;9.872
6705;6707;2.740
6706;6707;6.257
6708;6699;3.449
6704;6709;8.271
6707;6709;7.880
6706;6710;11.117
6709;6711;8.026
6710;6711;16.826
6712;6713;6.489
6714;6712;4.694
6711;6714;22.316
6712;6715;3.847
6714;6715;4.606
6682;6716;10.310
6717;6708;6.542
6715;6718;3.995
6718;6719;3.231
6718;6720;1.177
6649;6721;14.903
6722;6717;5.311
6716;6723;8.808
6724;6074;70.980
6721;6725;6.933
6726;6722;8.891
6727;6724;8.915
1;6728;3.664
6729;6727;4.644
6730;6621;45.995
6731;6729;13.090
6731;6732;19.383
6077;6731;2.341
6725;6068;17.334
6733;6734;13.353
6733;6076;2.450
6735;6733;2.427
6736;6735;7.557
6737;6733;15.471
6737;6738;4.257
6739;6738;2.997
6733;6740;14.057
6740;6741;4.986
6740;6742;3.294
6738;6743;11.113
6743;6744;3.924
6737;6745;7.929
6743;6746;3.069
6741;6747;6.436
6745;6747;1.583
6745;6748;2.295
6748;6743;8.022
6741;6749;6.801
6747;6749;5.269
6748;6750;6.335
6751;6749;6.429
6079;6735;11.247
6078;6752;0.343
6069;6753;8.695
6723;6754;37.215
6754;6056;6.803
6752;6755;20.788
6755;6756;0.484
6756;6757;2.673
6758;6759;6.542
6057;6058;27.554
6757;6123;22.661
6124;6760;0.601
6760;6761;15.055
6762;6763;3.366
6764;6762;4.977
6765;6753;52.836
6766;6765;0.345
6767;6762;7.076
6768;6767;2.192
6059;6769;47.907
6769;6770;4.111
6769;6770;24.885
6770;6771;4.462
6771;6767;9.192
6771;6772;2.344
6772;6768;5.123
6772;6773;1.282
6773;6774;2.760
6774;6768;16.550
6774;6775;1.374
6775;6776;17.252
6775;6777;2.768
6777;6778;0.107
6778;6779;7.095
6775;6777;11.303
6773;6780;5.185
6780;6781;7.317
6774;6781;8.024
6779;6782;14.802
6780;6783;9.060
6784;6730;66.869
6783;6785;10.315
6781;6785;7.023
6783;6786;6.814
6753;6787;37.073
6752;6788;45.140
6789;6726;79.747
6790;6786;16.968
6785;6790;20.469
6761;6791;71.908
6791;6792;0.648
6788;6793;3.442
6794;6786;4.121
6792;6795;0.698
6796;6794;0.250
6099;6784;6.643
6797;6789;3.935
6795;6125;7.551
6128;6797;1.258
6779;6798;32.015
6799;6127;0.403
6126;6799;7.602
6800;6098;3.551
6728;5;0.880
6798;6060;12.799
6800;6801;2.077
6802;6766;44.182
6061;6803;10.965
6803;6804;0.740
6804;6800;23.053
6799;6805;8.419
6101;6802;9.298
6806;6100;7.822
6807;6805;11.574
6808;6809;12.210
6810;6808;8.176
6810;6807;1.387
6811;6807;2.189
6812;6811;2.624
6813;6811;6.363
6814;6813;5.650
6806;6815;1.868
6809;6815;11.731
6816;6810;7.013
6815;6817;1.315
6818;6816;6.608
6809;6818;9.886
6819;6816;8.777
6819;6812;4.304
6820;6819;4.924
6812;6820;7.264
6821;6820;3.200
6821;6813;8.597
6822;6819;3.047
6817;6823;1.896
6823;6824;4.176
6825;6819;7.237
6822;6826;6.730
6823;6827;1.387
6827;6818;13.149
6828;6818;8.853
6828;6816;8.795
6829;6821;8.504
6829;6830;2.252
6089;6796;20.731
6831;6828;4.150
6827;6832;2.023
6817;6833;15.570
6833;6832;1.997
6834;6833;3.339
6835;6831;5.462
6836;6830;6.724
6832;6837;5.414
6832;6837;9.686
6830;6838;14.724
6837;6839;5.713
6839;6831;11.414
6840;6822;19.151
6840;6829;12.886
6841;6840;2.113
6842;6839;2.343
6843;6844;14.077
6845;6846;10.520
6846;6847;3.157
6835;6848;21.257
6848;6841;8.838
6841;6849;9.484
6850;6851;14.716
6851;6846;7.452
6852;6835;19.884
6852;6848;7.596
6853;6854;15.810
6855;6853;11.545
6848;6856;5.981
6856;6849;5.535
6839;6857;16.340
6857;6852;1.596
6855;6858;9.276
6853;6859;1.420
6854;6859;15.182
6793;6860;26.933
6849;6861;5.617
6862;6844;6.405
6862;6851;5.684
6856;6863;4.530
6863;6861;3.783
6864;6862;1.744
6844;6862;21.045
6846;6865;14.985
6860;6866;1.465
6858;6867;9.416
6857;6868;9.338
6868;6863;8.125
6862;6869;8.504
6865;6869;1.293
6858;6870;8.557
6870;6867;6.683
6859;6871;12.660
6870;6871;3.172
6866;6112;3.735
6867;6872;6.415
6873;6874;8.883
6872;6875;3.195
6875;6864;11.467
6876;6842;7.971
6854;6877;22.696
6875;6878;5.600
6878;6864;10.861
6879;6876;0.583
6880;6881;9.579
6881;6877;2.987
6868;6882;9.904
6872;6883;3.687
6883;6878;7.636
6877;6884;3.230
6878;6885;5.049
6886;6882;13.052
6861;6886;15.486
6871;6887;11.765
6887;6883;5.451
6888;6874;6.363
6884;6889;3.007
6890;6873;6.912
6891;6887;4.251
6889;6891;6.737
6892;6888;2.509
6890;6893;1.175
6884;6894;3.639
6895;6892;0.867
6896;6873;6.708
6896;6890;6.418
6889;6897;3.129
6891;6898;2.576
6881;6899;6.826
6900;6898;4.043
6900;6883;7.719
6901;6897;2.008
6882;6902;10.335
6886;6902;6.857
6903;6901;4.444
6878;6904;10.616
6905;6906;1.533
6907;6888;9.063
6896;6907;7.048
6907;6905;8.513
6908;6900;10.974
6909;6908;1.272
6910;6911;0.933
6886;6912;16.581
6911;6913;1.499
6902;6913;9.883
6905;6914;3.557
6915;6895;10.106
6902;6916;7.913
6915;6917;3.289
6897;6918;13.235
6898;6918;9.906
6919;6907;5.020
6920;6915;6.389
6920;6919;1.898
6916;6921;4.009
6921;6912;10.315
6901;6922;14.983
6918;6922;2.639
6921;6923;0.904
6913;6924;11.573
6916;6924;4.542
6924;6921;3.709
6925;6917;3.691
6912;6926;8.170
6927;6920;3.752
6917;6928;14.783
6925;6929;3.385
6930;6927;1.760
6919;6931;7.214
6932;6925;4.177
6932;6927;4.911
6113;6933;22.786
6928;6933;4.849
6933;6934;4.330
6928;6934;9.509
6934;6932;2.600
6932;6935;3.376
6922;6936;3.382
6935;6937;5.609
6938;6934;3.565
6935;6939;3.990
6939;6940;1.079
6940;6941;3.227
6942;6938;5.819
6939;6938;18.860
6940;6944;8.274
6945;6879;17.554
6946;6088;40.709
6103;6945;15.497
6947;6102;9.970
6062;6801;46.532
6787;6948;52.938
6063;6064;7.264
6949;6947;16.465
6950;6843;84.395
6065;6951;4.109
6951;6952;8.979
6866;6953;43.972
6951;6954;1.987
6952;6954;5.147
6954;6955;1.672
6952;6955;6.572
6956;6955;14.731
6956;6957;2.394
6958;6956;5.261
6959;6958;11.692
6959;6958;4.584
6960;6959;4.804
6961;6962;3.525
6959;6963;8.947
6964;6965;13.290
6961;6966;6.699
6960;6966;4.992
6967;6965;4.533
6968;6960;8.435
6965;6969;4.750
6969;6961;8.041
6966;6970;4.218
6970;6968;4.132
6967;6971;5.832
6969;6972;4.037
6973;6967;9.026
6972;6974;7.227
6970;6974;4.374
6975;6972;3.113
6972;6976;4.673
6974;6976;2.373
6973;6977;4.000
6975;6977;5.945
6976;6978;1.162
6970;6979;7.025
6980;6975;4.274
6978;6980;2.460
6981;6982;1.696
6955;6982;17.928
6983;6978;3.419
6979;6983;5.882
6973;6984;12.543
6977;6985;6.374
6980;6985;3.674
6984;6986;2.985
6985;6987;4.077
6987;6983;7.489
6984;6986;7.315
6986;6988;3.199
6985;6988;4.555
6988;6989;4.423
6987;6989;2.907
6968;6990;21.236
6990;6991;4.741
6989;6992;11.924
6979;6992;11.101
6992;6990;11.699
6991;6993;8.774
6993;6994;2.190
6982;6994;4.536
6995;6994;6.970
6996;6997;5.690
6997;6998;2.604
6988;6998;10.296
6999;6996;4.589
6989;7000;5.368
6997;7001;2.073
6998;7001;2.563
7002;6992;4.558
7003;6996;4.018
6994;7004;10.500
6994;7005;3.581
7005;7006;2.303
7004;7006;7.200
6948;7007;20.542
6953;7008;20.149
6994;7009;8.162
7009;7010;1.357
7004;7011;7.720
7011;7009;9.821
7010;7012;0.340
7001;7013;17.004
7012;6950;42.526
7014;7011;5.347
7011;7015;5.906
7015;7010;7.617
7006;7016;12.805
7007;7017;2.461
7018;6946;48.665
7015;7019;6.947
7017;7020;0.508
7021;7015;11.320
7005;7022;9.190
7020;7023;8.663
7024;6949;61.875
7023;7025;1.038
7026;7024;3.488
7022;7027;12.519
7028;7026;15.402
7025;6070;10.055
7029;7028;4.160
6091;7018;25.751
7030;7025;16.971
7031;7030;1.140
7032;7029;7.661
7033;7031;5.767
7034;7032;2.963
7035;7033;16.562
7035;7031;30.642
7036;7034;5.627
7035;7036;1.171
7027;7037;10.510
7038;7035;1.982
7039;7033;21.363
7039;7038;1.366
6093;6090;5.838
7036;7040;19.310
6943;7041;108.943
7038;6759;14.440
7042;7039;1.929
7040;7043;0.518
6759;7040;5.940
6039;7042;0.332
6071;6458;10.028
6458;7044;9.255
7044;0;7.395
0;7045;4.975
7046;6501;2.124
5;7046;3.161
7047;6092;1.761
6501;7048;6.439
7042;7048;8.016
7047;7049;0.319
1;7050;9.136
7050;7051;5.061
7051;6728;6.618
7052;7053;3.292
7053;7046;5.233
7048;7054;3.779
7037;7055;6.546
7050;7056;4.710
7051;7057;2.753
5;7057;8.881
7058;7051;3.375
6107;6104;10.656
7059;7054;5.674
7057;7060;3.657
7049;7061;2.987
7041;6106;15.801
7060;7062;1.140
7062;7053;8.658
7049;7061;20.762
7061;7063;1.305
7063;7064;27.473
7054;7065;10.159
7053;7066;13.452
7065;7066;4.198
7063;7067;1.483
7068;7067;7.989
7062;7069;9.449
7069;7070;2.515
7060;7071;15.572
6458;6072;6.039
7066;7072;9.511
7073;7074;6.336
7067;7075;2.852
7075;7073;12.580
7069;7076;9.404
7072;7076;3.204
7075;7077;5.924
7073;7078;3.078
7077;7079;7.623
7077;7080;9.787
7080;7081;8.404
7075;7082;4.127
7083;7082;4.004
7080;7084;6.860
7085;7086;7.108
7082;7087;3.549
7088;7085;2.338
7084;7089;7.115
7087;7089;11.539
7086;7090;7.601
7090;7085;7.978
7084;7091;11.377
7091;7092;3.297
7089;7092;12.352
7093;7088;14.039
7092;7094;21.302
7088;7095;11.759
7095;7090;14.667
7096;7095;6.555
7097;7093;6.096
7097;7096;4.174
7098;7093;6.218
7098;7097;6.896
7099;7100;19.598
7098;7100;5.441
7096;7101;7.578
7100;7102;2.722
7008;7103;62.228
7104;7087;7.582
7103;6080;3.323
7105;7106;6.752
7106;7107;3.043
6081;7108;3.193
7055;7109;35.913
7107;7110;10.535
7111;7104;9.007
7109;7105;22.967
6073;7112;21.767
7110;7113;31.283
7113;7114;8.315
7108;7115;12.412
7115;7116;0.147
7114;7117;17.177
7116;7118;4.576
7116;7119;48.336
7119;7120;5.526
7117;7121;41.081
7119;7122;6.488
7122;7123;5.874
7122;7124;6.735
7125;7124;15.441
7124;7126;1.824
7123;7127;7.260
7123;7126;10.180
7121;5832;30.766
7124;7128;6.318
7128;7129;10.070
7128;7130;1.652
7130;7131;4.392
7118;7132;8.151
7132;7127;9.246
7130;7133;1.425
7134;7135;7.397
7127;7136;7.469
7136;7137;2.679
7138;7139;2.512
7135;7139;6.111
7139;7140;3.737
7135;7141;2.874
7142;7141;2.045
7132;7143;1.853
7143;7136;8.927
7144;7145;5.496
7145;6042;3.624
7134;7146;6.702
7136;7147;4.730
7126;7148;13.692
7146;7134;30.086
7147;7149;2.538
7148;7149;6.345
7143;7150;2.740
7150;7147;5.073
7141;7151;5.437
7151;7146;8.215
7133;7152;9.720
7152;7145;8.159
7150;7153;2.496
7149;7153;2.989
7150;7154;3.851
7133;7155;12.032
7155;7152;3.681
7146;7156;8.047
7153;7157;0.994
7158;7151;8.282
7159;7155;7.239
7155;7159;4.487
7157;7160;1.453
7148;7160;11.869
7159;7161;4.354
7162;6043;17.910
6043;7140;7.338
7140;7162;21.032
7162;7158;12.888
7160;7163;0.829
7161;7163;3.544
7157;7164;9.638
7158;7165;11.751
7152;7166;18.353
7166;7162;9.765
7167;7164;10.654
7166;7168;2.258
7159;7169;12.187
7161;7170;10.493
7170;7169;2.904
7169;7168;6.295
7171;7170;2.929
7164;7172;9.195
7163;7172;3.249
7172;7171;3.168
7169;7173;4.757
7174;7172;9.196
7172;7175;6.942
7171;7175;20.925
7175;7176;5.069
7168;7176;34.471
7176;7177;2.224
7178;7111;36.721
7177;7179;1.145
7112;7180;29.716
7179;7181;1.044
7182;7178;2.207
7181;7183;5.289
6095;7182;6.745
7184;6094;6.538
7185;7186;5.650
7187;7186;4.972
7186;7188;1.390
7189;7188;2.809
7190;7189;5.803
7188;7191;3.436
7189;7192;2.852
7183;7193;10.979
7191;7194;6.475
7194;7184;3.333
7191;7195;2.222
7196;7195;5.670
7197;7194;1.067
7195;7198;1.588
7197;7198;0.903
7199;7200;5.416
7201;7197;7.909
7200;7201;2.382
7198;7202;1.293
7203;7202;4.883
7197;7203;10.835
7204;7201;5.774
7203;7205;9.745
7206;7205;3.967
7207;7206;2.071
7205;7208;2.629
7208;7209;11.067
7202;7210;20.300
7210;7207;6.451
7211;7210;1.384
7208;7212;2.522
7213;7210;2.631
7214;7200;25.676
7215;7214;9.247
7207;7216;5.246
7217;7216;1.779
7206;7218;7.552
7212;7218;3.374
7218;7217;4.293
7219;7213;6.870
7220;7213;4.035
7216;7220;2.893
7212;7221;7.204
7218;7222;1.747
7222;7217;6.611
7221;7223;14.694
7223;7214;7.220
7220;7224;9.415
7222;7225;6.731
7226;7225;1.337
7226;7221;8.386
7225;7222;10.355
7227;7226;11.550
7193;7228;13.469
7228;7229;11.613
7229;7230;19.898
7180;7231;63.731
7230;6082;21.805
7232;6083;12.565
7231;7233;16.173
7233;1661;0.874
7234;7232;5.296
7235;7236;7.415
7237;7238;23.227
7236;7237;42.497
7237;7239;2.267
7239;7240;15.770
7241;7242;3.509
7241;7243;2.803
7239;7244;11.832
7244;7241;6.517
7244;7245;6.177
7246;7247;10.044
7245;7248;9.659
7248;7246;3.152
7245;7249;5.475
7248;7250;7.383
7246;7250;8.831
7251;7249;15.117
7249;7252;6.954
7252;7253;3.494
7250;7254;4.947
7255;7254;3.281
7252;7256;7.179
7256;7255;7.166
7255;7257;6.155
7256;7258;11.279
7254;7259;14.194
7260;7261;2.415
7258;7260;4.732
7234;7262;29.530
7256;7263;9.159
7259;7263;8.670
7258;7264;6.335
7263;7264;6.486
7260;7265;4.551
7264;7266;1.781
7267;7266;2.353
7266;7268;5.286
7269;7267;15.694
7268;7270;5.358
7267;7271;9.962
7268;7272;10.466
7263;7272;15.636
7259;7272;20.948
6084;7262;9.101
7271;7273;8.158
7271;7274;7.937
6085;7275;5.824
7275;7276;23.382
7277;7278;3.775
7279;7280;4.402
7281;7280;6.660
7281;7277;5.187
7280;7282;3.561
7277;7283;7.523
7283;7284;2.726
7285;7286;6.819
7282;7285;6.390
7287;7288;0.723
7285;7281;14.273
7289;7290;14.562
7290;7291;0.965
7285;7291;3.791
7291;7292;6.177
7292;7283;6.876
7292;7293;2.107
7293;7294;0.686
7295;7289;7.353
7296;7287;8.913
7297;7295;9.457
7272;7298;78.264
7298;7296;0.272
7276;7297;51.532
7288;6086;15.417
7299;7300;0.743
7272;7301;57.862
7301;7298;14.754
7302;7299;17.551
7294;7303;10.460
7304;7302;2.176
6087;7305;7.285
7303;7306;0.566
7306;7301;31.016
7300;7307;30.079
7305;7304;22.518
7307;7308;31.601
7308;590;1.145
7309;7293;22.945
6130;7309;2.759
7310;6129;1.197
7311;7310;6.684
7312;7313;3.989
7313;7314;7.940
7315;7316;5.880
7316;7311;4.126
7317;7312;10.125
7318;7319;9.373
7314;7319;6.259
7320;7313;10.975
7320;7317;3.998
7319;7321;2.065
7314;7322;9.845
7322;7320;2.574
7323;7317;6.981
7321;7324;2.410
7322;7325;3.472
7324;7326;10.040
7321;7327;4.800
7327;7322;10.238
7325;7328;4.930
7325;7329;5.994
7329;7330;6.234
7316;7330;21.131
7324;7331;9.584
7327;7331;5.713
7332;7333;4.155
7331;7333;6.245
7329;7334;6.852
7334;7330;7.910
7331;7335;6.719
7331;7336;4.852
7335;7336;3.079
7337;7318;42.462
7338;7334;3.077
7339;7337;4.382
7333;7339;8.291
7335;7340;5.284
7340;7338;8.125
7336;7341;6.111
7341;7340;4.613
7342;7339;8.299
7343;7342;4.969
7343;7341;1.932
7344;7343;2.622
7339;7345;8.446
7342;7345;5.026
7346;7338;11.179
7347;7345;4.232
7344;7347;5.528
7348;7347;2.378
7341;7349;11.998
7349;7346;8.446
7350;7344;8.884
7349;7351;10.949
7351;7346;15.973
7352;7351;6.336
7353;7354;9.471
7355;7352;2.956
7354;7355;3.676
7356;7355;6.347
7355;7357;7.334
7351;7358;17.392
7352;7358;14.440
7358;7359;16.629
7360;7361;1.002
7361;7362;18.508
7363;7360;6.787
1834;7363;0.416
7365;7364;17.250
7366;7367;0.514
7368;7365;19.776
7367;7369;8.614
7370;7368;4.097
7369;7371;18.548
7371;7372;2.112
7372;7365;18.514
7373;7372;5.717
7374;7375;7.176
7371;7376;47.920
7376;7377;8.007
7377;7378;7.514
7378;7379;22.476
7373;7380;9.029
7378;7381;2.770
7380;7382;4.587
7382;7383;33.230
7384;7370;24.635
7385;7384;0.374
7380;7386;2.864
7386;7382;7.167
7381;7387;8.998
7387;7386;1.896
7382;7388;6.646
7389;7388;1.401
7389;7387;8.844
7388;7390;3.732
7391;7381;22.620
7392;7389;19.487
7390;7392;19.410
7392;7393;5.831
7394;7395;1.351
7391;7396;9.316
7396;7387;21.390
7395;7397;6.139
7393;7398;8.163
7398;7399;8.694
7393;7399;19.022
7400;7398;12.966
7397;7401;13.989
7402;7403;14.013
7401;7403;2.169
7404;7392;18.018
7400;7404;10.239
7400;7405;5.242
7405;7406;3.836
7398;7406;14.029
7399;7407;16.432
7390;7407;32.623
7403;7408;4.282
7409;7385;13.281
7410;7391;35.639
7403;7411;8.419
7408;7412;6.752
7410;7412;7.299
7404;7413;14.669
7406;7414;3.523
7410;7415;1.210
7416;7415;10.619
7416;7396;31.768
7413;7416;10.064
7414;7417;17.943
7418;7413;4.867
7419;7405;18.339
7420;7418;3.649
7420;7419;3.298
7415;7421;6.801
7421;7416;9.944
7419;7422;3.381
7422;7414;17.491
7423;7418;7.216
7424;7420;3.482
7424;7422;3.180
7412;7425;11.432
7426;7423;4.680
7427;7423;4.696
7427;7424;6.938
7426;7428;5.116
7428;7427;5.187
7417;7429;18.264
7430;7426;17.361
7430;7428;9.104
7431;7421;17.366
7431;7430;8.242
7431;7432;17.622
7429;7433;22.365
1698;7409;21.707
7434;7435;2.664
7436;7437;3.676
7438;7439;0.664
7440;7441;1.299
7442;7443;0.871
7444;7445;1.862
5242;7446;24.325
7446;7447;7.420
5245;7448;26.201
7447;7449;34.616
7449;7450;22.967
7448;7451;36.191
7450;7452;16.159
7452;7453;9.575
7453;7442;15.162
7443;7454;0.207
7451;7455;34.848
7456;7457;24.756
7457;7458;5.627
7459;7460;1.773
7460;7461;2.815
7462;7459;4.109
7458;7463;15.270
7458;7464;3.712
7457;7465;8.216
7461;7466;4.137
7465;7464;7.763
7466;7467;12.182
7465;7436;14.363
7436;7468;2.951
7464;7468;14.405
7455;7438;12.928
7468;7469;1.932
7437;7469;2.077
7468;7470;14.019
7470;7463;19.205
7471;7437;9.482
7469;7472;13.340
7472;7470;2.253
7439;7473;0.551
7473;7471;14.431
7461;7474;27.176
7470;7434;17.913
7462;7434;26.547
7434;7474;6.209
7474;7475;2.264
7467;7476;19.960
7477;7476;2.258
7474;7478;4.680
7476;7478;9.175
7478;7479;1.203
7473;7480;3.764
7454;7481;22.017
7479;7482;12.610
7482;7477;7.383
7472;7483;16.048
7472;7435;17.626
7435;7484;12.333
7485;7484;3.354
7479;7485;11.629
7437;7486;21.808
7483;7486;4.799
7484;7487;6.487
7471;7488;20.234
7486;7489;3.644
7489;7488;9.314
7490;7483;6.530
7487;7490;3.183
7491;7489;3.318
7492;7490;9.477
7492;7491;8.502
7485;7493;8.260
7493;7487;13.578
7480;7494;6.826
7480;7495;20.017
7494;7495;4.023
7496;7491;5.976
7494;7497;0.681
7488;7497;11.514
7495;7498;12.024
7496;7499;7.706
7499;7492;6.770
7498;7500;0.734
7497;7501;1.330
7501;7496;9.909
7502;7499;6.505
7502;7503;11.439
7503;7493;13.688
7504;7502;4.997
7505;7504;1.948
7506;7505;4.237
7506;7503;2.955
7504;7507;7.671
7501;7508;6.346
7508;7507;6.985
7509;7506;9.815
7508;7510;2.598
7507;7510;6.998
7481;7511;10.520
7505;7512;24.935
7510;7513;6.239
7500;7514;9.003
7513;7515;1.752
7512;7516;12.197
7514;7517;6.483
7517;7518;2.420
7518;7444;0.212
7445;7519;5.802
7519;7520;0.989
7520;7522;7.045
7522;7523;7.053
7523;7524;12.522
7525;7526;1.060
7526;7527;8.233
7524;7528;3.018
7529;7515;12.632
7529;7525;17.131
7528;7530;1.153
7531;7521;92.952
7532;7531;25.344
7533;7532;15.357
7534;7533;0.358
7530;7534;17.881
7527;7535;21.354
7511;7535;28.997
7535;7536;28.320
7536;7537;2.458
7537;6138;31.452
7538;7529;58.569
7441;7538;1.457
6185;7440;6.961
7539;7540;3.051
7541;7542;9.315
7543;7544;0.384
7545;7546;0.889
7547;7548;0.603
7549;7550;0.687
7551;7552;0.483
7553;7554;0.556
7555;7556;0.744
7557;7558;0.875
7559;7560;0.349
7561;7562;0.559
7563;7564;0.530
7565;7566;0.379
7567;7568;0.619
7569;7570;1.942
7571;7572;0.378
7573;7574;1.029
7575;7576;1.937
7577;7578;1.245
3381;7579;0.899
7579;7580;12.185
7580;7565;0.306
7566;7567;20.426
7581;7582;106.637
7582;7544;7.852
7583;7543;1.807
7568;7584;58.277
7584;7585;0.571
7586;7583;3.060
7587;7588;9.296
7588;7589;0.996
7585;7589;6.522
7589;7590;0.914
7590;7591;13.627
7590;7592;2.520
7593;7588;6.709
7592;7594;1.974
7595;7593;3.558
7594;7596;1.148
7596;7597;10.935
7596;7598;0.779
7599;7593;4.824
7599;7592;5.539
7600;7586;5.731
7601;7600;12.197
7602;7599;1.759
7598;7603;4.721
7603;7601;3.183
7604;7594;5.429
7605;7606;13.353
7606;7595;6.807
7598;7604;6.798
7603;7607;1.132
7608;7595;6.202
7602;7609;4.196
7604;7609;2.981
7610;7608;1.440
7610;7602;3.743
7611;7608;3.637
7612;7607;4.831
7606;7613;4.098
7614;7610;3.554
7609;7614;5.288
7615;7607;4.464
7616;7611;4.374
7613;7617;2.334
7611;7617;6.234
7618;7616;0.722
7614;7618;2.243
7616;7619;3.350
7618;7620;4.341
7620;7615;3.796
7621;7612;8.422
7613;7622;13.379
7623;7617;8.188
7623;7620;3.943
7624;7623;0.946
7625;7612;19.045
7625;7626;8.899
7627;7615;21.156
7627;7625;5.759
7628;7627;3.063
7629;7624;6.629
7630;7629;1.255
7600;7631;47.077
7632;7633;1.934
7634;7630;11.396
7570;7632;16.498
7633;7634;29.126
7635;7634;6.520
7572;7569;11.285
7636;7637;7.644
7638;7639;5.594
7636;7638;12.127
7640;7636;3.031
7641;7642;6.194
7641;7643;8.541
7643;7644;11.029
7638;7644;6.247
7645;7646;2.955
7646;7571;13.663
7647;7648;5.154
7648;7641;7.906
7649;7650;3.385
7651;7648;0.979
7644;7651;10.441
7652;7645;8.252
7653;7640;14.436
7653;7652;3.421
7654;7649;9.188
7655;7654;0.921
7651;7655;5.927
7656;7649;6.133
7657;7655;11.801
7658;7657;3.986
7658;7653;16.732
7659;7658;2.388
7660;7653;10.018
7661;7659;7.835
7661;7660;0.725
7662;7659;5.588
7663;7654;14.291
7657;7663;8.027
7664;7661;7.614
7665;7666;2.713
7665;7663;4.840
7667;7654;21.505
7668;7665;7.828
7668;7664;16.545
7660;7669;20.591
7664;7670;13.870
7671;7667;17.107
7671;7668;4.455
7631;7672;45.010
7669;7673;7.361
7674;7673;5.386
7675;7669;8.866
7676;7675;2.045
7677;7676;13.849
7675;7678;10.187
7673;7678;4.112
7679;7671;18.207
7679;7676;15.243
7680;7678;7.414
7678;7681;7.187
7682;7679;10.646
7672;7541;7.906
7683;7635;32.057
7542;7684;4.876
7685;7683;4.738
7574;7685;11.485
7686;7685;14.143
7684;7687;27.524
7687;7688;1.519
7688;7547;1.885
7689;7690;35.634
7691;7692;1.486
7692;7689;9.421
7693;7694;2.136
7695;7696;2.372
7695;7697;3.003
7576;7573;22.444
7698;7694;10.643
7698;7695;5.515
7548;7699;8.619
7700;7695;8.588
7700;7701;7.032
7694;7702;12.132
7702;7698;9.904
7703;7700;5.523
7698;7704;12.535
7704;7703;4.183
7702;7705;5.800
7706;7705;6.629
7705;7706;6.848
7706;7707;3.361
7708;7709;4.512
7710;7704;13.407
7711;7707;5.153
7711;7710;1.991
7712;7713;4.407
7714;7691;63.884
7703;7715;12.315
7715;7708;4.741
7578;7575;8.309
7707;7716;4.244
7716;7711;2.612
7712;7717;5.260
7717;7714;2.164
7716;7718;1.436
7719;7718;3.192
7720;7708;5.279
7720;7577;7.774
7715;7721;5.047
7721;7720;1.783
7722;7723;2.850
7723;7719;3.720
7724;7717;2.311
7725;7712;7.866
7725;7724;1.156
7726;7727;4.406
7726;7721;2.891
7728;7729;7.347
7728;7725;1.428
7705;7730;17.482
7718;7731;5.900
7732;7719;5.187
7731;7732;3.371
7733;7728;1.821
7734;7710;10.839
7734;7726;1.719
7730;7735;1.290
7735;7723;5.306
7735;7736;0.737
7737;7733;3.286
7736;7738;2.187
7732;7738;2.239
7739;7730;5.057
7738;7740;2.190
7740;7731;3.590
7740;7734;2.338
7741;7742;8.122
7743;7733;4.665
7744;7736;3.791
7745;7737;5.529
7737;7746;5.386
7746;7743;8.608
7747;7745;3.020
7724;7748;10.551
7748;7741;6.423
7699;7749;19.331
7749;7750;1.378
7750;7747;9.894
7751;7752;2.545
7738;7753;8.214
7753;7740;12.766
7751;7746;5.665
7754;7755;2.274
7741;7756;9.563
7757;7751;4.549
7756;7758;2.217
7758;7754;1.894
7743;7759;7.855
7759;7748;14.210
7730;7760;14.495
7760;7753;7.400
7761;7759;4.691
7762;7739;6.642
7748;7763;8.362
7756;7763;4.249
7754;7764;4.646
7758;7765;3.539
7765;7764;2.811
7759;7766;8.040
7761;7767;5.917
7763;7767;8.180
7768;7762;1.865
7763;7769;3.906
7769;7765;3.354
7770;7769;0.892
7771;7761;8.784
7767;7770;13.666
7770;7772;5.871
7773;7774;19.968
7774;7775;1.498
7776;7686;32.403
7777;7778;19.165
7779;7778;0.695
7775;7780;3.232
7781;7777;9.139
7778;7781;4.142
7782;7777;7.724
7783;7781;0.556
7783;7784;4.970
7785;7782;4.666
7785;7784;3.860
7780;7786;1.881
7786;7782;4.275
7787;7773;7.111
7786;7788;0.649
7788;7785;3.719
7784;7789;7.026
7790;7783;10.138
7791;7785;6.931
7789;7792;1.956
7792;7790;2.816
7791;7789;4.783
7793;3440;59.572
7794;7790;5.952
7793;7795;8.196
7795;7796;12.175
7788;7797;5.089
7797;7791;11.263
7540;7793;4.602
7798;7539;1.058
7799;7798;8.795
7799;7798;3.054
7800;7799;0.564
7790;7801;16.591
7801;7800;0.626
7802;7801;1.791
7797;7803;1.987
7803;7792;12.069
7803;7802;4.259
7804;7803;3.190
7540;7805;16.549
7806;7802;4.185
7807;7808;18.941
7797;7807;10.393
7804;7807;10.134
7809;7804;1.530
7809;7806;8.134
7805;7810;27.625
7811;7809;1.438
7812;7811;3.091
7813;7812;1.207
7814;7811;6.742
7814;7815;2.494
7806;7816;8.855
7810;7817;8.731
7816;7818;1.482
7819;7816;4.482
7819;7800;12.654
7818;7815;3.598
7820;7805;9.185
7821;7814;3.853
7822;7819;4.133
7820;7823;6.860
7824;7817;18.071
7817;7825;5.433
7826;7827;1.957
7828;7827;5.957
7825;7829;1.916
7819;7830;5.180
7830;7822;5.858
7818;7831;6.397
7830;7831;5.390
7815;7832;8.591
7831;7832;1.082
7833;7825;4.544
7834;7833;9.071
7827;7835;3.424
7835;7834;4.310
7836;7820;12.149
7836;7835;2.136
7837;7836;0.918
7833;7838;3.130
7838;7839;8.921
7840;7841;1.672
7842;7837;6.977
7843;7834;6.659
7844;7840;36.272
7845;7844;16.810
7846;7838;7.799
7847;7845;16.144
7837;7848;7.734
7822;7849;21.299
7850;7847;45.083
7851;7842;13.052
7852;7850;20.639
7849;7853;3.710
7853;7851;4.705
7851;7854;3.348
7832;7855;15.822
7856;7842;10.197
7841;7857;41.651
7849;7858;8.588
7853;7859;16.121
7796;7852;61.838
7860;7787;21.626
7861;7776;23.090
7862;7860;14.039
7857;7863;13.798
7863;7768;71.535
7864;7862;52.582
7865;7864;25.086
7866;7861;3.470
5326;7865;18.615
7866;7867;4.889
7867;7868;4.630
7869;7870;14.741
7867;7870;3.708
7870;7871;5.648
7871;7872;30.799
7872;7871;9.610
7873;7874;7.848
7875;7873;6.793
7873;7876;22.713
7870;7876;7.698
7876;7877;1.235
7876;7878;14.180
7877;7879;8.059
7879;7549;12.573
7550;7551;5.397
7552;7553;2.806
7554;7880;2.098
7880;7555;0.479
7556;7881;3.352
7882;7881;10.826
7883;7882;2.556
7884;7883;6.257
7881;7885;15.545
7885;7886;0.312
7887;7884;22.257
7888;7887;33.198
7886;7558;34.556
7889;7888;28.841
7890;7891;34.377
7891;7892;4.310
7893;7557;9.786
7879;7894;89.484
7894;7545;0.145
7892;7895;87.819
7895;7896;12.918
7896;7897;42.220
7546;7898;10.702
7898;7899;2.017
7900;7893;14.166
7897;7901;44.840
7902;7903;4.747
7904;7905;6.626
7904;7902;3.762
7906;7904;1.588
7907;7902;3.690
7908;7909;11.106
7899;7910;10.154
7910;7906;9.486
7911;7912;18.277
7913;7910;0.769
7914;7913;5.085
7915;7906;7.307
7915;7916;2.232
7911;7917;4.661
7918;7913;2.014
7918;7915;11.347
7919;7918;0.459
7917;7920;5.978
7921;7908;10.937
7922;7923;12.102
7924;7911;9.336
7924;7920;3.900
7925;7908;21.825
7926;7922;35.403
7921;7927;2.091
7901;7927;37.338
7928;7929;5.178
7928;7926;1.712
7930;7926;13.985
7930;7924;2.195
7931;7919;1.430
7931;7925;8.018
7932;7930;4.800
7920;7932;3.231
7933;7925;3.975
7934;7932;9.108
7919;7934;16.116
7935;7931;1.684
7935;7933;9.397
7936;7933;6.863
7936;7921;29.953
7927;7937;9.445
7938;7928;10.231
7939;7936;6.604
7940;7935;2.472
7940;7939;4.215
7941;7938;3.366
7937;7942;5.990
7942;7943;14.214
7944;7940;1.055
7945;7944;2.316
7946;7937;7.518
7942;7946;7.457
7947;7922;21.296
7938;7947;8.717
7939;7948;6.817
7949;7947;2.695
7949;7941;6.779
7950;7944;1.569
7950;7948;5.200
7951;7934;16.443
7951;7945;20.488
7947;7952;9.293
7953;7951;1.894
7948;7954;23.078
7954;7946;10.267
7955;7949;9.406
7955;7941;10.376
7948;7956;12.644
7956;7954;8.807
7956;7957;4.544
7942;7957;24.000
7953;7958;21.161
7958;7953;12.425
7959;7955;11.999
7959;7958;4.019
7957;7960;3.582
7961;7950;5.801
7956;7961;10.408
7962;7951;16.458
7963;7962;5.094
7962;7964;3.122
7964;7945;22.162
7965;7959;6.189
7960;7966;12.559
7967;7959;7.517
7967;7963;13.287
7968;7966;1.891
7966;7969;10.184
7969;7970;4.541
7961;7971;7.342
7964;7972;6.488
7972;7973;4.887
7971;7973;1.825
7973;7974;2.056
7975;7967;8.750
7975;7963;9.161
7968;7976;7.113
7977;7972;6.867
7960;7978;12.629
7978;7968;10.827
7979;7889;53.945
7980;7961;5.218
7978;7981;1.574
7980;7981;11.365
7974;7982;6.005
7974;7977;11.633
7983;7980;0.721
7984;7975;11.585
7984;7977;6.682
7985;7971;15.392
7985;7983;1.647
7969;7986;14.752
7981;7987;8.432
7986;7987;10.410
7987;7988;1.252
7988;7986;14.759
7989;7900;21.821
7560;7989;0.476
7990;7985;22.971
7988;7991;21.683
7992;7979;8.639
7983;7993;12.245
7994;7992;21.820
7995;7559;6.059
7996;7995;0.673
7997;7996;1.442
7998;7992;7.679
7999;7994;29.477
8000;7998;0.844
8000;8001;10.945
8001;8002;1.691
8003;7998;1.615
7998;8004;15.209
8004;8003;5.943
8005;8001;2.164
8006;8005;1.388
8007;8008;5.728
8007;8004;4.412
8009;7999;6.667
8009;8010;2.026
8011;8000;5.990
8005;8011;10.032
8011;8012;1.980
8013;7995;7.601
8014;8015;10.308
8016;8007;2.080
8015;8017;4.187
8017;8018;4.602
8019;8013;0.177
8020;8016;7.567
8021;8009;2.629
8021;8020;2.901
8022;8023;17.682
8022;7997;6.961
8024;7999;9.269
8024;8021;4.331
8017;8025;9.141
8025;8024;0.792
8016;8026;8.853
8026;8003;2.308
8026;8012;5.110
8027;8025;1.348
8028;8029;2.689
8028;8030;5.377
8031;8020;3.822
8012;8032;6.962
8033;8034;5.393
8034;8027;8.698
8031;8035;2.471
8035;8031;7.012
8036;8034;2.001
8037;8022;2.384
8038;8028;6.409
8037;8039;3.002
8039;8040;6.730
8027;8041;7.141
8041;8035;6.231
8042;8038;10.055
8042;8037;1.240
8043;8041;1.619
8044;8043;14.840
8026;8044;14.512
8038;8045;6.225
8046;8047;14.361
8047;8045;7.129
8048;8049;7.862
8045;8050;3.449
8050;8042;3.382
8051;8048;8.202
8051;8047;2.684
8052;8051;7.159
8052;8050;0.746
8053;8048;4.001
8039;8054;12.540
8054;8055;4.256
8056;8052;1.541
8057;8050;9.254
8058;8057;1.554
8059;8054;5.455
8060;8051;6.854
8060;8056;1.918
8059;8057;13.812
8061;8059;3.283
8061;8062;3.667
8063;8060;3.073
8064;8056;8.338
8058;8064;6.590
8065;8061;5.022
8066;8058;9.192
8067;8019;9.304
8067;8068;0.708
8069;8064;7.337
8068;8063;6.376
8070;8067;25.316
7993;8071;58.727
8072;8070;30.218
7562;8072;6.727
8073;7561;1.661
8071;8074;15.610
7564;8073;17.801
8075;7563;7.477
8076;8075;91.058
8074;8077;45.506
8077;1472;1.616
8078;8076;63.911
8079;8078;40.738
8080;8079;3.728
8081;8080;3.090
8082;8083;14.856
8084;8081;4.721
8085;8086;7.370
8085;8087;4.901
8084;8087;2.442
8088;8089;6.120
8087;8089;0.318
8090;8084;32.444
8091;8090;6.244
8091;8082;24.765
8092;8093;4.528
8089;8094;7.548
8090;8095;4.178
8093;8096;10.144
8094;8096;0.381
8097;8091;4.750
8094;8098;14.440
8098;8095;2.383
8095;8097;7.340
8097;8099;4.700
8099;8100;2.366
8100;8101;6.572
8100;8102;3.259
8103;8099;3.846
8103;8104;2.242
8098;8105;9.048
8106;8105;6.180
8107;8103;1.692
8107;8108;4.899
8109;8107;5.171
8105;8109;12.200
8096;8110;3.270
8111;8109;3.693
8111;8112;3.108
8113;8111;6.032
8110;8114;2.267
8113;8115;1.693
8116;8113;9.520
8117;8116;5.210
8114;8118;3.107
8119;8116;11.847
8120;1349;5.273
8121;8120;18.385
8122;8121;3.219
8123;8122;48.853
1384;8120;4.410
8124;8123;23.649
8118;8125;18.422
8126;8124;26.266
8127;8126;10.628
8125;8128;11.594
8129;8127;18.045
8128;8129;21.342
8130;8131;41.608
8132;8133;0.917
8134;8135;2.446
8136;8137;0.973
8138;8139;0.985
8140;8141;0.912
8142;8143;0.870
8144;8145;0.685
8146;8147;0.351
8131;8148;0.765
8150;8151;7.103
8151;8152;60.611
8153;8154;34.643
8154;8150;10.229
8154;8155;53.723
8151;8156;52.777
8157;8158;11.174
8159;8158;5.910
8160;8159;2.955
8161;8162;19.141
8161;8163;4.957
8164;8161;1.599
8159;8165;25.271
8158;8166;26.949
8164;8166;10.786
8165;8167;6.923
8168;8169;15.018
8166;8169;9.738
8165;8170;6.405
8170;8171;5.556
8169;8171;3.964
8172;8173;9.686
8174;8172;4.551
8170;8174;2.198
8174;8175;3.974
8172;8176;6.177
8176;8175;4.350
8175;8177;3.060
8171;8177;8.664
8178;8176;11.193
8177;8179;3.912
8180;8177;5.631
8180;8179;1.182
8182;8180;0.219
8183;8178;10.838
8181;8184;2.462
8184;8182;0.252
8178;8185;6.380
8186;8184;1.376
8185;8187;4.818
8185;8188;5.514
8188;8186;2.189
8182;8189;9.757
8189;8190;4.281
8190;8179;5.105
8186;8191;9.730
8191;8189;4.704
8192;8191;4.320
8193;8188;3.548
8194;8193;3.284
8195;8193;0.900
8196;8190;4.319
8196;8197;18.607
8137;8196;12.421
8198;8136;4.344
8199;8198;33.228
8200;8195;34.328
8139;8200;17.094
8201;8140;0.247
8141;8202;4.766
8202;8138;15.298
8198;8203;24.596
8204;8201;28.625
8203;8205;1.717
8206;8204;9.817
8205;8207;18.921
8207;8208;8.202
8208;8209;2.839
8209;8210;49.363
8210;8211;0.441
8211;8212;0.689
8212;8213;30.176
8214;8215;8.196
8215;8216;4.834
8217;8218;4.481
8216;8217;9.589
8219;8217;1.785
8215;8220;12.454
8221;8219;2.634
8220;8222;0.782
8223;8221;0.665
8222;8223;4.035
8224;8220;4.420
8225;8218;4.208
8213;8142;31.471
8226;8219;4.321
8226;8221;7.204
8223;8227;7.817
8227;8222;3.766
8228;8226;2.715
8228;8229;0.489
8229;8230;0.996
8230;8231;1.593
8230;8229;7.655
8218;8232;37.382
8233;8227;5.433
8233;8234;3.387
8234;8224;9.005
8143;8235;1.037
8236;8237;14.584
8238;8224;19.171
8239;8240;3.737
8240;8228;6.751
8235;8134;0.708
8241;8242;5.518
8242;8233;5.836
8232;8243;14.966
8243;8240;4.592
8244;8242;3.120
8234;8244;7.408
8245;8238;5.812
8243;8246;2.178
8247;8242;4.061
8245;8248;7.191
8237;8249;51.594
8250;8251;7.238
8249;8252;3.103
8135;8253;0.611
8254;8252;1.575
8251;8255;2.646
8255;8245;4.554
8133;8254;12.516
8256;8133;48.666
8257;8132;2.441
8257;8232;13.064
8258;8257;2.206
8259;8258;0.216
8246;8259;10.558
8260;8244;8.903
8261;8260;2.411
8246;8262;15.149
8260;8262;0.758
8263;8261;2.940
8264;8263;0.171
8264;8251;4.410
8265;8266;5.148
8265;8238;21.573
8262;8267;1.624
8268;8260;1.084
8269;8264;0.751
8269;8255;4.106
8270;8259;3.495
8267;8270;2.488
8253;8271;1.994
8272;8267;1.840
8268;8272;6.776
8273;8269;3.383
8273;8274;9.218
8275;8273;1.099
8276;8275;4.132
8276;8265;3.458
8277;8275;1.300
8258;8278;4.661
8279;8263;4.433
8272;8280;6.246
8280;8268;4.114
8270;8281;6.469
8282;8277;6.752
8283;8282;0.537
8277;8282;9.301
8284;8276;4.509
8284;8285;4.633
8286;8284;0.411
8287;8279;6.669
8288;8279;7.750
8289;8261;10.195
8290;8291;4.326
8289;8290;3.099
8287;8292;1.571
8293;8272;11.005
8294;8286;1.670
8295;8294;1.127
8271;8295;36.879
8296;8295;0.572
8297;8298;4.699
8286;8297;4.802
8299;8287;5.607
8299;8283;8.241
8290;8300;3.464
8301;8280;9.123
8301;8300;4.961
8302;8296;1.273
8303;8302;4.600
8300;8304;2.128
8304;8289;4.100
8305;8304;1.036
8306;8303;18.115
8271;8306;5.508
8307;8302;1.745
8307;8303;4.356
8305;8308;4.097
8308;8288;7.153
8309;8283;11.913
8310;8311;7.325
8311;8301;2.982
8312;8307;0.936
8308;8288;14.800
8313;8314;6.959
8297;8313;5.652
8315;8299;13.494
8315;8309;4.421
8316;8309;8.364
8313;8317;3.292
8317;8316;3.302
8318;8317;3.705
8294;8318;12.561
8319;8318;0.558
8296;8319;13.318
8320;8315;2.947
8321;8320;5.493
8321;8316;2.928
8322;8321;3.471
8322;8317;2.924
8323;8312;5.201
8306;8323;3.493
8324;8311;8.091
8324;8325;4.188
8305;8325;10.180
8326;8322;8.205
8326;8319;5.907
8327;8312;9.837
8325;8328;30.969
8328;8320;7.938
8329;8326;4.958
8330;8329;2.316
8331;8327;11.633
8331;8323;6.875
8332;8322;6.057
8332;8326;11.536
8328;8333;5.124
8334;8329;6.687
8334;8327;6.983
8333;8335;1.274
8335;8336;5.507
8336;8337;3.015
8337;8332;6.273
8338;8336;5.810
8339;8334;11.037
8335;8340;8.949
8341;8339;9.172
8339;8342;4.320
8342;8341;6.506
8343;8341;1.791
8343;8331;15.621
8324;8344;21.344
8345;8346;4.940
8346;8334;14.491
8344;8347;24.301
8333;8347;20.403
8323;8348;19.434
8347;8349;8.884
8349;8337;18.248
8343;8348;46.656
8348;8350;5.457
8349;8351;22.988
8351;8346;9.893
8342;8352;12.387
8352;8353;8.880
8350;8354;2.929
8351;8352;17.780
8350;8355;4.399
8355;8356;3.237
8356;8144;19.159
8344;8357;39.208
8347;8357;38.331
8152;8354;43.303
8357;8358;1.961
8152;8359;14.910
8354;8359;27.513
8359;8153;15.347
8145;8146;28.879
8147;8360;0.931
8150;8153;42.220
8360;8130;11.103
8148;8149;29.615
8361;8362;99.406
8363;8362;5.505
8364;8363;8.069
8365;8363;6.308
8366;8365;1.221
8367;8366;1.944
8365;8366;17.403
8368;8367;7.523
8368;8367;1.953
8369;8370;3.978
8371;8370;5.670
8372;8368;1.823
8370;8372;4.862
8371;8373;2.227
8374;8375;2.186
8375;8373;4.048
8376;8372;2.071
8377;8376;0.302
8377;8375;4.307
8373;8378;6.990
8379;8377;2.492
8378;8379;2.386
8380;8379;2.228
8378;8380;8.055
8381;8382;9.842
8382;8383;26.715
8382;8384;1.310
8384;8385;3.176
8386;8380;6.052
8386;8384;3.715
8387;8385;2.337
8388;8386;1.093
8387;8388;0.879
8385;8389;16.131
8390;8389;3.475
8391;8390;5.346
8391;8387;3.523
8392;8391;0.933
8392;8390;0.963
8393;8392;0.692
8394;8393;4.088
8389;8394;11.519
8395;8388;7.255
8396;8394;2.355
8397;8395;15.047
8397;8393;17.808
8398;8397;1.324
8399;8400;3.572
8400;8401;16.031
8402;8403;1.478
8404;8405;0.660
8406;8407;0.528
8408;8409;0.526
8411;8412;0.859
8413;8414;0.989
8415;8416;0.516
8417;8418;0.363
8419;8420;0.444
8421;8422;0.665
8423;8424;0.655
8425;8426;0.555
8427;8428;1.385
8429;8430;0.986
8431;8432;1.285
8433;8434;2.244
8435;8436;0.509
8437;8438;35.611
8438;8439;3.584
8439;8440;10.996
8438;8440;3.630
8441;8442;6.115
8441;8443;6.390
8443;8441;6.593
8444;8441;5.681
8443;8442;1.757
8443;8442;2.196
8442;8445;23.205
8442;8445;29.006
5909;8446;7.496
8446;8447;3.133
8447;2347;8.163
2350;2340;6.409
8448;8449;2.124
8450;8448;32.326
8451;8450;0.777
8452;8451;127.331
8453;8452;8.996
8454;8453;24.504
8455;8454;1.362
8456;8455;2.643
8457;8458;15.421
8458;8459;12.486
8459;8460;4.815
8461;8459;6.553
8462;8461;9.406
8460;8462;6.468
8463;8462;2.074
8461;8464;4.221
8458;8465;18.751
8465;8464;5.157
8464;8466;4.329
8467;8463;8.086
8466;8467;12.217
8468;8465;5.164
8463;8469;12.596
8469;8456;17.888
8470;8471;17.822
8470;8472;4.786
8472;8468;28.990
8473;8468;1.459
8474;8472;2.235
8474;8470;3.857
8475;8473;1.085
8472;8476;3.677
8477;8475;3.425
8478;8467;5.426
8478;8469;3.146
8479;8478;0.389
8476;8477;10.546
8480;8479;0.210
8481;8477;3.202
8479;8482;7.783
8469;8482;7.912
8481;8483;6.838
8483;8475;6.046
8484;8476;6.702
8484;8485;1.568
8485;8481;6.108
8466;8486;14.213
8486;8480;3.538
8487;8486;0.438
8488;8474;10.492
8488;8484;4.788
8489;8483;5.907
8489;8487;0.736
8487;8490;1.560
8491;8489;0.949
8490;8492;7.505
8492;8480;9.231
8488;8493;7.842
8485;8493;5.598
8494;8491;3.093
8493;8495;2.527
8495;8494;0.440
8496;8492;4.926
8497;8496;4.182
8498;8491;3.409
8494;8499;4.984
8499;8498;2.341
8482;8500;12.216
8501;8496;6.100
8500;8501;1.865
8502;8501;4.613
8490;8503;13.461
8503;8502;2.967
8504;8499;6.618
8498;8503;17.267
8500;8505;6.479
8506;8502;3.802
8507;8495;10.967
8508;8507;2.566
8405;8508;16.069
8509;8443;0.945
8407;8404;52.514
8510;8406;95.239
8511;8510;4.203
8445;8512;26.068
8513;8511;5.028
8514;8513;145.833
8515;8516;12.452
8516;8517;8.843
8517;8515;8.360
8518;8514;7.991
8517;8519;4.282
8520;8515;4.048
8521;8520;13.179
8522;8523;20.885
8523;8518;1.357
8524;8521;8.129
8525;8520;4.137
8525;8524;9.401
8526;8524;1.650
8521;8527;14.814
8527;8523;2.118
8518;8528;9.009
8519;8529;7.793
8529;8530;6.165
8530;8525;4.448
8531;8519;11.438
8529;8531;5.442
8529;8532;5.894
8532;8530;6.550
8532;8533;1.021
8533;8534;6.382
8531;8535;12.460
8536;8527;7.450
8537;8533;20.734
8537;8536;0.732
8536;8538;9.342
8539;8537;5.833
8539;8540;8.135
8440;8441;18.997
8541;8437;0.441
8538;8542;9.007
8534;8543;16.689
8544;8539;7.950
8538;8544;18.890
8545;8541;0.774
8543;8546;5.136
8546;8544;4.370
8547;8546;6.903
8547;8548;6.604
8549;8547;8.661
8512;8550;82.946
8551;8545;44.745
8552;8553;18.693
8550;8408;54.370
8554;8551;19.869
8409;8555;2.344
8555;5503;1.976
8556;8552;34.680
8557;8556;0.457
8558;8557;19.205
8559;8554;44.845
8412;8559;0.243
8560;8411;47.779
8561;8558;76.188
8562;8561;2.673
8414;8560;31.251
8416;8413;13.924
8563;8562;26.762
8564;8563;0.927
8565;8564;3.804
8566;8567;4.846
8566;8568;5.803
8569;8566;4.586
8570;8569;9.303
8571;8569;9.164
8572;8571;2.498
8572;8573;14.855
8573;8572;10.846
8574;8573;3.207
8575;8574;3.588
8576;8577;9.394
8577;8575;1.953
8578;8574;7.132
8575;8578;9.814
8579;8572;13.213
8578;8580;4.524
8581;8579;0.990
8580;8582;8.170
8583;8565;14.758
8584;8581;16.510
8585;8415;32.295
8586;8584;62.599
8585;8435;4.707
8436;8586;39.996
8587;8583;54.022
8587;8588;3.565
8588;8589;4.136
8590;8589;12.714
8588;8591;4.640
8588;8592;5.787
8589;8592;6.147
8591;8593;3.184
8594;8595;5.171
8595;8593;23.034
8595;8596;6.032
8596;8597;6.626
8596;8598;5.088
8593;8598;2.845
8598;8599;0.662
8591;8600;15.102
8592;8600;11.843
8599;8601;2.741
8602;8603;0.905
8601;8604;3.411
8599;8605;2.135
8605;8606;0.244
8604;8607;8.496
8600;8607;4.968
8605;8601;8.973
8603;8606;13.672
8606;8608;0.874
8608;8609;6.649
8610;8609;4.774
8604;8610;7.252
8609;8611;2.305
8608;8612;2.147
8611;8613;1.975
8613;8612;5.219
8614;8610;7.047
8607;8614;10.359
8611;8615;4.773
8613;8616;5.758
8612;8617;3.352
8618;8617;0.193
8616;8619;9.710
8619;8614;8.562
8619;8620;2.061
8616;8621;9.655
8621;8620;3.053
8621;8622;2.137
8620;8622;1.745
8622;8623;15.508
8622;8624;24.402
8625;8585;63.115
8626;8618;156.578
8627;8626;0.552
8628;8627;3.224
8629;8628;5.231
8629;8630;2.007
8630;8631;3.494
8630;8632;5.273
8631;8633;44.857
8631;8634;8.724
8635;8636;0.192
8636;8637;7.221
8638;8637;6.383
8637;8639;9.802
8639;8640;1.019
8640;8629;22.752
8641;8640;3.337
8642;8639;10.465
8642;8641;9.317
8643;8644;13.744
8644;8642;32.829
8645;8644;4.295
8641;8646;103.022
8647;8648;20.083
8646;8647;15.448
8647;8649;11.260
8424;8635;111.737
8650;8625;37.229
8650;8423;6.342
240;242;28.033
8651;8650;47.996
8651;8652;0.882
8652;8653;0.507
8653;8654;2.671
8655;8656;3.496
8656;8652;12.931
8654;8657;5.937
8657;8656;7.800
8654;8658;5.325
8658;8657;3.425
8653;8659;6.868
8658;8660;2.492
8661;8660;7.750
8659;8662;4.951
8661;8662;8.346
8660;8663;5.607
8662;8664;14.379
8663;8665;3.107
8657;8665;9.817
8664;8666;11.889
8667;8661;7.380
8663;8667;7.586
8662;8668;5.850
8664;8669;6.032
8665;8670;4.358
8671;8670;3.096
8671;8672;4.853
8673;8667;4.545
8673;8665;8.311
8671;8674;14.497
8670;8673;23.131
8659;8675;31.956
8675;8676;5.169
8677;8678;3.056
8676;8679;10.546
8680;8681;7.404
8680;8677;12.777
8682;8677;9.036
8679;8682;17.928
8683;8680;11.317
8682;8683;1.380
8683;8684;2.075
8684;8403;0.573
8685;8402;0.839
8685;8686;3.620
8687;8688;12.452
8688;8685;3.061
8689;8688;6.506
8689;8690;9.337
8691;8692;3.585
8691;8689;1.483
8693;8692;13.516
8693;8691;4.362
8692;8694;20.848
8695;8694;1.984
8695;8693;0.478
8696;8425;46.057
8694;8697;9.465
8698;8696;12.117
8699;8695;11.987
8700;8701;13.457
8702;8700;4.555
8703;8702;8.829
8699;8704;1.094
8401;8702;10.277
8704;8705;16.203
8699;8706;17.971
8706;8704;4.274
8401;8707;3.661
8708;8399;3.364
8706;8708;11.890
8709;8698;20.764
8700;8710;41.968
8710;8711;3.871
8704;8712;9.872
8712;8709;10.471
8711;8713;6.929
8708;8714;37.716
8713;8714;9.589
8714;8715;12.588
8426;8716;55.398
8717;8718;10.668
8719;8718;6.567
8720;8719;1.306
8716;8721;19.118
8721;8722;1.956
8722;8720;6.596
8722;8723;2.357
8723;8724;0.354
8725;8726;9.043
8721;8726;7.372
8724;8727;2.771
8718;8727;14.433
8728;8723;8.499
8726;8729;5.339
8730;8728;3.260
8729;8731;3.010
8731;8730;2.802
8727;8732;6.596
8733;8734;9.668
8734;8729;5.110
8731;8734;4.102
8730;8735;6.182
8734;8736;4.855
8737;8736;2.272
8728;8738;16.381
8738;8739;1.393
8732;8739;17.975
8740;8735;7.323
8736;8741;8.647
8740;8741;0.998
8740;8742;6.275
8735;8742;9.175
8742;8743;1.948
8738;8743;7.604
8732;8744;6.952
8743;8745;20.116
8739;8745;15.378
8712;8746;35.991
8745;8747;12.117
8747;8744;15.252
8744;8748;9.336
8741;8749;25.197
8747;8750;12.425
8751;8746;22.958
8752;8753;3.631
8754;8751;16.124
8755;8752;13.310
8746;8755;15.375
8752;8756;21.104
8756;8757;6.193
8756;8758;7.291
8755;8758;4.142
8758;8759;1.200
8759;8760;7.777
8759;8761;1.650
8760;8762;6.582
8762;8763;6.794
8763;8764;1.012
8760;8765;4.623
8762;8766;4.224
8767;8761;15.623
8748;8768;71.794
8768;8427;2.147
8418;8767;2.414
8428;8429;7.653
8769;8417;2.876
8430;8770;1.351
8771;8769;1.018
8772;8771;13.777
5687;8419;27.787
8420;8772;47.934
8770;8773;19.459
8773;8431;10.464
8774;8772;22.748
8432;8775;2.555
8776;8777;2.671
8778;8779;10.360
8779;8780;7.528
8775;8776;44.814
8777;8433;65.800
8434;8781;10.989
8781;8782;5.062
8782;308;12.218
8783;8774;99.067
8422;8783;2.870
8784;8421;179.969
8785;8784;2.703
8786;8785;2.841
8787;8788;24.422
8786;8788;9.705
8788;8789;2.295
8789;8790;6.919
8789;8790;19.016
8790;8791;24.296
8792;8793;17.391
8793;8794;1.566
8795;8794;4.343
8794;8796;2.864
8797;5821;16.572
8798;8799;5.491
8799;8793;6.913
8796;8800;3.973
8799;8801;3.570
8796;8801;4.105
8801;8802;2.190
8802;8803;3.628
8804;8802;2.884
8805;8804;4.619
8806;8804;9.076
8803;8807;12.436
8808;8809;3.036
8810;8806;10.781
8809;8811;7.314
8811;8812;6.310
8813;8811;0.583
8814;8815;7.033
8815;8816;4.801
8809;8813;11.907
8813;8817;2.324
8817;8818;7.006
8815;8819;1.327
8820;8821;2.550
8803;8821;14.663
8819;8822;1.971
8822;8816;4.863
8816;8823;9.840
8823;8817;6.621
8824;8819;6.270
8821;8825;2.811
8822;8826;1.987
8826;8823;8.354
8825;8827;2.412
8828;8829;6.109
8829;8830;4.506
8825;8830;2.824
8824;8831;3.780
8831;8826;6.601
8829;8832;5.850
8830;8832;1.551
8824;8831;18.518
8830;8833;5.814
8832;8834;10.875
8835;8797;58.908
8835;8836;5.642
8837;8835;6.681
8834;8838;42.561
8836;8839;6.874
8839;8838;1.670
8840;8837;1.756
8836;8840;1.762
8840;8839;4.567
8841;8840;2.799
8838;8841;4.074
8842;8837;1.127
8842;8840;1.826
8840;8843;1.871
8841;8843;6.216
8844;8842;4.034
8843;8844;2.828
8845;8846;29.094
8847;8848;7.039
8849;8847;5.426
8850;8847;2.835
8850;8851;4.671
8852;8853;5.156
8845;8852;11.672
8847;8854;7.497
8855;8856;9.295
8857;8850;2.429
8856;8858;9.925
8852;8858;3.863
8859;8855;15.594
8858;8860;5.796
8861;1334;4.841
8860;8854;8.105
8862;8860;0.805
8856;8863;13.494
8863;8862;8.519
8863;8864;3.934
8864;8865;4.028
8865;8862;11.286
8866;8864;7.291
8865;8867;7.704
8844;8410;44.865
8780;8861;7.643
8869;8810;4.627
8869;8814;0.226
8870;8871;17.890
8872;8873;0.543
8874;8875;3.169
8876;8877;2.578
8878;8879;2.488
8871;8880;3.427
8881;8882;1.113
8883;8884;4.098
8885;8886;2.767
8887;8888;2.599
8889;8890;4.117
8891;8892;3.080
8893;8894;1.592
8895;8896;5.735
8897;8898;1.459
8899;8900;0.841
8901;8902;3.413
8903;8904;1.451
8905;8906;0.715
8907;8908;0.375
8909;8910;0.497
8911;8912;0.727
8913;8914;1.927
8915;8916;0.582
8917;8918;1.286
8919;8920;0.906
8921;8922;0.403
8923;8924;0.805
8925;8926;0.576
8927;8928;0.371
8929;8930;0.476
8931;8932;0.455
8933;8934;3.399
8935;8936;1.038
8937;8938;1.105
8939;8940;0.822
8941;8942;0.384
8943;8509;1.398
8943;8444;6.488
8944;8945;2.586
8946;8944;2.818
8946;8945;3.473
8947;8946;3.510
8948;8947;2.979
8945;8949;3.124
8949;8950;2.654
8950;8948;4.338
8948;8951;1.767
8951;8946;2.365
8945;8952;2.214
8952;8950;1.781
8952;8951;1.691
8949;8952;0.500
8953;8954;1.250
8955;8956;15.972
8954;8957;10.492
8958;8959;1.580
8959;8954;5.591
8955;8960;4.945
8960;8961;5.786
8962;8957;32.544
8957;8963;1.471
8963;8958;1.373
8958;8961;1.829
8961;8909;18.893
8964;8955;5.723
8957;8964;5.698
8959;8965;2.825
8965;8963;1.812
8964;8963;2.251
8960;8958;1.992
8964;8960;3.453
8966;5319;32.600
4181;8967;5.573
4180;8968;5.834
4184;8969;4.695
8970;8971;3.085
8972;8973;29.272
8972;8974;4.585
8968;8974;14.952
8975;8972;7.652
8974;8975;2.022
8976;8975;69.842
8977;8978;15.243
8979;8980;5.173
8979;8977;10.640
8981;8978;47.511
8975;8981;4.558
8982;8979;9.686
8983;8979;11.076
8984;8985;37.797
8986;8982;6.863
8987;8977;40.109
8981;8987;3.613
8988;8989;5.205
8990;8991;40.897
8992;8993;8.300
8992;8988;16.367
8994;8984;15.217
8995;8982;37.124
8987;8995;4.739
8995;4182;122.149
8996;8994;18.488
8997;8998;41.964
8995;8998;2.902
8999;8966;29.605
8969;9000;36.526
9001;8999;2.675
8998;9002;4.036
9003;8996;36.154
9001;9004;1.822
9004;9005;1.520
9002;9006;5.763
9007;9008;4.393
9007;9009;10.464
9008;9010;7.459
9006;9011;0.876
9010;9011;10.656
9012;8990;58.789
9002;9012;25.213
9006;9012;16.481
9013;9008;3.752
9014;9013;3.615
9014;9007;4.658
9015;8992;44.481
8988;9015;50.416
9016;9005;22.459
9005;9017;5.831
9018;9013;2.699
9010;9019;5.497
9018;9019;6.143
9017;9020;10.607
9020;9021;13.244
9022;9014;4.147
9022;9023;15.201
9018;9024;5.537
9024;9022;3.863
9015;9025;6.066
9026;9025;19.778
9017;9027;2.411
9027;9028;1.102
9028;9020;8.064
9011;9029;4.264
9030;9029;4.439
9025;9031;6.511
9019;9032;9.303
9032;9024;5.862
9033;9034;5.123
9033;9016;10.934
9035;9022;17.821
9031;9035;10.069
9036;9033;3.332
9027;9036;16.558
9037;9027;3.387
9038;9012;22.726
9029;9038;0.927
9035;9039;4.337
9036;9040;13.629
9040;9037;5.950
9038;9041;6.994
9041;9032;11.378
9040;9042;6.901
9037;9042;8.059
9043;9036;8.725
9000;8206;14.308
9028;9044;8.740
9021;9044;20.261
9045;9044;3.980
9034;9046;18.836
9038;9047;2.649
9034;9048;12.241
9049;9003;21.053
9050;9043;6.267
9050;9040;8.656
9043;9051;5.542
9052;9053;6.573
9021;9054;41.003
9046;9048;19.298
9044;9055;3.287
9054;9055;8.988
9056;9057;5.881
9057;9053;5.430
9054;9058;25.078
9058;9059;9.733
9055;9060;2.109
9060;9054;6.268
9059;9061;12.043
9061;9049;14.589
6;9062;8.092
9042;6;13.753
9041;9063;16.404
9063;9057;6.640
9047;9064;14.610
9047;9064;4.235
9060;8779;6.200
6;1333;2.323
9060;8778;2.600
9065;9050;12.688
7;9065;5.612
9061;9066;13.925
9065;9067;3.690
9058;9068;8.839
9069;9053;15.565
9024;9069;34.670
9069;9031;33.227
1334;9070;6.090
8861;9070;3.857
7;9071;6.104
8778;9072;3.233
8780;9073;6.659
8779;9073;7.258
9067;9074;8.130
9063;9075;12.560
9057;9075;16.767
9076;9072;4.195
9048;9077;24.886
9074;9077;14.078
9078;9074;7.073
9076;9079;8.132
1333;9080;16.113
9070;9080;7.237
9072;9081;3.850
9066;9082;21.792
9075;9083;10.197
9069;9083;8.217
9073;9084;7.181
9076;9085;5.918
9080;9086;5.851
8780;9086;15.812
9087;9081;5.935
9081;9088;2.748
9088;9061;32.440
9046;9089;36.124
9077;9089;23.908
9089;9090;12.864
9086;9091;15.204
9067;9092;36.003
9086;9092;11.067
9088;9093;5.781
9083;9094;27.695
9094;9095;20.929
9092;9096;11.146
9096;9097;7.864
9064;9098;14.998
9094;9099;10.634
9099;9100;14.045
9099;9101;10.511
9093;9102;5.443
9066;9102;43.756
9099;9103;8.792
9103;9101;8.070
4166;9104;25.830
9105;4165;26.084
9101;9106;15.206
9103;9107;26.298
9106;9107;14.060
9107;9106;26.838
9107;9108;5.446
9109;9110;5.517
9108;9111;5.987
8884;9109;5.667
9111;9112;8.508
9108;9113;10.187
9113;9114;6.071
9114;8883;5.978
9102;9115;15.102
9112;9116;4.886
9111;9112;13.716
9117;9113;4.175
9114;9118;10.123
9113;9119;7.968
9118;9120;12.032
9121;9118;3.398
9122;9116;11.674
9119;9123;6.990
9121;9123;8.563
9116;9122;16.254
9119;9124;8.381
9123;9124;4.111
9122;9125;7.073
9117;9126;17.927
9126;9117;13.063
9127;9126;4.469
9128;9127;5.991
9124;9129;8.333
9130;9131;21.664
9131;9128;6.907
9131;9132;2.895
9133;9131;7.543
9129;9134;4.972
9135;9134;11.625
9126;9136;15.683
9136;9129;6.522
9137;9121;30.301
9138;9137;17.499
9139;9133;6.138
9140;9127;17.447
9140;9136;3.846
9141;9139;3.445
9115;9142;12.918
9134;9143;5.229
9144;9141;3.448
9140;9143;11.590
9142;9145;0.734
9098;9146;30.198
9146;9144;27.461
9128;9140;31.609
9147;8970;67.773
9139;9148;14.737
9133;9148;18.128
9149;9147;0.184
9146;9149;16.440
3875;9105;13.741
9104;3876;14.255
9150;9143;48.928
9146;9151;16.937
9148;9152;45.891
9151;9153;66.012
9154;9155;5.901
9144;9154;96.325
9154;9156;17.815
9156;9157;11.969
9151;9158;16.263
9158;9159;1.979
9158;9160;5.363
9161;9156;33.180
9154;9161;59.730
9161;9162;4.263
9160;9163;5.168
9164;9163;5.250
9159;9164;16.412
9163;9165;4.489
9163;9166;3.004
9165;9166;4.231
9167;9165;6.630
9164;9167;7.954
9145;9168;41.562
9169;9160;16.841
9166;9169;8.763
9168;9170;3.783
9169;9171;3.338
9171;3880;0.942
9167;9172;6.144
9172;3879;3.318
9170;9173;36.058
9173;8922;4.284
9174;3921;2.240
8924;9174;1.068
9175;8923;5.013
9175;8915;3.010
8916;9176;9.995
9176;8917;9.812
8918;9177;10.731
9177;8919;7.591
8920;9178;15.501
9179;8921;26.803
9178;9180;28.246
9180;8236;1.058
9181;9182;4.923
9183;9179;6.407
9183;9181;71.375
9184;9185;7.980
9186;9187;7.336
9188;9183;12.332
9189;9188;4.934
9190;9186;18.682
9191;9184;20.016
7690;9190;6.346
9192;9184;30.505
9189;9193;7.741
9191;9194;10.168
9193;9194;1.595
9192;9191;17.113
9192;9195;3.777
9194;9195;5.981
9196;9195;3.136
9192;9197;20.082
9197;9196;1.729
9198;9199;6.561
9199;9197;10.321
9200;9197;9.465
9200;9201;8.944
9196;9201;11.696
9193;9202;19.230
9203;9199;16.837
9203;9200;10.072
9202;9204;4.047
9205;9206;3.872
9207;9205;8.633
9207;9202;5.317
9200;9208;9.541
9201;9208;5.365
9205;9209;4.019
9201;9210;10.310
9210;9209;5.388
9208;9211;3.828
9209;9212;6.320
9213;9214;4.488
9211;9215;6.753
9215;9210;3.719
9213;9216;3.989
9211;9216;3.682
9217;9218;7.384
9219;9218;4.595
9212;9220;4.735
9220;9207;7.728
9221;9219;6.728
9221;9203;11.826
9222;9221;7.952
9213;9222;8.472
9187;9198;41.773
9210;9223;9.218
9212;9223;6.499
9224;9222;11.195
9216;9224;4.421
9224;9225;9.436
9215;9225;5.525
9218;9226;5.330
9227;9226;8.360
9228;9220;5.342
9229;9224;3.492
9228;9230;15.152
9231;9219;8.475
9221;9231;6.416
9225;9232;6.911
9223;9232;5.130
9232;9228;10.397
9233;9229;4.258
9234;9226;10.835
9222;9235;11.733
9235;9236;6.743
9229;9236;9.277
9232;9237;9.435
9236;9238;7.000
9239;9240;5.059
9236;9240;8.080
9235;9241;13.603
9242;9241;12.231
9240;9242;6.418
9231;9243;22.873
9243;9241;10.666
9242;9244;3.941
9245;9244;22.538
9243;9246;20.642
9246;9247;21.165
9247;9248;15.152
9248;9244;42.710
9249;9248;9.756
9250;9175;45.983
9251;9250;3.353
9252;9251;3.979
9253;8885;35.572
9254;9252;64.347
9255;9251;26.988
9254;9256;10.340
9255;9256;11.076
9257;8886;34.402
8886;9255;7.198
9254;9258;31.766
9256;9259;11.256
9259;9260;5.028
9261;9258;8.101
9258;9262;9.649
9263;9264;6.658
9264;9260;6.613
9265;9259;14.693
8880;9266;1.576
9260;9267;8.024
9267;9265;6.145
9264;9268;11.111
9269;8870;1.091
9269;9257;32.623
9268;9261;32.433
9268;9270;4.951
9267;9270;5.868
9271;9265;9.831
9270;9271;9.066
9272;9255;16.949
9273;9271;8.309
9272;9273;7.204
9274;9269;10.933
9272;9275;15.044
9275;9274;2.587
9273;9276;3.832
9277;9275;19.304
9274;9277;25.910
9278;9272;13.674
9278;9277;11.737
9261;9279;61.840
9270;9279;35.887
9278;9280;13.221
9281;9278;4.655
9279;9282;26.258
9280;9282;17.567
9281;9283;9.118
9282;9284;8.219
9280;9285;25.803
9286;9281;11.270
9287;3962;1.581
9288;9286;2.289
9282;9289;29.168
9283;9290;7.967
9290;9291;4.249
9292;9288;13.466
9292;9290;34.421
8898;9287;18.804
9293;8897;6.221
9294;9292;53.331
9295;9294;3.127
9296;9295;13.895
9295;9297;5.673
9297;9298;0.680
8900;9299;26.777
9298;9300;27.494
9301;8899;19.317
9302;9301;24.706
9303;9302;0.417
9304;9303;15.934
9305;9304;1.542
9306;9305;3.634
9304;9306;16.696
9305;9307;22.535
9308;9309;28.291
9308;9307;4.193
9307;9310;7.580
9310;9306;1.573
9311;9312;16.166
9300;9313;79.655
9314;9315;29.866
9312;9316;21.087
9317;9318;11.992
9318;9312;24.138
9319;9320;5.943
9321;9322;57.375
9322;9314;15.019
9318;9323;20.914
9316;9323;23.112
9324;9319;16.631
9316;9325;31.670
9325;9322;14.104
9323;9326;6.421
9327;9324;9.496
8902;9310;10.683
9328;9314;42.250
9325;9329;15.479
9330;9328;3.758
9331;9328;4.865
9329;9332;11.326
9333;9331;5.617
9330;9333;4.341
9334;9329;12.239
9334;9331;5.987
9335;9336;120.339
9336;9308;25.406
9313;9337;12.379
9337;9338;0.214
9338;8925;0.136
9339;9336;0.919
8901;9340;0.330
9341;9334;6.541
9341;9333;7.056
9340;9342;0.797
9343;9341;3.158
9344;9330;19.112
9344;9339;3.119
9344;9345;4.324
9346;9343;7.182
9345;9346;4.614
9347;9327;71.506
9348;9347;2.877
9329;9348;22.806
9343;9348;9.150
9342;9349;1.735
9345;9350;5.523
9351;9344;9.546
9348;9352;8.008
9346;9352;13.559
9352;9353;5.248
9351;9354;33.130
9353;9355;9.873
9355;9351;15.923
9356;9355;6.646
9353;9357;15.071
9357;9358;7.326
9359;9360;37.129
9355;9361;5.527
9358;9359;32.418
9358;9362;2.380
9357;9363;3.643
8926;9364;16.667
9363;9365;14.526
9365;9361;5.596
9355;9366;12.995
9366;9367;2.975
9367;9368;4.130
9362;9369;10.284
9361;9370;6.456
9366;9370;5.571
9363;9371;5.961
9369;9372;2.961
9371;9373;10.058
9365;9373;6.995
9372;9374;11.885
9362;9374;8.989
9374;9375;9.612
9371;9375;2.779
9369;9376;17.203
9373;9377;9.240
9370;9377;7.260
9375;9378;20.053
9377;9378;5.549
9379;9367;16.504
9349;9379;54.274
9380;9379;3.520
9364;8927;4.452
9378;9380;11.490
9375;9381;14.327
9381;9382;5.400
9378;9383;8.363
9383;9380;15.993
9381;9384;4.163
9383;9384;15.812
9384;9385;5.021
9383;9386;7.255
9387;9385;4.567
9372;9388;28.150
9385;9388;15.806
9389;9386;5.360
9386;9390;13.189
9383;9391;21.139
9392;9391;4.257
9349;9393;15.464
9394;9388;16.973
9390;9395;9.035
9391;9395;9.767
9395;9396;5.989
9390;9397;23.032
8928;9398;9.971
9399;9394;37.144
9397;9399;38.813
9398;9400;6.435
9401;9402;3.840
9401;9403;7.841
9400;9403;12.215
9403;9404;1.026
9401;9405;10.498
9404;9406;2.191
9407;9406;8.243
9406;9408;4.107
9408;9409;2.948
9410;9411;2.631
9408;9412;1.011
9412;9410;4.906
9412;9413;1.600
9413;9414;5.543
9414;9410;5.673
9415;9416;1.898
9416;9417;2.997
9414;9418;6.749
9404;9418;30.327
9417;9419;1.748
9420;9421;32.407
9421;9413;10.999
9418;9422;3.334
9422;9415;9.371
9423;9422;9.145
9413;9424;3.551
9424;9423;2.828
9423;9425;4.571
9422;9426;9.349
9427;9426;7.806
9424;9428;2.914
9428;9427;4.428
9429;9430;1.099
9431;9429;2.480
9430;8876;3.114
8877;9428;6.216
9432;9427;5.036
9432;9433;4.188
9426;9434;8.399
9428;9435;2.942
9435;9432;4.928
9436;9432;4.428
9435;9437;5.690
9437;9438;9.319
9393;9439;45.939
9439;9440;12.275
9438;9441;13.999
9440;9442;4.793
9443;9440;6.289
9444;9445;47.929
9446;9445;58.178
9447;9444;12.897
9447;9448;28.314
9442;9449;13.572
9450;9444;13.742
9451;9443;9.629
9442;9451;4.544
9451;9449;3.949
9452;9446;9.099
9453;9451;4.804
9454;9443;5.016
9454;9451;5.768
9452;9455;10.838
9456;9455;12.802
8879;9457;13.234
9451;9458;2.766
9453;9458;8.238
9459;9447;18.627
9459;8878;3.682
8873;9454;0.993
9458;9460;0.168
9461;9455;21.771
9461;9447;37.565
9461;9462;12.197
9462;9459;28.368
8875;8872;3.065
9460;8874;0.510
9463;9453;22.741
9449;9463;24.773
9462;9464;8.614
9465;9464;12.367
9466;9452;34.842
9461;9467;22.708
9441;9468;16.146
9464;9469;7.963
9468;9470;0.294
9471;9467;4.429
9472;9466;6.519
9467;9472;13.829
9472;9473;14.736
9474;9463;8.268
9470;9475;36.848
9475;9476;11.866
8896;9474;31.622
9476;9477;33.209
9477;9478;70.875
9479;9477;4.158
9480;9479;0.837
9479;9481;10.729
9482;9480;3.381
9483;9482;2.878
9484;9485;10.862
9486;9487;12.235
9488;9487;3.722
9486;9488;7.600
9489;9483;3.331
9489;9486;6.878
9470;9490;29.215
9480;9491;18.308
9487;9492;5.644
9492;9484;17.665
9492;9493;10.098
9494;9489;2.527
9483;9495;8.811
9495;9489;9.085
9496;9481;17.270
9496;9491;6.849
9497;9494;2.349
9497;9488;7.103
9493;9498;8.118
9498;9484;12.091
9494;9499;4.786
9500;9497;0.994
9493;9498;12.473
9482;9501;21.127
9495;9501;5.848
9502;9500;1.935
9502;9492;9.334
9481;9503;30.738
9503;9496;14.267
9504;9502;1.544
9505;9503;5.560
9484;9506;21.028
9501;9507;4.511
9508;9504;5.461
9509;9500;8.550
9510;9504;6.326
9498;9510;10.012
9491;9511;21.409
9507;9511;5.949
8895;9512;5.562
9512;9513;0.383
9503;9496;37.161
9510;9514;4.095
9512;9515;1.508
9507;9516;13.602
9515;9517;4.033
9515;9518;2.329
9513;9518;13.202
9517;9519;7.885
9518;9519;0.966
9511;8887;36.794
9520;9521;2.322
9519;9522;6.436
9523;9524;14.505
9523;9520;18.879
9525;9523;1.878
9522;9526;14.776
9526;8931;0.324
9522;9527;4.597
9527;9526;2.704
9527;9528;1.545
9526;9528;5.100
9529;9525;26.689
9530;9527;19.896
9528;9530;3.915
9531;9529;30.414
9531;9529;13.510
8932;9532;41.703
9532;9533;37.836
9534;9535;9.378
9536;9531;49.931
9536;9534;13.074
9537;9538;4.740
9537;9536;15.339
9533;9539;19.427
9539;9537;17.024
9536;9540;5.555
9540;9541;2.802
9534;9541;10.124
9535;9542;10.858
9541;9543;9.206
9543;9544;2.431
9535;9544;12.555
9540;9545;7.092
9544;9546;5.820
9542;9546;6.208
9545;9547;6.898
9543;9548;6.066
9547;9549;1.985
9549;9548;2.876
9550;9517;84.973
9545;9551;18.836
9545;9552;8.593
9552;9547;4.212
9546;9553;14.767
9553;9554;0.525
9548;9555;4.276
9552;9549;12.107
8875;9556;113.488
9530;9557;28.129
9557;9558;1.036
9554;9559;59.750
9560;9550;50.673
9490;9561;85.471
9562;9560;12.255
9558;9563;37.053
9559;9564;29.297
9564;9565;3.687
9566;9567;10.828
9565;9568;9.030
9568;9567;4.412
9567;9569;2.862
9570;9568;3.305
9571;9570;3.308
9565;9572;16.597
9573;9561;47.860
9569;9574;7.235
9575;9573;3.207
9570;9576;10.045
9576;9574;5.851
9574;9577;3.700
9578;9579;15.786
9579;9576;3.214
9577;9575;22.891
9580;9579;3.171
9579;9580;10.897
9580;9577;17.341
9561;9581;17.958
9580;9582;14.471
9556;8911;55.219
8912;9583;1.376
9583;9584;1.439
9585;9586;5.599
9581;9587;14.437
9586;9588;14.126
9588;9585;7.146
9589;9588;2.409
9590;9589;15.939
9591;9592;5.076
9593;9594;4.240
9593;9590;1.383
9595;8889;17.584
9595;9593;3.557
8890;9592;8.425
9596;9589;33.021
9597;9590;22.827
9596;9597;9.063
9598;9596;6.484
9599;9595;16.688
9597;9599;5.407
9600;9599;1.826
9600;9601;6.287
9602;9600;3.073
9603;9602;10.259
9604;9591;24.783
9563;9605;40.975
9606;9604;48.253
9605;9607;1.173
9607;9608;0.855
9609;9610;0.358
9611;9612;12.818
9613;9611;1.848
9611;9609;29.859
9614;9615;6.451
9614;9613;5.717
9616;9614;3.357
9607;9617;21.725
9617;9616;3.203
9618;9617;10.860
9608;9619;6.477
9619;9618;9.764
9616;9620;8.788
9621;9562;72.064
9618;9622;10.886
9622;9620;4.709
9620;9623;3.596
9614;9623;10.715
9613;9623;14.096
9623;9624;3.691
9610;9625;16.364
9624;9626;5.806
9626;9627;10.903
9619;9628;3.494
9626;9629;7.502
9623;9630;7.688
9622;9631;8.884
9631;9630;3.101
9628;9632;16.212
9632;9631;9.449
9624;9633;6.053
9634;9606;81.582
9635;9636;9.467
9637;9635;11.264
9638;9637;2.618
9628;9639;9.614
9632;9639;39.252
9640;9637;9.565
9640;9635;11.351
9641;9621;17.593
9642;9640;7.885
9641;9642;1.322
9641;9643;11.860
9643;9644;4.957
9642;9645;8.867
9645;9643;9.657
9644;9646;6.521
9646;9647;24.832
9648;9642;4.378
9644;9649;6.494
9650;9648;5.939
9645;9650;6.965
9648;9651;2.305
9646;9652;9.330
9651;9653;2.208
9651;9654;5.158
9650;9655;5.611
9653;9656;7.997
9655;9657;9.582
9587;9658;40.106
9653;9659;28.698
9650;9659;36.069
9658;9634;56.643
9639;9660;15.000
9625;9661;34.718
9584;9662;64.500
9661;9663;22.348
9663;9664;1.314
9658;9665;17.645
9666;9667;7.701
9667;9668;5.112
9667;9668;17.135
9668;9669;3.891
9664;8933;9.521
9670;9669;16.370
9671;9670;28.256
9670;9672;3.328
8934;9673;3.393
9674;9675;3.993
9669;9674;18.821
9674;9670;11.301
9674;9676;5.306
9672;9677;6.644
9677;9678;3.126
9679;9674;10.722
9672;9679;8.966
9679;9680;5.254
9680;9677;6.071
9677;9681;6.964
9662;8913;18.334
9676;9682;26.340
9673;9683;5.765
9676;9684;11.410
9679;9684;7.420
9683;9682;9.384
9680;9685;5.184
9684;9686;11.428
9685;9686;3.741
9686;9687;4.628
9660;9688;25.623
9688;9689;5.125
9690;9691;23.628
9691;9692;9.751
9689;9693;0.295
9691;9694;16.925
9695;9691;9.243
9665;9696;20.886
9697;9695;4.116
9693;9698;1.678
9699;9700;2.829
9698;9699;5.008
9701;9697;4.702
9698;9702;1.224
9699;9702;5.800
9695;9703;11.654
9700;9704;31.726
9704;9697;23.545
9702;9705;2.752
9706;9704;6.227
9704;8891;17.169
9707;9706;10.009
9705;8903;8.364
9696;9708;21.415
8914;2166;72.120
9708;9709;45.368
9709;9710;1.114
9710;9711;2.062
9709;9711;4.045
9711;9712;1.403
9710;9713;1.148
9712;9713;4.818
9712;9714;4.212
8904;9715;64.666
9715;9716;0.991
9714;9717;49.770
9718;9719;13.612
9720;9718;8.291
9717;9720;107.143
9719;9721;27.942
9716;9722;27.536
9723;9724;9.966
9725;9726;9.514
9726;9727;10.340
9728;9723;17.064
9727;9729;4.288
9730;9728;4.276
9731;9730;3.977
9732;9731;2.072
9726;9733;24.353
9733;9732;1.493
9728;9734;7.118
9729;9735;8.705
9729;9736;8.901
9736;9735;3.862
9737;9727;13.510
9736;9738;1.098
9734;9739;14.779
9739;9723;28.636
9737;9738;6.758
9733;9740;11.355
9741;9730;13.445
9734;9741;8.360
9738;9742;5.309
9735;9742;6.898
9743;9737;4.769
9742;9743;9.060
9742;9744;4.760
9735;9744;8.147
9745;9739;8.929
8894;9741;5.251
9740;9746;8.011
9744;9747;4.367
9733;9748;19.923
9740;9748;7.573
9749;9743;6.770
9747;9750;3.422
9747;9751;2.106
9748;9751;7.236
9746;9752;4.498
9746;9753;8.264
9753;9754;3.049
9755;8893;13.813
8893;9745;6.612
9745;9755;12.200
9751;9756;7.559
9757;9756;4.047
9748;9757;10.117
9742;9758;16.237
9756;9758;7.818
9753;9757;17.350
9755;9759;7.829
9754;9760;10.485
9713;9761;45.568
9721;9762;29.845
8936;9758;18.802
9762;8935;5.955
9761;9763;1.933
9759;8937;2.918
9763;9764;2.975
9761;9764;6.744
9764;9765;2.354
9763;9766;1.481
9765;9766;7.589
9767;9763;10.402
9766;9767;1.742
9767;9768;1.967
9722;8905;26.212
9765;9769;9.959
8906;9770;2.276
9770;9771;4.256
9768;9772;9.661
9772;9773;1.007
9774;9775;3.621
9771;9775;3.719
9776;9777;1.090
9775;9778;0.556
9779;9780;24.480
9779;9769;11.820
9781;9779;1.745
9778;9782;4.026
9778;9783;4.298
9782;9783;7.836
9784;9776;19.372
9775;9785;11.436
9771;9785;14.779
9786;9787;7.658
9781;9787;29.982
9788;9784;2.714
9789;9781;2.045
9789;9784;9.534
9790;9789;1.442
9788;9790;9.620
9791;9782;8.603
9785;9791;9.285
9792;9774;12.633
9783;9792;4.199
9777;9793;16.548
9794;9788;6.046
9794;9793;13.819
9795;9783;10.550
9796;9790;2.338
9797;9794;6.619
8882;9798;38.364
9792;9798;4.935
9791;9799;17.745
9799;9800;16.006
9800;9801;3.600
9802;9798;5.554
9802;9795;13.563
9798;9803;1.804
9787;9804;30.946
9790;9804;21.025
9797;9805;17.252
9793;9805;16.546
9806;9796;5.102
9807;8881;20.608
9803;9807;3.061
9796;9808;15.594
9809;9802;17.019
9809;9795;15.417
9810;9797;12.032
9805;9810;3.519
9811;9808;2.997
9803;9812;6.434
9813;9812;7.010
9814;9813;4.913
9815;9814;3.884
9804;9816;6.591
9816;9811;4.149
9817;9799;21.705
9808;9818;3.546
9818;9806;5.381
9814;9813;6.812
9819;9815;9.839
9819;9809;4.038
9812;9820;4.498
9821;9806;2.747
9810;9821;7.152
9818;9811;10.211
9821;9822;1.527
9805;9823;10.687
9822;9823;10.185
9822;9824;0.694
9825;9818;10.047
9824;9825;1.803
9826;9807;12.009
9812;9826;10.917
9827;9819;8.630
9828;9827;7.673
9829;9827;4.830
9801;9830;38.458
9816;9831;15.915
9825;9831;11.824
9824;9832;2.909
9832;9833;3.199
9834;9800;40.367
9826;9835;6.802
9836;9815;17.736
9835;9837;3.257
9834;9830;51.070
9838;9836;12.107
9827;9838;6.352
9827;9839;10.769
9839;9834;8.030
9839;9838;10.746
9836;9840;5.614
9832;9841;1.416
9842;9841;3.514
9843;9841;0.762
9831;9844;14.486
9840;9845;6.196
9773;9846;12.171
9847;9843;4.499
9835;9848;6.708
9845;9848;7.111
9838;9849;6.816
9807;9850;14.718
9840;9851;8.405
9849;9851;10.307
9831;9852;11.166
9848;9853;3.794
9823;9854;18.098
9846;9855;0.876
9852;9856;13.310
9843;9856;2.152
9848;9850;34.827
9851;9857;4.991
9849;9858;5.243
9856;9859;1.659
9854;9859;5.287
9856;9860;4.477
9853;9861;5.066
9845;9862;9.374
9857;9862;6.075
9863;9861;7.313
9853;9863;7.541
9850;9864;2.232
9861;9865;15.271
9862;9863;7.359
9865;9866;13.685
9866;9864;7.122
9854;9867;9.899
9868;9867;10.207
9859;9869;2.432
9857;9870;20.835
9852;9869;23.940
9864;8907;3.798
9869;9871;12.292
9867;9871;11.471
9869;9872;4.644
9871;9872;4.514
8908;9873;5.894
9855;9874;11.280
9872;9875;10.727
9874;9876;0.919
9875;9877;5.676
9876;9878;4.830
9877;9879;1.624
9878;9879;8.431
9878;9880;2.052
9879;9880;5.013
9880;9881;1.036
9881;9879;6.176
9873;9882;10.635
8938;8939;66.159
9880;9883;13.773
9881;9883;3.163
8940;8941;0.781
8942;9884;3.861
9885;9884;3.407
9886;9887;1.101
9883;9888;4.057
9877;9888;12.157
9889;9885;8.112
9887;9889;6.646
9890;9889;2.859
9891;9890;4.393
9889;9892;27.928
9892;9891;10.496
9893;9892;20.626
9894;9890;5.234
9895;9891;10.700
9896;9894;5.325
9894;9897;10.062
9892;9898;11.719
9898;9899;4.868
9897;9900;14.124
9901;9902;16.503
9898;9902;7.322
9902;9903;6.922
9902;9904;8.091
9888;9905;37.425
9882;9906;79.578
9905;9907;31.205
9907;9908;0.355
9908;9909;5.874
9909;9910;18.835
9910;9911;0.685
9911;9912;33.242
9906;9913;68.463
9913;9914;5.890
9912;9915;12.280
9914;9916;4.646
9915;8929;3.009
8930;9917;8.513
9917;9918;17.430
9918;40;10.258
9918;43;4.284
9919;45;21.878
9920;9921;5.683
9921;9922;1.704
9922;9919;6.877
48;49;5.210
9916;9923;77.193
9923;8962;0.528
2353;8949;57.039
8951;8947;0.602
50;9924;45.019
9924;9925;9.160
9925;80;6.372
8449;8944;22.976
8947;8953;26.308
9924;9926;13.642
9927;9928;11.689
9929;9927;3.751
9930;9929;8.482
9931;9930;10.476
9932;9929;3.052
9929;9933;7.888
9934;9932;4.738
9933;9935;10.080
8956;9936;10.886
9937;9932;11.305
9937;9931;15.054
9938;9937;2.872
9939;9938;2.517
9940;9941;5.518
9933;9940;11.770
9940;9942;4.260
9937;9942;7.113
9943;9939;7.024
9943;9931;16.224
9943;9944;15.590
9944;9945;32.282
9946;9947;8.394
9948;9944;3.314
9948;9946;3.281
9939;9949;5.790
9950;9943;5.459
9951;9950;2.804
9936;9952;11.037
9942;9953;8.062
9938;9953;13.933
9954;9951;7.296
9954;9948;6.912
9952;9955;3.129
9956;9952;5.841
9955;9957;1.226
9956;9958;6.249
9958;9959;4.326
9959;9956;3.145
9960;9958;11.427
9955;9961;35.324
9961;9942;16.317
9953;9962;14.935
9962;9950;14.079
9962;9963;4.217
9963;9951;13.273
9957;9964;7.080
9965;9959;5.011
9964;9966;2.885
9961;9966;4.367
9965;9967;6.224
9955;9967;11.710
9963;9968;15.250
9968;9954;14.074
9966;9969;1.969
9962;9969;10.123
9967;9970;6.231
9957;9970;13.026
9969;9971;2.022
9971;9962;9.678
9972;9966;5.460
9968;9973;4.660
9974;9965;8.451
9970;9975;18.847
9964;9975;9.793
9975;9972;12.455
9971;9976;7.330
9973;9976;4.354
9977;9972;8.689
9977;9971;7.605
9976;9978;1.476
9973;9978;5.403
9977;9979;6.937
9978;9980;2.714
9975;9981;27.577
9981;9977;12.347
9981;9976;28.017
9982;9981;6.868
9980;9983;19.947
8910;9984;8.972
9926;9985;30.812
9983;9986;10.005
9985;9987;12.098
9984;9988;19.154
9986;9989;23.921
9989;9990;0.314
9990;9991;15.490
9987;9992;19.212
9992;9993;3.931
9994;9995;8.992
9991;9996;9.640
9996;9997;17.251
9998;9995;21.570
9999;10000;5.400
10000;9998;7.933
10001;9998;8.111
10000;10002;9.258
10000;10003;4.820
10003;10001;9.919
10003;10004;2.127
9988;10005;36.836
10004;10006;5.364
10004;10007;2.725
10007;10008;5.866
10005;10009;0.984
10007;10010;3.253
10010;10011;7.973
10012;10001;16.531
10010;10013;5.086
10013;10014;2.590
10015;10014;6.102
10013;10016;10.462
10017;10012;7.708
10018;10017;6.990
10018;10012;8.650
10014;10019;5.795
10019;10017;8.019
9995;10020;44.491
10016;10020;7.951
10019;10016;13.400
10021;10018;2.193
10021;10022;9.291
9993;10023;4.548
10023;10022;17.087
10019;10024;1.943
10024;10025;13.460
10025;10021;3.144
10025;10026;4.414
10022;10026;6.092
10020;10027;6.945
10028;10027;10.117
10029;10028;4.760
10025;10030;3.556
10026;10030;4.789
10030;10031;6.231
10032;10028;9.507
10024;10032;7.538
10031;10032;6.285
10030;10033;3.374
10034;10031;4.242
10034;10033;6.489
10032;10035;5.100
10035;10034;4.886
10033;10036;4.620
10027;10037;11.667
10038;10037;16.452
10035;10039;6.049
10036;10039;11.086
10039;10040;1.851
10040;10041;2.359
10041;10042;1.882
10022;10043;8.755
10041;10044;5.401
10040;10045;4.724
10042;10046;13.724
10042;10046;9.960
10045;10047;13.516
10036;10047;12.454
10043;10047;7.208
10046;10048;2.157
10045;10049;2.790
10027;10050;36.155
10037;10051;12.536
10048;10051;2.682
10052;10047;4.373
10049;10053;4.884
10047;10053;11.614
10051;10054;23.230
10053;10055;2.267
10054;10056;5.922
10055;10057;2.606
10049;10058;12.355
10057;10058;4.966
10058;10048;12.229
10050;10059;9.269
10056;10059;9.117
10053;10060;4.246
10061;10057;8.273
10055;10061;5.176
10009;8943;23.877
10062;10061;14.530
10043;10062;13.255
10062;10063;5.789
9997;10064;106.897
10064;10065;3.982
10065;10066;19.183
10066;10067;5.046
10067;10068;14.075
10063;10069;58.096
10070;10071;0.293
10069;10072;9.936
10071;10073;29.271
10074;10069;10.225
10075;10076;2.789
10077;10075;0.346
10072;10077;5.119
10076;10078;2.198
10072;10079;1.481
10079;10075;2.529
10080;10081;11.206
10079;10082;0.248
10078;10082;2.383
10083;10074;1.306
10083;10079;0.757
10084;10083;0.243
10085;10080;2.037
10084;10086;2.247
10087;10074;5.336
10087;10083;3.309
10086;10087;1.447
10073;10087;9.160
10082;10088;1.489
10078;10088;4.724
10089;10086;5.422
10089;10084;1.435
10068;10090;17.556
10081;10091;10.187
10091;10092;10.034
10093;10085;19.030
10094;10089;9.068
10088;10094;9.007
10092;10070;57.303
10090;10095;13.028
10095;10093;22.035
10076;10096;57.564
10096;120;27.184
10094;10097;18.235
10097;3649;5.246
8553;10093;32.972
10098;10099;1.807
10100;10101;0.537
10102;10103;0.619
10104;10105;0.507
10117;10111;7.253
10117;10115;13.695
10114;10118;4.387
10118;10117;5.740
10108;10119;16.035
10113;10119;6.598
10119;10120;2.935
10121;10118;8.140
10120;10121;4.338
10112;10122;8.168
10120;10123;6.065
10123;10121;5.502
10124;10107;25.550
10110;10125;25.305
10109;10126;31.056
10110;10126;39.488
10126;10127;6.210
10123;10128;14.804
10116;10129;11.910
10122;10130;22.543
10131;10124;16.637
10130;10131;9.691
10132;10133;16.611
10134;10106;141.099
10132;10135;87.408
10135;10132;30.483
10136;10137;49.263
10136;10135;9.685
10134;10138;6.305
10138;10136;4.597
10138;10139;5.145
10139;10140;6.771
10139;10141;1.616
10142;10141;3.520
10143;10144;9.055
10140;10144;2.851
10145;10146;21.926
10147;10145;4.741
10141;10148;2.227
10148;10149;4.864
10149;10150;9.812
10150;10147;9.445
10151;10140;11.339
10151;10148;2.657
10152;10151;2.029
10145;10153;7.341
10144;10154;13.598
10152;10155;3.618
10150;10156;9.002
10147;10156;13.267
10148;10157;3.231
10154;10158;8.381
10149;10159;11.922
10159;10160;1.973
10161;10152;9.900
10162;10160;9.858
10157;10163;1.487
10163;10159;3.937
10157;10164;7.731
10160;10162;3.718
10156;10165;6.350
10166;10165;8.087
10154;10167;15.804
10163;10168;1.689
10165;10169;5.343
10169;10170;2.982
10171;10172;5.183
10168;10171;3.959
10173;10162;7.724
10173;10174;2.185
10174;10175;4.799
10174;10169;13.356
10168;10176;1.824
10176;10173;6.016
10129;10177;38.966
10176;10178;3.310
10171;10179;12.234
10178;10180;18.188
10177;10181;13.201
10180;10182;4.582
10182;10183;34.712
10183;10184;2.580
10184;10185;8.011
10185;3999;4.282
10099;10185;5.999
5248;10098;1.856
10181;10100;66.186
10101;10186;7.096
10186;10187;15.827
10187;10188;1.519
10187;10189;3.634
10190;10191;0.630
10191;5295;0.535
10188;10192;17.114
10192;10193;5.984
10193;10190;64.185
10189;10194;11.400
10195;10196;25.285
10197;10198;5.582
10194;10198;1.063
10198;10199;1.504
10199;10188;43.073
10194;10200;19.248
10201;10195;8.795
10200;10201;7.400
10198;10202;2.912
10202;10203;5.532
10201;10204;10.900
10205;10201;10.092
10200;10205;13.554
10206;10205;10.224
10202;10206;3.266
10205;10207;2.712
10208;10204;8.278
10207;10208;5.812
10199;10209;26.015
10207;10210;4.268
10206;10211;3.188
10212;10213;6.520
10204;10213;11.370
10208;10214;10.742
10210;10215;7.689
10211;10215;1.363
10210;10216;7.606
10214;10217;2.767
10218;10219;37.066
10195;10218;37.670
10220;10218;2.288
10221;10220;7.076
10213;10221;5.539
10211;10222;9.018
10215;10223;1.410
10214;10224;6.129
10216;10224;3.192
10222;10225;22.249
10223;10222;15.470
10221;10226;3.466
10217;10226;8.379
10216;10227;9.432
10223;10227;1.397
10217;10228;9.252
10229;10220;11.888
10226;10229;5.298
10228;10229;2.801
10228;10230;8.990
10224;10230;10.872
10231;10229;12.421
10230;10231;7.241
10232;10231;7.688
10227;10232;7.496
10232;10233;10.366
10232;10234;3.991
10234;10235;0.497
10235;10236;7.696
3300;10237;12.931
10237;10238;0.458
10236;10239;40.308
10238;10240;24.926
10240;10241;3.675
10241;10242;0.495
10242;10243;1.091
10243;10244;0.819
10244;10245;19.185
10245;10246;10.881
10247;10248;9.253
10249;10247;8.197
10249;10250;6.448
10250;10251;3.269
10252;10249;10.524
10252;10251;6.322
10247;10253;18.059
10250;10254;10.347
10253;10254;4.388
10251;10255;4.353
10254;10255;3.089
10256;10257;14.849
10256;10252;10.189
10253;10258;8.932
10258;10259;8.744
10254;10260;8.123
10260;10258;2.693
10252;10261;15.662
10255;10261;9.971
10261;10262;10.166
10262;10263;4.899
10262;10264;4.899
10263;10264;3.459
10263;10265;5.932
10246;10266;26.999
10239;10266;64.652
10259;10267;30.852
10264;10268;5.566
10265;10268;8.268
10265;10269;4.248
10260;10269;25.108
10270;10256;31.175
10268;10270;2.963
10271;10270;16.229
10269;10271;4.662
10266;10272;5.253
10271;10273;1.910
10105;10274;6.037
10273;10275;1.167
10275;10104;1.675
10272;10276;6.530
10276;10277;0.269
10278;10277;2.305
10279;10278;18.286
10280;10279;1.701
10281;10280;4.715
10282;10281;15.899
10274;10282;35.637
10277;10283;11.005
10284;10285;4.123
10283;10102;41.526
10103;10286;0.479
10285;10287;6.390
10287;10288;4.516
10284;10286;33.116
10288;7581;26.408
10289;10290;3.501
10291;10292;23.276
10293;10294;16.089
10293;10292;2.173
10293;10295;6.451
10296;10291;8.297
10292;10297;17.405
10298;10299;3.166
10295;10298;1.339
10295;10300;12.436
10301;10302;8.597
10302;10303;4.737
10302;10304;9.586
10297;10305;11.505
10306;10307;4.840
10308;10309;9.727
10310;10308;1.209
10290;10291;8.299
10300;10297;8.340
10303;10298;6.386
10311;10312;12.662
10307;10311;4.209
10301;10299;1.319
10309;10301;12.909
10313;10310;44.311
10314;4900;0.633
10315;10314;5.429
10316;10315;2.920
10317;10316;28.965
10318;10317;6.000
10319;10320;11.335
10321;10320;8.573
10322;10321;4.968
10323;10320;6.560
10323;10322;6.118
10324;10322;8.527
10325;10324;9.687
10325;10326;15.638
10327;10328;7.480
10327;10329;3.956
10329;10323;8.305
10329;10330;5.135
10330;10324;5.607
10331;10327;13.418
10330;10332;5.199
10333;10329;6.967
10333;10334;18.020
10335;10318;40.349
10336;10335;18.257
10337;10336;6.052
10326;10338;29.067
10334;10339;13.341
10339;10340;0.390
10341;10342;6.276
10341;10343;7.915
10344;10345;9.362
10344;10341;0.621
10344;10346;9.060
10339;10347;45.056
10347;10326;27.468
10347;10338;16.253
10348;10349;23.463
10343;10350;8.133
10346;10351;7.103
10352;10343;7.868
10352;10350;3.017
10340;10348;30.943
10351;10353;8.382
10353;10352;0.978
10350;10354;2.847
10355;10351;5.422
10355;10353;1.605
10354;10356;0.627
10349;10356;4.199
10357;10355;6.412
10356;10358;3.109
10338;10359;51.033
10358;10360;3.644
10361;10337;24.229
10362;10361;9.994
10363;10360;20.437
10359;10364;23.244
10364;10365;1.552
10340;10366;39.100
10365;10367;6.135
10367;10368;7.774
10368;10369;2.813
10366;10370;7.671
10369;10371;8.921
10372;10373;14.964
10372;10369;21.740
10371;10372;6.374
10368;10374;19.625
10371;10375;11.382
10376;10372;11.784
10377;10362;55.640
10370;10378;50.312
10379;10363;98.360
9182;3949;4.012
10380;10381;2.414
8971;10382;0.584
10382;10381;15.272
10383;10380;1.702
10384;4166;19.251
4165;10385;19.904
8985;10383;11.191
3559;3552;9.912
3595;3599;23.520
4291;4289;44.592
4300;4304;15.662
4304;4306;23.352
4410;222;140.413
4591;4593;7.019
5527;5537;24.511
3079;3087;22.776
63;71;37.416
930;925;23.664
923;927;13.920
1324;1303;333.372
8849;8868;288.960
8791;10386;733.968
9457;9463;50.064
4115;10384;14.751
3963;9299;35.245
9299;3960;24.720
2264;9882;370.336
3913;3894;23.220
2541;526;426.732
526;500;11.004
5606;5610;22.608
1;0;0.647
3;2;3.922
5;4;4.116
7;6;7.817
9;8;6.425
11;10;0.414
10;12;1.236
14;13;0.523
16;15;0.630
18;17;1.141
20;19;7.841
22;21;16.197
23;21;6.307
25;24;15.823
26;25;7.593
28;27;17.594
30;29;3.465
32;31;6.948
31;33;5.022
33;34;0.689
34;35;18.158
35;36;14.156
36;37;58.956
37;38;34.563
38;39;33.067
39;41;6.880
43;42;0.920
42;44;1.937
46;45;1.644
44;47;0.342
48;47;13.763
50;49;7.986
52;51;12.793
54;53;6.193
51;53;14.029
55;53;2.877
55;56;9.804
57;55;11.704
56;57;18.114
59;58;16.651
57;60;19.750
59;60;12.788
60;61;2.072
62;59;6.112
61;62;2.226
61;63;8.615
65;64;4.530
64;65;8.533
66;65;2.805
62;66;10.484
29;64;13.165
66;67;8.059
68;67;6.883
67;29;5.787
70;69;64.752
71;70;4.404
69;72;27.022
12;71;21.703
74;73;2.173
75;24;10.524
24;22;5.277
76;74;6.142
77;22;10.426
78;76;5.854
21;78;2.422
79;78;1.138
81;80;18.133
82;81;0.189
83;79;3.773
84;83;0.829
22;85;14.587
85;84;1.562
86;85;9.272
86;25;28.147
87;86;0.693
88;79;5.826
83;88;9.937
76;89;16.292
88;89;10.860
90;87;4.966
91;84;2.769
92;88;2.453
93;90;5.752
89;94;4.632
87;95;6.441
28;93;2.587
96;91;18.715
97;92;9.277
98;91;6.602
95;99;7.868
100;94;6.240
100;97;5.385
101;96;11.388
95;101;2.809
99;101;7.626
72;102;24.205
19;92;7.075
90;99;21.827
19;97;7.211
103;93;10.831
96;104;7.123
13;82;11.228
105;19;3.592
106;105;2.225
107;100;6.737
107;105;8.396
108;106;3.536
102;109;3.137
110;106;15.408
111;28;14.317
109;111;3.161
113;112;1.217
73;114;52.167
15;11;23.656
112;115;1.850
114;113;41.136
17;14;37.238
115;116;8.810
117;18;12.339
118;117;1.225
119;16;27.197
116;118;43.314
121;120;10.926
122;121;22.121
123;122;4.663
125;124;0.758
127;126;30.889
129;128;30.647
130;127;15.990
128;131;15.284
132;130;12.303
131;133;7.918
135;134;15.549
132;134;16.470
133;136;21.188
134;137;16.908
138;137;9.613
136;139;1.627
140;132;21.208
139;141;3.804
142;140;2.550
141;142;2.127
144;143;15.394
145;143;3.091
147;146;14.953
146;143;4.854
143;148;4.162
142;149;14.549
151;150;8.352
137;150;17.667
150;152;1.821
146;153;4.770
152;154;2.973
154;153;4.349
153;155;4.842
155;149;7.151
142;156;3.591
156;157;1.051
155;158;7.846
149;158;6.249
158;159;3.537
159;157;6.767
160;154;13.775
159;160;9.506
161;152;13.099
162;161;10.625
162;160;5.139
157;163;4.488
161;164;33.662
163;165;3.382
166;162;14.696
163;166;11.919
165;167;9.381
167;168;11.856
168;169;5.662
169;170;15.630
170;171;3.571
173;172;8.929
171;173;2.467
174;171;2.074
175;173;5.240
175;174;3.750
175;176;2.619
173;177;4.574
177;178;8.158
178;179;13.605
180;174;9.531
179;181;30.389
182;180;7.569
183;182;24.928
184;183;17.890
185;184;4.910
186;185;4.708
187;186;11.893
188;186;1.840
185;189;28.832
188;189;17.364
189;190;22.784
191;188;0.760
192;191;18.664
193;191;3.070
194;193;7.522
196;195;23.048
197;196;9.703
198;194;94.286
199;198;13.157
198;200;24.473
200;201;11.512
202;199;1.899
200;203;7.095
203;204;2.259
199;204;9.115
203;205;8.164
204;206;10.984
206;202;4.096
195;207;48.274
205;208;12.193
208;206;2.533
207;209;12.491
210;208;13.066
211;210;1.212
212;211;1.820
124;212;4.732
209;125;9.439
213;210;3.541
214;212;8.850
216;215;11.163
215;213;1.007
217;213;8.412
218;215;15.007
219;218;25.736
220;219;25.216
221;220;20.138
223;222;63.372
225;224;3.910
227;226;0.557
229;228;1.260
231;230;0.540
233;232;0.755
235;234;6.146
226;235;18.603
236;227;38.773
237;236;17.991
238;237;1.279
239;238;32.889
240;239;32.253
241;239;21.987
243;242;15.957
244;243;17.294
245;244;7.999
247;246;3.687
248;247;14.636
248;245;13.495
249;244;15.082
250;248;6.249
251;250;2.559
252;241;14.371
253;250;13.719
254;252;3.970
255;254;24.497
256;255;16.695
257;256;1.200
259;258;0.201
260;259;20.550
260;257;46.995
261;260;14.287
262;261;6.217
263;262;11.358
265;264;20.176
273;272;5.806
274;272;7.449
276;275;5.150
272;276;2.060
276;277;6.242
277;278;12.223
264;279;110.961
281;280;13.643
282;281;17.860
275;282;23.008
277;283;13.542
277;283;17.681
284;282;3.990
285;281;10.753
286;284;7.197
287;286;2.560
283;287;2.736
288;285;11.549
284;288;5.689
289;280;15.626
290;289;9.029
285;290;10.686
291;288;4.739
286;291;9.237
289;292;10.519
293;291;2.250
287;293;12.104
294;289;7.327
295;294;2.670
290;295;6.270
293;225;2.942
294;296;9.116
297;295;2.949
224;298;5.614
299;298;4.401
301;300;28.304
298;301;10.864
302;301;4.502
303;302;0.760
224;303;11.130
304;303;0.587
302;305;3.278
306;304;4.605
279;306;37.317
307;304;12.899
309;308;27.758
310;309;6.547
300;229;58.778
314;313;11.132
316;315;10.269
317;315;6.425
318;316;5.331
319;316;6.868
320;317;13.663
321;317;20.931
321;319;4.415
322;320;7.714
322;321;2.838
323;319;11.032
323;318;9.445
228;318;30.993
324;323;6.720
325;321;12.411
326;318;24.850
327;322;13.299
320;328;24.651
329;327;0.772
327;328;28.182
330;329;11.065
330;325;10.500
331;330;11.263
332;310;63.880
333;332;5.705
315;334;46.024
335;314;21.791
337;335;2.187
338;336;12.945
334;338;44.274
339;333;45.405
340;337;17.284
341;340;13.738
230;342;1.216
343;341;15.299
344;339;63.910
232;231;22.350
345;344;21.323
346;343;13.795
347;345;9.445
348;347;2.848
349;348;4.229
233;349;53.915
351;350;4.443
350;352;31.266
352;353;1.387
353;346;7.137
354;351;19.348
342;354;73.088
355;349;23.057
357;356;15.516
358;356;2.486
359;358;13.429
356;360;19.061
360;361;7.051
360;362;1.620
362;355;8.543
358;363;7.342
363;364;15.062
362;365;8.249
363;366;9.991
365;366;17.692
366;367;11.706
365;368;22.873
367;369;32.291
370;367;11.107
372;371;5.061
373;353;11.425
375;374;9.324
374;376;2.779
377;375;8.430
376;378;7.782
379;374;6.106
378;379;6.464
373;380;3.867
381;378;12.798
380;381;3.488
377;382;5.876
383;377;8.011
379;383;13.989
378;384;7.968
381;384;10.225
385;379;13.336
386;382;7.303
387;386;4.859
382;388;14.669
388;387;7.471
389;383;7.965
385;389;8.483
391;390;9.668
388;391;2.896
391;392;2.493
393;385;6.789
389;394;2.636
395;393;8.849
384;395;9.959
397;396;4.269
398;397;56.818
380;399;5.467
396;399;46.192
393;400;2.761
399;401;0.813
402;398;4.564
403;388;12.697
403;387;9.408
404;386;11.225
394;404;6.425
405;394;7.623
406;403;4.813
404;406;4.734
395;407;8.737
401;407;9.192
406;408;2.263
408;405;9.647
409;408;6.538
410;405;10.561
407;410;18.874
407;411;13.357
401;411;5.208
410;409;16.588
412;409;16.393
411;413;29.111
413;414;24.961
414;415;4.751
415;416;18.394
416;417;23.848
419;418;3.957
371;420;0.800
421;420;6.792
423;422;4.514
425;424;0.852
427;426;1.006
429;428;0.918
431;430;0.382
433;432;52.886
424;433;3.938
434;425;8.165
435;434;9.102
436;435;25.791
437;436;0.522
438;437;16.915
439;438;18.799
440;439;17.514
426;440;3.103
441;427;8.957
441;442;5.273
442;443;10.255
444;443;1.846
443;445;3.010
446;444;20.530
445;447;29.167
447;448;6.478
449;446;8.364
447;450;5.143
451;450;4.718
452;451;3.698
445;452;6.925
450;451;5.318
448;453;14.394
454;449;20.562
455;444;16.989
448;456;8.568
457;453;4.389
456;457;3.785
455;458;12.529
459;457;1.174
458;460;3.432
461;447;10.738
452;461;3.946
460;461;5.808
462;456;6.865
461;462;14.805
463;459;4.367
462;463;2.356
464;455;9.987
464;465;9.354
466;463;3.013
461;467;3.120
468;458;7.710
469;468;5.891
453;470;25.142
472;471;7.104
470;472;7.008
459;473;11.497
460;474;7.469
475;464;1.908
474;476;4.153
477;469;3.732
475;477;1.957
476;478;5.208
478;467;4.470
479;466;8.135
467;479;1.829
473;480;3.408
481;468;4.218
477;481;5.902
482;470;7.904
473;482;12.245
479;483;1.284
484;482;0.980
481;485;2.814
486;480;4.454
466;487;8.109
483;487;0.706
488;474;5.807
485;488;3.998
487;489;0.781
488;490;1.850
491;484;4.501
492;476;7.121
490;492;3.753
492;493;1.934
494;484;4.610
480;494;8.288
495;475;8.226
496;478;7.389
493;496;1.432
485;497;6.309
497;490;5.848
498;483;9.727
496;498;4.499
489;499;4.641
500;495;3.540
501;489;5.847
502;497;3.378
502;495;13.354
503;494;9.172
499;503;1.462
501;504;4.894
505;501;4.608
498;505;7.437
506;472;18.736
507;504;4.608
508;493;10.117
508;502;5.427
509;506;9.984
503;509;1.444
510;499;6.991
510;507;1.104
511;505;2.564
504;512;5.153
512;507;6.889
513;508;5.871
512;511;11.659
514;513;3.252
515;511;7.014
515;508;13.438
516;514;4.508
517;513;6.926
518;517;5.021
519;510;9.213
520;515;4.100
521;506;12.034
509;521;3.671
521;522;1.153
523;520;5.818
524;514;9.101
520;525;10.063
526;517;12.250
527;522;9.950
525;527;14.630
522;528;4.304
529;527;7.678
530;525;22.706
531;454;119.036
528;532;10.240
533;532;1.523
534;533;6.147
428;534;0.942
535;429;0.302
536;535;11.057
430;536;14.422
539;431;0.834
540;539;0.604
541;540;2.154
542;537;46.464
543;542;31.339
544;541;49.706
545;544;14.453
546;545;5.970
548;547;4.152
550;549;2.937
552;551;1.506
554;553;0.672
556;555;0.631
558;557;0.313
560;559;0.469
562;561;0.532
564;563;1.438
566;565;1.523
568;567;1.480
570;569;1.393
572;571;2.199
574;573;1.805
576;575;1.791
578;577;1.281
580;579;1.733
582;581;1.347
584;583;1.153
586;585;5.616
585;587;21.820
589;588;25.363
591;590;21.799
567;591;6.595
592;568;52.878
593;592;15.577
594;593;13.477
595;594;8.879
596;595;1.928
598;597;11.772
599;596;6.959
569;599;1.407
600;570;3.342
601;600;0.337
603;602;1.727
604;603;4.235
605;604;3.730
605;602;6.261
606;605;5.312
606;601;5.784
607;606;2.573
607;601;34.438
608;604;13.401
609;608;4.971
609;605;13.193
610;609;2.187
611;610;4.060
612;607;3.299
612;611;3.976
614;613;4.612
614;608;7.678
615;612;3.434
616;610;10.371
616;611;8.046
617;616;3.323
618;614;9.875
619;615;2.315
615;619;22.845
620;614;7.835
620;618;5.831
621;618;1.003
621;617;5.830
622;620;2.400
623;619;1.315
624;598;34.824
625;622;5.351
626;625;12.453
626;625;5.413
627;626;5.187
628;623;2.160
629;623;8.305
630;617;10.709
630;629;1.605
631;630;2.738
632;621;9.871
632;631;4.051
622;633;9.500
634;633;0.837
634;632;7.508
633;635;4.096
636;632;2.544
636;631;6.035
637;572;0.757
638;628;7.234
639;628;3.586
571;639;1.577
640;626;9.294
635;640;12.113
641;638;2.997
641;639;4.320
642;629;9.985
638;642;10.611
643;640;6.373
644;642;5.719
644;641;11.741
645;644;2.763
646;636;13.499
645;646;3.084
647;634;16.849
647;648;1.136
648;646;5.033
649;637;3.986
635;647;26.604
648;645;20.804
650;624;15.053
651;650;0.922
653;651;2.637
654;649;14.752
656;653;3.854
657;656;27.363
658;657;31.995
659;658;5.990
661;660;3.301
659;662;16.321
663;659;1.451
664;662;12.163
661;664;12.087
666;665;13.008
666;663;3.653
667;661;5.525
668;667;1.753
669;666;2.929
670;668;4.763
671;663;12.088
672;669;1.372
673;666;7.976
673;671;14.150
674;671;5.049
662;674;16.139
675;667;12.200
676;664;11.346
676;675;4.173
676;677;7.903
678;675;4.884
679;674;4.006
677;679;4.122
678;680;9.366
680;668;20.679
682;681;9.581
683;673;8.983
682;684;2.611
684;685;3.612
671;686;7.331
686;679;5.568
677;676;14.637
688;687;16.337
682;688;10.540
689;679;7.629
690;683;6.367
686;690;6.261
669;691;18.694
691;690;10.713
688;692;5.885
551;672;7.109
693;690;5.043
694;678;21.358
693;695;3.785
696;693;9.650
697;690;12.375
695;698;4.210
698;697;1.670
699;684;19.176
700;698;8.131
701;700;3.058
697;701;19.368
703;702;28.051
704;699;19.541
703;704;14.392
706;705;7.441
707;703;11.600
707;705;5.169
708;707;9.788
709;705;16.902
711;710;9.700
712;704;26.673
713;710;5.958
714;713;4.589
715;714;5.997
716;712;1.312
716;717;6.100
717;707;15.767
718;714;7.747
718;715;5.792
719;716;7.240
719;717;3.824
720;718;3.371
721;720;14.134
713;722;6.506
723;719;1.828
724;720;2.045
725;712;9.649
726;710;9.787
726;722;7.581
722;727;7.141
727;724;10.295
728;725;2.274
729;727;3.107
730;724;8.739
726;731;13.624
732;730;2.010
731;733;9.238
734;729;6.119
734;732;9.429
735;733;3.530
737;736;6.396
733;736;12.800
738;734;4.078
739;726;18.209
740;731;10.736
740;739;0.893
735;741;11.188
742;739;6.307
742;729;18.733
740;743;7.097
744;738;6.931
744;730;18.570
745;735;8.489
743;745;3.715
746;741;3.245
747;741;7.561
746;747;7.028
749;748;5.009
748;744;5.579
746;750;1.918
745;750;6.126
751;736;14.534
747;751;5.516
752;743;5.126
751;753;1.888
754;742;7.380
754;742;14.217
753;755;13.694
747;756;14.141
755;757;15.273
753;757;8.539
757;756;2.707
756;758;11.787
750;758;14.853
759;758;4.166
759;754;18.287
760;748;31.690
761;760;3.129
759;762;6.350
760;762;3.611
764;763;0.390
762;550;12.269
765;764;2.380
763;766;41.108
767;765;14.134
768;728;37.913
769;768;0.221
770;767;13.576
771;770;4.488
772;771;0.601
773;772;1.192
581;769;19.058
549;774;125.765
766;549;6.862
775;582;7.066
775;552;82.946
776;775;0.842
777;773;34.413
778;777;7.521
774;779;53.977
780;778;5.436
781;776;27.441
782;780;12.335
783;782;3.114
784;781;32.339
785;784;1.734
786;783;33.347
787;786;9.183
788;787;2.624
789;788;0.369
790;784;42.782
791;789;15.122
792;791;13.353
793;792;3.906
794;793;1.567
795;785;70.134
796;790;33.062
797;796;2.242
799;798;12.883
798;800;8.707
801;798;5.020
802;801;2.389
803;802;6.747
803;797;15.858
804;800;6.997
804;801;6.793
804;805;3.174
805;802;9.167
806;800;17.095
806;807;3.215
807;804;8.000
808;806;7.903
809;805;7.362
809;803;13.859
809;810;4.327
811;807;12.099
810;811;7.356
811;812;1.527
813;794;20.005
814;795;30.123
815;814;0.170
816;815;0.577
817;816;0.912
819;818;41.420
820;817;25.035
821;589;7.862
822;821;0.487
823;822;5.224
825;824;17.032
824;826;8.191
824;827;5.140
825;827;9.118
826;828;3.311
830;829;4.685
828;830;0.694
831;827;5.421
832;825;13.077
833;819;54.877
833;830;8.845
834;831;2.236
832;834;7.030
835;828;7.512
836;826;11.280
836;831;4.910
837;833;2.290
834;838;7.154
839;836;8.199
840;837;2.371
838;841;6.226
841;832;9.950
823;842;6.064
839;840;1.756
553;820;32.578
843;842;3.301
844;840;5.384
846;845;2.062
847;846;2.760
848;843;7.968
849;838;11.339
850;843;12.903
851;850;7.219
852;841;13.991
852;847;12.965
853;839;7.031
849;853;0.259
854;850;4.584
854;851;6.131
855;849;0.959
852;855;10.645
844;856;10.982
857;823;9.704
858;855;0.964
856;844;16.640
859;851;11.765
860;859;0.523
862;861;6.003
861;854;5.263
856;863;3.009
853;863;14.577
864;854;10.055
864;860;5.196
865;858;10.684
852;866;12.521
866;847;17.146
867;864;2.204
868;861;7.480
868;867;6.450
869;868;0.895
867;870;8.984
871;866;9.509
872;869;8.910
870;873;1.672
874;866;8.822
875;857;4.355
876;863;19.666
877;857;23.530
877;878;9.733
879;877;1.963
880;869;7.034
881;876;8.657
881;858;7.097
874;881;7.203
882;872;6.498
880;882;3.856
882;883;1.597
884;880;6.780
885;884;1.377
885;873;11.168
886;879;7.674
886;872;17.785
888;887;4.599
888;879;10.280
889;887;15.179
887;889;3.244
873;890;16.167
883;884;12.180
890;885;5.547
891;874;15.193
892;875;14.723
889;892;4.519
893;886;6.717
883;893;16.314
894;881;4.339
895;554;24.790
896;888;15.291
896;893;6.938
897;875;6.430
898;896;20.548
898;897;1.064
899;894;12.590
900;895;69.040
587;900;27.592
901;899;51.090
903;902;2.834
905;904;4.024
905;903;4.441
905;906;5.336
907;905;4.206
903;907;6.679
908;906;4.604
907;908;5.768
909;907;8.807
910;909;11.092
911;909;2.531
913;912;11.040
914;911;0.777
912;915;6.152
906;915;13.397
916;908;7.016
916;914;5.684
917;914;0.920
918;913;1.298
919;916;1.172
915;920;4.227
917;921;2.640
919;922;6.013
923;918;4.811
920;923;4.358
924;919;4.484
924;921;5.485
920;922;14.653
921;917;15.238
918;923;22.599
925;924;7.348
926;901;40.062
922;925;17.801
927;574;2.479
929;928;12.760
928;930;4.205
931;928;1.716
932;929;11.079
932;933;6.858
934;931;12.298
934;932;2.647
573;935;14.278
936;934;4.184
933;932;15.992
935;937;42.782
577;926;20.782
938;578;0.544
937;939;26.591
939;940;11.702
941;586;38.251
941;942;20.562
942;943;2.731
943;944;1.429
944;945;3.173
946;945;0.843
947;941;7.366
948;942;8.514
950;949;8.948
949;946;2.268
944;943;16.468
951;938;29.340
953;952;5.156
952;949;3.970
954;951;14.768
955;954;4.183
956;946;18.609
957;955;6.095
958;957;6.230
958;952;4.124
959;956;2.502
960;955;13.620
957;960;6.330
961;956;11.394
962;957;2.252
962;958;2.307
963;947;6.691
964;961;5.197
961;959;18.480
966;965;8.563
965;964;2.396
967;960;8.033
962;967;7.421
555;963;0.965
968;965;8.273
969;967;4.269
969;962;3.101
970;969;8.625
972;971;5.878
973;962;4.856
968;973;4.332
974;970;5.690
964;968;30.109
975;556;2.303
976;972;6.677
940;977;49.462
978;974;3.014
972;976;13.247
979;969;3.195
980;976;5.448
980;979;1.120
981;974;5.295
984;980;0.764
985;975;1.879
979;988;8.634
977;989;5.696
992;989;4.702
994;985;1.766
995;988;4.654
995;970;19.987
984;997;7.101
988;997;8.281
995;997;13.912
575;992;8.250
999;994;2.232
1000;999;0.489
1001;984;9.055
1002;997;11.591
1003;1001;0.492
583;1003;6.580
1004;576;10.320
557;1000;10.271
1005;558;0.270
1006;1004;10.246
559;1005;9.575
1007;584;33.536
561;560;8.166
1008;1007;8.530
1008;562;4.038
1009;1006;15.175
1011;1010;34.416
1012;1008;7.702
1010;1011;4.161
1013;1010;17.677
1014;1011;5.349
1014;1015;31.350
1014;1016;6.863
1017;1016;29.102
1018;1015;3.306
1018;1015;4.590
1019;1018;1.661
1020;1019;2.686
1021;1019;2.652
1016;1021;5.635
1022;1009;7.895
1023;1021;9.234
1024;1023;33.170
1025;1024;16.022
1025;1023;4.856
1026;1024;10.977
1026;1027;8.462
1028;1026;4.810
1029;1025;4.573
1030;1012;22.820
1031;1027;3.033
1029;1031;0.410
1032;1029;2.711
1027;1034;6.096
1031;1034;1.710
1034;1037;1.301
1037;1038;0.669
1038;580;1.823
1040;1043;14.966
1043;1044;3.984
1045;1022;14.288
579;1046;129.488
1046;1022;34.396
1047;1042;26.856
1044;1048;19.118
1049;1045;17.512
1048;564;9.791
563;1050;1.600
565;1051;6.194
1051;1047;28.442
1050;1052;0.799
1052;566;1.979
1053;1047;19.311
1054;1049;15.292
1056;1055;4.020
1057;1056;6.199
1055;1058;2.222
1059;1058;5.346
1060;1057;5.684
1061;1056;2.832
1062;1060;5.293
1057;1061;8.190
1063;1059;7.558
1063;1059;17.288
1064;1061;4.555
1065;1062;5.296
1066;1064;4.639
1058;1067;8.089
1067;1063;6.015
1067;1068;1.764
1069;1062;24.118
1070;1064;4.644
1068;1070;3.157
1071;1069;1.008
1065;1072;3.676
1073;1069;12.000
1073;1065;11.738
1060;1074;11.974
1075;1074;3.674
1072;1074;8.936
1074;1076;3.528
1070;1076;10.705
1077;1073;5.737
1078;1077;7.654
1072;1078;6.184
1079;1078;1.638
1076;1079;8.771
1080;1052;41.256
1081;1071;13.746
1071;1082;10.487
1084;1083;2.784
1083;1081;2.375
1085;1082;8.342
1086;1081;8.854
1086;1082;3.922
1087;1077;13.396
1079;1087;16.723
1088;1086;6.490
1089;1054;44.381
1090;1088;3.747
1087;1090;7.972
1091;1088;4.392
1092;1083;12.915
1092;1086;14.351
548;1092;7.804
1093;548;0.792
1090;1093;18.204
1094;1053;45.875
547;1089;57.748
1095;1093;8.310
1097;1096;10.178
1098;1095;41.594
1100;1099;1.100
1102;1101;32.566
1101;1100;49.710
1099;1103;32.385
1103;1098;67.718
1105;1104;76.269
1107;1106;61.628
1108;1107;21.771
1109;1108;43.236
1104;1109;3.460
1113;1112;3.659
1116;1113;5.492
1121;1116;24.243
1122;1121;2.655
1125;1122;1.165
1127;1125;0.203
1130;1127;0.919
1132;1131;21.090
1131;1133;7.203
1133;1134;3.397
1134;1135;3.129
1135;1136;0.940
1137;1135;24.618
1137;1138;6.706
1139;1137;8.537
1136;1139;1.073
1139;1140;2.018
1140;1138;15.344
1141;1136;25.141
1143;1142;5.269
1140;1144;4.502
1145;1144;3.417
1145;1143;8.621
1147;1146;3.647
1146;1148;0.867
1144;1149;1.023
1150;1145;5.176
1151;1150;1.769
1143;1151;6.177
1152;1147;6.375
1153;1145;5.176
1154;1150;3.907
1149;1155;2.906
1156;1153;3.150
1156;1154;4.633
1155;1157;2.474
1158;1151;15.721
1159;1149;10.049
1153;1159;9.004
1160;1154;6.450
1161;1152;10.150
1160;1162;11.357
1162;1158;1.199
1163;1156;5.517
1163;1160;4.258
1157;1152;13.985
1164;1162;3.073
1165;1159;8.680
1165;1163;3.709
1166;1160;8.263
1164;1166;7.094
1167;1165;4.184
1168;1158;21.147
1148;1169;16.976
1170;1166;10.308
1171;1167;6.858
1171;1170;3.184
1172;1164;13.923
1172;1173;4.409
1174;1172;22.198
1169;197;24.073
1176;1175;2.097
1175;1177;7.428
1179;1178;3.422
1181;1180;9.862
1182;1181;24.660
1180;1183;25.702
1185;1184;0.981
1187;1186;1.050
1189;1188;3.691
1191;1190;0.999
1193;1192;0.805
1195;1194;1.415
1197;1196;1.114
1199;1198;0.701
1201;1200;1.454
1203;1202;2.128
1204;1203;31.279
1192;1204;0.738
1205;1193;68.849
1206;1205;2.366
1207;1206;5.923
1208;1207;3.275
1209;1208;1.626
1209;1210;15.010
1211;1209;0.514
1212;1207;6.365
1213;1208;3.593
1214;1211;2.489
1214;1215;5.745
1216;1214;2.075
1216;1217;8.819
1217;1211;15.334
1218;1216;4.182
1219;1218;10.678
1186;1218;2.001
1220;1219;6.181
1221;1187;3.993
1222;1221;6.413
1223;1221;0.203
1224;1223;7.203
1225;1224;0.679
1194;1225;10.144
1226;1195;0.332
1227;1226;27.840
1229;1228;8.841
1231;1230;14.230
1232;1229;47.956
1233;1232;0.682
1234;1233;1.659
1232;1235;29.253
1234;1235;18.271
1236;1231;49.128
1235;1236;13.278
1238;1237;6.661
1236;1238;2.513
1238;1239;3.363
1239;1240;3.163
1240;1241;2.987
1242;1239;8.238
1243;1242;5.997
1184;1234;9.095
1240;1244;7.199
1245;1241;8.177
1246;1242;10.217
1243;1247;7.727
1246;1247;3.982
1247;1248;1.493
1244;1249;9.141
1249;1246;0.876
1250;1244;4.735
1251;1250;8.295
1251;1249;1.314
1241;1252;16.681
1250;1252;12.562
1253;1243;15.477
1253;1185;2.712
1254;1251;3.191
1252;1255;3.544
1255;1256;29.681
1257;1253;13.855
1258;1257;2.010
1259;1258;50.826
1260;1259;13.873
1261;1259;33.470
1263;1262;2.178
1190;1261;22.962
1262;1264;23.960
1266;1265;8.613
1267;1265;3.454
1269;1268;2.354
1269;1265;3.973
1188;1266;16.367
1264;1270;12.070
1270;1269;4.046
1189;1271;18.250
1271;1272;8.411
1270;1273;8.454
1272;1273;2.381
1273;1274;0.704
1272;1271;16.880
1275;1189;14.041
1274;1276;6.025
1276;1274;7.945
1278;1277;21.648
1278;1275;9.734
1277;1279;3.862
1280;1276;8.417
1281;1280;1.510
1281;1279;14.036
1282;1279;3.242
1277;1283;6.065
1283;1284;1.200
1284;1282;3.829
1283;1278;15.665
1285;1281;2.757
1286;1197;5.469
1287;1285;12.562
1282;1287;6.377
1288;1285;7.110
1196;1275;13.246
1198;1260;67.319
1289;1199;0.335
1287;1290;12.335
1291;1286;19.460
1292;1289;50.226
1183;1191;1.478
1200;1291;96.478
1293;1201;30.531
0;1294;3.632
1296;1295;0.867
1298;1297;0.636
1300;1299;0.767
1302;1301;0.841
1305;1304;37.279
1306;1305;3.574
1307;1306;4.544
1307;1308;17.440
1308;1309;2.329
1310;1309;10.591
1309;1311;5.493
1311;1312;5.139
1310;1312;9.562
1311;1313;21.190
1312;1313;20.364
1308;1314;27.086
1313;1315;9.756
1316;1307;20.905
1314;1316;18.075
1314;1317;16.969
1315;1317;5.867
1317;1318;1.665
1296;1316;1.458
1295;1319;0.618
1319;1298;6.369
1321;1320;12.162
1320;1322;7.081
1321;1323;10.600
1323;1320;12.516
1324;1323;2.677
1297;1325;176.502
1325;1326;2.917
1326;1327;23.593
1327;1328;2.072
1326;1329;10.864
1328;1329;16.206
1328;1330;13.952
1329;1331;41.475
1331;1300;18.394
1299;1302;42.790
1301;1332;5.066
1334;1333;4.150
1336;1335;0.899
1338;1337;0.842
1340;1339;0.394
1342;1341;1.295
1344;1343;0.932
1346;1345;63.169
1341;1346;18.036
1343;1342;16.326
1348;1347;3.801
1349;1348;76.580
1351;1350;34.376
1350;1352;3.156
1353;1350;5.779
1355;1354;8.955
1356;1351;12.281
1358;1357;7.070
1359;1358;8.858
1360;1352;6.842
1361;1360;2.799
1354;1362;10.804
1351;1363;9.027
1362;1363;0.814
1364;1358;4.401
1365;1356;5.251
1363;1365;2.621
1367;1366;0.322
1368;1360;6.052
1365;1368;3.401
1370;1369;9.463
1370;1364;8.260
1372;1371;13.450
1374;1373;4.415
1375;1364;8.230
1360;1375;7.702
1368;1375;2.490
1375;1376;2.389
1373;1367;9.926
1378;1377;10.495
1377;1370;5.069
1376;1377;1.581
1366;1372;68.272
1377;1379;3.264
1371;1354;51.917
1347;1374;55.969
1380;1376;14.132
1381;1377;13.306
1382;1344;27.533
1379;1382;11.797
1384;1383;19.689
1382;1336;13.798
1383;1385;7.374
1386;1382;21.784
1387;1386;10.336
1335;1388;9.032
1388;1389;0.849
1391;1390;4.667
1392;1391;21.114
1393;1391;1.243
1389;1338;24.335
1394;1393;2.787
1337;1395;0.487
1396;1393;6.168
1397;1396;4.369
1398;1396;3.352
1399;1398;5.780
1400;1398;5.637
1401;1400;18.118
1403;1402;4.985
1405;1404;10.323
1406;1404;3.275
1407;1388;27.347
1400;1408;9.589
1410;1409;13.733
1409;1403;9.391
1411;1407;4.538
1404;1412;4.854
1412;1408;11.076
1408;1413;1.492
1414;1411;4.858
1415;1407;15.936
1403;1415;8.326
1409;1416;5.448
1417;1412;5.486
1413;1417;1.534
1395;1418;12.971
1419;1415;6.281
1416;1419;4.166
1420;1416;5.617
1421;1411;17.192
1415;1421;4.262
1418;1422;1.466
1423;1420;10.734
1423;1409;16.454
1424;1414;11.840
1425;1419;5.012
1420;1425;5.906
1426;1421;13.463
1426;1425;3.202
1427;1413;14.016
1428;1424;9.724
1421;1428;7.904
1429;1424;6.182
1417;1430;4.935
1431;1429;5.334
1432;1426;4.076
1430;1427;13.172
1433;1429;3.111
1428;1433;5.163
1430;1434;0.911
1435;1433;3.396
1436;1432;6.021
1437;1423;12.358
1437;1438;2.130
1438;1436;5.793
1439;1434;7.021
1440;1436;3.740
1438;1441;2.620
1442;1414;25.643
1443;1442;14.250
1433;1443;8.367
1444;1435;16.677
1444;1432;8.305
1445;1443;6.669
1445;1435;5.767
1446;1437;13.880
1447;1444;2.347
1447;1445;18.207
1448;1447;7.301
1441;1448;12.306
1449;1448;7.497
1449;1441;9.122
1450;1449;5.041
1434;1451;9.719
1452;1442;18.906
1451;1453;7.688
1385;1454;30.603
1453;1455;23.947
1455;1387;53.029
1422;1456;35.729
1456;1457;21.508
1459;1458;14.231
1458;1460;7.052
1461;1460;20.828
1462;1460;11.670
1454;1462;46.446
1463;1458;18.983
1464;1462;19.714
1457;1340;20.622
1339;1465;9.845
1467;1466;1.175
1469;1468;1.608
1471;1470;1.070
1473;1472;30.205
1474;1473;11.115
1475;1474;26.515
1476;1475;21.522
1477;1476;12.867
1478;1477;28.029
1479;1478;2.979
1480;1479;2.411
1481;1480;1.046
1482;1481;13.652
1484;1483;5.189
1483;1481;1.736
1480;1485;21.418
1487;1486;3.874
1486;1483;3.315
1485;1488;3.655
1489;1485;4.918
1490;1488;2.286
1491;1490;3.296
1491;1489;2.119
1489;1492;7.546
1493;1492;1.028
1494;1490;3.847
1495;1491;2.178
1496;1486;3.409
1488;1496;11.751
1492;1497;17.061
1497;1498;1.725
1499;1496;0.888
1500;1495;8.168
1501;1495;12.667
1502;1499;1.109
1501;1499;7.888
1503;1502;14.622
1504;1503;2.419
1505;1500;6.312
1505;1497;16.117
1498;1506;11.115
1506;1507;3.693
1508;1502;2.867
1507;1509;1.407
1510;1503;11.060
1511;1501;11.111
1510;1508;10.048
1500;1512;14.551
1513;1512;5.772
1513;1505;8.098
1512;1511;5.899
1514;1508;0.815
1514;1511;8.260
1515;1509;5.795
1516;1509;7.559
1517;1513;4.160
1509;1518;6.051
1519;1517;3.140
1520;1514;2.000
1520;1521;18.572
1517;1521;3.085
1522;1518;6.739
1518;1523;4.292
1525;1524;4.989
1524;1510;9.601
1526;1522;3.529
1527;1523;3.486
1528;1522;4.617
1529;1524;5.981
1529;1530;8.284
1530;1520;2.609
1523;1531;8.642
1521;1532;7.799
1531;1532;16.005
1533;1530;1.370
1533;1534;4.534
1535;1534;3.314
1536;1533;1.119
1537;1536;3.809
1534;1537;2.579
1532;1538;5.827
1538;1539;2.115
1539;1537;9.071
1538;1540;3.493
1532;1540;8.851
1541;1536;1.657
1542;1529;13.687
1543;1539;6.303
1540;1544;8.195
1531;1544;17.015
1545;1541;2.784
1545;1543;8.916
1546;1543;14.240
1544;1546;7.011
1547;1545;3.376
1548;1547;8.798
1549;1548;12.961
1550;1549;13.520
1551;1471;4.317
1551;1550;3.704
1470;1552;11.136
1552;1553;5.771
1553;1554;4.733
1556;1555;26.578
1554;1557;91.307
1557;1558;2.040
1558;1559;1.432
1559;1556;21.458
1555;1560;35.546
1562;1561;7.900
1562;1560;2.538
1564;1563;3.460
1561;1565;16.034
1565;1566;2.532
1567;1565;3.017
1568;1561;5.926
1568;1562;1.988
1566;1569;1.699
1570;1569;8.084
1563;1571;10.924
1571;1563;6.719
1569;1572;2.882
1573;1566;8.989
1573;1568;2.648
1574;1572;3.069
1571;1575;5.045
1570;1575;6.010
1571;1576;5.744
1575;1576;7.510
1575;1577;9.180
1572;1577;6.619
1577;1578;2.525
1578;1579;0.769
1579;1573;3.821
1576;1580;9.977
1580;1575;10.141
1580;1581;6.076
1581;1578;4.623
1581;1582;1.284
1582;1583;1.666
1584;1582;3.767
1583;1585;3.302
1584;1583;7.127
1586;1585;2.127
1587;1584;7.310
1585;1588;10.878
1588;1589;1.935
1590;1588;6.815
1591;1551;107.670
1592;1591;69.143
1593;1592;34.404
1594;1593;12.141
1594;1467;1.005
1466;1595;8.530
1595;1596;16.946
1596;1597;0.464
1598;1594;62.386
1599;1598;4.519
1601;1600;0.726
1602;1601;1.345
1604;1603;5.863
1600;1603;3.617
1603;1605;0.422
1468;1602;14.869
1607;1606;12.476
1608;1606;12.178
1605;1609;1.242
1597;1610;109.834
1610;1469;3.773
1606;1611;11.026
1609;1611;0.934
1613;1612;31.267
1605;1614;9.325
1614;1601;12.089
1607;1615;3.998
1611;1616;1.331
1615;1617;5.360
1616;1618;0.636
1614;1619;3.330
1620;1606;9.085
1618;1620;0.243
1621;1609;8.705
1619;1621;1.904
1622;1615;4.907
1617;1623;8.815
1620;1623;0.870
1616;1624;9.110
1624;1621;3.355
1625;1619;5.276
1623;1626;2.127
1627;1617;6.674
1626;1628;0.410
1628;1627;0.993
1627;1629;2.246
1630;1618;8.976
1624;1630;5.640
1629;1613;9.524
1631;1626;11.540
1631;1630;1.652
1628;1629;17.560
1631;1632;5.954
1632;1633;9.648
1633;1624;15.302
1612;1634;8.592
1634;1635;10.017
1636;1635;7.600
1637;1638;5.480
1639;1637;3.469
1635;1638;9.268
1641;1640;3.829
1639;1640;1.512
1643;1642;1.227
1641;1643;14.690
1645;1644;13.613
1642;1645;2.051
1640;1646;5.519
1638;1646;5.872
1645;1647;3.699
1647;1642;4.571
1646;1648;3.042
1648;1649;1.624
1647;1650;4.313
1649;1651;7.765
1651;1652;1.259
1649;1652;4.130
1650;1651;10.518
1653;1650;5.176
1654;1648;11.210
1655;1653;1.185
1652;1656;6.820
1654;1656;16.108
1658;1657;10.581
1657;1653;10.945
1660;1659;1.111
1662;1661;40.841
1664;1663;10.162
1663;1665;2.254
1667;1666;2.365
1667;1668;21.016
1665;1667;9.286
1669;1667;7.007
1670;1669;2.704
1671;1670;3.800
1672;1670;2.045
1673;1672;6.668
1674;1672;3.594
1675;1674;2.511
1676;1675;2.092
1666;1677;24.816
1678;1677;6.929
1679;1666;18.181
1674;1679;3.962
1677;1680;4.233
1679;1680;5.569
1680;1681;2.476
1681;1682;0.976
1682;1683;0.972
1684;1683;2.958
1685;1680;5.672
1686;1685;2.671
1685;1681;15.993
1684;1687;19.926
1688;1682;13.334
1689;1684;27.579
1690;1676;11.373
1691;1683;81.146
1659;1690;37.403
1692;1660;2.113
779;1692;21.766
1694;1693;0.917
1696;1695;0.875
1694;1697;0.526
1698;1696;0.249
1695;1699;45.513
1699;1700;7.707
1701;1700;6.733
1703;1702;14.107
1704;1701;11.133
1705;1701;47.042
1702;1705;21.679
1706;1704;15.296
1705;1706;2.432
1707;1704;5.976
1708;1705;22.928
1709;1708;6.524
1709;1710;11.906
1711;1706;22.416
1711;1708;6.495
1707;1712;9.669
1712;1713;2.658
1714;1711;2.173
1715;1707;7.611
1715;1714;3.892
1716;1714;4.701
1718;1717;0.566
1720;1719;1.336
1720;1718;3.117
1721;1716;4.724
1721;1709;8.967
1718;1722;1.915
1722;1723;1.092
1713;1724;12.325
1724;1715;1.338
1725;1720;1.689
1726;1724;0.449
1727;1726;0.258
1727;1716;5.164
1728;1721;9.514
1725;1728;7.392
1729;1728;7.253
1729;1725;4.750
1730;1729;3.938
1722;1730;6.968
1731;1727;2.504
1731;1721;8.531
1732;1731;5.226
1730;1731;34.781
1733;1731;16.409
1693;1732;3.465
1697;1734;5.031
1734;1735;89.672
1737;1736;6.946
1743;1742;1.021
1744;1743;0.272
1745;1744;11.879
1747;1746;0.886
1750;1749;75.278
1751;1750;5.953
1752;1745;13.313
1753;1752;0.661
1742;1754;0.770
1755;1753;0.385
1757;1756;8.930
1757;1758;7.088
1759;1757;4.540
1761;1760;2.830
1762;1760;3.778
1763;1762;13.360
1760;1764;4.659
1765;1751;19.107
1754;1765;3.752
1764;1759;6.529
1748;1766;47.990
1759;1767;7.346
1766;1767;2.680
1769;1768;2.827
1765;1770;10.089
1771;1766;5.564
1772;1771;2.964
1768;1772;7.452
1773;1764;9.892
1767;1773;2.359
1774;1765;10.498
1775;1774;1.947
1777;1776;5.054
1771;1776;6.522
1778;1773;1.099
1779;1768;7.924
1774;1780;4.685
1770;1781;9.062
1782;1772;9.394
1784;1783;10.078
1770;1784;11.248
1785;1782;2.565
1781;1786;3.174
1780;1786;5.138
1780;1787;6.885
1776;1788;6.660
1788;1789;4.272
1789;1778;9.870
1790;1755;12.889
1762;1790;18.285
1791;1784;3.364
1781;1791;8.329
1792;1790;0.406
1792;1793;1.187
1786;1794;5.123
1789;1795;3.556
1796;1787;6.407
1793;1797;0.903
1797;1778;5.451
1798;1791;5.878
1799;1794;3.425
1787;1799;8.719
1794;1798;6.058
1800;1799;3.806
1788;1801;6.988
1782;1801;17.364
1802;1796;5.967
1804;1803;9.832
1797;1805;4.981
1806;1797;4.067
1796;1807;7.438
1808;1800;4.897
1809;1804;3.468
1793;1809;14.993
1810;1806;4.010
1801;1811;6.955
1812;1800;7.851
1813;1806;6.258
1813;1814;5.405
1815;1813;3.081
1816;1811;8.931
1811;1817;7.416
1818;1817;2.331
1819;1809;13.811
1819;1815;6.981
1820;1819;6.436
1817;1821;13.245
1815;1822;14.163
1821;1822;3.132
1822;1823;3.835
1825;1824;6.255
1825;1820;7.343
1826;1819;10.585
1823;1826;1.476
1827;1820;6.974
1821;1828;5.405
1829;1825;6.162
1826;1830;10.216
1830;1831;9.776
1823;1832;17.182
1834;1833;22.167
1833;1835;6.167
1835;1737;32.571
1736;1738;1.471
1837;1836;4.313
1839;1838;2.350
1838;1836;3.476
1840;1837;5.448
1738;1841;9.437
1843;1842;3.399
1843;1838;3.449
1836;1844;4.485
1844;1840;5.800
1840;1845;3.668
1840;1846;7.675
1846;1847;5.048
1846;1848;1.143
1849;1843;5.996
1847;1850;7.034
1850;1851;7.220
1848;1852;3.686
1853;1850;0.792
1852;1853;3.801
1849;1854;1.861
1855;1849;1.152
1856;1844;6.633
1848;1857;6.871
1857;1852;6.269
1852;1858;3.783
1859;1855;4.589
1856;1859;6.253
1860;1851;14.031
1858;1861;2.416
1853;1861;5.798
1862;1740;7.778
1851;1863;6.959
1863;1860;3.095
1841;1864;3.993
1858;1865;5.292
1862;1866;10.254
1855;1867;7.202
1859;1867;5.715
1868;1856;6.967
1868;1857;8.113
1861;1869;7.356
1863;1869;6.526
1871;1870;5.107
1867;1870;5.375
1873;1872;2.769
1866;1872;3.858
1874;1868;5.863
1867;1875;5.641
1875;1874;6.444
1869;1876;2.782
1876;1877;2.143
1878;1868;13.800
1874;1879;2.857
1880;1878;3.580
1881;1880;5.972
1870;1882;4.950
1882;1875;8.728
1884;1883;5.447
1872;1883;2.266
1876;1880;8.544
1882;1885;2.431
1887;1886;8.671
1885;1887;6.430
1878;1888;4.734
1860;1889;17.125
1864;1889;7.152
1883;1890;1.890
1879;1891;9.875
1889;1892;0.754
1893;1877;8.046
1891;1894;1.117
1894;1888;5.394
1895;1891;1.504
1887;1896;3.116
1877;1897;10.968
1892;1897;0.285
1898;1895;4.094
1899;1879;7.637
1899;1898;4.492
1900;1899;4.349
1885;1900;11.710
1888;1901;5.255
1901;1893;7.497
1894;1902;3.561
1890;1903;3.706
1903;1892;9.825
1898;1904;5.487
1903;1905;2.150
1895;1906;8.995
1900;1907;9.166
1908;1905;6.056
1893;1909;11.319
1897;1909;5.598
1901;1910;11.273
1909;1910;0.625
1910;1911;2.206
1905;1912;16.379
1912;1913;1.929
1914;1862;21.544
1915;1911;17.094
1916;1915;19.987
1917;1914;73.555
1918;1916;41.237
1919;1918;53.506
1920;1919;4.720
1921;1917;81.679
1746;1921;3.790
1922;1747;9.981
1923;1921;5.771
1924;1922;6.129
1925;1924;5.227
1927;1926;1.036
1928;1925;7.412
1930;1929;2.525
1931;1928;1.197
1932;1926;7.933
1926;1933;10.291
1929;1933;3.784
1929;1934;6.129
1934;1935;2.246
1933;1936;3.351
1934;1937;2.999
1936;1938;3.665
1939;1931;11.876
1940;1932;9.628
1936;1940;4.679
1941;1939;4.566
1940;1941;2.108
1931;1942;10.193
1939;1942;11.213
1943;1941;3.619
1938;1943;5.551
1942;1944;2.481
1945;1943;3.928
1944;1946;7.978
1948;1947;2.805
1938;1949;9.208
1949;1945;6.836
1935;1950;15.337
1950;1947;3.379
1947;1951;4.052
1944;1952;3.439
1953;1951;1.589
1954;1953;3.452
1952;1955;10.598
1956;1949;6.606
1956;1950;4.461
1953;1957;1.776
1958;1956;3.358
1959;1958;2.651
1951;1959;6.201
1952;1960;6.781
1958;1961;5.348
1945;1962;11.165
1960;1963;2.803
1963;1964;0.779
1960;1965;14.627
1962;1965;2.614
1966;1959;8.563
1967;1966;12.017
1968;1964;7.238
1969;1968;8.425
1965;1969;3.610
1964;1970;8.361
1971;1966;5.756
1970;1972;3.483
1968;1972;5.391
1973;1971;1.593
1970;1974;1.995
1976;1975;7.738
1963;1975;17.747
1969;1977;5.898
1978;1977;2.318
1975;1979;4.878
1962;1980;27.235
1980;1971;7.862
1979;1981;2.839
1975;1982;5.890
1981;1982;5.318
1979;1983;7.045
1972;1983;8.592
1977;1984;5.767
1983;1985;0.649
1986;1980;2.986
1987;1986;0.785
1981;1988;4.070
1985;1989;3.390
1990;1985;11.227
1984;1990;3.837
1982;1991;5.431
1990;1992;2.718
1993;1986;8.369
1995;1994;1.762
1992;1995;2.606
1984;1996;13.919
1992;1997;2.794
1996;1997;10.590
1996;1998;3.710
1987;1998;11.409
1998;1999;9.172
1999;2000;4.641
2000;1987;14.385
2000;2001;4.707
2002;1999;8.904
2003;1923;64.008
2004;2003;36.141
2006;2005;0.881
2008;2007;0.876
2010;2009;1.052
2012;2011;0.964
2014;2013;0.859
2016;2015;1.043
2015;2017;14.367
2018;2016;0.420
2020;2019;17.495
2021;2020;9.225
2007;2021;8.032
2023;2022;3.233
2025;2024;8.622
2024;2026;5.089
2027;2025;30.495
2022;2027;2.912
2028;2022;7.396
2028;2008;2.196
2024;2029;8.642
2027;2029;10.470
2030;2027;10.996
2030;2028;1.558
2029;2031;12.895
2031;2030;1.723
2032;2018;46.451
2033;2031;15.190
2034;2032;11.879
2035;2033;23.576
2036;2035;33.697
2037;2034;51.988
2038;2036;36.849
2039;2038;13.009
2009;2039;0.332
2040;2012;2.549
2042;2041;5.349
2011;2010;29.701
2041;2043;10.548
2041;2044;10.482
2043;2044;3.777
2046;2045;10.110
2044;2046;3.429
2047;2040;12.451
2047;2048;4.873
2043;2049;9.458
2048;2049;2.908
2049;2050;1.285
2052;2051;5.675
2053;2048;6.372
2050;2054;1.336
2055;2051;3.629
2046;2055;12.575
2056;2055;4.624
2054;2056;2.865
2057;2037;19.460
2051;2058;5.790
2056;2058;2.518
2059;2050;9.171
2060;2053;6.237
2061;2059;1.703
2053;2061;7.369
2054;2062;5.744
2058;2063;3.022
2064;2056;8.302
2062;2064;2.374
2065;2060;5.339
2047;2065;16.537
2066;2061;6.736
2066;2060;5.488
2065;2067;2.671
2067;2066;7.861
2068;2066;4.625
2063;2006;3.479
2069;2062;13.510
2070;2064;9.628
2069;2070;3.884
2070;2063;26.140
2071;2068;3.198
2072;2069;5.242
2072;2059;16.564
2072;2068;5.080
2073;2057;4.864
2005;2073;0.394
2072;2074;3.759
2067;2075;8.478
2076;2074;3.752
2075;2071;10.998
2074;2077;2.687
2071;2077;4.605
2075;2078;4.629
2078;2067;28.079
2077;2079;10.220
2078;2079;7.100
2080;2073;12.916
2081;2080;2.030
2079;2081;11.798
2082;2073;11.931
2083;2081;8.502
2084;2082;27.318
2085;2084;1.584
2086;2083;51.313
2087;2085;19.063
2088;2087;5.562
2089;2086;13.189
2090;2089;4.823
2013;2088;16.651
2091;2090;21.747
2092;2014;10.530
2094;2093;0.840
2095;2004;72.670
2096;2095;4.253
2098;2097;2.492
2099;2096;4.851
2097;2100;6.808
2100;2097;10.697
2100;2101;2.751
2103;2102;2.770
2102;2097;6.280
2101;2104;1.589
2105;2104;2.073
2102;2101;8.257
2107;2106;2.933
2109;2108;4.501
2099;2108;7.693
2110;2106;2.164
2111;2108;0.650
2104;2112;7.519
2113;2112;20.479
2106;2114;5.589
2115;2112;7.430
2115;2114;2.960
2116;2111;2.446
2117;2111;5.088
2118;2116;5.417
2114;2119;6.614
2109;2120;15.486
2120;2118;1.663
2119;2120;4.531
2121;2115;2.794
2122;2121;7.278
2119;2122;3.889
2123;2122;1.039
2124;2112;10.431
2125;2123;7.975
2118;2125;5.705
2124;2126;5.688
2126;2121;6.727
2127;2125;2.361
2127;2116;8.007
2126;2128;3.504
2129;2124;4.437
2130;2123;5.197
2131;2129;5.697
2132;2127;5.816
2133;2130;8.237
2133;2132;2.312
2134;2132;4.946
2135;2129;6.686
2136;2135;18.382
2136;2130;10.476
2137;2136;4.587
2137;2133;7.884
2138;2137;9.315
2139;2138;2.350
2140;2135;22.499
2141;2140;1.282
2142;2141;9.147
2143;2142;4.158
2144;2138;19.757
2145;2139;19.648
2141;2146;12.433
2147;2144;6.541
2145;2144;10.604
2146;2148;6.931
2142;2148;8.799
2148;2147;6.237
2149;2147;2.648
2150;2145;5.828
2151;2150;5.252
2152;2099;24.846
2153;2148;9.068
2154;2153;4.996
2155;2153;1.321
2156;2150;8.433
2093;2152;16.126
2157;2094;7.316
2158;2157;7.768
2160;2159;0.304
2162;2161;1.073
2164;2163;1.170
2165;1599;15.851
2167;2166;82.073
2168;2165;3.910
2169;2167;2.221
2170;2169;0.659
2171;2168;6.027
2172;2170;6.701
2173;2172;2.495
2174;2173;8.521
2175;2171;20.271
2176;2175;3.339
2178;2174;6.952
2180;2178;1.301
2180;2181;0.701
2182;2181;1.215
2183;2182;2.846
2184;2183;2.268
2185;2184;14.762
2186;2185;45.003
2190;2189;4.601
2189;2191;4.846
2194;2195;1.436
2195;2162;4.452
2161;2197;4.794
2197;2198;10.172
2200;2199;6.082
2199;2201;14.955
2198;2202;10.625
2203;2201;5.093
2204;2199;26.416
2204;2203;3.436
2201;2205;4.572
2206;2205;8.016
2205;2207;6.845
2208;2207;3.068
2202;2209;1.183
2209;2204;3.433
2207;2210;7.264
2211;2203;8.202
2210;2211;5.675
2213;2212;21.444
2211;2214;1.694
2215;2212;5.373
2209;2216;2.639
2216;2214;5.549
2218;2217;3.817
2217;2215;2.283
2220;2219;1.186
2221;2217;3.923
2223;2222;4.274
2222;2221;2.041
2216;2224;0.585
2226;2225;8.684
2227;2225;6.052
2228;2222;2.457
2219;2229;5.831
2225;2229;1.881
2230;2219;6.329
2229;2231;1.438
2231;2228;9.934
2233;2232;2.666
2233;2210;11.666
2214;2234;11.121
2233;2234;2.114
2235;2233;2.846
2212;2236;12.267
2237;2224;12.792
2234;2237;3.421
2239;2238;2.072
2238;2240;5.106
2240;2231;7.372
2241;2228;11.566
2242;2238;16.258
2242;2243;3.057
2244;2215;17.530
2245;2244;1.742
2224;2245;6.053
2246;2241;5.507
2244;2246;2.257
2242;2247;3.306
2247;2240;9.342
2248;2241;9.045
2249;2248;1.526
2250;2240;7.570
2249;2250;9.008
2251;2249;1.181
2252;2250;4.853
2253;2248;6.717
2253;2246;5.872
2254;2237;13.403
2255;2254;0.768
2256;2255;9.471
2247;2257;5.381
2257;2252;4.012
2258;2251;3.802
2259;2257;4.159
2258;2251;12.995
2260;2250;8.710
2253;2261;5.468
2245;2261;4.088
2254;2262;14.762
2262;2261;9.351
2261;2263;1.193
2265;2264;9.495
2266;2258;5.512
2264;2255;35.601
2267;2266;0.699
2263;2267;0.727
2263;2268;3.163
2252;2269;11.714
2266;2269;15.993
2267;2270;3.455
2271;2268;5.624
2270;2272;0.458
2272;2273;0.332
2269;2274;6.232
2270;2274;4.779
2274;2275;1.593
2273;2275;0.896
2269;2276;13.029
2277;2276;13.238
2278;2273;7.740
2268;2278;12.849
2276;2279;6.409
2274;2279;13.335
2279;2280;1.280
2275;2280;5.028
2276;2281;12.191
2282;2281;6.064
2278;2283;8.872
2285;2284;3.153
2281;2286;7.915
2281;2287;6.347
2279;2287;11.854
2283;2288;3.836
2287;2289;1.137
2280;2289;4.420
2283;2290;4.242
2284;2290;5.437
2288;2291;4.772
2292;2284;6.542
2293;2288;3.990
2290;2294;3.761
2291;2295;5.262
2295;2291;8.563
2296;2294;4.926
2287;2297;15.440
2298;2296;4.139
2295;2299;4.923
2294;2300;11.360
2301;2300;4.751
2302;2301;3.745
2299;2303;6.245
2303;2296;16.347
2304;2302;1.304
2305;2304;2.888
2306;2304;1.049
2307;2306;2.066
2308;2307;3.875
2309;2307;7.321
2303;2310;5.049
2311;2310;4.124
2312;2302;3.773
2301;2313;6.156
2289;2314;13.705
2315;2306;6.942
2315;2316;4.191
2317;2315;5.008
2310;2318;16.473
2300;2318;12.162
2320;2319;3.033
2319;2317;2.744
2318;2319;5.637
2317;2321;9.953
2321;2322;1.539
2323;2321;4.106
2324;2323;3.022
2319;2323;14.684
2314;2325;4.104
2325;2326;6.000
2326;2327;6.973
2196;2160;63.006
2327;2164;29.862
2159;2328;16.812
2163;2329;19.357
2328;2331;3.405
2331;2334;5.385
2334;2335;29.538
2337;2336;4.015
2338;2337;0.463
2339;2338;0.872
2341;2340;11.331
2343;2341;1.609
2345;2343;0.974
2346;2345;3.062
2348;2347;30.780
2350;2349;38.230
2349;2348;20.623
2351;2346;24.725
2352;2351;8.921
2353;2352;18.717
2355;2354;2.236
2354;2356;1.005
2358;2357;9.106
2360;2359;0.976
2362;2361;10.348
2364;2363;7.795
2366;2365;0.931
2368;2367;1.634
2370;2369;4.661
2372;2371;3.333
2374;2373;4.113
2376;2375;0.251
2378;2377;1.275
2380;2379;3.945
2382;2381;0.620
2384;2383;2.169
2386;2385;0.954
2388;2387;0.963
2390;2389;0.624
2392;2391;0.656
2394;2393;0.398
2396;2395;1.627
2398;2397;0.881
2400;2399;1.468
2402;2401;0.916
2404;2403;1.071
2408;2407;6.069
2409;2408;41.722
2407;2368;5.068
2410;2407;118.468
2411;2408;19.861
2091;2412;0.510
2412;2413;66.197
2413;2414;31.272
2414;2415;32.332
2415;2416;6.516
2417;2416;4.636
2418;2417;0.666
2419;543;5.060
2418;2420;9.000
2422;2421;10.212
2420;2422;2.261
2423;2422;12.359
2424;2423;9.412
2424;2420;7.471
2426;2425;10.120
2425;2423;4.842
2425;2427;3.218
2427;2428;5.889
2428;2424;6.596
2429;2428;0.986
2430;2429;5.255
2430;2418;7.072
2431;2430;6.865
2433;2432;11.059
2433;2427;5.811
2434;2419;13.272
2435;2429;9.221
2435;2430;2.950
2436;2433;7.358
2436;2435;11.263
2437;2435;1.583
2438;2436;8.173
2439;2436;16.540
2440;2438;7.129
2440;2437;2.228
2441;2437;7.771
2442;2438;8.878
2443;2441;7.158
2444;2438;10.414
2444;2445;5.795
2445;2440;3.977
2446;2444;15.153
2446;2447;6.804
2448;2447;2.996
2449;2445;3.195
2447;2450;6.619
2450;2445;10.980
2451;2449;3.229
2451;2443;17.770
2452;2450;6.039
2452;2453;3.805
2453;2454;3.915
2454;2449;7.537
2455;2451;3.980
2457;2456;21.845
2425;2456;66.311
2455;2458;3.517
2458;2394;0.298
2459;2456;3.358
2459;2446;16.517
2460;2453;8.380
2460;2454;6.783
2461;2434;40.779
2393;2396;3.153
2462;2452;17.193
2463;2460;9.978
2463;2464;9.097
2395;2465;0.677
2466;2463;3.190
2467;2459;14.027
2467;2462;12.189
2465;2468;1.097
2468;2461;29.554
2470;2466;3.592
2471;2451;27.575
2471;2466;12.427
2473;2471;3.344
2474;2462;17.058
2475;2474;10.329
2470;2474;9.761
2474;2476;1.788
2477;2473;6.621
2478;2470;10.622
2478;2477;4.119
2476;2478;6.487
2479;2467;14.202
2476;2480;4.545
2481;2479;2.670
2482;2478;2.877
2480;2481;13.646
2483;2480;3.608
2477;2482;18.537
2483;2482;13.079
2479;2484;10.570
2485;2481;16.190
2485;2483;6.738
2485;2473;35.533
2484;2486;15.010
2487;2485;20.581
2488;2484;31.092
2401;2486;18.186
2489;2402;9.547
2385;2472;41.296
2490;2489;30.021
2491;546;28.157
2492;2490;34.472
2493;2491;7.037
2494;2386;39.888
2497;2496;7.857
2497;2492;39.975
2498;2493;34.324
2500;2499;3.187
2501;2499;6.303
2502;2500;11.225
2500;2503;3.198
2503;2502;10.597
2504;2499;9.393
2504;2501;22.200
2503;2505;8.380
2505;2506;4.800
2506;2504;2.319
2387;2494;23.426
2507;2506;0.849
2508;2507;2.629
2505;2502;25.243
2509;2507;7.633
2509;2510;14.476
2512;2511;8.738
2511;2509;7.377
2513;2497;35.046
2514;2511;2.051
2515;2514;10.495
2516;2514;16.002
2517;2513;11.716
2518;2515;13.103
2519;2518;36.236
2520;2517;18.566
2521;2515;24.083
2522;2521;3.640
2523;2518;13.605
2521;2523;3.379
2524;2498;18.178
2525;2523;7.417
2525;2521;7.567
2527;2526;13.654
2523;2528;11.293
2529;2518;16.042
2528;2529;4.325
2530;2529;4.780
2526;2531;5.801
2532;2525;31.808
2534;2533;1.756
2533;2529;6.895
2536;2535;4.430
2537;2533;2.058
2537;2528;17.967
2538;2526;12.427
2539;2535;7.526
2540;2495;86.592
2541;2540;0.729
2542;2539;8.280
2531;2542;11.928
2543;2542;3.768
2543;2538;5.749
2538;2544;18.307
2535;2545;5.620
2539;2545;6.084
2546;2544;7.438
2547;2543;2.947
2548;2537;9.171
2549;2547;6.174
2551;2550;3.630
2542;2550;8.600
2552;2549;5.338
2550;2553;2.172
2553;2549;7.016
2554;2548;6.130
2545;2555;10.416
2553;2555;2.936
2556;2553;5.703
2557;2547;8.991
2557;2538;17.521
2556;2557;9.314
2555;2558;24.551
2559;2541;7.934
2544;2560;11.711
2561;2560;6.117
2562;2557;4.074
2563;2553;6.731
2564;2548;13.466
2565;2563;10.027
2562;2565;8.411
2566;2532;34.894
2567;2565;1.362
2568;2562;6.031
2569;2568;4.619
2570;2567;7.370
2571;2563;8.193
2573;2572;7.632
2571;2573;7.668
2560;2574;12.685
2575;2574;19.932
2576;2571;4.426
2576;2567;8.662
2577;2566;26.610
2573;2577;4.829
2578;2570;4.939
2578;2568;5.598
2579;2520;23.059
2574;2580;3.155
2581;2580;14.747
2582;2578;2.799
2583;2578;12.005
2584;2571;5.625
2584;2577;14.058
2585;2576;10.497
2585;2570;8.070
2580;2586;4.906
2586;2559;13.293
2588;2587;3.252
2588;2584;3.233
2589;2585;3.554
2590;2582;10.915
2590;2586;1.854
2591;2589;4.961
2591;2582;7.439
2592;2591;2.168
2592;2590;3.871
2593;2586;20.881
2589;2594;11.383
2594;2592;4.222
2595;2594;3.681
2576;2596;17.364
2596;2595;0.818
2597;2524;15.498
2598;2588;13.190
2598;2596;2.946
2599;2590;11.108
2600;2388;28.935
2601;2595;9.219
2602;2594;14.305
2604;2597;2.492
2605;2598;13.811
2606;2564;10.413
2607;2604;1.770
2598;2608;20.465
2609;2606;0.915
2609;2605;4.746
2610;2607;4.442
2611;2609;21.006
2612;2610;7.283
2614;2613;4.750
2615;2611;15.593
2616;2615;8.770
2617;2579;23.186
2618;2612;6.151
2383;2617;2.809
2614;2619;28.236
2620;2619;5.011
2621;2620;7.940
2621;2614;29.428
2622;2621;4.945
2620;2623;6.249
2622;2623;9.623
2625;2624;16.923
2626;2624;20.984
2627;2622;2.208
2624;2627;6.845
2628;2616;32.853
2629;2618;11.199
2619;2630;13.631
2631;2627;4.553
2632;2630;7.905
2623;2632;6.083
2633;2631;3.610
2632;2634;2.805
2634;2633;5.291
2630;2629;8.309
2635;2628;7.247
2636;2384;5.741
2637;2631;6.374
2637;2638;8.978
2638;2624;13.582
2639;2638;28.157
2633;2640;8.374
2641;2640;4.279
2641;2637;2.178
2642;2634;8.434
2640;2642;5.248
2632;2643;8.647
2642;2643;2.721
2644;2630;10.175
2643;2644;8.474
2645;2641;4.242
2644;2646;3.980
2638;2647;9.237
2643;2648;6.184
2648;2640;9.869
2649;2635;7.423
2646;2651;11.092
2651;2648;3.299
2651;2645;14.199
2652;2645;5.045
2653;2646;6.067
2654;2652;4.149
2654;2652;10.335
2655;2653;4.101
2655;2651;5.686
2657;2656;4.334
2657;2653;7.599
2657;2658;3.668
2658;2655;5.658
2659;2636;3.837
2659;2629;9.174
2660;2638;16.776
2403;2639;20.486
2661;2654;3.725
2661;2660;3.506
2658;2663;4.660
2666;2660;9.971
2664;2404;11.583
2667;2661;5.114
2668;2657;7.846
2669;2668;6.985
2670;2669;3.539
2671;2670;2.108
2671;2655;10.056
2667;2671;13.404
2672;2657;12.508
2671;2675;5.124
2676;2668;6.386
2669;2677;6.615
2670;2677;6.758
2677;2675;4.775
2678;2676;5.860
2678;2677;3.480
2675;2679;2.877
2680;2679;10.855
2680;2667;9.579
2681;2659;6.417
2681;2672;9.546
2683;2682;15.188
2682;2680;5.601
2679;2685;1.719
2685;2678;18.362
2687;2682;5.112
2688;2672;13.400
2689;2676;9.315
2690;2687;5.852
2691;2687;2.377
2685;2692;6.184
2692;2680;11.795
2693;2681;3.510
2695;2692;9.676
2693;2696;4.538
2697;2694;19.240
2696;2698;8.184
2699;2697;8.825
2700;2699;3.125
2703;2700;6.713
2704;2703;7.314
2705;2704;28.131
2375;2705;9.113
2706;2376;1.983
2707;2706;46.550
2708;2707;1.389
2710;2709;7.567
2712;2711;2.412
2711;2710;5.342
2713;2712;5.030
2715;2714;45.427
2716;2713;3.118
2716;2712;3.417
2718;2717;8.566
2719;2716;8.672
2719;2711;7.034
2710;2719;14.027
2717;2719;4.093
2721;2720;6.878
2720;2708;6.706
2359;2720;0.373
2722;2719;1.777
2723;2722;4.093
2717;2723;2.933
2724;2713;6.310
2724;2722;11.605
2725;2723;2.807
2726;2725;18.495
2728;2727;3.862
2730;2729;4.100
2727;2731;1.352
2732;2730;6.702
2732;2360;0.791
2733;2724;4.967
2715;2734;5.873
2733;2735;7.065
2735;2736;2.089
2736;2722;9.539
2722;2737;9.443
2736;2737;6.630
2734;2738;1.400
2738;2733;3.396
2740;2739;4.858
2727;2740;9.900
2731;2741;7.280
2741;2730;8.409
2737;2742;2.558
2742;2725;8.302
2742;2743;4.112
2743;2366;0.744
2738;2744;2.810
2735;2744;6.687
2745;2740;9.374
2745;2741;5.527
2365;2746;0.806
2744;2743;6.056
2747;2746;7.155
2749;2748;10.125
2750;2749;2.579
2751;2749;3.449
2752;2750;7.308
2745;2752;7.126
2753;2745;11.137
2754;2752;1.902
2753;2754;7.111
2755;2753;0.767
2756;2747;3.316
2757;2755;3.101
2757;2732;7.218
2758;2757;3.434
2759;2758;7.354
2759;2760;5.739
2761;2751;3.906
2762;2757;1.118
2762;2763;1.566
2764;2762;1.659
2764;2758;5.056
2765;2755;4.343
2763;2765;1.349
2766;2763;2.468
2766;2762;0.637
2767;2759;5.621
2768;2754;6.889
2765;2768;7.343
2769;2750;12.111
2768;2769;5.825
2770;2766;0.973
2770;2764;4.141
2771;2764;9.316
2767;2771;5.171
2772;2767;7.556
2773;2770;6.175
2771;2773;4.810
2774;2769;7.145
2775;2772;13.041
2776;2751;23.206
2777;2775;11.560
2779;2778;10.629
2778;2770;3.826
2772;2780;11.587
2780;2781;5.055
2775;2780;15.095
2782;2773;12.075
2783;2778;1.597
2782;2783;6.065
2781;2782;6.763
2784;2781;2.700
2785;2783;2.845
2786;2756;55.229
2787;2786;18.747
2785;2788;76.545
2789;2787;26.824
2790;2789;4.054
2792;2791;8.375
2793;2791;4.806
2791;2794;4.594
2794;2790;5.849
2796;2795;5.511
2389;2790;2.406
2797;2796;4.517
2797;2798;1.613
2799;2796;15.026
2798;2800;11.206
2800;2794;5.399
2801;2797;5.440
2800;2802;5.715
2803;2798;6.980
2803;2800;2.331
2804;2803;2.703
2806;2805;6.249
2805;2804;2.948
2807;2805;2.714
2808;2799;18.281
2808;2807;9.025
2809;2808;2.120
2804;2810;10.287
2811;2810;3.419
2810;2812;1.718
2812;2800;22.351
2813;2809;6.556
2814;2813;10.604
2813;2815;3.133
2815;2809;7.265
2815;2807;6.430
2812;2816;5.071
2817;2816;2.546
2818;2817;9.094
2819;2813;6.203
2820;2817;3.999
2816;2821;12.975
2822;2390;10.155
2823;2818;10.978
2825;2824;4.348
2824;2818;9.781
2827;2826;1.149
2826;2824;5.489
2828;2815;7.391
2829;2826;11.933
2788;2830;35.994
2828;2831;11.040
2830;2392;9.482
2391;2833;3.671
2834;2822;18.352
2833;2834;0.254
2831;2835;6.854
2837;2836;5.353
2836;2838;7.934
2835;2838;21.986
2837;2839;7.624
2837;2840;8.608
2838;2840;10.182
2841;2839;8.364
2841;2842;7.967
2840;2843;9.867
2844;2841;6.770
2841;2845;5.208
2845;2843;6.243
2846;2843;2.741
2847;2845;1.772
2848;2845;5.649
2846;2849;6.174
2849;2835;15.215
2850;2846;13.635
2850;2851;5.932
2851;2849;5.925
2852;2850;12.962
2852;2851;4.929
2853;2852;3.318
2855;2854;8.252
2853;2382;8.400
2854;2856;11.042
2854;2857;11.977
2859;2858;5.162
2858;2860;16.287
2858;2857;3.340
2862;2861;6.727
2863;2856;3.765
2861;2864;5.394
2856;2864;3.937
2864;2865;6.250
2861;2866;7.432
2865;2866;1.768
2868;2867;9.202
2867;2866;17.574
2857;2869;14.442
2869;2858;17.401
2865;2870;16.747
2870;2871;5.545
2869;2871;3.469
2871;2872;5.513
2830;2873;24.346
2875;2874;3.797
2871;2876;4.898
2874;2876;7.866
2877;2874;3.515
2832;2878;63.768
2381;2879;8.891
2881;2880;4.265
2876;2881;10.325
2882;2881;2.189
2883;2881;3.331
2884;2883;2.210
2885;2884;1.871
2886;2885;1.048
2878;2886;11.727
2880;2887;17.927
2879;1132;28.180
2887;2888;23.671
2888;2889;11.160
2891;2890;10.678
2890;2892;14.914
2894;2893;8.218
2895;2893;12.862
2896;2890;19.746
2896;2897;10.196
2893;2897;7.796
2898;2896;8.594
2897;2899;7.809
2898;2899;10.788
2890;2900;28.721
2900;2901;30.795
2901;2898;6.911
2902;2901;11.227
2899;2902;6.285
2900;2903;12.194
2901;2904;3.610
2905;2904;4.181
2902;2905;8.443
2906;2903;13.837
2357;2906;4.724
2410;2907;9.050
2903;2908;20.711
2909;2908;13.848
2904;2909;12.031
2910;2909;4.807
2911;2910;4.168
2911;2905;7.973
2911;2912;6.530
2912;2907;9.039
2913;2907;8.415
2913;2410;11.725
2915;2914;12.362
2361;2914;10.760
2906;2361;5.149
2916;2913;2.427
2912;2917;16.875
2917;2913;3.386
2912;2918;5.294
2919;2908;20.988
2910;2919;7.469
2918;2919;7.472
2917;2920;7.871
2920;2921;5.061
2918;2922;14.959
2922;2920;7.544
2921;2923;3.764
2924;2921;1.308
2923;2925;16.853
2920;2926;2.845
2889;2927;92.087
2923;2928;1.870
2914;2929;19.557
2926;2922;16.320
2930;2362;17.284
2930;2931;7.912
2926;2932;16.317
2931;2933;13.238
2935;2934;10.390
2936;2906;25.532
2937;2936;7.344
2938;2937;8.452
2934;2929;18.461
2932;2939;11.419
2940;2937;3.413
2932;2940;11.226
2939;2941;5.241
2933;2942;39.743
2358;2943;78.426
2931;2358;16.828
2873;2935;65.067
2367;2944;3.964
2945;2930;65.080
2947;2944;4.013
2945;2948;2.473
2927;2947;60.070
2950;2949;26.740
2951;2949;38.737
2952;2940;11.844
2952;2939;24.804
2953;2952;5.598
2954;2952;2.439
2949;2955;10.533
2363;2954;5.310
2955;2956;8.795
2946;2364;42.722
2956;2957;5.739
2959;2958;27.461
2956;2959;6.749
2356;2954;1.871
2944;2355;16.104
2961;2960;8.799
2364;2960;6.705
2963;2962;21.754
2957;2964;18.373
2960;2933;117.536
2965;2962;7.263
2948;2965;16.879
2960;2966;9.689
2960;2967;15.483
2968;2963;34.766
2964;2969;21.089
2970;2968;89.263
2971;2970;1.261
2964;2972;53.271
2972;2971;16.148
2969;2973;5.574
2974;2355;17.228
2976;2975;9.106
2975;2977;11.700
2973;2977;14.312
2977;2978;2.772
2978;2979;4.812
2980;2978;2.270
2968;2981;37.008
2973;2982;23.085
2982;2983;4.792
2983;2984;5.268
2972;2984;24.253
2984;2985;13.038
2975;2986;14.640
2977;2986;6.783
2986;2982;12.165
2987;2986;8.208
2987;2983;13.812
2988;2984;9.677
2989;2987;2.067
2990;2986;11.881
2981;2991;14.676
2992;2989;10.527
2993;2990;5.195
2992;2990;7.660
2992;2994;7.271
2994;2989;10.743
2995;2994;8.496
2958;2996;71.355
2996;2997;10.510
2369;2974;37.373
2997;2998;91.547
2377;2370;9.718
2998;2999;15.156
2371;2378;2.573
2999;1176;21.316
2379;2372;1.811
3000;2380;0.337
2373;3000;2.099
1178;223;1.385
1177;3001;19.565
3001;1179;6.975
3002;2374;2.946
3003;3002;7.207
3005;3004;9.743
2399;3003;0.724
2397;2400;7.675
3006;3005;61.545
3007;3003;3.668
3008;2398;12.266
3009;3008;41.602
3010;3007;32.049
3004;3009;169.990
3011;3010;91.049
3013;3012;1.052
3015;3014;1.755
3017;3016;2.473
3019;3018;28.604
3021;3020;21.854
3021;3019;7.000
3022;3021;7.289
3023;3019;11.415
3024;3022;5.651
3024;3023;11.751
3026;3025;39.260
3026;3027;5.000
3028;3026;2.507
3029;3025;18.060
3029;3027;5.016
3022;3030;13.621
3027;3028;5.277
3030;3015;1.720
3028;3031;3.366
3031;3014;6.029
3032;3031;2.013
3033;3024;10.552
3034;3029;5.085
3032;3034;4.991
3035;3033;5.474
3036;3033;5.714
3036;3023;4.989
3030;3037;5.809
3037;3035;4.500
3038;3032;4.898
3034;3039;11.262
3012;3036;4.808
3037;3035;25.960
3038;3039;23.665
3040;3013;0.354
3041;3040;4.323
3016;3038;20.892
3042;3017;4.076
3042;3040;32.250
3043;3042;7.754
3044;3043;4.161
3045;3041;14.258
3046;3045;13.563
126;3046;71.962
3048;3047;26.017
3048;9;5.765
3049;3048;3.883
3050;3049;1.562
3052;3051;12.117
3053;3051;10.802
1920;3054;14.628
3055;3054;2.053
3053;3055;30.331
3057;3056;74.895
3057;3052;23.672
3059;3058;2.271
3061;3060;4.613
3058;3060;6.700
3062;3058;19.317
3063;3062;9.023
3065;3064;9.890
3066;3065;5.601
3060;3066;7.264
3065;3067;3.081
3068;3066;10.267
3069;3062;8.245
3071;3070;6.078
3067;3070;6.172
3072;3068;6.612
3069;3072;9.269
3073;3069;1.073
3070;3074;1.640
3075;3067;6.299
3076;3073;11.490
3074;3075;7.910
3077;3076;5.950
3078;3077;5.808
3079;3074;4.105
3080;3073;2.882
3075;3081;8.700
3081;3068;8.178
3081;3082;1.784
3083;3077;6.025
3084;3083;12.669
3085;3076;5.015
3072;3086;11.108
3086;3080;3.380
3087;3057;15.369
3088;3083;1.281
3085;3089;4.046
3089;3077;7.423
3090;3079;9.842
3080;3091;8.525
3091;3085;4.814
3092;3082;5.521
3082;3093;6.599
3095;3094;2.126
3094;3092;2.443
3086;3096;5.958
3097;3092;5.675
3093;3097;1.944
3098;3091;5.013
3089;3098;5.977
3088;3099;6.683
3100;3094;1.872
3093;3101;4.975
3102;3097;1.631
3101;3103;7.582
3103;3096;4.183
3104;3099;8.245
3104;3088;10.282
3106;3105;1.830
3105;3101;3.129
3104;3107;4.832
3107;3084;14.130
3108;3098;6.032
3099;3109;6.730
3110;3103;4.659
3096;3111;11.757
3111;3108;1.545
3108;3112;3.522
3109;3112;2.185
3113;3109;2.980
3114;3107;7.149
3115;3105;18.930
3112;3116;9.446
3116;3117;3.030
3118;3114;10.335
3119;3118;5.477
3119;3114;3.677
3120;3119;4.960
3120;3114;6.962
3121;3120;1.882
3116;3111;24.269
3122;3116;5.617
3118;3122;6.020
3123;3121;5.125
3124;3122;1.690
3125;3124;3.170
3126;3124;4.588
3127;3126;5.285
3127;3121;12.380
3128;3126;2.876
3129;3087;10.812
3130;3129;9.061
3131;3130;7.685
3132;3131;45.116
3133;3132;30.465
3135;3134;38.305
3137;3136;22.340
3139;3138;0.502
3141;3140;1.620
3143;3142;3.002
3145;3144;0.917
3147;3146;0.889
3149;3148;2.125
3144;3150;9.733
3151;3145;29.342
3152;3151;8.775
3146;3152;23.733
3154;3153;6.500
3156;3155;1.844
3153;3156;19.162
3158;3157;11.441
3159;3147;23.954
3158;3160;7.006
3161;3158;9.087
3162;3161;4.458
3164;3163;5.546
3165;3163;8.497
3165;3161;10.872
3167;3166;5.112
3163;3167;3.006
3168;3165;0.832
3168;3169;23.758
3171;3170;6.798
3173;3172;12.034
3170;3172;9.915
3172;3174;3.420
3166;3174;9.976
3175;3174;2.054
3177;3176;7.856
3177;3170;5.225
3167;3178;10.572
3178;3168;12.679
3179;3177;1.425
3174;3180;9.146
3175;3181;7.466
3178;3181;1.422
3182;3179;6.649
3139;3182;0.514
3183;3154;38.636
3179;3184;5.074
3181;3185;2.520
3138;3186;3.918
3188;3187;7.466
3188;3175;12.067
3189;3188;2.008
3186;3190;1.598
3184;3191;4.768
3192;3191;7.286
3192;3189;3.437
3190;3193;0.758
3194;3189;12.367
3181;3194;15.930
3185;3195;3.690
3182;3196;9.024
3184;3196;6.800
3196;3197;1.150
3194;3198;4.043
3185;3198;8.898
3199;3195;4.213
3195;3200;2.222
3201;3197;4.626
3191;3201;7.206
3202;3192;5.995
3200;3198;13.214
3198;3203;6.983
3203;3202;12.285
3205;3204;3.525
3197;3204;5.945
3206;3203;1.951
3204;3207;5.296
3201;3207;6.411
3207;3208;4.624
3208;3209;0.686
3209;3202;10.439
3200;3210;14.529
3211;3209;3.901
3212;3208;6.771
3212;3213;2.681
3204;3214;10.452
3213;3214;2.940
3214;3215;3.947
3216;3199;10.296
3214;3217;9.652
3218;3159;20.388
3217;3219;2.651
3220;3183;14.607
3193;3220;9.880
3221;3218;4.980
3222;3221;5.153
3223;3222;14.620
3224;3222;1.465
3225;3224;10.420
3226;3224;0.381
3227;3226;3.035
3228;3227;6.521
3224;3229;10.913
3230;3227;5.258
3231;3230;1.435
3230;3231;12.460
3233;3232;7.351
3234;3231;1.496
3234;3232;7.978
3235;3232;6.550
3236;3235;11.783
3226;3237;32.718
3237;3238;5.466
3239;3234;2.926
3240;3235;10.178
3234;3241;12.689
3239;3241;3.205
3242;3239;1.263
3235;3242;13.419
3155;3243;78.311
3241;3244;2.875
3237;3245;6.637
3244;3245;6.716
3243;3246;1.143
3240;3247;11.086
3245;3248;7.112
3244;3248;8.037
3249;3242;4.788
3247;3249;3.771
3250;3216;24.847
3246;3251;5.933
3251;3141;0.904
3248;3252;3.168
3253;3240;17.976
3247;3254;9.668
3256;3255;9.593
3252;3255;7.431
3257;3253;3.134
3253;3254;11.297
3258;3249;3.160
3254;3258;5.990
3259;3258;0.640
3260;3252;9.182
3249;3260;5.913
3261;3260;0.586
3262;3257;8.165
3257;3263;8.328
3262;3263;8.443
3255;3264;10.646
3261;3264;2.245
3265;3261;5.700
3266;3265;3.766
3259;3266;13.597
3263;3267;5.884
3268;3259;4.068
3268;3267;8.013
3264;3269;4.256
3265;3269;7.279
3270;3268;0.524
3140;3271;10.791
3270;3266;19.919
3267;3272;12.462
3272;3262;11.907
3273;3272;13.581
3272;3274;2.963
3274;3271;13.493
3275;3270;2.687
3275;3276;10.021
3269;3277;12.474
3264;3278;6.909
3279;3275;2.044
3280;3279;0.800
3278;3281;9.467
3282;3279;0.835
3283;3282;0.465
3285;3284;12.509
3278;3284;9.877
3287;3286;8.554
3284;3286;3.581
3286;3288;4.791
3289;3288;4.917
3290;3250;14.620
3291;3290;18.140
3292;3291;1.800
3293;3292;2.754
3294;3293;34.110
3295;3294;1.201
3296;3289;26.439
3297;3295;20.607
3298;3297;0.318
3299;3296;23.082
3300;3298;22.050
3301;3299;19.521
3302;3301;59.491
3303;3302;2.315
3304;3303;14.411
3305;3304;56.613
3306;3305;2.849
3307;3305;3.241
3309;3308;0.812
3309;3283;120.689
3310;3309;1.985
3312;3311;7.146
3313;3308;9.940
3311;3314;8.578
3311;3315;3.752
3316;3313;5.400
3314;3317;6.494
3318;3317;16.284
3317;3319;1.066
3319;3316;2.466
3321;3320;3.481
3322;3320;13.598
3314;3323;9.784
3323;3319;1.294
3324;3323;0.682
3148;3310;22.831
3326;3325;6.578
3320;3327;7.164
3325;3327;6.308
3329;3328;13.800
3328;3324;2.148
3330;3328;1.930
3316;3331;12.087
3333;3332;12.483
3334;3149;14.244
3335;3325;10.025
3336;3324;9.663
3337;3336;2.522
3332;3338;7.090
3339;3330;3.824
3340;3336;13.645
3341;3338;0.563
3342;3341;5.679
3344;3343;3.973
3343;3339;1.747
3327;3345;18.353
3347;3346;2.381
3347;3345;0.861
3335;3348;10.828
3345;3348;8.163
3338;3349;1.827
3337;3350;4.803
3348;3351;4.016
3332;3351;12.870
3352;3341;3.395
3353;3352;7.471
3351;3354;1.593
3354;3349;2.907
3355;3337;12.718
3356;3343;2.684
3357;3330;8.632
3357;3355;3.744
3358;3352;1.475
3354;3359;1.404
3356;3358;2.162
3349;3360;2.253
3355;3361;6.057
3359;3362;6.932
3360;3362;1.877
3362;3363;1.862
3364;3356;6.702
3364;3365;2.424
3339;3366;16.945
3366;3357;9.801
3367;3306;22.085
3363;3368;8.958
3360;3368;13.273
3359;3369;12.088
3368;3370;1.796
3358;3370;11.844
3357;3371;10.011
3372;3366;3.707
3372;3373;4.130
3371;3373;7.752
3371;3374;1.406
3375;3364;5.041
3375;3372;7.020
3373;3374;7.379
3370;3375;13.255
3370;3376;19.590
3375;3376;7.908
3376;3377;0.582
3363;3378;22.360
3379;3367;6.634
3374;3380;17.743
3381;3334;25.411
3382;3379;9.607
3383;3307;32.551
3384;3382;11.576
3346;3385;98.694
3386;3384;6.143
3385;3387;16.192
3387;3388;0.818
3388;3386;16.531
3389;3383;12.820
3136;3389;70.690
3390;3137;1.160
3391;3143;6.208
3393;3392;16.044
3392;3394;3.168
3395;3390;11.697
3142;3396;21.332
3394;3396;9.676
3395;3397;1.633
3394;3398;9.295
3398;3399;3.684
3396;3400;2.807
3399;3400;0.595
3401;3397;4.449
3398;3402;0.954
3402;3392;16.610
3403;3397;1.739
3402;3404;8.235
3404;3403;1.276
3403;3405;17.595
3406;3404;3.525
3408;3407;11.581
3409;3407;4.228
3406;3410;11.156
3411;3406;4.848
3410;3411;4.964
3412;3409;15.633
3412;3411;1.096
3413;3412;1.144
3415;3414;13.738
3407;3415;14.112
3413;3415;14.609
3416;3410;17.500
3417;3416;6.400
3417;3418;6.017
3419;3413;3.991
3418;3419;7.664
3420;3419;0.515
3420;3421;5.331
3421;3422;3.281
3418;3422;5.170
3422;3423;8.760
3423;3417;7.082
3421;3424;3.055
3425;3424;1.524
3424;3426;1.503
3427;3420;8.325
3423;3428;7.110
3429;3428;8.016
3428;3430;1.833
3432;3431;14.141
3433;3431;10.777
3431;3430;2.174
3431;3434;4.167
3435;3434;2.439
3434;3436;3.377
3430;3437;20.524
3436;3438;12.274
3437;3439;5.602
3427;3440;43.275
3047;3441;12.541
3442;3047;10.979
3444;3443;0.917
3446;3445;0.871
3448;3447;1.712
3449;3448;4.397
3450;3449;17.862
3451;3450;12.646
3452;3451;6.867
3453;3452;2.242
3454;3453;1.591
3453;3455;3.871
3455;3454;3.115
3456;3454;3.989
3456;3457;20.750
3459;3458;6.593
3459;3460;4.603
3461;3456;0.734
3455;3462;4.499
3463;3461;4.669
3459;3463;5.889
3464;3463;2.605
3464;3465;4.663
3467;3466;29.376
3467;3468;12.472
3469;3462;13.461
3463;3470;4.537
3471;3462;9.311
3472;3469;2.082
3461;3472;10.398
3471;3455;20.327
3473;3464;4.207
3474;3472;2.610
3474;3470;9.926
3475;3473;1.496
3476;3475;11.965
3469;3477;4.512
3477;3474;1.673
3475;3478;2.535
3478;3467;10.607
3479;3477;9.387
3480;3479;5.504
3480;3474;11.976
3481;3480;3.238
3470;3481;14.730
3473;3481;20.955
3482;3479;2.562
3483;3471;21.640
3483;3482;1.660
3484;3481;4.074
3485;3482;7.032
3485;3481;4.307
3486;3483;3.549
3487;3484;3.597
3488;3486;7.446
3488;3485;6.157
3487;3489;4.315
3490;3488;2.268
3484;3490;9.036
3491;3486;6.256
3492;3487;11.194
3494;3493;8.937
3493;3495;2.982
3497;3496;14.365
3495;3478;70.979
3498;3495;9.631
3499;3498;29.503
3500;3499;21.103
3501;3500;0.998
3502;3501;22.501
3443;3502;0.164
3503;3444;5.321
3504;3503;30.170
3445;3504;2.711
3505;3446;4.577
3506;3505;10.515
3507;3506;19.109
2019;3507;0.924
3508;3496;4.103
8;3508;2.172
3496;3509;4.148
3509;3508;5.485
3511;3510;28.033
3513;3512;19.890
3515;3514;2.209
3517;3516;2.050
3519;3518;6.078
3521;3520;0.899
3523;3522;1.579
3525;3524;0.825
3527;3526;0.882
3529;3528;0.731
3531;3530;0.524
3533;3532;2.008
3535;3534;0.771
3441;3536;1.496
3538;3537;0.493
3540;3539;1.460
3542;3541;1.267
3544;3543;0.851
3545;1182;27.273
3545;1293;5.433
3546;3545;2.991
3547;3546;61.879
3512;3547;41.683
3532;119;10.606
3548;3513;5.396
3549;3548;8.985
3541;3549;1.184
3543;3542;3.873
3550;3549;4.431
3551;3544;0.905
3518;3550;0.781
3552;3551;2.341
3554;3553;2.587
3553;3555;6.169
3555;3554;4.555
3556;3554;3.194
3557;3555;2.630
3557;3556;5.105
3558;3533;22.125
3560;3559;8.547
3561;3560;1.449
3563;3562;9.133
3560;3563;7.784
3564;3563;1.251
3566;3565;4.517
3567;3556;11.597
3567;3564;3.722
3569;3568;7.020
3569;3565;5.494
3570;3564;6.680
3571;3557;15.935
3571;3567;12.151
3572;3519;1.887
3561;3573;20.025
3574;3572;0.282
3575;3573;11.231
3576;3569;10.642
3576;3571;12.229
3577;3567;12.083
3570;3577;8.454
3565;3578;15.822
3577;3579;4.181
3579;3570;16.751
3580;3558;6.356
3581;3561;25.107
3582;3576;8.749
3583;3579;4.854
3581;3583;8.411
3579;3584;5.971
3582;3578;16.932
3584;3585;2.317
3585;3583;5.831
3586;3571;17.508
3584;3586;6.033
3578;3587;12.123
3588;3581;4.642
3573;3588;15.141
3590;3589;7.324
3586;3589;10.289
3591;3588;1.362
3592;3582;6.310
3589;3592;2.736
3593;3591;3.075
3591;3593;14.133
3594;3585;10.595
3595;3593;4.900
3596;3594;12.890
3597;3574;8.603
3598;3597;1.080
3598;3599;4.511
3600;3580;23.937
3599;3601;32.699
3602;3598;24.543
3603;3602;0.173
3605;3604;59.264
3606;3605;55.379
3607;3606;10.355
3601;3135;40.726
3608;3600;27.531
3610;3609;2.166
3534;3610;0.583
3609;3607;13.241
3611;2092;3.508
3536;3608;3.001
3604;3442;14.508
3612;3603;25.884
3134;3535;22.289
3613;9;6.985
3613;3049;6.319
3614;8;13.335
3613;3614;0.768
3615;3509;14.570
3614;3615;5.609
3615;3616;2.448
3617;3050;13.830
3618;3616;7.588
3050;3618;13.668
3617;3619;4.829
3620;3618;2.331
3619;3620;10.342
3616;3621;15.606
3622;3620;4.979
3623;3617;9.561
3624;3619;8.478
3624;3623;0.832
3625;3622;13.270
3625;3624;3.809
3626;3625;9.061
3622;3627;35.681
3628;3612;31.056
3520;3628;1.519
3629;3521;21.820
3630;3611;78.726
3631;3629;43.405
3632;3630;36.873
3522;3631;5.694
3633;3632;12.881
3634;3633;18.435
3524;3523;16.496
3537;3635;0.439
3635;3540;2.019
3539;3636;0.520
3636;3634;21.820
3637;3538;2.124
3638;3637;8.973
3639;123;5.880
3640;3638;3.546
3641;3525;28.718
3642;3641;0.512
3643;3642;5.646
3643;3640;26.191
3644;3643;0.694
3645;3639;52.270
3647;3646;28.129
3648;3647;37.788
3650;3649;29.663
3651;3645;26.078
3652;3648;21.304
3654;3653;57.207
3655;3651;5.846
3646;3656;41.884
3656;3648;10.039
3657;3655;0.638
3659;3658;29.451
3660;3654;9.072
3661;3660;39.228
3660;3658;12.091
3654;3662;11.650
3662;3660;11.477
3656;3663;15.601
3664;3663;18.477
3665;3657;14.643
3666;3665;1.993
3667;3644;60.413
3663;3668;14.284
3662;3669;40.436
3670;3666;14.257
3671;3670;0.635
3669;3672;8.287
3673;3668;19.522
3672;3673;1.819
3667;3674;17.910
3672;3675;4.719
3675;3669;8.808
3674;3676;5.041
3677;3660;44.504
3673;3675;9.765
3678;3658;49.050
3679;3678;22.877
3681;3680;4.276
3682;3668;36.197
3680;3682;13.745
3683;3680;3.799
3684;3675;20.582
3685;3667;25.023
3682;3686;3.198
3677;3687;20.446
3688;3684;5.625
3688;3677;13.438
3687;3688;0.789
3683;3689;9.580
3690;3685;1.848
3691;3681;11.799
3692;3678;19.634
3692;3690;1.257
3686;3693;4.178
3678;3694;17.878
3689;3695;8.378
3695;3683;5.918
3691;3696;5.257
3684;3696;11.797
3695;3697;3.504
3681;3697;9.076
3697;3698;3.918
3698;3691;3.317
3693;3699;1.576
3689;3699;9.359
3687;3700;8.497
3694;3700;4.219
3701;3695;2.719
3699;3702;2.032
3702;3701;11.773
3703;3671;20.000
3701;3704;3.732
3705;3694;7.328
3704;3706;1.389
3702;3707;2.434
3707;3708;1.058
3706;3708;6.254
3710;3709;15.097
3709;3710;5.841
3711;3698;7.146
3712;3710;1.778
3700;3713;8.488
3713;3705;4.512
3714;3701;5.988
3711;3714;7.012
3716;3715;4.680
3717;3711;1.513
3716;3717;3.812
3696;3718;9.788
3685;3719;12.675
3676;3719;32.826
3718;3716;5.951
3718;3720;1.199
3709;3720;6.521
3721;3712;7.828
3721;3722;2.764
3722;3713;3.429
3720;3723;1.694
3723;3709;5.892
3724;3704;6.751
3724;3725;1.632
3725;3714;2.533
3706;3726;6.790
3708;3727;5.371
3726;3727;3.660
3728;3705;9.021
3728;3692;9.240
3730;3729;22.468
3729;3526;3.178
3712;3731;4.667
3732;3724;1.773
3733;3730;9.616
3726;3734;1.978
3734;3732;4.818
3735;3723;7.212
3735;3731;4.002
3725;3736;5.728
3737;3731;6.457
3737;3721;7.232
3719;3738;5.521
3738;3527;23.549
3739;3703;10.848
3740;3735;5.173
3741;3740;0.741
3741;3737;2.056
3736;3742;4.152
3742;3717;9.971
3743;3741;1.995
3743;3722;10.753
3744;3723;11.657
3745;3728;6.598
3746;3743;3.349
3746;3745;0.390
3747;3690;28.812
3727;3748;12.137
3748;3749;3.335
3734;3749;11.508
3750;3747;3.164
3719;3750;28.631
3751;3744;4.904
3751;3752;2.717
3752;3735;12.690
3753;3742;7.970
3752;3754;2.101
3740;3754;13.006
3736;3753;15.286
3748;3755;4.503
3756;3755;2.913
3749;3756;4.292
3757;3732;16.461
3747;3745;52.474
3758;3756;4.970
3758;3757;2.891
3759;3753;4.115
3759;3744;10.712
3751;3759;8.283
3760;3739;11.335
3761;3759;3.080
3762;3761;1.987
3754;3762;11.564
3516;3750;13.988
3763;3757;8.379
3763;3761;10.429
3755;3764;9.696
3764;3758;11.889
3762;3765;2.679
3766;3765;0.600
3766;3746;10.208
3767;3517;6.545
3768;3764;10.338
3769;3733;11.979
3770;3763;23.065
3765;3770;9.571
3770;3771;1.702
3767;3772;39.507
3772;3773;1.310
3773;3774;13.714
3774;3775;4.096
3514;3766;29.688
3776;3775;2.293
3777;3515;1.599
3775;3777;14.303
3778;3772;16.048
3779;3760;25.903
3780;3778;2.512
3771;3781;5.111
3773;3782;9.632
3780;3782;16.958
3783;3778;22.661
3784;3767;18.038
3785;3774;15.068
3785;3782;9.508
3786;3776;10.353
3786;3776;32.670
3786;3787;3.226
3787;3785;8.358
3788;3787;7.154
3781;3789;10.219
3791;3790;7.237
3792;3780;27.963
3793;3779;46.979
3794;3793;0.999
3796;3795;55.636
3795;3797;2.278
3798;3794;5.604
3789;3796;61.956
3790;3529;26.560
3528;3799;4.608
3800;3769;13.041
3799;3800;5.224
3797;3531;14.707
3800;3784;90.210
3800;3801;15.981
3802;3791;40.978
3530;3511;26.838
3801;3803;41.126
3510;3798;63.692
3804;3650;98.004
3805;3804;7.816
234;3805;1.785
3807;3806;0.841
3809;3808;0.654
3811;3810;0.811
3813;3812;0.703
3815;3814;13.334
3815;3816;19.293
3817;3815;3.962
3815;3818;4.276
3819;3817;10.182
3818;3819;6.388
3819;3820;3.519
3820;3821;9.888
3822;3820;12.658
3822;3821;4.583
3823;3818;25.851
3824;3822;5.836
3821;3825;8.501
3823;3825;10.188
3826;3813;1.768
3827;3824;11.943
3828;3826;0.592
3827;3828;0.659
3825;3829;2.363
3830;3824;5.219
3830;3829;6.917
3831;3828;1.738
3812;3833;3.158
3834;3830;3.474
3835;3831;3.813
3834;3835;0.481
3836;3831;3.772
3829;3837;3.928
3832;3837;3.562
3837;3834;3.002
3833;3838;3.192
3838;3839;6.231
3840;3836;7.297
3835;3840;10.448
3841;3836;9.472
3840;3841;4.073
3839;3842;22.077
3842;3807;6.562
3806;3843;8.034
3843;3844;13.213
3844;3809;1.435
3808;3845;2.064
3810;3846;5.111
3845;3847;34.510
3847;3811;16.959
3846;3848;11.795
3848;3494;10.607
3850;3849;0.863
3860;3859;0.359
3862;3861;0.394
3864;3863;0.779
3866;3865;0.708
3868;3867;0.414
3879;3878;3.104
3881;3880;14.905
3878;3882;27.642
3884;3883;19.746
3885;3883;3.746
3883;3886;4.648
3886;3887;3.872
3887;3888;7.445
3889;3885;18.914
3890;3888;6.422
3891;3887;12.432
3849;3881;31.427
3892;3890;5.970
3893;3890;5.037
3891;3893;4.857
3895;3894;12.951
3896;3886;22.715
3898;3897;15.635
3888;3897;14.354
3882;3899;12.962
3900;3896;3.289
3899;3895;13.036
3901;3891;9.764
3896;3901;7.960
3897;3902;9.390
3903;3901;6.136
3903;3900;6.951
3904;3900;8.758
3905;3902;17.121
3905;3893;10.467
3902;3906;1.810
3906;3907;23.579
3908;3903;7.528
3904;3908;7.140
3909;3905;18.215
3908;3909;5.221
3899;3868;3.836
3911;3910;4.305
3912;3850;8.939
3912;3913;23.677
3914;3909;4.769
3915;3914;4.248
3915;3904;28.573
3916;3912;0.965
3917;3915;1.341
3919;3906;27.893
3914;3919;3.477
3920;3916;2.394
3867;3921;2.372
3911;3922;17.858
3923;3919;16.193
3925;3924;17.972
3919;3924;12.047
3923;3926;3.510
3919;3927;15.292
3929;3928;8.997
3928;3930;1.287
3930;3926;5.155
3927;3928;13.599
3931;3911;26.672
3932;3923;15.904
3932;3914;29.141
3932;3920;5.136
3922;3933;19.713
3933;3934;1.679
3935;3934;10.439
3936;3926;15.196
3937;3922;19.006
3938;3932;2.996
3939;3938;0.489
3939;3860;0.367
3934;3940;13.597
3924;3940;10.092
3941;3931;37.617
3941;3933;29.387
3942;3941;15.224
3940;3942;11.395
3942;3943;0.873
3943;3944;2.380
3859;3945;6.461
3944;3946;14.091
3947;3864;3.610
3946;3948;1.284
3863;3949;22.685
3948;3950;2.632
3950;3866;15.734
3865;3947;25.633
3945;3862;39.883
3861;3872;13.838
3870;3958;11.101
3958;3961;8.262
3961;3962;3.464
3150;3964;30.261
3966;3965;57.801
3965;3967;21.945
3969;3968;12.362
3968;3970;7.322
3976;3975;7.618
3978;3977;4.691
3975;3978;19.043
3980;3979;15.107
3978;3980;28.637
3981;3975;34.191
3979;3981;3.836
3982;3979;16.390
3983;3980;11.851
3984;3981;8.584
3986;1130;0.860
3987;3986;3.060
3988;3987;7.769
3985;3989;26.968
3990;3988;3.706
3989;3991;16.703
3991;3992;5.304
3992;3993;7.937
3994;3990;18.249
3995;3994;0.870
3996;3995;0.792
3993;3997;25.908
3997;3998;12.552
3998;3999;7.821
4005;3996;54.873
4007;4005;3.221
4008;4007;1.437
4009;4008;2.255
4010;3976;4.569
4009;4011;18.414
4012;4009;6.166
3977;4009;30.980
4012;4013;12.412
4014;4012;4.314
4014;4015;108.885
4016;4014;2.984
4018;4017;34.417
3982;4018;10.573
4019;4016;7.046
4020;4019;14.630
4021;3977;32.954
4021;4019;4.068
4022;4018;11.236
3982;4022;13.409
4023;3982;20.948
4024;4023;11.371
4025;4023;10.051
4026;4024;4.149
4027;4022;11.200
4024;4028;3.431
4028;4021;7.336
4029;4025;2.795
4026;4030;3.345
4030;4028;1.612
4031;4025;4.574
4032;4026;5.899
4032;4030;0.690
4033;4027;6.161
4027;4034;6.713
4034;4033;1.553
4035;4033;1.615
4035;4031;3.025
4031;4036;13.220
4036;4032;1.206
4037;4036;1.897
4038;4034;10.239
4039;4037;6.271
4040;4037;1.647
4041;4035;14.287
4041;4040;0.518
4042;4021;30.571
4043;4028;21.737
4043;4042;3.708
4040;4044;5.783
4044;4039;4.618
4045;4039;10.565
4046;4043;4.236
4046;4042;5.127
4044;4047;6.782
4048;4045;3.910
4047;4049;3.488
4045;4049;4.490
4050;4047;4.234
4051;4041;9.365
4049;4052;3.665
4052;4048;4.357
4053;4048;4.871
4053;4046;5.918
4054;4053;31.530
4055;4051;4.733
4056;4050;8.664
4056;4050;10.145
4057;4053;5.996
4052;4058;7.162
4055;4059;8.309
4058;4060;2.456
4060;4057;4.642
4061;4056;7.052
4062;4058;9.708
4064;4063;13.512
4062;4060;11.774
4065;4057;6.787
4064;4059;24.037
4066;4062;9.201
4066;4061;10.737
4067;4016;31.468
4068;4065;13.111
4070;4068;66.334
4070;4067;6.497
4071;4068;16.491
4065;4071;31.661
4059;4064;61.343
4072;4051;40.774
4074;4055;36.926
4075;4070;2.282
4077;4076;11.608
4078;4072;8.181
4074;4072;27.926
4079;4077;11.742
4080;4079;12.227
4081;4074;34.201
4082;4071;35.011
4082;4080;21.169
4083;4076;36.754
4084;4077;33.532
4084;4083;11.687
4085;4079;30.273
4085;4084;11.691
4086;4080;26.902
4086;4085;11.461
4087;4082;23.087
4087;4086;12.022
4088;4083;18.218
4089;4084;18.361
4089;4088;11.884
4090;4089;11.710
4091;4075;23.499
4092;4087;20.313
4092;4090;15.748
4093;4088;28.131
4094;4089;28.015
4094;4093;10.964
4095;4090;27.946
4095;4094;11.040
4092;4096;28.355
4096;4095;11.464
4098;4097;30.648
4097;4099;83.421
4100;4091;50.501
4101;4075;143.869
4101;4102;37.191
4103;4100;32.045
4104;4103;0.772
4105;4101;27.677
4105;4097;39.830
4106;4104;7.867
4107;4105;0.985
4108;4091;28.275
4109;4100;30.852
4109;4106;2.776
4110;4107;22.436
4104;4106;21.443
4111;4103;23.351
4113;4109;12.859
4116;4108;5.597
4118;4116;0.248
4119;4118;0.553
4120;4113;4.489
4121;4119;2.301
4122;4107;24.824
4123;4122;11.681
4124;4123;3.708
4125;4120;0.891
4126;4125;6.244
4127;4122;7.177
4122;4127;10.007
4128;4120;15.879
4129;4125;2.062
4130;4123;10.756
4131;4129;0.770
4132;4131;3.194
4132;4133;32.964
4134;4132;4.881
4135;4134;1.532
4136;4135;3.472
4136;4127;7.615
4131;4137;14.872
4137;4138;1.432
4138;4134;6.249
4139;4136;0.318
4130;4139;13.268
4140;4137;3.871
4141;4139;6.102
4141;4130;8.874
4142;4141;1.141
4144;4143;3.470
4145;4142;11.945
4134;4138;11.536
4146;4121;7.816
4147;4142;3.234
4145;4147;4.456
4142;4148;4.212
4149;4129;15.771
4149;4140;21.719
4150;4148;2.110
4151;4140;8.838
4152;4136;12.752
4148;4152;15.496
4153;4147;4.455
4153;4145;11.755
4154;4153;0.918
4154;4144;100.608
4155;4152;0.855
4151;4156;9.090
4157;4135;20.218
4157;4155;7.809
4157;4158;1.752
4158;4151;19.825
4158;4156;16.667
4156;4159;15.237
4160;4155;15.612
4160;4157;15.193
4161;4154;10.329
4162;4161;8.808
4163;4162;6.853
4164;4161;47.892
3970;4146;2.371
4167;4160;50.326
4168;3969;4.361
4169;3969;42.046
4168;3966;10.639
3967;4149;4.607
4170;4168;9.212
4172;4171;4.541
3966;4172;22.306
4173;4170;6.905
4174;4173;10.905
4174;4170;6.399
4171;4174;5.385
4175;4163;23.237
4176;4175;2.917
4177;4174;7.075
4178;4177;1.532
4179;4178;2.254
4180;4179;0.699
4181;4171;41.197
4183;4182;23.590
4184;4176;15.283
4186;4185;2.962
4188;4187;0.702
4190;4189;1.094
4191;1227;31.155
4192;4191;1.971
4193;4192;15.507
4193;4194;12.322
4194;4195;4.955
4197;4196;6.823
4198;4196;1.514
4194;4199;2.482
4200;4198;4.427
4199;4201;3.693
4195;4201;3.317
4202;4200;10.440
4203;4196;9.582
4204;4203;5.611
4198;4204;3.992
4206;4205;6.095
4207;4205;11.353
4200;4208;4.489
4202;4208;6.923
4204;4209;2.409
4208;4209;5.179
4202;4210;7.543
4205;4210;9.584
4211;4193;6.349
4211;4199;9.910
4201;4212;10.564
4209;4213;3.795
4210;4214;4.446
4203;4215;7.814
4213;4215;2.426
4215;4216;2.251
4217;4212;2.848
4218;4203;15.702
4216;4218;9.094
4219;4218;3.461
4213;4220;3.818
4214;4220;4.436
4195;4221;29.925
4221;4219;1.955
4212;4222;5.083
4222;4223;5.865
4223;4221;7.814
4216;4224;4.413
4220;4224;2.299
4217;4225;4.458
4225;4222;2.609
4226;4211;3.445
4226;4217;8.646
4225;4227;2.497
4227;4223;7.585
4219;4228;8.692
4224;4228;4.357
4229;4226;1.944
4227;4229;8.541
4187;4214;4.659
4228;4230;4.295
4227;4231;13.486
4230;4231;0.900
4232;4224;10.781
4233;4188;1.033
4234;4229;3.128
4231;4234;4.184
4235;4230;6.756
4234;4236;10.574
4238;4237;3.214
4239;4238;8.018
4226;4239;51.739
4240;4233;6.204
4238;4241;9.389
4242;4236;10.478
4243;4239;9.469
4236;4243;37.992
4244;4241;7.122
4239;4244;11.078
4245;4240;2.879
4244;4246;6.039
4243;4246;13.548
4241;4247;15.731
4248;4247;7.741
4246;4248;8.024
4249;4245;25.653
4250;4249;46.984
4251;4250;2.730
3447;4251;14.119
4252;4250;25.947
4253;4252;0.583
4254;4253;21.531
4189;4254;19.276
4255;4190;5.650
4255;4186;2.746
4257;4256;22.060
4259;4258;10.740
4185;4259;13.553
4260;4257;3.834
4261;4257;2.736
4259;4261;1.957
4256;4262;9.325
4262;4260;4.710
4260;4263;3.870
4261;4263;4.812
4262;4264;3.753
4266;4265;7.234
4267;4261;7.772
4268;4267;3.896
4266;4268;5.070
4269;4263;7.535
4267;4269;7.552
4270;4268;3.299
4270;4266;7.220
4271;4269;4.140
4272;4270;4.282
4273;4271;8.443
4272;4273;6.242
4274;4273;9.029
4274;4272;8.386
4275;1292;0.895
2017;4275;15.857
4277;4276;6.996
4280;4279;0.830
4281;4277;0.862
4283;4282;1.169
4285;4284;0.825
4287;4286;0.584
4279;4278;36.555
4288;4280;37.825
4289;4288;13.671
4291;4290;7.882
4292;4289;7.679
4291;4293;10.761
4293;4294;3.216
4293;4295;3.630
4295;4296;1.570
4296;4297;7.306
4297;4296;13.995
4297;4298;9.398
4298;4295;38.494
4298;4299;23.849
4299;4300;5.011
4301;4299;44.040
4302;4301;7.237
4303;4301;6.563
4304;4303;37.445
4303;4305;27.847
4306;4292;23.835
4307;4306;6.352
4308;4307;2.283
4309;4308;0.661
4310;4309;18.735
4276;4310;10.581
4311;4281;55.603
4312;4311;1.525
4314;4313;7.934
4315;4314;26.707
4316;4312;11.870
4317;4315;5.054
4317;4318;7.814
4320;4319;9.648
4319;4316;5.973
4321;4316;3.582
4319;4321;5.988
4322;4319;3.180
4323;4321;0.884
4323;4317;9.399
4324;4323;1.471
4325;4324;20.725
4326;4325;1.276
4327;4324;2.587
4328;4327;2.224
4328;4327;15.435
4329;4328;0.549
4330;4329;21.435
4331;4329;8.239
4331;4332;13.377
4333;4330;8.815
4334;4331;4.121
4335;4330;14.077
4335;4334;7.097
4336;4335;5.900
4336;4337;8.957
4337;4338;2.923
4339;4336;10.633
4340;4339;5.772
4340;4337;6.600
4338;4340;10.190
4341;4334;11.007
4341;4338;18.019
4342;4341;4.150
4343;4342;1.595
4344;4343;7.551
4282;4285;38.113
4286;4283;22.855
4345;4287;2.022
1202;4345;4.677
4346;4344;20.792
4284;4343;67.725
4347;4346;5.361
4348;4347;57.430
1228;4348;5.117
4350;4349;0.745
4352;4351;0.837
181;4353;9.187
4353;4354;14.500
4349;4355;16.387
4357;4356;13.176
4351;4357;0.655
4355;4352;16.281
4354;4350;34.481
4359;4358;9.787
4360;4359;11.789
4361;4359;13.015
4357;4361;10.468
4361;4362;6.173
4362;4363;4.320
4363;4364;2.285
4365;4364;29.669
4364;4366;14.408
4366;4367;9.730
4367;4368;0.940
4368;4369;2.991
4369;4370;11.082
4370;265;103.333
4368;4371;64.156
4371;4372;5.273
4372;4373;51.278
4373;4374;8.819
4374;4375;13.142
4375;4376;12.033
4376;4377;3.876
4377;4378;6.055
4378;4379;3.688
4379;4380;13.219
4382;4381;1.275
4380;4382;9.932
4380;4383;7.460
4382;4384;12.924
4384;4383;15.287
4385;4384;11.092
4383;4386;8.111
4383;4387;17.765
4379;4387;9.010
4387;4388;0.543
4389;4386;20.707
4388;4389;10.739
221;4390;12.827
4391;4389;11.402
4390;4392;16.036
4394;4393;21.953
4395;4394;2.041
4396;4394;5.466
4398;4397;1.642
4395;4398;6.445
4399;4396;14.669
4398;4400;2.150
4401;4395;4.534
4402;4396;3.771
4403;4399;5.805
4404;4399;35.365
4392;4404;2.858
4405;4391;12.588
4406;4404;9.090
4407;4405;2.843
4408;4407;58.945
4409;4406;92.015
4412;4411;2.223
4414;4413;0.336
2496;3802;7.227
3803;4415;0.991
4415;4416;51.623
4416;4417;2.262
4417;4414;6.034
4413;4418;5.005
4418;4419;5.408
4419;4420;5.481
4420;4421;2.212
4421;4422;14.587
4422;4423;13.369
4411;4424;4.537
4422;4425;16.141
4421;4426;8.161
4427;4426;6.899
4426;4428;2.251
4429;4428;15.670
4428;4430;3.265
4430;4431;3.529
4431;4432;22.241
4433;4412;23.428
4434;4433;11.946
4432;4434;11.614
4435;4432;27.587
4435;4431;21.494
4436;4433;8.943
4434;4436;10.344
4437;4435;3.763
4438;4434;19.921
4438;4437;3.978
4436;4439;19.574
4430;4440;33.178
4430;4441;12.018
4440;4441;9.711
4442;4440;9.864
4443;4437;19.516
4441;4443;3.687
4443;4444;1.915
4445;4438;15.617
4444;4445;1.271
4446;4441;3.063
4442;4446;10.710
4447;4442;8.938
4448;4444;5.597
4445;4449;2.480
4450;4446;1.748
4450;4447;13.910
4448;4451;2.623
4452;4447;9.978
4453;4449;3.537
4453;4448;10.341
4455;4454;7.693
4449;4455;1.540
4456;4453;2.333
4451;4457;7.215
4457;4456;7.478
4458;4436;35.171
4455;4458;1.606
4459;4457;2.681
4459;4451;10.235
4461;4460;8.924
4458;4461;11.148
4463;4462;7.760
4463;4464;5.640
4461;4463;12.756
4465;4450;5.272
4456;4466;14.154
4466;4459;13.144
4467;4466;4.368
4468;4465;3.499
4469;4468;9.625
4470;4468;3.303
4458;4471;10.604
4472;4470;5.804
4472;4473;10.292
4474;4472;10.233
4475;4474;2.829
4471;4476;20.416
4476;4477;0.219
4477;4478;21.596
2714;4475;53.670
4478;4479;24.949
4479;4480;12.846
4480;4481;42.279
4481;4482;18.127
4482;129;18.623
4484;4483;0.888
4486;4485;0.844
4488;4487;0.786
4489;4486;5.599
4485;4490;1.837
4492;4491;5.644
4491;4493;31.168
4494;4493;9.661
4495;4494;1.598
4496;4495;1.677
4497;4492;51.235
4498;4493;18.719
4499;4498;7.963
4499;4494;8.766
4500;4497;11.365
4497;4498;25.183
4501;4499;17.471
371;4502;10.138
4501;4496;22.542
4487;4489;45.392
4503;4501;23.387
4504;4488;13.858
4505;4504;3.714
4506;4503;22.526
4507;4506;4.690
4508;4507;2.914
4490;4509;49.065
4509;4510;3.080
4512;4511;23.630
4514;4513;10.901
4514;4511;10.235
4515;4514;9.584
4516;4514;21.577
4512;4516;6.104
4517;4508;32.703
4518;4517;1.859
4512;4519;21.946
4510;4519;20.753
4519;4520;0.588
4521;4508;17.746
1332;4522;5.182
4522;4523;36.439
4523;4484;7.760
4483;4524;0.630
4524;4525;21.590
4525;4516;11.351
4526;4518;45.680
4527;4526;15.486
4528;4521;17.738
4529;4528;4.241
4520;4530;46.570
4531;4529;21.470
4532;4531;21.263
4530;4533;12.527
4533;4532;23.919
420;4534;2.192
423;4535;6.352
4536;423;9.699
4537;4534;5.383
4539;4538;1.511
4541;4540;26.028
4543;4542;3.273
4545;4544;2.642
4547;4546;2.833
4546;4548;1.458
4542;4548;5.047
4549;4542;9.295
4544;4549;1.879
4551;4550;3.467
4550;4546;7.026
4549;4552;3.012
4553;4544;13.520
4552;4554;1.780
4555;4550;2.181
4548;4556;6.307
4554;4556;6.310
4555;4557;2.333
4552;4558;3.978
4559;4555;2.547
4560;4558;4.391
4561;4560;1.796
4562;4554;3.548
4563;4559;3.033
4563;4564;7.141
4556;4564;4.770
4558;4565;5.200
4566;4565;1.486
4560;4566;3.150
4567;4566;2.843
4559;4568;8.090
4570;4569;1.265
4568;4571;3.704
4574;4573;0.764
4575;4570;5.957
4573;4575;4.078
4569;4576;1.162
4577;4568;2.464
4534;4578;1.834
4577;4563;8.510
4579;4569;2.126
4580;4579;3.286
4572;4581;4.120
4576;4581;1.709
4582;4573;3.244
4584;4583;4.468
4564;4584;7.202
4585;4577;5.256
4583;4585;4.689
4586;4579;2.119
4581;4587;3.875
4588;4575;4.873
4584;4589;2.450
4589;4565;19.763
4590;4585;2.445
4589;4591;1.253
4583;4592;3.820
4594;4593;53.553
4596;4595;14.621
4595;4597;4.999
4597;4598;1.410
4576;4598;15.416
4599;4595;4.186
4601;4600;3.162
4600;4602;2.363
4603;4600;1.782
4598;4603;8.897
4597;4604;5.581
4605;4603;5.905
4593;4570;127.869
4607;4606;4.451
4608;4606;9.173
4610;4609;8.490
4606;4609;9.541
4612;4611;12.952
4609;4611;4.980
4614;4613;21.726
4613;4614;14.549
4614;4615;4.972
4611;4616;8.655
4615;4616;3.708
4616;4617;11.108
4619;4618;5.906
4618;4620;0.710
4617;4620;6.388
4615;4621;8.627
4617;4622;1.612
4622;4623;6.867
4621;4623;1.406
4622;4624;1.921
4623;4624;5.089
4624;4625;3.552
4620;4626;6.928
4627;4621;10.240
4624;4628;2.610
4625;4629;2.294
4626;4630;5.862
4632;4631;9.228
4625;4633;10.777
4631;4634;2.912
4626;4634;21.332
4631;4635;5.263
4635;4636;2.551
4634;4636;5.189
4630;4637;2.569
4636;4638;4.407
4638;4639;2.854
4635;4640;7.570
4639;4640;0.721
4641;4638;5.566
4640;4642;6.926
4639;4643;6.545
4642;4644;2.917
4637;4645;13.403
4645;4646;3.213
4646;4647;98.143
4647;4648;0.126
4649;1102;2.850
4650;4649;1.198
4651;4650;0.699
4652;4651;35.847
4648;4653;16.762
4654;4652;99.333
4653;4654;57.906
4655;4654;3.813
4654;4656;27.462
4657;4655;38.518
4659;4658;3.818
4658;4660;1.281
4661;4660;3.851
4660;4662;5.454
4663;4662;6.233
4658;4664;9.453
4662;4664;2.697
4664;4665;4.081
4665;4666;0.685
4665;4667;10.141
4667;4668;3.260
4656;4668;11.199
4670;4669;8.909
4666;4669;5.402
4672;4671;9.895
4673;4672;4.095
4674;4672;5.949
4669;4674;1.072
4666;4675;4.012
4668;4676;9.735
4677;4674;6.485
4675;4677;2.282
4676;4678;1.512
4678;4679;5.903
4680;4675;6.545
4667;4681;7.074
4679;4681;4.209
4681;4680;7.019
4680;4682;1.528
4679;4683;2.792
4684;4676;10.327
4681;4685;2.504
4687;4686;5.387
4678;4686;7.416
4677;4688;7.502
4689;4685;6.369
4691;4690;4.433
4692;4690;3.443
4694;4693;1.917
4690;4693;6.685
4686;4695;1.709
4696;4688;8.911
4685;4696;8.025
4688;4697;19.182
4698;4657;7.760
4699;4695;5.734
4693;4699;4.576
4700;4696;4.064
4701;4700;7.154
4702;4701;0.896
4695;4702;6.135
4696;4703;5.309
4701;4704;3.985
4697;4705;12.858
4707;4706;16.142
4708;4702;12.329
4700;4709;12.999
4709;4710;1.521
4711;4708;8.744
4711;4699;15.924
4712;4711;2.123
4714;4713;14.589
4715;4712;3.108
4713;4715;0.776
4716;4708;3.699
4709;4716;7.951
4712;4717;3.630
4718;4713;5.101
4717;4719;2.616
4719;4715;4.398
4720;4707;3.689
4721;4719;1.108
4717;4722;3.981
4723;4721;6.476
4721;4723;7.303
4724;4723;4.835
4725;4724;2.188
4726;4724;4.033
4728;4727;2.716
4727;4726;3.421
4729;4726;2.242
4730;4720;9.957
4731;4730;1.321
4732;4727;9.186
4733;4698;15.836
4706;4734;21.124
4734;4735;0.955
4736;4731;20.472
4737;4736;2.811
4738;4737;11.413
4739;4733;11.975
4735;4739;16.664
4740;4738;15.167
4741;4740;1.900
4742;4741;0.800
4743;4742;2.859
4745;4744;2.208
4747;4746;10.825
4744;4746;0.892
4746;4748;2.285
4744;4749;1.204
4750;4749;7.279
4749;4751;1.486
4752;4751;5.485
4751;4753;2.449
4754;4743;6.206
4756;4755;1.381
4753;4755;4.151
4753;4757;1.959
4757;4758;1.549
4759;4758;4.665
4755;4760;2.296
4757;4760;3.538
4758;4761;2.416
4760;4762;5.760
4761;4763;3.638
4761;4764;12.746
4762;4765;4.619
4766;4763;4.558
4764;4766;1.343
4762;4767;7.107
4765;4767;3.008
4764;4768;5.394
4769;4739;16.861
4765;4770;5.446
4766;4771;5.630
4767;4772;5.498
4772;4770;7.515
4772;4773;2.086
4770;4774;2.276
4763;4774;7.587
4774;4775;2.363
4776;4775;4.623
4775;4777;3.332
4778;4769;2.382
4779;4754;9.169
4780;4778;1.373
4781;4779;1.070
4782;4777;15.531
4777;4783;12.420
4784;4781;1.255
4785;4748;15.064
4786;4785;2.389
4787;4786;5.407
4788;4784;21.467
4789;4780;28.358
4790;4789;4.092
4791;4787;16.255
4792;4791;1.651
4793;4792;14.757
4794;4788;14.251
4795;4790;15.660
4796;4794;13.772
4797;4793;17.877
4798;4797;0.303
4799;4796;2.671
4799;4798;2.099
4800;4799;2.569
4801;4795;16.655
4802;4801;0.733
4802;4803;18.394
4803;4804;3.126
4805;4800;35.518
4804;4806;38.656
4806;4807;62.271
4808;4805;20.754
4810;4809;14.172
4811;4802;98.921
4807;4812;28.686
4813;4811;9.478
4813;4808;11.755
4814;4813;0.887
4812;4815;9.767
4538;4814;7.156
4816;4539;9.210
4818;4817;8.274
4817;4816;4.257
4820;4819;7.998
4821;4819;4.581
4817;4821;6.654
4823;4822;4.344
4819;4823;2.714
4809;4824;200.568
4816;4825;3.108
4823;4826;4.289
4827;4821;10.810
4825;4828;8.078
4825;372;4.233
4829;4826;15.840
4831;4830;4.723
372;4830;6.937
4816;421;34.852
4832;421;2.683
4833;4832;3.856
4826;4536;15.605
4830;419;2.919
4815;4541;37.605
4834;4832;1.642
4536;4835;17.246
422;4836;6.377
4835;4837;5.591
4838;4837;4.270
4840;4839;4.690
4835;4840;2.805
4837;4841;3.222
419;4841;16.760
422;4842;1.363
4824;4843;71.571
4841;4844;1.546
4845;4842;4.071
4845;4840;2.986
4578;4846;3.497
4847;4846;14.035
4843;4848;8.630
4850;4849;4.342
4844;4850;4.033
4846;4851;1.288
4852;4848;6.905
4853;4852;2.533
4851;4854;1.545
4854;4853;2.267
4578;4855;12.706
4844;4856;20.114
4856;4855;3.265
4858;4857;6.202
4842;4857;8.364
4857;4859;0.761
4855;4860;9.918
4851;4860;7.239
4845;4861;12.341
4850;4861;5.905
4860;4862;11.936
4862;4854;4.453
4863;4862;2.348
4864;4850;10.620
4864;4856;13.123
4866;4865;11.821
4865;4867;19.479
4855;4868;5.389
4869;4863;3.350
4869;4853;6.685
4870;4869;1.202
4871;4868;6.665
4860;4871;6.795
4859;4872;6.885
4873;4872;3.641
4872;4874;5.464
4861;4874;7.147
4540;4875;41.207
4868;4876;4.496
4877;4860;8.393
4874;4878;3.545
4864;4878;12.525
4859;4879;9.477
4880;4879;10.059
4870;4881;8.178
4871;4882;9.873
4878;4883;5.171
4884;4883;6.861
4875;4885;17.376
4887;4886;2.739
4879;4886;7.563
4863;4888;16.418
4885;4889;2.849
4883;4890;3.652
4886;4891;2.264
4890;4892;0.915
4891;4893;2.453
4890;4894;6.197
4895;4894;4.322
4896;4892;8.158
4898;4897;1.601
4897;4896;1.739
4891;4899;5.968
4899;4897;5.079
4893;4899;5.460
4889;4900;3.730
4901;4864;21.818
4896;4902;5.137
4892;4902;8.133
4901;4903;6.470
4893;4904;6.940
4906;4905;1.994
4902;4906;1.253
4906;4907;1.086
4894;4908;9.047
4908;4901;3.502
4904;4909;2.968
4910;4909;2.067
4907;4911;6.934
4903;4912;3.295
4911;4913;8.857
4913;4908;2.426
4909;4914;2.950
4915;4914;3.356
4912;4916;4.804
4918;4917;3.161
4904;4917;4.387
4912;4919;3.722
4920;4911;4.220
4921;4920;2.740
4922;4920;1.808
4914;4923;7.257
4907;4923;8.682
4917;4924;4.834
4903;4919;23.316
4913;4925;10.326
4919;4925;4.029
4923;4926;3.845
4927;4926;8.220
4926;4928;2.926
4925;4929;8.654
4928;4924;17.099
4931;4930;0.621
4932;4931;2.396
4930;4933;23.052
4935;4934;4.493
4937;4936;7.652
4945;4943;34.194
4947;4945;1.171
4948;4947;1.665
4950;4948;1.236
4952;4942;8.197
4953;4952;2.024
4943;4955;50.200
4956;4950;21.862
4953;4957;50.398
4958;4956;24.759
4960;4959;18.395
4953;4961;21.235
4962;4961;1.898
4964;4963;26.618
4957;4965;70.347
4966;4962;24.623
4963;4966;18.790
4968;4967;7.136
4961;4967;4.166
4969;4960;22.750
4965;4969;10.742
4971;4970;18.480
4970;4954;25.668
4967;4972;16.762
4973;4969;9.877
4974;4970;1.263
4975;4973;2.534
4974;4976;2.593
4977;4974;1.318
4977;4976;4.839
4976;4978;6.005
4967;4979;4.201
4981;4980;12.302
4982;4956;123.329
4982;4980;3.452
4972;4979;23.387
4980;4977;27.374
4983;4977;3.333
4983;4978;11.863
4978;4984;13.092
4985;4984;4.650
4987;4986;15.206
4988;4985;2.823
4989;4966;39.026
4988;4990;2.454
4991;4989;0.843
4992;4975;18.778
4986;4992;17.645
4984;4993;4.605
4988;4993;4.140
4994;4983;2.106
4990;4995;17.264
4987;4996;4.515
4997;4987;13.178
4979;4997;5.917
4994;4998;4.404
4998;4983;7.970
4998;4984;15.010
5000;4999;4.927
5000;4994;2.816
4993;5001;3.141
4990;5001;4.695
5002;5000;1.388
5003;4991;5.055
4992;5004;5.725
4986;5005;9.363
4996;5005;11.445
5005;5006;5.670
5006;5004;12.560
5007;4997;7.745
5009;5008;4.453
4982;5010;20.231
5010;5002;2.981
5003;5011;12.955
5012;5010;1.706
5013;4998;6.351
5013;5014;9.972
5015;4994;11.286
5016;5002;7.642
5016;5015;2.651
5017;5003;11.864
5018;5012;4.649
5011;5019;8.857
5020;5013;5.250
5019;5021;1.060
5022;5015;7.922
5022;5020;2.152
5005;5023;11.174
4996;5023;13.132
5024;5023;15.446
4997;5024;4.744
5007;5025;8.089
5025;5024;7.603
5026;5007;12.089
5028;5027;14.878
5029;5016;6.700
5029;5022;6.768
5030;4992;29.060
5031;5020;8.128
5001;5031;19.876
5024;5032;1.714
5033;5032;4.443
5034;5018;24.223
5035;4958;50.383
5008;5035;34.464
5036;5031;4.396
5006;5037;14.766
5023;5037;14.249
5038;5028;4.484
5021;5038;11.568
5039;5029;5.317
5040;5037;4.727
5032;5041;1.590
5039;5012;25.929
5042;5030;24.654
5043;5017;33.615
5044;5036;5.809
5045;5039;5.774
5031;5045;15.406
5004;5046;22.227
5046;5047;0.960
5048;5036;6.915
5049;5046;16.476
5037;5049;5.878
5050;5030;16.643
5047;5050;7.458
5041;5051;2.674
5053;5052;2.575
5049;5052;2.863
5054;5026;14.588
5041;5055;14.147
5051;5055;0.644
5056;5051;9.091
5057;5034;13.067
5058;5043;8.812
5052;5059;1.918
5055;5059;18.881
5060;5025;20.111
5060;5054;7.848
5061;5048;7.543
5062;5045;8.016
5063;5054;4.284
5048;5064;10.878
5065;5063;25.904
5065;5038;15.509
5066;5060;4.743
5063;5066;8.513
5059;5067;4.920
5068;5045;13.337
5068;5061;4.483
5069;5050;11.297
5047;5069;11.269
5055;5070;2.805
5071;5065;12.937
5071;5019;28.449
5058;5071;38.703
5070;5072;1.554
5070;5073;9.025
5073;5074;4.209
5066;5074;9.384
5067;5075;16.322
5076;5058;5.925
5067;5077;12.484
5077;5072;1.488
5078;5076;0.539
5079;5073;5.645
5080;5079;3.087
5074;5080;6.906
5081;5077;1.833
5071;5082;26.920
5083;5081;4.789
5072;5083;7.136
5084;5081;0.771
5085;5084;6.727
5075;5086;10.962
5086;5085;7.969
5087;5083;2.866
4935;5089;15.497
5090;5079;4.363
5082;5091;12.440
5063;5092;16.785
5091;5092;5.326
5090;5093;6.367
5093;5087;4.521
5075;5095;9.607
5095;5086;8.404
5069;5096;13.995
4934;5009;31.206
5089;5097;1.515
5096;5098;1.801
5095;5098;2.299
5082;5099;6.720
5100;5099;15.368
5097;5101;1.183
5102;5080;8.693
5101;5103;0.709
5104;5090;5.382
5102;5104;2.166
5107;5087;6.612
5108;5091;6.677
5099;5108;11.893
5109;5107;2.732
5109;5093;7.170
5085;5110;9.102
5110;5084;3.420
5103;5111;1.194
5107;5112;1.943
5113;5061;42.324
5104;5109;9.278
5114;5102;4.446
5092;5114;15.725
5110;5115;13.448
5098;5116;8.355
5115;5116;6.216
5117;5114;3.718
5108;5117;19.896
5118;5115;11.248
5118;5110;2.982
5114;5119;19.242
5120;5118;6.020
5119;5120;3.747
5121;5118;0.786
5122;5121;8.473
5122;5120;4.783
5124;5123;8.137
5124;5122;20.132
5116;5125;29.104
5125;5121;9.273
5111;5126;19.125
5126;5127;0.935
5127;5128;0.306
5096;5129;67.037
5125;5130;6.752
5130;5131;1.824
5128;5132;10.586
5133;5130;11.515
5132;5133;1.387
5133;5135;0.561
5135;5137;0.641
5137;5141;1.085
5141;5142;1.322
5143;4932;0.887
5144;5143;0.550
5142;5144;0.603
5154;5057;35.822
5153;5155;4.570
5166;5167;2.046
5174;5175;2.600
5176;5154;25.739
5177;5176;31.332
5178;5177;24.349
5175;5179;36.100
5179;5180;19.566
5181;5178;47.464
5182;5181;9.776
5184;5183;24.143
5186;5185;82.113
5185;5181;10.269
5187;5186;32.889
5188;5187;19.053
5189;5184;41.177
5190;5189;22.248
5192;5191;31.560
5192;5189;24.242
5194;5188;21.872
5195;5192;26.332
5194;5195;21.164
5195;5193;59.770
5197;5196;8.799
5199;5182;36.889
5200;5199;0.517
5202;5201;3.761
5204;5203;7.271
5204;5198;7.166
5201;5204;15.013
5205;5204;3.102
5201;5205;12.960
5194;5206;19.152
5204;5207;16.323
5209;5205;6.019
5210;5209;1.726
5211;5208;15.301
5209;5211;7.673
5210;5211;7.754
5212;5210;1.200
5206;5212;7.898
5213;5212;1.087
5211;5214;21.595
5215;5213;22.626
5216;5215;0.498
5216;5206;28.758
5217;5216;3.625
5218;5200;16.398
5219;5218;1.583
5220;5216;49.441
5221;5212;17.463
5222;5221;53.592
5222;5213;18.366
5223;5222;2.034
5224;5223;29.443
5225;5224;4.994
5226;5222;17.392
5227;5222;14.931
5228;5219;26.558
5229;5228;0.715
5230;5229;24.443
5231;5227;31.212
5232;5225;49.761
5233;5230;52.590
3056;5233;21.813
5234;5232;24.674
5235;5231;34.912
5236;5235;3.153
5237;5234;53.233
5238;5236;25.809
5239;5238;14.161
5240;5237;26.536
5241;5240;6.680
5242;5241;20.159
5243;5239;31.303
5244;5243;0.926
5245;5244;7.185
5247;5246;0.454
5248;5247;10.938
5246;5249;10.941
5249;5250;4.248
5251;5250;4.020
5253;5252;42.250
5254;5251;0.884
5255;5254;9.794
5256;5253;15.982
5256;5254;5.378
5257;5256;1.720
5258;5255;20.706
5259;5257;4.233
5260;5258;6.586
5261;5257;2.347
5261;5253;22.150
5262;5256;12.738
5255;5262;18.945
5263;5259;5.925
5263;5259;13.914
5264;5262;6.033
5265;5260;15.175
5266;5258;18.595
5267;5263;7.508
5264;5267;5.622
5269;5268;15.829
5269;5261;4.399
5270;5269;1.668
5271;5264;9.712
5271;5266;7.464
5272;5271;1.205
5273;5267;6.175
5274;5269;5.896
5267;5274;13.484
5275;5266;8.785
5275;5260;22.856
5277;5276;12.704
5276;5270;1.311
5278;5268;22.209
5279;5278;2.187
5280;5275;3.788
5281;5279;17.098
5281;5276;0.640
5282;5272;5.311
5283;5273;6.994
5272;5283;6.590
5284;5273;5.740
5285;5283;1.385
5282;5285;6.545
5286;5270;8.153
5287;5282;5.613
5280;5287;9.506
5288;5280;11.663
5288;5289;15.416
5290;5286;6.705
5291;5274;12.932
5291;5284;7.018
5292;5285;6.173
5293;5291;1.159
5290;5286;10.794
5293;5290;7.006
5294;5288;4.890
5278;5295;85.491
5296;5287;11.257
5294;5296;9.883
5297;5293;12.444
5296;5298;10.919
5299;5284;22.629
5298;5299;1.950
5300;5297;5.709
5299;5300;3.981
5301;5294;35.806
5303;5302;9.939
5303;5297;7.637
5304;5300;5.673
5304;5298;7.674
5305;5301;2.797
5306;5281;15.053
5306;5307;0.211
5303;5308;8.830
5309;5301;9.116
5310;5303;14.084
5311;5296;22.629
5309;5311;36.778
5312;5304;29.388
5312;5313;19.795
5314;5311;20.696
5314;5312;9.802
5315;5309;44.423
5316;5314;12.909
5316;5315;1.947
5317;5316;2.083
5316;5306;102.487
5307;5318;79.644
5318;5319;10.996
5321;5320;0.571
5322;5321;3.130
5324;5323;0.666
5326;5325;7.054
5325;5327;8.040
5328;2158;12.744
5327;5329;28.800
5329;5330;5.193
5323;5328;16.449
5331;5324;5.014
5332;5331;1.083
5330;5333;42.827
5333;5334;1.234
5335;5332;8.766
5336;5331;29.577
5334;5322;21.191
5337;5336;18.086
5320;5338;2.551
5339;5337;3.191
5339;5340;20.350
5341;5338;0.470
5342;5339;1.617
5341;5343;1.224
5344;5341;4.540
5345;5342;3.456
5343;5345;1.580
5342;5346;5.048
5345;5347;1.681
5346;5348;2.490
5348;5347;4.314
5349;5347;2.810
5349;5343;5.178
5350;5339;8.842
5350;5346;4.085
5351;5349;4.087
5352;5351;0.994
5352;5344;6.989
5353;5348;3.684
5354;5350;2.759
5355;5352;3.994
5356;5344;14.941
5353;5354;8.069
5357;5353;7.589
5357;5351;7.229
5358;5356;4.483
5355;5359;5.864
5356;5360;5.183
5359;5361;1.054
5361;5355;7.553
5362;5358;4.669
5363;5361;3.949
5364;5360;4.243
5364;5358;4.195
5365;5363;2.760
5360;5365;3.195
5366;5357;9.055
5366;5359;4.601
5367;5363;1.777
5368;5362;3.582
5369;5364;4.273
5369;5362;4.242
5369;5365;9.628
5370;5368;4.157
5371;5369;6.912
5371;5370;4.025
5372;5370;7.140
5373;5366;27.888
5374;5373;2.370
5374;5371;5.144
5375;5374;2.874
5372;5375;4.652
5376;5372;4.925
5373;5377;3.683
5377;5375;7.941
5378;5375;4.265
5376;5378;6.001
5379;5354;42.679
5380;5378;4.082
5381;5380;3.863
5382;5376;12.925
5383;5381;3.904
5384;5383;3.002
5382;5384;2.919
5385;5382;3.176
5386;5385;6.462
5387;5379;15.350
5387;5380;11.449
5388;5387;2.089
5388;5381;8.491
5389;5385;2.484
5390;5384;5.102
5390;5389;3.764
5391;5383;6.430
5391;5390;1.304
5392;5389;5.972
5393;5391;6.589
5393;5392;4.325
5394;5388;16.719
5393;5394;2.055
5395;5393;7.275
5394;5396;13.716
5397;5392;14.118
5398;5397;2.816
5399;5395;5.522
5400;5395;6.094
5400;5397;3.792
5401;5400;7.002
5401;5397;13.263
5402;5401;13.966
5404;5403;1.609
5406;5405;0.635
5407;5335;23.147
5408;5407;45.325
5410;5409;6.022
5411;5410;53.919
5412;5408;32.376
5414;5413;19.423
5414;5412;3.407
5416;5415;14.661
5417;5414;1.433
5415;5417;10.153
5418;5417;1.466
5419;5418;7.934
5420;5417;11.269
5416;5420;8.018
5403;5418;1.066
5421;5420;6.115
5421;5416;10.215
5422;5421;4.103
5423;5404;1.826
5424;5411;22.693
5425;5423;7.572
5427;5426;6.870
5426;5423;1.872
5425;5428;4.014
5428;5426;5.121
5429;5425;8.069
5430;5426;2.006
5431;5428;3.692
5429;5431;7.025
5432;5429;7.446
5433;5430;1.868
5434;5430;6.475
5434;5431;5.570
5435;5429;6.899
5436;5424;5.564
5434;5437;2.656
5438;5436;4.370
5405;5438;0.347
5437;5433;4.340
5439;5406;4.499
5440;5435;7.840
5441;5439;1.499
5441;5433;2.093
5442;5435;3.919
5437;5441;9.701
5443;5434;6.233
5443;5442;6.735
5439;5444;7.074
5444;5441;1.743
5445;5444;0.966
5446;5443;12.000
5446;5442;8.712
5447;5445;5.450
5443;5447;11.867
5448;5447;1.659
5449;5448;6.202
5449;5443;10.565
5451;5450;7.161
5451;5445;2.014
5452;5448;3.178
5453;5446;5.584
5453;5449;12.705
5454;5451;0.889
5455;5453;11.602
5456;5454;10.763
5456;5449;9.038
5456;5457;1.575
5453;5457;17.226
5458;5454;2.557
5457;5458;13.290
1345;5458;129.013
5460;5459;3.634
5462;5461;5.547
5464;5463;0.582
5466;5465;0.307
5468;5467;0.553
5470;5469;0.301
5472;5471;0.433
5474;5473;0.337
5476;5475;0.496
5478;5477;1.142
5480;5479;0.576
5482;5481;0.617
5484;5483;0.540
5486;5485;0.529
5488;5487;0.653
5490;5489;0.829
5492;5491;0.730
5494;5493;2.684
5496;5495;0.374
5498;5497;0.624
5500;5499;0.573
5502;5501;0.660
5504;5503;2.314
5505;5504;27.274
5506;5505;26.103
5507;5506;13.414
5508;5507;8.415
5509;5508;5.900
5510;5509;4.866
5511;5510;56.224
5465;5511;8.169
5512;5466;2.307
5467;5512;17.896
5514;5513;2.756
5515;5514;7.078
5516;5515;10.187
5515;5517;1.935
5518;5517;17.813
5519;5518;4.299
5519;5520;13.512
5521;5520;5.604
5520;5522;2.375
5523;5519;6.608
5524;5522;4.690
5522;5525;24.403
5517;5526;21.687
5525;5526;8.230
5526;5527;7.890
5527;5528;10.931
5530;5529;2.699
5528;5530;7.472
5528;5531;6.020
5533;5532;3.282
5530;5532;19.271
5535;5534;3.688
5536;5530;5.182
5532;5535;15.947
5537;4594;60.725
5538;5468;19.538
5469;5538;1.722
5489;5537;21.191
5539;5470;8.672
5540;5539;9.242
5471;5540;14.592
5473;5472;20.823
5541;5474;22.307
5542;5541;3.649
5543;5542;11.683
5544;5543;2.075
5543;5545;12.811
5544;5546;1.515
5545;5547;6.748
5547;5546;1.059
5548;5545;5.654
5549;5547;2.700
5549;5550;0.562
5546;5551;2.119
5551;5552;0.519
5550;5553;1.691
5555;5554;6.052
5553;5492;41.791
5552;5556;3.962
5556;5551;20.795
5556;5557;3.262
5556;5558;0.326
5559;5558;7.553
5560;5554;15.005
5554;5561;10.442
5558;5562;1.147
5564;5563;3.955
5565;5563;6.515
5561;5566;3.313
5567;5561;6.202
5552;5568;21.990
5562;5568;5.500
5570;5569;1.739
5562;5571;2.884
5568;5572;4.056
5563;5573;8.175
5572;5573;1.748
5572;5571;12.548
5566;5574;6.644
5575;5563;8.759
5573;5575;3.689
5576;5570;5.930
5575;5576;2.393
5577;5574;4.772
5578;5566;11.644
5576;5579;4.251
5571;5580;3.971
5580;5578;10.492
5581;5578;4.506
5583;5582;1.397
5579;5584;4.883
5585;5584;4.442
5586;5583;3.877
5587;5586;4.854
5588;5586;7.355
5589;5588;7.446
5584;5590;3.034
5591;5590;6.492
5580;5592;4.419
5574;5592;26.333
5592;5593;0.407
5586;5594;7.137
5493;5595;5.027
5596;5588;9.083
5590;5596;18.113
5597;5596;6.649
5597;5460;2.537
5599;5598;5.623
5594;5599;12.480
5459;5599;1.465
5594;5600;12.517
5599;5600;7.841
5491;5601;29.294
5602;5494;13.197
5601;5602;7.740
5603;5593;3.849
5600;5604;10.078
5600;5605;28.206
5605;5606;1.879
5608;5607;8.113
5610;5609;6.584
5609;5607;8.933
5607;5611;6.460
5611;5612;3.728
5613;5607;5.798
5611;5614;5.177
5613;5614;3.816
5615;5603;6.448
5614;5616;3.379
5609;5613;22.498
5617;5615;5.717
5495;5490;169.373
5618;5617;17.966
5619;5618;7.301
5475;5619;24.572
5497;5496;51.839
5620;5476;1.261
5621;5620;4.648
5622;5498;9.082
5623;5622;6.299
5624;5621;8.856
5625;5623;1.924
5626;5625;3.989
5627;5625;1.759
5628;5627;6.254
5630;5629;2.764
5632;5631;3.180
5633;5632;5.622
5634;5629;0.996
5635;5627;4.628
5629;5636;3.493
5637;5636;1.574
5636;5638;2.624
5638;5635;6.878
5639;5632;10.479
5640;5635;2.643
5641;5633;12.559
5642;5640;1.255
5643;5639;5.248
5643;5641;0.893
5644;5642;4.725
5645;5639;4.831
5647;5646;3.509
5648;5643;4.594
5649;5647;4.749
5650;5640;3.684
5649;5650;0.277
5651;5638;10.705
5652;5649;1.121
5653;5652;1.891
5654;5653;0.512
5655;5654;2.535
5656;5654;1.018
5656;5648;6.523
5657;5656;1.296
5657;5648;8.654
5658;5653;5.303
5659;5650;12.955
5660;5642;15.396
5660;5659;3.235
5662;5661;0.608
5499;5662;0.670
5641;5663;23.274
5663;5657;5.878
5664;5663;0.765
5664;5665;7.496
5667;5666;7.472
5662;5666;1.110
5595;5502;175.859
5666;5664;7.778
5669;5668;4.601
5671;5670;6.222
5671;5660;5.158
5672;5671;0.946
5668;5672;5.228
5673;5662;5.457
5674;5671;6.415
5659;5674;8.247
5676;5675;6.311
5652;5675;13.649
5501;5500;40.414
5677;5672;5.754
5677;5674;4.055
5678;5668;5.705
5675;5679;4.385
5679;5656;18.678
5679;5680;3.929
5681;5677;7.565
5680;5681;8.118
5682;5680;3.373
5683;5682;3.739
5684;5682;2.004
5685;5684;1.612
5686;5684;3.146
5687;5482;5.278
5688;5624;22.190
5481;5484;59.471
5689;5688;2.078
5485;5690;1.487
5483;5486;30.403
5690;5691;19.579
5692;5689;34.373
5693;5692;1.365
5691;5694;7.610
5696;5695;6.800
5698;5697;6.541
5699;5698;6.036
5695;5698;5.790
5700;5693;0.916
5701;5698;7.236
5697;5702;5.753
5702;5701;3.809
5703;5695;4.971
5702;5704;2.814
5705;5701;4.615
5706;5705;6.083
5477;5700;1.602
5707;5704;5.987
5707;5705;10.600
5704;5708;10.835
5707;5708;12.472
5707;5709;7.272
5708;5710;6.770
5710;5711;5.235
5709;5711;7.238
5711;5712;1.866
5709;5712;6.342
5712;5713;2.206
5714;5713;2.883
5715;5478;3.341
5710;5716;13.632
5716;5717;4.878
5713;5717;9.895
5718;5714;21.180
5717;5719;7.242
5714;5719;16.252
5719;5720;12.151
5721;5715;9.270
5722;5721;0.600
5462;5723;2.141
5720;5462;26.181
5725;5724;5.195
5722;5724;6.252
5463;5722;4.366
5463;5726;3.338
5724;5463;17.273
5727;5464;3.676
5727;5461;8.174
5728;5464;7.919
5728;5729;8.500
5729;5727;3.022
5730;5729;1.895
5732;5731;5.478
5732;5728;4.555
5733;5727;3.191
5734;5730;4.928
5735;5734;1.909
5736;5732;6.668
5737;5734;2.764
5738;5732;12.214
5739;5738;7.495
5740;5730;9.179
5741;5740;3.600
5742;5740;3.747
5743;5741;1.597
5743;5733;1.454
5741;5744;12.663
5745;5743;8.578
5746;5745;102.845
5748;5747;2.437
5749;5747;1.034
5749;5750;1.957
5751;5749;4.729
5753;5752;10.261
5754;5748;5.511
5755;5754;1.829
5747;5755;5.210
5756;5748;9.333
5754;5756;2.630
5758;5757;3.538
5757;5759;5.811
5760;5751;2.835
5752;5760;1.068
5757;5756;2.499
5761;5755;1.593
5761;5751;1.320
5762;5746;8.451
5763;5760;2.352
5763;5752;3.346
5764;5763;1.606
5765;5764;17.642
5766;5761;3.313
5766;5767;4.445
5763;5767;2.531
5768;5766;1.615
5769;5757;7.324
5768;5769;5.896
5770;5769;5.089
5771;5768;3.563
5767;5771;4.648
5764;5772;9.721
5771;5772;6.067
5769;5773;6.269
5774;5773;3.060
5776;5775;3.705
5775;5769;7.205
5775;5774;0.818
5777;5775;4.167
5772;5778;5.475
5779;5771;9.953
5778;5779;4.320
5780;5774;10.079
5773;5781;6.214
5781;5782;1.771
5783;5780;1.890
5784;5783;4.684
5781;5785;5.437
5785;5779;2.931
5786;5782;2.506
5780;5787;13.926
5788;5787;4.611
5789;5785;3.162
5790;5789;2.020
5782;5791;7.183
5792;5783;4.545
5791;5792;4.498
5790;5791;9.009
5789;5793;5.722
5778;5793;10.039
5791;5794;4.434
5795;5792;4.210
5794;5795;3.134
5796;5795;0.887
5797;5796;1.713
5798;5796;2.660
5800;5799;7.089
5787;5800;12.434
5801;5794;8.525
5793;5802;12.735
5803;5800;1.313
5804;5790;16.866
5804;5802;6.024
5805;5803;0.526
5806;5801;27.862
5806;5804;20.742
5807;5805;8.120
5807;5806;6.742
5802;5808;33.697
5809;5762;31.891
5810;5807;5.563
5812;5809;2.520
5479;5812;28.077
5479;5813;14.883
5813;5814;12.248
5815;5813;21.370
5799;5816;157.235
5816;5488;72.235
5487;4810;1.516
5817;5480;51.077
5818;5817;8.106
5819;5818;13.374
5820;5819;13.781
5821;5820;7.376
5823;5822;1.030
5825;5824;1.021
5827;5826;1.246
5829;5828;0.724
5831;5830;1.047
5833;5832;2.114
5834;5833;3.906
5835;5834;32.846
5824;5835;39.714
5837;5836;5.910
5826;5837;2.846
5836;5838;9.388
5840;5839;10.289
5842;5841;6.566
5843;5839;7.012
5839;5844;10.821
5844;5845;1.813
5846;5842;1.556
5846;5844;11.299
5848;5847;2.899
5845;5848;4.098
5842;5849;5.642
5850;5825;47.447
5844;5851;5.458
5852;5827;6.122
5853;5848;2.782
5854;5853;15.391
5855;5846;3.561
5851;5855;5.522
5856;5845;4.644
5853;5856;4.374
5838;5857;7.575
5858;5851;4.896
5856;5858;4.948
5857;5859;1.587
5860;5855;6.461
5858;5860;4.841
5860;5861;2.701
5859;5862;0.994
5849;5863;10.671
5861;5863;5.186
5865;5864;5.766
5863;5865;3.919
5849;5866;21.306
5865;5867;5.766
5869;5868;2.434
5867;5870;1.105
5869;5871;8.484
5871;5859;25.476
5862;5872;2.020
5873;5865;5.112
5873;5861;10.564
5874;5872;38.774
5875;5869;7.089
5868;5875;3.732
5876;5852;3.567
5875;5877;1.768
5878;5867;6.721
5878;5873;3.480
5877;5868;6.627
5879;5850;3.871
5828;5876;0.587
5880;5870;9.063
5880;5878;3.476
5877;5881;6.138
5870;5882;11.208
5882;5883;2.630
5884;5883;2.416
5882;5885;4.445
5883;5885;4.920
5886;5880;7.905
5886;5871;31.349
5887;5886;5.732
5872;5888;5.181
5887;5889;4.771
5885;5890;13.149
5890;5887;12.232
5889;5891;2.521
5892;5890;1.781
5893;5889;5.976
5894;5892;4.830
5895;5892;3.900
5896;5829;8.176
5897;5896;6.112
5898;2335;19.429
5899;5897;3.718
5900;5899;1.796
5900;5898;1.979
5901;5900;1.484
5902;5900;1.907
5902;5903;1.611
5822;5903;0.182
5904;5901;4.216
5905;5879;32.966
2336;5904;20.004
5906;5823;19.469
5907;5906;0.106
5888;5908;32.429
5908;5905;23.289
5909;2339;8.228
5910;5907;17.009
5911;5910;13.759
5912;5911;0.660
5914;5913;9.620
5915;5912;57.152
5917;5916;3.763
5918;5916;4.957
5916;5919;3.025
5920;5913;13.731
5915;5921;1.361
5913;5922;6.577
5923;5922;7.214
5924;5919;2.869
5926;5925;12.410
5927;5925;1.899
5928;5920;4.284
5922;5928;5.114
5930;5929;17.886
5925;5931;4.887
5919;5932;10.897
5932;5930;5.729
5933;5921;10.610
5931;5933;3.332
5935;5934;3.569
5921;5935;4.769
5936;5933;4.084
5937;5930;10.752
5938;5937;1.429
5939;5933;11.476
5935;5940;1.649
5941;5932;10.506
5939;5936;14.007
5942;5941;2.519
5943;5942;15.677
5943;5937;7.409
5928;5943;19.036
5944;5940;1.315
5944;5939;12.286
5945;5941;16.210
5946;5942;6.395
5943;5947;9.986
5947;5928;30.282
5948;5946;8.200
5949;5948;13.416
5950;5949;8.446
5951;5946;13.083
5952;5949;3.290
5947;5952;5.019
5953;5952;2.118
5954;5944;5.737
5955;5953;1.632
5956;5955;4.151
5958;5957;6.640
5956;5958;13.894
5958;5959;3.776
5960;5958;4.753
5960;5959;4.880
5961;5960;5.813
5962;5960;5.927
5963;5961;5.349
5959;5964;13.476
5965;5961;4.483
5966;5954;14.139
5967;5965;6.561
5968;5966;2.997
5969;5968;0.284
5971;5970;4.201
5964;5971;9.837
5972;5971;1.692
5973;5972;2.546
5974;5973;4.041
5964;5974;10.922
5974;5975;2.741
5976;5975;7.288
5975;5977;4.157
5978;5973;5.541
5979;5972;6.315
5980;5977;2.646
5981;5980;5.181
5977;5982;3.913
5983;5956;11.260
5983;5965;23.498
5984;5980;6.114
5982;5985;6.750
5986;5982;6.473
5987;5985;8.686
5988;5969;29.808
5989;5983;19.980
5989;5987;8.140
5990;5989;4.367
5991;5988;54.412
5993;5991;1.017
5830;5990;5.873
5994;5993;1.629
5995;5831;0.545
5996;5994;3.196
5998;5996;1.977
597;5998;66.761
5999;3;3.954
6001;6000;1.212
6003;6002;0.603
6000;6003;5.030
6005;6004;1.428
6007;6006;4.948
6012;6011;10.604
6019;6018;1.672
6025;6024;2.893
6027;6026;8.118
6027;6028;1.508
6033;6032;5.105
6035;6034;1.441
6037;6036;9.826
6039;6038;1.100
6041;6040;4.021
6043;6042;3.819
6045;6044;3.896
6047;6046;0.658
6049;6048;1.161
6051;6050;0.714
6053;6052;0.558
6055;6054;0.790
6057;6056;0.519
6059;6058;1.400
6061;6060;1.422
6063;6062;2.348
6065;6064;0.580
6067;6066;1.119
6069;6068;0.813
6071;6070;0.863
6073;6072;0.320
6075;6074;0.929
6077;6076;0.544
6079;6078;1.666
6081;6080;1.486
6083;6082;1.227
6085;6084;1.232
6087;6086;0.765
6089;6088;1.210
6091;6090;1.380
6093;6092;0.868
6095;6094;1.478
6097;6096;1.004
6099;6098;1.768
6101;6100;0.843
6103;6102;0.558
6105;6104;0.363
6107;6106;0.948
6109;6108;0.807
6111;6110;1.299
6113;6112;0.494
6115;6114;0.629
6118;6117;0.767
6120;6119;1.383
6122;6121;1.280
6124;6123;1.423
6126;6125;1.103
6128;6127;1.125
6130;6129;1.301
6131;3;4.518
6132;3133;47.194
6026;6132;15.256
6134;6133;1.685
6135;6134;1.055
6133;6029;27.701
6024;6026;28.847
6136;6135;31.458
6137;6028;12.056
6139;6138;2.425
6140;6137;22.359
6141;6140;2.550
6143;6142;7.960
6143;6144;7.994
6145;6143;3.097
6145;6146;14.724
6148;6147;1.042
6141;6149;12.892
6147;6149;8.091
6150;6147;12.441
6150;6145;9.120
6151;6150;5.004
6153;6152;11.954
6152;6154;4.064
6151;6155;15.343
6154;6155;8.243
6155;6151;13.723
6157;6156;4.428
6158;6141;9.882
5409;6136;42.007
6158;6157;7.463
6159;6157;2.430
6159;6156;4.642
6156;6160;16.870
6149;6160;13.440
6160;6151;12.469
6160;6161;9.201
6161;6151;10.861
6162;6158;4.547
6163;6161;21.510
6163;6154;16.548
6164;6159;16.589
6164;6160;18.822
6165;6161;10.550
6166;6163;14.358
6166;6165;16.990
6167;6162;19.548
6164;6167;10.690
6165;6164;20.690
6168;6166;3.128
6167;6169;5.725
6169;6167;17.560
6170;6165;9.234
6170;6171;8.224
6172;6165;10.382
6173;6139;65.333
6174;6173;8.920
6174;6162;10.224
6175;6170;18.326
6177;6176;6.318
6176;6169;19.738
6178;6176;68.048
6179;6174;60.403
6108;6179;18.901
6181;6180;2.778
6182;6181;14.663
6183;6182;4.398
6184;6182;3.992
6183;6184;2.252
6186;6185;35.291
6187;6001;13.361
6187;6186;0.215
6188;6184;12.450
6190;6189;2.724
6189;6188;7.651
6191;6190;11.015
6002;6192;3.223
6193;6183;16.509
6192;6193;0.533
6194;6188;5.877
6195;6194;2.637
6193;6195;4.739
6196;6189;9.270
6196;6194;5.326
6197;6190;10.535
6197;6196;3.913
6198;6195;3.277
6199;6198;9.688
6199;6193;6.631
6200;6196;9.703
6200;6198;2.194
6201;6199;8.656
6202;6200;7.565
6202;6201;17.402
6203;6201;9.307
6204;6197;28.137
6205;6202;5.786
6204;6206;37.547
6205;6204;12.202
6207;6205;14.068
6208;6187;8.631
6019;6109;15.870
6209;6208;3.164
6210;6018;19.672
6212;6211;10.331
6211;6213;5.831
6213;6214;6.827
6213;6215;13.053
6211;6216;21.714
6216;6217;4.314
6218;6216;6.216
6215;6218;3.286
6214;6219;9.291
6219;6220;2.303
6221;6215;4.899
6218;6222;5.008
6221;6222;1.668
6214;6223;9.536
6220;6223;3.917
6224;6221;10.787
6223;6224;2.697
6225;6220;2.345
6217;6226;6.737
6014;6210;12.078
6227;6216;9.147
6224;6228;2.215
6223;6228;2.933
6222;6229;4.300
6229;6230;1.481
6226;6231;7.985
6231;6227;1.852
6038;6131;0.726
6217;6016;33.879
6232;6227;4.085
6229;6232;4.388
6233;6232;1.563
6230;6233;4.332
6234;6231;3.907
6233;6234;3.472
6230;6235;7.567
6228;6235;8.138
6226;6236;9.685
6237;6233;6.607
6235;6237;5.158
6226;6238;13.080
6236;6238;6.025
6239;6234;6.099
6237;6239;5.462
6240;6235;8.017
6239;6241;3.416
6236;6242;8.911
6241;6242;4.233
6235;6243;11.840
6244;6241;5.771
6245;6238;24.358
6244;6242;7.910
6246;6244;1.904
6243;6246;11.562
6247;6238;13.677
6242;6247;12.860
6248;6246;3.546
6249;6248;10.274
6250;6248;9.170
6251;6247;15.287
6011;6014;1.551
6252;6012;0.191
6253;6252;0.930
6048;6254;19.054
6255;6049;35.531
6256;6253;46.977
6050;6255;23.212
6257;6051;13.483
6258;6209;92.802
6009;6256;24.336
6258;6259;9.203
6259;6008;6.947
6052;6257;23.936
6259;6260;3.479
6261;6033;41.086
6260;6262;97.785
6263;6262;2.712
6260;6263;2.592
6032;6264;10.041
6265;6264;18.476
6007;6258;89.673
6262;6007;2.866
6266;6007;47.432
6267;6266;30.422
6264;6268;40.697
6267;6269;3.584
6270;6268;5.275
6271;6270;10.000
6269;6036;1.801
6053;6272;34.100
6272;6005;3.485
6006;6273;6.908
6004;6274;0.496
6268;6274;7.152
6274;6275;2.961
6270;6275;5.395
6275;6276;4.165
6044;6279;39.592
6279;6272;8.171
6280;6005;11.845
6281;6277;10.378
6282;6279;1.418
6274;6283;12.005
6284;6281;1.118
6266;6284;41.834
6283;6285;24.642
6278;6285;6.751
6285;6286;2.938
6286;6287;4.029
6288;6287;24.584
6281;6288;6.370
6283;6289;6.481
6037;6290;16.883
6286;6291;2.353
6288;6292;3.689
6287;6293;7.195
6294;6282;7.603
6293;6295;9.964
6295;6292;9.386
6296;6284;10.107
6293;6297;3.779
6295;6297;4.997
6298;6296;2.337
6299;6296;2.024
6290;6299;8.256
6037;6300;23.448
6289;6301;11.555
6285;6301;19.891
6302;6288;26.835
6302;6298;5.253
6300;6303;3.998
6292;6304;10.335
6301;6305;4.078
6305;6291;17.794
6304;6306;4.296
6307;6290;16.430
6303;6307;7.256
6308;6302;9.212
6110;6294;4.358
6282;6309;33.361
6280;6309;25.344
6306;6308;9.422
6310;6304;6.793
6306;6310;3.676
6311;6303;9.765
6297;6312;17.094
6310;6313;4.729
6305;6314;7.397
6289;6315;20.122
6315;6314;10.167
6312;6316;2.921
6316;6313;2.384
6291;6317;21.000
6318;6299;6.087
6314;6319;5.338
6319;6317;11.818
6309;6280;45.229
6317;6320;3.283
6320;6312;14.557
6321;6298;19.519
6318;6321;3.163
6322;6307;10.050
6311;6322;8.561
6323;6318;1.069
6324;6319;2.415
6325;6311;11.546
6320;6326;2.758
6327;6322;3.783
6325;6327;14.000
6328;6316;6.343
6313;6329;10.970
6327;6323;12.090
6330;6325;2.787
6331;6324;8.321
6308;6332;15.855
6332;6333;3.829
6315;6334;8.021
6334;6331;4.708
6332;6335;3.142
6300;6336;29.478
6328;6329;12.415
6337;6327;4.648
6329;6338;6.778
6333;6339;5.850
6321;6339;10.630
6309;6340;17.509
6337;6330;17.623
6341;6338;3.236
6335;6341;8.144
6324;6342;11.885
6342;6326;9.999
6333;6335;11.803
6326;6343;13.511
6343;6328;9.349
6344;6330;11.217
6336;6344;6.307
6345;6343;6.367
6346;6323;5.186
6347;6341;7.435
6331;6348;15.268
6348;6342;9.554
6349;6337;8.828
6349;6346;7.255
6350;6345;3.962
6338;6350;12.762
6348;6351;3.740
6352;6350;4.566
6349;6353;7.491
6354;6347;6.632
6355;6343;11.035
6352;6356;6.333
6347;6356;12.078
6351;6357;5.297
6358;6352;4.072
6359;6355;4.143
6359;6345;11.429
6360;6359;1.114
6361;6344;19.536
6351;6362;12.564
6362;6355;7.686
6363;6358;3.674
6356;6363;6.100
6364;6354;7.723
6364;6339;19.286
6363;6365;1.892
6360;6358;12.719
6353;6366;13.928
6362;6367;4.550
6368;6364;5.654
6340;6369;37.099
6367;6370;3.596
6370;6360;9.004
6354;6371;19.622
6372;6346;8.469
6373;6344;23.734
6370;6374;5.098
6374;6367;11.868
6353;6375;21.607
6373;6375;8.147
6376;6374;5.710
6371;6376;21.275
6349;6377;27.019
6378;6372;4.819
6377;6378;3.057
6379;6371;13.572
6380;6379;3.294
6380;6372;8.110
6369;6381;47.587
6340;6381;47.426
6382;6377;12.025
6375;6382;13.395
6383;6380;0.962
6384;6378;4.296
6382;6384;6.068
6385;6376;16.218
6385;6379;20.341
6334;6386;69.894
6386;6385;3.312
6387;6384;6.412
6387;6373;27.890
6388;6385;9.674
6388;6383;7.182
6389;6387;0.722
6390;6389;3.219
6386;6391;13.023
6391;6388;2.613
6034;6391;0.854
6393;6392;19.957
6394;6383;31.735
6395;6390;4.218
6396;6388;39.856
6389;6397;25.470
6399;6395;16.277
6399;6395;7.691
6381;6400;51.180
6400;6035;14.095
6401;6390;13.275
6401;6393;24.423
6402;6393;32.930
6403;6402;1.392
6404;6401;10.558
6405;6398;38.232
6404;6406;4.731
6407;6405;5.448
6407;6399;21.109
6407;6404;21.853
6408;6111;41.968
6409;6403;28.180
6410;6035;6.226
6411;6401;12.420
6402;6411;24.043
6405;6035;90.007
6412;6409;15.180
6413;6407;18.508
6414;6409;40.633
6415;6407;19.856
6416;6414;3.713
6417;6411;11.058
6417;6412;15.104
6418;6413;17.676
6419;6416;53.917
6420;6419;8.808
6421;6418;25.545
6418;6421;68.737
6422;6412;97.275
6422;6420;30.449
6423;6415;47.709
6421;6423;28.068
6424;6417;35.742
6424;6422;28.301
6422;6424;30.352
6425;6410;22.661
6426;6421;110.522
6428;6427;4.998
6429;6428;5.564
6430;6429;5.011
6431;6428;16.822
6433;6432;2.181
6433;6429;8.085
6431;6434;5.722
6434;6435;1.855
6436;6433;4.574
6435;6436;11.760
6437;6434;3.127
6438;6436;8.469
6438;6435;9.736
6439;6431;12.994
6440;6439;5.240
6441;6438;3.079
6442;6439;4.061
6440;6442;5.785
6443;6441;4.197
6444;6441;7.726
6446;6445;26.930
6444;6446;9.404
6447;6446;1.692
6447;6448;6.267
6449;6444;3.952
6442;6449;21.453
6451;6450;11.962
6452;6451;7.191
6452;6447;8.766
6453;6452;2.214
6453;6449;9.462
6454;6451;8.458
6455;6408;81.592
6456;6424;36.056
6457;6453;9.647
6458;6105;4.805
6457;6459;3.241
6460;6425;20.955
6461;6456;10.374
6463;6462;40.595
6464;6463;3.813
6465;6464;2.838
6466;6461;36.095
6463;6466;11.669
6467;6464;10.902
6459;6115;25.837
6468;6467;2.261
6469;6468;3.245
6470;6466;2.311
6471;6467;8.088
6472;6470;27.009
6473;6470;2.497
6473;6471;2.553
6474;6468;6.892
6475;6473;0.716
6476;6471;9.066
6476;6474;6.923
6477;6475;7.678
6478;6475;2.686
6478;6476;1.860
6479;6474;9.329
6480;6479;11.471
6481;6478;2.622
6482;6477;14.558
6483;6481;0.887
6479;6483;9.898
6481;6484;5.585
6485;6483;2.022
6484;6486;2.947
6485;6484;9.424
6487;6485;1.752
6488;6477;17.415
6486;6488;3.961
6487;6486;19.445
6489;6487;4.840
6490;6489;1.657
6114;6490;25.558
6492;6491;29.735
6491;6488;35.993
6423;6493;86.194
6493;6494;0.980
6495;1465;19.153
6054;6490;50.714
6494;6496;40.098
6116;6497;8.613
6497;6118;5.144
6117;6498;1.922
6496;6499;6.769
6498;6500;6.957
6131;6501;0.617
6502;6495;23.695
6504;6503;0.871
6503;6505;7.784
6506;6502;23.184
6508;6507;1.264
6509;6507;5.576
6510;6509;5.800
6512;6511;5.532
6513;6510;4.701
6513;6512;2.771
6514;6513;2.250
6514;6515;3.244
6516;6514;0.680
6500;6517;35.558
6515;6506;15.976
6507;6518;12.301
6518;6516;1.358
6499;6519;25.214
6521;6520;10.793
6520;6518;2.157
6522;6516;8.704
6523;6522;6.578
6525;6524;5.618
6524;6520;6.368
6526;6524;4.415
6527;6526;1.585
6528;6526;4.239
6528;6520;3.749
6529;6522;10.095
6531;6530;4.817
6531;6529;2.852
6517;6120;7.588
6533;6532;6.176
6533;6528;3.298
6534;6055;53.742
6505;6535;18.414
6536;6533;1.093
6066;6536;0.592
6537;6529;16.341
6536;6531;40.571
6538;6067;6.401
6539;6534;8.863
6540;6539;1.716
6541;6075;1.600
6542;6540;3.740
6543;6504;83.335
6544;6543;2.213
6119;6122;33.380
6546;6545;3.920
6545;6547;0.966
6547;6548;15.712
6121;6549;7.524
6551;6550;4.611
6548;6550;5.521
6547;6552;13.473
6553;6552;6.235
6550;6554;2.495
6535;6097;24.985
6549;6555;8.002
6548;6556;9.880
6556;6557;3.245
6555;6558;4.781
6554;6559;7.472
6556;6559;2.621
6554;6560;4.516
6561;6560;2.464
6558;6561;8.180
6560;6562;9.433
6559;6562;2.435
6552;6563;7.749
6562;6564;7.030
6564;6563;6.562
6565;6562;7.755
6566;6564;5.021
6563;6567;10.497
6568;6567;18.938
6567;6569;1.759
6570;6566;3.993
6569;6571;2.671
6572;6544;11.181
6566;6573;4.989
6570;6573;6.564
6573;6574;11.943
6575;6570;5.452
6096;6576;3.453
6577;6571;5.652
6578;6558;17.152
6579;6578;7.969
6579;6561;15.159
6574;6579;4.414
6580;6575;2.236
6580;6569;5.965
6578;6581;4.075
6573;6582;5.800
6582;6583;2.388
6584;6575;9.359
6519;6585;36.198
6576;6586;3.568
6574;6587;12.426
6588;6587;6.289
6588;6582;5.723
6586;6589;3.119
6590;6580;9.880
6591;6579;13.791
6587;6591;1.639
6592;6577;15.824
6592;6460;118.476
6589;6593;6.190
6594;6590;3.484
6595;6594;9.550
6585;6596;1.264
6593;6589;8.370
6597;6588;5.334
6597;6590;9.369
6598;6593;5.673
6598;6599;3.120
6600;6599;0.820
6601;6594;5.406
6602;6591;7.908
6602;6597;8.287
6604;6603;2.511
6586;6603;4.462
6603;6598;12.013
6604;6605;2.236
6599;6606;6.309
6607;6604;15.464
6606;6608;3.817
6609;6603;10.991
6606;6609;10.251
6610;6608;5.099
6611;6602;12.025
6596;6612;5.205
6603;6613;5.020
6613;6607;14.697
6609;6614;6.982
6608;6614;11.880
6615;6613;17.837
6614;6615;8.215
6616;6572;12.562
6617;6616;0.533
6613;6618;5.546
6620;6619;20.623
6615;6618;22.628
6618;6621;1.547
6622;6614;29.352
6623;6617;4.634
6623;6620;8.619
6624;6623;2.372
6626;6625;1.513
6625;6041;1.016
6627;6624;1.332
6627;6628;3.952
6617;6629;26.213
6624;6629;7.336
6630;6627;2.836
6040;6631;2.870
6632;6630;0.950
6633;6620;32.674
6631;6633;2.541
6634;6632;0.819
6634;6635;11.744
6633;6635;2.164
6636;6634;2.982
6629;6637;6.000
6630;6637;11.759
6638;6632;4.139
6639;6635;5.914
6639;6631;5.079
6640;6630;10.231
6641;6047;4.219
6643;6642;19.171
6644;6642;8.971
6645;6640;7.934
6645;6640;1.894
6646;6641;9.378
6646;6647;7.322
6637;6648;7.227
6649;6592;13.105
6648;6645;6.583
6642;6650;3.942
6651;6646;2.041
6652;6636;13.092
6654;6653;3.544
6651;6654;2.527
6655;6652;6.264
6656;6639;12.601
6656;6657;3.805
6657;6655;5.662
6658;6656;3.237
6659;6596;19.096
6612;6660;13.322
6661;6636;18.915
6661;6652;7.915
6654;6662;2.483
6663;6659;0.942
6662;6664;3.596
6665;6542;45.427
6666;6655;6.425
6657;6666;3.669
6666;6667;1.516
6668;6046;9.678
6669;6661;6.587
6670;6658;6.488
6671;6651;5.553
6672;6663;8.869
6673;6672;20.327
6650;6674;19.781
6674;6671;2.766
6675;6671;1.384
6662;6676;7.101
6678;6670;4.241
6679;6663;7.952
6679;6672;6.919
6680;6676;4.115
6681;6658;15.642
6682;6665;1.729
6683;6678;1.802
6684;6672;4.206
6684;6685;1.035
6676;6686;8.908
6686;6675;5.305
6687;6675;6.730
6674;6687;5.836
6688;6679;3.796
6685;6688;8.755
6689;6681;7.880
6690;6670;8.154
6690;6681;8.985
6691;6686;3.367
6692;6690;1.830
6693;6689;4.734
6678;6692;13.801
6694;6684;5.086
6695;6694;1.621
6687;6696;4.746
6697;6687;4.260
6685;6698;6.269
6698;6695;5.096
6660;6699;4.036
6700;6689;5.070
6701;6691;4.597
6691;6697;16.587
6702;6688;8.053
6703;6692;9.818
6704;6702;2.023
6698;6704;7.494
6705;6695;7.995
6704;6705;8.318
6705;6706;5.248
6706;6694;9.872
6707;6705;2.740
6707;6706;6.257
6699;6708;3.449
6709;6704;8.271
6709;6707;7.880
6710;6706;11.117
6711;6709;8.026
6711;6710;16.826
6713;6712;6.489
6712;6714;4.694
6714;6711;22.316
6715;6712;3.847
6715;6714;4.606
6716;6682;10.310
6708;6717;6.542
6718;6715;3.995
6719;6718;3.231
6720;6718;1.177
6721;6649;14.903
6717;6722;5.311
6723;6716;8.808
6074;6724;70.980
6725;6721;6.933
6722;6726;8.891
6724;6727;8.915
6728;1;3.664
6727;6729;4.644
6621;6730;45.995
6729;6731;13.090
6732;6731;19.383
6731;6077;2.341
6068;6725;17.334
6734;6733;13.353
6076;6733;2.450
6733;6735;2.427
6735;6736;7.557
6733;6737;15.471
6738;6737;4.257
6738;6739;2.997
6740;6733;14.057
6741;6740;4.986
6742;6740;3.294
6743;6738;11.113
6744;6743;3.924
6745;6737;7.929
6746;6743;3.069
6747;6741;6.436
6747;6745;1.583
6748;6745;2.295
6743;6748;8.022
6749;6741;6.801
6749;6747;5.269
6750;6748;6.335
6749;6751;6.429
6735;6079;11.247
6752;6078;0.343
6753;6069;8.695
6754;6723;37.215
6056;6754;6.803
6755;6752;20.788
6756;6755;0.484
6757;6756;2.673
6759;6758;6.542
6058;6057;27.554
6123;6757;22.661
6760;6124;0.601
6761;6760;15.055
6763;6762;3.366
6762;6764;4.977
6753;6765;52.836
6765;6766;0.345
6762;6767;7.076
6767;6768;2.192
6769;6059;47.907
6770;6769;4.111
6770;6769;24.885
6771;6770;4.462
6767;6771;9.192
6772;6771;2.344
6768;6772;5.123
6773;6772;1.282
6774;6773;2.760
6768;6774;16.550
6775;6774;1.374
6776;6775;17.252
6777;6775;2.768
6778;6777;0.107
6779;6778;7.095
6777;6775;11.303
6780;6773;5.185
6781;6780;7.317
6781;6774;8.024
6782;6779;14.802
6783;6780;9.060
6730;6784;66.869
6785;6783;10.315
6785;6781;7.023
6786;6783;6.814
6787;6753;37.073
6788;6752;45.140
6726;6789;79.747
6786;6790;16.968
6790;6785;20.469
6791;6761;71.908
6792;6791;0.648
6793;6788;3.442
6786;6794;4.121
6795;6792;0.698
6794;6796;0.250
6784;6099;6.643
6789;6797;3.935
6125;6795;7.551
6797;6128;1.258
6798;6779;32.015
6127;6799;0.403
6799;6126;7.602
6098;6800;3.551
5;6728;0.880
6060;6798;12.799
6801;6800;2.077
6766;6802;44.182
6803;6061;10.965
6804;6803;0.740
6800;6804;23.053
6805;6799;8.419
6802;6101;9.298
6100;6806;7.822
6805;6807;11.574
6809;6808;12.210
6808;6810;8.176
6807;6810;1.387
6807;6811;2.189
6811;6812;2.624
6811;6813;6.363
6813;6814;5.650
6815;6806;1.868
6815;6809;11.731
6810;6816;7.013
6817;6815;1.315
6816;6818;6.608
6818;6809;9.886
6816;6819;8.777
6812;6819;4.304
6819;6820;4.924
6820;6812;7.264
6820;6821;3.200
6813;6821;8.597
6819;6822;3.047
6823;6817;1.896
6824;6823;4.176
6819;6825;7.237
6826;6822;6.730
6827;6823;1.387
6818;6827;13.149
6818;6828;8.853
6816;6828;8.795
6821;6829;8.504
6830;6829;2.252
6796;6089;20.731
6828;6831;4.150
6832;6827;2.023
6833;6817;15.570
6832;6833;1.997
6833;6834;3.339
6831;6835;5.462
6830;6836;6.724
6837;6832;5.414
6837;6832;9.686
6838;6830;14.724
6839;6837;5.713
6831;6839;11.414
6822;6840;19.151
6829;6840;12.886
6840;6841;2.113
6839;6842;2.343
6844;6843;14.077
6846;6845;10.520
6847;6846;3.157
6848;6835;21.257
6841;6848;8.838
6849;6841;9.484
6851;6850;14.716
6846;6851;7.452
6835;6852;19.884
6848;6852;7.596
6854;6853;15.810
6853;6855;11.545
6856;6848;5.981
6849;6856;5.535
6857;6839;16.340
6852;6857;1.596
6858;6855;9.276
6859;6853;1.420
6859;6854;15.182
6860;6793;26.933
6861;6849;5.617
6844;6862;6.405
6851;6862;5.684
6863;6856;4.530
6861;6863;3.783
6862;6864;1.744
6862;6844;21.045
6865;6846;14.985
6866;6860;1.465
6867;6858;9.416
6868;6857;9.338
6863;6868;8.125
6869;6862;8.504
6869;6865;1.293
6870;6858;8.557
6867;6870;6.683
6871;6859;12.660
6871;6870;3.172
6112;6866;3.735
6872;6867;6.415
6874;6873;8.883
6875;6872;3.195
6864;6875;11.467
6842;6876;7.971
6877;6854;22.696
6878;6875;5.600
6864;6878;10.861
6876;6879;0.583
6881;6880;9.579
6877;6881;2.987
6882;6868;9.904
6883;6872;3.687
6878;6883;7.636
6884;6877;3.230
6885;6878;5.049
6882;6886;13.052
6886;6861;15.486
6887;6871;11.765
6883;6887;5.451
6874;6888;6.363
6889;6884;3.007
6873;6890;6.912
6887;6891;4.251
6891;6889;6.737
6888;6892;2.509
6893;6890;1.175
6894;6884;3.639
6892;6895;0.867
6873;6896;6.708
6890;6896;6.418
6897;6889;3.129
6898;6891;2.576
6899;6881;6.826
6898;6900;4.043
6883;6900;7.719
6897;6901;2.008
6902;6882;10.335
6902;6886;6.857
6901;6903;4.444
6904;6878;10.616
6906;6905;1.533
6888;6907;9.063
6907;6896;7.048
6905;6907;8.513
6900;6908;10.974
6908;6909;1.272
6911;6910;0.933
6912;6886;16.581
6913;6911;1.499
6913;6902;9.883
6914;6905;3.557
6895;6915;10.106
6916;6902;7.913
6917;6915;3.289
6918;6897;13.235
6918;6898;9.906
6907;6919;5.020
6915;6920;6.389
6919;6920;1.898
6921;6916;4.009
6912;6921;10.315
6922;6901;14.983
6922;6918;2.639
6923;6921;0.904
6924;6913;11.573
6924;6916;4.542
6921;6924;3.709
6917;6925;3.691
6926;6912;8.170
6920;6927;3.752
6928;6917;14.783
6929;6925;3.385
6927;6930;1.760
6931;6919;7.214
6925;6932;4.177
6927;6932;4.911
6933;6113;22.786
6933;6928;4.849
6934;6933;4.330
6934;6928;9.509
6932;6934;2.600
6935;6932;3.376
6936;6922;3.382
6937;6935;5.609
6934;6938;3.565
6939;6935;3.990
6940;6939;1.079
6941;6940;3.227
6938;6942;5.819
6938;6939;18.860
6944;6940;8.274
6879;6945;17.554
6088;6946;40.709
6945;6103;15.497
6102;6947;9.970
6801;6062;46.532
6948;6787;52.938
6064;6063;7.264
6947;6949;16.465
6843;6950;84.395
6951;6065;4.109
6953;6866;43.972
6954;6951;1.987
6955;6954;1.672
6955;6956;14.731
6957;6956;2.394
6956;6958;5.261
6958;6959;11.692
6958;6959;4.584
6959;6960;4.804
6962;6961;3.525
6963;6959;8.947
6965;6964;13.290
6966;6961;6.699
6966;6960;4.992
6965;6967;4.533
6960;6968;8.435
6969;6965;4.750
6961;6969;8.041
6970;6966;4.218
6968;6970;4.132
6971;6967;5.832
6972;6969;4.037
6967;6973;9.026
6974;6972;7.227
6974;6970;4.374
6972;6975;3.113
6976;6972;4.673
6976;6974;2.373
6977;6973;4.000
6977;6975;5.945
6978;6976;1.162
6979;6970;7.025
6975;6980;4.274
6980;6978;2.460
6982;6981;1.696
6982;6955;17.928
6978;6983;3.419
6983;6979;5.882
6984;6973;12.543
6985;6977;6.374
6985;6980;3.674
6986;6984;2.985
6987;6985;4.077
6983;6987;7.489
6986;6984;7.315
6988;6986;3.199
6988;6985;4.555
6989;6988;4.423
6989;6987;2.907
6990;6968;21.236
6991;6990;4.741
6992;6989;11.924
6992;6979;11.101
6990;6992;11.699
6993;6991;8.774
6994;6993;2.190
6994;6982;4.536
6994;6995;6.970
6997;6996;5.690
6998;6997;2.604
6998;6988;10.296
6996;6999;4.589
7000;6989;5.368
7001;6997;2.073
7001;6998;2.563
6992;7002;4.558
6996;7003;4.018
7004;6994;10.500
7005;6994;3.581
7006;7005;2.303
7006;7004;7.200
7007;6948;20.542
7008;6953;20.149
7009;6994;8.162
7010;7009;1.357
7011;7004;7.720
7009;7011;9.821
7012;7010;0.340
7013;7001;17.004
6950;7012;42.526
7011;7014;5.347
7015;7011;5.906
7010;7015;7.617
7016;7006;12.805
7017;7007;2.461
6946;7018;48.665
7019;7015;6.947
7020;7017;0.508
7015;7021;11.320
7022;7005;9.190
7023;7020;8.663
6949;7024;61.875
7025;7023;1.038
7024;7026;3.488
7027;7022;12.519
7026;7028;15.402
6070;7025;10.055
7028;7029;4.160
7018;6091;25.751
7025;7030;16.971
7030;7031;1.140
7029;7032;7.661
7031;7033;5.767
7032;7034;2.963
7033;7035;16.562
7031;7035;30.642
7034;7036;5.627
7036;7035;1.171
7037;7027;10.510
7035;7038;1.982
7033;7039;21.363
7038;7039;1.366
6090;6093;5.838
7040;7036;19.310
7041;6943;108.943
6759;7038;14.440
7039;7042;1.929
7043;7040;0.518
7040;6759;5.940
7042;6039;0.332
6458;6071;10.028
7044;6458;9.255
0;7044;7.395
7045;0;4.975
6501;7046;2.124
7046;5;3.161
6092;7047;1.761
7048;6501;6.439
7048;7042;8.016
7049;7047;0.319
7050;1;9.136
7051;7050;5.061
6728;7051;6.618
7053;7052;3.292
7046;7053;5.233
7054;7048;3.779
7055;7037;6.546
7056;7050;4.710
7057;7051;2.753
7057;5;8.881
7051;7058;3.375
6104;6107;10.656
7054;7059;5.674
7060;7057;3.657
7061;7049;2.987
6106;7041;15.801
7062;7060;1.140
7053;7062;8.658
7061;7049;20.762
7063;7061;1.305
7064;7063;27.473
7065;7054;10.159
7066;7053;13.452
7066;7065;4.198
7067;7063;1.483
7067;7068;7.989
7069;7062;9.449
7070;7069;2.515
7071;7060;15.572
6072;6458;6.039
7072;7066;9.511
7074;7073;6.336
7075;7067;2.852
7073;7075;12.580
7076;7069;9.404
7076;7072;3.204
7077;7075;5.924
7078;7073;3.078
7079;7077;7.623
7080;7077;9.787
7081;7080;8.404
7082;7075;4.127
7082;7083;4.004
7084;7080;6.860
7086;7085;7.108
7087;7082;3.549
7085;7088;2.338
7089;7084;7.115
7089;7087;11.539
7090;7086;7.601
7085;7090;7.978
7091;7084;11.377
7092;7091;3.297
7092;7089;12.352
7088;7093;14.039
7094;7092;21.302
7095;7088;11.759
7090;7095;14.667
7095;7096;6.555
7093;7097;6.096
7096;7097;4.174
7093;7098;6.218
7097;7098;6.896
7100;7099;19.598
7100;7098;5.441
7101;7096;7.578
7102;7100;2.722
7103;7008;62.228
7087;7104;7.582
6080;7103;3.323
7106;7105;6.752
7107;7106;3.043
7108;6081;3.193
7109;7055;35.913
7110;7107;10.535
7104;7111;9.007
7105;7109;22.967
7112;6073;21.767
7113;7110;31.283
7114;7113;8.315
7115;7108;12.412
7116;7115;0.147
7117;7114;17.177
7118;7116;4.576
7119;7116;48.336
7120;7119;5.526
7121;7117;41.081
7122;7119;6.488
7123;7122;5.874
7124;7122;6.735
7124;7125;15.441
7126;7124;1.824
7127;7123;7.260
7126;7123;10.180
5832;7121;30.766
7128;7124;6.318
7129;7128;10.070
7130;7128;1.652
7131;7130;4.392
7132;7118;8.151
7127;7132;9.246
7133;7130;1.425
7135;7134;7.397
7136;7127;7.469
7137;7136;2.679
7139;7138;2.512
7139;7135;6.111
7140;7139;3.737
7141;7135;2.874
7141;7142;2.045
7143;7132;1.853
7136;7143;8.927
7145;7144;5.496
6042;7145;3.624
7146;7134;6.702
7147;7136;4.730
7148;7126;13.692
7134;7146;30.086
7149;7147;2.538
7149;7148;6.345
7150;7143;2.740
7147;7150;5.073
7151;7141;5.437
7146;7151;8.215
7152;7133;9.720
7145;7152;8.159
7153;7150;2.496
7153;7149;2.989
7154;7150;3.851
7155;7133;12.032
7152;7155;3.681
7156;7146;8.047
7157;7153;0.994
7151;7158;8.282
7155;7159;7.239
7159;7155;4.487
7160;7157;1.453
7160;7148;11.869
7161;7159;4.354
6043;7162;17.910
7140;6043;7.338
7162;7140;21.032
7158;7162;12.888
7163;7160;0.829
7163;7161;3.544
7164;7157;9.638
7165;7158;11.751
7166;7152;18.353
7162;7166;9.765
7164;7167;10.654
7168;7166;2.258
7169;7159;12.187
7170;7161;10.493
7169;7170;2.904
7168;7169;6.295
7170;7171;2.929
7172;7164;9.195
7172;7163;3.249
7171;7172;3.168
7173;7169;4.757
7172;7174;9.196
7175;7172;6.942
7175;7171;20.925
7176;7175;5.069
7176;7168;34.471
7177;7176;2.224
7111;7178;36.721
7179;7177;1.145
7180;7112;29.716
7181;7179;1.044
7178;7182;2.207
7183;7181;5.289
7182;6095;6.745
6094;7184;6.538
7186;7185;5.650
7186;7187;4.972
7188;7186;1.390
7188;7189;2.809
7189;7190;5.803
7191;7188;3.436
7192;7189;2.852
7193;7183;10.979
7194;7191;6.475
7184;7194;3.333
7195;7191;2.222
7195;7196;5.670
7194;7197;1.067
7198;7195;1.588
7198;7197;0.903
7200;7199;5.416
7197;7201;7.909
7201;7200;2.382
7202;7198;1.293
7202;7203;4.883
7203;7197;10.835
7201;7204;5.774
7205;7203;9.745
7205;7206;3.967
7206;7207;2.071
7208;7205;2.629
7209;7208;11.067
7210;7202;20.300
7207;7210;6.451
7210;7211;1.384
7212;7208;2.522
7210;7213;2.631
7200;7214;25.676
7214;7215;9.247
7216;7207;5.246
7216;7217;1.779
7218;7206;7.552
7218;7212;3.374
7217;7218;4.293
7213;7219;6.870
7213;7220;4.035
7220;7216;2.893
7221;7212;7.204
7222;7218;1.747
7217;7222;6.611
7223;7221;14.694
7214;7223;7.220
7224;7220;9.415
7225;7222;6.731
7225;7226;1.337
7221;7226;8.386
7222;7225;10.355
7226;7227;11.550
7228;7193;13.469
7229;7228;11.613
7230;7229;19.898
7231;7180;63.731
6082;7230;21.805
6083;7232;12.565
7233;7231;16.173
1661;7233;0.874
7232;7234;5.296
7236;7235;7.415
7238;7237;23.227
7237;7236;42.497
7239;7237;2.267
7240;7239;15.770
7242;7241;3.509
7243;7241;2.803
7244;7239;11.832
7241;7244;6.517
7245;7244;6.177
7247;7246;10.044
7248;7245;9.659
7246;7248;3.152
7249;7245;5.475
7250;7248;7.383
7250;7246;8.831
7249;7251;15.117
7252;7249;6.954
7253;7252;3.494
7254;7250;4.947
7254;7255;3.281
7256;7252;7.179
7255;7256;7.166
7257;7255;6.155
7258;7256;11.279
7259;7254;14.194
7261;7260;2.415
7260;7258;4.732
7262;7234;29.530
7263;7256;9.159
7263;7259;8.670
7264;7258;6.335
7264;7263;6.486
7265;7260;4.551
7266;7264;1.781
7266;7267;2.353
7268;7266;5.286
7267;7269;15.694
7270;7268;5.358
7271;7267;9.962
7272;7268;10.466
7272;7263;15.636
7272;7259;20.948
7262;6084;9.101
7273;7271;8.158
7274;7271;7.937
7275;6085;5.824
7276;7275;23.382
7278;7277;3.775
7280;7279;4.402
7280;7281;6.660
7277;7281;5.187
7282;7280;3.561
7283;7277;7.523
7284;7283;2.726
7286;7285;6.819
7285;7282;6.390
7288;7287;0.723
7281;7285;14.273
7290;7289;14.562
7291;7290;0.965
7291;7285;3.791
7292;7291;6.177
7283;7292;6.876
7293;7292;2.107
7294;7293;0.686
7289;7295;7.353
7287;7296;8.913
7295;7297;9.457
7298;7272;78.264
7296;7298;0.272
7297;7276;51.532
6086;7288;15.417
7300;7299;0.743
7301;7272;57.862
7298;7301;14.754
7299;7302;17.551
7303;7294;10.460
7302;7304;2.176
7305;6087;7.285
7306;7303;0.566
7301;7306;31.016
7307;7300;30.079
7304;7305;22.518
7308;7307;31.601
590;7308;1.145
7293;7309;22.945
7309;6130;2.759
6129;7310;1.197
7310;7311;6.684
7313;7312;3.989
7314;7313;7.940
7316;7315;5.880
7311;7316;4.126
7312;7317;10.125
7319;7318;9.373
7319;7314;6.259
7313;7320;10.975
7317;7320;3.998
7321;7319;2.065
7322;7314;9.845
7320;7322;2.574
7317;7323;6.981
7324;7321;2.410
7325;7322;3.472
7326;7324;10.040
7327;7321;4.800
7322;7327;10.238
7328;7325;4.930
7329;7325;5.994
7330;7329;6.234
7330;7316;21.131
7331;7324;9.584
7331;7327;5.713
7333;7332;4.155
7333;7331;6.245
7334;7329;6.852
7330;7334;7.910
7335;7331;6.719
7336;7331;4.852
7336;7335;3.079
7318;7337;42.462
7334;7338;3.077
7337;7339;4.382
7339;7333;8.291
7340;7335;5.284
7338;7340;8.125
7341;7336;6.111
7340;7341;4.613
7339;7342;8.299
7342;7343;4.969
7341;7343;1.932
7343;7344;2.622
7345;7339;8.446
7345;7342;5.026
7338;7346;11.179
7345;7347;4.232
7347;7344;5.528
7347;7348;2.378
7349;7341;11.998
7346;7349;8.446
7344;7350;8.884
7351;7349;10.949
7346;7351;15.973
7351;7352;6.336
7354;7353;9.471
7352;7355;2.956
7355;7354;3.676
7355;7356;6.347
7357;7355;7.334
7358;7351;17.392
7358;7352;14.440
7359;7358;16.629
7361;7360;1.002
7362;7361;18.508
7360;7363;6.787
7363;1834;0.416
7364;7365;17.250
7367;7366;0.514
7365;7368;19.776
7369;7367;8.614
7368;7370;4.097
7371;7369;18.548
7372;7371;2.112
7365;7372;18.514
7372;7373;5.717
7375;7374;7.176
7376;7371;47.920
7377;7376;8.007
7378;7377;7.514
7379;7378;22.476
7380;7373;9.029
7381;7378;2.770
7382;7380;4.587
7383;7382;33.230
7370;7384;24.635
7384;7385;0.374
7386;7380;2.864
7382;7386;7.167
7387;7381;8.998
7386;7387;1.896
7388;7382;6.646
7388;7389;1.401
7387;7389;8.844
7390;7388;3.732
7381;7391;22.620
7389;7392;19.487
7392;7390;19.410
7393;7392;5.831
7395;7394;1.351
7396;7391;9.316
7387;7396;21.390
7397;7395;6.139
7398;7393;8.163
7399;7398;8.694
7399;7393;19.022
7398;7400;12.966
7401;7397;13.989
7403;7402;14.013
7403;7401;2.169
7392;7404;18.018
7404;7400;10.239
7405;7400;5.242
7406;7405;3.836
7406;7398;14.029
7407;7399;16.432
7407;7390;32.623
7408;7403;4.282
7385;7409;13.281
7391;7410;35.639
7411;7403;8.419
7412;7408;6.752
7412;7410;7.299
7413;7404;14.669
7414;7406;3.523
7415;7410;1.210
7415;7416;10.619
7396;7416;31.768
7416;7413;10.064
7417;7414;17.943
7413;7418;4.867
7405;7419;18.339
7418;7420;3.649
7419;7420;3.298
7421;7415;6.801
7416;7421;9.944
7422;7419;3.381
7414;7422;17.491
7418;7423;7.216
7420;7424;3.482
7422;7424;3.180
7425;7412;11.432
7423;7426;4.680
7423;7427;4.696
7424;7427;6.938
7428;7426;5.116
7427;7428;5.187
7429;7417;18.264
7426;7430;17.361
7428;7430;9.104
7421;7431;17.366
7430;7431;8.242
7432;7431;17.622
7433;7429;22.365
7409;1698;21.707
7435;7434;2.664
7437;7436;3.676
7439;7438;0.664
7441;7440;1.299
7443;7442;0.871
7445;7444;1.862
7446;5242;24.325
7447;7446;7.420
7448;5245;26.201
7449;7447;34.616
7450;7449;22.967
7451;7448;36.191
7452;7450;16.159
7453;7452;9.575
7442;7453;15.162
7454;7443;0.207
7455;7451;34.848
7457;7456;24.756
7458;7457;5.627
7460;7459;1.773
7461;7460;2.815
7459;7462;4.109
7463;7458;15.270
7464;7458;3.712
7465;7457;8.216
7466;7461;4.137
7464;7465;7.763
7467;7466;12.182
7436;7465;14.363
7468;7436;2.951
7468;7464;14.405
7438;7455;12.928
7469;7468;1.932
7469;7437;2.077
7470;7468;14.019
7463;7470;19.205
7437;7471;9.482
7472;7469;13.340
7470;7472;2.253
7473;7439;0.551
7471;7473;14.431
7474;7461;27.176
7434;7470;17.913
7434;7462;26.547
7474;7434;6.209
7475;7474;2.264
7476;7467;19.960
7476;7477;2.258
7478;7474;4.680
7478;7476;9.175
7479;7478;1.203
7480;7473;3.764
7481;7454;22.017
7482;7479;12.610
7477;7482;7.383
7483;7472;16.048
7435;7472;17.626
7484;7435;12.333
7484;7485;3.354
7485;7479;11.629
7486;7437;21.808
7486;7483;4.799
7487;7484;6.487
7488;7471;20.234
7489;7486;3.644
7488;7489;9.314
7483;7490;6.530
7490;7487;3.183
7489;7491;3.318
7490;7492;9.477
7491;7492;8.502
7493;7485;8.260
7487;7493;13.578
7494;7480;6.826
7495;7480;20.017
7495;7494;4.023
7491;7496;5.976
7497;7494;0.681
7497;7488;11.514
7498;7495;12.024
7499;7496;7.706
7492;7499;6.770
7500;7498;0.734
7501;7497;1.330
7496;7501;9.909
7499;7502;6.505
7503;7502;11.439
7493;7503;13.688
7502;7504;4.997
7504;7505;1.948
7505;7506;4.237
7503;7506;2.955
7507;7504;7.671
7508;7501;6.346
7506;7509;9.815
7510;7508;2.598
7511;7481;10.520
7512;7505;24.935
7513;7510;6.239
7514;7500;9.003
7515;7513;1.752
7516;7512;12.197
7517;7514;6.483
7518;7517;2.420
7444;7518;0.212
7519;7445;5.802
7520;7519;0.989
7522;7520;7.045
7523;7522;7.053
7524;7523;12.522
7526;7525;1.060
7527;7526;8.233
7528;7524;3.018
7515;7529;12.632
7525;7529;17.131
7530;7528;1.153
7521;7531;92.952
7531;7532;25.344
7532;7533;15.357
7533;7534;0.358
7534;7530;17.881
7535;7527;21.354
7535;7511;28.997
7536;7535;28.320
7537;7536;2.458
6138;7537;31.452
7529;7538;58.569
7538;7441;1.457
7440;6185;6.961
7540;7539;3.051
7542;7541;9.315
7544;7543;0.384
7546;7545;0.889
7548;7547;0.603
7550;7549;0.687
7552;7551;0.483
7554;7553;0.556
7556;7555;0.744
7558;7557;0.875
7560;7559;0.349
7562;7561;0.559
7564;7563;0.530
7566;7565;0.379
7568;7567;0.619
7570;7569;1.942
7572;7571;0.378
7574;7573;1.029
7576;7575;1.937
7578;7577;1.245
7579;3381;0.899
7580;7579;12.185
7565;7580;0.306
7567;7566;20.426
7582;7581;106.637
7544;7582;7.852
7543;7583;1.807
7584;7568;58.277
7585;7584;0.571
7583;7586;3.060
7588;7587;9.296
7589;7588;0.996
7589;7585;6.522
7590;7589;0.914
7591;7590;13.627
7592;7590;2.520
7588;7593;6.709
7594;7592;1.974
7593;7595;3.558
7596;7594;1.148
7597;7596;10.935
7598;7596;0.779
7593;7599;4.824
7592;7599;5.539
7586;7600;5.731
7600;7601;12.197
7599;7602;1.759
7603;7598;4.721
7601;7603;3.183
7594;7604;5.429
7606;7605;13.353
7595;7606;6.807
7604;7598;6.798
7607;7603;1.132
7595;7608;6.202
7609;7602;4.196
7609;7604;2.981
7608;7610;1.440
7602;7610;3.743
7608;7611;3.637
7607;7612;4.831
7613;7606;4.098
7610;7614;3.554
7614;7609;5.288
7607;7615;4.464
7611;7616;4.374
7617;7613;2.334
7617;7611;6.234
7616;7618;0.722
7618;7614;2.243
7619;7616;3.350
7620;7618;4.341
7615;7620;3.796
7612;7621;8.422
7622;7613;13.379
7617;7623;8.188
7620;7623;3.943
7623;7624;0.946
7612;7625;19.045
7626;7625;8.899
7615;7627;21.156
7625;7627;5.759
7627;7628;3.063
7624;7629;6.629
7629;7630;1.255
7631;7600;47.077
7633;7632;1.934
7630;7634;11.396
7632;7570;16.498
7634;7633;29.126
7634;7635;6.520
7569;7572;11.285
7637;7636;7.644
7639;7638;5.594
7638;7636;12.127
7636;7640;3.031
7642;7641;6.194
7643;7641;8.541
7644;7643;11.029
7644;7638;6.247
7646;7645;2.955
7571;7646;13.663
7648;7647;5.154
7641;7648;7.906
7650;7649;3.385
7648;7651;0.979
7651;7644;10.441
7645;7652;8.252
7640;7653;14.436
7652;7653;3.421
7649;7654;9.188
7654;7655;0.921
7655;7651;5.927
7649;7656;6.133
7655;7657;11.801
7657;7658;3.986
7653;7658;16.732
7658;7659;2.388
7653;7660;10.018
7659;7661;7.835
7660;7661;0.725
7659;7662;5.588
7654;7663;14.291
7663;7657;8.027
7661;7664;7.614
7666;7665;2.713
7663;7665;4.840
7654;7667;21.505
7665;7668;7.828
7664;7668;16.545
7669;7660;20.591
7670;7664;13.870
7667;7671;17.107
7668;7671;4.455
7672;7631;45.010
7673;7669;7.361
7673;7674;5.386
7669;7675;8.866
7675;7676;2.045
7676;7677;13.849
7678;7675;10.187
7678;7673;4.112
7671;7679;18.207
7676;7679;15.243
7678;7680;7.414
7681;7678;7.187
7679;7682;10.646
7541;7672;7.906
7635;7683;32.057
7684;7542;4.876
7683;7685;4.738
7685;7574;11.485
7685;7686;14.143
7687;7684;27.524
7688;7687;1.519
7547;7688;1.885
7690;7689;35.634
7692;7691;1.486
7689;7692;9.421
7694;7693;2.136
7696;7695;2.372
7697;7695;3.003
7573;7576;22.444
7694;7698;10.643
7695;7698;5.515
7699;7548;8.619
7695;7700;8.588
7701;7700;7.032
7702;7694;12.132
7698;7702;9.904
7700;7703;5.523
7704;7698;12.535
7703;7704;4.183
7705;7702;5.800
7705;7706;6.629
7706;7705;6.848
7707;7706;3.361
7709;7708;4.512
7704;7710;13.407
7707;7711;5.153
7710;7711;1.991
7713;7712;4.407
7691;7714;63.884
7715;7703;12.315
7708;7715;4.741
7575;7578;8.309
7716;7707;4.244
7711;7716;2.612
7717;7712;5.260
7714;7717;2.164
7718;7716;1.436
7718;7719;3.192
7708;7720;5.279
7577;7720;7.774
7721;7715;5.047
7720;7721;1.783
7723;7722;2.850
7719;7723;3.720
7717;7724;2.311
7712;7725;7.866
7724;7725;1.156
7727;7726;4.406
7721;7726;2.891
7729;7728;7.347
7725;7728;1.428
7730;7705;17.482
7731;7718;5.900
7719;7732;5.187
7732;7731;3.371
7728;7733;1.821
7710;7734;10.839
7726;7734;1.719
7735;7730;1.290
7723;7735;5.306
7736;7735;0.737
7733;7737;3.286
7738;7736;2.187
7738;7732;2.239
7730;7739;5.057
7740;7738;2.190
7731;7740;3.590
7734;7740;2.338
7742;7741;8.122
7733;7743;4.665
7736;7744;3.791
7737;7745;5.529
7746;7737;5.386
7743;7746;8.608
7745;7747;3.020
7748;7724;10.551
7741;7748;6.423
7749;7699;19.331
7750;7749;1.378
7747;7750;9.894
7752;7751;2.545
7753;7738;8.214
7740;7753;12.766
7746;7751;5.665
7755;7754;2.274
7756;7741;9.563
7751;7757;4.549
7758;7756;2.217
7754;7758;1.894
7759;7743;7.855
7748;7759;14.210
7760;7730;14.495
7753;7760;7.400
7759;7761;4.691
7739;7762;6.642
7763;7748;8.362
7763;7756;4.249
7764;7754;4.646
7765;7758;3.539
7764;7765;2.811
7766;7759;8.040
7767;7761;5.917
7767;7763;8.180
7762;7768;1.865
7769;7763;3.906
7765;7769;3.354
7769;7770;0.892
7761;7771;8.784
7770;7767;13.666
7772;7770;5.871
7774;7773;19.968
7775;7774;1.498
7686;7776;32.403
7778;7777;19.165
7778;7779;0.695
7780;7775;3.232
7777;7781;9.139
7781;7778;4.142
7777;7782;7.724
7781;7783;0.556
7784;7783;4.970
7782;7785;4.666
7784;7785;3.860
7786;7780;1.881
7782;7786;4.275
7773;7787;7.111
7788;7786;0.649
7785;7788;3.719
7789;7784;7.026
7783;7790;10.138
7785;7791;6.931
7792;7789;1.956
7790;7792;2.816
7789;7791;4.783
3440;7793;59.572
7790;7794;5.952
7795;7793;8.196
7796;7795;12.175
7797;7788;5.089
7791;7797;11.263
7793;7540;4.602
7539;7798;1.058
7798;7799;8.795
7798;7799;3.054
7799;7800;0.564
7801;7790;16.591
7800;7801;0.626
7801;7802;1.791
7803;7797;1.987
7792;7803;12.069
7802;7803;4.259
7803;7804;3.190
7805;7540;16.549
7802;7806;4.185
7808;7807;18.941
7807;7797;10.393
7807;7804;10.134
7804;7809;1.530
7806;7809;8.134
7810;7805;27.625
7809;7811;1.438
7811;7812;3.091
7812;7813;1.207
7811;7814;6.742
7815;7814;2.494
7816;7806;8.855
7817;7810;8.731
7818;7816;1.482
7816;7819;4.482
7800;7819;12.654
7815;7818;3.598
7805;7820;9.185
7814;7821;3.853
7819;7822;4.133
7823;7820;6.860
7817;7824;18.071
7825;7817;5.433
7827;7826;1.957
7827;7828;5.957
7829;7825;1.916
7830;7819;5.180
7822;7830;5.858
7831;7818;6.397
7831;7830;5.390
7832;7815;8.591
7832;7831;1.082
7825;7833;4.544
7833;7834;9.071
7835;7827;3.424
7834;7835;4.310
7820;7836;12.149
7835;7836;2.136
7836;7837;0.918
7838;7833;3.130
7839;7838;8.921
7841;7840;1.672
7837;7842;6.977
7834;7843;6.659
7840;7844;36.272
7844;7845;16.810
7838;7846;7.799
7845;7847;16.144
7848;7837;7.734
7849;7822;21.299
7847;7850;45.083
7842;7851;13.052
7850;7852;20.639
7853;7849;3.710
7851;7853;4.705
7854;7851;3.348
7855;7832;15.822
7842;7856;10.197
7857;7841;41.651
7858;7849;8.588
7859;7853;16.121
7852;7796;61.838
7787;7860;21.626
7776;7861;23.090
7860;7862;14.039
7863;7857;13.798
7768;7863;71.535
7862;7864;52.582
7864;7865;25.086
7861;7866;3.470
7865;5326;18.615
7867;7866;4.889
7868;7867;4.630
7870;7869;14.741
7870;7867;3.708
7871;7870;5.648
7872;7871;30.799
7871;7872;9.610
7874;7873;7.848
7873;7875;6.793
7876;7873;22.713
7876;7870;7.698
7877;7876;1.235
7878;7876;14.180
7879;7877;8.059
7549;7879;12.573
7551;7550;5.397
7553;7552;2.806
7880;7554;2.098
7555;7880;0.479
7881;7556;3.352
7881;7882;10.826
7882;7883;2.556
7883;7884;6.257
7885;7881;15.545
7886;7885;0.312
7884;7887;22.257
7887;7888;33.198
7558;7886;34.556
7888;7889;28.841
7891;7890;34.377
7892;7891;4.310
7557;7893;9.786
7894;7879;89.484
7545;7894;0.145
7895;7892;87.819
7896;7895;12.918
7897;7896;42.220
7898;7546;10.702
7899;7898;2.017
7893;7900;14.166
7901;7897;44.840
7903;7902;4.747
7905;7904;6.626
7902;7904;3.762
7904;7906;1.588
7902;7907;3.690
7909;7908;11.106
7910;7899;10.154
7906;7910;9.486
7912;7911;18.277
7910;7913;0.769
7913;7914;5.085
7906;7915;7.307
7916;7915;2.232
7917;7911;4.661
7913;7918;2.014
7915;7918;11.347
7918;7919;0.459
7920;7917;5.978
7908;7921;10.937
7923;7922;12.102
7911;7924;9.336
7920;7924;3.900
7908;7925;21.825
7922;7926;35.403
7927;7921;2.091
7927;7901;37.338
7929;7928;5.178
7926;7928;1.712
7926;7930;13.985
7924;7930;2.195
7919;7931;1.430
7925;7931;8.018
7930;7932;4.800
7932;7920;3.231
7925;7933;3.975
7932;7934;9.108
7934;7919;16.116
7931;7935;1.684
7933;7935;9.397
7933;7936;6.863
7921;7936;29.953
7937;7927;9.445
7928;7938;10.231
7936;7939;6.604
7935;7940;2.472
7939;7940;4.215
7938;7941;3.366
7942;7937;5.990
7943;7942;14.214
7940;7944;1.055
7944;7945;2.316
7937;7946;7.518
7946;7942;7.457
7922;7947;21.296
7947;7938;8.717
7948;7939;6.817
7947;7949;2.695
7941;7949;6.779
7944;7950;1.569
7948;7950;5.200
7934;7951;16.443
7945;7951;20.488
7952;7947;9.293
7951;7953;1.894
7954;7948;23.078
7946;7954;10.267
7949;7955;9.406
7941;7955;10.376
7956;7948;12.644
7954;7956;8.807
7957;7956;4.544
7957;7942;24.000
7958;7953;21.161
7953;7958;12.425
7955;7959;11.999
7958;7959;4.019
7960;7957;3.582
7950;7961;5.801
7961;7956;10.408
7951;7962;16.458
7962;7963;5.094
7964;7962;3.122
7945;7964;22.162
7959;7965;6.189
7966;7960;12.559
7959;7967;7.517
7963;7967;13.287
7966;7968;1.891
7969;7966;10.184
7970;7969;4.541
7971;7961;7.342
7972;7964;6.488
7973;7972;4.887
7973;7971;1.825
7974;7973;2.056
7967;7975;8.750
7963;7975;9.161
7976;7968;7.113
7972;7977;6.867
7978;7960;12.629
7968;7978;10.827
7889;7979;53.945
7961;7980;5.218
7981;7978;1.574
7981;7980;11.365
7982;7974;6.005
7977;7974;11.633
7980;7983;0.721
7975;7984;11.585
7977;7984;6.682
7971;7985;15.392
7983;7985;1.647
7986;7969;14.752
7987;7981;8.432
7987;7986;10.410
7988;7987;1.252
7986;7988;14.759
7900;7989;21.821
7989;7560;0.476
7985;7990;22.971
7991;7988;21.683
7979;7992;8.639
7993;7983;12.245
7992;7994;21.820
7559;7995;6.059
7995;7996;0.673
7996;7997;1.442
7992;7998;7.679
7994;7999;29.477
7998;8000;0.844
8001;8000;10.945
8002;8001;1.691
7998;8003;1.615
8004;7998;15.209
8003;8004;5.943
8001;8005;2.164
8005;8006;1.388
8008;8007;5.728
8004;8007;4.412
7999;8009;6.667
8010;8009;2.026
8000;8011;5.990
8011;8005;10.032
8012;8011;1.980
7995;8013;7.601
8015;8014;10.308
8007;8016;2.080
8017;8015;4.187
8018;8017;4.602
8013;8019;0.177
8016;8020;7.567
8009;8021;2.629
8020;8021;2.901
8023;8022;17.682
7997;8022;6.961
7999;8024;9.269
8021;8024;4.331
8025;8017;9.141
8024;8025;0.792
8026;8016;8.853
8003;8026;2.308
8012;8026;5.110
8025;8027;1.348
8029;8028;2.689
8030;8028;5.377
8020;8031;3.822
8032;8012;6.962
8034;8033;5.393
8027;8034;8.698
8035;8031;2.471
8031;8035;7.012
8034;8036;2.001
8022;8037;2.384
8028;8038;6.409
8039;8037;3.002
8040;8039;6.730
8041;8027;7.141
8035;8041;6.231
8038;8042;10.055
8037;8042;1.240
8041;8043;1.619
8043;8044;14.840
8044;8026;14.512
8045;8038;6.225
8047;8046;14.361
8045;8047;7.129
8049;8048;7.862
8050;8045;3.449
8042;8050;3.382
8048;8051;8.202
8047;8051;2.684
8051;8052;7.159
8050;8052;0.746
8048;8053;4.001
8054;8039;12.540
8055;8054;4.256
8052;8056;1.541
8050;8057;9.254
8057;8058;1.554
8054;8059;5.455
8051;8060;6.854
8056;8060;1.918
8057;8059;13.812
8059;8061;3.283
8062;8061;3.667
8060;8063;3.073
8056;8064;8.338
8064;8058;6.590
8061;8065;5.022
8058;8066;9.192
8019;8067;9.304
8068;8067;0.708
8064;8069;7.337
8063;8068;6.376
8067;8070;25.316
8071;7993;58.727
8070;8072;30.218
8072;7562;6.727
7561;8073;1.661
8074;8071;15.610
8073;7564;17.801
7563;8075;7.477
8075;8076;91.058
8077;8074;45.506
1472;8077;1.616
8076;8078;63.911
8078;8079;40.738
8079;8080;3.728
8080;8081;3.090
8083;8082;14.856
8081;8084;4.721
8086;8085;7.370
8087;8085;4.901
8087;8084;2.442
8089;8088;6.120
8089;8087;0.318
8084;8090;32.444
8090;8091;6.244
8082;8091;24.765
8093;8092;4.528
8094;8089;7.548
8095;8090;4.178
8096;8093;10.144
8096;8094;0.381
8091;8097;4.750
8098;8094;14.440
8095;8098;2.383
8097;8095;7.340
8099;8097;4.700
8100;8099;2.366
8101;8100;6.572
8102;8100;3.259
8099;8103;3.846
8104;8103;2.242
8105;8098;9.048
8105;8106;6.180
8103;8107;1.692
8108;8107;4.899
8107;8109;5.171
8109;8105;12.200
8110;8096;3.270
8109;8111;3.693
8112;8111;3.108
8111;8113;6.032
8114;8110;2.267
8115;8113;1.693
8113;8116;9.520
8116;8117;5.210
8118;8114;3.107
8116;8119;11.847
1349;8120;5.273
8120;8121;18.385
8121;8122;3.219
8122;8123;48.853
8120;1384;4.410
8123;8124;23.649
8125;8118;18.422
8124;8126;26.266
8126;8127;10.628
8128;8125;11.594
8127;8129;18.045
8129;8128;21.342
8131;8130;41.608
8133;8132;0.917
8135;8134;2.446
8137;8136;0.973
8139;8138;0.985
8141;8140;0.912
8143;8142;0.870
8145;8144;0.685
8147;8146;0.351
8148;8131;0.765
8151;8150;7.103
8152;8151;60.611
8154;8153;34.643
8150;8154;10.229
8155;8154;53.723
8156;8151;52.777
8158;8157;11.174
8158;8159;5.910
8159;8160;2.955
8162;8161;19.141
8163;8161;4.957
8161;8164;1.599
8165;8159;25.271
8166;8158;26.949
8166;8164;10.786
8167;8165;6.923
8169;8168;15.018
8169;8166;9.738
8170;8165;6.405
8171;8170;5.556
8171;8169;3.964
8173;8172;9.686
8172;8174;4.551
8174;8170;2.198
8175;8174;3.974
8176;8172;6.177
8175;8176;4.350
8177;8175;3.060
8177;8171;8.664
8176;8178;11.193
8179;8177;3.912
8177;8180;5.631
8179;8180;1.182
8180;8182;0.219
8178;8183;10.838
8184;8181;2.462
8182;8184;0.252
8185;8178;6.380
8184;8186;1.376
8187;8185;4.818
8188;8185;5.514
8186;8188;2.189
8189;8182;9.757
8190;8189;4.281
8179;8190;5.105
8191;8186;9.730
8189;8191;4.704
8191;8192;4.320
8188;8193;3.548
8193;8194;3.284
8193;8195;0.900
8190;8196;4.319
8197;8196;18.607
8196;8137;12.421
8136;8198;4.344
8198;8199;33.228
8195;8200;34.328
8200;8139;17.094
8140;8201;0.247
8202;8141;4.766
8138;8202;15.298
8203;8198;24.596
8201;8204;28.625
8205;8203;1.717
8204;8206;9.817
8207;8205;18.921
8208;8207;8.202
8209;8208;2.839
8210;8209;49.363
8211;8210;0.441
8212;8211;0.689
8213;8212;30.176
8215;8214;8.196
8216;8215;4.834
8218;8217;4.481
8217;8216;9.589
8217;8219;1.785
8220;8215;12.454
8219;8221;2.634
8222;8220;0.782
8221;8223;0.665
8223;8222;4.035
8220;8224;4.420
8218;8225;4.208
8142;8213;31.471
8219;8226;4.321
8221;8226;7.204
8227;8223;7.817
8222;8227;3.766
8226;8228;2.715
8229;8228;0.489
8230;8229;0.996
8231;8230;1.593
8229;8230;7.655
8232;8218;37.382
8227;8233;5.433
8234;8233;3.387
8224;8234;9.005
8235;8143;1.037
8237;8236;14.584
8224;8238;19.171
8240;8239;3.737
8228;8240;6.751
8134;8235;0.708
8242;8241;5.518
8233;8242;5.836
8243;8232;14.966
8240;8243;4.592
8242;8244;3.120
8244;8234;7.408
8238;8245;5.812
8246;8243;2.178
8242;8247;4.061
8248;8245;7.191
8249;8237;51.594
8251;8250;7.238
8252;8249;3.103
8253;8135;0.611
8252;8254;1.575
8255;8251;2.646
8245;8255;4.554
8254;8133;12.516
8133;8256;48.666
8132;8257;2.441
8232;8257;13.064
8257;8258;2.206
8258;8259;0.216
8259;8246;10.558
8244;8260;8.903
8260;8261;2.411
8262;8246;15.149
8262;8260;0.758
8261;8263;2.940
8263;8264;0.171
8251;8264;4.410
8266;8265;5.148
8238;8265;21.573
8267;8262;1.624
8260;8268;1.084
8264;8269;0.751
8255;8269;4.106
8259;8270;3.495
8270;8267;2.488
8271;8253;1.994
8267;8272;1.840
8272;8268;6.776
8269;8273;3.383
8274;8273;9.218
8273;8275;1.099
8275;8276;4.132
8265;8276;3.458
8275;8277;1.300
8278;8258;4.661
8263;8279;4.433
8280;8272;6.246
8268;8280;4.114
8281;8270;6.469
8277;8282;6.752
8282;8283;0.537
8282;8277;9.301
8276;8284;4.509
8285;8284;4.633
8284;8286;0.411
8279;8287;6.669
8279;8288;7.750
8261;8289;10.195
8291;8290;4.326
8290;8289;3.099
8292;8287;1.571
8272;8293;11.005
8286;8294;1.670
8294;8295;1.127
8295;8271;36.879
8295;8296;0.572
8298;8297;4.699
8297;8286;4.802
8287;8299;5.607
8283;8299;8.241
8300;8290;3.464
8280;8301;9.123
8300;8301;4.961
8296;8302;1.273
8302;8303;4.600
8304;8300;2.128
8289;8304;4.100
8304;8305;1.036
8303;8306;18.115
8306;8271;5.508
8302;8307;1.745
8303;8307;4.356
8308;8305;4.097
8288;8308;7.153
8283;8309;11.913
8311;8310;7.325
8301;8311;2.982
8307;8312;0.936
8288;8308;14.800
8314;8313;6.959
8313;8297;5.652
8299;8315;13.494
8309;8315;4.421
8309;8316;8.364
8317;8313;3.292
8316;8317;3.302
8317;8318;3.705
8318;8294;12.561
8318;8319;0.558
8319;8296;13.318
8315;8320;2.947
8320;8321;5.493
8316;8321;2.928
8321;8322;3.471
8317;8322;2.924
8312;8323;5.201
8323;8306;3.493
8311;8324;8.091
8325;8324;4.188
8325;8305;10.180
8322;8326;8.205
8319;8326;5.907
8312;8327;9.837
8328;8325;30.969
8320;8328;7.938
8326;8329;4.958
8329;8330;2.316
8327;8331;11.633
8323;8331;6.875
8322;8332;6.057
8326;8332;11.536
8333;8328;5.124
8329;8334;6.687
8327;8334;6.983
8335;8333;1.274
8336;8335;5.507
8337;8336;3.015
8332;8337;6.273
8336;8338;5.810
8334;8339;11.037
8340;8335;8.949
8339;8341;9.172
8342;8339;4.320
8341;8342;6.506
8341;8343;1.791
8331;8343;15.621
8344;8324;21.344
8346;8345;4.940
8334;8346;14.491
8347;8344;24.301
8347;8333;20.403
8348;8323;19.434
8349;8347;8.884
8337;8349;18.248
8348;8343;46.656
8350;8348;5.457
8351;8349;22.988
8346;8351;9.893
8352;8342;12.387
8353;8352;8.880
8354;8350;2.929
8352;8351;17.780
8355;8350;4.399
8356;8355;3.237
8144;8356;19.159
8357;8344;39.208
8357;8347;38.331
8354;8152;43.303
8358;8357;1.961
8359;8152;14.910
8359;8354;27.513
8153;8359;15.347
8146;8145;28.879
8360;8147;0.931
8153;8150;42.220
8130;8360;11.103
8149;8148;29.615
8362;8361;99.406
8362;8363;5.505
8363;8364;8.069
8363;8365;6.308
8365;8366;1.221
8366;8367;1.944
8366;8365;17.403
8367;8368;7.523
8367;8368;1.953
8370;8369;3.978
8370;8371;5.670
8368;8372;1.823
8372;8370;4.862
8373;8371;2.227
8375;8374;2.186
8373;8375;4.048
8372;8376;2.071
8376;8377;0.302
8375;8377;4.307
8378;8373;6.990
8377;8379;2.492
8379;8378;2.386
8379;8380;2.228
8380;8378;8.055
8382;8381;9.842
8383;8382;26.715
8384;8382;1.310
8385;8384;3.176
8380;8386;6.052
8384;8386;3.715
8385;8387;2.337
8386;8388;1.093
8388;8387;0.879
8389;8385;16.131
8389;8390;3.475
8390;8391;5.346
8387;8391;3.523
8391;8392;0.933
8390;8392;0.963
8392;8393;0.692
8393;8394;4.088
8394;8389;11.519
8388;8395;7.255
8394;8396;2.355
8395;8397;15.047
8393;8397;17.808
8397;8398;1.324
8400;8399;3.572
8401;8400;16.031
8403;8402;1.478
8405;8404;0.660
8407;8406;0.528
8409;8408;0.526
8412;8411;0.859
8414;8413;0.989
8416;8415;0.516
8418;8417;0.363
8420;8419;0.444
8422;8421;0.665
8424;8423;0.655
8426;8425;0.555
8428;8427;1.385
8430;8429;0.986
8432;8431;1.285
8434;8433;2.244
8436;8435;0.509
8438;8437;35.611
8440;8438;3.630
8442;8443;1.757
8442;8443;2.196
8445;8442;23.205
8445;8442;29.006
8446;5909;7.496
8447;8446;3.133
2347;8447;8.163
2340;2350;6.409
8449;8448;2.124
8448;8450;32.326
8450;8451;0.777
8451;8452;127.331
8452;8453;8.996
8453;8454;24.504
8454;8455;1.362
8455;8456;2.643
8458;8457;15.421
8459;8458;12.486
8460;8459;4.815
8459;8461;6.553
8461;8462;9.406
8462;8460;6.468
8462;8463;2.074
8464;8461;4.221
8465;8458;18.751
8464;8465;5.157
8466;8464;4.329
8463;8467;8.086
8467;8466;12.217
8465;8468;5.164
8469;8463;12.596
8456;8469;17.888
8471;8470;17.822
8472;8470;4.786
8468;8472;28.990
8468;8473;1.459
8472;8474;2.235
8470;8474;3.857
8473;8475;1.085
8476;8472;3.677
8475;8477;3.425
8467;8478;5.426
8469;8478;3.146
8478;8479;0.389
8477;8476;10.546
8479;8480;0.210
8477;8481;3.202
8482;8479;7.783
8482;8469;7.912
8483;8481;6.838
8475;8483;6.046
8476;8484;6.702
8485;8484;1.568
8481;8485;6.108
8486;8466;14.213
8480;8486;3.538
8486;8487;0.438
8474;8488;10.492
8484;8488;4.788
8483;8489;5.907
8487;8489;0.736
8490;8487;1.560
8489;8491;0.949
8492;8490;7.505
8480;8492;9.231
8493;8488;7.842
8493;8485;5.598
8491;8494;3.093
8495;8493;2.527
8494;8495;0.440
8492;8496;4.926
8496;8497;4.182
8491;8498;3.409
8499;8494;4.984
8498;8499;2.341
8500;8482;12.216
8496;8501;6.100
8501;8500;1.865
8501;8502;4.613
8503;8490;13.461
8502;8503;2.967
8499;8504;6.618
8503;8498;17.267
8505;8500;6.479
8502;8506;3.802
8495;8507;10.967
8507;8508;2.566
8508;8405;16.069
8443;8509;0.945
8404;8407;52.514
8406;8510;95.239
8510;8511;4.203
8512;8445;26.068
8511;8513;5.028
8513;8514;145.833
8516;8515;12.452
8517;8516;8.843
8515;8517;8.360
8514;8518;7.991
8519;8517;4.282
8515;8520;4.048
8520;8521;13.179
8523;8522;20.885
8518;8523;1.357
8521;8524;8.129
8520;8525;4.137
8524;8525;9.401
8524;8526;1.650
8527;8521;14.814
8523;8527;2.118
8528;8518;9.009
8529;8519;7.793
8530;8529;6.165
8525;8530;4.448
8519;8531;11.438
8531;8529;5.442
8532;8529;5.894
8530;8532;6.550
8533;8532;1.021
8534;8533;6.382
8535;8531;12.460
8527;8536;7.450
8533;8537;20.734
8536;8537;0.732
8538;8536;9.342
8537;8539;5.833
8540;8539;8.135
8441;8440;18.997
8437;8541;0.441
8542;8538;9.007
8543;8534;16.689
8539;8544;7.950
8544;8538;18.890
8541;8545;0.774
8546;8543;5.136
8544;8546;4.370
8546;8547;6.903
8548;8547;6.604
8547;8549;8.661
8550;8512;82.946
8545;8551;44.745
8553;8552;18.693
8408;8550;54.370
8551;8554;19.869
8555;8409;2.344
5503;8555;1.976
8552;8556;34.680
8556;8557;0.457
8557;8558;19.205
8554;8559;44.845
8559;8412;0.243
8411;8560;47.779
8558;8561;76.188
8561;8562;2.673
8560;8414;31.251
8413;8416;13.924
8562;8563;26.762
8563;8564;0.927
8564;8565;3.804
8567;8566;4.846
8568;8566;5.803
8566;8569;4.586
8569;8570;9.303
8569;8571;9.164
8571;8572;2.498
8573;8572;14.855
8572;8573;10.846
8573;8574;3.207
8574;8575;3.588
8577;8576;9.394
8575;8577;1.953
8574;8578;7.132
8578;8575;9.814
8572;8579;13.213
8580;8578;4.524
8579;8581;0.990
8582;8580;8.170
8565;8583;14.758
8581;8584;16.510
8415;8585;32.295
8584;8586;62.599
8435;8585;4.707
8586;8436;39.996
8583;8587;54.022
8588;8587;3.565
8589;8590;12.714
8591;8588;4.640
8592;8588;5.787
8593;8591;3.184
8595;8594;5.171
8593;8595;23.034
8596;8595;6.032
8597;8596;6.626
8598;8596;5.088
8598;8593;2.845
8599;8598;0.662
8600;8591;15.102
8600;8592;11.843
8601;8599;2.741
8603;8602;0.905
8604;8601;3.411
8605;8599;2.135
8606;8605;0.244
8607;8604;8.496
8607;8600;4.968
8601;8605;8.973
8606;8603;13.672
8608;8606;0.874
8609;8608;6.649
8609;8610;4.774
8610;8604;7.252
8611;8609;2.305
8612;8608;2.147
8613;8611;1.975
8612;8613;5.219
8610;8614;7.047
8614;8607;10.359
8615;8611;4.773
8616;8613;5.758
8617;8612;3.352
8617;8618;0.193
8619;8616;9.710
8614;8619;8.562
8620;8619;2.061
8621;8616;9.655
8620;8621;3.053
8622;8621;2.137
8622;8620;1.745
8623;8622;15.508
8624;8622;24.402
8585;8625;63.115
8618;8626;156.578
8626;8627;0.552
8627;8628;3.224
8628;8629;5.231
8630;8629;2.007
8631;8630;3.494
8632;8630;5.273
8633;8631;44.857
8634;8631;8.724
8636;8635;0.192
8637;8636;7.221
8637;8638;6.383
8639;8637;9.802
8640;8639;1.019
8629;8640;22.752
8640;8641;3.337
8639;8642;10.465
8641;8642;9.317
8644;8643;13.744
8642;8644;32.829
8644;8645;4.295
8646;8641;103.022
8648;8647;20.083
8647;8646;15.448
8649;8647;11.260
8635;8424;111.737
8625;8650;37.229
8423;8650;6.342
242;240;28.033
8650;8651;47.996
8652;8651;0.882
8653;8652;0.507
8654;8653;2.671
8656;8655;3.496
8652;8656;12.931
8657;8654;5.937
8656;8657;7.800
8658;8654;5.325
8657;8658;3.425
8659;8653;6.868
8660;8658;2.492
8660;8661;7.750
8662;8659;4.951
8662;8661;8.346
8663;8660;5.607
8664;8662;14.379
8665;8663;3.107
8665;8657;9.817
8666;8664;11.889
8661;8667;7.380
8667;8663;7.586
8668;8662;5.850
8669;8664;6.032
8670;8665;4.358
8670;8671;3.096
8672;8671;4.853
8667;8673;4.545
8665;8673;8.311
8674;8671;14.497
8673;8670;23.131
8675;8659;31.956
8676;8675;5.169
8678;8677;3.056
8679;8676;10.546
8681;8680;7.404
8677;8680;12.777
8677;8682;9.036
8682;8679;17.928
8680;8683;11.317
8683;8682;1.380
8684;8683;2.075
8403;8684;0.573
8402;8685;0.839
8686;8685;3.620
8688;8687;12.452
8685;8688;3.061
8688;8689;6.506
8690;8689;9.337
8692;8691;3.585
8689;8691;1.483
8692;8693;13.516
8691;8693;4.362
8694;8692;20.848
8694;8695;1.984
8693;8695;0.478
8425;8696;46.057
8697;8694;9.465
8696;8698;12.117
8695;8699;11.987
8701;8700;13.457
8700;8702;4.555
8702;8703;8.829
8704;8699;1.094
8702;8401;10.277
8705;8704;16.203
8706;8699;17.971
8704;8706;4.274
8707;8401;3.661
8399;8708;3.364
8708;8706;11.890
8698;8709;20.764
8710;8700;41.968
8711;8710;3.871
8712;8704;9.872
8709;8712;10.471
8713;8711;6.929
8714;8708;37.716
8714;8713;9.589
8715;8714;12.588
8716;8426;55.398
8718;8717;10.668
8718;8719;6.567
8719;8720;1.306
8721;8716;19.118
8722;8721;1.956
8720;8722;6.596
8723;8722;2.357
8724;8723;0.354
8726;8725;9.043
8726;8721;7.372
8727;8724;2.771
8727;8718;14.433
8723;8728;8.499
8729;8726;5.339
8728;8730;3.260
8731;8729;3.010
8730;8731;2.802
8732;8727;6.596
8734;8733;9.668
8729;8734;5.110
8734;8731;4.102
8735;8730;6.182
8736;8734;4.855
8736;8737;2.272
8738;8728;16.381
8739;8738;1.393
8739;8732;17.975
8735;8740;7.323
8741;8736;8.647
8741;8740;0.998
8742;8740;6.275
8742;8735;9.175
8743;8742;1.948
8743;8738;7.604
8744;8732;6.952
8745;8743;20.116
8745;8739;15.378
8746;8712;35.991
8747;8745;12.117
8744;8747;15.252
8748;8744;9.336
8749;8741;25.197
8750;8747;12.425
8746;8751;22.958
8753;8752;3.631
8751;8754;16.124
8752;8755;13.310
8755;8746;15.375
8756;8752;21.104
8757;8756;6.193
8758;8756;7.291
8758;8755;4.142
8759;8758;1.200
8760;8759;7.777
8761;8759;1.650
8762;8760;6.582
8763;8762;6.794
8764;8763;1.012
8765;8760;4.623
8766;8762;4.224
8761;8767;15.623
8768;8748;71.794
8427;8768;2.147
8767;8418;2.414
8429;8428;7.653
8417;8769;2.876
8770;8430;1.351
8769;8771;1.018
8771;8772;13.777
8419;5687;27.787
8772;8420;47.934
8773;8770;19.459
8431;8773;10.464
8772;8774;22.748
8775;8432;2.555
8777;8776;2.671
8779;8778;10.360
8780;8779;7.528
8776;8775;44.814
8433;8777;65.800
8781;8434;10.989
8782;8781;5.062
308;8782;12.218
8774;8783;99.067
8783;8422;2.870
8421;8784;179.969
8784;8785;2.703
8785;8786;2.841
8788;8787;24.422
8788;8786;9.705
8789;8788;2.295
8790;8789;6.919
8790;8789;19.016
8791;8790;24.296
8793;8792;17.391
8794;8793;1.566
8794;8795;4.343
8796;8794;2.864
5821;8797;16.572
8799;8798;5.491
8793;8799;6.913
8800;8796;3.973
8801;8799;3.570
8801;8796;4.105
8802;8801;2.190
8803;8802;3.628
8802;8804;2.884
8804;8805;4.619
8804;8806;9.076
8807;8803;12.436
8809;8808;3.036
8806;8810;10.781
8811;8809;7.314
8812;8811;6.310
8811;8813;0.583
8815;8814;7.033
8816;8815;4.801
8813;8809;11.907
8817;8813;2.324
8818;8817;7.006
8819;8815;1.327
8821;8820;2.550
8821;8803;14.663
8822;8819;1.971
8816;8822;4.863
8823;8816;9.840
8817;8823;6.621
8819;8824;6.270
8825;8821;2.811
8826;8822;1.987
8823;8826;8.354
8827;8825;2.412
8829;8828;6.109
8830;8829;4.506
8830;8825;2.824
8831;8824;3.780
8826;8831;6.601
8832;8829;5.850
8832;8830;1.551
8831;8824;18.518
8833;8830;5.814
8834;8832;10.875
8797;8835;58.908
8838;8834;42.561
8846;8845;29.094
8848;8847;7.039
8847;8849;5.426
8847;8850;2.835
8851;8850;4.671
8853;8852;5.156
8852;8845;11.672
8854;8847;7.497
8856;8855;9.295
8850;8857;2.429
8858;8856;9.925
8858;8852;3.863
8855;8859;15.594
8860;8858;5.796
1334;8861;4.841
8854;8860;8.105
8860;8862;0.805
8863;8856;13.494
8862;8863;8.519
8864;8863;3.934
8865;8864;4.028
8862;8865;11.286
8864;8866;7.291
8867;8865;7.704
8410;8844;44.865
8861;8780;7.643
8810;8869;4.627
8814;8869;0.226
8871;8870;17.890
8877;8876;2.578
8879;8878;2.488
8880;8871;3.427
8882;8881;1.113
8884;8883;4.098
8886;8885;2.767
8888;8887;2.599
8890;8889;4.117
8892;8891;3.080
8894;8893;1.592
8896;8895;5.735
8898;8897;1.459
8900;8899;0.841
8902;8901;3.413
8904;8903;1.451
8906;8905;0.715
8908;8907;0.375
8910;8909;0.497
8912;8911;0.727
8914;8913;1.927
8916;8915;0.582
8918;8917;1.286
8920;8919;0.906
8922;8921;0.403
8924;8923;0.805
8926;8925;0.576
8928;8927;0.371
8930;8929;0.476
8932;8931;0.455
8934;8933;3.399
8936;8935;1.038
8938;8937;1.105
8940;8939;0.822
8942;8941;0.384
8509;8943;1.398
8951;8952;1.691
8952;8949;0.500
8954;8953;1.250
8956;8955;15.972
8957;8962;32.544
8963;8957;1.471
8958;8963;1.373
8961;8958;1.829
8909;8961;18.893
5319;8966;32.600
8967;4181;5.573
8968;4180;5.834
8969;4184;4.695
8971;8970;3.085
8973;8972;29.272
8974;8972;4.585
8974;8968;14.952
8972;8975;7.652
8975;8974;2.022
8975;8976;69.842
8978;8977;15.243
8980;8979;5.173
8977;8979;10.640
8978;8981;47.511
8981;8975;4.558
8979;8982;9.686
8979;8983;11.076
8985;8984;37.797
8982;8986;6.863
8977;8987;40.109
8987;8981;3.613
8989;8988;5.205
8991;8990;40.897
8993;8992;8.300
8988;8992;16.367
8984;8994;15.217
8982;8995;37.124
8995;8987;4.739
4182;8995;122.149
8994;8996;18.488
8998;8997;41.964
8998;8995;2.902
8966;8999;29.605
9000;8969;36.526
8999;9001;2.675
9002;8998;4.036
8996;9003;36.154
9004;9001;1.822
9005;9004;1.520
9006;9002;5.763
9008;9007;4.393
9009;9007;10.464
9010;9008;7.459
9011;9006;0.876
9011;9010;10.656
8990;9012;58.789
9012;9002;25.213
9012;9006;16.481
9008;9013;3.752
9013;9014;3.615
9007;9014;4.658
8992;9015;44.481
9015;8988;50.416
9005;9016;22.459
9017;9005;5.831
9013;9018;2.699
9019;9010;5.497
9019;9018;6.143
9020;9017;10.607
9021;9020;13.244
9014;9022;4.147
9023;9022;15.201
9024;9018;5.537
9022;9024;3.863
9025;9015;6.066
9025;9026;19.778
9027;9017;2.411
9028;9027;1.102
9020;9028;8.064
9029;9011;4.264
9029;9030;4.439
9031;9025;6.511
9032;9019;9.303
9024;9032;5.862
9034;9033;5.123
9016;9033;10.934
9022;9035;17.821
9035;9031;10.069
9033;9036;3.332
9036;9027;16.558
9027;9037;3.387
9012;9038;22.726
9038;9029;0.927
9039;9035;4.337
9040;9036;13.629
9037;9040;5.950
9041;9038;6.994
9032;9041;11.378
9042;9040;6.901
9042;9037;8.059
9036;9043;8.725
8206;9000;14.308
9044;9028;8.740
9044;9021;20.261
9044;9045;3.980
9046;9034;18.836
9047;9038;2.649
9048;9034;12.241
9003;9049;21.053
9043;9050;6.267
9040;9050;8.656
9051;9043;5.542
9053;9052;6.573
9054;9021;41.003
9048;9046;19.298
9055;9044;3.287
9055;9054;8.988
9057;9056;5.881
9053;9057;5.430
9058;9054;25.078
9059;9058;9.733
9060;9055;2.109
9054;9060;6.268
9061;9059;12.043
9049;9061;14.589
9062;6;8.092
6;9042;13.753
9063;9041;16.404
9057;9063;6.640
9064;9047;14.610
9064;9047;4.235
8779;9060;6.200
1333;6;2.323
8778;9060;2.600
9050;9065;12.688
9065;7;5.612
9066;9061;13.925
9067;9065;3.690
9068;9058;8.839
9053;9069;15.565
9069;9024;34.670
9031;9069;33.227
9070;1334;6.090
9070;8861;3.857
9071;7;6.104
9072;8778;3.233
9073;8780;6.659
9073;8779;7.258
9074;9067;8.130
9075;9063;12.560
9075;9057;16.767
9072;9076;4.195
9077;9048;24.886
9077;9074;14.078
9074;9078;7.073
9079;9076;8.132
9080;1333;16.113
9080;9070;7.237
9081;9072;3.850
9082;9066;21.792
9083;9075;10.197
9083;9069;8.217
9084;9073;7.181
9085;9076;5.918
9086;9080;5.851
9086;8780;15.812
9081;9087;5.935
9088;9081;2.748
9061;9088;32.440
9089;9046;36.124
9089;9077;23.908
9090;9089;12.864
9091;9086;15.204
9092;9067;36.003
9092;9086;11.067
9093;9088;5.781
9094;9083;27.695
9095;9094;20.929
9096;9092;11.146
9097;9096;7.864
9098;9064;14.998
9099;9094;10.634
9100;9099;14.045
9101;9099;10.511
9102;9093;5.443
9102;9066;43.756
9103;9099;8.792
9101;9103;8.070
9106;9101;15.206
9107;9103;26.298
9107;9106;14.060
9106;9107;26.838
9108;9107;5.446
9110;9109;5.517
9111;9108;5.987
9109;8884;5.667
9112;9111;8.508
9113;9108;10.187
9114;9113;6.071
8883;9114;5.978
9115;9102;15.102
9116;9112;4.886
9112;9111;13.716
9113;9117;4.175
9118;9114;10.123
9119;9113;7.968
9120;9118;12.032
9118;9121;3.398
9116;9122;11.674
9123;9119;6.990
9123;9121;8.563
9122;9116;16.254
9124;9119;8.381
9124;9123;4.111
9125;9122;7.073
9126;9117;17.927
9117;9126;13.063
9126;9127;4.469
9127;9128;5.991
9129;9124;8.333
9131;9130;21.664
9128;9131;6.907
9132;9131;2.895
9131;9133;7.543
9134;9129;4.972
9134;9135;11.625
9136;9126;15.683
9129;9136;6.522
9121;9137;30.301
9137;9138;17.499
9133;9139;6.138
9127;9140;17.447
9136;9140;3.846
9139;9141;3.445
9142;9115;12.918
9143;9134;5.229
9141;9144;3.448
9143;9140;11.590
9145;9142;0.734
9146;9098;30.198
9144;9146;27.461
9140;9128;31.609
8970;9147;67.773
9148;9139;14.737
9148;9133;18.128
9147;9149;0.184
9149;9146;16.440
9143;9150;48.928
9151;9146;16.937
9152;9148;45.891
9153;9151;66.012
9155;9154;5.901
9154;9144;96.325
9156;9154;17.815
9157;9156;11.969
9158;9151;16.263
9160;9158;5.363
9156;9161;33.180
9161;9154;59.730
9162;9161;4.263
9168;9145;41.562
9170;9168;3.783
9171;9169;3.338
3880;9171;0.942
9172;9167;6.144
3879;9172;3.318
9173;9170;36.058
8922;9173;4.284
3921;9174;2.240
9174;8924;1.068
8923;9175;5.013
8915;9175;3.010
9176;8916;9.995
8917;9176;9.812
9177;8918;10.731
8919;9177;7.591
9178;8920;15.501
8921;9179;26.803
9180;9178;28.246
8236;9180;1.058
9182;9181;4.923
9179;9183;6.407
9181;9183;71.375
9185;9184;7.980
9187;9186;7.336
9183;9188;12.332
9188;9189;4.934
9186;9190;18.682
9184;9191;20.016
9190;7690;6.346
9184;9192;30.505
9193;9189;7.741
9194;9191;10.168
9194;9193;1.595
9191;9192;17.113
9195;9192;3.777
9195;9194;5.981
9195;9196;3.136
9197;9192;20.082
9196;9197;1.729
9199;9198;6.561
9197;9199;10.321
9197;9200;9.465
9201;9200;8.944
9201;9196;11.696
9202;9193;19.230
9199;9203;16.837
9200;9203;10.072
9204;9202;4.047
9206;9205;3.872
9205;9207;8.633
9202;9207;5.317
9208;9200;9.541
9208;9201;5.365
9209;9205;4.019
9210;9201;10.310
9209;9210;5.388
9211;9208;3.828
9212;9209;6.320
9214;9213;4.488
9215;9211;6.753
9210;9215;3.719
9216;9213;3.989
9216;9211;3.682
9218;9217;7.384
9218;9219;4.595
9220;9212;4.735
9207;9220;7.728
9219;9221;6.728
9203;9221;11.826
9221;9222;7.952
9222;9213;8.472
9198;9187;41.773
9223;9210;9.218
9223;9212;6.499
9222;9224;11.195
9224;9216;4.421
9225;9224;9.436
9225;9215;5.525
9226;9218;5.330
9226;9227;8.360
9220;9228;5.342
9224;9229;3.492
9230;9228;15.152
9219;9231;8.475
9231;9221;6.416
9232;9225;6.911
9232;9223;5.130
9228;9232;10.397
9229;9233;4.258
9226;9234;10.835
9235;9222;11.733
9236;9235;6.743
9236;9229;9.277
9237;9232;9.435
9238;9236;7.000
9240;9239;5.059
9240;9236;8.080
9241;9235;13.603
9241;9242;12.231
9242;9240;6.418
9243;9231;22.873
9241;9243;10.666
9244;9242;3.941
9244;9245;22.538
9246;9243;20.642
9247;9246;21.165
9248;9247;15.152
9244;9248;42.710
9248;9249;9.756
9175;9250;45.983
9250;9251;3.353
9251;9252;3.979
8885;9253;35.572
9252;9254;64.347
9251;9255;26.988
9256;9254;10.340
9256;9255;11.076
8886;9257;34.402
9255;8886;7.198
9258;9254;31.766
9259;9256;11.256
9260;9259;5.028
9258;9261;8.101
9262;9258;9.649
9264;9263;6.658
9260;9264;6.613
9259;9265;14.693
9266;8880;1.576
9267;9260;8.024
9265;9267;6.145
9268;9264;11.111
8870;9269;1.091
9257;9269;32.623
9261;9268;32.433
9270;9268;4.951
9270;9267;5.868
9265;9271;9.831
9271;9270;9.066
9255;9272;16.949
9271;9273;8.309
9273;9272;7.204
9269;9274;10.933
9275;9272;15.044
9274;9275;2.587
9276;9273;3.832
9275;9277;19.304
9277;9274;25.910
9272;9278;13.674
9277;9278;11.737
9279;9261;61.840
9279;9270;35.887
9280;9278;13.221
9278;9281;4.655
9282;9279;26.258
9282;9280;17.567
9283;9281;9.118
9284;9282;8.219
9285;9280;25.803
9281;9286;11.270
3962;9287;1.581
9286;9288;2.289
9289;9282;29.168
9290;9283;7.967
9291;9290;4.249
9288;9292;13.466
9290;9292;34.421
9287;8898;18.804
8897;9293;6.221
9292;9294;53.331
9294;9295;3.127
9295;9296;13.895
9297;9295;5.673
9298;9297;0.680
9299;8900;26.777
9300;9298;27.494
8899;9301;19.317
9301;9302;24.706
9302;9303;0.417
9303;9304;15.934
9304;9305;1.542
9305;9306;3.634
9309;9308;28.291
9307;9308;4.193
9306;9310;1.573
9312;9311;16.166
9313;9300;79.655
9315;9314;29.866
9316;9312;21.087
9318;9317;11.992
9312;9318;24.138
9320;9319;5.943
9322;9321;57.375
9314;9322;15.019
9323;9318;20.914
9323;9316;23.112
9319;9324;16.631
9325;9316;31.670
9322;9325;14.104
9326;9323;6.421
9324;9327;9.496
9310;8902;10.683
9314;9328;42.250
9329;9325;15.479
9328;9330;3.758
9328;9331;4.865
9332;9329;11.326
9331;9333;5.617
9333;9330;4.341
9329;9334;12.239
9331;9334;5.987
9336;9335;120.339
9308;9336;25.406
9337;9313;12.379
9338;9337;0.214
8925;9338;0.136
9336;9339;0.919
9340;8901;0.330
9334;9341;6.541
9333;9341;7.056
9342;9340;0.797
9341;9343;3.158
9330;9344;19.112
9339;9344;3.119
9345;9344;4.324
9343;9346;7.182
9346;9345;4.614
9327;9347;71.506
9347;9348;2.877
9348;9329;22.806
9348;9343;9.150
9349;9342;1.735
9350;9345;5.523
9344;9351;9.546
9352;9348;8.008
9352;9346;13.559
9353;9352;5.248
9354;9351;33.130
9355;9353;9.873
9351;9355;15.923
9355;9356;6.646
9357;9353;15.071
9358;9357;7.326
9360;9359;37.129
9361;9355;5.527
9359;9358;32.418
9362;9358;2.380
9363;9357;3.643
9364;8926;16.667
9365;9363;14.526
9361;9365;5.596
9366;9355;12.995
9367;9366;2.975
9368;9367;4.130
9369;9362;10.284
9370;9361;6.456
9370;9366;5.571
9371;9363;5.961
9372;9369;2.961
9373;9371;10.058
9373;9365;6.995
9374;9372;11.885
9374;9362;8.989
9375;9374;9.612
9375;9371;2.779
9376;9369;17.203
9377;9373;9.240
9377;9370;7.260
9378;9375;20.053
9378;9377;5.549
9367;9379;16.504
9379;9349;54.274
9379;9380;3.520
8927;9364;4.452
9380;9378;11.490
9381;9375;14.327
9382;9381;5.400
9383;9378;8.363
9380;9383;15.993
9384;9381;4.163
9384;9383;15.812
9385;9384;5.021
9386;9383;7.255
9385;9387;4.567
9388;9372;28.150
9388;9385;15.806
9386;9389;5.360
9390;9386;13.189
9391;9383;21.139
9391;9392;4.257
9393;9349;15.464
9388;9394;16.973
9395;9390;9.035
9395;9391;9.767
9396;9395;5.989
9397;9390;23.032
9398;8928;9.971
9394;9399;37.144
9399;9397;38.813
9400;9398;6.435
9402;9401;3.840
9403;9401;7.841
9403;9400;12.215
9404;9403;1.026
9405;9401;10.498
9406;9404;2.191
9406;9407;8.243
9408;9406;4.107
9409;9408;2.948
9411;9410;2.631
9412;9408;1.011
9410;9412;4.906
9413;9412;1.600
9414;9413;5.543
9410;9414;5.673
9416;9415;1.898
9417;9416;2.997
9418;9414;6.749
9418;9404;30.327
9419;9417;1.748
9421;9420;32.407
9413;9421;10.999
9422;9418;3.334
9415;9422;9.371
9422;9423;9.145
9424;9413;3.551
9423;9424;2.828
9425;9423;4.571
9426;9422;9.349
9426;9427;7.806
9428;9424;2.914
9427;9428;4.428
9430;9429;1.099
9429;9431;2.480
8876;9430;3.114
9428;8877;6.216
9427;9432;5.036
9433;9432;4.188
9434;9426;8.399
9435;9428;2.942
9432;9435;4.928
9432;9436;4.428
9437;9435;5.690
9438;9437;9.319
9439;9393;45.939
9440;9439;12.275
9441;9438;13.999
9445;9444;47.929
9445;9446;58.178
9444;9447;12.897
9448;9447;28.314
9444;9450;13.742
9446;9452;9.099
9455;9452;10.838
9455;9456;12.802
9457;8879;13.234
9447;9459;18.627
8878;9459;3.682
9455;9461;21.771
9447;9461;37.565
9462;9461;12.197
9459;9462;28.368
9464;9462;8.614
9464;9465;12.367
9452;9466;34.842
9467;9461;22.708
9468;9441;16.146
9469;9464;7.963
9470;9468;0.294
9467;9471;4.429
9466;9472;6.519
9472;9467;13.829
9473;9472;14.736
9463;9474;8.268
9475;9470;36.848
9476;9475;11.866
9474;8896;31.622
9477;9476;33.209
9478;9477;70.875
9477;9479;4.158
9479;9480;0.837
9481;9479;10.729
9480;9482;3.381
9482;9483;2.878
9485;9484;10.862
9487;9486;12.235
9487;9488;3.722
9488;9486;7.600
9483;9489;3.331
9486;9489;6.878
9490;9470;29.215
9491;9480;18.308
9492;9487;5.644
9484;9492;17.665
9493;9492;10.098
9489;9494;2.527
9495;9483;8.811
9489;9495;9.085
9481;9496;17.270
9491;9496;6.849
9494;9497;2.349
9488;9497;7.103
9498;9493;8.118
9484;9498;12.091
9499;9494;4.786
9497;9500;0.994
9498;9493;12.473
9501;9482;21.127
9501;9495;5.848
9500;9502;1.935
9492;9502;9.334
9503;9481;30.738
9496;9503;14.267
9502;9504;1.544
9503;9505;5.560
9506;9484;21.028
9507;9501;4.511
9504;9508;5.461
9500;9509;8.550
9504;9510;6.326
9510;9498;10.012
9511;9491;21.409
9511;9507;5.949
9512;8895;5.562
9496;9503;37.161
9514;9510;4.095
9515;9512;1.508
9516;9507;13.602
9518;9515;2.329
9519;9518;0.966
8887;9511;36.794
9521;9520;2.322
9522;9519;6.436
9524;9523;14.505
9520;9523;18.879
9523;9525;1.878
8931;9526;0.324
9527;9522;4.597
9528;9527;1.545
9525;9529;26.689
9530;9528;3.915
9529;9531;30.414
9529;9531;13.510
9532;8932;41.703
9533;9532;37.836
9535;9534;9.378
9531;9536;49.931
9534;9536;13.074
9538;9537;4.740
9536;9537;15.339
9539;9533;19.427
9537;9539;17.024
9540;9536;5.555
9541;9540;2.802
9541;9534;10.124
9542;9535;10.858
9543;9541;9.206
9544;9543;2.431
9544;9535;12.555
9545;9540;7.092
9546;9544;5.820
9546;9542;6.208
9547;9545;6.898
9548;9543;6.066
9549;9547;1.985
9548;9549;2.876
9517;9550;84.973
9551;9545;18.836
9552;9545;8.593
9547;9552;4.212
9553;9546;14.767
9554;9553;0.525
9555;9548;4.276
9549;9552;12.107
9556;8875;113.488
9557;9530;28.129
9558;9557;1.036
9559;9554;59.750
9550;9560;50.673
9561;9490;85.471
9560;9562;12.255
9563;9558;37.053
9564;9559;29.297
9565;9564;3.687
9567;9566;10.828
9568;9565;9.030
9567;9568;4.412
9569;9567;2.862
9568;9570;3.305
9570;9571;3.308
9572;9565;16.597
9561;9573;47.860
9574;9569;7.235
9573;9575;3.207
9576;9570;10.045
9574;9576;5.851
9577;9574;3.700
9579;9578;15.786
9576;9579;3.214
9575;9577;22.891
9579;9580;3.171
9580;9579;10.897
9577;9580;17.341
9581;9561;17.958
9582;9580;14.471
8911;9556;55.219
9583;8912;1.376
9584;9583;1.439
9586;9585;5.599
9587;9581;14.437
9588;9586;14.126
9585;9588;7.146
9588;9589;2.409
9589;9590;15.939
9592;9591;5.076
9594;9593;4.240
9590;9593;1.383
8889;9595;17.584
9593;9595;3.557
9592;8890;8.425
9589;9596;33.021
9590;9597;22.827
9597;9596;9.063
9596;9598;6.484
9595;9599;16.688
9599;9597;5.407
9599;9600;1.826
9601;9600;6.287
9600;9602;3.073
9602;9603;10.259
9591;9604;24.783
9605;9563;40.975
9604;9606;48.253
9607;9605;1.173
9608;9607;0.855
9610;9609;0.358
9612;9611;12.818
9611;9613;1.848
9609;9611;29.859
9615;9614;6.451
9613;9614;5.717
9614;9616;3.357
9617;9607;21.725
9616;9617;3.203
9617;9618;10.860
9619;9608;6.477
9618;9619;9.764
9620;9616;8.788
9562;9621;72.064
9622;9618;10.886
9620;9622;4.709
9623;9620;3.596
9623;9614;10.715
9623;9613;14.096
9624;9623;3.691
9625;9610;16.364
9626;9624;5.806
9627;9626;10.903
9628;9619;3.494
9629;9626;7.502
9630;9623;7.688
9631;9622;8.884
9630;9631;3.101
9632;9628;16.212
9631;9632;9.449
9633;9624;6.053
9606;9634;81.582
9636;9635;9.467
9635;9637;11.264
9637;9638;2.618
9639;9628;9.614
9639;9632;39.252
9637;9640;9.565
9635;9640;11.351
9621;9641;17.593
9640;9642;7.885
9642;9641;1.322
9643;9641;11.860
9644;9643;4.957
9645;9642;8.867
9643;9645;9.657
9646;9644;6.521
9647;9646;24.832
9642;9648;4.378
9649;9644;6.494
9648;9650;5.939
9650;9645;6.965
9651;9648;2.305
9652;9646;9.330
9653;9651;2.208
9654;9651;5.158
9655;9650;5.611
9656;9653;7.997
9657;9655;9.582
9658;9587;40.106
9659;9653;28.698
9659;9650;36.069
9634;9658;56.643
9660;9639;15.000
9661;9625;34.718
9662;9584;64.500
9663;9661;22.348
9664;9663;1.314
9665;9658;17.645
9667;9666;7.701
9668;9667;5.112
9668;9667;17.135
9669;9668;3.891
8933;9664;9.521
9669;9670;16.370
9670;9671;28.256
9672;9670;3.328
9673;8934;3.393
9675;9674;3.993
9674;9669;18.821
9670;9674;11.301
9676;9674;5.306
9677;9672;6.644
9678;9677;3.126
9674;9679;10.722
9679;9672;8.966
9680;9679;5.254
9677;9680;6.071
9681;9677;6.964
8913;9662;18.334
9682;9676;26.340
9683;9673;5.765
9684;9676;11.410
9684;9679;7.420
9682;9683;9.384
9685;9680;5.184
9686;9684;11.428
9686;9685;3.741
9687;9686;4.628
9688;9660;25.623
9689;9688;5.125
9691;9690;23.628
9692;9691;9.751
9693;9689;0.295
9694;9691;16.925
9691;9695;9.243
9696;9665;20.886
9695;9697;4.116
9698;9693;1.678
9700;9699;2.829
9697;9701;4.702
9702;9698;1.224
9703;9695;11.654
9704;9700;31.726
9697;9704;23.545
9705;9702;2.752
9704;9706;6.227
8891;9704;17.169
9706;9707;10.009
8903;9705;8.364
9708;9696;21.415
2166;8914;72.120
9709;9708;45.368
9710;9709;1.114
9713;9710;1.148
9714;9712;4.212
9715;8904;64.666
9716;9715;0.991
9717;9714;49.770
9719;9718;13.612
9718;9720;8.291
9720;9717;107.143
9721;9719;27.942
9722;9716;27.536
9724;9723;9.966
9726;9725;9.514
9727;9726;10.340
9723;9728;17.064
9729;9727;4.288
9728;9730;4.276
9730;9731;3.977
9731;9732;2.072
9733;9726;24.353
9732;9733;1.493
9734;9728;7.118
9735;9729;8.705
9736;9729;8.901
9735;9736;3.862
9727;9737;13.510
9738;9736;1.098
9739;9734;14.779
9723;9739;28.636
9738;9737;6.758
9740;9733;11.355
9730;9741;13.445
9741;9734;8.360
9742;9738;5.309
9742;9735;6.898
9737;9743;4.769
9743;9742;9.060
9744;9742;4.760
9744;9735;8.147
9739;9745;8.929
9741;8894;5.251
9746;9740;8.011
9747;9744;4.367
9748;9733;19.923
9748;9740;7.573
9743;9749;6.770
9750;9747;3.422
9751;9747;2.106
9751;9748;7.236
9752;9746;4.498
9753;9746;8.264
9754;9753;3.049
8893;9755;13.813
9745;8893;6.612
9755;9745;12.200
9756;9751;7.559
9756;9757;4.047
9757;9748;10.117
9758;9742;16.237
9758;9756;7.818
9757;9753;17.350
9759;9755;7.829
9760;9754;10.485
9761;9713;45.568
9762;9721;29.845
9758;8936;18.802
8935;9762;5.955
9763;9761;1.933
8937;9759;2.918
9766;9763;1.481
9767;9766;1.742
9768;9767;1.967
8905;9722;26.212
9769;9765;9.959
9770;8906;2.276
9771;9770;4.256
9772;9768;9.661
9773;9772;1.007
9775;9771;3.719
9777;9776;1.090
9778;9775;0.556
9780;9779;24.480
9769;9779;11.820
9779;9781;1.745
9783;9778;4.298
9776;9784;19.372
9787;9786;7.658
9787;9781;29.982
9784;9788;2.714
9781;9789;2.045
9784;9789;9.534
9789;9790;1.442
9790;9788;9.620
9792;9783;4.199
9793;9777;16.548
9788;9794;6.046
9793;9794;13.819
9783;9795;10.550
9790;9796;2.338
9794;9797;6.619
9798;8882;38.364
9798;9792;4.935
9799;9791;17.745
9800;9799;16.006
9801;9800;3.600
9798;9802;5.554
9795;9802;13.563
9803;9798;1.804
9804;9787;30.946
9804;9790;21.025
9805;9797;17.252
9805;9793;16.546
9796;9806;5.102
8881;9807;20.608
9807;9803;3.061
9808;9796;15.594
9802;9809;17.019
9795;9809;15.417
9797;9810;12.032
9810;9805;3.519
9808;9811;2.997
9812;9803;6.434
9812;9813;7.010
9813;9814;4.913
9814;9815;3.884
9816;9804;6.591
9811;9816;4.149
9799;9817;21.705
9818;9808;3.546
9806;9818;5.381
9813;9814;6.812
9815;9819;9.839
9809;9819;4.038
9820;9812;4.498
9806;9821;2.747
9821;9810;7.152
9811;9818;10.211
9822;9821;1.527
9823;9805;10.687
9823;9822;10.185
9824;9822;0.694
9818;9825;10.047
9825;9824;1.803
9807;9826;12.009
9826;9812;10.917
9819;9827;8.630
9827;9828;7.673
9827;9829;4.830
9830;9801;38.458
9831;9816;15.915
9831;9825;11.824
9832;9824;2.909
9833;9832;3.199
9800;9834;40.367
9835;9826;6.802
9815;9836;17.736
9837;9835;3.257
9830;9834;51.070
9836;9838;12.107
9838;9827;6.352
9839;9827;10.769
9834;9839;8.030
9838;9839;10.746
9840;9836;5.614
9841;9832;1.416
9841;9842;3.514
9841;9843;0.762
9844;9831;14.486
9845;9840;6.196
9846;9773;12.171
9843;9847;4.499
9848;9835;6.708
9848;9845;7.111
9849;9838;6.816
9850;9807;14.718
9851;9840;8.405
9851;9849;10.307
9852;9831;11.166
9853;9848;3.794
9854;9823;18.098
9855;9846;0.876
9856;9852;13.310
9856;9843;2.152
9850;9848;34.827
9857;9851;4.991
9858;9849;5.243
9859;9856;1.659
9859;9854;5.287
9860;9856;4.477
9861;9853;5.066
9862;9845;9.374
9862;9857;6.075
9861;9863;7.313
9863;9853;7.541
9864;9850;2.232
9865;9861;15.271
9863;9862;7.359
9866;9865;13.685
9864;9866;7.122
9867;9854;9.899
9867;9868;10.207
9869;9859;2.432
9870;9857;20.835
9869;9852;23.940
8907;9864;3.798
9871;9869;12.292
9871;9867;11.471
9872;9869;4.644
9872;9871;4.514
9873;8908;5.894
9874;9855;11.280
9875;9872;10.727
9876;9874;0.919
9877;9875;5.676
9878;9876;4.830
9879;9877;1.624
9880;9878;2.052
9881;9880;1.036
9882;9873;10.635
8939;8938;66.159
9883;9881;3.163
8941;8940;0.781
9884;8942;3.861
9884;9885;3.407
9887;9886;1.101
9888;9883;4.057
9888;9877;12.157
9885;9889;8.112
9889;9887;6.646
9889;9890;2.859
9890;9891;4.393
9892;9889;27.928
9891;9892;10.496
9892;9893;20.626
9890;9894;5.234
9891;9895;10.700
9894;9896;5.325
9897;9894;10.062
9898;9892;11.719
9899;9898;4.868
9900;9897;14.124
9902;9901;16.503
9902;9898;7.322
9903;9902;6.922
9904;9902;8.091
9905;9888;37.425
9906;9882;79.578
9907;9905;31.205
9908;9907;0.355
9909;9908;5.874
9910;9909;18.835
9911;9910;0.685
9912;9911;33.242
9913;9906;68.463
9914;9913;5.890
9915;9912;12.280
9916;9914;4.646
8929;9915;3.009
9917;8930;8.513
9918;9917;17.430
43;9918;4.284
45;9919;21.878
9921;9920;5.683
9922;9921;1.704
9919;9922;6.877
49;48;5.210
9923;9916;77.193
8962;9923;0.528
8949;2353;57.039
8947;8951;0.602
9924;50;45.019
9925;9924;9.160
80;9925;6.372
8944;8449;22.976
8953;8947;26.308
9926;9924;13.642
9928;9927;11.689
9927;9929;3.751
9929;9930;8.482
9930;9931;10.476
9929;9932;3.052
9933;9929;7.888
9932;9934;4.738
9935;9933;10.080
9936;8956;10.886
9932;9937;11.305
9931;9937;15.054
9937;9938;2.872
9938;9939;2.517
9941;9940;5.518
9940;9933;11.770
9942;9940;4.260
9942;9937;7.113
9939;9943;7.024
9931;9943;16.224
9944;9943;15.590
9945;9944;32.282
9947;9946;8.394
9944;9948;3.314
9946;9948;3.281
9949;9939;5.790
9943;9950;5.459
9950;9951;2.804
9952;9936;11.037
9953;9942;8.062
9953;9938;13.933
9951;9954;7.296
9948;9954;6.912
9955;9952;3.129
9952;9956;5.841
9957;9955;1.226
9958;9956;6.249
9959;9958;4.326
9956;9959;3.145
9958;9960;11.427
9961;9955;35.324
9942;9961;16.317
9962;9953;14.935
9950;9962;14.079
9963;9962;4.217
9951;9963;13.273
9964;9957;7.080
9959;9965;5.011
9966;9964;2.885
9966;9961;4.367
9967;9965;6.224
9967;9955;11.710
9968;9963;15.250
9954;9968;14.074
9969;9966;1.969
9969;9962;10.123
9970;9967;6.231
9970;9957;13.026
9971;9969;2.022
9962;9971;9.678
9966;9972;5.460
9973;9968;4.660
9965;9974;8.451
9975;9970;18.847
9975;9964;9.793
9972;9975;12.455
9976;9971;7.330
9976;9973;4.354
9972;9977;8.689
9971;9977;7.605
9978;9976;1.476
9978;9973;5.403
9979;9977;6.937
9980;9978;2.714
9981;9975;27.577
9977;9981;12.347
9976;9981;28.017
9981;9982;6.868
9983;9980;19.947
9984;8910;8.972
9985;9926;30.812
9986;9983;10.005
9987;9985;12.098
9988;9984;19.154
9989;9986;23.921
9990;9989;0.314
9991;9990;15.490
9992;9987;19.212
9993;9992;3.931
9995;9994;8.992
9996;9991;9.640
9997;9996;17.251
9995;9998;21.570
10000;9999;5.400
9998;10000;7.933
9998;10001;8.111
10002;10000;9.258
10003;10000;4.820
10001;10003;9.919
10004;10003;2.127
10005;9988;36.836
10006;10004;5.364
10007;10004;2.725
10008;10007;5.866
10009;10005;0.984
10010;10007;3.253
10011;10010;7.973
10001;10012;16.531
10013;10010;5.086
10014;10013;2.590
10014;10015;6.102
10016;10013;10.462
10012;10017;7.708
10017;10018;6.990
10012;10018;8.650
10019;10014;5.795
10017;10019;8.019
10020;9995;44.491
10020;10016;7.951
10016;10019;13.400
10018;10021;2.193
10022;10021;9.291
10023;9993;4.548
10022;10023;17.087
10024;10019;1.943
10025;10024;13.460
10021;10025;3.144
10026;10025;4.414
10026;10022;6.092
10027;10020;6.945
10027;10028;10.117
10028;10029;4.760
10030;10025;3.556
10030;10026;4.789
10031;10030;6.231
10028;10032;9.507
10032;10024;7.538
10032;10031;6.285
10033;10030;3.374
10031;10034;4.242
10033;10034;6.489
10035;10032;5.100
10034;10035;4.886
10036;10033;4.620
10037;10027;11.667
10037;10038;16.452
10039;10035;6.049
10039;10036;11.086
10040;10039;1.851
10041;10040;2.359
10042;10041;1.882
10043;10022;8.755
10044;10041;5.401
10045;10040;4.724
10046;10042;13.724
10046;10042;9.960
10047;10045;13.516
10047;10036;12.454
10047;10043;7.208
10048;10046;2.157
10049;10045;2.790
10050;10027;36.155
10051;10037;12.536
10051;10048;2.682
10047;10052;4.373
10053;10049;4.884
10053;10047;11.614
10054;10051;23.230
10055;10053;2.267
10056;10054;5.922
10057;10055;2.606
10058;10049;12.355
10058;10057;4.966
10048;10058;12.229
10059;10050;9.269
10059;10056;9.117
10060;10053;4.246
10057;10061;8.273
10061;10055;5.176
8943;10009;23.877
10061;10062;14.530
10062;10043;13.255
10063;10062;5.789
10064;9997;106.897
10065;10064;3.982
10066;10065;19.183
10067;10066;5.046
10068;10067;14.075
10069;10063;58.096
10071;10070;0.293
10073;10071;29.271
10081;10080;11.206
10080;10085;2.037
10087;10073;9.160
10090;10068;17.556
10091;10081;10.187
10092;10091;10.034
10085;10093;19.030
10070;10092;57.303
10095;10090;13.028
10093;10095;22.035
10096;10076;57.564
120;10096;27.184
10097;10094;18.235
3649;10097;5.246
10093;8553;32.972
10099;10098;1.807
10101;10100;0.537
10103;10102;0.619
10105;10104;0.507
10111;10117;7.253
10115;10117;13.695
10118;10114;4.387
10117;10118;5.740
10119;10108;16.035
10119;10113;6.598
10120;10119;2.935
10118;10121;8.140
10121;10120;4.338
10122;10112;8.168
10123;10120;6.065
10121;10123;5.502
10107;10124;25.550
10125;10110;25.305
10126;10109;31.056
10126;10110;39.488
10127;10126;6.210
10128;10123;14.804
10129;10116;11.910
10130;10122;22.543
10124;10131;16.637
10131;10130;9.691
10133;10132;16.611
10106;10134;141.099
10135;10132;87.408
10132;10135;30.483
10137;10136;49.263
10135;10136;9.685
10138;10134;6.305
10136;10138;4.597
10139;10138;5.145
10140;10139;6.771
10141;10139;1.616
10141;10142;3.520
10144;10143;9.055
10144;10140;2.851
10146;10145;21.926
10145;10147;4.741
10148;10141;2.227
10149;10148;4.864
10150;10149;9.812
10147;10150;9.445
10140;10151;11.339
10148;10151;2.657
10151;10152;2.029
10153;10145;7.341
10154;10144;13.598
10155;10152;3.618
10156;10150;9.002
10156;10147;13.267
10157;10148;3.231
10158;10154;8.381
10159;10149;11.922
10160;10159;1.973
10152;10161;9.900
10160;10162;9.858
10163;10157;1.487
10159;10163;3.937
10164;10157;7.731
10162;10160;3.718
10165;10156;6.350
10165;10166;8.087
10167;10154;15.804
10168;10163;1.689
10169;10165;5.343
10170;10169;2.982
10172;10171;5.183
10171;10168;3.959
10162;10173;7.724
10174;10173;2.185
10175;10174;4.799
10169;10174;13.356
10176;10168;1.824
10173;10176;6.016
10177;10129;38.966
10178;10176;3.310
10179;10171;12.234
10180;10178;18.188
10181;10177;13.201
10182;10180;4.582
10183;10182;34.712
10184;10183;2.580
10185;10184;8.011
3999;10185;4.282
10185;10099;5.999
10098;5248;1.856
10100;10181;66.186
10186;10101;7.096
10187;10186;15.827
10188;10187;1.519
10189;10187;3.634
10191;10190;0.630
5295;10191;0.535
10192;10188;17.114
10193;10192;5.984
10190;10193;64.185
10194;10189;11.400
10196;10195;25.285
10198;10197;5.582
10198;10194;1.063
10199;10198;1.504
10188;10199;43.073
10200;10194;19.248
10195;10201;8.795
10201;10200;7.400
10202;10198;2.912
10203;10202;5.532
10204;10201;10.900
10201;10205;10.092
10205;10200;13.554
10205;10206;10.224
10206;10202;3.266
10207;10205;2.712
10204;10208;8.278
10208;10207;5.812
10209;10199;26.015
10210;10207;4.268
10211;10206;3.188
10213;10212;6.520
10213;10204;11.370
10214;10208;10.742
10215;10210;7.689
10215;10211;1.363
10216;10210;7.606
10217;10214;2.767
10219;10218;37.066
10218;10195;37.670
10218;10220;2.288
10220;10221;7.076
10221;10213;5.539
10222;10211;9.018
10223;10215;1.410
10224;10214;6.129
10224;10216;3.192
10225;10222;22.249
10222;10223;15.470
10226;10221;3.466
10226;10217;8.379
10227;10216;9.432
10227;10223;1.397
10228;10217;9.252
10220;10229;11.888
10229;10226;5.298
10229;10228;2.801
10230;10228;8.990
10230;10224;10.872
10229;10231;12.421
10231;10230;7.241
10231;10232;7.688
10232;10227;7.496
10233;10232;10.366
10234;10232;3.991
10235;10234;0.497
10236;10235;7.696
10237;3300;12.931
10238;10237;0.458
10239;10236;40.308
10240;10238;24.926
10241;10240;3.675
10242;10241;0.495
10243;10242;1.091
10244;10243;0.819
10245;10244;19.185
10246;10245;10.881
10248;10247;9.253
10247;10249;8.197
10250;10249;6.448
10251;10250;3.269
10249;10252;10.524
10251;10252;6.322
10253;10247;18.059
10254;10250;10.347
10254;10253;4.388
10255;10251;4.353
10255;10254;3.089
10257;10256;14.849
10252;10256;10.189
10258;10253;8.932
10259;10258;8.744
10260;10254;8.123
10258;10260;2.693
10261;10252;15.662
10261;10255;9.971
10262;10261;10.166
10263;10262;4.899
10264;10262;4.899
10264;10263;3.459
10265;10263;5.932
10266;10246;26.999
10266;10239;64.652
10267;10259;30.852
10268;10264;5.566
10268;10265;8.268
10269;10265;4.248
10269;10260;25.108
10256;10270;31.175
10270;10268;2.963
10270;10271;16.229
10271;10269;4.662
10272;10266;5.253
10273;10271;1.910
10274;10105;6.037
10275;10273;1.167
10104;10275;1.675
10276;10272;6.530
10277;10276;0.269
10277;10278;2.305
10278;10279;18.286
10279;10280;1.701
10280;10281;4.715
10281;10282;15.899
10282;10274;35.637
10283;10277;11.005
10285;10284;4.123
10102;10283;41.526
10286;10103;0.479
10287;10285;6.390
10288;10287;4.516
10286;10284;33.116
7581;10288;26.408
10290;10289;3.501
10292;10291;23.276
10294;10293;16.089
10292;10293;2.173
10295;10293;6.451
10291;10296;8.297
10297;10292;17.405
10299;10298;3.166
10298;10295;1.339
10300;10295;12.436
10302;10301;8.597
10303;10302;4.737
10304;10302;9.586
10305;10297;11.505
10307;10306;4.840
10309;10308;9.727
10308;10310;1.209
10291;10290;8.299
10297;10300;8.340
10298;10303;6.386
10312;10311;12.662
10311;10307;4.209
10299;10301;1.319
10301;10309;12.909
10310;10313;44.311
4900;10314;0.633
10314;10315;5.429
10315;10316;2.920
10316;10317;28.965
10317;10318;6.000
10320;10319;11.335
10320;10321;8.573
10321;10322;4.968
10320;10323;6.560
10322;10323;6.118
10322;10324;8.527
10324;10325;9.687
10326;10325;15.638
10328;10327;7.480
10329;10327;3.956
10323;10329;8.305
10330;10329;5.135
10324;10330;5.607
10327;10331;13.418
10332;10330;5.199
10329;10333;6.967
10334;10333;18.020
10318;10335;40.349
10335;10336;18.257
10336;10337;6.052
10338;10326;29.067
10339;10334;13.341
10340;10339;0.390
10342;10341;6.276
10343;10341;7.915
10345;10344;9.362
10341;10344;0.621
10346;10344;9.060
10347;10339;45.056
10326;10347;27.468
10338;10347;16.253
10349;10348;23.463
10350;10343;8.133
10351;10346;7.103
10343;10352;7.868
10350;10352;3.017
10348;10340;30.943
10353;10351;8.382
10352;10353;0.978
10354;10350;2.847
10351;10355;5.422
10353;10355;1.605
10356;10354;0.627
10356;10349;4.199
10355;10357;6.412
10358;10356;3.109
10359;10338;51.033
10360;10358;3.644
10337;10361;24.229
10361;10362;9.994
10360;10363;20.437
10364;10359;23.244
10365;10364;1.552
10366;10340;39.100
10367;10365;6.135
10368;10367;7.774
10369;10368;2.813
10370;10366;7.671
10371;10369;8.921
10373;10372;14.964
10369;10372;21.740
10372;10371;6.374
10374;10368;19.625
10375;10371;11.382
10372;10376;11.784
10362;10377;55.640
10378;10370;50.312
10363;10379;98.360
3949;9182;4.012
10381;10380;2.414
10382;8971;0.584
10381;10382;15.272
10380;10383;1.702
10383;8985;11.191
3552;3559;9.912
3599;3595;23.520
4289;4291;44.592
4304;4300;15.662
4306;4304;23.352
222;4410;140.413
4593;4591;7.019
5537;5527;24.511
3087;3079;22.776
71;63;37.416
925;930;23.664
927;923;13.920
1303;1324;333.372
8868;8849;288.960
10386;8791;733.968
9463;9457;50.064
9882;2264;370.336
3894;3913;23.220
526;2541;426.732
500;526;11.004
5610;5606;22.608
